3.032634735107421875e+01 -2.742912864685058594e+01 -1.413112926483154297e+01 2.295460030654146166e-01 -2.014759145904094217e-01 -9.522164083424790038e-01
-1.888342475891113281e+01 -5.848744964599609375e+01 1.434153556823730469e+01 -7.760484102209777024e-01 -4.269995090627528578e-01 4.641339076749954606e-01
-3.886847019195556641e+00 3.306540012359619141e+00 -1.676603317260742188e+01 -7.482913765610442747e-01 6.624760576894029862e-01 -3.443092727017556948e-02
2.390469360351562500e+01 -5.695026779174804688e+01 1.624994659423828125e+01 1.615309195606606796e-01 -6.623115193447116633e-01 7.316086476861702881e-01
5.878388214111328125e+01 -3.003148841857910156e+01 1.704508209228515625e+01 6.808698929526574295e-01 -6.375069439465587406e-02 7.296245869177080401e-01
-7.559926986694335938e+00 -3.511834335327148438e+01 -1.427635002136230469e+01 -1.333074509503278660e-01 -2.357269494873441562e-01 -9.626328109962370982e-01
2.252771759033203125e+01 -1.684962034225463867e+00 -1.528500270843505859e+01 5.766073733500279852e-01 8.125119406693043222e-01 8.572212822942706922e-02
1.434855270385742188e+01 -4.628127288818359375e+01 -5.560893058776855469e+00 2.285087793859353344e-01 -7.876123971804008805e-01 -5.722328630472846012e-01
4.030535888671875000e+01 -4.182013320922851562e+01 4.280046939849853516e+00 4.737435187027006500e-01 -6.423818707931474581e-01 -6.024222859120337281e-01
4.891662216186523438e+01 -2.041529655456542969e+01 -1.855445981025695801e+00 6.168460223067449011e-01 7.838147039102439928e-01 -7.166236598412933922e-02
9.036967277526855469e+00 -1.970664978027343750e+01 -1.217489910125732422e+01 7.087922337711474209e-03 8.598513170866395328e-02 9.962712072934650775e-01
2.802957057952880859e+00 -5.824128341674804688e+01 9.322975158691406250e+00 7.506380388884843768e-02 -8.269220658637480570e-01 -5.572838794845655919e-01
-1.885458564758300781e+01 -4.531235885620117188e+01 -9.647629857063293457e-01 -9.660823520454066005e-01 -1.923933556702159611e-02 -2.575164791491109106e-01
-8.283624649047851562e+00 -1.720105361938476562e+01 -1.642023468017578125e+01 -9.033978232678562259e-01 3.664476966292838922e-01 -2.226846616855131800e-01
3.568716430664062500e+01 -1.158851623535156250e+01 -1.041805458068847656e+01 5.184285179883802996e-01 7.968070359948458137e-01 3.103714212447405973e-01
-2.420386075973510742e+00 -4.858763885498046875e+01 -3.872703075408935547e+00 -4.408316703655337093e-02 -6.509032129844409820e-01 -7.578797277342618210e-01
8.307572364807128906e+00 -3.529759597778320312e+01 -1.542747402191162109e+01 2.801526998778973085e-02 -2.383603797652454337e-01 -9.707726170456596471e-01
2.874482727050781250e+01 -4.050924301147460938e+01 -5.959338188171386719e+00 3.658296602568610889e-01 -7.511171898601279873e-01 -5.495376481852484174e-01
3.777646255493164062e+01 -5.079171752929687500e+01 1.626016426086425781e+01 2.568102364537722671e-01 -4.161701524610607605e-01 8.722676806193698784e-01
8.092639923095703125e+00 -4.676184177398681641e+00 -1.232644081115722656e+01 -8.139820484517617735e-03 1.294322966265336050e-01 9.915548516912520149e-01
4.995259857177734375e+01 -4.207506179809570312e+01 1.590200138092041016e+01 4.647305933018965329e-01 -5.201898127562843976e-01 7.165389273122912961e-01
2.330301094055175781e+01 -4.710050964355468750e+01 5.706070899963378906e+00 -3.083400995705736780e-01 8.070493189029280812e-01 5.035849281453214088e-01
2.218257713317871094e+01 -1.595236206054687500e+01 -1.598280239105224609e+01 8.206951121719049946e-02 1.913002529798791054e-02 -9.964429925794400233e-01
4.060391998291015625e+01 -3.132895469665527344e+01 -5.259019851684570312e+00 5.850640154161738105e-01 -5.461524049992155794e-01 -5.995145105655709239e-01
4.789689636230468750e+01 -3.051922607421875000e+01 7.983920097351074219e+00 -6.939581896960930196e-01 4.883673586513833098e-01 5.290740533777785748e-01
-9.243671417236328125e+00 -5.189644622802734375e+01 7.404308795928955078e+00 1.783310973173010128e-01 8.419373728736514462e-01 5.092538462183878734e-01
2.070508003234863281e+01 -3.541588973999023438e+01 -1.402309226989746094e+01 1.652282408111481471e-01 -3.436506824846684571e-01 -9.244478551363916052e-01
1.146423530578613281e+01 -5.039174652099609375e+01 5.641537189483642578e+00 -1.709251925224823110e-01 8.828600523754781548e-01 4.374273728068700517e-01
-7.874300330877304077e-02 -2.605875587463378906e+01 -1.680194282531738281e+01 -2.387144351202978576e-02 -1.226856910603530415e-01 -9.921584426862958273e-01
1.235594081878662109e+01 -5.949120330810546875e+01 1.622458076477050781e+01 1.200691677273110353e-01 -4.229324390845971560e-01 8.981712236156446094e-01
-7.330440044403076172e+00 -6.089396286010742188e+01 1.478295898437500000e+01 -1.143432208297062991e-01 -7.260575723793635250e-01 6.780604909894650811e-01
-3.270415067672729492e+00 -7.467261791229248047e+00 -1.225298404693603516e+01 7.095862540330240276e-02 1.932722445394500499e-01 9.785758595896165701e-01
-1.743903732299804688e+01 -3.742050170898437500e+01 -9.069298744201660156e+00 -9.386548242065233527e-01 2.618584748553850483e-01 2.244042337841077039e-01
4.141468048095703125e+01 -2.128441810607910156e+01 -1.022745609283447266e+01 6.865854617654424397e-01 -2.146034593182889472e-01 -6.946551366980292519e-01
8.272439837455749512e-01 -3.938615798950195312e+01 -8.688286781311035156e+00 9.223509136104815487e-02 5.660237999700022948e-01 8.192128818500952203e-01
1.716346931457519531e+01 -2.549990653991699219e+01 -1.633338737487792969e+01 1.528385614944308413e-01 -1.120976387338851327e-01 -9.818729518173929804e-01
3.330619430541992188e+01 -4.856985092163085938e+01 7.297821998596191406e+00 3.723479511466064040e-01 -7.936122621307803993e-01 -4.811824816767437119e-01
-9.806321144104003906e+00 -4.167762374877929688e+01 -3.928203105926513672e+00 2.864397808690746228e-01 6.930359668186303335e-01 6.615537775808121301e-01
1.517686009407043457e+00 -1.503996562957763672e+01 -1.692274093627929688e+01 3.904849172678026559e-02 7.209895891542816848e-02 -9.966328087200295727e-01
-9.990993499755859375e+00 -2.578328323364257812e+01 -1.155139923095703125e+01 -5.944920781737865756e-01 3.046561463219367161e-01 7.441530766561939014e-01
1.329539203643798828e+01 -1.200332355499267578e+01 -1.631473731994628906e+01 6.143207986370595453e-02 9.764634449106915359e-02 -9.933233567027157651e-01
-1.878746032714843750e+01 -5.295433807373046875e+01 6.409603118896484375e+00 -9.729933657279545844e-01 -9.109347182730292980e-02 -2.120987733105387518e-01
5.588147735595703125e+01 -2.583439445495605469e+01 9.198092460632324219e+00 7.714156381091292758e-01 5.756923946069439912e-01 -2.711017891353867948e-01
2.302834033966064453e+00 -5.055425643920898438e+01 3.944103956222534180e+00 -2.568845726778467772e-02 8.347948912907673380e-01 5.499614465015136844e-01
2.681758689880371094e+01 -9.114377975463867188e+00 -1.159930992126464844e+01 -3.198114703136227810e-01 5.739711674781867307e-02 9.457410821386983413e-01
2.969070816040039062e+01 -1.862430572509765625e+01 -1.130118370056152344e+01 -1.450673736913793421e-02 -5.079502925264617330e-02 9.986037350091003795e-01
1.897836112976074219e+01 -5.464881896972656250e+01 8.776689529418945312e+00 1.490496747002016398e-01 -8.582940072271953991e-01 -4.910352244286017021e-01
3.472434616088867188e+01 -3.635923385620117188e+01 -4.194160103797912598e-01 -4.880551384010211602e-01 6.324822340078058991e-01 6.014718659628688346e-01
5.728363990783691406e+00 -4.472146987915039062e+01 -3.283303022384643555e+00 -3.626849366047146805e-02 7.785628832473165950e-01 6.265177038178774138e-01
4.146586608886718750e+01 -4.311198425292968750e+01 1.311780166625976562e+01 -4.424029843148178376e-01 6.298023538426901213e-01 6.384579818308721011e-01
1.981876182556152344e+01 -3.928067779541015625e+01 -6.050848007202148438e+00 -1.907924865818658167e-01 7.539864987976141464e-01 6.285718627928107427e-01
1.403182888031005859e+01 3.521879911422729492e-01 -1.641555404663085938e+01 3.230966899908301881e-01 8.373328179639637492e-01 -4.410014522396690784e-01
3.340611267089843750e+01 -3.396916580200195312e+01 -9.271224975585937500e+00 4.156487369035494206e-01 -6.789710715475987257e-01 -6.051730426183815625e-01
8.730384826660156250e+00 -4.275294876098632812e+01 -1.109284400939941406e+01 7.220780485357861100e-02 -6.509444320429592645e-01 -7.556833856255519288e-01
-1.131510925292968750e+01 -4.939706039428710938e+01 -5.235919952392578125e-01 -2.189543717370057430e-01 -7.332867252679839964e-01 -6.436999002974983508e-01
5.371772003173828125e+01 -3.509980010986328125e+01 1.235221385955810547e+01 6.058097138513280910e-01 -5.681030332882809342e-01 -5.570040701575046382e-01
4.428126144409179688e+01 -2.697565078735351562e+01 1.105255961418151855e+00 -6.649556291634853844e-01 4.057990175609978434e-01 6.270256522585995196e-01
8.417126655578613281e+00 -2.688009452819824219e+01 -1.666445350646972656e+01 -1.998872964260235696e-02 -1.065865064030906417e-01 -9.941024933778501715e-01
4.726983642578125000e+01 -3.912451171875000000e+01 8.394131660461425781e+00 6.783824697540130622e-01 -5.716437978237768336e-01 -4.615415399940230312e-01
2.949401092529296875e+01 -4.229765701293945312e+01 2.565950870513916016e+00 -4.050712906617295328e-01 6.911507314970420923e-01 5.985214414143776862e-01
2.950709342956542969e+01 -5.098069000244140625e+01 1.443695926666259766e+01 -2.706099406406279329e-01 6.932158891770648923e-01 6.679984962699595519e-01
1.630980014801025391e+00 -3.003433942794799805e+00 -1.732844734191894531e+01 1.669411549885538859e-01 8.058016442987846195e-02 -9.826685544330506783e-01
2.336819458007812500e+01 -4.571007537841796875e+01 -2.390805959701538086e+00 3.139583039351443450e-01 -7.341264969765887161e-01 -6.020701535760182299e-01
4.437829589843750000e+01 -3.511063385009765625e+01 1.876569986343383789e+00 6.253179804098282224e-01 -5.362693296468273862e-01 -5.669150107876100853e-01
-1.277665615081787109e+01 -5.896852493286132812e+01 9.106023788452148438e+00 -3.903462873748187456e-01 -7.402710331878261663e-01 -5.473833879062497410e-01
3.133859932422637939e-01 -3.399810028076171875e+01 -1.552450752258300781e+01 -6.773714659175833486e-02 -1.695981195030079325e-01 -9.831826670729352236e-01
-2.295975923538208008e+00 -2.010877418518066406e+01 -1.189304733276367188e+01 6.324459839276376505e-02 9.207579292861217679e-02 9.937415001551989091e-01
3.531416702270507812e+01 -2.599139213562011719e+01 -8.064530372619628906e+00 -5.637458915102497858e-01 3.228347583228302065e-01 7.602422565366605545e-01
2.352911567687988281e+01 -2.366873168945312500e+01 -1.186395454406738281e+01 5.586163132964822031e-02 -9.975649746991052669e-02 9.934425596670027891e-01
-1.518565940856933594e+01 -3.134965896606445312e+01 -1.356885719299316406e+01 -6.227362254091883820e-01 -3.324349598321314769e-02 -7.817253120744720452e-01
1.905595588684082031e+01 -8.225214004516601562e+00 -1.253434085845947266e+01 -1.618209740711637756e-01 7.628500619520260650e-02 9.838671506765827024e-01
1.770192718505859375e+01 -4.998428344726562500e+01 9.109609723091125488e-01 2.059158515293408320e-01 -8.619778179045621824e-01 -4.632417333633013778e-01
4.968421173095703125e+01 -2.335520362854003906e+01 5.292517185211181641e+00 -7.751947066839079969e-01 3.137370384899363929e-01 5.483085239250015119e-01
1.426683616638183594e+01 -3.147964096069335938e+01 -1.232043743133544922e+01 -7.509919935135128677e-02 1.200707139664652090e-01 9.899207715288983467e-01
1.035446548461914062e+01 -5.707116699218750000e+01 9.265462875366210938e+00 2.042978854187900151e-01 -8.532621886039989390e-01 -4.797978861063528777e-01
-6.198500156402587891e+00 -4.167997360229492188e+01 -1.064865684509277344e+01 -1.706133740665794485e-01 -6.084321684400662011e-01 -7.750492713350140006e-01
2.606431198120117188e+01 -3.199916458129882812e+01 -9.755744934082031250e+00 -3.326583961988780480e-01 5.076932959406074142e-01 7.947237939657734174e-01
-3.088666915893554688e+00 -5.561403656005859375e+01 5.308872222900390625e+00 -2.548405700252065476e-02 -8.162755368038023818e-01 -5.771003473004991946e-01
1.645360946655273438e+01 -1.916198158264160156e+01 -1.240494823455810547e+01 1.910198085319651448e-02 -5.380276299883084146e-02 9.983688581988000577e-01
6.759253025054931641e+00 -1.197196960449218750e+01 -1.269947052001953125e+01 7.628471169005450470e-02 -6.313684994980815757e-02 9.950851124103810008e-01
1.556350326538085938e+01 -4.029021835327148438e+01 -1.207476043701171875e+01 1.666663605253253244e-01 -6.853203943747222526e-01 -7.089134512218805417e-01
5.145314216613769531e+00 -6.033466339111328125e+01 1.588689517974853516e+01 -7.043832181703846285e-02 -3.518101306924226179e-01 9.334174172157811977e-01
7.850909233093261719e+00 -5.099433135986328125e+01 -5.568140149116516113e-01 2.135201470884140473e-01 -7.519651738129892182e-01 -6.236645926776209770e-01
4.346154785156250000e+01 -1.700341796875000000e+01 -4.908995151519775391e+00 1.443896627081006634e-01 8.176847619392332289e-01 5.572640804819743998e-01
-3.849915027618408203e+00 -2.950783538818359375e+01 -1.184177303314208984e+01 9.724110885166004081e-02 -3.934551460595339667e-02 9.944828290270737448e-01
-4.750586986541748047e+00 -4.925657272338867188e+01 2.692661046981811523e+00 7.428743384412951622e-02 7.619236861146493345e-01 6.433923171054495294e-01
3.631140136718750000e+01 -1.783932876586914062e+01 -1.353120708465576172e+01 2.471057115474667165e-01 -3.176587570291303231e-02 -9.684677054303088006e-01
-1.060214042663574219e+01 -3.621415328979492188e+01 -8.136019706726074219e+00 2.568474021609967184e-01 5.723537950165972221e-01 7.787429263455600825e-01
2.560103988647460938e+01 -5.273746109008789062e+01 8.953598976135253906e+00 3.032486092263533273e-01 -8.061007130100674711e-01 -5.081750894002413643e-01
4.472403717041015625e+01 -2.491512107849121094e+01 -5.428042888641357422e+00 5.654782896331711495e-01 -2.061264056760147845e-01 -7.985901382039666263e-01
3.816056013107299805e+00 -2.915717697143554688e+01 -1.211439704895019531e+01 5.171776177050110140e-02 4.966431413690829133e-02 9.974260519049821250e-01
-3.081695079803466797e+00 -5.623324966430664062e+01 1.216643905639648438e+01 2.755681021781097601e-03 7.222870212055435557e-01 6.915879302157670327e-01
7.229516983032226562e+00 8.073729872703552246e-01 -1.633425140380859375e+01 -4.912943861818983571e-01 8.683774291542279977e-01 6.745714670548463854e-02
4.519954204559326172e+00 -2.112648010253906250e+01 -1.700128936767578125e+01 4.859200798093862850e-02 1.764771569953675970e-02 -9.986627933847184169e-01
-6.216034889221191406e+00 -2.352011299133300781e+01 -1.659790611267089844e+01 -7.284927614839217802e-02 -5.356380827319751070e-02 -9.959035602948347332e-01
2.298888587951660156e+01 -2.930206871032714844e+01 -1.530779933929443359e+01 7.125402679652953486e-02 -1.035939188427206503e-01 -9.920640925081842809e-01
1.754181480407714844e+01 -5.555268859863281250e+01 1.519131278991699219e+01 -1.981150335024443598e-01 7.406830305461662434e-01 6.419805929786914778e-01
-5.368961811065673828e+00 -3.090398073196411133e+00 -1.668829345703125000e+01 -6.721371260454207519e-01 2.904308786048245480e-02 -7.398568664538637263e-01
-6.677944183349609375e+00 -1.084466266632080078e+01 -1.674970436096191406e+01 -3.187102559988045924e-01 3.778118724105348353e-02 -9.470989149037353227e-01
-1.549797725677490234e+01 -4.773399734497070312e+01 4.203954219818115234e+00 2.889188657993119747e-01 7.553666077287318759e-01 5.881727441097787112e-01
3.625199508666992188e+01 -4.311790084838867188e+01 9.232030868530273438e+00 -4.593576439046882509e-01 7.045325473921485449e-01 5.409477282062137293e-01
3.095460128784179688e+01 -1.316551399230957031e+01 -1.436231994628906250e+01 2.412628091885885839e-01 -2.734718662228443828e-02 -9.700744240965621934e-01
-3.339320898056030273e+00 -1.385337829589843750e+01 -1.226564025878906250e+01 -6.106438035227035321e-03 -6.513346223536277402e-02 9.978578774112857319e-01
-1.547219085693359375e+01 -5.387441635131835938e+01 1.170265483856201172e+01 2.431098756896906687e-01 6.745084507082061975e-01 6.970910545010302606e-01
1.130002021789550781e+00 1.796517014503479004e+00 -1.326010322570800781e+01 1.769788413479647105e-01 6.603586917585350102e-01 7.297978404558950194e-01
-1.596549892425537109e+01 -4.036845016479492188e+01 -3.638784885406494141e+00 -6.016885560221906237e-01 7.199930968593156733e-01 3.458046009336246396e-01
1.245149040222167969e+01 -2.503242683410644531e+01 -1.218635654449462891e+01 -3.461813738221772990e-02 5.279586041934088841e-02 9.980051010324383354e-01
2.451778793334960938e+01 -3.871551895141601562e+01 -1.025256156921386719e+01 3.076957704644057712e-01 -6.581714174345959512e-01 -6.871198571650003473e-01
1.474164962768554688e+00 -4.556410217285156250e+01 -7.845180988311767578e+00 4.741977015650408571e-03 -7.130805901516590328e-01 -7.010660351229008880e-01
6.994874000549316406e+00 -5.464989089965820312e+01 4.559221267700195312e+00 8.172348569760159998e-02 -7.843349116353242056e-01 -6.149309052856605229e-01
1.237680053710937500e+01 -4.671062850952148438e+01 3.616540133953094482e-01 -1.754587209173062989e-01 8.443109467641163324e-01 5.063134033662791689e-01
1.462227916717529297e+01 -5.902552127838134766e+00 -1.632575035095214844e+01 -3.476146257082089741e-02 4.816107203634191480e-02 -9.982345174658345810e-01
-3.340982913970947266e+00 -4.253649902343750000e+01 -5.179296016693115234e+00 1.235267117588853825e-01 7.824156185538935215e-01 6.103826269848819930e-01
3.211097955703735352e+00 -9.001473426818847656e+00 -1.685198211669921875e+01 3.764511353197391164e-01 -4.937906399328818030e-01 -7.838720218448638200e-01
-8.057219982147216797e-01 -6.145150375366210938e+01 1.458673191070556641e+01 2.017804663597089210e-02 -9.450751959345025099e-01 3.262295517933934130e-01
5.362836456298828125e+01 -2.914138984680175781e+01 1.384046554565429688e+01 -6.860228672547177275e-01 3.293843335597467781e-01 6.487515598509319137e-01
4.184573173522949219e+00 -3.951220321655273438e+01 -1.381837463378906250e+01 -4.934643775320510239e-02 -5.117260029697393575e-01 -8.577303929357308343e-01
3.530736541748046875e+01 -4.230628585815429688e+01 8.823300004005432129e-01 4.425179490396689563e-01 -6.661914738011253112e-01 -6.003055763629133734e-01
1.266890239715576172e+01 -2.102193260192871094e+01 -1.679978942871093750e+01 1.083684016686655149e-01 3.544910445934043586e-02 -9.934785606709435335e-01
4.042764282226562500e+01 -1.537298488616943359e+01 -9.836061477661132812e+00 6.233679687275327508e-01 7.601891638647189087e-01 -1.830978173195115521e-01
-1.293959522247314453e+01 -5.875024032592773438e+01 1.509202003479003906e+01 1.079982990134507360e-02 1.884665625339561335e-01 9.820202230507967256e-01
8.633880615234375000e+00 -1.592838191986083984e+01 -1.678810691833496094e+01 -6.544182387078030169e-04 1.209800443672768150e-01 -9.926547237593041917e-01
1.771755027770996094e+01 -4.434569931030273438e+01 -1.064018011093139648e+00 -2.634472699392552131e-01 7.502732162944240057e-01 6.063708740307151013e-01
1.078164958953857422e+01 -3.723252868652343750e+01 -1.034506130218505859e+01 -1.057805894143960534e-01 6.168670502521955701e-01 7.799266050188942145e-01
3.477302551269531250e+01 -2.355867958068847656e+01 -1.348745059967041016e+01 3.648939466271912124e-01 -1.007875301748211855e-01 -9.255778095201354638e-01
3.887208938598632812e+01 -4.807513809204101562e+01 1.113315391540527344e+01 4.287290085582332599e-01 -7.191091652915861943e-01 -5.468760788463072897e-01
2.872283744812011719e+01 -4.805508804321289062e+01 3.656563043594360352e+00 2.997080045467148124e-01 -7.517797088356507063e-01 -5.873690333969018296e-01
2.314863920211791992e+00 -5.654420852661132812e+00 -1.212637424468994141e+01 -5.135399958332573581e-03 1.045505459176566954e-01 9.945063152215716240e-01
-8.900839805603027344e+00 -5.564958190917968750e+01 1.199463367462158203e+01 8.390294265866016232e-02 6.612175714097111578e-01 7.454875045715128046e-01
4.973017501831054688e+01 -2.864914131164550781e+01 2.765547037124633789e+00 6.728953266193109517e-01 -3.410124831813062807e-01 -6.564467729590955924e-01
-2.840403079986572266e+00 -3.537148284912109375e+01 -1.080236721038818359e+01 1.060982850648302667e-01 4.545399876486769797e-01 8.843848446997737422e-01
2.794286727905273438e+01 -4.741727066040039062e+01 9.443783760070800781e+00 -3.174006589860997041e-01 8.005548371542812180e-01 5.082998862719446675e-01
3.932319259643554688e+01 -3.270647430419921875e+01 2.475620061159133911e-01 -6.043798114120307874e-01 5.444358098085898545e-01 5.816482550095229964e-01
2.437556982040405273e+00 -2.350580215454101562e+01 -1.207181644439697266e+01 1.198679695250353672e-01 -8.469950914318082058e-02 9.891701891145171510e-01
4.207358169555664062e+01 -3.696189117431640625e+01 6.974925994873046875e+00 -5.920550130227349994e-01 6.282425173763100945e-01 5.047595476217620059e-01
1.710833740234375000e+01 -4.956689834594726562e+01 6.693994998931884766e+00 -2.448231054900166515e-01 8.869711134253609464e-01 3.915914847991457948e-01
1.382600021362304688e+01 -5.260851669311523438e+01 1.053876972198486328e+01 -1.730921988707410097e-01 8.338276616591244750e-01 5.241855791055001212e-01
4.284304428100585938e+01 -4.797921752929687500e+01 1.593236541748046875e+01 5.369946282542655824e-01 -7.096198198693871584e-01 4.561540096004874090e-01
3.498086547851562500e+01 -3.192699241638183594e+01 -4.091989994049072266e+00 -5.029246418279834652e-01 5.208676420970902443e-01 6.897562642400663080e-01
2.554511642456054688e+01 -1.468878173828125000e+01 -1.151779365539550781e+01 -2.922926335739426396e-01 7.977741644468622217e-02 9.529955824576628043e-01
3.559411048889160156e+00 -1.785728454589843750e+01 -1.238632869720458984e+01 4.948792735818011851e-02 6.074411939439285091e-02 9.969258232209611270e-01
-6.523005008697509766e+00 -4.552546310424804688e+01 -1.297836065292358398e+00 2.153235942178480522e-01 6.828185695550164080e-01 6.981364843953857813e-01
1.358946895599365234e+01 -4.075924301147460938e+01 -6.744874000549316406e+00 -1.842250585659481743e-01 7.315964949181477106e-01 6.563746616223494756e-01
4.847528457641601562e+01 -3.694665145874023438e+01 1.349848556518554688e+01 -6.024955542806067488e-01 3.972822281851243753e-01 6.922181290896440853e-01
3.042511367797851562e+01 -3.526027679443359375e+01 -4.606617927551269531e+00 -4.376027542630630540e-01 6.574563536402038277e-01 6.133962606011783558e-01
-1.335334205627441406e+01 -4.412715530395507812e+01 -2.438859939575195312e-01 2.920378558130842794e-01 6.957418576008352895e-01 6.562447396773823938e-01
1.833107185363769531e+01 -1.382998657226562500e+01 -1.237827110290527344e+01 -1.062109891402560347e-01 8.304987179406771169e-02 9.908692873335197548e-01
2.186538887023925781e+01 -5.248130035400390625e+01 1.323834514617919922e+01 -1.878781345818168746e-01 7.317676790093083916e-01 6.551472128486744984e-01
2.604262161254882812e+01 -2.002579116821289062e+01 -1.539578247070312500e+01 2.121086838509858852e-01 -4.115170851446395273e-02 -9.763792516851957926e-01
-8.299426078796386719e+00 -2.958329200744628906e+01 -1.535326862335205078e+01 -1.219456602613411544e-01 -1.881504796888258946e-01 -9.745402264331063380e-01
8.942276000976562500e+00 -8.441272735595703125e+00 -1.647531700134277344e+01 2.449237006720339505e-02 -3.242979197781923478e-02 -9.991738749590917124e-01
2.320206832885742188e+01 -1.039327716827392578e+01 -1.569565677642822266e+01 1.666373879928441104e-01 1.464086682892315992e-02 -9.859095424740650371e-01
-7.889488220214843750e+00 -2.054656028747558594e+01 -1.186788940429687500e+01 -9.352600562504427562e-02 -4.338641585393852168e-03 9.956073836914919317e-01
1.751625251770019531e+01 -2.503207921981811523e+00 -1.292875957489013672e+01 -2.307452261405225705e-02 -1.281974304636183254e-02 9.996515495883346869e-01
2.432503938674926758e+00 -5.041480636596679688e+01 -1.752877950668334961e+00 -1.250657230156128619e-01 -7.684041511213627329e-01 -6.276253862504607151e-01
-1.307408046722412109e+01 -4.120921707153320312e+01 -8.403899192810058594e+00 -3.557484149010234353e-01 -6.515275533236551952e-01 -6.700409782658824920e-01
3.359786605834960938e+01 -4.756086349487304688e+01 1.278333568572998047e+01 -3.380006102770797827e-01 6.816821760761810900e-01 6.488952136303395291e-01
5.341747283935546875e+01 -3.076829719543457031e+01 8.491198539733886719e+00 7.361023480544618414e-01 -4.080229797912667267e-01 -5.400653489634040794e-01
-1.370129776000976562e+01 -5.298215103149414062e+01 4.237171173095703125e+00 -2.196594647231529251e-01 -7.555742846962887338e-01 -6.171363057406600294e-01
5.993316173553466797e+00 -5.376511764526367188e+01 9.910238265991210938e+00 -1.149353221394881358e-01 8.282547290322628264e-01 5.484377590578397577e-01
3.988281250000000000e+01 -3.817051696777343750e+01 1.797419935464859009e-01 5.804779827106414380e-01 -5.950861458665279713e-01 -5.558037338718636589e-01
3.944412994384765625e+01 -2.602023315429687500e+01 -4.395491123199462891e+00 -6.560398184766346175e-01 4.182517076482917817e-01 6.282334483473736020e-01
2.070916175842285156e+01 -2.130686759948730469e+01 -1.626836967468261719e+01 1.368155428070772228e-01 -1.008708255305132834e-01 -9.854474028598367852e-01
2.419374465942382812e+01 -4.031309127807617188e+01 -2.964781045913696289e+00 -3.364286984378906387e-01 6.550834128122027256e-01 6.765215836362532542e-01
-2.975389957427978516e+00 -1.833964729309082031e+01 -1.699909973144531250e+01 -2.374562346161460114e-02 -3.864889787922780318e-02 -9.989706742738447831e-01
3.089994049072265625e+01 -2.915752410888671875e+01 -9.011973381042480469e+00 -4.266363601376409465e-01 4.748878225569915235e-01 7.697161633976413730e-01
6.941570043563842773e-01 -5.331216430664062500e+01 8.455931663513183594e+00 -6.838516320514383129e-02 8.495160748904432291e-01 5.231117547485819586e-01
-1.051641082763671875e+01 -3.141349601745605469e+01 -1.075591850280761719e+01 2.100761380168847670e-01 3.244282839125756102e-01 9.222875391294473868e-01
4.223986148834228516e+00 -3.451808166503906250e+01 -1.177415847778320312e+01 2.679339862301777231e-02 2.436010370704516648e-01 9.695053628157135339e-01
1.405526995658874512e+00 -1.132069015502929688e+01 -1.230959606170654297e+01 5.024737632091835771e-02 -4.811026993422318904e-02 9.975773669744719685e-01
8.920507431030273438e+00 -3.089332199096679688e+01 -1.235181140899658203e+01 2.726517201170901641e-02 -6.241635574791411234e-02 9.976777079449663521e-01
1.357231140136718750e+01 -3.618632888793945312e+01 -1.486407566070556641e+01 5.912843614574632423e-02 -2.730524024150269846e-01 -9.601803026381767747e-01
-2.279088973999023438e+00 -2.233714103698730469e+00 -1.238135337829589844e+01 4.297952019581816746e-02 1.992948042509974094e-01 9.789965995049695335e-01
9.264104843139648438e+00 -4.610869979858398438e+01 -6.944598197937011719e+00 9.754627325084634648e-02 -7.651669791574785551e-01 -6.363994174902191103e-01
1.929837417602539062e+01 -4.452550125122070312e+01 -6.082334041595458984e+00 1.589799436836681623e-01 -7.884056513279439349e-01 -5.942574412327523703e-01
1.246123218536376953e+01 -1.565241050720214844e+01 -1.261565017700195312e+01 -2.055618146833002730e-02 9.837891315882241194e-02 9.949366979105404019e-01
1.866641998291015625e+01 -2.854400444030761719e+01 -1.231539630889892578e+01 2.516805257472232854e-02 -2.005753945233267402e-02 9.994819979572988622e-01
2.647990798950195312e+01 -5.130591869354248047e+00 -1.500383472442626953e+01 4.747201394145888487e-01 3.236270256917717081e-01 -8.184780616950528831e-01
4.661467742919921875e+01 -4.292277526855468750e+01 1.195194244384765625e+01 5.909025056938805864e-01 -6.535530209459612383e-01 -4.729721742101763993e-01
5.048340988159179688e+01 -3.504601669311523438e+01 7.966201782226562500e+00 6.924000345659288014e-01 -5.288484148166857635e-01 -4.908172228834063455e-01
1.776470375061035156e+01 -3.610496139526367188e+01 -9.784296035766601562e+00 -2.455219425101032027e-01 6.688552705218280270e-01 7.016777058174483717e-01
3.632469940185546875e+01 -2.086100196838378906e+01 -9.253623008728027344e+00 -4.931945234473087414e-01 2.028599615863961869e-01 8.459355755769749630e-01
8.520481109619140625e+00 -5.673963165283203125e+01 1.410625934600830078e+01 -1.439058416733271784e-01 7.536913226702919300e-01 6.412803590192023284e-01
5.408918857574462891e+00 -4.143590927124023438e+01 -7.262554168701171875e+00 -6.367165499310915031e-04 6.819114168620434846e-01 7.314344906724288276e-01
5.273287200927734375e+01 -3.778339004516601562e+01 1.664388275146484375e+01 -5.296653779507328602e-02 -1.729718022885533835e-01 9.835015513394235187e-01
-1.248553180694580078e+01 -3.568233489990234375e+01 -1.287248516082763672e+01 -2.560135751767858570e-01 -4.933712183240883120e-01 -8.312892939612567256e-01
-1.554840087890625000e+00 -1.095951271057128906e+01 -1.653751564025878906e+01 -3.360773144330907181e-02 7.105064718884346320e-02 -9.969063777112074920e-01
-1.927129983901977539e+00 -3.990304946899414062e+01 -1.297503852844238281e+01 -1.203905047249314852e-01 -5.277749728932947804e-01 -8.408089583012053891e-01
2.817660903930664062e+01 -4.390832519531250000e+01 -2.097978115081787109e+00 3.521025212691131223e-01 -7.378242022838080727e-01 -5.758812907537419479e-01
-8.570167541503906250e+00 -5.263160324096679688e+01 2.378810882568359375e+00 -1.466656674820475681e-01 -7.402696445728313979e-01 -6.561173944547266101e-01
4.413781738281250000e+01 -3.132291412353515625e+01 -1.579838991165161133e+00 6.210384753433189076e-01 -5.147696519282202177e-01 -5.910358852023663845e-01
1.017065811157226562e+01 -3.407660007476806641e+00 -1.680936241149902344e+01 1.762982765802859064e-01 -1.868802452305594330e-02 -9.841593750070395386e-01
-7.389085769653320312e+00 -4.537670135498046875e+01 -6.477180004119873047e+00 -1.645008013937693803e-01 -7.346802383075702325e-01 -6.581674815585614180e-01
7.386441230773925781e+00 -2.467211532592773438e+01 -1.217000484466552734e+01 -2.991915253755078954e-02 1.141484485611093946e-01 9.930130794720311016e-01
2.143624496459960938e+01 -5.186357116699218750e+01 5.320824146270751953e+00 2.749580787987503938e-01 -7.792916060910276554e-01 -5.631186798352252332e-01
3.115833854675292969e+01 -8.092155456542968750e+00 -1.401616859436035156e+01 6.794102462353120986e-01 6.930611337942471639e-01 -2.409729904663698019e-01
2.922543525695800781e+01 -3.683445358276367188e+01 -9.438535690307617188e+00 4.913941600560793321e-01 -6.477134785612451706e-01 -5.822362313982801796e-01
1.638137817382812500e+01 -1.613105201721191406e+01 -1.646417808532714844e+01 6.579924097976230790e-02 6.426496870294440278e-02 -9.957612533554901502e-01
3.017463111877441406e+01 -3.890843582153320312e+01 -1.121916055679321289e+00 -4.571196689565998894e-01 6.740519178233485009e-01 5.802547891501408373e-01
5.086023712158203125e+01 -2.646412658691406250e+01 9.112768173217773438e+00 -7.583844134048747243e-01 4.342589764773700511e-01 4.860784122478295499e-01
-4.766616821289062500e+00 -2.455664825439453125e+01 -1.189440917968750000e+01 -5.307057636317255404e-03 -6.332002254940971575e-02 9.979791630508059175e-01
4.319016647338867188e+01 -4.286853408813476562e+01 8.263848304748535156e+00 5.810694057797548551e-01 -7.032681169976570112e-01 -4.096001724625275009e-01
2.176435470581054688e+01 -1.896142959594726562e+01 -1.195538425445556641e+01 -1.285811203351550913e-01 2.870259850994966166e-02 9.912835398270934961e-01
1.315260410308837891e+01 -2.851982307434082031e+01 -1.623923301696777344e+01 2.451745314606658746e-02 -1.271937810652021272e-01 -9.915748265005359663e-01
-1.264582037925720215e+00 -5.242480468750000000e+01 9.632650017738342285e-01 -5.041903807368256808e-03 -8.380844860703964283e-01 -5.455171614295162286e-01
-7.599812984466552734e+00 -5.664082336425781250e+01 7.220753192901611328e+00 -6.030784847411781169e-02 -8.200051626383046965e-01 -5.691700068160218118e-01
1.488250637054443359e+01 -5.405939865112304688e+01 5.867633819580078125e+00 2.197831147691586551e-01 -8.171533893639271184e-01 -5.328749578591704950e-01
3.708288574218750000e+01 -3.059826660156250000e+01 -8.875660896301269531e+00 5.691978603816421067e-01 -4.965758004222913802e-01 -6.553062415175986422e-01
5.505639266967773438e+01 -3.333633422851562500e+01 1.682998085021972656e+01 -4.434396181059536146e-01 2.037978810286791842e-01 8.728274335641991177e-01
2.858549118041992188e+01 -2.347364425659179688e+01 -1.153991031646728516e+01 -1.569232147181392201e-01 7.551430354263398426e-02 9.847196020405990513e-01
3.206045532226562500e+01 -4.379612350463867188e+01 6.625051975250244141e+00 -4.174680732259241633e-01 7.900623351726825394e-01 4.489119227404438361e-01
1.235049724578857422e+01 -8.583106040954589844e+00 -1.280628967285156250e+01 7.995182280871557245e-02 1.236359103585273587e-02 9.967220513494532419e-01
1.074010848999023438e+01 -4.927290081977844238e-01 -1.279011535644531250e+01 1.653230660793238160e-01 8.041230107157577578e-01 5.710117927499894774e-01
1.444197177886962891e+01 -5.783156585693359375e+01 1.198595142364501953e+01 2.000686685650651386e-01 -8.253590921949711667e-01 -5.279724394224524220e-01
3.367280960083007812e+01 -5.350425338745117188e+01 1.539569664001464844e+01 3.845855589019460119e-01 -9.185514760697742753e-01 9.141735991657651272e-02
4.396691894531250000e+01 -2.117096138000488281e+01 -2.258599042892456055e+00 -7.520411409600925579e-01 3.161489790965079649e-01 5.783458699771946154e-01
2.489129257202148438e+01 -4.407551956176757812e+01 2.084348917007446289e+00 -3.357971489473640658e-01 7.808601962610318692e-01 5.267804368558163253e-01
4.853426742553710938e+01 -2.520941925048828125e+01 -6.983360052108764648e-01 7.329019582388017762e-01 -3.061983564072248143e-01 -6.075337736646776454e-01
1.859073448181152344e+01 -2.360365676879882812e+01 -1.200980377197265625e+01 -3.522704835964610148e-02 2.686238389669248772e-03 9.993757247337865524e-01
4.013334274291992188e+01 -2.594357299804687500e+01 -9.262325286865234375e+00 6.287020382672056096e-01 -3.450785497438330074e-01 -6.968891888854024108e-01
3.509039688110351562e+01 -3.668451309204101562e+01 -5.301138877868652344e+00 4.072752236992941977e-01 -6.753239391309925344e-01 -6.148694734635061776e-01
2.855999565124511719e+01 -5.564579391479492188e+01 1.551564025878906250e+01 4.223533231716106728e-01 -8.997499381718865319e-01 1.098531709400484974e-01
4.489014053344726562e+01 -3.081562232971191406e+01 4.133561134338378906e+00 -6.702969962515923363e-01 4.394706984417796058e-01 5.979694323518445209e-01
7.822780013084411621e-01 -4.501176452636718750e+01 -3.013734102249145508e+00 4.570155719964137664e-02 7.408030030840986324e-01 6.701658587925147792e-01
4.731531143188476562e+00 -3.202162933349609375e+01 -1.595202636718750000e+01 -1.979508712233785106e-02 -7.799525887578927230e-02 -9.967571891482488455e-01
3.003736305236816406e+01 -3.243463897705078125e+01 -1.248969364166259766e+01 3.799414458009729434e-01 -4.607224348678464199e-01 -8.021093041301223803e-01
2.248200225830078125e+01 -4.875493240356445312e+01 1.238219022750854492e+00 1.959249052568686200e-01 -8.349401432131002831e-01 -5.142843462048739545e-01
2.016889381408691406e+01 -4.073096466064453125e+01 -1.062294101715087891e+01 2.937735192120601857e-01 -7.593675600870308795e-01 -5.805669884666462277e-01
3.641627120971679688e+01 -4.489205551147460938e+01 4.771710872650146484e+00 5.293076669760258257e-01 -6.870748422257536570e-01 -4.977565216658164648e-01
-1.356350040435791016e+01 -4.455723953247070312e+01 -5.015769958496093750e+00 -3.180329945997544261e-01 -6.209092799494021486e-01 -7.164681991677143147e-01
1.776799011230468750e+01 -3.197207832336425781e+01 -1.554601573944091797e+01 1.835678443227442280e-01 -2.114752806574735078e-01 -9.599901313042461526e-01
4.649519920349121094e+00 -1.430631995201110840e+00 -1.293131637573242188e+01 -1.538610083656570260e-01 1.555673496791996346e-01 9.757692297969294826e-01
1.310662364959716797e+01 -5.134142684936523438e+01 1.272662997245788574e+00 1.451098430110276671e-01 -8.069213914158543943e-01 -5.725565487677322096e-01
1.801104736328125000e+01 -1.108970546722412109e+01 -1.624619293212890625e+01 1.932173368679463571e-02 1.267635107533430540e-02 -9.997329547087818735e-01
3.043429946899414062e+01 -5.144485473632812500e+01 9.783390045166015625e+00 3.179935152067119297e-01 -8.250584362852410036e-01 -4.670746203777630945e-01
3.462693786621093750e+01 -2.819885444641113281e+01 -1.220936298370361328e+01 4.532277098796634318e-01 -3.719691676132008129e-01 -8.100762811873818414e-01
2.276791381835937500e+01 -5.224258899688720703e+00 -1.204861736297607422e+01 -2.703097052978846171e-01 1.347931401297119795e-02 9.626790593523422146e-01
5.026340484619140625e+01 -3.190590286254882812e+01 1.185803604125976562e+01 -6.837017109163462392e-01 4.434663563251605711e-01 5.795597995873651431e-01
2.616334915161132812e+01 -2.758175086975097656e+01 -1.151035308837890625e+01 -2.330289137354369933e-01 1.914887479874311238e-01 9.534304299514927417e-01
4.577751159667968750e+01 -3.464065551757812500e+01 8.925323486328125000e+00 -6.462907115209627351e-01 5.250786339142580195e-01 5.537154001908061174e-01
5.798928451538085938e+01 -2.747041511535644531e+01 1.313896179199218750e+01 9.281472013374704177e-01 3.158208858183079726e-01 -1.969770055878611592e-01
2.186830520629882812e+01 -4.964914703369140625e+01 9.464818954467773438e+00 -2.313588115114244559e-01 8.236946909608584555e-01 5.176873152965184577e-01
4.576218414306640625e+01 -4.430066299438476562e+01 1.637975502014160156e+01 -1.133623544091067747e-01 1.479322257856032496e-01 9.824790242936188855e-01
2.582719039916992188e+01 -3.681027603149414062e+01 -6.131924152374267578e+00 -3.732633380679387103e-01 7.078521389463109381e-01 5.996831078523990888e-01
1.779346942901611328e+00 -5.757164764404296875e+01 1.387366962432861328e+01 -4.590553529245605668e-02 7.387924770660702078e-01 6.723677250285687856e-01
-1.803260087966918945e+00 -6.165015220642089844e+00 -1.668752479553222656e+01 -7.855741943566103141e-03 -5.036050609865234950e-02 -9.987002086432164027e-01
3.674456787109375000e+01 -3.881546020507812500e+01 3.706043004989624023e+00 -5.219548139473476622e-01 6.510145387295218633e-01 5.511290616180364310e-01
2.337031364440917969e+01 -4.210352325439453125e+01 -7.223671913146972656e+00 3.617368535383817529e-01 -7.163509704349744212e-01 -5.966470782204683632e-01
3.328386688232421875e+01 -1.560665225982666016e+01 -1.076165294647216797e+01 -1.945027325259054418e-01 -1.616960684834905029e-02 9.807686938592227177e-01
2.218012619018554688e+01 -3.460015106201171875e+01 -9.578993797302246094e+00 -2.594653541595646762e-01 5.463402320614978436e-01 7.963605218880707159e-01
4.077968215942382812e+01 -2.166320419311523438e+01 -5.622239112854003906e+00 -7.103506085422096605e-01 3.387906010222117015e-01 6.169464657510577155e-01
5.784075736999511719e+00 -5.111780166625976562e+00 -1.722394561767578125e+01 5.488990864528980884e-02 1.041615807608813338e-01 -9.930445423153516638e-01
-8.967369794845581055e-01 -4.782013320922851562e+01 4.373410046100616455e-01 7.644106398333247454e-02 8.106254911141108632e-01 5.805541119422915619e-01
-1.503635406494140625e+01 -5.089630889892578125e+01 8.181283950805664062e+00 2.913414894733942773e-01 7.641248003518783527e-01 5.755288229086588103e-01
-1.105331611633300781e+01 -4.907883071899414062e+01 4.086490154266357422e+00 2.203832452869986525e-01 7.713324001158760046e-01 5.970574124221662560e-01
-1.253007793426513672e+01 -2.777395820617675781e+01 -1.485953330993652344e+01 -6.382238359226748425e-01 7.417690759440418447e-01 -2.060314860240271551e-01
4.367296218872070312e+01 -3.938306808471679688e+01 1.127996253967285156e+01 -5.305440016498172984e-01 5.645001047415799666e-01 6.323469728401835965e-01
-2.005214929580688477e+00 -4.350173950195312500e+01 -1.008230876922607422e+01 -2.148779546778813512e-02 -6.887644097124742126e-01 -7.246667251636172979e-01
-6.064094066619873047e+00 -5.936954498291015625e+01 1.061317062377929688e+01 2.549147306299497928e-01 -8.482703876508559393e-01 -4.641721981576737432e-01
7.214990139007568359e+00 -5.009410476684570312e+01 3.926362991333007812e+00 -7.336326358684563953e-02 8.528838532326882271e-01 5.169206558562439158e-01
2.405101060867309570e+00 -5.511782073974609375e+01 4.597501754760742188e+00 1.388723708362510911e-01 -7.870911213510011217e-01 -6.010008579933496797e-01
-3.989414930343627930e+00 -3.244721221923828125e+01 -1.540225696563720703e+01 -8.980276682879839711e-02 -1.332240617626140877e-01 -9.870090234832525899e-01
-6.262190818786621094e+00 -3.756063461303710938e+01 -8.645959854125976562e+00 1.848025284404488655e-01 6.018025308363670334e-01 7.769695871531655529e-01
3.111932754516601562e+01 -1.086619758605957031e+01 -1.038738346099853516e+01 -1.657554268866504865e-01 -3.702994682693992734e-02 9.854714209431029159e-01
1.968170166015625000e+01 -5.188239097595214844e+00 -1.593289089202880859e+01 -1.202261362333694079e-02 2.666774159068637656e-02 -9.995720525905655851e-01
2.474291419982910156e+01 -3.332517623901367188e+01 -1.391487884521484375e+01 2.323152724241715761e-01 -2.905890303009818210e-01 -9.282174474050883806e-01
1.100166225433349609e+01 -4.417338943481445312e+01 -3.215611934661865234e+00 -1.421984934009666579e-01 7.760882759293555866e-01 6.143830860623489265e-01
-7.360115051269531250e+00 -1.595000934600830078e+01 -1.213109016418457031e+01 -4.910645088132729597e-01 1.753589695633805956e-01 8.532906187095041783e-01
-9.831192970275878906e+00 -3.912104797363281250e+01 -1.156813049316406250e+01 -2.549475300146410439e-01 -5.813888676151302004e-01 -7.726504653157406644e-01
-4.795560836791992188e+00 -5.352592468261718750e+01 8.963077545166015625e+00 5.536865913311651149e-02 7.882455959603414941e-01 6.128647420393236178e-01
-4.173311233520507812e+00 -2.787825584411621094e+01 -1.618392753601074219e+01 -1.310231869945728822e-01 -9.003661221016376337e-02 -9.872822964742665741e-01
4.499944305419921875e+01 -2.069602394104003906e+01 -7.020370006561279297e+00 7.103842360105977471e-01 -2.155027710972596267e-01 -6.700095468551485745e-01
3.290167093276977539e+00 -4.292931365966796875e+01 -1.102848339080810547e+01 -2.562411366007886007e-02 -6.554000100354357983e-01 -7.548471578039397389e-01
2.636914062500000000e+01 -2.494353294372558594e+01 -1.515754127502441406e+01 1.118655568606143763e-01 -5.138153503765799379e-02 -9.923940926090999426e-01
5.339564895629882812e+01 -2.589927101135253906e+01 5.464705944061279297e+00 7.221997433686224710e-01 -3.781286814305721555e-01 -5.791772016903571352e-01
1.049989604949951172e+01 -4.861179351806640625e+01 -3.261046886444091797e+00 8.770162178841037215e-02 -8.058825459311086403e-01 -5.855439758884701806e-01
7.136800140142440796e-02 -2.157444763183593750e+01 -1.698137283325195312e+01 -2.631296992937705997e-02 -4.744509085691952371e-02 -9.985272109297144150e-01
6.268843173980712891e+00 -3.802722549438476562e+01 -9.979059219360351562e+00 -6.107541829210705320e-02 6.445729287806065688e-01 7.620994244609001766e-01
5.138703155517578125e+01 -2.235765457153320312e+01 1.320978999137878418e+00 8.253368257693799448e-01 2.444785849040674239e-02 -5.641111825200393337e-01
3.886377334594726562e+01 -3.505673980712890625e+01 -3.484457015991210938e+00 6.135034830954595453e-01 -5.303224465088540729e-01 -5.851252677492253529e-01
4.788671875000000000e+01 -3.406438446044921875e+01 4.489120006561279297e+00 6.355775003985864036e-01 -4.664956760192982554e-01 -6.151609750645622432e-01
3.101150321960449219e+01 -2.135329627990722656e+01 -1.458583450317382812e+01 1.249122852982317983e-01 5.225481058084648772e-02 -9.907907729448902634e-01
-6.956978797912597656e+00 -4.993304824829101562e+01 -1.098453044891357422e+00 -1.252312188811926207e-02 -7.437205719458100939e-01 -6.683733105703520971e-01
9.222244262695312500e+00 -3.935576629638671875e+01 -1.393053627014160156e+01 9.493502216002384919e-02 -4.892666837820464631e-01 -8.669518174087846862e-01
4.010279178619384766e+00 -2.771298408508300781e+01 -1.663449096679687500e+01 3.388363180079725229e-02 -1.615386154757867399e-01 -9.862845305519871708e-01
-1.526630115509033203e+01 -5.545018005371093750e+01 7.587804794311523438e+00 -3.094005796624606508e-01 -8.599485985559461865e-01 -4.059060102366032763e-01
3.959095001220703125e+01 -4.031590270996093750e+01 8.557283401489257812e+00 -5.627400045685286845e-01 6.399255224787324670e-01 5.232771855704525521e-01
-1.752849966287612915e-01 -2.709585952758789062e+01 -1.197837638854980469e+01 -2.251940636973301380e-02 -5.802877813200055940e-02 9.980608885460153790e-01
2.762167167663574219e+01 -1.592976284027099609e+01 -1.522706317901611328e+01 1.777828302333349653e-01 -2.383730625899926209e-02 -9.837809960070075244e-01
-1.888167977333068848e+00 -5.139209365844726562e+01 5.280210971832275391e+00 2.153560364846686045e-02 8.621999994367012254e-01 5.061100460837033577e-01
-1.044322013854980469e+01 -2.396300315856933594e+01 -1.551976013183593750e+01 -7.925041015288598611e-01 6.096459316452773614e-01 1.640387418557410701e-02
5.226326942443847656e+00 -4.751045608520507812e+01 5.875800177454948425e-02 -5.804327899027642707e-02 8.352727467601959166e-01 5.467635835383830578e-01
-1.432162666320800781e+01 -3.708042144775390625e+01 -6.018459796905517578e+00 2.719707740092878190e-01 5.990916578098498535e-01 7.530744210417950057e-01
-1.545753669738769531e+01 -4.794767761230468750e+01 -1.831270009279251099e-01 -1.833022101739514853e-01 -6.787374800819375720e-01 -7.111369297662482047e-01
3.261091232299804688e+01 -4.534430694580078125e+01 2.590598106384277344e+00 3.687561837856053737e-01 -7.201891120164538584e-01 -5.876619094792756570e-01
5.342302799224853516e+00 -1.288191223144531250e+01 -1.670913696289062500e+01 7.804357892660331031e-02 6.527042200018372264e-02 -9.948110231597984132e-01
-1.888698959350585938e+01 -5.631382369995117188e+01 1.059600543975830078e+01 -8.067887970304914447e-01 -4.000251504727763141e-01 -4.348237757705127327e-01
2.536381530761718750e+01 -5.513698959350585938e+01 1.259903717041015625e+01 2.377703522927046564e-01 -8.150166784523392716e-01 -5.284061633016019499e-01
-1.450387954711914062e+00 -5.793926620483398438e+01 8.542990684509277344e+00 1.098944178291265221e-02 -8.252506040239583340e-01 -5.646597849390303514e-01
2.109978485107421875e+01 -5.673985290527343750e+01 1.298921394348144531e+01 2.003004004749209532e-01 -8.023148237507199410e-01 -5.622905593724987217e-01
1.281827926635742188e+01 -4.263596057891845703e+00 -1.272732543945312500e+01 8.209628472833220558e-02 -2.106852184739160111e-02 9.964016847742533933e-01
-1.827573060989379883e+00 -4.262700080871582031e-01 -1.729515266418457031e+01 -6.695117397841350571e-02 2.496784602781558157e-02 -9.974438064210151555e-01
8.650547981262207031e+00 -2.251443481445312500e+01 -1.692579078674316406e+01 4.120011898454764565e-02 -2.053575580019618638e-02 -9.989398545104574145e-01
6.808099895715713501e-02 -3.137275314331054688e+01 -1.213847160339355469e+01 1.727588115211671493e-02 -6.447749907926521307e-02 9.977696107032429929e-01
3.404193878173828125e+01 -3.999925994873046875e+01 -2.607944965362548828e+00 3.936829118942009043e-01 -6.599386352435939740e-01 -6.399177779959900336e-01
4.055220031738281250e+01 -2.898213005065917969e+01 -1.486703038215637207e+00 -6.271185491867673489e-01 3.920506034351420865e-01 6.730666011711063934e-01
1.155569171905517578e+01 -3.247009658813476562e+01 -1.584038257598876953e+01 2.371441389707638729e-03 -1.041809188723110957e-01 -9.945555351053334547e-01
-6.190869808197021484e+00 -1.067709350585937500e+01 -1.249244594573974609e+01 -9.063317738535494605e-01 1.447264143694726723e-01 3.970100511161325785e-01
6.113131999969482422e+00 -5.942177581787109375e+01 1.182283592224121094e+01 1.268003979320752039e-01 -8.124356545434228138e-01 -5.690957444146523825e-01
3.668498039245605469e+00 -4.800983428955078125e+01 -5.045978069305419922e+00 4.590394521840600491e-03 -7.815076038250515778e-01 -6.238788291341198500e-01
1.944299507141113281e+01 -4.737622070312500000e+01 3.883837938308715820e+00 -3.352405959544488834e-01 8.594025417864920025e-01 3.860583038804150657e-01
1.647803115844726562e+01 -4.299062347412109375e+01 -8.917502403259277344e+00 1.615888617905331115e-01 -8.570045250843538742e-01 -4.893181825051886591e-01
3.966593933105468750e+01 -4.524027633666992188e+01 7.865182876586914062e+00 5.252328282623180966e-01 -7.111493508356183657e-01 -4.673297304063211977e-01
4.034896850585937500e+01 -3.545270156860351562e+01 3.413434028625488281e+00 -5.637382943335415009e-01 5.619818081151686240e-01 6.052896685468165394e-01
4.719213104248046875e+01 -2.202872657775878906e+01 1.734410047531127930e+00 -7.122740357716261794e-01 2.566745193080335330e-01 6.532869883164595937e-01
-1.427949714660644531e+01 -3.441206741333007812e+01 -9.278787612915039062e+00 -5.917067615861614227e-01 6.875262551351399853e-01 4.209403245034478713e-01
-1.029795169830322266e+01 -4.688735198974609375e+01 -3.758697032928466797e+00 -2.547001251540341737e-01 -7.251957319207621433e-01 -6.397022718815598141e-01
-4.146156787872314453e+00 -1.424342632293701172e+01 -1.693687057495117188e+01 -3.668027538465427201e-02 6.571856645082085890e-03 -9.993054428441497938e-01
9.866693496704101562e+00 -5.246098709106445312e+01 8.950607299804687500e+00 -1.823630561476207723e-01 8.402625972308114255e-01 5.105903283919808189e-01
1.225181102752685547e+01 -4.397673797607421875e+01 -9.082489967346191406e+00 1.313085062384347079e-01 -7.529944535998454036e-01 -6.447925472873435870e-01
2.565618133544921875e+01 -5.075148391723632812e+01 1.264857769012451172e+01 -2.466727761959516818e-01 7.518485018984069068e-01 6.114543087401570487e-01
2.577472496032714844e+01 -5.048190307617187500e+01 5.382938861846923828e+00 3.122773627562434595e-01 -7.849881885154735839e-01 -5.350480283126001213e-01
2.144196319580078125e+01 -2.542456817626953125e+01 -1.566586303710937500e+01 1.638915466213082262e-01 -1.082060749346188538e-01 -9.805258825208639228e-01
9.488063812255859375e+00 -4.185331344604492188e+01 -6.436569213867187500e+00 -1.523624056886321021e-01 7.628713757755567482e-01 6.283414369234945340e-01
2.720372009277343750e+01 -1.145639514923095703e+01 -1.511054611206054688e+01 1.614618624551430182e-01 4.404245894649646414e-02 -9.858956987341321865e-01
2.217379570007324219e+01 -3.089796829223632812e+01 -1.153618049621582031e+01 -1.949358563598224958e-01 2.836198516159631478e-01 9.389141556471506389e-01
1.817975234985351562e+01 2.877849936485290527e-01 -1.596264839172363281e+01 3.524381344255270720e-01 5.674504675665702491e-01 -7.441688842333674669e-01
2.217555236816406250e+01 -1.221411132812500000e+01 -1.208411884307861328e+01 -4.867736591960437204e-02 -1.153243454215770597e-01 9.921344714302660073e-01
3.792040252685546875e+01 -1.406879425048828125e+01 -1.291042041778564453e+01 3.224882879606537078e-01 7.804132029995892728e-01 -5.356832428890493381e-01
1.522813129425048828e+01 -4.852206039428710938e+01 -2.070461988449096680e+00 1.756763758616642079e-01 -7.653208218793648987e-01 -6.192106673515926918e-01
3.209582901000976562e+01 -1.727712440490722656e+01 -1.437284088134765625e+01 1.150989331360607326e-01 5.782650761643371058e-03 -9.933372018308331830e-01
-5.902339935302734375e+00 -6.998291969299316406e+00 -1.539156341552734375e+01 -7.949334267096939133e-01 4.796852309688303673e-01 3.714605312680788751e-01
1.674551391601562500e+01 -2.024623680114746094e+01 -1.655852127075195312e+01 4.157298402475744642e-02 4.792903856363057991e-03 -9.991239738250208280e-01
1.674287223815917969e+01 -4.185483551025390625e+01 -4.290408134460449219e+00 -2.249703430572963792e-01 7.131448256555700249e-01 6.639373482380465097e-01
3.896138381958007812e+01 -4.688190841674804688e+01 1.505551624298095703e+01 -4.070968271718097831e-01 5.957977757419664622e-01 6.923129232706629610e-01
-6.590497016906738281e+00 -3.252354812622070312e+01 -1.126424026489257812e+01 1.465186061107084103e-01 2.514533338858371270e-01 9.567149622228517947e-01
5.633776187896728516e+00 -8.062634468078613281e+00 -1.226432609558105469e+01 6.415028100583861081e-02 -3.324592880451413685e-02 9.973863091424491900e-01
1.490232849121093750e+01 -4.832501220703125000e+01 3.371829032897949219e+00 -2.002518217750230978e-01 8.125051847456618015e-01 5.474801664327234585e-01
7.230274200439453125e+00 -1.606887435913085938e+01 -1.255956172943115234e+01 -1.113652071830568534e-03 5.310387938142878232e-03 9.999852796711605762e-01
1.087312602996826172e+01 -5.488166427612304688e+01 5.824831008911132812e+00 1.388024908476609698e-01 -8.314842349376827535e-01 -5.379292105701095617e-01
1.763109016418457031e+01 -5.281620407104492188e+01 1.215865516662597656e+01 -2.296898585390435288e-01 7.575870109254921880e-01 6.109864890169767193e-01
4.845808029174804688e+00 -5.273436737060546875e+01 1.572305917739868164e+00 9.256716078399335537e-03 -8.456630392020378917e-01 -5.336368965270453790e-01
-6.733890175819396973e-01 -3.008267211914062500e+01 -1.605475234985351562e+01 -9.645386580951101352e-02 -1.553551123537122713e-01 -9.831385664472563901e-01
4.568060684204101562e+01 -3.748888015747070312e+01 5.028644084930419922e+00 5.627299889444933312e-01 -5.507640386456369441e-01 -6.164364795153494114e-01
2.951915359497070312e+01 -3.274353027343750000e+01 -7.684954166412353516e+00 -4.075430594192673284e-01 5.639594205340504596e-01 7.182328499240909769e-01
3.235270309448242188e+01 -2.439740180969238281e+01 -1.032789421081542969e+01 -3.770043136520948024e-01 2.263915638499213179e-01 8.981172569911458625e-01
-1.025393199920654297e+01 -5.990291976928710938e+01 1.215654945373535156e+01 -1.152381373868485021e-01 -7.573428693672312750e-01 -6.427689708676196378e-01
-2.655020058155059814e-01 -1.648165512084960938e+01 -1.233114051818847656e+01 3.111057118777635008e-02 -1.444791607107535902e-02 9.994115218875422313e-01
-1.558174228668212891e+01 -5.871402359008789062e+01 1.200369358062744141e+01 -2.503114649453138107e-01 -7.045401906089824307e-01 -6.640536803102514707e-01
1.577175903320312500e+01 -1.072653770446777344e+01 -1.271953392028808594e+01 -1.018739788444806282e-01 8.890594487469558049e-02 9.908165447752332877e-01
4.249726867675781250e+01 -2.491899490356445312e+01 -1.983868002891540527e+00 -6.393598263868000009e-01 3.148243428132534438e-01 7.015017074639547934e-01
3.571580886840820312e+01 -5.098807907104492188e+01 1.275625514984130859e+01 3.918196060359648292e-01 -7.109757251442017090e-01 -5.839442735240217841e-01
5.504168033599853516e+00 -4.538633346557617188e+01 -8.194922447204589844e+00 -9.196194881441799307e-02 -7.844064150418915693e-01 -6.133918617094477055e-01
2.053618431091308594e+01 -4.196380233764648438e+01 -2.760882854461669922e+00 -2.957891220574406788e-01 7.139009539312992647e-01 6.347079826569612671e-01
2.573824882507324219e+01 -1.933181381225585938e+01 -1.143746376037597656e+01 -8.181036156661819492e-02 -4.608598678187916797e-02 9.955818130935698562e-01
1.283440876007080078e+01 -2.099473762512207031e+01 -1.231151390075683594e+01 9.640059495027494818e-02 -3.609375700926426705e-02 9.946879741899914418e-01
-1.871290016174316406e+01 -4.873482131958007812e+01 2.026496887207031250e+00 -9.656043336304493963e-01 -2.595632448654952573e-01 -1.533599651117906540e-02
-5.736605167388916016e+00 -3.850148773193359375e+01 -1.313432407379150391e+01 -1.928804970853779388e-01 -4.978067320969136178e-01 -8.455681943658295285e-01
-1.140765094757080078e+01 -5.536922073364257812e+01 6.515010833740234375e+00 -2.829160877128797935e-01 -7.398817747185996163e-01 -6.103551808189174865e-01
-1.184424972534179688e+01 -5.334042358398437500e+01 1.009364414215087891e+01 1.473683061787972037e-01 7.574421904456364318e-01 6.360533864911878110e-01
-2.505646944046020508e+00 -4.601818084716796875e+01 -6.972398757934570312e+00 -2.887047487776274457e-03 -7.317811464446740688e-01 -6.815335785307438110e-01
2.099358940124511719e+01 -4.482385253906250000e+01 1.188513040542602539e+00 -2.482618051175761453e-01 7.673997031282405734e-01 5.911546090139626619e-01
4.554330062866210938e+01 -2.770831489562988281e+01 -2.618371009826660156e+00 6.634271414951490309e-01 -3.803748219127146002e-01 -6.443441803744689444e-01
1.852921295166015625e+01 -3.264498901367187500e+01 -1.163041687011718750e+01 -2.206451707165393017e-01 3.221335464992484687e-01 9.206224453375475569e-01
4.351335144042968750e+01 -1.787399482727050781e+01 -9.417322158813476562e+00 7.169604282105599413e-01 3.189597489431402616e-02 -6.963837958810299433e-01
1.250331401824951172e+01 -1.699175262451171875e+01 -1.671754837036132812e+01 4.576158463814818805e-02 -9.393557991118460168e-03 -9.989082232315804610e-01
1.626354789733886719e+01 -5.931995773315429688e+01 1.529718208312988281e+01 2.016950915223884311e-01 -9.773910942506207622e-01 -6.344871106137414674e-02
3.933489608764648438e+01 -1.861722946166992188e+01 -7.815991878509521484e+00 -5.954495925114191568e-01 1.952299898664896227e-01 7.793106144758424891e-01
3.839385223388671875e+01 -2.335375213623046875e+01 -1.176687240600585938e+01 5.778164302438794087e-01 -2.434971441254273339e-01 -7.789976339777809899e-01
5.687753677368164062e+01 -3.147829246520996094e+01 1.383642578125000000e+01 7.025813535260730935e-01 -3.688519739065521663e-01 -6.085455307721118201e-01
2.723412895202636719e+01 -3.020516014099121094e+01 -1.428187942504882812e+01 1.889116831957990961e-01 -2.433887869645877944e-01 -9.513539164433163497e-01
3.184887123107910156e+01 -4.296333694458007812e+01 -9.317110180854797363e-01 4.027831451238186311e-01 -6.553232943273216149e-01 -6.389969623684854660e-01
8.867105484008789062e+00 -6.065993881225585938e+01 1.453699111938476562e+01 1.765631498381216580e-01 -8.978772580153966398e-01 -4.032888340358481427e-01
2.949510765075683594e+01 -1.445025920867919922e+01 -1.082155895233154297e+01 -9.292480451688121812e-02 -4.869316424765541412e-02 9.944817527039148120e-01
-6.770158767700195312e+00 -4.064680862426757812e+01 -6.240485191345214844e+00 2.450562232091941239e-01 6.191697674288729747e-01 7.460403786448297492e-01
4.867455959320068359e+00 -1.711494445800781250e+01 -1.693649101257324219e+01 2.955643128993269697e-02 4.625797427795335509e-02 -9.984921718196410056e-01
-3.905812978744506836e+00 -5.896923065185546875e+01 1.491480445861816406e+01 1.064761549519678031e-02 5.843853439552995077e-01 8.114064321007767866e-01
1.990806579589843750e+01 -4.760729980468750000e+01 -1.501121997833251953e+00 2.824857616995479770e-01 -8.081155060326093986e-01 -5.168666398082643054e-01
1.068839359283447266e+01 -1.214356231689453125e+01 -1.283348560333251953e+01 -4.992891797421188105e-02 -5.097215116508823501e-02 9.974512233465493427e-01
-3.013000965118408203e+00 -3.965043640136718750e+01 -7.912675857543945312e+00 1.009233671983594260e-01 5.138451052044697986e-01 8.519258663820181710e-01
4.891153812408447266e+00 -5.191894149780273438e+01 6.560339927673339844e+00 -8.768477036705078775e-02 8.702980014185348612e-01 4.846573735873427879e-01
-8.596904754638671875e+00 -4.742089462280273438e+01 1.495166063308715820e+00 1.728121785307172309e-01 6.956659361537157471e-01 6.972695721360869792e-01
-9.406118392944335938e+00 -4.272756958007812500e+01 -8.541734695434570312e+00 -3.354350580786607527e-01 -7.090634650077545231e-01 -6.202518233773781642e-01
3.664369583129882812e+01 -2.857253646850585938e+01 -5.388251781463623047e+00 -6.260377926423590367e-01 4.852378494972899858e-01 6.104268273910707920e-01
4.717630386352539062e+01 -2.564887237548828125e+01 3.374542951583862305e+00 -7.319341003927959388e-01 3.361796843923207656e-01 5.926682819959813164e-01
1.178124046325683594e+01 -2.483772277832031250e+01 -1.680082511901855469e+01 7.768001960127388084e-02 -2.278560304464156624e-02 -9.967179294307079163e-01
1.191761493682861328e+01 -5.504251861572265625e+01 1.301256179809570312e+01 -1.910669156095367860e-01 7.765915607211820726e-01 6.003323925760600810e-01
4.424505615234375000e+01 -4.584444808959960938e+01 1.297432708740234375e+01 5.598884852662775469e-01 -6.223590029715652117e-01 -5.469864308065351954e-01
-2.851440906524658203e+00 -3.613529586791992188e+01 -1.461835670471191406e+01 -1.436232062439872781e-01 -3.868436218007436644e-01 -9.108920830154800807e-01
1.419370079040527344e+01 -3.533214950561523438e+01 -1.112070178985595703e+01 -1.661251278376239537e-01 4.555297281104948026e-01 8.745828198109725227e-01
-4.704847812652587891e+00 -5.334233856201171875e+01 2.520493030548095703e+00 -1.301693598113133898e-01 -7.878763071825567454e-01 -6.019193154789855837e-01
1.729371070861816406e+01 -3.725350189208984375e+01 -1.383451461791992188e+01 1.343109643544976584e-01 -4.297248453247555222e-01 -8.929149579689994454e-01
3.154348182678222656e+01 -4.601116943359375000e+01 9.768898963928222656e+00 -3.581812162769108521e-01 7.510406321352407488e-01 5.546568174901401749e-01
-5.724049091339111328e+00 -5.142424392700195312e+01 5.826527118682861328e+00 8.831843660012812791e-02 8.432061477944313710e-01 5.302860040376181638e-01
4.238129425048828125e+01 -3.875316619873046875e+01 3.153379917144775391e+00 5.588328863143644520e-01 -5.548980242850996003e-01 -6.162742796986172555e-01
-2.748696088790893555e+00 1.479894995689392090e+00 -1.355591011047363281e+01 -6.108981236162899231e-01 6.202748185810001980e-01 4.919986097504783773e-01
9.647510528564453125e+00 -5.275852966308593750e+01 2.480262041091918945e+00 1.308200040665848940e-01 -8.210886014019614931e-01 -5.556074470197366333e-01
5.086437225341796875e+01 -3.118271446228027344e+01 5.599538803100585938e+00 6.907531156360573465e-01 -3.535620287717153309e-01 -6.307567082876790465e-01
4.960766983032226562e+01 -4.047900772094726562e+01 1.240906906127929688e+01 6.310696050527465628e-01 -5.788775295602071047e-01 -5.163835389987195823e-01
8.332179784774780273e-01 -3.770278549194335938e+01 -1.451755523681640625e+01 -6.057533565611682852e-02 -3.869127623661964832e-01 -9.201245258269709071e-01
6.509344100952148438e+00 -5.732356262207031250e+01 8.530483245849609375e+00 1.334459543050168229e-01 -8.640792766770660771e-01 -4.853443941129449990e-01
-1.141229248046875000e+01 -3.168166160583496094e+01 -1.450691795349121094e+01 -1.697317593765178545e-01 -3.048545289826611326e-01 -9.371525201469138588e-01
4.242832946777343750e+01 -2.796325874328613281e+01 -5.839751243591308594e+00 6.086315645808445529e-01 -4.943958735817610139e-01 -6.205967602084307977e-01
-7.712426185607910156e+00 -2.886709785461425781e+01 -1.158914470672607422e+01 5.792602713672634351e-02 2.124804502125039393e-02 9.980947329602187779e-01
3.366674804687500000e+01 -4.127121734619140625e+01 4.187199115753173828e+00 -4.152262529717884454e-01 7.357164236009555713e-01 5.350780343901508918e-01
4.700004959106445312e+01 -3.059871482849121094e+01 9.216070175170898438e-01 6.874875456469775603e-01 -4.438352394905792364e-01 -5.747792226295543871e-01
8.870990276336669922e-01 -3.624929046630859375e+01 -1.086104202270507812e+01 1.283223535056645520e-02 4.677209306907674224e-01 8.837830416621886842e-01
3.984197616577148438e+01 -1.838465118408203125e+01 -1.212916660308837891e+01 4.604446186074752645e-01 -1.325504004078812414e-01 -8.777363753127286339e-01
5.594027996063232422e+00 -2.131111907958984375e+01 -1.199276733398437500e+01 5.091791562991563463e-02 3.918041032877400687e-02 9.979339964718978440e-01
3.065159916877746582e-01 -4.230219650268554688e+01 -6.228624820709228516e+00 1.212556193273895133e-01 7.068778805375760532e-01 6.968649343942020513e-01
3.384598541259765625e+01 -1.079688453674316406e+01 -1.366659927368164062e+01 6.446432016432777079e-01 5.925680939008801662e-01 -4.830095202641271346e-01
2.856687545776367188e+01 -4.533977890014648438e+01 6.326430797576904297e+00 -3.787673886566960135e-01 7.579033738786743468e-01 5.311475700344582274e-01
4.538966178894042969e+00 -3.594683456420898438e+01 -1.527258014678955078e+01 -1.638819589443718874e-02 -2.046403315530477829e-01 -9.787000366492197845e-01
9.486721992492675781e+00 -1.225003623962402344e+01 -1.649928855895996094e+01 3.234338043254295775e-02 5.007122896856081029e-02 -9.982218079023186252e-01
3.287709808349609375e+01 -2.069026756286621094e+01 -1.081617832183837891e+01 -2.932346656627931591e-01 1.039118575112846776e-01 9.503766394026026409e-01
3.678220748901367188e+01 -1.662565994262695312e+01 -9.798828125000000000e+00 -4.110577443112003460e-01 1.046012740643438854e-01 9.055882642271286809e-01
5.340523529052734375e+01 -2.583939933776855469e+01 1.204222583770751953e+01 -6.695945924823525353e-01 4.077135382137871411e-01 6.208161986253153408e-01
3.804075622558593750e+01 -4.457217407226562500e+01 1.222428989410400391e+01 -4.080024367698602550e-01 6.817823503037725441e-01 6.072123503389239563e-01
-1.395268917083740234e+01 -3.821554565429687500e+01 -1.050346755981445312e+01 -2.927177017428248540e-01 -5.489324927889874806e-01 -7.829364376798838565e-01
7.961473941802978516e+00 -3.512753295898437500e+01 -1.167156791687011719e+01 -7.831274659855975984e-02 3.389873213188252521e-01 9.375258448199054184e-01
8.245935440063476562e+00 -3.059243774414062500e+01 -1.609618377685546875e+01 2.630048263725440899e-02 -1.047554523311269303e-01 -9.941501797112690664e-01
-2.964478015899658203e+00 -4.510744094848632812e+01 -2.466648101806640625e+00 1.129122135624188034e-01 6.970726632360950692e-01 7.080540475114681653e-01
2.248073959350585938e+01 -5.449716567993164062e+01 1.009179210662841797e+01 2.798239822233281049e-01 -7.910369095689674390e-01 -5.440212740989599505e-01
2.222910499572753906e+01 -2.716950988769531250e+01 -1.213378715515136719e+01 2.315982511427701254e-03 4.001554949659261867e-02 9.991963731036520580e-01
-2.447931051254272461e+00 -5.994522857666015625e+01 1.157833290100097656e+01 1.313335889510252631e-02 -8.286443094179427593e-01 -5.596214107353228995e-01
1.748184967041015625e+01 -5.213136672973632812e+01 3.988583087921142578e+00 2.217751450569653004e-01 -7.822781356319425949e-01 -5.821139953197947969e-01
3.186729240417480469e+01 -3.845366668701171875e+01 -5.942812919616699219e+00 4.728356162355441539e-01 -5.656811558537383489e-01 -6.755970026066809853e-01
3.217930078506469727e+00 1.076849997043609619e-01 -1.602737236022949219e+01 4.265159017076784465e-01 8.989491493683871015e-01 9.987298153324264405e-02
2.737777519226074219e+01 -4.642297744750976562e+01 5.889250040054321289e-01 3.893774106207968377e-01 -7.468874935918884406e-01 -5.390216173904994745e-01
8.974983215332031250e+00 -4.793708801269531250e+01 1.256412029266357422e+00 -1.172135694670025235e-01 7.844886047393440087e-01 6.089651945447468462e-01
2.646655082702636719e+01 -3.597925186157226562e+01 -1.185286140441894531e+01 3.271528753677049317e-01 -5.716489552188512846e-01 -7.524549608686480484e-01
1.505664730072021484e+01 -2.767876434326171875e+01 -1.215684986114501953e+01 -5.553153625206171118e-02 -1.077433979137778636e-01 9.926266209846879018e-01
3.800612640380859375e+01 -2.356659507751464844e+01 -7.257825851440429688e+00 -5.858173994796016526e-01 3.242818306596360056e-01 7.427376850348930137e-01
2.308744239807128906e+01 -6.616586208343505859e+00 -1.556448173522949219e+01 3.062137568679227859e-02 1.854036394545338293e-02 -9.993590877436491215e-01
1.194810104370117188e+01 -4.111767196655273438e+01 -1.203370952606201172e+01 1.089685029175868902e-01 -6.154244930175398753e-01 -7.806270292309920311e-01
1.611234664916992188e+01 -5.969404220581054688e+00 -1.293585205078125000e+01 -1.969954450423704040e-02 4.351322258823905192e-02 9.988586123202383149e-01
-1.252927017211914062e+01 -5.585012435913085938e+01 1.284739494323730469e+01 1.513971211354459556e-01 7.060523004592953455e-01 6.917868607656812996e-01
3.796952009201049805e+00 -1.417651844024658203e+01 -1.244625091552734375e+01 8.434103705197158740e-02 2.844850908569505551e-02 9.960307584607008824e-01
4.226154327392578125e+01 -3.076960754394531250e+01 1.546658992767333984e+00 -6.217782143362188263e-01 4.463214844562471417e-01 6.435751585398826746e-01
5.108502578735351562e+01 -3.722989654541015625e+01 1.087498474121093750e+01 6.692989058062789320e-01 -5.282862559309492445e-01 -5.224486639670707921e-01
1.548670673370361328e+01 -5.581349945068359375e+01 9.088155746459960938e+00 2.267752942211100631e-01 -8.390590077435388094e-01 -4.945229493717726577e-01
4.863901901245117188e+01 -2.732794952392578125e+01 6.305345058441162109e+00 -7.629859005915936576e-01 3.641037419074256154e-01 5.341170102397464481e-01
4.373293685913085938e+01 -3.398258972167968750e+01 5.608658790588378906e+00 -6.260638119755670417e-01 6.156521100174613403e-01 4.785567706820892386e-01
3.294450378417968750e+01 -3.916013717651367188e+01 1.267575025558471680e+00 -4.333640232450940988e-01 6.794597825137672631e-01 5.920557636770118481e-01
3.680884552001953125e+01 -3.360288238525390625e+01 -6.791872978210449219e+00 4.794011892709342804e-01 -6.003902734957101694e-01 -6.400828221545709074e-01
2.653495073318481445e+00 -5.501266479492187500e+01 1.105211925506591797e+01 -7.551820805189356223e-02 7.505910512563676029e-01 6.564374105933419301e-01
2.023188018798828125e+01 -5.777692413330078125e+01 1.639543533325195312e+01 8.664470942008600796e-02 -5.544039074827641356e-01 8.277251969689889410e-01
-8.837947845458984375e+00 -2.081959152221679688e+01 -1.656838035583496094e+01 -1.092342859444949965e-01 3.682045818754853261e-02 -9.933338434952547757e-01
-1.694449234008789062e+01 -4.390611648559570312e+01 -3.768701076507568359e+00 -4.187754420086836626e-01 -7.339368211816837961e-01 -5.347558991578836851e-01
4.677961730957031250e+01 -4.057410430908203125e+01 1.475240516662597656e+01 -6.246882875371705390e-01 4.283608667010349036e-01 6.528947168518178801e-01
4.181411743164062500e+01 -3.520943069458007812e+01 -7.622100114822387695e-01 5.875356731030855206e-01 -5.417753317863686080e-01 -6.010668204942563042e-01
3.663307189941406250e+01 -4.742302703857421875e+01 8.296941757202148438e+00 4.773603442274499398e-01 -7.089171855629998742e-01 -5.191950748731016807e-01
6.839570045471191406e+00 -4.894275665283203125e+01 -3.411509990692138672e+00 9.823466405719148697e-02 -7.701227445134608551e-01 -6.302863707558853390e-01
5.581280517578125000e+01 -2.923078727722167969e+01 1.079132461547851562e+01 7.764749485804459672e-01 -3.230540711201719262e-01 -5.410385581080858763e-01
-5.967362880706787109e+00 -4.777985763549804688e+01 -4.105109214782714844e+00 -1.500936792975784972e-01 -7.640894750508097077e-01 -6.274066954946319052e-01
4.648470306396484375e+01 -1.895825767517089844e+01 -4.136806011199951172e+00 5.644809574934469554e-01 8.150994069599140079e-01 -1.302850927807079340e-01
-1.199687957763671875e+00 -2.359274291992187500e+01 -1.203258419036865234e+01 3.043884254463213260e-03 -4.244019232356137372e-02 9.990943723413642230e-01
2.542458152770996094e+01 -4.340062332153320312e+01 -4.430171012878417969e+00 3.804268770812802569e-01 -7.975282284252344089e-01 -4.682137503951497304e-01
2.915128326416015625e+01 -5.005223083496093750e+01 6.655643939971923828e+00 3.227003932200834257e-01 -7.673952461152164783e-01 -5.540478250614923050e-01
2.863898658752441406e+01 -5.365209960937500000e+01 1.214322471618652344e+01 2.812797704367948071e-01 -7.935141115121215893e-01 -5.396452960734042792e-01
-1.648950004577636719e+01 -4.045476150512695312e+01 -7.220890045166015625e+00 -4.895893597533811925e-01 -5.709793632523848528e-01 -6.590029025400232499e-01
-5.106809139251708984e+00 -4.415227890014648438e+00 -1.296655941009521484e+01 -9.211411287802298009e-01 6.029259004348463957e-02 3.845306547667330377e-01
-1.126220226287841797e+01 -3.904402160644531250e+01 -5.914381980895996094e+00 3.315012221101168999e-01 6.338953227047023908e-01 6.987729671306697199e-01
4.713934707641601562e+01 -2.315904808044433594e+01 -3.418992996215820312e+00 6.928184931657128676e-01 -3.064259641709404236e-01 -6.527676952863865623e-01
2.735779762268066406e+01 -3.841909027099609375e+01 -3.303838014602661133e+00 -4.211078109515479784e-01 6.613247857546188380e-01 6.207396711200298123e-01
1.430145645141601562e+01 -8.986759781837463379e-01 -1.303228759765625000e+01 2.398079679222770433e-01 7.681366306510172270e-01 5.936819478248354098e-01
9.751550674438476562e+00 -2.740908622741699219e+01 -1.211977386474609375e+01 1.315706862823819850e-02 -1.413259925220039341e-02 9.998135632124064420e-01
3.362598800659179688e+01 -3.010322380065917969e+01 -6.878533840179443359e+00 -5.179607127233402109e-01 4.882060695042344522e-01 7.024041100209736932e-01
1.607644081115722656e+01 -2.627531051635742188e+00 -1.621406173706054688e+01 -3.609384805291682846e-02 3.965217604893619963e-02 -9.985614347987393780e-01
1.643526840209960938e+01 -3.878190231323242188e+01 -7.806763172149658203e+00 -2.467940648424046535e-01 6.819642130731609075e-01 6.884892894200078661e-01
-1.686075592041015625e+01 -5.133643341064453125e+01 3.648222923278808594e+00 -2.855879017027645461e-01 -6.955407987430907157e-01 -6.592894263408413114e-01
5.702379226684570312e+00 -2.454671096801757812e+01 -1.692248725891113281e+01 2.860172456824130668e-02 -1.598679906627104366e-02 -9.994630376393801585e-01
3.449820709228515625e+01 -1.435975933074951172e+01 -1.391300201416015625e+01 1.654231002106037463e-01 1.171586858665160102e-01 -9.792390107847742664e-01
1.955374526977539062e+01 -2.845801734924316406e+01 -1.577200317382812500e+01 5.736747021294524157e-02 -1.156258743439205899e-01 -9.916348272139149378e-01
-7.363625049591064453e+00 -1.394506740570068359e+01 -1.508125400543212891e+01 -9.705294180627446199e-01 1.923963503350423487e-01 1.451078669560889045e-01
2.324372863769531250e+01 -8.746724128723144531e+00 -1.185309791564941406e+01 -1.572554726007322212e-01 -3.421539503591187331e-02 9.869650566659677882e-01
4.404389858245849609e-01 2.257801055908203125e+00 -1.675653076171875000e+01 5.262449586144658520e-01 7.391257596027507315e-01 -4.204275859461603648e-01
3.017717933654785156e+01 -4.845570755004882812e+01 1.203527832031250000e+01 -3.258565758421976821e-01 6.978754564036447894e-01 6.377988235563016861e-01
1.116570854187011719e+01 -3.364804077148437500e+01 -1.201229000091552734e+01 -7.474824451347636400e-02 2.993056465509361663e-01 9.512249102525014433e-01
1.447554397583007812e+01 -4.406938552856445312e+01 -2.520120143890380859e+00 -1.457041381310793249e-01 7.165580848111489098e-01 6.821398795139143045e-01
-1.391239643096923828e+01 -5.054086303710937500e+01 1.686007976531982422e+00 -2.657953048872888635e-01 -6.902465130767865276e-01 -6.729878209040716097e-01
2.621319198608398438e+01 -5.301326370239257812e+01 1.532013702392578125e+01 -1.629035535536894064e-01 6.566512440412376472e-01 7.363909124498178027e-01
-1.000448322296142578e+01 -4.420603179931640625e+01 -1.470557928085327148e+00 2.659607277959126215e-01 6.456741751138447283e-01 7.158000774387529574e-01
1.782024955749511719e+01 -5.675365829467773438e+01 1.168656826019287109e+01 1.908983733001381466e-01 -8.303478957935584992e-01 -5.235266784248640004e-01
-1.281345176696777344e+01 -4.666595458984375000e+01 2.179913997650146484e+00 2.337702788913712804e-01 6.695934191470785946e-01 7.049795101575473399e-01
2.611491584777832031e+01 -4.172693634033203125e+01 -2.547059953212738037e-01 -3.463484242013623038e-01 7.777675884903235692e-01 5.245191582270185560e-01
1.096983528137207031e+01 -5.879106521606445312e+01 1.227682876586914062e+01 1.956110005950230102e-01 -8.230170457350649560e-01 -5.332722371132214700e-01
5.258576202392578125e+01 -3.247024536132812500e+01 1.447448348999023438e+01 -5.977936190364846469e-01 4.136333168221386081e-01 6.866951785573992550e-01
-3.512129068374633789e+00 -5.065472793579101562e+01 -1.197430968284606934e+00 -1.563670402962596406e-01 -7.780723643239378928e-01 -6.084017953493772168e-01
1.225638985633850098e+00 -2.202327966690063477e+00 -1.269731521606445312e+01 1.501714738880211841e-01 1.392542017086280393e-01 9.788037575207770846e-01
3.675745773315429688e+01 -4.093468856811523438e+01 6.509489059448242188e+00 -4.281356974574264118e-01 7.400195712474254561e-01 5.187204051639183744e-01
2.611264944076538086e+00 -6.096217346191406250e+01 1.354579162597656250e+01 9.755220450488943928e-02 -8.466587705276611420e-01 -5.231180494733722597e-01
2.241006660461425781e+01 -3.731930160522460938e+01 -7.363091945648193359e+00 -2.825528442419463770e-01 6.108638504919411405e-01 7.396007344324002641e-01
4.381766891479492188e+01 -4.032068634033203125e+01 5.926106929779052734e+00 5.138434991453856293e-01 -5.353598958843622801e-01 -6.703391979175249427e-01
1.744756698608398438e+01 -4.660895538330078125e+01 -3.987951993942260742e+00 3.317383722522925238e-01 -7.626601218219460909e-01 -5.552469639340081864e-01
4.262580108642578125e+01 -2.373360633850097656e+01 -7.947009086608886719e+00 6.817291007597362507e-01 -3.414621221654629002e-01 -6.470309515808186918e-01
1.403383922576904297e+01 -5.656654739379882812e+01 1.532166004180908203e+01 -1.881557976632810825e-01 7.000928136282927872e-01 6.888159755055880407e-01
3.288985824584960938e+01 -5.012778854370117188e+01 1.506984996795654297e+01 -3.113837002844093149e-01 6.684142719861950743e-01 6.754720957984526875e-01
8.923494338989257812e+00 -9.156744956970214844e+00 -1.260197830200195312e+01 8.799814796167440556e-02 -8.114989851857362657e-02 9.928096594643609496e-01
8.528789520263671875e+00 -4.599008178710937500e+01 -1.588263034820556641e+00 -7.924680070010192701e-02 7.497422509839358762e-01 6.569676564857201972e-01
-2.681504964828491211e+00 -2.368468093872070312e+01 -1.681842613220214844e+01 -7.523599268603566037e-02 -5.873248901042383424e-02 -9.954345986247350453e-01
4.162907791137695312e+01 -4.591550445556640625e+01 1.064826011657714844e+01 4.645169281622563151e-01 -7.234331377559747311e-01 -5.107528939195999929e-01
1.244750595092773438e+01 -8.638893127441406250e+00 -1.639033699035644531e+01 1.295238303776546362e-01 1.235017169204963711e-01 -9.838551231161984933e-01
1.939386940002441406e+01 -1.798059272766113281e+01 -1.631993293762207031e+01 4.424637352174238397e-02 4.913957672949625238e-02 -9.978113851971324166e-01
5.131222915649414062e+01 -2.557176971435546875e+01 2.721550941467285156e+00 7.391102179613248113e-01 -3.394644585133811399e-01 -5.817903119779322951e-01
-6.489480972290039062e+00 -4.305320358276367188e+01 -3.716606140136718750e+00 1.765765802061211864e-01 7.101339523202837567e-01 6.815647299300957584e-01
3.316679382324218750e+01 -3.124948501586914062e+01 -1.148643684387207031e+01 5.273471417053229304e-01 -3.976432044137610533e-01 -7.508560941477280259e-01
1.058350181579589844e+01 7.310599833726882935e-02 -1.672411155700683594e+01 1.379382950349680725e-01 -2.186634995829476319e-02 -9.901994190577712018e-01
3.708363342285156250e+01 -3.850498580932617188e+01 -1.816007018089294434e+00 4.445728184694981433e-01 -5.470488503056992746e-01 -7.092901835337206418e-01
9.664422035217285156e+00 -1.921961021423339844e+01 -1.687547492980957031e+01 -1.139251603321715049e-03 -4.257348509553538635e-02 -9.990926886293406417e-01
3.785616302490234375e+01 -3.089225387573242188e+01 -2.496772050857543945e+00 -5.503984366515188853e-01 4.597380958661494432e-01 6.969235568847785833e-01
-1.640345382690429688e+01 -3.415215682983398438e+01 -1.197681713104248047e+01 -6.363415303797272937e-01 -1.768019496483896336e-01 -7.508731765847777018e-01
3.761449813842773438e+01 -3.562868118286132812e+01 1.328619956970214844e+00 -5.403805705306706786e-01 5.497946238363553562e-01 6.369573852257208735e-01
5.271955013275146484e+00 -5.625844955444335938e+01 1.289828872680664062e+01 -8.584601173713497790e-02 7.575667245811364969e-01 6.470881857028734085e-01
1.658303022384643555e+00 -1.852950096130371094e+01 -1.700868034362792969e+01 -3.728799197823708805e-02 -4.681166245862292824e-02 -9.982075304825600570e-01
1.855231475830078125e+01 -5.072091293334960938e+01 9.599238395690917969e+00 -2.688571616180472912e-01 8.126891646737544050e-01 5.169643587990978562e-01
-2.017528057098388672e+00 -1.068842697143554688e+01 -1.227793598175048828e+01 -1.929612366913657090e-02 -7.224976734039599557e-02 9.971998950714966448e-01
2.372235679626464844e+01 -2.280878829956054688e+01 -1.560399436950683594e+01 2.138359843247277237e-01 -9.128490093208879719e-02 -9.725951052054979673e-01
3.244918060302734375e+01 -5.230391693115234375e+01 1.243022632598876953e+01 2.956854086414428817e-01 -8.162732736523525823e-01 -4.962540496937175583e-01
-4.201123237609863281e+00 -1.727943229675292969e+01 -1.216668891906738281e+01 2.949327307321744987e-02 4.684832744677421001e-02 9.984665147409143016e-01
1.119802951812744141e+00 -2.027734756469726562e+01 -1.198804378509521484e+01 2.889470771748444983e-03 1.638920086493464434e-01 9.864740546307042557e-01
5.615664672851562500e+01 -2.814636802673339844e+01 1.593995285034179688e+01 -6.632598525978939952e-01 3.152281008647587757e-01 6.787618229961210892e-01
2.030904769897460938e+01 -8.576322555541992188e+00 -1.599920368194580078e+01 1.701544830816498211e-01 7.330640990663239709e-02 -9.826869400545716893e-01
2.131600952148437500e+01 -1.559357261657714844e+01 -1.229001998901367188e+01 -6.435191791644298553e-02 -2.158023691204171562e-02 9.976939029759056554e-01
2.173708724975585938e+01 -3.803844451904296875e+01 -1.209858226776123047e+01 2.729457664611132373e-01 -6.237474646879311857e-01 -7.324204454180218704e-01
-1.298674869537353516e+01 -4.159771347045898438e+01 -2.545413017272949219e+00 3.720248957393908484e-01 6.244602433186773327e-01 6.867655214587244927e-01
-1.641685485839843750e+01 -5.612017440795898438e+01 1.407367801666259766e+01 2.297336021489857771e-01 5.956396032128187246e-01 7.696986001858956428e-01
2.113615417480468750e+01 -3.221024703979492188e+01 -1.505116367340087891e+01 1.249522564745051550e-01 -2.318243600279409067e-01 -9.646991239239129934e-01
-6.866798877716064453e+00 -5.766876602172851562e+01 1.380922889709472656e+01 4.859864531400363147e-02 6.966265970176478417e-01 7.157859708049993941e-01
2.942334175109863281e+01 -2.669946098327636719e+01 -1.081906223297119141e+01 -3.930082476972688310e-01 2.679635871103088762e-01 8.796249389511975325e-01
2.466980743408203125e+01 -1.368726158142089844e+01 -1.556976604461669922e+01 9.233509002640502561e-02 5.412966152165644279e-02 -9.942556064178700304e-01
1.924393272399902344e+01 -1.424570941925048828e+01 -1.620085144042968750e+01 7.994914994529028762e-02 2.548525063671680177e-02 -9.964730981933276333e-01
-4.961693763732910156e+00 -4.421268081665039062e+01 -8.527628898620605469e+00 -1.998503261214324145e-01 -7.409191137160330287e-01 -6.411698012846559491e-01
1.715744209289550781e+01 -4.636902999877929688e+01 1.588932991027832031e+00 -2.421216031111736722e-01 7.910164762076768996e-01 5.618452310688993867e-01
8.860539436340332031e+00 -5.447282028198242188e+01 1.154596710205078125e+01 -1.825041414167676290e-01 8.140518814351098698e-01 5.513726259959650378e-01
3.976780700683593750e+01 -2.890983009338378906e+01 -7.701291084289550781e+00 5.809318407120038774e-01 -5.348088085232257649e-01 -6.135941124008040815e-01
3.401412963867187500e+00 -4.325905609130859375e+01 -5.219552040100097656e+00 -1.030456911942248879e-02 8.168204982051689989e-01 5.767998695970055767e-01
3.743944549560546875e+01 -2.753021049499511719e+01 -1.050000190734863281e+01 4.983079369378728973e-01 -4.689910747969800453e-01 -7.292026959258270935e-01
3.333250427246093750e+01 -3.466624832153320312e+01 -3.034522056579589844e+00 -5.457200844299168185e-01 5.484084790169568846e-01 6.335911375580568494e-01
1.410655975341796875e+01 -5.085073471069335938e+01 7.653877258300781250e+00 -1.819801302731343939e-01 8.651357364324280264e-01 4.673578818563922099e-01
2.275336027145385742e+00 -4.851074981689453125e+01 1.286378026008605957e+00 -2.264641366359835054e-02 7.380535075462729688e-01 6.743620392243477868e-01
2.984579277038574219e+01 -7.812095165252685547e+00 -1.094952201843261719e+01 4.866089699707425442e-01 7.576326421203153361e-01 4.349764245770146309e-01
3.828598022460937500e+01 -4.081519699096679688e+01 1.508424043655395508e+00 4.732687173033323647e-01 -7.351738215672430909e-01 -4.853206911973502735e-01
1.283966064453125000e+00 -4.081684875488281250e+01 -1.274261093139648438e+01 -1.105302533435859047e-01 -6.200352443293424276e-01 -7.767492252234663441e-01
2.479096412658691406e+01 -4.809391784667968750e+01 8.549093246459960938e+00 -2.812599203085878186e-01 8.343991818697557017e-01 4.739945806895783376e-01
-9.369629859924316406e+00 -5.875754165649414062e+01 9.144067764282226562e+00 4.630886978505518448e-01 -6.804865724309965280e-01 -5.678792852923888468e-01
2.551616287231445312e+01 -4.856609344482421875e+01 2.625828981399536133e+00 3.026818914632773416e-01 -7.755122049923570682e-01 -5.540437640548850906e-01
-7.952678203582763672e+00 -2.632887458801269531e+01 -1.601908493041992188e+01 -9.735002363111408541e-02 -2.554330852652950679e-01 -9.619131519273836917e-01
2.086463928222656250e+01 -2.491883993148803711e+00 -1.250438976287841797e+01 6.784868982015912486e-02 3.071117730426833892e-01 9.492517654175139930e-01
-1.762874794006347656e+01 -5.248801040649414062e+01 9.565347671508789062e+00 -8.109586908025426810e-01 3.565218704302129393e-01 4.639376657663920600e-01
4.500162887573242188e+01 -2.384487152099609375e+01 -5.998000036925077438e-03 -7.716347293586830469e-01 3.839577623405758255e-01 5.071057889493767457e-01
3.934377670288085938e+01 -3.845235061645507812e+01 5.774034023284912109e+00 -5.116096099860598656e-01 7.081022501984921558e-01 4.866690972660416836e-01
3.342820107936859131e-01 -4.755450439453125000e+01 -5.436377048492431641e+00 4.914304110607974757e-02 -7.881372423756558554e-01 -6.135345537875945832e-01
2.785659599304199219e+01 -8.206688880920410156e+00 -1.483900451660156250e+01 1.363148105756364914e-01 2.318954625522240409e-02 -9.903941222373068287e-01
3.656718063354492188e+01 -3.375840759277343750e+01 -1.367123961448669434e+00 -5.202970939128068739e-01 5.511399157113184843e-01 6.523309952590085059e-01
4.811333465576171875e+01 -3.437789916992187500e+01 1.129149818420410156e+01 -5.605996631632962357e-01 4.646219932847157619e-01 6.854592774318081227e-01
5.661600083112716675e-02 -8.087730407714843750e+00 -1.217010974884033203e+01 -3.313349665646524861e-02 -7.866323053988205638e-02 9.963504742611132281e-01
3.378502655029296875e+01 -5.017903137207031250e+01 1.018019866943359375e+01 3.462055921719353058e-01 -7.790598621180898631e-01 -5.226924709477098752e-01
-6.952424049377441406e+00 -5.474022674560546875e+01 4.578032970428466797e+00 -7.700384210876320967e-02 -7.562515268507442601e-01 -6.497338196803416066e-01
-1.625035095214843750e+01 -4.502203750610351562e+01 1.167415976524353027e+00 -1.639993743957950667e-01 6.358437389506017556e-01 7.541929095630022228e-01
3.411991882324218750e+01 -2.028474617004394531e+01 -1.399492835998535156e+01 2.688351772681785712e-01 -1.202973217755681605e-02 -9.631110699223237592e-01
2.299042320251464844e+01 -4.278468322753906250e+01 -6.954510211944580078e-01 -3.362846288343926959e-01 7.466148696010720398e-01 5.740025129738448584e-01
5.114763259887695312e+01 -3.547758865356445312e+01 1.487565612792968750e+01 -5.931265709314315071e-01 4.192411253324151432e-01 6.873410723106336828e-01
1.531035614013671875e+01 -2.325250434875488281e+01 -1.220682716369628906e+01 -1.967665239317874584e-02 4.716301093701030095e-02 9.986933862552377361e-01
5.520189285278320312e+01 -3.618640518188476562e+01 1.513743209838867188e+01 8.075917263614438291e-01 -4.534365234180096627e-01 -3.770821167108450722e-01
3.090550422668457031e+01 -4.120077133178710938e+01 -3.558104991912841797e+00 3.747487137201179208e-01 -6.969518112079361449e-01 -6.114094981426886344e-01
1.576236152648925781e+01 -1.593893718719482422e+01 -1.241684055328369141e+01 -6.445932448465792330e-02 7.977682865341634288e-02 9.947264212319812948e-01
2.479238033294677734e+00 -2.386019515991210938e+01 -1.695554542541503906e+01 2.830886297031073688e-03 -3.989418604042719446e-02 -9.991998999214046773e-01
4.599835968017578125e+01 -3.695856857299804688e+01 1.125245571136474609e+01 -5.681277307273335797e-01 5.305317233017909917e-01 6.291001288738082842e-01
-1.332007312774658203e+01 -4.678360366821289062e+01 -2.460617065429687500e+00 -3.516440236903082273e-01 -7.786641750508662696e-01 -5.196427456390051436e-01
8.960834503173828125e+00 -3.947724914550781250e+01 -8.648337364196777344e+00 -1.159570947389632345e-01 5.804099910441229415e-01 8.060261748081510857e-01
5.148435592651367188e+01 -2.881645584106445312e+01 1.132304954528808594e+01 -7.366173288706032718e-01 3.450263854114087314e-01 5.816800702942087620e-01
-7.809906959533691406e+00 -4.966560363769531250e+01 3.821335077285766602e+00 1.478706852894588197e-01 7.580182892701835540e-01 6.352499772246592569e-01
2.145452880859375000e+01 -5.482535171508789062e+01 1.562811279296875000e+01 -1.766097241290224273e-01 6.915154544742309062e-01 7.004394203400952090e-01
-4.156154155731201172e+00 -4.725434875488281250e+01 1.637849956750869751e-01 9.626567331266377980e-02 8.157947201302006013e-01 5.702735262567842911e-01
-1.605101966857910156e+01 -4.238859176635742188e+01 -1.009294033050537109e+00 -6.033622639017818257e-01 6.964483775553230727e-01 3.884760428905168483e-01
3.594688796997070312e+01 -4.844621276855468750e+01 1.490027904510498047e+01 -3.431999874231305148e-01 6.741501005334035179e-01 6.540148397273300995e-01
-5.610798835754394531e+00 -2.031162452697753906e+01 -1.678548431396484375e+01 -1.538163326064168578e-02 2.365544027008282049e-02 -9.996018334836443975e-01
7.491765022277832031e+00 1.691399961709976196e-01 -1.313529777526855469e+01 1.472538227735903371e-01 9.576829514051731218e-01 2.473048245919209076e-01
2.604407501220703125e+01 -4.023307418823242188e+01 -7.794346809387207031e+00 3.901491817317348509e-01 -7.190350189068605014e-01 -5.751280358143470162e-01
2.032512855529785156e+01 -4.866496658325195312e+01 6.759311199188232422e+00 -2.455103312146552086e-01 8.571735270161801035e-01 4.527452063241665381e-01
2.595906066894531250e+01 -5.926815032958984375e+00 -1.188065719604492188e+01 1.013061335553148562e-01 -2.086800178058653525e-03 9.948531110516213305e-01
5.197425079345703125e+01 -2.380217742919921875e+01 7.590614795684814453e+00 2.361687585246265153e-01 9.119708964808651563e-01 3.354599848995760691e-01
2.962094879150390625e+01 -2.430934524536132812e+01 -1.477369594573974609e+01 1.340035320708167499e-01 -1.313289129874408226e-02 -9.908938291051574421e-01
-5.875110030174255371e-01 -5.431176376342773438e+01 3.582592964172363281e+00 1.894289496110075632e-02 -8.277839753214839558e-01 -5.607270788284203222e-01
1.009790134429931641e+01 -2.278576850891113281e+01 -1.231050682067871094e+01 -2.294544934038328030e-02 -9.663547386478640519e-03 9.996900130572863308e-01
1.635684204101562500e+01 -2.904006576538085938e+01 -1.597673320770263672e+01 3.031092851425517751e-02 -1.202986959239472908e-01 -9.922748970782246936e-01
1.474727249145507812e+01 -3.318436813354492188e+01 -1.553318405151367188e+01 4.348288599032842233e-02 -2.043997708309988892e-01 -9.779212505668273270e-01
1.439599037170410156e+00 -6.226570129394531250e+00 -1.686005783081054688e+01 -1.353255399867601683e-01 -2.690460261805506237e-01 -9.535728781921948283e-01
3.057805633544921875e+01 -5.322964859008789062e+01 1.651976966857910156e+01 -3.040635135224914465e-02 1.449532286318782615e-01 9.889711903319722275e-01
4.610757446289062500e+01 -1.911944389343261719e+01 -8.936169743537902832e-01 -4.774972969343611040e-01 6.574072006656692668e-01 5.829340476703235296e-01
-1.052592563629150391e+01 -4.466796493530273438e+01 -6.130531787872314453e+00 -3.517686779455553303e-01 -6.875233751439780994e-01 -6.352719148892614909e-01
1.169895172119140625e+01 -4.866296005249023438e+01 2.849802017211914062e+00 -1.384415668464191451e-01 8.029991295013191310e-01 5.796777816936165006e-01
4.973488998413085938e+01 -3.884986495971679688e+01 1.579868602752685547e+01 -4.955105633340950444e-01 4.075387943705484628e-01 7.670602405986948202e-01
3.215998840332031250e+01 -3.277896881103515625e+01 -5.738578796386718750e+00 -5.230092541710363863e-01 5.617744009616533196e-01 6.409920767650967299e-01
5.772305965423583984e+00 -3.174253654479980469e+01 -1.235439300537109375e+01 -1.271507120422092109e-02 -2.572555774912856433e-02 9.995881765220954174e-01
-8.028434753417968750e+00 -3.510955810546875000e+01 -9.783881187438964844e+00 2.723104619826994810e-01 4.960626465749943814e-01 8.244809658007765663e-01
4.042174530029296875e+01 -4.972983932495117188e+01 1.463444328308105469e+01 4.251408951724345853e-01 -7.788364979434196922e-01 -4.611604153905780601e-01
-1.217025184631347656e+01 -5.075484466552734375e+01 6.664554119110107422e+00 2.437145589038511861e-01 7.940910296651273459e-01 5.567967765564731941e-01
1.715197372436523438e+01 -7.927093982696533203e+00 -1.607140731811523438e+01 3.165215356720709611e-02 -2.124082482239233668e-02 -9.992732201632457123e-01
1.688521027565002441e+00 -1.183362483978271484e+01 -1.661855125427246094e+01 7.550951003360154012e-02 8.798483462078883488e-02 -9.932557489243331039e-01
-4.712573051452636719e+00 -5.763817977905273438e+01 8.253914833068847656e+00 6.433152455756518170e-05 -8.422347261301639243e-01 -5.391109922473319438e-01
5.460200119018554688e+01 -3.219050216674804688e+01 1.119201183319091797e+01 7.521161236259822358e-01 -3.815803707125249300e-01 -5.373246293152007524e-01
5.217729187011718750e+01 -3.863391494750976562e+01 1.358644199371337891e+01 6.171695246435954241e-01 -5.331270033022063037e-01 -5.786859046159735787e-01
-1.376108741760253906e+01 -3.152663421630859375e+01 -1.069215774536132812e+01 -4.276084397549684279e-01 1.283031883155066610e-01 8.948124463363241743e-01
2.914519691467285156e+01 -1.871561241149902344e+01 -1.476899337768554688e+01 2.706367695270451290e-01 -7.028758345722822820e-02 -9.601121781290496981e-01
5.606530189514160156e+00 -1.938955068588256836e+00 -1.681707000732421875e+01 4.255216381705922424e-01 6.181857343592542797e-01 -6.608916199221511745e-01
1.347891235351562500e+01 -3.836874008178710938e+01 -8.959564208984375000e+00 -1.738786531800755875e-01 6.409379452724831561e-01 7.476394614238672798e-01
2.304891014099121094e+01 -1.908725929260253906e+01 -1.600118255615234375e+01 1.010768190183839038e-01 3.933891677146308941e-02 -9.941005614546110092e-01
1.473135280609130859e+01 -2.347292327880859375e+01 -1.667197418212890625e+01 8.188748176861293526e-02 -3.881399313227734335e-03 -9.966340226326645402e-01
-7.921672821044921875e+00 -5.372472000122070312e+01 9.656612396240234375e+00 1.116234117743160059e-01 7.912612959059081019e-01 6.012036057320054860e-01
5.977855205535888672e+00 -4.163146209716796875e+01 -1.226802921295166016e+01 -2.081801228451328478e-02 -6.494677042625301988e-01 -7.601041451567543961e-01
1.507186794281005859e+01 -5.439591598510742188e+01 1.318663406372070312e+01 -2.079778631555527224e-01 7.554915814595540846e-01 6.212710187840665421e-01
3.169289970397949219e+01 -4.755110549926757812e+01 4.757011890411376953e+00 3.772124485122190785e-01 -7.437493528075520555e-01 -5.518583775623633336e-01
-4.529266834259033203e+00 -2.098940014839172363e-01 -1.556990814208984375e+01 -6.417331835451883792e-01 6.880224356821944554e-01 3.388268719197141121e-01
1.082038044929504395e+00 -5.681670379638671875e+01 6.926852226257324219e+00 5.516575103996274737e-02 -8.294117419536327640e-01 -5.559072784391632105e-01
-1.128376293182373047e+01 -2.863218688964843750e+01 -1.207299995422363281e+01 -7.780270244190145013e-01 5.980775079318435550e-01 1.922946795408797538e-01
3.447776412963867188e+01 -4.526512145996093750e+01 1.072440147399902344e+01 -4.011713243039491950e-01 7.027097520093940064e-01 5.875887788131352041e-01
-8.194649815559387207e-01 -5.057462215423583984e+00 -1.219557380676269531e+01 7.296989560610833703e-02 6.224147934835553425e-02 9.953900705671933080e-01
2.240582275390625000e+01 -4.420294952392578125e+01 -5.077560901641845703e+00 2.781351904929996177e-01 -7.947034451607417616e-01 -5.395250226440577723e-01
2.024508476257324219e+01 -5.039828109741210938e+01 2.720113039016723633e+00 2.046545125283693312e-01 -7.628106585384298866e-01 -6.133811455546562819e-01
1.722851991653442383e+00 -5.312189483642578125e+01 1.808897018432617188e+00 4.399214827981842019e-02 -7.839261927189928869e-01 -6.192934807172049139e-01
4.446462154388427734e+00 -2.607585144042968750e+01 -1.212448310852050781e+01 3.704105825281072545e-02 1.007069344596876574e-02 9.992629989832653159e-01
7.911000251770019531e-01 -5.964585113525390625e+01 1.129016017913818359e+01 5.316100131474642276e-02 -8.280178155090239800e-01 -5.581759625233583266e-01
-1.715678596496582031e+01 -4.952751922607421875e+01 6.203258037567138672e+00 -6.878934515791529369e-01 5.913450784717426689e-01 4.208486633479645023e-01
2.587529945373535156e+01 -4.552831268310546875e+01 4.712491035461425781e+00 -3.354194258819047092e-01 7.819045082368193400e-01 5.254704071020473988e-01
1.264126682281494141e+01 -5.314491653442382812e+01 3.866489887237548828e+00 1.332684004266748434e-01 -8.151972614361426839e-01 -5.636425803598668072e-01
-6.196200251579284668e-01 -4.977183914184570312e+01 2.871820926666259766e+00 7.191264703324765084e-02 7.833206355524837683e-01 6.174442105278215021e-01
4.425846862792968750e+01 -4.238890075683593750e+01 1.435800933837890625e+01 -3.690824067397526775e-01 7.748264231276988934e-01 5.132467155845498175e-01
2.525104904174804688e+01 -3.470115280151367188e+01 -8.370014190673828125e+00 -3.418707391094561454e-01 5.172245278719573847e-01 7.846038398506502975e-01
-1.846837997436523438e+00 -5.440922164916992188e+01 9.951496124267578125e+00 -2.280840356234149768e-02 8.212986308852262551e-01 5.700423981012203711e-01
8.103919982910156250e+00 -5.148443984985351562e+01 6.564692974090576172e+00 -1.024013846754927015e-01 8.805071975040222876e-01 4.628401792845502349e-01
3.708124160766601562e+01 -2.082654762268066406e+01 -1.301922225952148438e+01 3.289911838986708248e-01 -1.048453375486889105e-01 -9.384946755902521254e-01
2.741945075988769531e+01 -1.216264057159423828e+01 -1.114783000946044922e+01 -3.024030473906311189e-01 1.119970366034022113e-01 9.465775513506095029e-01
4.118490219116210938e+01 -1.625632858276367188e+01 -6.958667755126953125e+00 -5.884246052595651921e-01 1.517334666065773274e-01 7.941872820919984033e-01
1.915606880187988281e+01 -5.126691818237304688e+00 -1.266269111633300781e+01 -1.335326632327427376e-01 5.637086778527403141e-02 9.894399189011459095e-01
4.273589706420898438e+01 -4.490475463867187500e+01 1.552895259857177734e+01 -4.159288700736853417e-01 5.394157482686633420e-01 7.321433094408399400e-01
6.836502075195312500e+00 -2.847335815429687500e+01 -1.210673046112060547e+01 1.065005622503124687e-02 -3.202286104997641158e-02 9.994303941108543254e-01
1.094418811798095703e+01 -5.032910919189453125e+01 -6.969270110130310059e-01 1.110794677590256213e-01 -8.479713021636706705e-01 -5.182721510453945912e-01
2.807040214538574219e+01 -2.963450050354003906e+01 -1.019564914703369141e+01 -3.664840604267159407e-01 4.446579574414662450e-01 8.172935423317196912e-01
4.164388275146484375e+01 -3.288482284545898438e+01 -2.792788028717041016e+00 5.856545270997987052e-01 -5.011641066707708259e-01 -6.370583278416501738e-01
4.815282821655273438e+01 -3.660133361816406250e+01 6.664501190185546875e+00 6.369502290303686864e-01 -5.405107309748254929e-01 -5.496749543495869084e-01
3.017832756042480469e+01 -4.512592697143554688e+01 5.804020166397094727e-01 3.124903404062172596e-01 -7.184959513154496324e-01 -6.213802017252509913e-01
-7.743524074554443359e+00 -2.362517356872558594e+01 -1.173740863800048828e+01 1.491445375098950088e-01 2.857704231171219467e-02 9.884023773664621926e-01
6.163486957550048828e+00 -9.911146163940429688e+00 -1.659556388854980469e+01 -6.968585195658881515e-02 1.374304336764888279e-01 -9.880570620852707764e-01
-2.838896036148071289e+00 -3.244985198974609375e+01 -1.178457927703857422e+01 1.428545653379106051e-01 2.103951419639250031e-01 9.671227726613081943e-01
5.262064743041992188e+01 -2.317278289794921875e+01 4.143374919891357422e+00 3.704778679222039406e-01 8.790588398755816435e-01 3.000028423472261840e-01
-9.571344375610351562e+00 -5.871687698364257812e+01 1.490819072723388672e+01 5.936398330659867217e-02 4.890357805947966874e-01 8.702413014698922034e-01
4.215641975402832031e+00 -5.645629119873046875e+01 6.689208984375000000e+00 1.497644131161597614e-01 -8.350274889302929937e-01 -5.294333889119022807e-01
-4.020813941955566406e+00 -9.129689216613769531e+00 -1.653419113159179688e+01 9.407150362588387327e-02 9.963033498010726019e-02 -9.905676900430968601e-01
5.272867965698242188e+01 -2.879577636718750000e+01 6.250054836273193359e+00 6.571976232442039434e-01 -3.272731300413176947e-01 -6.789577176489918209e-01
-5.891757965087890625e+00 -5.534669876098632812e+01 1.132957172393798828e+01 7.500955957174931799e-02 7.370624571656408941e-01 6.716490900833558264e-01
3.791576385498046875e+01 -1.363231277465820312e+01 -9.841619491577148438e+00 1.906885813473185032e-01 6.023847544718431424e-01 7.750938475588904364e-01
1.177649402618408203e+01 -2.968527030944824219e+01 -1.229930496215820312e+01 1.695299843668592737e-02 -1.515029535224396151e-01 9.883114139369144624e-01
1.919581031799316406e+01 -2.061562156677246094e+01 -1.213780498504638672e+01 -1.171946172328695024e-01 1.205534241151963865e-01 9.857648267339136350e-01
2.567177057266235352e+00 -4.668706512451171875e+01 -1.194224953651428223e+00 -4.381864058926803612e-03 7.652901373344754843e-01 6.436705717725091924e-01
6.596713066101074219e+00 -4.718529891967773438e+01 -5.946195125579833984e+00 8.385890233182001496e-02 -7.848289650980114773e-01 -6.140123614740070623e-01
3.298985671997070312e+01 -2.602290916442871094e+01 -1.360914516448974609e+01 2.868327987948479096e-01 -2.007849349945971806e-01 -9.367029173728079749e-01
3.956134033203125000e+01 -4.231053924560546875e+01 1.088262367248535156e+01 -4.791622056839690558e-01 6.631414849037686743e-01 5.750190880689949324e-01
1.866953086853027344e+01 -1.707756805419921875e+01 -1.237663459777832031e+01 9.447475486961887103e-02 -7.606663427164399305e-02 9.926169391275313503e-01
2.042632484436035156e+01 -4.256010055541992188e+01 -8.218134880065917969e+00 2.355931774690112890e-01 -7.841960098394296086e-01 -5.740491902981590400e-01
-5.689439773559570312e-01 -5.004767227172851562e+01 -1.966613054275512695e+00 5.197757438363812595e-04 -8.165525655483174550e-01 -5.772708528322186838e-01
-4.985279083251953125e+00 -2.149930953979492188e+01 -1.194551467895507812e+01 -9.877743973276476019e-02 -1.678208089998124708e-01 9.808563572034839639e-01
4.570472335815429688e+01 -4.161415481567382812e+01 9.379403114318847656e+00 6.112095893294007265e-01 -5.865487748369837551e-01 -5.313975655279374877e-01
1.218871402740478516e+01 -3.873193740844726562e+01 -1.387350940704345703e+01 7.497659211476416508e-02 -5.109916247381387500e-01 -8.563095643996587736e-01
5.084836959838867188e+00 -4.406552791595458984e+00 -1.229373455047607422e+01 -1.048495190897401341e-02 7.318758929417344683e-02 9.972630759016267721e-01
3.204066991806030273e+00 -3.798601150512695312e+01 -9.914329528808593750e+00 -6.977096368982758923e-02 6.022645047863315337e-01 7.952417738651986756e-01
-1.228693962097167969e+00 -5.791864776611328125e+01 1.399858474731445312e+01 -6.076012696054802764e-02 6.860957914807442881e-01 7.249694972094682388e-01
-1.413010001182556152e+00 -1.572411346435546875e+01 -1.703166389465332031e+01 2.757839426023434015e-02 -6.584603585156899308e-02 -9.974486110736036082e-01
1.302213859558105469e+01 -2.473280906677246094e+00 -1.658211517333984375e+01 7.536939395085724691e-02 -6.839718460389439258e-02 -9.948071569875950315e-01
-9.662699699401855469e-02 -5.600977325439453125e+01 1.197505474090576172e+01 -2.014610548619461330e-02 7.601935466306215528e-01 6.493842514989841552e-01
2.319555997848510742e+00 -3.024657440185546875e+01 -1.614520645141601562e+01 -2.584635644871290105e-02 -2.099527198618160173e-01 -9.773698487680864133e-01
3.192558670043945312e+01 -3.627096176147460938e+01 -8.046723365783691406e+00 4.912154287658863638e-01 -6.533957130802718893e-01 -5.760047262572323135e-01
1.359909057617187500e+01 -1.284735393524169922e+01 -1.273232650756835938e+01 -7.205954659895574821e-02 4.289824061877763051e-02 9.964773769111702206e-01
6.678512096405029297e+00 -3.794837951660156250e+01 -1.465261650085449219e+01 -4.432366636528670134e-03 -3.771855583053118077e-01 -9.261271018234535912e-01
4.802107620239257812e+01 -4.389265060424804688e+01 1.445705890655517578e+01 6.068424199101777328e-01 -6.100798191185818897e-01 -5.094554854958359691e-01
5.259094238281250000e+01 -3.375774383544921875e+01 9.639822959899902344e+00 7.294176310959870069e-01 -4.330496060637004652e-01 -5.295450482578345497e-01
2.560952568054199219e+01 -2.783502578735351562e+01 -1.507736301422119141e+01 1.465882394926658894e-01 -1.008342007293902137e-01 -9.840448932877533528e-01
-6.964140892028808594e+00 -3.222552108764648438e+01 -1.505121707916259766e+01 -1.536089057085980869e-01 -2.085329947815116325e-01 -9.658769560220706873e-01
-1.073313808441162109e+01 -5.364529037475585938e+01 4.185763835906982422e+00 -1.404403176186714286e-01 -6.821480813577245339e-01 -7.176005241686643776e-01
4.659672546386718750e+01 -2.839643287658691406e+01 4.385956764221191406e+00 -7.360222892146628393e-01 3.895190429432746071e-01 5.536660590678850191e-01
4.865599441528320312e+01 -3.134796524047851562e+01 3.379765987396240234e+00 6.536061524866210171e-01 -3.632862069249501169e-01 -6.639443721349842509e-01
8.309585571289062500e+00 -4.359241867065429688e+01 -4.340301990509033203e+00 -8.644823469428258855e-02 7.650070099932282375e-01 6.381935265884973729e-01
1.274392414093017578e+01 -5.582770919799804688e+01 7.962357997894287109e+00 1.789787364164933670e-01 -8.688266754888009924e-01 -4.616349422106530986e-01
-8.599668502807617188e+00 -1.822807884216308594e+01 -1.366352176666259766e+01 -9.801180451763321644e-01 7.418969075420844828e-02 -1.840231162259799158e-01
2.362407112121582031e+01 -3.592770004272460938e+01 -1.295431613922119141e+01 2.535221444184003192e-01 -5.586280318152964108e-01 -7.897222577334792604e-01
2.455451393127441406e+01 -4.708676910400390625e+01 -6.141899898648262024e-02 3.227290017664681820e-01 -7.713216054608227346e-01 -5.485517043708441065e-01
3.081241607666015625e+01 -3.457513427734375000e+01 -1.060935974121093750e+01 4.552881070890145154e-01 -5.900281249080818746e-01 -6.667679891542146464e-01
1.060269355773925781e+01 -6.208398818969726562e+00 -1.255922222137451172e+01 1.651129094026143052e-01 -8.543788834650009600e-02 9.825670940874700054e-01
4.588926315307617188e+01 -3.228155899047851562e+01 6.743052005767822266e+00 -7.027927503150521726e-01 5.063909911939844521e-01 4.996503919163668428e-01
2.295575141906738281e+01 -5.284156799316406250e+01 7.665479183197021484e+00 1.894170728077807786e-01 -8.279492000482920888e-01 -5.278459004940032617e-01
-1.392701983451843262e+00 -3.767745208740234375e+01 -9.667054176330566406e+00 1.343225991088297655e-01 5.553796236930771402e-01 8.206771063915361264e-01
2.330657005310058594e+01 -5.018458938598632812e+01 3.789376974105834961e+00 2.679600524878099632e-01 -7.706625244392174556e-01 -5.781666573711273793e-01
4.183547210693359375e+01 -4.758134078979492188e+01 1.306554985046386719e+01 4.310230162971917522e-01 -7.293848782042798851e-01 -5.312408670923185472e-01
-8.700944900512695312e+00 -3.852232360839843750e+01 -7.248228073120117188e+00 2.138467556417519289e-01 5.640449046466442518e-01 7.975731381156556665e-01
4.750080871582031250e+01 -2.800416755676269531e+01 -3.505850136280059814e-01 6.988755416782730379e-01 -3.580080054097901643e-01 -6.191956438044472488e-01
2.814035797119140625e+01 -3.506024169921875000e+01 -6.528742790222167969e+00 -4.299161122681398606e-01 6.272881666330373251e-01 6.493702275392758683e-01
1.971695899963378906e+01 -2.238507032394409180e+00 -1.588339519500732422e+01 1.067264018889196309e-01 5.500684663048072132e-02 -9.927656933857129662e-01
2.436289215087890625e+01 -3.432682037353515625e+00 -1.382474517822265625e+01 3.576538718735152722e-01 6.822503686297285430e-01 6.376661684913842443e-01
-1.596458339691162109e+01 -5.889483642578125000e+01 1.489739227294921875e+01 -7.296069128378036839e-02 -4.384437222386929900e-01 8.957922973306214898e-01
-2.315975904464721680e+00 -3.277092933654785156e+00 -1.691291046142578125e+01 1.767822940030610787e-02 -1.735700711398777685e-01 -9.846628410830622347e-01
4.381763076782226562e+01 -3.723005294799804688e+01 9.296643257141113281e+00 -6.488508877896949079e-01 5.882619233422103910e-01 4.826390317413708497e-01
4.224206542968750000e+01 -3.321332550048828125e+01 3.228146076202392578e+00 -5.922437568782529249e-01 5.241616292229661633e-01 6.119656190416731256e-01
4.880594253540039062e+00 -4.926963424682617188e+01 2.393616914749145508e+00 -1.531933988457550612e-02 7.698413697079037332e-01 6.380513955096089873e-01
3.445722579956054688e+01 -1.825660133361816406e+01 -1.049738788604736328e+01 -2.059255939091728660e-01 4.235726701090826440e-03 9.785584849115908090e-01
1.944054794311523438e+01 -1.114011478424072266e+01 -1.236467838287353516e+01 -9.472958594715022440e-02 3.106452943437469291e-02 9.950182413188725095e-01
1.597081947326660156e+01 -1.325623512268066406e+01 -1.635395431518554688e+01 4.572494625237830124e-02 5.109269528242811609e-02 -9.976466136759017944e-01
-4.943998813629150391e+00 -6.078513336181640625e+01 1.288897323608398438e+01 -3.950323651496177868e-02 -8.220011721478199807e-01 -5.681140442661605228e-01
-1.112925148010253906e+01 -5.136816787719726562e+01 1.637431979179382324e+00 -1.827430669857911527e-01 -7.000614903468093120e-01 -6.903034703679469253e-01
1.894337272644042969e+01 -5.309662628173828125e+01 6.303102970123291016e+00 1.615368934245025451e-02 -9.383592988166250537e-01 -3.452837740829993174e-01
2.492724990844726562e+01 -1.689590072631835938e+01 -1.570824050903320312e+01 1.535194776611302214e-01 1.737771872476478671e-02 -9.879928060824009206e-01
3.489191436767578125e+01 -2.337847137451171875e+01 -9.354902267456054688e+00 -5.133435190899539036e-01 2.902493137139683932e-01 8.076099103508527222e-01
2.181364059448242188e+01 -1.292297458648681641e+01 -1.593874549865722656e+01 1.061200060216644231e-01 2.469161062792539843e-02 -9.940467135334036808e-01
4.283793258666992188e+01 -3.010162925720214844e+01 -3.884827136993408203e+00 6.659315386971498274e-01 -4.609631248407460302e-01 -5.865562064333658121e-01
2.265528678894042969e+01 -3.912614440917968750e+01 -5.114820957183837891e+00 -2.910996707435652420e-01 7.247072975324657662e-01 6.245480882975931181e-01
-9.714114189147949219e+00 -3.666025543212890625e+01 -1.311346626281738281e+01 -3.085527053292371202e-01 -4.223072891678686935e-01 -8.523214074219274128e-01
1.823092079162597656e+01 -2.278897857666015625e+01 -1.644070243835449219e+01 8.431207517836247778e-02 -3.351187900249857909e-02 -9.958757090846427351e-01
-4.607160091400146484e-01 -1.352741813659667969e+01 -1.226700687408447266e+01 4.937441539312012462e-02 2.607576629378059382e-02 9.984398937927009277e-01
1.305420017242431641e+01 -4.259493255615234375e+01 -4.582188129425048828e+00 -1.890061523741852489e-01 7.486911578140413859e-01 6.354039853319904951e-01
2.897773981094360352e+00 -3.192457580566406250e+01 -1.227611541748046875e+01 2.563254756891334210e-02 6.783130241718371423e-02 9.973674783737014327e-01
1.172676467895507812e+01 -5.852445125579833984e+00 -1.634420013427734375e+01 7.824857431914454542e-02 3.165038962388461857e-02 -9.964313390563735995e-01
4.423704528808593750e+01 -4.396686553955078125e+01 1.071308803558349609e+01 5.617418343633039379e-01 -6.522339919954480703e-01 -5.089567085831878668e-01
2.846057891845703125e+00 -8.791496276855468750e+00 -1.219236755371093750e+01 -3.561991667999486050e-02 -1.170084864101338384e-01 9.924919322814266254e-01
4.262261199951171875e+01 -1.970782852172851562e+01 -4.403026103973388672e+00 -7.805796450460700253e-01 2.977742136255895899e-01 5.495688632368224136e-01
6.744320869445800781e+00 -1.929405212402343750e+01 -1.696360015869140625e+01 -4.014482265083238466e-02 -9.459726012901254616e-03 -9.991490913763040327e-01
1.418255996704101562e+01 -4.229528427124023438e+01 -1.054467010498046875e+01 1.456616221860479454e-01 -6.711173267244365803e-01 -7.269004234366458483e-01
1.161329555511474609e+01 -1.838421630859375000e+01 -1.232552146911621094e+01 -4.373224419111955419e-02 1.289127450605606628e-01 9.906911703346099607e-01
3.280805587768554688e+01 -2.700835800170898438e+01 -9.068551063537597656e+00 -4.057397173282106806e-01 3.987468362337960870e-01 8.224209642123442299e-01
-5.473587989807128906e+00 -1.688002586364746094e+01 -1.692006683349609375e+01 -1.557072348650205898e-02 1.828438386422747905e-02 -9.997115753440152242e-01
8.342189788818359375e+00 -5.597016525268554688e+01 6.784448146820068359e+00 1.212543383336900094e-01 -8.337987663056680709e-01 -5.385879712195630331e-01
2.762624740600585938e+01 -1.661845970153808594e+01 -1.110727310180664062e+01 -8.505683162685587217e-02 -1.610528650665310132e-02 9.962459310532412182e-01
1.504421424865722656e+01 -4.569553756713867188e+01 -2.264380007982254028e-01 -2.586028745230086745e-01 7.759959284987237860e-01 5.752867739152712767e-01
2.052016639709472656e+01 -4.583393478393554688e+01 -3.664043903350830078e+00 2.626389081520928981e-01 -8.555916480877286956e-01 -4.460759303607413351e-01
2.383000755310058594e+01 -1.696915626525878906e+01 -1.175359821319580078e+01 -1.985591530858105414e-01 5.346003631177711352e-02 9.786298009172770263e-01
1.118661499023437500e+01 -5.707400894165039062e+01 1.508892917633056641e+01 -1.889855503025892614e-01 6.890676088761238383e-01 6.996215349562711072e-01
1.149507808685302734e+01 -4.693234634399414062e+01 -5.354734897613525391e+00 1.608747563365835187e-01 -7.916766640620330753e-01 -5.893788020901800095e-01
1.159385395050048828e+01 -1.428181171417236328e+01 -1.662450027465820312e+01 2.468940572091210539e-02 5.840869597784599521e-02 -9.979874034672561178e-01
2.599798202514648438e+01 -2.223047828674316406e+01 -1.175386714935302734e+01 3.802453511427614230e-02 -1.340530806935528174e-01 9.902443669549001459e-01
2.281410026550292969e+01 -4.578031158447265625e+01 3.226016998291015625e+00 -2.811411413937370818e-01 7.894262422065019269e-01 5.456792709381106388e-01
2.744914054870605469e+01 -3.352927398681640625e+01 -1.296556091308593750e+01 3.569373751243688497e-01 -4.280461920318697211e-01 -8.302843896679867886e-01
2.488143157958984375e+01 -1.117640781402587891e+01 -1.198620891571044922e+01 -1.417260106876043479e-01 5.889410833408188772e-02 9.881524284735176966e-01
8.364350199699401855e-01 -5.184985733032226562e+01 6.011725902557373047e+00 -1.054804969569642439e-02 8.373187460195842258e-01 5.466132601865858476e-01
-1.138501358032226562e+01 -3.378316116333007812e+01 -9.439146995544433594e+00 3.107051723520941056e-01 4.995365486318241177e-01 8.086566220928761428e-01
1.862242889404296875e+01 -5.812559509277343750e+01 1.407387351989746094e+01 2.240213101676711005e-01 -7.841442501515255570e-01 -5.787333129733088777e-01
4.636374664306640625e+01 -3.303097915649414062e+01 2.248385906219482422e+00 6.968102917527451146e-01 -4.903021533439341217e-01 -5.235066529985605843e-01
5.552920913696289062e+01 -2.624465560913085938e+01 1.388762187957763672e+01 3.544735910536427892e-01 9.182420636845465278e-01 1.765785539806009052e-01
3.227025985717773438e+01 -3.699865722656250000e+01 -1.701659917831420898e+00 -4.625364323808129896e-01 6.335161481563252872e-01 6.202558655471165361e-01
3.614133071899414062e+01 -2.573728370666503906e+01 -1.228086853027343750e+01 4.464863637071764257e-01 -3.081058445431600901e-01 -8.400718514400353776e-01
1.648367881774902344e+01 -4.481470870971679688e+01 -6.724091053009033203e+00 2.037500039289803777e-01 -6.953174998194343592e-01 -6.892165917502212080e-01
-1.619032478332519531e+01 -5.691178512573242188e+01 9.897573471069335938e+00 -2.133178475274508934e-01 -7.963004050654732824e-01 -5.660398933103728547e-01
3.431483459472656250e+01 -4.668875122070312500e+01 5.395323753356933594e+00 4.498806049305865140e-01 -7.095405884372718575e-01 -5.423648169520026707e-01
-2.991534948348999023e+00 -2.680466651916503906e+01 -1.200785064697265625e+01 -3.155809063373683082e-02 -4.708163767221029000e-02 9.983924109836049832e-01
2.813393020629882812e+01 -2.191059112548828125e+01 -1.498141098022460938e+01 1.144826868654808538e-01 3.649182248105999667e-03 -9.934185411381148967e-01
5.267961978912353516e+00 -5.039982986450195312e+01 -1.546043992042541504e+00 7.274360611025074141e-02 -8.006391973593918188e-01 -5.947144217368411923e-01
-9.215746879577636719e+00 -2.192598342895507812e+01 -1.399061965942382812e+01 -6.754151112393130818e-01 3.820191918052035507e-01 6.307739409662429519e-01
1.823463439941406250e+01 -3.937873840332031250e+01 -1.218564414978027344e+01 2.541402480110499518e-01 -5.894543406136188990e-01 -7.667830949314452527e-01
1.803135681152343750e+01 -3.468669128417968750e+01 -1.475286483764648438e+01 1.395875209988062249e-01 -2.991336004764158507e-01 -9.439461918178513322e-01
3.903670012950897217e-01 -8.840665817260742188e+00 -1.668622016906738281e+01 2.599306825323489251e-02 -1.862862226004229071e-02 -9.994885366203433152e-01
3.119071006774902344e+01 -2.991816711425781250e+01 -1.313051795959472656e+01 3.433029905117621627e-01 -3.113812171208039659e-01 -8.861065366704207191e-01
-1.805010032653808594e+01 -5.501629638671875000e+01 8.242259979248046875e+00 -2.883568972103489059e-01 -6.809899449847957031e-01 -6.731292555377647036e-01
2.986393547058105469e+01 -1.048131656646728516e+01 -1.474073600769042969e+01 2.502165262499002618e-01 3.011948214281374644e-02 -9.677212960283977372e-01
7.804989814758300781e-01 -4.385744476318359375e+01 -1.002248573303222656e+01 -1.824727680947360042e-01 -6.794537107180538271e-01 -7.106661268804866927e-01
5.461790847778320312e+01 -2.820897293090820312e+01 8.388817787170410156e+00 7.897266954989625720e-01 -3.701487138541192379e-01 -4.892051472014884439e-01
1.519966220855712891e+01 -9.945025444030761719e+00 -1.618942451477050781e+01 3.614114254130410681e-02 -5.669752504699629436e-02 -9.977370437491804855e-01
6.108104228973388672e+00 -4.367668151855468750e+01 -1.035081100463867188e+01 -9.136311186811155172e-02 -7.168651499818645689e-01 -6.911997819236155305e-01
8.504652023315429688e+00 -5.684552192687988281e+00 -1.684615135192871094e+01 8.626931139089820400e-02 -1.615349968443441642e-01 -9.830890349844402243e-01
5.486495208740234375e+01 -3.070285415649414062e+01 1.581613159179687500e+01 -6.306744527515817378e-01 3.777573019924966857e-01 6.779005498137926633e-01
1.079217815399169922e+01 -3.650843429565429688e+01 -1.495522117614746094e+01 4.621302777179912141e-02 -2.742437061318107050e-01 -9.605491896364558579e-01
3.775865173339843750e+01 -4.278964233398437500e+01 3.418665885925292969e+00 4.403607546121654504e-01 -6.199724894401904551e-01 -6.493970419818198003e-01
2.627955913543701172e+00 -4.119706726074218750e+01 -7.438616752624511719e+00 2.124936789133824097e-02 6.683119762241612749e-01 7.435775459221281025e-01
-1.546602058410644531e+01 -4.266464996337890625e+01 -5.799070835113525391e+00 -3.826176540047531160e-01 -6.093661973525674735e-01 -6.944613512413567724e-01
3.634399414062500000e+01 -4.911374282836914062e+01 1.053071689605712891e+01 4.174693848285753739e-01 -7.463338704884540098e-01 -5.183676942987232028e-01
-1.625009155273437500e+01 -4.586640930175781250e+01 -1.868561029434204102e+00 -3.408900528995635892e-01 -6.850122242534223416e-01 -6.438573013156811964e-01
2.871375846862792969e+01 -4.085979461669921875e+01 3.040550053119659424e-01 -3.904193192802751233e-01 7.093765874718226394e-01 5.868199146923682719e-01
-1.615005874633789062e+01 -5.350932312011718750e+01 5.684933185577392578e+00 -2.370460423314343923e-01 -7.045296906846344465e-01 -6.689148591254474585e-01
3.461114501953125000e+01 -4.266323471069335938e+01 6.949658870697021484e+00 -4.462794607566197835e-01 7.928681842653587664e-01 4.149634746414840869e-01
-2.118118047714233398e+00 -5.282067489624023438e+01 7.665602207183837891e+00 4.003502521574747730e-03 8.635779874740153739e-01 5.041993965862011651e-01
3.315072250366210938e+01 -1.276825618743896484e+01 -1.058392810821533203e+01 -9.377362652105900032e-02 -1.524499046466402941e-01 9.838523941843710929e-01
1.157634973526000977e+00 -5.969153213500976562e+01 1.557537078857421875e+01 -7.381516429553522385e-02 3.517972073916088016e-01 9.331613185250922093e-01
9.785998344421386719e+00 -1.486814403533935547e+01 -1.262748622894287109e+01 -4.681229475094391551e-02 -6.283351906969817345e-03 9.988839414811732098e-01
3.470256090164184570e+00 -5.322653961181640625e+01 8.642278671264648438e+00 -8.080009250901862283e-02 8.315332057185607084e-01 5.495669866703672968e-01
8.555227279663085938e+00 -5.846056365966796875e+01 1.090277004241943359e+01 1.682980169390564662e-01 -8.367931222681719294e-01 -5.210115622700376425e-01
5.768561172485351562e+01 -3.252812576293945312e+01 1.627657508850097656e+01 7.026655436123001586e-01 -5.557406981309199745e-01 4.443122891176748968e-01
3.505492401123046875e+01 -5.129085922241210938e+01 1.648378753662109375e+01 -8.007667978717419865e-02 9.777159079210635817e-02 9.919820771507130708e-01
1.735266494750976562e+01 -2.611702346801757812e+01 -1.207088661193847656e+01 -5.554401316941807998e-02 -6.602015631482364977e-02 9.962711486142724615e-01
1.945696258544921875e+01 -5.387913894653320312e+01 1.396928977966308594e+01 -2.195673075409646513e-01 7.696531958336946255e-01 5.995199376185849083e-01
-3.500993967056274414e+00 -4.151731109619140625e+01 -1.137695693969726562e+01 -1.094368827613332873e-01 -6.329440190481047113e-01 -7.664237975446186457e-01
2.482240295410156250e+01 -2.997337722778320312e+01 -1.116862297058105469e+01 -2.317496890840488044e-01 3.000238374672762331e-01 9.253527860015637874e-01
6.254916191101074219e+00 -1.865175056457519531e+01 -1.232972812652587891e+01 -7.308326913763513177e-02 1.728112667673754599e-01 9.822398392706391812e-01
-6.364344120025634766e+00 -5.178820800781250000e+01 8.564710021018981934e-01 -1.161936194859362198e-01 -7.771071979648677130e-01 -6.185494690499293569e-01
-1.299050521850585938e+01 -5.969768905639648438e+01 1.243929386138916016e+01 -2.015396233848744667e-01 -8.464651668663428774e-01 -4.928270502801336272e-01
-1.803580093383789062e+01 -5.446150207519531250e+01 1.253434181213378906e+01 -7.782456480769494034e-01 3.949616945682397628e-01 4.881997245729182699e-01
1.034649467468261719e+01 -2.882633018493652344e+01 -1.633420181274414062e+01 1.780922451130846282e-02 -7.778319392670260402e-02 -9.968112189702053039e-01
-1.013869571685791016e+01 -3.409433364868164062e+01 -1.401431369781494141e+01 -2.001850417078333000e-01 -2.400255688502160312e-01 -9.499019293456368862e-01
4.107318115234375000e+01 -4.326036071777343750e+01 6.552934169769287109e+00 5.020156283648095075e-01 -6.890539880153397911e-01 -5.226709390023913659e-01
-6.054216861724853516e+00 -1.344183731079101562e+01 -1.217871379852294922e+01 3.921709221438369163e-03 -3.873525264449523969e-02 9.992418127757413115e-01
1.966957664489746094e+01 -3.728307723999023438e+01 -8.196752548217773438e+00 -1.930660102617675067e-01 6.761779879647226155e-01 7.109914516177971988e-01
3.749397277832031250e+01 -2.611643218994140625e+01 -6.384325981140136719e+00 -6.112604487611114079e-01 4.115226027008404008e-01 6.760250078559895126e-01
8.423299789428710938e+00 -4.453562545776367188e+01 -9.024349212646484375e+00 1.017632079457602562e-01 -8.423552162495155926e-01 -5.292276817833888591e-01
-1.072051906585693359e+01 -4.593894958496093750e+01 5.702729821205139160e-01 2.054357339762338253e-01 7.551301856051644279e-01 6.225548666531777187e-01
-1.357822227478027344e+01 -3.929057312011718750e+01 -4.474059104919433594e+00 4.003740913898658493e-01 6.315522164899611823e-01 6.639596258737098244e-01
3.083094406127929688e+01 -5.397846984863281250e+01 1.386728382110595703e+01 2.572329806949925080e-01 -7.635578809111044363e-01 -5.922926271205082305e-01
2.515018653869628906e+01 -8.400078773498535156e+00 -1.536518478393554688e+01 1.865080939006104332e-01 3.061116321645651270e-02 -9.819764190631548040e-01
3.023287582397460938e+01 -2.130080032348632812e+01 -1.134860420227050781e+01 -1.720520321693574939e-01 3.657224376089716206e-02 9.844087409265969146e-01
-4.860880076885223389e-01 -3.402487564086914062e+01 -1.164994049072265625e+01 1.534522007668808474e-01 2.925462112204981202e-01 9.438586421601131704e-01
2.264950942993164062e+01 -4.056140899658203125e+01 -9.350260734558105469e+00 2.986361955527667145e-01 -7.237596412918598787e-01 -6.220839206593014037e-01
4.159284114837646484e+00 -1.119449138641357422e+01 -1.248900032043457031e+01 4.870591878352328180e-02 -1.498737011746110459e-01 9.875047377970782581e-01
3.868228530883789062e+01 -2.846301269531250000e+01 -3.468377113342285156e+00 -5.717744020481546618e-01 4.559720179389744055e-01 6.820289964650585457e-01
1.452654457092285156e+01 -2.618997764587402344e+01 -1.653555107116699219e+01 -1.773612158552081292e-02 -5.025398631884480521e-02 -9.985789737673074207e-01
2.757944869995117188e+01 -4.912106323242187500e+01 1.157847785949707031e+01 -2.789435523846199860e-01 7.338856144781137347e-01 6.193564397381610132e-01
3.605830001831054688e+01 -4.641004943847656250e+01 1.290533256530761719e+01 -3.334110092430988548e-01 6.901984514604618814e-01 6.422329768215572221e-01
4.106239318847656250e+01 -2.386355018615722656e+01 -4.048776149749755859e+00 -6.717793658418429459e-01 3.648326158483133907e-01 6.446779397826548630e-01
6.141739845275878906e+00 -5.801530838012695312e+01 1.489475917816162109e+01 -1.628726340621826016e-02 6.566342099809359123e-01 7.540333144718798231e-01
-7.001348018646240234e+00 -2.625251960754394531e+01 -1.170381641387939453e+01 9.864710674199425600e-02 5.766284895512375358e-02 9.934504236154979573e-01
3.816850662231445312e+01 -4.987532806396484375e+01 1.304252052307128906e+01 4.216036662703668836e-01 -7.376552885757600153e-01 -5.273661193360809074e-01
3.763088941574096680e+00 1.118387937545776367e+00 -1.315109825134277344e+01 2.253609273325291040e-01 9.735531290655488057e-01 -3.750676363672886260e-02
-5.875113010406494141e+00 -8.006243705749511719e+00 -1.287933731079101562e+01 -9.396030730259670172e-01 1.536349116273685866e-01 3.058469863990979087e-01
4.943515014648437500e+01 -2.162322235107421875e+01 3.189929008483886719e+00 2.856954437736521357e-01 8.583552865409037613e-01 4.261505784042290967e-01
1.033515548706054688e+01 -3.169450998306274414e+00 -1.242951393127441406e+01 8.925294777127336376e-02 -4.626375412883192845e-02 9.949339557820133795e-01
-9.171427726745605469e+00 -4.871905899047851562e+01 -2.062659978866577148e+00 -2.967655092947268369e-01 -6.858991720274609794e-01 -6.644340135070485598e-01
2.736130714416503906e+01 -4.385461425781250000e+01 3.157958030700683594e+00 -3.401818766857428455e-01 7.464937016196760977e-01 5.718596368137202068e-01
1.683837890625000000e+01 -3.064665222167968750e+01 -1.229436969757080078e+01 -5.685729654500101815e-02 1.271033524766541078e-01 9.902585448350290642e-01
2.171420097351074219e+01 -2.167108535766601562e+01 -1.180533409118652344e+01 -1.039675131183887546e-01 1.449005529195481791e-02 9.944751351912294313e-01
2.316793632507324219e+01 -5.075311660766601562e+01 1.160240268707275391e+01 -2.389176528193663884e-01 7.647806194643622657e-01 5.983552116117907271e-01
5.563500213623046875e+01 -3.387013626098632812e+01 1.380856990814208984e+01 7.324965320025588200e-01 -4.036161280269566776e-01 -5.482178871587021218e-01
2.106183433532714844e+01 -2.473264694213867188e+01 -1.196272659301757812e+01 1.912650568443433063e-02 -8.782318493475757548e-02 9.959524411176563508e-01
2.801173973083496094e+01 -5.163338470458984375e+01 8.509207725524902344e+00 3.419249757636352860e-01 -8.197760831155715966e-01 -4.594066657121216868e-01
-1.444508552551269531e+01 -4.948628616333007812e+01 5.949554920196533203e+00 2.042524152901860901e-01 7.706309549203932407e-01 6.036628878493426331e-01
1.438720798492431641e+01 -1.890768623352050781e+01 -1.665835380554199219e+01 9.981218918003800789e-02 4.574272258877346703e-02 -9.939542898047448727e-01
4.974303817749023438e+01 -2.890667915344238281e+01 9.196395874023437500e+00 -7.283350801229789839e-01 3.894136232986595281e-01 5.638129486378115063e-01
2.591202545166015625e+01 -4.535913085937500000e+01 -1.609765052795410156e+00 3.430396600169914878e-01 -7.236463064995927175e-01 -5.988821376071625791e-01
3.360081863403320312e+01 -1.001029014587402344e+01 -1.111415290832519531e+01 5.710861156945755690e-01 8.160308324502643096e-01 8.918704475096417283e-02
9.182720184326171875e-01 -3.721260130405426025e-01 -1.731893539428710938e+01 5.491258332034061607e-02 6.300402487389079875e-02 -9.965014305272104078e-01
2.611342239379882812e+01 -5.541098403930664062e+01 1.658318519592285156e+01 1.162657729841056198e-01 -1.000426706216726302e-01 9.881668553879410233e-01
2.607888793945312500e+01 -2.490564727783203125e+01 -1.185715770721435547e+01 -7.596481924789140472e-02 4.993792737079377764e-02 9.958592017180664113e-01
4.184111785888671875e+01 -3.906505584716796875e+01 9.294429779052734375e+00 -5.515565908698096820e-01 6.248118790990196958e-01 5.526259519827360078e-01
4.960208892822265625e+01 -2.275557708740234375e+01 -7.006239891052246094e-01 7.202657348311729546e-01 -3.236010227161232322e-01 -6.135956725117849286e-01
3.008864974975585938e+01 -4.368753433227539062e+01 4.819902896881103516e+00 -3.556249276022561134e-01 8.011770350188890388e-01 4.812964465131984171e-01
-2.598770141601562500e+00 -2.098409461975097656e+01 -1.687055778503417969e+01 -7.458691112306172107e-03 -2.479366527617615085e-02 -9.996647648532303032e-01
-5.992159843444824219e-01 -1.474640071392059326e-01 -1.265521812438964844e+01 4.205007884749634856e-02 1.511085395259760267e-01 9.876223975544731193e-01
1.564717197418212891e+01 -5.132493591308593750e+01 2.097412109375000000e+00 2.129387831137094511e-01 -7.950305233752049672e-01 -5.679643840486833239e-01
1.599331474304199219e+01 -3.345992660522460938e+01 -1.173564815521240234e+01 -1.034769868099481988e-01 3.815531372384876052e-01 9.185367258113317224e-01
3.527861785888671875e+01 -3.790139389038085938e+01 1.679731011390686035e+00 -4.805034871594449641e-01 6.246339108348021307e-01 6.155882359685194150e-01
2.055703163146972656e+01 -5.127096939086914062e+01 1.125945854187011719e+01 -2.370748730506165303e-01 7.807173252919754614e-01 5.781660337281825379e-01
1.480082035064697266e+01 -3.826271438598632812e+01 -1.374177169799804688e+01 1.371779279605963853e-01 -5.019636824681052989e-01 -8.539406756698597611e-01
-5.440916061401367188e+00 -3.495943450927734375e+01 -1.049594402313232422e+01 2.047048744676849830e-01 4.201490268124368210e-01 8.840648786360260081e-01
5.336798477172851562e+01 -2.490923881530761719e+01 9.561315536499023438e+00 2.907514217104425480e-01 9.445182021875381251e-01 1.528037189003501883e-01
4.233037567138671875e+01 -3.685380554199218750e+01 1.306766033172607422e+00 6.089823622162101602e-01 -5.541068335250338706e-01 -5.675439186093222954e-01
4.928669357299804688e+01 -3.744678497314453125e+01 8.943313598632812500e+00 6.332239733300485396e-01 -5.635942123802377690e-01 -5.304610856336262614e-01
-1.052680015563964844e+00 -4.362965011596679688e+01 -4.328806877136230469e+00 1.400621711914969980e-01 7.576694232756004954e-01 6.374320616617450419e-01
2.966547393798828125e+01 -3.848614883422851562e+01 -7.411366939544677734e+00 4.023877928153720140e-01 -6.265977107537474833e-01 -6.674274290672629339e-01
1.597845268249511719e+01 -5.142229461669921875e+01 9.568339347839355469e+00 -2.165137663475188157e-01 8.153914606872840753e-01 5.368971547887634310e-01
-1.085189819335937500e+01 -4.085852813720703125e+01 -9.785867691040039062e+00 -2.694740358587105478e-01 -6.714493277187302267e-01 -6.903184368855314057e-01
1.133721923828125000e+01 -5.344264984130859375e+01 1.091119098663330078e+01 -1.410070870702475054e-01 8.099839794965888462e-01 5.692477091344622098e-01
2.838653755187988281e+01 -6.574046134948730469e+00 -1.283412361145019531e+01 4.257369860678659745e-01 8.774775813516471068e-01 2.208644673076979592e-01
3.850808715820312500e+01 -3.157667922973632812e+01 -6.841391086578369141e+00 5.391021034085623498e-01 -5.550178737355864200e-01 -6.335014458819272498e-01
8.223570823669433594e+00 -1.577777981758117676e+00 -1.686034774780273438e+01 -4.315551317283086719e-02 1.103321635040206000e-01 -9.929574086431459667e-01
4.507696533203125000e+01 -4.665381622314453125e+01 1.533887958526611328e+01 6.444386230717962238e-01 -7.275028498524344078e-01 2.354537418473395538e-01
2.698015022277832031e+01 -3.830797576904296875e+01 -9.328472137451171875e+00 3.937247662448150609e-01 -6.604409247274131145e-01 -6.393735945366101348e-01
5.806553840637207031e+00 -2.961996841430664062e+01 -1.628784751892089844e+01 -1.905771560471342108e-02 -1.512811598263578694e-01 -9.883070444742979577e-01
-5.373596191406250000e+00 -3.022881317138671875e+01 -1.568536663055419922e+01 -1.140958848643818802e-01 -1.698319121208426707e-01 -9.788458768786801878e-01
5.190773391723632812e+01 -4.031545639038085938e+01 1.561051940917968750e+01 7.871782094170824973e-01 -6.027635164824459713e-01 1.304860521919182503e-01
2.360824584960937500e+01 -5.348511123657226562e+01 1.492878723144531250e+01 -2.291787444149675224e-01 7.127974117125970288e-01 6.628702384058297037e-01
2.782775497436523438e+01 -4.235569763183593750e+01 -4.249098777770996094e+00 3.842334845589822079e-01 -6.960571595346505269e-01 -6.065221018266493402e-01
4.594511795043945312e+01 -3.920381164550781250e+01 1.267498016357421875e+01 -7.471132252384228289e-01 3.267418382999834336e-01 5.788450567968852489e-01
1.313820934295654297e+01 -4.793753814697265625e+01 -3.545349121093750000e+00 2.598345012814493038e-02 -7.750839069819972504e-01 -6.313238451515679195e-01
3.990789031982421875e+01 -1.575261211395263672e+01 -1.237702369689941406e+01 4.469818701892175339e-01 4.898365801524622726e-02 -8.932008782852794981e-01
-1.340353107452392578e+01 -3.327152633666992188e+01 -1.359232139587402344e+01 -2.509745985962242298e-01 -3.192469799156686938e-01 -9.138342938816581551e-01
3.878601455688476562e+01 -4.409074401855468750e+01 5.579138755798339844e+00 4.946502863999135413e-01 -6.280328272443023163e-01 -6.007460878507755453e-01
4.382726669311523438e+01 -3.353291702270507812e+01 -2.089219987392425537e-01 5.875671242570185138e-01 -5.123431225818162460e-01 -6.263141378217894628e-01
1.314635753631591797e+01 -5.928138351440429688e+01 1.373770618438720703e+01 1.689656284107986517e-01 -8.079686314727254626e-01 -5.644796780857883611e-01
3.499974012374877930e+00 -5.955646514892578125e+01 1.152951526641845703e+01 7.046334663765055351e-02 -8.538036896845322410e-01 -5.158043972880621553e-01
3.591496276855468750e+01 -1.239363098144531250e+01 -1.289929962158203125e+01 6.367000369244117941e-01 7.149240320225834777e-01 -2.889579405675238299e-01
3.495872116088867188e+01 -4.410598754882812500e+01 2.755938053131103516e+00 4.684858431942184875e-01 -6.643020761384136330e-01 -5.824291942930021060e-01
2.915538072586059570e+00 -3.389315414428710938e+01 -1.566933059692382812e+01 -4.405730387279336441e-02 -2.034081995859581271e-01 -9.781022739553667522e-01
4.455894470214843750e+01 -1.812548637390136719e+01 -7.013995170593261719e+00 6.208290506706705125e-01 7.218220930580777628e-01 -3.058498909867545801e-01
1.144897365570068359e+01 -3.994181060791015625e+01 -8.021710395812988281e+00 -1.099234939166097852e-01 6.385793359597660146e-01 7.616647931802738025e-01
1.708171463012695312e+01 -5.049599170684814453e+00 -1.622789764404296875e+01 1.686616416819783359e-01 -2.926966360197429465e-02 -9.852393300197507253e-01
4.241600418090820312e+01 -2.730939865112304688e+01 -7.736589908599853516e-01 -6.378598942139306338e-01 4.486080128068920536e-01 6.260076726357630683e-01
-4.940370082855224609e+00 -4.638318634033203125e+01 -6.125681877136230469e+00 -1.301718489584322569e-01 -7.824576013975065303e-01 -6.089461320626021745e-01
4.783107376098632812e+01 -4.054403305053710938e+01 1.049763488769531250e+01 5.747083717697846206e-01 -5.950250876343117223e-01 -5.618322102758994685e-01
4.750372695922851562e+01 -3.274055862426757812e+01 9.330923080444335938e+00 -6.729307102581242317e-01 4.348045648662086649e-01 5.984223003556965459e-01
-1.696228981018066406e+00 2.966408014297485352e+00 -1.541121006011962891e+01 3.571522870434479802e-01 8.133606550367296073e-01 4.592240071009534019e-01
1.758243751525878906e+01 -4.142217636108398438e+01 -1.066881752014160156e+01 1.071359949937235323e-01 -7.029295788221795460e-01 -7.031442851887356182e-01
3.500344848632812500e+01 -3.191901206970214844e+01 -9.690608024597167969e+00 5.655687081386728821e-01 -4.203718954814936182e-01 -7.095206169405148255e-01
7.125687122344970703e+00 -3.301531982421875000e+01 -1.585071754455566406e+01 -1.055830594690715211e-02 -1.265566077507998266e-01 -9.919031944752177976e-01
2.636254310607910156e+01 -4.667580413818359375e+01 7.051772117614746094e+00 -3.042540977638021338e-01 8.690459427826295880e-01 3.901135646539161672e-01
-4.474669992923736572e-01 -1.328770256042480469e+01 -1.681084442138671875e+01 6.015626750107599952e-02 1.365760634825883557e-01 -9.888013968254388830e-01
2.967530250549316406e+01 -3.727669525146484375e+01 -3.071722030639648438e+00 -3.965526045677488232e-01 6.103100331860570327e-01 6.857606690405688710e-01
3.542788314819335938e+01 -1.418019199371337891e+01 -1.031136798858642578e+01 -1.561579916641168964e-01 7.405820680987326016e-03 9.877043259293090127e-01
-1.582812023162841797e+01 -3.647878646850585938e+01 -1.099399185180664062e+01 -4.065776774990327858e-01 -4.745047442273065408e-01 -7.807303246738087621e-01
-8.887701988220214844e+00 -5.090857696533203125e+01 4.257920086383819580e-01 -1.503780634123594584e-01 -7.660587838790289261e-01 -6.249322984821088500e-01
-4.297617912292480469e+00 -5.461514949798583984e+00 -1.671543884277343750e+01 3.277162137216709653e-02 1.447012787600126735e-02 -9.993581121059115224e-01
3.851702499389648438e+01 -2.106397628784179688e+01 -7.731753826141357422e+00 -5.329320801706134425e-01 2.248242420981364231e-01 8.157435001825152909e-01
3.225133895874023438e+01 -2.362510681152343750e+01 -1.421077728271484375e+01 2.545535800728225273e-01 -9.160250193481331293e-02 -9.627104738764357128e-01
1.496012783050537109e+01 -8.277450561523437500e+00 -1.291723918914794922e+01 -1.751819965629917639e-02 3.821664212521305032e-02 9.991159096648772886e-01
2.013036537170410156e+01 -5.562357330322265625e+01 1.086507320404052734e+01 2.378627990415918547e-01 -7.822151755720293531e-01 -5.758130842008706285e-01
3.455218887329101562e+01 -3.505673599243164062e+01 -7.236435890197753906e+00 5.260227528123155860e-01 -5.284894408540794508e-01 -6.663324803951071740e-01
4.178525161743164062e+01 -4.114189529418945312e+01 1.144312286376953125e+01 -5.235502510698305523e-01 6.318461052173321990e-01 5.715467031891666716e-01
3.938834381103515625e+01 -2.089845466613769531e+01 -1.184261703491210938e+01 5.516100221612524335e-01 -1.473173775881118086e-01 -8.209896306968952340e-01
-5.038271903991699219e+00 -3.479570007324218750e+01 -1.477530574798583984e+01 -1.458667867425000320e-01 -2.782695348391186485e-01 -9.493623894519092055e-01
2.206797599792480469e+01 -4.147973060607910156e+00 -1.585009288787841797e+01 1.899941684648182305e-01 -1.009691958418652419e-01 -9.765794578222549704e-01
-1.068649291992187500e+01 -2.604383087158203125e+01 -1.400995445251464844e+01 -6.265392150575914698e-01 5.989294541248777470e-01 4.987305093702342207e-01
-1.349475955963134766e+01 -2.943341064453125000e+01 -1.310299110412597656e+01 -2.479084709457823332e-01 7.608115504357098047e-01 5.997559293220330323e-01
3.010680389404296875e+01 -1.567413520812988281e+01 -1.464384460449218750e+01 2.514434340735419160e-01 -3.582941457479832392e-02 -9.672085879025948962e-01
1.396278285980224609e+01 -4.970325851440429688e+01 5.365546226501464844e+00 -1.349807746351994187e-01 8.556226201642752605e-01 4.996900262583814367e-01
-3.979929924011230469e+00 -1.168720054626464844e+01 -1.693713569641113281e+01 -1.363672857792257720e-01 -1.555528840180025740e-01 -9.783696968134738547e-01
1.407934188842773438e+01 -1.498035049438476562e+01 -1.654684638977050781e+01 6.622563725816831004e-02 5.860366172236891602e-02 -9.960822133752212926e-01
4.916833114624023438e+01 -2.071023559570312500e+01 7.790210247039794922e-01 4.624503082762595474e-01 8.809842394526441467e-01 1.000324058055129250e-01
1.511427998542785645e+00 -4.892295455932617188e+01 -3.625113010406494141e+00 -6.369174599336610565e-02 -8.146172879718355242e-01 -5.764911409811325216e-01
7.004351139068603516e+00 -2.373532056808471680e+00 -1.255478572845458984e+01 -4.960105033437966354e-02 8.752000074668962737e-02 9.949271256102256711e-01
2.395677566528320312e+01 -2.580249977111816406e+01 -1.540348815917968750e+01 1.684536947538043186e-02 -4.257910702876135239e-02 -9.989510764656452935e-01
-1.630664062500000000e+01 -4.965204238891601562e+01 1.622691988945007324e+00 -3.178047254800033250e-01 -7.059487267376631792e-01 -6.329585702714292106e-01
5.979969024658203125e+00 -4.312044906616210938e+01 -5.276149749755859375e+00 -6.856026228138546730e-02 8.067031617629971674e-01 5.869663527302834138e-01
-6.480967998504638672e+00 -1.836943435668945312e+01 -1.179709053039550781e+01 9.704579589728266897e-02 1.473760027958790630e-01 9.843080957193088842e-01
5.166252899169921875e+01 -3.271735763549804688e+01 7.500257015228271484e+00 7.543213971806084217e-01 -3.827402095425792572e-01 -5.333940023611040138e-01
1.489044475555419922e+01 -5.002575683593750000e+01 8.422999642789363861e-03 2.182817483802304004e-01 -7.821586048005925162e-01 -5.835931761599516543e-01
3.172982215881347656e+01 -4.102698898315429688e+01 2.510877132415771484e+00 -3.826127874389335659e-01 6.975259115543277488e-01 6.058589419976514456e-01
5.156814956665039062e+01 -2.759387779235839844e+01 4.251709938049316406e+00 7.739116131386214459e-01 -2.996540293165988467e-01 -5.579142207933971420e-01
4.634868144989013672e+00 -5.418974685668945312e+01 3.653091907501220703e+00 4.608529278973384075e-02 -8.162579886601832868e-01 -5.758463699086039389e-01
-8.709329962730407715e-01 -4.181526565551757812e+01 -1.166551685333251953e+01 -1.261010960319978169e-01 -6.304025395058474590e-01 -7.659576696946817087e-01
9.225389957427978516e-01 -5.171265411376953125e+01 -1.530220061540603638e-01 -1.187171323939489875e-02 -8.141265752120803167e-01 -5.805660875027153223e-01
-4.485093116760253906e+00 -2.117507934570312500e+00 -1.388794517517089844e+01 -6.869594404309529168e-01 5.437915620698383634e-01 4.820554576233289645e-01
9.192865371704101562e+00 -5.848829650878906250e+01 1.582561492919921875e+01 -1.412340805109565944e-01 5.545585841952143102e-01 8.200717719795165284e-01
4.429342269897460938e+01 -1.848451614379882812e+01 -2.930269002914428711e+00 -7.458901489315156175e-01 2.418424085679914404e-01 6.206127094613468342e-01
-1.248707580566406250e+01 -4.314506149291992188e+01 -6.868876934051513672e+00 -1.169030853677709703e-01 -6.404653208219063254e-01 -7.590374440407986478e-01
1.978812599182128906e+01 -3.451814651489257812e+01 -1.042689895629882812e+01 -2.536387423791857665e-01 5.647836425903407509e-01 7.852941012300368451e-01
1.271893024444580078e+01 -5.711420440673828125e+01 1.018540954589843750e+01 2.141507877750994104e-01 -8.447222626045777227e-01 -4.904933630086211194e-01
-1.302683639526367188e+01 -5.669063568115234375e+01 7.952735900878906250e+00 1.878235863249723414e-01 -7.522903812858010575e-01 -6.314914747206723522e-01
1.411307907104492188e+01 -1.786222839355468750e+01 -1.230299472808837891e+01 -5.367396319109540848e-02 1.276010438474142750e-01 9.903721923016675088e-01
4.948221588134765625e+01 -2.663234329223632812e+01 1.248574018478393555e+00 7.296083385749488892e-01 -3.623679095108184867e-01 -5.799665252742282062e-01
4.413530731201171875e+01 -2.921706962585449219e+01 2.280781030654907227e+00 -6.170821461117085294e-01 3.705641041062220919e-01 6.941843196861485765e-01
4.989628982543945312e+01 -3.412018966674804688e+01 1.307202053070068359e+01 -6.312364078211657459e-01 4.241727739147958531e-01 6.493212265977899023e-01
5.321468734741210938e+01 -3.510316085815429688e+01 1.628979110717773438e+01 -5.158507703124848298e-01 3.066181447205916233e-01 7.999270567346239424e-01
2.361092185974121094e+01 -3.261400985717773438e+01 -1.035797023773193359e+01 -3.118177940766505563e-01 4.963077733113263057e-01 8.102149452138763808e-01
-7.701681137084960938e+00 -6.027614212036132812e+01 1.236152935028076172e+01 -9.657671785840622747e-02 -7.710260248717923925e-01 -6.294376907511178842e-01
1.435470962524414062e+01 -3.071388626098632812e+01 -1.589687824249267578e+01 6.635217861954112450e-02 -1.098815697404960379e-01 -9.917274973619542022e-01
5.001396560668945312e+01 -2.529610061645507812e+01 6.901977062225341797e+00 -7.607524212478781189e-01 3.025048583420171244e-01 5.742356347745820599e-01
1.771175765991210938e+01 -5.767962265014648438e+01 1.655677986145019531e+01 3.873787242973248529e-02 -4.608635408585110699e-02 9.981860674276571421e-01
4.033053207397460938e+01 -2.356223106384277344e+01 -1.012577915191650391e+01 6.196301844638931744e-01 -4.070112273397895053e-01 -6.711186894436780292e-01
1.647486686706542969e+01 -4.363859891891479492e-01 -1.422810459136962891e+01 9.713362419758057864e-03 9.154277803987712625e-01 4.023650450333396966e-01
8.908956527709960938e+00 -4.759527206420898438e+01 -4.926815986633300781e+00 1.196696080808141299e-01 -8.932139902736141446e-01 -4.334142965815412363e-01
4.682995223999023438e+01 -2.554587173461914062e+01 -2.604045867919921875e+00 7.191945564633015486e-01 -3.946972136939168596e-01 -5.718157915411339332e-01
4.652858734130859375e+01 -2.129323196411132812e+01 -5.070802211761474609e+00 6.788487369694549134e-01 -2.926381905474447209e-01 -6.734443419823892274e-01
2.349753761291503906e+01 -5.650860977172851562e+01 1.371267318725585938e+01 2.874878020678081070e-01 -7.763522087018897011e-01 -5.609171166098591010e-01
1.683105087280273438e+01 -5.452382659912109375e+01 7.399633884429931641e+00 1.737496829226090056e-01 -8.580415775485606966e-01 -4.832966986047704805e-01
2.481101036071777344e+01 -3.091880226135253906e+01 -1.468547439575195312e+01 2.718970773108054240e-01 -3.009236060450764527e-01 -9.140661697462988400e-01
4.992538070678710938e+01 -3.364564514160156250e+01 5.938010215759277344e+00 5.493946163480796230e-01 -4.203335596425863963e-01 -7.221393592416485152e-01
1.409835910797119141e+01 -4.468519592285156250e+01 -7.500956058502197266e+00 1.813814021639766905e-01 -7.367960428988836741e-01 -6.513312353308233771e-01
7.357926845550537109e+00 -5.247531890869140625e+01 1.486847996711730957e+00 1.439569458546434977e-01 -8.496460621239723121e-01 -5.073243211767303196e-01
1.513479995727539062e+01 -3.300992012023925781e+00 -1.289772891998291016e+01 6.820869383068123293e-02 2.289597323437168180e-02 9.974083158343745037e-01
-1.123469638824462891e+01 -6.052788925170898438e+01 1.440031433105468750e+01 -1.818583572805277104e-01 -9.173213493026934895e-01 3.541879162262792091e-01
2.013285446166992188e+01 -4.367931747436523438e+01 -9.108440279960632324e-01 -2.838671298712815427e-01 7.814029706624412430e-01 5.557237173439271150e-01
-9.141780138015747070e-01 -4.622082901000976562e+01 -1.544486999511718750e+00 5.136875352526100447e-02 7.475563002009620872e-01 6.622090524835112513e-01
4.190901565551757812e+01 -2.614981651306152344e+01 -7.492458820343017578e+00 6.347480428311824685e-01 -3.998082057915275378e-01 -6.612475487317461820e-01
-3.905469894409179688e+00 -3.726552963256835938e+01 -9.449997901916503906e+00 8.989308663467160398e-02 5.648931224763026337e-01 8.202530055746608539e-01
1.716387939453125000e+01 -4.834365081787109375e+01 4.454411029815673828e+00 -2.484144358941971498e-01 8.403281166041575156e-01 4.818079746993372270e-01
4.182343673706054688e+01 -1.705892562866210938e+01 -1.107907199859619141e+01 6.264759338548283596e-01 -5.943151386083242449e-02 -7.771716666611890867e-01
3.582681655883789062e+01 -4.043540573120117188e+01 -8.312489986419677734e-01 4.019606203482431472e-01 -6.224903710767866194e-01 -6.715157463574029650e-01
-1.428201484680175781e+01 -5.254285430908203125e+01 9.910591125488281250e+00 2.094354351787418855e-01 7.259458683073379826e-01 6.550873184385394010e-01
5.841296386718750000e+01 -2.955323791503906250e+01 1.461594581604003906e+01 7.377855139100837345e-01 -3.516749495565428263e-01 -5.761920385764078834e-01
2.001014328002929688e+01 -4.908581924438476562e+01 5.527740120887756348e-01 2.580426216878144996e-01 -7.957819562404024882e-01 -5.478549840191996312e-01
3.699472808837890625e+01 -3.670889663696289062e+01 -3.630864143371582031e+00 4.969624783486513708e-01 -6.381310738281466000e-01 -5.880620951298450860e-01
2.796357345581054688e+01 -2.692357444763183594e+01 -1.476705837249755859e+01 1.739150639689784061e-01 -1.547944969968160500e-01 -9.725184904279038367e-01
2.852602577209472656e+01 -1.360571861267089844e+01 -1.507421875000000000e+01 1.552488235516849280e-01 -2.818381530561219969e-02 -9.874732782919428686e-01
5.264072895050048828e+00 -7.581243991851806641e+00 -1.666171646118164062e+01 -7.278256035661916437e-03 -2.181917730603675498e-01 -9.758787717528506489e-01
-4.549035072326660156e+00 -2.537564849853515625e+01 -1.649173927307128906e+01 -5.174335774971368374e-02 -1.798228582581159196e-01 -9.823371949471662035e-01
1.760737991333007812e+01 -4.852330780029296875e+01 -1.191347956657409668e+00 1.709479917722828979e-01 -7.417373317303544988e-01 -6.485387535271562864e-01
2.502657890319824219e+01 -3.854259872436523438e+01 -4.523869991302490234e+00 -3.634875902958152327e-01 6.993745883186541779e-01 6.154282711373068038e-01
3.360603713989257812e+01 -4.421252059936523438e+01 8.627563476562500000e+00 -3.840587002675081574e-01 7.625524230473694764e-01 5.205888174494514020e-01
1.217299175262451172e+01 5.166999995708465576e-03 -1.477099132537841797e+01 4.443293939644141904e-02 9.702883810514845164e-01 2.378364385309393036e-01
4.336000442504882812e+01 -2.035051918029785156e+01 -8.867440223693847656e+00 6.658643080712883799e-01 -2.545735987447282356e-01 -7.012966605217099136e-01
3.205072021484375000e+01 -1.785797500610351562e+01 -1.105877780914306641e+01 -1.514725469989753326e-01 -1.083610857039194325e-01 9.825039148068118733e-01
-1.294159317016601562e+01 -3.560196685791015625e+01 -7.529913902282714844e+00 2.933238520852879394e-01 5.541005137873006303e-01 7.790595217430421604e-01
3.843268966674804688e+01 -3.704392623901367188e+01 3.231020927429199219e+00 -5.041892034029302749e-01 6.187891121051364296e-01 6.024062432545461698e-01
3.973052978515625000e+01 -3.639692306518554688e+01 -1.571130037307739258e+00 5.261200126196220461e-01 -5.919455979036254423e-01 -6.105719789211164761e-01
-1.833538436889648438e+01 -4.637952804565429688e+01 1.246456027030944824e+00 -1.958243229915852535e-01 5.628199082901386152e-01 8.030483082337994682e-01
1.743021392822265625e+01 -4.016407394409179688e+01 -5.981670856475830078e+00 -2.553932737579324708e-01 7.121640854058178816e-01 6.539087024786417457e-01
1.329118013381958008e+00 -2.916636466979980469e+01 -1.204659080505371094e+01 5.827047672520860311e-02 8.610844540223878962e-03 9.982636950718587476e-01
-5.355978012084960938e+00 -5.615961837768554688e+01 6.260036945343017578e+00 -1.102648044781778108e-01 -7.993094642782768711e-01 -5.907165591115278724e-01
3.130685043334960938e+01 -4.991523361206054688e+01 7.915059089660644531e+00 3.101189037964274808e-01 -7.909925464695977126e-01 -5.274059697592012874e-01
3.146592140197753906e+01 -3.113563156127929688e+01 -7.615308761596679688e+00 -4.298902018398775282e-01 4.984139246932097200e-01 7.528465806749611300e-01
4.050371932983398438e+01 -4.508113861083984375e+01 1.428982543945312500e+01 -4.233387613505222302e-01 6.297862701660534857e-01 6.512707171741535239e-01
5.459551239013671875e+01 -2.478882980346679688e+01 7.347627162933349609e+00 3.801952613026874372e-01 9.135784632426378060e-01 1.443120049829581253e-01
-1.536716175079345703e+01 -3.637937545776367188e+01 -8.178674697875976562e+00 -2.101284059631220169e-01 7.178880099674493920e-01 6.636888262976653463e-01
4.750621795654296875e+00 -3.955367660522460938e+01 -8.746299743652343750e+00 -2.734432528027022288e-02 6.010417866068539228e-01 7.987496845867344542e-01
-6.795701026916503906e+00 -5.253707504272460938e+01 7.792639732360839844e+00 1.263579221650033002e-01 8.296213060507218184e-01 5.438402008428923073e-01
3.286143064498901367e+00 -4.506324005126953125e+01 -3.018714904785156250e+00 -7.037634267265632793e-02 7.190244913882612998e-01 6.914122874059102086e-01
9.671249389648437500e+00 -4.975111389160156250e+01 3.939048051834106445e+00 -1.560828569708724300e-01 8.273708710745140138e-01 5.395327454911428289e-01
4.572694396972656250e+01 -2.149554634094238281e+01 -3.019550144672393799e-01 -7.387315261726147275e-01 2.649934654682536972e-01 6.197210626546468815e-01
4.131079483032226562e+01 -1.871260452270507812e+01 -6.252673149108886719e+00 -6.431419909240121413e-01 1.945846397298812980e-01 7.406113673793361940e-01
3.323533058166503906e+00 -4.460774230957031250e+01 -9.216529846191406250e+00 -4.641856688025190053e-02 -7.784768769984879988e-01 -6.259545260060545013e-01
2.516275978088378906e+01 -4.930906295776367188e+01 1.066309738159179688e+01 -3.115487052340418783e-01 7.974857553095826557e-01 5.166757922965778960e-01
-3.268404006958007812e+00 -6.136377716064453125e+01 1.467856884002685547e+01 1.897477569303424733e-02 -8.820572372822114149e-01 4.707600110942641303e-01
-7.445948123931884766e+00 -3.970716094970703125e+01 -1.177559280395507812e+01 -2.727189368815323700e-01 -6.162726355101364462e-01 -7.388047239884145689e-01
1.553515911102294922e+00 -2.791237640380859375e+01 -1.661995887756347656e+01 -7.219680847096329734e-02 -1.980816522945003100e-01 -9.775230329106765481e-01
-1.332556962966918945e+00 -2.935542869567871094e+01 -1.194389629364013672e+01 1.378891021366401154e-02 -7.742419134987531260e-02 9.969028842113646371e-01
4.799606800079345703e+00 -5.068294143676757812e+01 4.432241916656494141e+00 -7.877786878450311614e-02 8.649549358625093776e-01 4.956278909795673870e-01
2.786464881896972656e+01 -2.057102394104003906e+01 -1.151089000701904297e+01 -3.874676368300610657e-02 -3.191431775023988171e-02 9.987392876154567167e-01
1.548917484283447266e+01 -3.702886199951171875e+01 -9.609094619750976562e+00 -1.794512763696453905e-01 6.536391916893981024e-01 7.352231270144697906e-01
3.041897964477539062e+01 -4.655575561523437500e+01 2.692978858947753906e+00 3.448277728648491691e-01 -7.249609367215201772e-01 -5.962595469163777251e-01
-1.725626945495605469e+00 -2.784626197814941406e+01 -1.640519142150878906e+01 6.723908334523386043e-02 -1.772255774435651243e-01 -9.818706637692602435e-01
4.982732772827148438e+00 -2.368108940124511719e+01 -1.214367771148681641e+01 3.215195140076416297e-02 -6.330985346802849023e-02 9.974758716254642499e-01
-1.014377212524414062e+01 -2.797071075439453125e+01 -1.545248603820800781e+01 -1.297078637114008060e-01 -1.859056549336810804e-01 -9.739686635385677027e-01
3.351413965225219727e+00 -4.750103950500488281e+00 -1.735592842102050781e+01 2.611213843656636988e-02 9.572732207493286904e-02 -9.950650411076813473e-01
-9.092256546020507812e+00 -5.531332397460937500e+01 5.719960212707519531e+00 -1.913953283987718246e-01 -7.854860010453931229e-01 -5.885402028993795831e-01
4.600671005249023438e+01 -3.544708633422851562e+01 3.720541000366210938e+00 5.957379757624419181e-01 -4.767892753699708996e-01 -6.463499447873777282e-01
4.035764312744140625e+01 -3.996999359130859375e+01 2.522776126861572266e+00 4.752761031664565206e-01 -5.494677898043563991e-01 -6.871664818123942586e-01
6.443909168243408203e+00 -6.074463272094726562e+01 1.385975265502929688e+01 1.391598556455301838e-01 -8.020220815865112263e-01 -5.808572244746164071e-01
-9.488393783569335938e+00 -5.047665405273437500e+01 5.398029804229736328e+00 1.547655750667612240e-01 7.736010488067861512e-01 6.144827369904668490e-01
1.251885700225830078e+01 -4.526046752929687500e+01 -1.644055008888244629e+00 -1.340212633995348790e-01 7.641614021838122328e-01 6.309482168682802872e-01
3.747044086456298828e+00 -5.846300125122070312e+01 1.503013324737548828e+01 -1.315687276088325364e-01 6.794611857614279993e-01 7.218186524045129282e-01
3.595514059066772461e+00 -4.643040084838867188e+01 -7.008468151092529297e+00 -2.857178451688471149e-02 -8.353913244356216961e-01 -5.489125505827121554e-01
4.584500122070312500e+01 -2.964717292785644531e+01 -1.064332962036132812e+00 6.321796625164215477e-01 -4.343455651431258335e-01 -6.416329202442173640e-01
6.307454109191894531e+00 -1.512056636810302734e+01 -1.674608802795410156e+01 6.728078904439076247e-02 9.619492059420062247e-02 -9.930860147426504581e-01
1.992383956909179688e+00 -2.598633575439453125e+01 -1.205146503448486328e+01 4.963481465611434967e-02 2.607854862705277776e-02 9.984269099315982166e-01
9.440093994140625000e+00 -1.730695533752441406e+01 -1.253877258300781250e+01 7.661077922173195609e-02 7.189085211115292529e-02 9.944659340016487326e-01
-6.392693042755126953e+00 -9.527438163757324219e+00 -1.472188949584960938e+01 -9.528032040546617898e-01 1.075421795012847515e-01 2.839026839804163482e-01
-1.530247926712036133e+00 -3.241247940063476562e+01 -1.563329029083251953e+01 -8.472245587450813464e-02 -1.260639087270479519e-01 -9.883976914112307943e-01
5.653208923339843750e+01 -2.643174743652343750e+01 1.148916339874267578e+01 3.699368400746644303e-01 9.280254818471865841e-01 4.376573314671223375e-02
4.082061386108398438e+01 -2.674987220764160156e+01 -2.526761054992675781e+00 -6.003287872879812248e-01 3.798006814929248964e-01 7.038158775495561015e-01
-6.737139821052551270e-01 -1.921960449218750000e+01 -1.700198936462402344e+01 7.778220423446842446e-03 -3.926404624964531520e-02 -9.991985958552732638e-01
-8.295819759368896484e-01 -4.496949386596679688e+01 -8.387797355651855469e+00 -1.269542927693924628e-01 -7.423746808118408813e-01 -6.578468217122741546e-01
2.225327873229980469e+01 -4.739537811279296875e+01 -7.765359878540039062e-01 2.548322405872808227e-01 -7.892929696868873357e-01 -5.586386463181013395e-01
