-4.196251296997070312e+01 1.030710315704345703e+01 -1.509272575378417969e+01 -5.629591932980779756e-01 1.631517603858297638e-01 -8.102212350735952251e-01
5.624613189697265625e+01 -3.264436721801757812e+01 1.806585502624511719e+01 8.619930689827934867e-01 -2.529231565130138915e-01 4.393151783459326998e-01
-2.062433052062988281e+01 -6.129715347290039062e+01 1.872507667541503906e+01 -2.375390326119309337e-01 -8.934170865092168068e-01 3.812887587107317011e-01
2.514282608032226562e+01 1.443204593658447266e+01 -1.879386138916015625e+01 5.234382242465897006e-01 7.010792369201147567e-01 -4.842523401668661909e-01
-3.604257583618164062e+01 5.275505065917968750e+01 2.046203041076660156e+01 -1.584367173059669509e-01 9.262254705264281185e-01 3.420587440154190251e-01
1.434757137298583984e+01 -3.889376831054687500e+01 -1.643879127502441406e+01 2.104213336714766958e-01 -4.680707781591177952e-01 -8.582730387058857824e-01
-5.934854888916015625e+01 -2.552313232421875000e+01 1.950804328918457031e+01 -7.428995826403240743e-01 -4.094190065502060216e-01 5.296001200795509289e-01
-3.018790054321289062e+01 -3.312656021118164062e+01 -1.475136470794677734e+01 -3.222034642799789239e-01 -4.113272632181382282e-01 -8.526399064901060143e-01
2.327692222595214844e+01 -5.982640457153320312e+01 1.889161300659179688e+01 2.640422378422683236e-01 -5.414181623974062552e-01 7.982155536328910950e-01
-6.076161956787109375e+01 1.925393676757812500e+01 2.089745521545410156e+01 -5.709488666869166895e-01 9.238942348428731688e-02 8.157705474317925587e-01
-9.843505859375000000e+00 3.661692810058593750e+01 -1.502076053619384766e+01 4.933094043611190305e-01 8.563227079425776989e-01 1.528307934637809784e-01
5.452767944335937500e+01 -3.695529997348785400e-01 -7.434409856796264648e-01 2.222622361236589461e-01 9.180412125308754501e-01 -3.283288450443410667e-01
-7.704021930694580078e+00 -3.763860940933227539e+00 -1.999685859680175781e+01 1.303883092211636507e-01 -1.405786974807591017e-01 -9.814461363890835122e-01
4.176531219482421875e+01 -2.723736000061035156e+01 -8.615121841430664062e+00 6.944623769370262822e-01 -4.038005585066354319e-01 -5.955393487996446522e-01
-3.733647918701171875e+01 3.718659973144531250e+01 -4.399028778076171875e+00 -6.463783478713120978e-01 6.162445050930971391e-01 -4.499308183995808230e-01
-9.531273841857910156e+00 -5.167373657226562500e+01 -6.377797126770019531e+00 -1.715126812663972100e-01 -8.281826643278816791e-01 -5.335699341900578263e-01
-5.060265731811523438e+01 -1.512567615509033203e+01 -5.384816169738769531e+00 -8.121407332630316001e-01 -2.139779154350271162e-01 -5.428083281242703784e-01
-4.081280899047851562e+01 -4.379641342163085938e+01 9.032971382141113281e+00 -5.813351954785002107e-01 -6.118052278171172143e-01 -5.364175180897983175e-01
1.841858100891113281e+01 -1.178953552246093750e+01 -1.402961254119873047e+01 3.897675952048240775e-03 8.358775482699504211e-02 9.964927974477060246e-01
-7.068405151367187500e+00 -2.815287208557128906e+01 -2.130762481689453125e+01 -2.859749796204774305e-02 1.349093840310958137e-01 -9.904451732482021376e-01
3.012939834594726562e+01 -4.637788772583007812e+01 1.302219927310943604e-01 4.888313536151804306e-01 -7.561143605947475699e-01 -4.351263970677329840e-01
-3.081662750244140625e+01 -9.984597206115722656e+00 -2.086081695556640625e+01 -8.062649282089019431e-01 -1.406809111168018656e-01 -5.745831069459322871e-01
-6.047105026245117188e+01 -2.862874984741210938e+00 1.223224735260009766e+01 -8.959987933364028656e-01 -1.996897325238617543e-02 -4.436072614903362465e-01
-1.975793075561523438e+01 1.630846023559570312e+01 -2.080299186706542969e+01 2.431042064234069031e-02 -3.375579761061326539e-02 -9.991344001563871036e-01
1.431306958198547363e+00 -6.185961532592773438e+01 1.160413551330566406e+01 4.983292715338653173e-02 -8.783567876732570889e-01 -4.754009180887664443e-01
2.388046026229858398e+00 1.658274841308593750e+01 -1.434668159484863281e+01 -2.139184421150179191e-02 -4.508018267670935164e-02 9.987543071902444947e-01
3.891827392578125000e+01 -3.162321090698242188e+00 -1.663958358764648438e+01 8.745676183673479764e-01 -1.137754886695227646e-01 -4.713667564447839298e-01
-5.129799270629882812e+01 2.110647201538085938e+01 1.293041944503784180e+00 -8.500662875425646359e-01 3.370325049692884933e-01 -4.047176761369931652e-01
4.200176620483398438e+01 -4.888608551025390625e+01 1.807626342773437500e+01 5.340552639904020404e-01 -7.473175611600529900e-01 3.953497663916500926e-01
-4.936940765380859375e+01 3.679322052001953125e+01 1.583865165710449219e+01 -6.835271646860165973e-01 4.621151420042287072e-01 -5.650134606066538057e-01
1.162173652648925781e+01 -5.284411621093750000e+01 -2.762197971343994141e+00 2.673243465358373094e-01 -8.152630706559560458e-01 -5.136962325867392432e-01
5.037725067138671875e+01 -1.817892074584960938e+01 6.327205181121826172e+00 -7.484397617286363547e-01 2.203770312379337293e-01 6.255172956572317977e-01
-2.717678260803222656e+01 -4.725344848632812500e+01 -2.914964914321899414e+00 -4.264192698907455226e-01 -7.780693799736173588e-01 -4.612750223167456087e-01
-5.351196289062500000e+01 3.549191951751708984e+00 -3.048497915267944336e+00 -9.023552246865020887e-01 1.169359717553393602e-01 -4.148265022760799225e-01
-4.408944702148437500e+01 -3.141563224792480469e+01 -3.218189001083374023e+00 -7.230473110340462917e-01 -5.471734812793602742e-01 -4.216678401195195214e-01
4.196325683593750000e+01 -3.480477905273437500e+01 7.338160991668701172e+00 -5.951232588384840483e-01 5.439505400161125381e-01 5.915624369461285337e-01
2.674749565124511719e+01 -2.675452613830566406e+01 -1.774555778503417969e+01 2.208039497408507967e-01 -2.812852302451564479e-01 -9.338759205723046186e-01
9.282391548156738281e+00 1.714552998542785645e+00 -1.971202278137207031e+01 9.228264747522658962e-02 -5.254497874107105088e-02 -9.943454823068607062e-01
-2.791679954528808594e+01 4.636077499389648438e+01 6.713858127593994141e+00 8.375882132978729189e-01 3.565545818743529605e-01 4.139019389769539314e-01
-1.721657562255859375e+01 -1.702964973449707031e+01 -1.322558879852294922e+01 3.528890400049874282e-02 1.046108842044478349e-01 9.938869433493968675e-01
-2.603761100769042969e+01 3.141784286499023438e+01 -1.591776847839355469e+01 -4.006481705204050781e-01 3.469882513076340547e-01 -8.479859650448955399e-01
2.134771108627319336e+00 -1.612228393554687500e+01 -1.394912815093994141e+01 -3.549845568613605243e-03 1.212332091846995627e-02 9.999202086598443229e-01
-2.185738945007324219e+01 1.790489912033081055e+00 -1.432710075378417969e+01 1.644101394796854965e-01 3.206912444268510132e-02 9.858706189423386279e-01
-7.092030048370361328e-01 -3.905782318115234375e+01 -1.098990249633789062e+01 2.788567985559936221e-02 2.702311107367982301e-01 9.623915708530220714e-01
-1.577908706665039062e+01 -4.026889801025390625e+01 -1.587014484405517578e+01 -2.069499905797699824e-01 -4.795160495658373212e-01 -8.527813668272814507e-01
-3.460673522949218750e+01 -5.383847808837890625e+01 1.965081214904785156e+01 -2.468167125414178209e-01 -4.596232725192614943e-01 8.531283360485290013e-01
4.850258255004882812e+01 -1.281581306457519531e+01 -8.486045837402343750e+00 6.220918673034201429e-01 -2.946847013100999391e-01 -7.253706883026920238e-01
-5.088767242431640625e+01 -3.861428451538085938e+01 1.977156639099121094e+01 -2.540791971404949279e-01 -1.303167846424991561e-01 9.583638647303445168e-01
-2.283493995666503906e+01 4.433154678344726562e+01 -7.892553806304931641e+00 4.446680364094222626e-01 7.555283114266289068e-01 4.810897089198808985e-01
-3.659933090209960938e+01 -1.973185920715332031e+01 -1.010151767730712891e+01 3.563151701425165685e-01 2.159852965614100784e-01 9.090598721732190413e-01
-4.413323974609375000e+01 -4.853026866912841797e+00 -1.511859989166259766e+01 -5.909687173088821188e-01 -2.457574142231327280e-02 -8.063200407380671786e-01
-1.168631076812744141e+01 -5.412843704223632812e+01 8.519863128662109375e+00 1.186325555334108439e-01 8.232038228505988986e-01 5.552132768691432352e-01
-4.988169097900390625e+01 -2.257499694824218750e+01 7.988439083099365234e+00 8.063197713670987588e-01 3.958121972764681029e-01 4.395237545226466369e-01
-3.635648727416992188e+01 2.269310569763183594e+01 -8.499872207641601562e+00 4.358713211511377472e-01 -2.804380999533045427e-01 8.552021185033057415e-01
1.216473865509033203e+01 -2.468924713134765625e+01 -2.098492050170898438e+01 1.667894715528896177e-02 6.210384590628469093e-02 -9.979303207365930461e-01
-5.417284011840820312e+01 1.050370216369628906e+01 1.109066677093505859e+01 8.808793021932334044e-01 -2.285634058492353737e-01 4.145002104633482842e-01
2.475276565551757812e+01 -8.636400103569030762e-02 -1.941533088684082031e+01 2.694039241917025110e-03 3.150354618371368348e-02 -9.995000093698918064e-01
3.367958068847656250e+01 -1.560824871063232422e+01 -1.201328372955322266e+01 -3.531697268366716935e-01 1.193632981111455577e-01 9.279135450623298143e-01
-7.858453750610351562e+00 2.391374969482421875e+01 -2.040470886230468750e+01 1.315543887056243484e-02 -1.215917952519888628e-01 -9.924930074088791354e-01
3.193184661865234375e+01 -3.688998031616210938e+01 -9.845870018005371094e+00 5.160844235337330721e-01 -5.089755368481019282e-01 -6.889127453284926705e-01
2.013729286193847656e+01 -5.149538421630859375e+01 8.146031379699707031e+00 -3.867551573729475778e-01 7.345015541894536204e-01 5.576091060399782640e-01
-9.381457328796386719e+00 9.200291633605957031e+00 -1.527012538909912109e+01 -3.204517320623794917e-03 -2.531555172244897428e-02 9.996743739386989569e-01
-2.491924667358398438e+01 -5.110063552856445312e+01 1.042344093322753906e+01 4.078528534615482593e-01 7.660948886425548165e-01 4.967440704417360742e-01
-4.303892898559570312e+01 3.046837997436523438e+01 5.994917869567871094e+00 7.599446706863022261e-01 -4.998168429863679152e-01 4.155324547645204980e-01
1.378402328491210938e+01 2.124052047729492188e+01 -1.938355636596679688e+01 4.445975457729055280e-02 4.181886722628584963e-01 -9.072714944347994859e-01
-1.236990019679069519e-01 -5.204147720336914062e+01 2.885086059570312500e+00 -2.107564261495695201e-02 8.300500470650923335e-01 5.572905316400095233e-01
-2.935328674316406250e+01 1.246395206451416016e+01 -1.289713859558105469e+01 1.223546261961047238e-01 -9.876476006639807459e-02 9.875600577268393021e-01
-6.240471267700195312e+01 -1.295085811614990234e+01 2.029235649108886719e+01 -3.366151521182741413e-01 -1.028417417157987540e-01 9.360095167920314818e-01
-6.336104202270507812e+01 6.615996837615966797e+00 2.069434928894042969e+01 -3.560007466894178907e-01 1.781454903963279601e-02 9.343158514116580715e-01
3.473772811889648438e+01 8.434028625488281250e+00 -1.259902286529541016e+01 6.779314980633569521e-01 5.578017944646816995e-01 -4.788173368055438917e-01
-3.982739639282226562e+01 4.407316970825195312e+01 1.106143856048583984e+01 -6.480672761032879592e-01 6.702413966676422641e-01 -3.616424696258349059e-01
-5.109852981567382812e+01 2.395279312133789062e+01 1.393113803863525391e+01 7.435455727889772604e-01 -3.711986671084112621e-01 5.561937888208126068e-01
1.897370719909667969e+01 -4.259401702880859375e+01 -5.092350959777832031e+00 -2.703736533713331780e-01 7.453951006884190766e-01 6.093309703538297706e-01
-3.304155731201171875e+01 2.618044853210449219e+00 -2.024240875244140625e+01 -9.120100496318691574e-01 3.459957715259492309e-03 -4.101532616755400595e-01
-1.960960769653320312e+01 -2.762464332580566406e+01 -1.959755134582519531e+01 -2.263670033723728936e-01 -3.428353448317880692e-01 -9.117137193868922740e-01
-8.138244628906250000e+00 -6.336498641967773438e+01 1.956565475463867188e+01 -9.003724612718060072e-02 -1.800117157608514817e-01 9.795351328557173609e-01
-5.252447891235351562e+01 -1.034957504272460938e+01 6.032896995544433594e+00 8.577994011116734097e-01 1.623280138583242938e-01 4.876779709698461640e-01
3.179988670349121094e+01 -5.291094207763671875e+01 1.222315692901611328e+01 4.544602682681193606e-01 -7.651813199220827144e-01 -4.560300562550324566e-01
1.129806804656982422e+01 -6.314204025268554688e+01 1.908135414123535156e+01 1.884083305891356697e-01 -6.634470721794140102e-01 7.241134464855478736e-01
-3.440307617187500000e+01 -3.788376235961914062e+01 4.644570052623748779e-01 6.115235388790053461e-01 6.243164739012107001e-01 4.860739674292961499e-01
3.517991065979003906e+00 2.763293266296386719e+01 -1.917977905273437500e+01 4.109732171088870678e-01 7.392233776650222188e-01 5.335258313640377503e-01
-4.817000961303710938e+01 -3.441874694824218750e+01 7.959593772888183594e+00 -7.647570506923775380e-01 -4.458281697271457289e-01 -4.651708250675656298e-01
3.386642932891845703e+00 -2.811248397827148438e+01 -1.346734619140625000e+01 -4.691902910655360720e-02 1.001449276323169296e-01 9.938659860248847400e-01
-1.882370948791503906e+01 -7.984231948852539062e+00 -2.075368499755859375e+01 1.094999480799691699e-01 1.049831605206883595e-01 -9.884271836496462127e-01
5.531187438964843750e+01 -7.687578201293945312e+00 8.600178718566894531e+00 3.982168006204207522e-01 2.862026293681123046e-01 8.714995322123901822e-01
4.499903488159179688e+01 1.164710998535156250e+00 -7.542687892913818359e+00 -4.137502843229560745e-01 8.479552191177627263e-01 3.313346474391414831e-01
2.220642089843750000e+00 -5.022153472900390625e+01 -9.144091606140136719e+00 7.935206772944368436e-02 -7.465292185636021038e-01 -6.606037959154332784e-01
1.489147758483886719e+01 1.074898815155029297e+01 -1.443736839294433594e+01 -5.568942330226043028e-03 2.130139318520982150e-02 9.997575893833923200e-01
-4.602085876464843750e+01 1.231829738616943359e+01 -4.384366035461425781e+00 7.307304484031520442e-01 -1.998712358619272600e-01 6.527514847562999600e-01
-7.892178058624267578e+00 -1.547573852539062500e+01 -1.995576477050781250e+01 9.447422866035888600e-02 6.073196960033243330e-02 -9.936731092202779614e-01
-1.686079406738281250e+01 2.450162315368652344e+01 -1.318033695220947266e+01 2.900568487371675552e-02 3.035156164175690716e-02 9.991183378113491775e-01
-2.893450355529785156e+01 -2.105228996276855469e+01 -1.878814506530761719e+01 -2.476807453464820452e-01 -2.071641568911486986e-01 -9.464339704829864974e-01
-4.461541748046875000e+01 4.543856430053710938e+01 2.140839767456054688e+01 -6.973742320624642943e-01 1.938094187102478716e-01 6.900051374261527704e-01
4.831490707397460938e+01 -2.783088874816894531e+01 8.101490139961242676e-01 7.990192756848667477e-01 -4.360104238820499134e-01 -4.140810395927664311e-01
4.889468002319335938e+01 -4.032112884521484375e+01 1.427832508087158203e+01 6.680768620514578870e-01 -5.655542490242518872e-01 -4.835511325621021927e-01
-4.382561874389648438e+01 -4.735845565795898438e+01 1.934754562377929688e+01 -5.837703020495775830e-01 -6.053409042490331959e-01 5.410865218132011600e-01
1.879853963851928711e+00 -4.647345066070556641e+00 -1.415561676025390625e+01 1.406444511826818733e-01 4.773012541813949350e-02 9.889089813926713601e-01
9.255295753479003906e+00 -5.458408737182617188e+01 8.347205162048339844e+00 -1.203167858942098545e-01 8.358400297967709669e-01 5.356260968450098359e-01
2.794090652465820312e+01 -1.074361801147460938e+01 -2.003888320922851562e+01 -5.956164896365866851e-02 4.951666011309078380e-02 -9.969957423900939197e-01
3.855723190307617188e+01 -4.518758392333984375e+01 8.397452354431152344e+00 5.125809044242775059e-01 -6.587009448427484370e-01 -5.507938649647979856e-01
-2.299104499816894531e+01 -3.828931045532226562e+01 -7.923655986785888672e+00 2.571328189416603460e-01 5.145057644228416827e-01 8.180259970189105445e-01
-1.836529350280761719e+01 -5.296664047241210938e+01 -9.404200315475463867e-02 -3.203143012592664096e-01 -8.387346971023883491e-01 -4.403667293124591819e-01
2.165119934082031250e+01 -3.339673233032226562e+01 -1.073512935638427734e+01 -2.727787319741085126e-01 3.794533979038592908e-01 8.840853364929275315e-01
2.230600081384181976e-02 7.206179141998291016e+00 -2.007314300537109375e+01 1.211945291451620027e-01 -1.562708090589154664e-01 -9.802506415919116645e-01
9.372195243835449219e+00 -1.039496517181396484e+01 -1.961532020568847656e+01 4.388529718084226150e-03 -2.148982934536977293e-02 -9.997594350850710354e-01
-4.481655502319335938e+01 2.774830627441406250e+01 -4.291204929351806641e+00 -7.505230886649781885e-01 4.696848894159890153e-01 -4.648776161906179594e-01
-5.615110778808593750e+01 3.030875205993652344e+01 2.092921066284179688e+01 -7.586161355424186903e-01 1.888174390324738883e-01 6.235780092433540478e-01
-1.239483451843261719e+01 -3.075000953674316406e+01 -1.247218990325927734e+01 1.298548235531906125e-01 1.515136205594591057e-01 9.798884362951397753e-01
-3.014914321899414062e+01 2.185636520385742188e+01 -1.768264579772949219e+01 -2.426572783904772102e-01 2.119770515267767330e-01 -9.466695172393272406e-01
3.778966522216796875e+01 -3.925661087036132812e+01 -1.407950997352600098e+00 6.396896022499947154e-01 -6.005549874587546855e-01 -4.797196262523128474e-01
-4.740259552001953125e+01 -5.072595119476318359e+00 -5.111412048339843750e+00 8.313366481404483865e-01 8.381910058172345468e-02 5.494121729960806944e-01
-5.836666870117187500e+01 -1.719044494628906250e+01 1.154572200775146484e+01 -8.804299870046548016e-01 -1.856962947768485139e-01 -4.363025602596585784e-01
5.676333999633789062e+01 -2.378516769409179688e+01 1.241134452819824219e+01 9.887142913371961273e-01 3.940020266805893678e-02 1.445395244744565044e-01
9.020853042602539062e+00 -4.259154891967773438e+01 -8.541654586791992188e+00 -2.025595573805743232e-01 6.252129971704880607e-01 7.537097146003102210e-01
-3.397006225585937500e+01 -4.495381832122802734e+00 -1.295633792877197266e+01 2.162005357841841058e-01 -3.957652454743712175e-03 9.763409575110936212e-01
-1.854908561706542969e+01 3.537834167480468750e+01 -9.840545654296875000e+00 2.389363759974934276e-01 -3.787776219803372091e-01 8.941123650370267351e-01
1.850497627258300781e+01 -2.189070701599121094e+01 -1.365351676940917969e+01 -1.681935547285576538e-01 3.638756181778935589e-02 9.850821658586295104e-01
-1.848287200927734375e+01 -4.756629180908203125e+01 -8.597433090209960938e+00 -3.291609769922883011e-01 -7.532120947902959385e-01 -5.694950320126563881e-01
-5.345071792602539062e+01 1.382894992828369141e+00 6.671178817749023438e+00 9.226662107910107435e-01 7.997865464038541802e-03 3.855166632100060498e-01
5.410457611083984375e+01 -1.183855628967285156e+01 -2.904349863529205322e-01 9.064806727508664119e-01 -1.819997571116509782e-01 -3.810103388891655785e-01
-7.588164806365966797e+00 -4.547055435180664062e+01 -1.393138408660888672e+01 -9.372240487936622788e-02 -6.486591635916286736e-01 -7.552863035380933399e-01
5.116160964965820312e+01 -3.185083389282226562e+01 9.342642784118652344e+00 7.086615563212496083e-01 -4.195534417291287843e-01 -5.672510098057005345e-01
4.832543849945068359e+00 -3.647039413452148438e+01 -1.871111106872558594e+01 1.174248553996289635e-01 -2.523172652939765781e-01 -9.604933112567443088e-01
-3.889233016967773438e+01 -2.920555305480957031e+01 -1.145270442962646484e+01 -6.271621925155262955e-01 -4.519864629401361689e-01 -6.343310031820791339e-01
-2.791563796997070312e+01 3.557502365112304688e+01 -6.584278106689453125e+00 5.023190850944140307e-01 -5.563596679409014145e-01 6.619210350476866234e-01
-5.455368041992187500e+00 -2.229601097106933594e+01 -1.332387161254882812e+01 6.115992566871999297e-02 -3.690297865346848366e-02 9.974455542327602675e-01
-2.490127944946289062e+01 7.941217899322509766e+00 -2.133390235900878906e+01 1.177912543995289496e-01 -3.757441430294470863e-01 -9.192070274786043882e-01
-4.429919052124023438e+01 -1.445601558685302734e+01 -1.324240303039550781e+01 -6.303937786950525313e-01 -2.070056729814866991e-01 -7.481659810069253291e-01
-4.796343994140625000e+01 3.298840045928955078e+00 -1.130309486389160156e+01 -7.121919637866683805e-01 7.282794698214987983e-02 -6.981967465235383585e-01
-3.268119430541992188e+01 -4.811023712158203125e+01 5.079566955566406250e+00 -5.363337598521340510e-01 -7.761922081751942981e-01 -3.314690845478489578e-01
-3.430761337280273438e+01 3.924726486206054688e+01 4.616736888885498047e+00 6.594089492195520652e-01 -6.623832850762914060e-01 3.555674638387301134e-01
-5.113956069946289062e+01 -2.960124778747558594e+01 1.584859275817871094e+01 8.169693999845784038e-01 4.051612749004189773e-01 4.103721979007656784e-01
4.464717483520507812e+01 -1.951173591613769531e+01 -2.595717906951904297e+00 -7.519131321914135357e-01 4.420874480882279189e-01 4.890657725510303422e-01
-4.539206314086914062e+01 -2.192672538757324219e+01 -8.512759804725646973e-01 7.522301276095328948e-01 4.552449161901728214e-01 4.763422103903333094e-01
3.211710739135742188e+01 -2.684046363830566406e+01 -9.716777801513671875e+00 -4.090542608824302984e-01 2.919303907377511220e-01 8.645526349607828287e-01
1.669044876098632812e+01 -2.318439006805419922e+00 -1.463850116729736328e+01 -1.286686230757799199e-01 4.489741059809219254e-02 9.906707868698708674e-01
-1.451772880554199219e+01 3.035135030746459961e+00 -2.059545516967773438e+01 -3.037946988009535500e-05 -3.011781621584592311e-02 -9.995463552149426167e-01
-3.779372930526733398e+00 2.932384681701660156e+01 -1.324515151977539062e+01 2.191693643439024952e-01 -1.776161863519627737e-01 9.593838022808569566e-01
-2.466986083984375000e+01 -2.592675781250000000e+01 -1.167628383636474609e+01 1.191873676939666227e-01 2.387396654061374468e-01 9.637415335783494630e-01
-5.442318344116210938e+01 1.212120437622070312e+01 1.714776039123535156e+00 -8.869035847481960833e-01 2.259039294785463170e-01 -4.029509225786081505e-01
-2.606128692626953125e+01 -1.356642341613769531e+01 -1.348391628265380859e+01 1.260968184783565482e-01 7.356398197157344720e-02 9.892865777549609829e-01
-3.470325088500976562e+01 3.135969352722167969e+01 -1.183006286621093750e+01 -5.209106877477230890e-01 3.857121920511057400e-01 -7.614973146986961927e-01
-3.051865386962890625e+01 4.429298782348632812e+01 -2.437901973724365234e+00 -5.617907740824652496e-01 7.002761803008568098e-01 -4.404593028408713140e-01
-6.127573013305664062e+00 -3.739793014526367188e+01 -1.856380462646484375e+01 -1.198782220707260704e-01 -3.106247163755558316e-01 -9.429429979854387911e-01
1.656980705261230469e+01 -5.953716659545898438e+01 1.216309547424316406e+01 2.787859688133750846e-01 -8.697119052575691400e-01 -4.072831759918851824e-01
3.033878898620605469e+01 -4.648201942443847656e+00 -1.325458621978759766e+01 -1.263182122245272987e-01 5.052573306207550768e-02 9.907022052861995665e-01
4.173373794555664062e+01 -1.191388511657714844e+01 -1.508350467681884766e+01 3.990470556151919368e-01 -1.364818477601803803e-01 -9.067161367466738398e-01
5.826629996299743652e-01 -2.253811073303222656e+01 -2.040850448608398438e+01 1.350052620089940980e-01 1.822109434763855562e-01 -9.739469961488295136e-01
2.102209091186523438e+01 -5.059504318237304688e+01 -1.004287004470825195e+00 3.168545687750279893e-01 -7.851649851451771855e-01 -5.320893988310281264e-01
-3.202815246582031250e+01 -4.007298660278320312e+01 -8.157216072082519531e+00 -5.233995073604005288e-01 -6.328518573333470343e-01 -5.705711895676325307e-01
-4.413775634765625000e+01 1.832473754882812500e+01 -1.112514591217041016e+01 -6.330227000186303687e-01 3.255686915682630134e-01 -7.023441381058522781e-01
-1.236790370941162109e+01 -9.401744842529296875e+00 -1.442070674896240234e+01 -9.064008858275135125e-03 1.613910181253214449e-01 9.868489160007671845e-01
2.329201507568359375e+01 -1.854788208007812500e+01 -2.066116333007812500e+01 9.375560677828355394e-02 7.616661426743079333e-02 -9.926774567142503392e-01
1.227448940277099609e+01 -3.036208724975585938e+01 -1.387831401824951172e+01 4.881600024922490982e-02 -1.540364448489273119e-01 9.868585368622855292e-01
-4.776701927185058594e+00 1.523530101776123047e+01 -2.026195526123046875e+01 7.992772910769799233e-02 -2.579488274820823657e-02 -9.964668494956029354e-01
2.586429595947265625e+01 6.901597023010253906e+00 -1.375183010101318359e+01 -1.068426257484401676e-01 8.421106676707008909e-02 9.907033610305008287e-01
-1.686848640441894531e+01 3.196865081787109375e+01 -1.828626632690429688e+01 -2.760436473751323727e-01 4.426405746049201784e-01 -8.531525223881480935e-01
3.975006484985351562e+01 -3.038350105285644531e+01 -2.433319985866546631e-01 -6.836376578795062553e-01 5.068307245247745119e-01 5.251306212807583806e-01
-2.130294799804687500e+01 -1.671124267578125000e+01 -2.119362068176269531e+01 6.936436578464358349e-02 -5.064951122592432214e-02 -9.963047785551714108e-01
7.809457778930664062e+00 1.179329872131347656e+01 -1.980877685546875000e+01 2.674330571949199570e-02 4.288886077966076044e-02 -9.987218537812300179e-01
-6.343545532226562500e+01 -3.063713073730468750e+00 2.066698646545410156e+01 -2.833275613579619989e-01 4.365434585965700248e-02 9.580291180661032469e-01
-1.965670776367187500e+01 1.044515514373779297e+01 -1.404441261291503906e+01 1.752640896033483275e-01 -1.431958106267938735e-01 9.740520821364969661e-01
-3.907469940185546875e+01 2.776567935943603516e+00 -1.108413505554199219e+01 4.753683197944061356e-01 -6.052867066314928518e-02 8.777022505175631206e-01
1.095790386199951172e+01 -1.712652015686035156e+01 -1.388956069946289062e+01 1.731587644487892971e-02 3.882072624881829220e-02 9.990961473434175621e-01
-3.211013793945312500e+01 4.733257293701171875e+01 1.463335418701171875e+01 5.640074592891957117e-01 -5.964478840384093150e-01 5.710915053581610001e-01
-1.112990283966064453e+01 1.783011817932128906e+01 -1.421944236755371094e+01 6.676825441859560173e-02 -8.289208262990116483e-02 9.943193163361413456e-01
-2.584879875183105469e+01 -2.623389005661010742e+00 -2.129833030700683594e+01 8.456695654038881571e-02 3.685702423299463265e-02 -9.957359035538411174e-01
3.319083023071289062e+01 2.938582897186279297e+00 -1.951425743103027344e+01 2.179564587044296453e-01 1.116877268251436628e-01 -9.695467156283169574e-01
-5.493520736694335938e+01 -4.837131977081298828e+00 -5.034930109977722168e-01 -8.768098690818101337e-01 -3.175725274465300563e-02 -4.797873803872411136e-01
-1.937262344360351562e+01 -5.809346008300781250e+01 1.026645660400390625e+01 -2.475987996165650296e-01 -8.334713459721185824e-01 -4.939841595353650083e-01
-3.397332382202148438e+01 -4.727784729003906250e+01 1.379718589782714844e+01 6.615672496797325719e-01 6.978373033171957340e-01 2.745029549024537996e-01
5.702524185180664062e+01 -1.501474666595458984e+01 1.316424465179443359e+01 1.658018913875409783e-01 2.682764178099109054e-01 9.489665412749788143e-01
-4.487011718750000000e+01 -2.245496940612792969e+01 -9.535614967346191406e+00 -7.109757590637338920e-01 -3.526148379817909961e-01 -6.084211091495944634e-01
4.809948730468750000e+01 -6.086953163146972656e+00 -2.874957084655761719e+00 -8.056574271936550735e-01 3.579842873729417035e-02 5.912990635098632763e-01
-7.279840111732482910e-01 -1.053923892974853516e+01 -1.997998619079589844e+01 4.241870190291697207e-01 3.931712307281219898e-01 -8.157706517244175393e-01
-2.315246391296386719e+01 1.853506088256835938e+01 -1.295839786529541016e+01 8.456725829525962856e-02 -4.221021637988334185e-02 9.955233178874246525e-01
-7.218313217163085938e+00 -6.116655731201171875e+01 1.086054706573486328e+01 -5.175401746427972516e-02 -8.491540488663394948e-01 -5.256033894203966383e-01
-7.534013748168945312e+00 -5.604541397094726562e+01 7.937520146369934082e-01 -1.063733774910686769e-01 -9.088883964315607189e-01 -4.032450711331867499e-01
-3.677919769287109375e+01 -1.522729778289794922e+01 -1.748901939392089844e+01 -3.641316103681999095e-01 -2.320828843765081473e-01 -9.019676851806509577e-01
-5.764822006225585938e+01 1.832200622558593750e+01 1.295513820648193359e+01 -8.446897575022749294e-01 3.052438384760175483e-01 -4.396878581939406838e-01
-2.763428306579589844e+01 -5.710652160644531250e+01 1.585657024383544922e+01 -4.160516258055180217e-01 -7.507668663246325202e-01 -5.130790943837768570e-01
3.778764724731445312e+01 -2.262113380432128906e+01 -1.461726474761962891e+01 5.581300161558876427e-01 -2.804992744629276058e-01 -7.809039903160950313e-01
-5.385477828979492188e+01 -1.781186676025390625e+01 2.134063005447387695e+00 -8.785141080218502596e-01 -3.009540347252065984e-01 -3.709981549673689316e-01
-3.726589202880859375e+01 1.725938415527343750e+01 -1.622468948364257812e+01 -3.882195345023473632e-01 1.911448335428011513e-01 -9.015260648703816715e-01
-4.410451889038085938e+01 -3.805089187622070312e+01 1.443326473236083984e+01 6.575450659659773933e-01 5.637806548157956454e-01 4.997858136034588616e-01
-1.321641445159912109e+01 -2.198439025878906250e+01 -2.090602874755859375e+01 2.682265214318472688e-02 5.409731073306876109e-02 -9.981753484751341166e-01
-3.852844953536987305e+00 1.655784010887145996e+00 -1.479563331604003906e+01 -1.832278825517281995e-01 5.082485037479053669e-02 9.817557627230869555e-01
-4.261235809326171875e+01 -3.826266098022460938e+01 2.902598857879638672e+00 -6.658650971214178371e-01 -5.836416798012235008e-01 -4.647430064393555660e-01
1.732955741882324219e+01 4.480395793914794922e+00 -1.957757949829101562e+01 -4.975845680082837535e-02 2.789031310452006612e-02 -9.983717876681671433e-01
2.666185569763183594e+01 -3.955030822753906250e+01 -3.744570016860961914e+00 -3.446946970790149556e-01 6.566807240407426249e-01 6.707875911784088041e-01
1.889501380920410156e+01 -2.931106758117675781e+01 -1.885408401489257812e+01 1.504111394833425319e-01 -3.220490321501185416e-01 -9.346982989235051997e-01
1.778869926929473877e-01 -6.412853240966796875e+01 1.951772499084472656e+01 1.208431884615473878e-01 -1.682064761259848829e-01 9.783166691780965651e-01
-4.197362518310546875e+01 3.604658889770507812e+01 1.208237934112548828e+01 7.163768641973519147e-01 -5.794830883562691604e-01 3.885917378841825531e-01
-6.049996185302734375e+01 5.413178920745849609e+00 1.297183132171630859e+01 -8.840694762886601721e-01 1.025005702418665676e-01 -4.559767474277457433e-01
4.653530120849609375e+01 -5.604306221008300781e+00 -1.210405254364013672e+01 7.352910289017368095e-01 7.088245886380144245e-02 -6.740347022535611021e-01
2.665640830993652344e+01 -1.992006874084472656e+01 -1.296675014495849609e+01 -1.760185488973505241e-01 1.711455129183099277e-01 9.693950091949099512e-01
5.520735168457031250e+01 5.302990078926086426e-01 7.465456008911132812e+00 1.268908432563096156e-01 7.270246725305886670e-01 6.747842910363971436e-01
-4.152298927307128906e+00 -3.173597335815429688e+01 -1.286573886871337891e+01 5.169950784716482312e-02 1.504251280460379703e-01 9.872686775851313712e-01
-2.242077827453613281e+01 2.431543922424316406e+01 -1.929373550415039062e+01 -2.389807165292304469e-01 2.035693176009081562e-01 -9.494460227199207347e-01
-2.861236381530761719e+01 2.575767707824707031e+01 -1.047981357574462891e+01 3.168577312871213580e-01 -3.044924298891204528e-01 8.982680770592915698e-01
-3.020609092712402344e+01 1.428242206573486328e+01 -2.096097183227539062e+01 -4.301434804236571319e-01 3.668980937332962933e-01 -8.248408180151466373e-01
-2.236154556274414062e+01 -3.490511322021484375e+01 -1.656880187988281250e+01 -2.506615330386544604e-01 -3.758595585567354735e-01 -8.921313737876545025e-01
-1.330869197845458984e+01 -5.803955459594726562e+01 1.582326126098632812e+01 1.550084787104060446e-01 9.132891167557317669e-01 3.766634582003156595e-01
2.747914695739746094e+01 -4.743601608276367188e+01 7.836323738098144531e+00 -4.337509595268127516e-01 7.205352996817505629e-01 5.410073816706193472e-01
-4.926914215087890625e+01 -2.849997138977050781e+01 2.354568004608154297e+00 -7.968686229357732076e-01 -4.475761993220161439e-01 -4.058028383105563575e-01
4.213386058807373047e+00 -4.423635101318359375e+01 -1.489597606658935547e+01 7.331447634534814239e-02 -5.064452845597608999e-01 -8.591496734012010750e-01
-5.703481674194335938e+01 -9.898279190063476562e+00 1.489241600036621094e+01 9.206992881536028017e-01 9.735667257377605965e-02 3.779345169454778053e-01
-9.658467292785644531e+00 -3.826519775390625000e+01 -1.080732345581054688e+01 1.136902879248919140e-01 5.597896711699852368e-01 8.207984176903334594e-01
-4.010038852691650391e+00 -4.571074295043945312e+01 -6.686609268188476562e+00 8.753122257751348723e-02 6.553715015792903609e-01 7.502176217550423631e-01
-4.992674255371093750e+01 3.111366462707519531e+01 1.016804313659667969e+01 -7.693819152083818391e-01 4.985041513637262223e-01 -3.994309447494191478e-01
-2.503077507019042969e+01 -5.575726032257080078e+00 -1.387066364288330078e+01 3.615226967356981874e-02 3.905393649685726803e-02 9.985828976312126626e-01
-5.802687072753906250e+01 1.217336463928222656e+01 1.828206443786621094e+01 8.000139862690446302e-01 -1.785905711880513003e-01 5.727853259787986095e-01
4.413293457031250000e+01 -1.915082168579101562e+01 -1.076570796966552734e+01 6.833410220071487462e-01 -2.288521872682102165e-01 -6.933049286026904401e-01
-5.649254798889160156e+00 3.244826507568359375e+01 -2.044607925415039062e+01 -1.775711334687381238e-01 -1.168321136035817970e-01 -9.771482742089593332e-01
-3.442900466918945312e+01 -3.262145996093750000e+01 -5.782050132751464844e+00 5.595274185538040568e-01 4.371554962253967891e-01 7.041478111919705629e-01
2.099805450439453125e+01 -4.115510940551757812e+01 -1.265993785858154297e+01 4.350169198863920172e-01 -6.281762088328488591e-01 -6.451007131207848744e-01
5.381738185882568359e+00 -2.885773277282714844e+01 -2.117198562622070312e+01 -4.776713586768620984e-02 1.715196500755453851e-02 -9.987112249431151501e-01
-5.105650329589843750e+01 1.759966850280761719e+01 8.554258346557617188e+00 7.505016724110581405e-01 -3.399019843719395251e-01 5.667573384864306174e-01
7.721060752868652344e+00 2.282204818725585938e+01 -1.446613883972167969e+01 -9.713497771058289890e-03 -4.885550007068614059e-02 9.987586235291762149e-01
1.574088859558105469e+01 -1.604099273681640625e+01 -2.017485046386718750e+01 -1.337165682161639835e-01 -3.479408866109797160e-01 -9.279315808877599547e-01
-4.444312286376953125e+01 1.987439537048339844e+01 -2.535861015319824219e+00 8.026946326527226727e-01 -3.831396633119869555e-01 4.570397412782480351e-01
-4.164532089233398438e+01 3.743496704101562500e+01 2.423105001449584961e+00 -6.711140660065647578e-01 6.154258440166980870e-01 -4.133484497666237711e-01
1.908231925964355469e+01 1.740442657470703125e+01 -1.467969417572021484e+01 4.579926868850880267e-02 2.237766771279257882e-01 9.735637759084824205e-01
-4.150578022003173828e+00 2.138766670227050781e+01 -1.374800777435302734e+01 -3.066657002616892790e-03 -8.524426723297001685e-02 9.963553635720250323e-01
2.101747894287109375e+01 -6.952967166900634766e+00 -1.962896156311035156e+01 -2.558672131090153345e-02 6.105536669896445556e-02 -9.978063749494754386e-01
-3.694222640991210938e+01 2.940173339843750000e+01 -4.479248046875000000e+00 6.000082910281990811e-01 -5.423537075740062496e-01 5.880837581315684348e-01
-5.611744308471679688e+01 -2.483472442626953125e+01 1.206507396697998047e+01 -8.282115368708137249e-01 -3.149974163347393219e-01 -4.635108174536207715e-01
5.488945960998535156e+00 6.394148826599121094e+00 -1.464514541625976562e+01 -4.215956953504889498e-03 -8.405377729277142829e-02 9.964523010309040973e-01
-2.952842903137207031e+01 4.696111202239990234e+00 -1.366548156738281250e+01 1.054606435974717454e-01 -7.283485156048681575e-02 9.917525583784339016e-01
4.086250305175781250e+01 3.674446105957031250e+00 -1.361333179473876953e+01 4.554582914880770939e-01 6.742414811401564734e-01 5.813399778311223454e-01
1.444018173217773438e+01 -4.819990539550781250e+01 -8.248603820800781250e+00 3.066935596787811469e-01 -7.715821474074643360e-01 -5.573150368092034679e-01
2.495806312561035156e+01 -5.648058700561523438e+01 1.199864387512207031e+01 3.533653408352034342e-01 -8.177035623024186961e-01 -4.544159109168109945e-01
-2.308226394653320312e+01 -4.772844696044921875e+01 3.765996932983398438e+00 3.026947950842580615e-01 7.793003577751765887e-01 5.486955562061541780e-01
-1.253120231628417969e+01 1.379242897033691406e+01 -2.056571578979492188e+01 -3.998433447188589674e-04 1.341412731748337604e-02 -9.999099466019976123e-01
1.532996177673339844e+01 -5.525540924072265625e+01 3.562854051589965820e+00 2.492715934945553546e-01 -8.792880536939700065e-01 -4.058524255289785443e-01
3.331359100341796875e+01 -4.085457229614257812e+01 4.539183139801025391e+00 -5.416293527028674948e-01 7.410272435151993298e-01 3.968831927141010518e-01
-3.527502059936523438e+01 -2.424676322937011719e+01 -1.607697677612304688e+01 -3.346062223874579078e-01 -3.067285408739728325e-01 -8.910422426310207200e-01
-5.095054149627685547e+00 -1.199228858947753906e+01 -1.380918312072753906e+01 -4.714570424779623153e-02 4.099938464561111301e-02 9.980462579608525564e-01
6.264523983001708984e+00 -5.624480056762695312e+01 1.402948975563049316e+00 1.676344416539154170e-01 -8.704987993059077889e-01 -4.627424060731335498e-01
-1.530897045135498047e+01 -1.995501041412353516e+00 -1.491570568084716797e+01 2.597492657928632959e-02 9.375428114262839008e-02 9.952564684324485267e-01
-1.161120605468750000e+01 -4.438925552368164062e+01 -6.769169807434082031e+00 1.523373850339310720e-01 7.305273687552384931e-01 6.656749091114759764e-01
3.848378372192382812e+01 -3.389881515502929688e+01 -6.844720840454101562e+00 5.887008990478871384e-01 -5.509375845941901773e-01 -5.915226363730545778e-01
-3.757373428344726562e+01 -1.103461265563964844e+01 -1.122264385223388672e+01 3.634818750883967442e-01 8.886049553548794333e-02 9.273536212337828433e-01
4.981318950653076172e+00 -4.889393615722656250e+01 -2.212467908859252930e+00 -1.412706361189867144e-01 8.316540550749349503e-01 5.370234073557257348e-01
9.101346015930175781e+00 -6.120603179931640625e+01 1.201845169067382812e+01 1.110646233968821950e-01 -8.525563538046512235e-01 -5.106978686239320719e-01
2.995759963989257812e+01 -5.628318405151367188e+01 1.880326461791992188e+01 9.144471293538437850e-02 -1.268339933039726308e-01 9.876998545199512369e-01
-1.678639602661132812e+01 -2.456267929077148438e+01 -1.279972648620605469e+01 5.240565641928750934e-02 7.868455472796072325e-02 9.955211640254195693e-01
-2.111296892166137695e+00 -5.565106582641601562e+01 9.197006225585937500e+00 1.591340479948421746e-02 7.856459978996926941e-01 6.184716077006963131e-01
-4.751670455932617188e+01 2.415165901184082031e+01 7.331681251525878906e+00 8.206481409167584173e-01 -3.856670081650233617e-01 4.216605122879164558e-01
-1.160543918609619141e+01 -4.974660110473632812e+01 6.629490256309509277e-01 1.414043692395646479e-01 8.434364966179525025e-01 5.182853273369751879e-01
-1.631139963865280151e-01 2.119348716735839844e+01 -2.022350502014160156e+01 1.924973351882576789e-01 8.453189406246436333e-02 -9.776498017345639502e-01
-1.141840362548828125e+01 2.971341896057128906e+01 -1.259484100341796875e+01 1.970349351834550233e-01 -1.247297811843922494e-01 9.724298000385145357e-01
3.531108474731445312e+01 -9.652528762817382812e+00 -1.813596916198730469e+01 2.955922273838294534e-01 -7.051000476360125280e-02 -9.527085463763319551e-01
-2.135836124420166016e+00 -5.375915527343750000e+01 -4.229373931884765625e+00 1.769077574618484888e-02 -8.772820260695136652e-01 -4.796491250788093574e-01
9.276522636413574219e+00 -4.263680934906005859e+00 -1.495512676239013672e+01 1.824619572403075179e-02 7.468665794707807226e-02 9.970401092565416290e-01
-1.528937530517578125e+01 2.226056671142578125e+01 -2.065106010437011719e+01 9.245134964754518625e-02 4.347330256013089145e-02 -9.947677215877396284e-01
6.577463150024414062e+00 -1.817279052734375000e+01 -1.980942535400390625e+01 1.128388478294482626e-02 1.110143553140607031e-01 -9.937547418042385061e-01
-3.197987365722656250e+01 -2.680660629272460938e+01 -9.949963569641113281e+00 2.488690815958407576e-01 2.488308773669599960e-01 9.360274433447085540e-01
5.280194473266601562e+01 -2.522806930541992188e+01 6.317504882812500000e+00 8.053503881505925666e-01 -4.142227818466079348e-01 -4.240639566208700972e-01
-3.527466583251953125e+01 9.379534721374511719e+00 -1.825105857849121094e+01 -2.801098464550877964e-01 1.462836181834500926e-01 -9.487568587209611604e-01
4.164607620239257812e+01 -4.240695571899414062e+01 1.450790309906005859e+01 -5.953759583695684698e-01 6.028097561380688640e-01 5.311759276362962856e-01
3.118739318847656250e+01 1.011612319946289062e+01 -1.885128211975097656e+01 2.265009057181691932e-01 7.040379792718510776e-01 -6.730734458078537763e-01
-2.472678947448730469e+01 3.838945388793945312e+01 -1.261112022399902344e+01 -2.674091051212874603e-01 5.939784951960243031e-01 -7.587370544153612117e-01
3.076245307922363281e+01 -1.762235832214355469e+01 -1.861180114746093750e+01 3.386021790620847849e-01 -1.343069284847415168e-01 -9.312949120957347837e-01
2.760982131958007812e+01 -3.359072113037109375e+01 -1.520086860656738281e+01 3.851488161369939767e-01 -3.733653444250609743e-01 -8.439542102570658511e-01
-1.002985954284667969e+00 -3.240011978149414062e+01 -2.058937644958496094e+01 1.987799942844268794e-02 -6.869163228802164234e-01 -7.264646106311341001e-01
1.516216039657592773e+00 4.452300071716308594e-02 -1.978385162353515625e+01 1.934696579639274758e-02 -5.992034153230225285e-02 -9.980156549799834576e-01
-3.807455444335937500e+01 4.507106399536132812e+01 1.821757698059082031e+01 5.425262430455816132e-01 -5.573158822846223659e-01 6.285413931955152744e-01
-5.788733291625976562e+01 -1.847433662414550781e+01 1.878492927551269531e+01 6.880419349055448830e-01 1.919143419355986424e-01 6.998336810777686656e-01
5.163485336303710938e+01 -1.879074478149414062e+01 -8.951960206031799316e-01 8.646001335801416499e-01 -3.257290183714806608e-01 -3.825796852996153907e-01
-3.845333480834960938e+01 1.387746524810791016e+01 -9.886701583862304688e+00 4.377333883848349982e-01 -1.816578576177831639e-01 8.805622655206435390e-01
-1.535585212707519531e+01 -3.356818389892578125e+01 -1.851608657836914062e+01 -1.794477721612535159e-01 -2.570018013422819547e-01 -9.496044287876846957e-01
3.529235839843750000e+01 -5.139067840576171875e+01 1.847489738464355469e+01 -2.334042236139547144e-01 3.844409438813631286e-01 8.931559936913449071e-01
-3.803663635253906250e+01 -7.881869792938232422e+00 -1.776865577697753906e+01 -4.059663778816752777e-01 -7.358649608862767588e-02 -9.109205934783949354e-01
-3.904940032958984375e+01 -2.575820088386535645e-01 -1.756136894226074219e+01 -4.035901344347889719e-01 5.080496115359856013e-02 -9.135282476798899376e-01
-2.470654010772705078e+00 1.135599136352539062e+01 -1.462541866302490234e+01 -8.913873586294097928e-02 -9.909299862449903740e-02 9.910776273291420635e-01
3.942428207397460938e+01 -6.929348945617675781e+00 -1.052278900146484375e+01 -4.564891362805350017e-01 7.562022283124424094e-02 8.865095884178603169e-01
2.573081398010253906e+01 -1.278483390808105469e+01 -1.356944656372070312e+01 -1.174021610956101497e-01 -2.215841706587238710e-02 9.928372158230246436e-01
5.645196914672851562e+01 -1.445955848693847656e+01 5.930888175964355469e+00 8.573569471415968257e-01 -2.029476155078354382e-01 -4.730236046411688822e-01
-7.515016078948974609e+00 4.438558101654052734e+00 -2.022272872924804688e+01 2.118365338726740932e-01 -5.910089751756687770e-02 -9.755164615881321000e-01
-4.026028060913085938e+01 -2.577020263671875000e+01 -5.230815887451171875e+00 6.432280524620537232e-01 4.421742981670023220e-01 6.250916433343133294e-01
-5.774355697631835938e+01 2.455162620544433594e+01 1.708414649963378906e+01 -7.724960930020037253e-01 2.797168732927148849e-01 -5.700949544523148393e-01
-5.755672836303710938e+01 -5.216829776763916016e+00 6.084914207458496094e+00 -9.457213982728284174e-01 -8.041791909338767697e-02 -3.148713946003598996e-01
-1.950635528564453125e+01 -3.109521484375000000e+01 -1.130100631713867188e+01 1.102112450108476555e-01 2.089648475884800516e-01 9.716929422124471749e-01
-1.823644065856933594e+01 -5.172306442260742188e+01 7.336112976074218750e+00 1.962891476004455515e-01 8.468631637301283765e-01 4.942604095527863284e-01
9.874812126159667969e+00 1.598023605346679688e+01 -1.449317264556884766e+01 3.889368938961018651e-02 2.039592694896954703e-02 9.990351781041330037e-01
-4.935768890380859375e+01 -9.965290069580078125e+00 -4.104329943656921387e-01 8.867315642631474759e-01 1.122712041691585477e-01 4.484443216875856342e-01
-1.631461524963378906e+01 3.933293151855468750e+01 -1.518698501586914062e+01 -3.488046232774336119e-01 3.981509986714387161e-01 -8.484168297701450978e-01
3.433132553100585938e+01 1.349969029426574707e+00 -1.256761837005615234e+01 -3.165215155170491013e-01 4.457217266259211330e-02 9.475375726792718556e-01
-4.864058303833007812e+01 -9.943379402160644531e+00 -9.985500335693359375e+00 -7.059952799078097474e-01 -1.670870734915518574e-01 -6.882242182747728698e-01
-1.801371192932128906e+01 9.445624351501464844e+00 -2.079214477539062500e+01 2.083386672437217979e-02 3.473158118344234907e-02 -9.991794970203347059e-01
-1.469221305847167969e+01 -1.389559555053710938e+01 -2.041463661193847656e+01 1.481036724603636001e-01 9.998979765591158031e-03 -9.889212924229110468e-01
-1.943667984008789062e+01 -1.044109535217285156e+01 -1.386494255065917969e+01 6.380494192019246780e-02 1.120273195803372090e-01 9.916545815223191118e-01
-1.925819969177246094e+01 -4.604469680786132812e+01 -1.823673009872436523e+00 3.443205571951957755e-01 7.578844941142678371e-01 5.541249385057041010e-01
9.358711242675781250e+00 -2.402573966979980469e+01 -1.375124263763427734e+01 -8.482794180946469711e-03 1.358640093758630221e-02 9.998717177280527224e-01
-1.010501098632812500e+01 -1.680831146240234375e+01 -1.347346591949462891e+01 3.044204606759751131e-02 1.163927842268869112e-01 9.927366224790600269e-01
-4.383438491821289062e+01 -1.623944473266601562e+01 -6.478516101837158203e+00 6.172427125492070399e-01 1.433075412889178168e-01 7.736112605272897902e-01
4.735490036010742188e+01 -1.308308696746826172e+01 -1.643579959869384766e+00 -7.841358883619958808e-01 1.257175143413558072e-01 6.077219883882551965e-01
-2.954867744445800781e+01 -4.281608200073242188e+01 1.886667013168334961e+00 5.895312734444927427e-01 6.960668400990441818e-01 4.098095066557710386e-01
5.158208847045898438e+01 -5.611461162567138672e+00 3.140618085861206055e+00 -9.532242838460532885e-01 -4.733390382496902721e-02 2.985346985441850176e-01
-3.134970855712890625e+01 1.896345520019531250e+01 -1.145290565490722656e+01 2.807740268311841314e-01 -2.139576570105410636e-01 9.356217541632735335e-01
-5.004411315917968750e+01 3.012489318847656250e+01 1.745909118652343750e+01 7.565776780820760994e-01 -4.360280594665545961e-01 4.873086787507125428e-01
-3.485111618041992188e+01 4.580965423583984375e+01 6.630514144897460938e+00 -5.996573271647411829e-01 7.338920471429504211e-01 -3.190823610260648535e-01
4.162475585937500000e+01 -1.324326896667480469e+01 -8.273298263549804688e+00 -5.385569373706358132e-01 1.922826466577295113e-01 8.203559038638410517e-01
-1.614706039428710938e+01 -3.964521789550781250e+01 -8.995004653930664062e+00 2.058017690405387901e-01 4.096007124931304033e-01 8.887479328723666416e-01
6.157430171966552734e+00 1.851464843750000000e+01 -1.990217018127441406e+01 5.588628717403177661e-03 -1.786467303394661393e-02 -9.998247949948275703e-01
8.566575050354003906e+00 -3.739190673828125000e+01 -1.300329971313476562e+01 9.064619128742068543e-02 8.983618195149035701e-01 -4.298014765481340538e-01
-2.996536827087402344e+01 -1.952212333679199219e+01 -1.217607212066650391e+01 2.570056874817808201e-01 2.132344388048883488e-01 9.425917200514660754e-01
1.510246181488037109e+01 -3.910774230957031250e+01 -9.553629875183105469e+00 -2.043051298472897126e-01 5.301795345090338785e-01 8.229028345472302330e-01
-4.338651275634765625e+01 3.942384338378906250e+01 1.790294265747070312e+01 6.405221135458363246e-01 -5.845245499222742058e-01 4.980587039666481419e-01
2.334751510620117188e+01 -4.026558876037597656e+00 -1.388935184478759766e+01 -1.008592176673314550e-01 3.677794181516289701e-02 9.942207004520547953e-01
2.355693817138671875e+01 -4.436194610595703125e+01 1.524499952793121338e-01 -4.389686239042503435e-01 7.427113794132838009e-01 5.056543820809091816e-01
-4.321523666381835938e+01 7.525249004364013672e+00 -8.348598480224609375e+00 6.111438076750469461e-01 -1.267468170393085958e-01 7.813056320741896821e-01
1.512564754486083984e+01 -4.717497253417968750e+01 -1.302545070648193359e+00 -1.849031415297212877e-01 7.771999425989681853e-01 6.014740871198029915e-01
-3.757532501220703125e+01 -4.334414291381835938e+01 3.026417016983032227e+00 -6.144748759324447640e-01 -7.063716800033047472e-01 -3.513682918777895625e-01
-4.806834411621093750e+01 2.798753929138183594e+01 1.687628984451293945e+00 -8.224374044232209968e-01 4.243743989960205854e-01 -3.788180107681807796e-01
-3.969762802124023438e+01 -3.661124801635742188e+01 -3.609941005706787109e+00 -6.277868233616552551e-01 -6.301070694395843885e-01 -4.569997652688022605e-01
1.281388473510742188e+01 4.221435070037841797e+00 -1.448755741119384766e+01 -2.349562868807744329e-02 -7.603583440366810942e-02 9.968282235767054189e-01
5.130184936523437500e+01 -1.319304943084716797e+00 -6.637006759643554688e+00 5.868368040193185919e-01 -4.359499078668443994e-01 -6.823270793976169424e-01
-5.059069442749023438e+01 8.100973129272460938e+00 -7.088617801666259766e+00 -7.998061582952989967e-01 1.826650058832138268e-01 -5.717898257039910614e-01
3.280422592163085938e+01 -3.511280059814453125e+01 -3.392606973648071289e+00 -4.849932379021841267e-01 5.112939607737582159e-01 7.094787134688664842e-01
-2.600240516662597656e+01 -2.860335540771484375e+01 -1.771273612976074219e+01 -2.578634440430439545e-01 -2.513177025663760333e-01 -9.329232854865497915e-01
1.938419914245605469e+01 1.089303398132324219e+01 -1.952317237854003906e+01 -7.989409153018454945e-03 2.879541058743981599e-02 -9.995533971081715929e-01
-4.940179061889648438e+01 8.030714035034179688e+00 -1.176569983363151550e-01 9.174658993708848520e-01 -1.917294453286910727e-01 3.485629688959028250e-01
-5.546457290649414062e+01 -3.370439910888671875e+01 1.897244644165039062e+01 -7.954538010053259223e-01 -5.022333425701052123e-01 3.391384968962364854e-01
-3.135531044006347656e+01 -5.316652679443359375e+01 1.185571289062500000e+01 -4.848748200319321078e-01 -7.969394421599955702e-01 -3.602553739067838046e-01
-3.522172164916992188e+01 2.508287429809570312e+01 -1.468149757385253906e+01 -5.007457507406164465e-01 3.664002944341316903e-01 -7.842222372222035220e-01
-4.294840240478515625e+01 -3.175821304321289062e+01 4.536895751953125000e+00 -1.508061668168025060e-01 9.530418887866851652e-01 -2.626188459877367709e-01
4.996961593627929688e+01 -3.362062835693359375e+01 1.592763996124267578e+01 -7.192797534916473001e-01 4.807094492842093336e-01 5.015526508611705125e-01
-2.103690147399902344e+01 -4.277935409545898438e+01 -1.256479358673095703e+01 -2.631365354851521454e-01 -6.027572760567805332e-01 -7.532880125512958491e-01
-5.690674972534179688e+01 7.035511016845703125e+00 5.713015079498291016e+00 -9.315716753154708041e-01 1.403008224491513189e-01 -3.353951296158286244e-01
-2.152593612670898438e+01 2.922122955322265625e+01 -1.149667072296142578e+01 2.680686317124300055e-01 -3.745383847981298975e-01 8.876148979172405751e-01
-3.947018432617187500e+01 -4.380619812011718750e+01 1.572458076477050781e+01 5.911896784607111321e-01 7.005739301081213011e-01 3.996134789197954285e-01
4.561465454101562500e+01 -2.913932418823242188e+01 6.778159141540527344e+00 -6.211996094532179491e-01 4.990822938182284396e-01 6.041753960666594869e-01
-4.837816619873046875e+01 1.492187118530273438e+01 1.443719983100891113e+00 8.269316592577625746e-01 -2.506550612571243897e-01 5.033448829414985948e-01
-5.201964187622070312e+01 -2.886237716674804688e+01 8.508708953857421875e+00 -7.759498313031593097e-01 -3.873344288479454445e-01 -4.978693599024088257e-01
-5.037742137908935547e+00 -5.269431114196777344e+00 -1.408335876464843750e+01 -9.772022953425972547e-02 7.446754675504740906e-02 9.924239725137923296e-01
-2.393517494201660156e+01 4.394180679321289062e+01 -1.342604994773864746e+00 8.247216249146176459e-01 -1.765592252695367959e-02 5.652632216922618413e-01
-3.187494039535522461e+00 -5.957098388671875000e+01 1.604602813720703125e+01 9.752816491323580000e-03 8.880314339713186733e-01 4.596792956500546090e-01
2.252802085876464844e+01 -2.703549766540527344e+01 -1.248270511627197266e+01 -2.082289649827122335e-01 2.160243573734034195e-01 9.539256654287253667e-01
-2.589338684082031250e+01 -3.258884811401367188e+01 -9.726672172546386719e+00 2.446483282643210355e-01 2.962502987729118686e-01 9.232458805510227462e-01
5.413044929504394531e+00 -6.047360610961914062e+01 1.760547828674316406e+01 -4.198625935551662108e-02 7.547292805804088900e-01 6.546914288883807220e-01
-4.893474578857421875e+01 4.029116058349609375e+01 2.143994712829589844e+01 -3.347424869007344372e-01 3.589942737437470388e-01 8.712465660665248413e-01
3.250934600830078125e+01 -3.677753925323486328e+00 -1.942380142211914062e+01 1.485961590785755404e-01 1.730997662200753906e-01 -9.736301415022287076e-01
-3.154267883300781250e+01 3.781950759887695312e+01 -1.283766031265258789e+00 5.383967793355423082e-01 -6.525615316829284085e-01 5.331907307603404034e-01
3.853340530395507812e+01 -2.136544990539550781e+01 -8.121062278747558594e+00 -5.416099778989958979e-01 2.931523949551242403e-01 7.878580488719550967e-01
-1.985659003257751465e+00 -4.272210693359375000e+01 -1.645961570739746094e+01 3.771543404370819585e-02 -4.903580911727853375e-01 -8.707045931062251665e-01
1.396227264404296875e+01 1.468225479125976562e+01 -1.961777114868164062e+01 1.539083996223234926e-02 -4.161702889517365778e-02 -9.990150874492312871e-01
-2.094180297851562500e+01 1.750615000724792480e+00 -2.101128578186035156e+01 7.269018350855327437e-02 2.797667578227640978e-02 -9.969621070199540247e-01
-4.064423370361328125e+01 2.759105682373046875e+01 -9.584842681884765625e+00 -6.200308702383102721e-01 3.694190098494317676e-01 -6.921642255371113217e-01
-5.249346542358398438e+01 -1.640161132812500000e+01 8.731866836547851562e+00 8.472991142662897879e-01 2.571610032194135975e-01 4.647068208954389101e-01
-5.907822036743164062e+01 7.245510220527648926e-01 1.755375099182128906e+01 9.087589227475504350e-01 -2.831159523535332206e-02 4.163600291838079892e-01
-4.260750961303710938e+01 -7.187178134918212891e+00 -9.194543838500976562e+00 4.508481625397851023e-01 1.048152313845694406e-01 8.864252374590305683e-01
-5.997762203216552734e+00 -2.175408172607421875e+01 -2.046627998352050781e+01 9.628994689915289056e-04 1.217228384987089074e-01 -9.925636621458745479e-01
-4.739080810546875000e+01 1.694458007812500000e+00 -5.000726222991943359e+00 8.334997859566217748e-01 -1.289938685791645889e-01 5.372510480950659639e-01
-2.646802711486816406e+01 -4.378649520874023438e+01 -8.471559524536132812e+00 -4.381364704714976188e-01 -6.374260532511329957e-01 -6.338173710773966629e-01
5.436222076416015625e+00 -1.031442451477050781e+01 -1.440959548950195312e+01 7.461131126779807499e-02 3.058042260779301677e-02 9.967436932251081405e-01
1.856280517578125000e+01 -2.303527259826660156e+01 -2.093303871154785156e+01 -2.791665902052862733e-02 -1.481766150474386756e-02 -9.995004237401114988e-01
1.990432167053222656e+01 -3.549449539184570312e+01 -1.665608787536621094e+01 2.272850457830476734e-01 -3.428443515728884505e-01 -9.114819024851583684e-01
2.060806274414062500e+01 2.991487026214599609e+00 -1.414854145050048828e+01 -1.317446111979032330e-01 -6.993995824799748018e-02 9.888133088002921678e-01
-2.332858085632324219e+01 -1.946337699890136719e+01 -1.306127452850341797e+01 2.529918869882222254e-02 1.213054598500083597e-01 9.922927675145875037e-01
-5.061970901489257812e+01 -3.577021789550781250e+01 1.383240985870361328e+01 -7.875326339168388090e-01 -4.962946764981180925e-01 -3.653545464280342214e-01
-3.316027450561523438e+01 -3.993403911590576172e+00 -1.990608406066894531e+01 -5.018766952256215053e-01 -1.688318083320578672e-02 -8.647743873371609435e-01
3.491217422485351562e+01 -4.709391403198242188e+01 1.342790412902832031e+01 -5.019848528308111790e-01 7.213851777966543422e-01 4.770897533836983562e-01
1.401123809814453125e+01 -5.801573753356933594e+00 -1.940325546264648438e+01 -2.556655279386639903e-02 -7.253268679902719063e-02 -9.970382945122783225e-01
-2.709528160095214844e+01 -3.848971557617187500e+01 -1.291328430175781250e+01 -3.864066147420269215e-01 -6.395774034809803554e-01 -6.645529873833493362e-01
1.553557991981506348e+00 1.354554748535156250e+01 -1.998410224914550781e+01 6.790553744850680307e-02 3.140537275398908035e-02 -9.971973428293982034e-01
4.518254089355468750e+01 -3.337605285644531250e+01 1.773772954940795898e+00 7.219554144974912324e-01 -4.824640550396782079e-01 -4.959927570765786942e-01
-2.125235557556152344e+01 -5.551526260375976562e+01 1.585807037353515625e+01 3.628569252024000380e-01 8.432377066888548933e-01 3.965917571644428929e-01
1.685298919677734375e+01 -5.980591583251953125e+01 1.863283729553222656e+01 -4.521072795227426555e-02 5.499802202508838889e-01 8.339530846581327816e-01
4.064450073242187500e+01 -4.044979858398437500e+01 4.218222141265869141e+00 5.866274064800582888e-01 -6.566971940838147725e-01 -4.739378453435901251e-01
2.602272033691406250e+00 -4.387176895141601562e+01 -8.283187866210937500e+00 -6.856346648184316606e-02 5.893053709026364606e-01 8.049957955724360570e-01
-2.451880073547363281e+01 -1.088236904144287109e+01 -2.132999801635742188e+01 1.608695910507704219e-01 7.553730879952594290e-02 -9.840808349188001625e-01
4.691595077514648438e+00 -5.886091232299804688e+01 6.990945816040039062e+00 8.240400088214036578e-02 -9.016757594281744614e-01 -4.244884044331965200e-01
-3.571620941162109375e+01 8.520483016967773438e+00 -1.194305515289306641e+01 3.257350378325525875e-01 -1.217444353704794507e-01 9.375899837266546966e-01
2.465655899047851562e+01 -4.523505783081054688e+01 -6.112905025482177734e+00 3.533703922672531417e-01 -7.665939571821076548e-01 -5.361558268645083558e-01
4.646930313110351562e+01 -4.439543151855468750e+01 1.850614929199218750e+01 1.591797131913328389e-01 -2.752071812124970429e-01 9.481154076996096691e-01
3.267489624023437500e+01 -4.140538406372070312e+01 -4.576335906982421875e+00 5.246690081923556237e-01 -7.104563222236959241e-01 -4.690141213810409826e-01
-3.901876068115234375e+01 -5.021463394165039062e+01 1.628563308715820312e+01 -5.070564367500488556e-01 -6.172151500177476269e-01 -6.016138533469064242e-01
-3.898654937744140625e+01 3.184331703186035156e+01 1.047639012336730957e+00 6.982769973132579855e-01 -5.633445330403474838e-01 4.416471126552658499e-01
8.409916877746582031e+00 -5.046937561035156250e+01 -7.682233810424804688e+00 1.861818082018996123e-01 -7.625120768403723659e-01 -6.196060578845667965e-01
-1.128315734863281250e+01 2.956044578552246094e+01 -2.019515991210937500e+01 -5.859994256881106978e-02 1.372853855637634346e-01 -9.887966270379063838e-01
-1.380501365661621094e+01 -4.548338317871093750e+01 -1.260906124114990234e+01 -1.612835726147635318e-01 -6.680250838215979758e-01 -7.264503400713397951e-01
-4.090961074829101562e+01 -3.744200134277343750e+01 9.008182525634765625e+00 6.472530005993047952e-01 4.823653902309451569e-01 5.902433256908075077e-01
-4.649763488769531250e+01 1.246542263031005859e+01 -1.080540657043457031e+01 -6.607404524177796779e-01 1.763161666600485400e-01 -7.296126807512692825e-01
-1.074525737762451172e+01 2.374108076095581055e+00 -1.517148876190185547e+01 -3.029109247438052308e-02 9.445463088079597558e-02 9.950682250086577696e-01
5.236758804321289062e+01 -2.793129158020019531e+01 1.423740863800048828e+01 -7.844339900599532900e-01 3.179108270923033941e-01 5.325373425930888249e-01
1.623835086822509766e+00 2.440716361999511719e+01 -1.410411930084228516e+01 8.356681125765426377e-02 -4.913142109248150313e-02 9.952902549094212459e-01
5.108193874359130859e+00 -5.525034904479980469e+00 -1.951464653015136719e+01 -1.024480861558891981e-01 -4.656418186605523757e-02 -9.936479087735958782e-01
-5.808609390258789062e+01 -1.135321617126464844e+01 8.817805290222167969e+00 -8.985141260647026007e-01 -1.109501358883791811e-01 -4.246909848449030855e-01
2.678338623046875000e+01 -4.056498718261718750e+01 -9.959554672241210938e+00 4.532391595644514326e-01 -6.162515350784691925e-01 -6.440561386639678254e-01
4.640267944335937500e+01 -2.515928077697753906e+01 -4.751327037811279297e+00 6.808374036959033981e-01 -4.733547763120452556e-01 -5.589236848364855792e-01
2.368437576293945312e+01 6.127202033996582031e+00 -1.960498809814453125e+01 3.034062290679262475e-02 -5.986416230385377402e-02 -9.977453225514443247e-01
-3.139387321472167969e+01 -1.022747325897216797e+01 -1.319007968902587891e+01 1.419987002679760912e-01 7.892187577474438220e-02 9.867156158926447818e-01
1.003978443145751953e+01 -3.265525817871093750e+01 -1.928606605529785156e+01 1.078332518436202897e-01 -2.438903852492357582e-01 -9.637891210113391782e-01
1.047888755798339844e+01 -5.116984558105468750e+01 3.180104970932006836e+00 -2.417798878990890243e-01 8.372903625130643235e-01 4.903950801652125491e-01
2.824251174926757812e+01 -3.178331565856933594e+01 -9.221488952636718750e+00 -3.506453777416744244e-01 4.489081568016767831e-01 8.219058862335270055e-01
-5.004409408569335938e+01 1.738304519653320312e+01 -4.082083225250244141e+00 -8.284534884019324474e-01 2.993556787566080679e-01 -4.733402530430300126e-01
4.447353363037109375e+01 -4.029078292846679688e+01 9.182358741760253906e+00 6.155692874618552413e-01 -6.048099487240066185e-01 -5.052517968876194532e-01
1.298836898803710938e+01 -4.410540390014648438e+01 -1.314211273193359375e+01 2.596829235435903493e-01 -6.510571989778533020e-01 -7.132245809553720006e-01
3.278231811523437500e+01 -2.645204353332519531e+01 -1.592917060852050781e+01 3.444220271555704649e-01 -3.082866078280440680e-01 -8.867541004381798153e-01
-5.326968193054199219e+00 -5.013612365722656250e+01 -2.533749938011169434e-01 9.812945516774121413e-02 8.929079854308393793e-01 4.394154521433242255e-01
-1.354239559173583984e+01 -5.574311447143554688e+01 2.721065998077392578e+00 -2.464734575566533692e-01 -8.918655188051065608e-01 -3.792449486632179512e-01
-1.660529899597167969e+01 5.084605216979980469e+00 -1.498440170288085938e+01 1.098631351782148741e-01 -2.414415417058773591e-02 9.936534362383094843e-01
3.340929412841796875e+01 -4.727219009399414062e+01 5.574238777160644531e+00 5.242064969588160483e-01 -7.345350753458316229e-01 -4.308895120942958235e-01
4.685944366455078125e+01 -2.192500114440917969e+01 2.812416076660156250e+00 -8.037618663770786931e-01 3.159140829454643584e-01 5.041479488748924487e-01
-4.078779602050781250e+01 -1.937972831726074219e+01 -1.471323680877685547e+01 -5.406251022996704236e-01 -2.705848210318319569e-01 -7.965603262720548638e-01
-5.092466354370117188e+01 -2.828949987888336182e-01 1.234706997871398926e+00 8.718341990932191310e-01 6.517311609897277758e-02 4.854457685771243480e-01
-5.314697265625000000e+01 3.573683929443359375e+01 2.075078773498535156e+01 -7.841060993797257517e-01 5.299092661753568301e-01 3.230693339470745995e-01
-3.464871597290039062e+01 -4.328863143920898438e+01 8.537554740905761719e+00 5.616306942326250162e-01 5.971372924091769008e-01 5.727111115649988760e-01
-2.314855003356933594e+01 -2.267082405090332031e+01 -2.078150558471679688e+01 -5.430873798879910508e-01 -5.057957917728447272e-01 -6.702437726911589788e-01
-4.750158309936523438e+01 -4.278129959106445312e+01 1.668959236145019531e+01 -5.592333412254515412e-01 -5.185048656585645732e-01 -6.468467935687799431e-01
-2.558276748657226562e+01 1.843053627014160156e+01 -2.007382774353027344e+01 -4.415645897967248601e-01 2.918033019709456721e-01 -8.484524418000712886e-01
1.588732004165649414e+00 -3.414604568481445312e+01 -1.398854446411132812e+01 6.177894499754367219e-01 -5.507814772969049644e-02 7.844122596834611771e-01
-1.740911674499511719e+01 1.632979393005371094e+01 -1.355579566955566406e+01 1.696365485123586536e-01 -1.333041499836728205e-01 9.764494072945841818e-01
-1.562623023986816406e+00 -1.665867042541503906e+01 -1.982774162292480469e+01 5.028009178509207366e-02 7.934635443476487082e-02 -9.955782583041855593e-01
2.799106025695800781e+01 1.110363006591796875e+00 -1.343307209014892578e+01 -1.354227018343977795e-01 1.390490748898200457e-01 9.809821846497299713e-01
-1.347233009338378906e+01 -2.815531730651855469e+01 -2.081902503967285156e+01 -1.275788153417019843e-01 -1.062245774310272006e-01 -9.861237168964184230e-01
-6.262664794921875000e+01 -7.660627841949462891e+00 1.662365150451660156e+01 -8.247085275228017709e-01 -7.344935134049640491e-02 -5.607682564293668959e-01
-2.544132947921752930e+00 2.705081558227539062e+01 -2.048548126220703125e+01 1.256211748846039200e-01 -3.891558237188775388e-02 -9.913147319944702884e-01
-4.877487945556640625e+01 -3.178857088088989258e+00 -1.082165336608886719e+01 -7.183162847961845898e-01 -3.011642215656173266e-02 -6.950645409694661270e-01
-1.386760139465332031e+01 -4.113177776336669922e+00 -2.052874755859375000e+01 8.641997971010308144e-02 -3.995205030587160172e-02 -9.954573927513233889e-01
2.487124633789062500e+01 -5.170841598510742188e+01 4.195569992065429688e+00 4.170679513703611230e-01 -7.987149429545976620e-01 -4.337150721853736957e-01
1.357533931732177734e+00 -2.229066276550292969e+01 -1.360393619537353516e+01 5.171028043178396705e-02 -1.577896541736138400e-02 9.985374660712657002e-01
2.833185958862304688e+01 1.254078197479248047e+01 -1.387691307067871094e+01 -2.752547448466194022e-02 4.373461832602373311e-01 8.988718842204918014e-01
-9.748066902160644531e+00 -9.570198059082031250e+00 -2.004258918762207031e+01 3.013934051866577757e-02 -3.017855519049425506e-02 -9.990900234511974620e-01
3.516033554077148438e+01 -3.184127235412597656e+01 -1.158871364593505859e+01 5.597043950408222557e-01 -5.155739256869843468e-01 -6.487792516131347664e-01
-9.873526573181152344e+00 2.381154632568359375e+01 -1.331666183471679688e+01 6.787857648148673539e-02 -1.551991330994753338e-01 9.855484401793846994e-01
-4.807139587402343750e+01 -1.647910118103027344e+01 3.103099949657917023e-02 8.676281958549362239e-01 1.506042879648223087e-01 4.738561619353675036e-01
-2.852527618408203125e+01 4.156966018676757812e+01 -7.608122825622558594e+00 -4.409587339299880226e-01 6.496267339529413487e-01 -6.193064681597443277e-01
-2.791691207885742188e+01 -4.014372253417968750e+01 -3.641099929809570312e+00 5.078236045255057896e-01 6.466481429768727862e-01 5.691760411957662580e-01
1.275513172149658203e+01 -9.577593803405761719e+00 -1.448986434936523438e+01 -4.723274028668713459e-02 8.901059156724050458e-02 9.949101380696954156e-01
-1.466077995300292969e+01 -6.282839584350585938e+01 1.929542160034179688e+01 -1.564851563150736202e-01 -7.761060385902792680e-01 6.108779032808036025e-01
-5.601180267333984375e+01 1.314612030982971191e+00 1.217025089263916016e+01 8.655099809637268882e-01 -3.190142063028429675e-02 4.998747565280115546e-01
-1.927495956420898438e+00 -4.731079101562500000e+01 -1.249272918701171875e+01 -5.611675096916887706e-02 -7.367800209530478428e-01 -6.737997558511658047e-01
-3.330944061279296875e+01 -4.299291229248046875e+01 -2.996996879577636719e+00 -5.585904074202345804e-01 -7.012398740786082163e-01 -4.429891598451521917e-01
-2.990149497985839844e+01 3.503290557861328125e+01 -1.230454635620117188e+01 -3.305955216108875105e-01 4.970533853962295079e-01 -8.022745995960315346e-01
-4.346566772460937500e+01 -8.523970246315002441e-01 -9.020483970642089844e+00 5.715309810258927259e-01 -2.428582777518848226e-02 8.202210289286995248e-01
-4.328545761108398438e+01 4.338977813720703125e+00 -1.514885234832763672e+01 -4.891296302501766391e-01 1.577157485509316504e-01 -8.578332865250360983e-01
1.208038902282714844e+01 7.452763080596923828e+00 -1.970549201965332031e+01 -3.823168804200160337e-02 5.137143890095700188e-02 -9.979475503726157326e-01
3.803831100463867188e+01 -1.674655151367187500e+01 -1.600152206420898438e+01 4.388988233770856895e-01 -1.854910247907318177e-01 -8.791819507703134695e-01
5.074831962585449219e+00 3.951570093631744385e-01 -1.485123443603515625e+01 8.781501660933516140e-02 5.428778757603942157e-02 9.946564024717284846e-01
3.420213317871093750e+01 -9.349694252014160156e+00 -1.226188659667968750e+01 -2.831010557437284580e-01 -1.640550980349643126e-02 9.589497648390522544e-01
-5.261071014404296875e+01 -2.067819118499755859e+00 -5.270648956298828125e+00 -8.774634808994726809e-01 1.217574128645098619e-01 -4.639320770331817889e-01
-1.355426883697509766e+01 -5.962407302856445312e+01 1.006517314910888672e+01 -2.074758303942343951e-01 -7.942778821687105362e-01 -5.710310199103117990e-01
-5.112905883789062500e+01 -2.294102668762207031e+01 4.501329958438873291e-01 -8.563537881508487271e-01 -3.171640401702071621e-01 -4.075109337706197543e-01
-1.077979469299316406e+01 -2.504146385192871094e+01 -1.308862590789794922e+01 4.216799801514818646e-02 4.166869190434479425e-02 9.982412434168282944e-01
-2.003834962844848633e+00 -5.765275955200195312e+01 3.523225069046020508e+00 3.239963356965103181e-02 -9.305839137005816886e-01 -3.646420756114971962e-01
2.205354499816894531e+01 1.170863723754882812e+01 -1.427829551696777344e+01 -7.471906492786367648e-02 7.190363634993127140e-02 9.946089324030638057e-01
2.153881263732910156e+01 -1.291985225677490234e+01 -2.000542068481445312e+01 -6.224001106912711856e-02 8.895446555600002025e-02 -9.940891731025750522e-01
-1.527085876464843750e+01 -5.111878967285156250e+01 -4.998404026031494141e+00 -3.021862834509404516e-01 -8.111662864917910110e-01 -5.006922265755937573e-01
4.425149917602539062e+01 -7.800357818603515625e+00 -7.041876792907714844e+00 -7.679745775332763591e-01 3.934197741254020358e-02 6.392708792646956129e-01
4.589377593994140625e+01 -3.524811553955078125e+01 1.194864654541015625e+01 -7.043219921619582324e-01 4.480087478061146600e-01 5.506529698877574708e-01
2.006075859069824219e+01 -5.594162750244140625e+01 1.530808830261230469e+01 -2.500648950847274565e-01 7.963451296371936161e-01 5.507285926383208574e-01
5.593630599975585938e+01 -2.005324935913085938e+01 7.898355960845947266e+00 8.108649073866881496e-01 -3.012333421676559597e-01 -5.017535007703300964e-01
-2.807230186462402344e+01 -1.559591674804687500e+01 -2.110202217102050781e+01 -5.604310069191458243e-01 -3.728645432754262301e-01 -7.395195189118406454e-01
3.657997512817382812e+01 -2.838084602355957031e+01 -5.938983917236328125e+00 -5.663501179203911384e-01 5.077023094480065390e-01 6.492194612861813541e-01
5.153426361083984375e+01 -1.118951702117919922e+01 5.062507152557373047e+00 -8.620588483734498153e-01 2.222426838792107839e-01 4.554807695207415130e-01
-2.902743911743164062e+01 -1.236808061599731445e+00 -1.377590084075927734e+01 9.050817203214270301e-02 3.823855945928072986e-02 9.951613353451183031e-01
-4.612480545043945312e+01 -2.619918060302734375e+01 -5.180949211120605469e+00 -7.520287967875983748e-01 -4.277227977385114066e-01 -5.015036361751902261e-01
-5.320609283447265625e+01 2.332425880432128906e+01 8.491695404052734375e+00 -8.412399501134198987e-01 3.678182589659791946e-01 -3.962638952824324434e-01
5.394120407104492188e+01 -6.122104167938232422e+00 -2.361228942871093750e+00 8.886853009742371468e-01 -2.092346399080982911e-01 -4.079942417422797174e-01
-5.483131027221679688e+01 -1.203392601013183594e+01 9.113529920578002930e-01 -9.255451345987445455e-01 -1.820729425009004754e-01 -3.319874205894789432e-01
-2.765042877197265625e+01 -5.130239105224609375e+01 5.255448818206787109e+00 -4.280423003217659339e-01 -8.308481407847541078e-01 -3.556278336825851594e-01
-1.782186985015869141e+00 -4.774776935577392578e+00 -1.949131393432617188e+01 3.518012443019824000e-03 -1.390257446209897663e-01 -9.902825182345844635e-01
4.004184341430664062e+01 -1.087131023406982422e+00 -1.034645843505859375e+01 -4.883911541190253947e-01 -5.425937178930693647e-03 8.726079530831796216e-01
3.237726211547851562e+01 -2.126818847656250000e+01 -1.150068283081054688e+01 -3.796015309059651566e-01 3.274235881263800607e-01 8.652724840605381385e-01
-4.543138504028320312e+01 3.560791397094726562e+01 7.418419837951660156e+00 -7.531867615306226948e-01 5.653637733476872818e-01 -3.362640421470571850e-01
3.818116378784179688e+01 -3.520082092285156250e+01 2.934167861938476562e+00 -7.035976850157803497e-01 6.254422845279237198e-01 3.373014176740538050e-01
-2.121158218383789062e+01 3.501930236816406250e+01 -1.579346561431884766e+01 -1.577329308000309238e-01 4.654545052886513434e-01 -8.709032242722090089e-01
-2.950341606140136719e+01 4.199599456787109375e+01 2.858150959014892578e+00 5.261262656741600985e-01 -7.343297383348839080e-01 4.288950780374893301e-01
-6.394629001617431641e+00 -5.332985305786132812e+01 5.796380996704101562e+00 7.725038123385684352e-02 8.926029229595140446e-01 4.441760917962104815e-01
2.164402389526367188e+01 -1.689625930786132812e+01 -1.371832561492919922e+01 -1.228119870629119925e-01 1.082619972520225127e-01 9.865072507511853939e-01
-2.282941246032714844e+01 3.836397933959960938e+01 -7.135735988616943359e+00 3.138824778953210326e-01 -5.140141260647528298e-01 7.982902155708673231e-01
-4.374531173706054688e+01 -2.714159774780273438e+01 1.064746022224426270e+00 7.500976944154338355e-01 3.947489126242353930e-01 5.305909392504117861e-01
-3.419261550903320312e+01 -3.519711303710937500e+01 -1.096233272552490234e+01 -5.369100568296388820e-01 -5.050348449334963741e-01 -6.757717042597989332e-01
-5.204803085327148438e+01 -8.511995315551757812e+00 -5.430272102355957031e+00 -8.765800323575032582e-01 -1.340993403894291669e-01 -4.621956444831977762e-01
-4.238749694824218750e+01 2.715604400634765625e+01 9.739649891853332520e-01 7.534362530118741130e-01 -4.985882824825388915e-01 4.286531665793912316e-01
4.409130096435546875e+01 -1.051890015602111816e+00 -1.468055534362792969e+01 5.341534620689050161e-01 -1.365189903955086048e-01 -8.342917021169475866e-01
1.739702033996582031e+01 -4.932421112060546875e+01 3.544731140136718750e+00 -3.163255279200076764e-01 8.383701402296837024e-01 4.439298011593598714e-01
-2.510221099853515625e+01 8.598993301391601562e+00 -1.359801197052001953e+01 2.106057285711618668e-02 -6.141071986784090581e-02 9.978903625931276888e-01
-4.512361907958984375e+01 2.302590751647949219e+01 -7.576420783996582031e+00 -7.329883249137015833e-01 3.831207421624264753e-01 -5.620912848151244923e-01
1.503682804107666016e+01 -5.403879547119140625e+01 9.179102897644042969e+00 -2.056660059744965519e-01 7.734635756022137931e-01 5.995461543560568485e-01
-4.859839248657226562e+01 -2.077700805664062500e+01 -5.491491794586181641e+00 -7.894080131702349012e-01 -3.382016011065275274e-01 -5.123032946913416152e-01
-3.867970657348632812e+01 -3.404042053222656250e+01 1.440113067626953125e+00 7.673031258149868306e-01 5.778007381266735409e-01 2.781945724395458175e-01
-5.577338790893554688e+01 1.425816917419433594e+01 7.065468788146972656e+00 -8.830774947739757907e-01 2.933834839192513422e-01 -3.661970365624512835e-01
-3.765926742553710938e+01 3.906620407104492188e+01 9.263430595397949219e+00 6.831189796701808703e-01 -6.297101055999871910e-01 3.698832822927036745e-01
-3.997603607177734375e+01 2.172866439819335938e+01 -1.308782768249511719e+01 -5.568860983130009545e-01 3.412696133162367862e-01 -7.572403347238635396e-01
-3.532151794433593750e+01 4.202460861206054688e+01 -2.836109995841979980e-01 -5.606662130099426822e-01 6.681049213893437422e-01 -4.891719652682770536e-01
-4.469475936889648438e+01 3.253997421264648438e+01 8.886730074882507324e-01 -7.323478119467176084e-01 5.386082789071220400e-01 -4.166146951675646637e-01
-3.296651840209960938e+01 3.770123291015625000e+01 -8.222001075744628906e+00 -5.012111832696497515e-01 6.814489412050567241e-01 -5.333054380896041780e-01
-2.973942184448242188e+01 -5.193675994873046875e+01 1.718833732604980469e+01 4.770661575484299033e-01 7.531582732314280326e-01 4.529464612788470235e-01
-5.911997604370117188e+01 1.280432128906250000e+01 1.272391510009765625e+01 -8.686787648234060022e-01 1.587094246549496102e-01 -4.692638086093756100e-01
-4.074728775024414062e+01 4.955122756958007812e+01 2.068284988403320312e+01 -6.014263595830561249e-01 7.695130652829343942e-01 2.147928684978501479e-01
-3.006328773498535156e+01 2.731777954101562500e+01 -1.609816741943359375e+01 -3.292072785316422778e-01 2.959203043719751403e-01 -8.966904377889769462e-01
-3.212420272827148438e+01 3.145465087890625000e+01 -6.770009040832519531e+00 4.208536233599368681e-01 -4.644872848490443351e-01 7.791879041145178819e-01
4.090987014770507812e+01 -2.547007751464843750e+01 -3.286869049072265625e+00 -6.984246692133422307e-01 4.376793995840615459e-01 5.662505846477942084e-01
-4.143907165527343750e+01 3.283522033691406250e+01 -4.024871826171875000e+00 -6.637981741922467371e-01 5.806656104238702154e-01 -4.713803483495185853e-01
3.724047088623046875e+01 6.278384208679199219e+00 -1.719803047180175781e+01 5.582659353194390217e-01 -1.393145863685555652e-01 -8.178817710933959928e-01
-2.986535453796386719e+01 -4.792988204956054688e+01 9.973088264465332031e+00 4.362535566420215338e-01 7.449672610218955882e-01 5.046846682065162515e-01
-1.331103801727294922e+01 3.734381866455078125e+01 -1.062810134887695312e+01 4.438050953437268631e-01 5.487637788000486738e-01 7.084457300485598186e-01
-5.442240905761718750e+01 -1.995277023315429688e+01 1.447765731811523438e+01 8.226316788275267466e-01 2.533062237327947663e-01 5.090315098376880787e-01
-9.929697036743164062e+00 -4.107457351684570312e+01 -1.662636184692382812e+01 -1.316631550986275268e-01 -4.304952356321979368e-01 -8.929382205323351807e-01
5.178915405273437500e+01 -3.821681594848632812e+01 1.862387657165527344e+01 5.184587236916294861e-01 -4.030390614048303538e-02 8.541522972970720939e-01
-2.751687812805175781e+01 2.893628120422363281e+00 -2.127005386352539062e+01 2.036542798347276695e-02 4.224709092112662739e-02 -9.988996108977878929e-01
4.832158279418945312e+01 -1.812211990356445312e+01 -6.633152961730957031e+00 7.460817485098402146e-01 -2.776274154443876818e-01 -6.052148731931237258e-01
-5.775186061859130859e+00 1.604085731506347656e+01 -1.436827278137207031e+01 -8.402825992007248446e-02 -1.907539415460295651e-01 9.780348589490349687e-01
-1.183035373687744141e+01 8.220932006835937500e+00 -2.048668861389160156e+01 6.548912150202394755e-02 -2.182427706589337713e-02 -9.976145928641201310e-01
-4.017905044555664062e+01 2.461254692077636719e+01 -4.720192909240722656e+00 5.959726908403620849e-01 -3.989471304343004121e-01 6.968914828656866955e-01
1.044535446166992188e+01 -4.633065032958984375e+01 -4.490354061126708984e+00 -1.600763271278249356e-01 7.937363970490844967e-01 5.868203315264421960e-01
5.687582969665527344e+00 1.204965496063232422e+01 -1.438250064849853516e+01 5.425116532523861085e-02 5.127638345207435194e-02 9.972098793939665473e-01
-3.047855186462402344e+01 8.324521064758300781e+00 -2.095584678649902344e+01 -3.852130149905156897e-01 2.837335456224605035e-01 -8.781265331206112856e-01
4.284316062927246094e+00 -1.299572658538818359e+01 -1.954270935058593750e+01 -3.461561848199457697e-02 1.616007165239482721e-02 -9.992700390991908765e-01
-5.184954833984375000e+01 1.214328384399414062e+01 -3.309503078460693359e+00 -8.749316311663237755e-01 2.232605664307761861e-01 -4.297084596114495447e-01
4.996086502075195312e+01 -7.268493175506591797e+00 -8.013364791870117188e+00 7.511893119685689735e-01 7.018410692299389964e-02 -6.563450378570785393e-01
-4.579940795898437500e+01 2.235796356201171875e+01 2.282439947128295898e+00 8.185505439861109345e-01 -3.975282804173961293e-01 4.146640486085450550e-01
-4.606882858276367188e+01 3.253357696533203125e+01 1.395090103149414062e+01 6.945659058141061548e-01 -5.058069280711381399e-01 5.116029261017460694e-01
-9.453532218933105469e+00 -3.289676666259765625e+01 -1.957631301879882812e+01 -1.282374784589272454e-01 -2.844970598084390900e-01 -9.500613517446383494e-01
-5.782212257385253906e+00 9.740200042724609375e+00 -2.012034988403320312e+01 2.612683811367445541e-01 -1.361946423290919528e-01 -9.556096757667512653e-01
-2.293806457519531250e+01 -4.256915283203125000e+01 -4.254693984985351562e+00 4.675044482418073133e-01 6.707942887796701781e-01 5.757383199116589134e-01
-5.608496475219726562e+01 2.617899894714355469e+00 1.919245958328247070e+00 -9.227372016378752040e-01 5.581199272121861038e-02 -3.813673795462714233e-01
-5.576084899902343750e+01 1.939000129699707031e+01 1.808629989624023438e+01 7.621226028704620736e-01 -2.090963779658291388e-01 6.127379887974329087e-01
-9.348540306091308594e+00 1.841254425048828125e+01 -2.034084701538085938e+01 -3.259934335818262530e-02 -8.491120435698576441e-02 -9.958550949747967396e-01
3.338031053543090820e+00 -5.426218032836914062e+01 -2.898394107818603516e+00 7.565358357830813396e-02 -8.722382672823362215e-01 -4.831945160906400694e-01
-4.647475433349609375e+01 -1.140683078765869141e+01 -5.045594215393066406e+00 7.534917437414019314e-01 2.381595487222177288e-01 6.128052067875819908e-01
2.643566131591796875e+01 -5.373966217041015625e+00 -1.976572799682617188e+01 -5.851954817471047288e-02 1.186247057314222947e-01 -9.912132170585503665e-01
-5.566965484619140625e+01 -5.844552040100097656e+00 1.134200668334960938e+01 8.890188415780059250e-01 3.247747418547688308e-02 4.567173228484245340e-01
-1.942726135253906250e+01 4.100152969360351562e+01 -1.074810504913330078e+01 6.048274025586026781e-01 7.123670220231979044e-01 3.559733684533363252e-01
2.211165428161621094e+01 -3.856875991821289062e+01 -7.714564800262451172e+00 -4.283120815571322959e-01 4.176777396839652656e-01 8.013077227661606905e-01
-2.244473457336425781e+01 -5.336593627929687500e+01 4.114799976348876953e+00 -3.611029941571742286e-01 -8.564436538771718066e-01 -3.689293907297752084e-01
-4.254179894924163818e-01 -4.853284454345703125e+01 -3.366331100463867188e+00 -5.340602698508731261e-02 7.936620214486087566e-01 6.060102243294053226e-01
4.922951889038085938e+01 7.242760062217712402e-01 -1.921889066696166992e+00 -7.246966445806782842e-01 4.056212428196434572e-01 5.570333748591317358e-01
1.960970878601074219e+01 -4.802854537963867188e+01 -5.915534973144531250e+00 3.491045141815360409e-01 -7.623387080924020065e-01 -5.449456232708738135e-01
-5.423920440673828125e+01 -2.528594207763671875e+01 1.736571121215820312e+01 7.079335375353031923e-01 3.068538906517497833e-01 6.361374035730296139e-01
1.708035278320312500e+01 -2.770709800720214844e+01 -1.329831314086914062e+01 -8.969026825745320813e-03 -1.136509938403164194e-01 9.934802505117590332e-01
-5.201240158081054688e+01 9.716283798217773438e+00 6.078331947326660156e+00 8.785473004059392022e-01 -1.387802183355391628e-01 4.570499884565981108e-01
-3.399388885498046875e+01 -1.521592330932617188e+01 -1.188331794738769531e+01 2.656733130606393489e-01 1.617714877407250562e-01 9.503934324696988734e-01
4.436166000366210938e+01 -3.006480407714843750e+01 -3.237983942031860352e+00 7.201902800338013666e-01 -4.881253440927542653e-01 -4.930107595166307588e-01
-3.434417724609375000e+01 4.315414047241210938e+01 1.142859554290771484e+01 5.435148419692114041e-01 -7.479870523291368700e-01 3.809291090310006900e-01
1.444567966461181641e+01 -2.080200016498565674e-01 -1.955796241760253906e+01 3.931176970160251555e-02 4.382974465283702437e-02 -9.982652644696174971e-01
-4.652587127685546875e+01 -2.863688468933105469e+01 7.308269977569580078e+00 7.210742206443949698e-01 4.798054113700416790e-01 4.998387095274869907e-01
1.226353168487548828e+01 -5.865667724609375000e+01 1.583702373504638672e+01 -1.134519404179834129e-01 8.859700543721406030e-01 4.496506643731561503e-01
-4.090068817138671875e+01 1.942934036254882812e+01 -6.824439048767089844e+00 5.779309948095545657e-01 -2.724288140209777387e-01 7.692712827927232766e-01
4.951108932495117188e+00 -5.761934280395507812e+01 1.233864498138427734e+01 -5.731179223600397186e-03 8.910605813579405288e-01 4.538482058296100519e-01
-2.675051689147949219e+01 3.094807243347167969e+01 -9.308998107910156250e+00 2.585794550147931248e-01 -3.439858260295100556e-01 9.026684978080535826e-01
-3.421270370483398438e+01 1.023818969726562500e+00 -1.294445800781250000e+01 2.387969505606574450e-01 7.120019812940077235e-03 9.710434190708437940e-01
6.988169193267822266e+00 -3.219943618774414062e+01 -1.406607913970947266e+01 5.279534462080229251e-02 -1.877362549072391917e-01 9.807995463802861025e-01
-3.436554718017578125e+01 -2.943395614624023438e+01 -1.456894397735595703e+01 -4.052294568090285543e-01 -4.095313944387327099e-01 -8.173574030394089585e-01
-3.228769063949584961e+00 -1.715292358398437500e+01 -1.357166004180908203e+01 -8.506582978034593146e-04 4.476821267513981378e-02 9.989970387915740879e-01
-1.442982864379882812e+01 1.188260364532470703e+01 -1.479967689514160156e+01 1.512505605602880443e-01 -1.328886027960560212e-01 9.795222749775069904e-01
-2.374942588806152344e+01 2.402400207519531250e+01 -1.228198814392089844e+01 1.957705534122577418e-01 -1.215724123806112555e-01 9.730848056385512646e-01
-5.240052413940429688e+01 -4.725692749023437500e+00 4.335712909698486328e+00 9.034201086453154117e-01 3.012357454064025844e-02 4.276969459233735948e-01
-6.629490256309509277e-01 -3.752323532104492188e+01 -1.873788452148437500e+01 2.974668575961095240e-02 -3.008645188261661607e-01 -9.532028514423456222e-01
-4.438949108123779297e+00 -5.086979293823242188e+01 -8.406142234802246094e+00 -2.467940782846608783e-03 -7.969870961340115301e-01 -6.039912895598482656e-01
-2.467828559875488281e+01 -5.647747421264648438e+01 1.125572776794433594e+01 -3.543315100861247346e-01 -8.178988790590762115e-01 -4.533107152869796375e-01
-3.902840805053710938e+01 -3.064327001571655273e+00 -1.127339076995849609e+01 4.314297047030116183e-01 4.290547046180401974e-02 9.011257018331699786e-01
-2.801475334167480469e+01 4.731997299194335938e+01 1.323603034019470215e+00 4.615867278875186441e-01 8.592623605879342596e-01 2.204674314154920767e-01
8.213780403137207031e+00 -4.674869155883789062e+01 -1.195113182067871094e+01 1.953217191602046043e-01 -7.559494740212999719e-01 -6.248118266736170101e-01
-4.025331878662109375e+01 -3.254799270629882812e+01 -7.399356842041015625e+00 -6.428947729514818965e-01 -5.110702422864816796e-01 -5.705203925898699735e-01
4.030265808105468750e+01 -4.751066589355468750e+01 1.298495101928710938e+01 5.137319408618657990e-01 -7.033005734750827909e-01 -4.913733776751851301e-01
2.942868804931640625e+01 -4.099330902099609375e+01 6.882380247116088867e-01 -4.857273911487683393e-01 7.278239177417142880e-01 4.840880562985554469e-01
-1.043153667449951172e+01 -4.330484867095947266e+00 -1.460574531555175781e+01 -1.533049812480170859e-01 9.215649101224306083e-02 9.838723310922283805e-01
-5.520208358764648438e+01 -2.120562553405761719e+01 8.150456428527832031e+00 -8.578810891845674025e-01 -2.981907460915724228e-01 -4.184761830317846321e-01
-3.159148979187011719e+01 4.919273757934570312e+01 9.505012512207031250e+00 3.100181767129718824e-01 9.074830151868755745e-01 -2.834842275240399556e-01
2.667506217956542969e+01 -5.120774459838867188e+01 1.183845710754394531e+01 -3.879127242519457841e-01 8.123469752706736768e-01 4.354493198203683302e-01
-8.306999690830707550e-03 5.797819137573242188e+00 -1.484620571136474609e+01 -6.495692554011250897e-02 -2.278517700894137077e-01 9.715267205236802761e-01
4.328579902648925781e+00 -5.359103393554687500e+01 5.819323062896728516e+00 -3.440228892121557219e-02 8.780389832930287630e-01 4.773510514649839664e-01
-5.866359710693359375e+01 6.819673061370849609e+00 1.785501670837402344e+01 8.459424854145762840e-01 -1.441683815170785310e-01 5.134167791778481149e-01
7.901371955871582031e+00 2.447016716003417969e+01 -1.960822296142578125e+01 1.798424522884687349e-01 1.313591305611893668e-02 -9.836077165938929001e-01
6.359357833862304688e+00 -2.357097434997558594e+01 -2.064634513854980469e+01 -4.202192557326499267e-02 1.421690425013721337e-01 -9.889500094167339439e-01
-2.422975730895996094e+01 1.331870079040527344e+01 -2.127461433410644531e+01 1.380670065028223037e-01 -1.133275580151821837e-01 -9.839178656319160776e-01
-2.305546951293945312e+01 -5.045964050292968750e+01 -1.019685983657836914e+00 -3.719370762842527656e-01 -7.847048716045526007e-01 -4.958841354239965082e-01
-2.021325111389160156e+00 -2.647572517395019531e+01 -1.353382492065429688e+01 5.909432131037408407e-03 3.129957387490461124e-02 9.994925789054853738e-01
-3.741267776489257812e+01 -3.811103820800781250e+01 4.917119979858398438e+00 5.595624426948728747e-01 6.938168026359347040e-01 4.533300311091197354e-01
4.854216098785400391e+00 4.851961135864257812e+00 -1.992007255554199219e+01 6.050963030974344098e-02 -3.162890247299515040e-02 -9.976663756828391127e-01
2.012163352966308594e+01 -5.677112197875976562e+01 9.244601249694824219e+00 2.563676880610611386e-01 -8.070623050249401409e-01 -5.319079284294010446e-01
-8.718850135803222656e+00 -5.832028198242187500e+01 6.568816184997558594e+00 -1.383466870956981676e-01 -9.097709793803313572e-01 -3.913782815218517230e-01
-6.086321640014648438e+01 -1.424172592163085938e+01 1.532283878326416016e+01 -8.085182953046514687e-01 -1.496145342286800684e-01 -5.691341294503394765e-01
4.727816009521484375e+01 -3.479234313964843750e+01 6.658654212951660156e+00 6.756405262460000172e-01 -5.657577766538567365e-01 -4.726817295492948268e-01
4.932999983429908752e-02 -9.677841186523437500e+00 -1.399506950378417969e+01 9.011197535470957809e-02 -3.967332922774172849e-02 9.951411250901348593e-01
1.963628578186035156e+01 -1.657173991203308105e+00 -1.940872001647949219e+01 -8.893702029772852444e-03 -4.246778107399107327e-02 -9.990582513721896207e-01
-3.672796630859375000e+01 4.980229568481445312e+01 1.605382919311523438e+01 -5.590996713123900230e-01 6.601706449607098737e-01 -5.015797813613878109e-01
-4.826926040649414062e+01 2.360898208618164062e+01 -2.335328102111816406e+00 -8.116695460893247338e-01 3.902299230698551558e-01 -4.346414097759718764e-01
-6.296394348144531250e+01 1.193090629577636719e+01 2.036256027221679688e+01 -8.770052115528562675e-01 1.774194651102627696e-01 4.465245707787179885e-01
-3.799077987670898438e+00 4.100750088691711426e-01 -2.003095817565917969e+01 1.329920392612345126e-02 -9.513139938734820056e-02 -9.953758827827486888e-01
1.529613590240478516e+01 -3.335644149780273438e+01 -1.827795219421386719e+01 1.124022840631668241e-01 -2.931396551642845849e-01 -9.494392392920927293e-01
-2.997848510742187500e+01 -3.508489608764648438e+01 -7.369020938873291016e+00 4.541887687810482466e-01 2.896840056827847953e-01 8.424937620924749515e-01
3.904393768310546875e+01 -3.996427917480468750e+01 9.317057609558105469e+00 -6.325895522205877697e-01 4.860835072395798262e-01 6.029537979074560683e-01
5.620249938964843750e+01 -8.249732971191406250e+00 3.319212913513183594e+00 9.234824208972447490e-01 3.316554766189849790e-02 -3.822044802746959458e-01
1.669153785705566406e+01 -1.078178310394287109e+01 -1.967777061462402344e+01 -4.038872498528428556e-02 2.068441211685079217e-02 -9.989699224648574960e-01
-1.052132225036621094e+01 -6.244358062744140625e+01 1.488703632354736328e+01 -1.594864663977370867e-01 -9.179934496918451536e-01 -3.631144356244038751e-01
6.256042957305908203e+00 -1.955321693420410156e+01 -1.376247406005859375e+01 3.179639765076926888e-02 3.292873924013788034e-02 9.989517942465938605e-01
-4.306738281250000000e+01 4.453385925292968750e+01 1.643189430236816406e+01 -5.568260087404407477e-01 5.517663858397211518e-01 -6.208853770605027300e-01
-3.821337890625000000e+01 5.021407127380371094e+00 -1.768054199218750000e+01 -4.480029188700594411e-01 2.239508749690667308e-02 -8.937515564964980674e-01
-5.443064498901367188e+01 2.816572189331054688e+01 1.511884593963623047e+01 -7.283658687575145230e-01 4.012653434140506792e-01 -5.554001128951228106e-01
4.147174835205078125e+01 -3.518298339843750000e+01 -1.616930007934570312e+00 6.831274928562586224e-01 -5.403743989881150123e-01 -4.912558777482012862e-01
-1.971409416198730469e+01 -5.198434829711914062e+00 -1.439087867736816406e+01 5.325615426896399690e-02 5.635412217558218029e-02 9.969894658151107203e-01
-1.901607990264892578e+00 -2.712674140930175781e+01 -2.129394912719726562e+01 3.866524283381555377e-02 1.425934000570528992e-01 -9.890258445848476576e-01
1.773225021362304688e+01 -4.474286270141601562e+01 -1.061220741271972656e+01 2.862022583144458454e-01 -6.669078764534205339e-01 -6.879841216627752276e-01
-2.150687599182128906e+01 2.948590087890625000e+01 -1.813999557495117188e+01 -1.719656208541329445e-01 1.662027615755868604e-01 -9.709811879170993087e-01
-4.024189376831054688e+01 3.488436508178710938e+01 6.930408000946044922e+00 7.188318049126938281e-01 -5.351384598515850355e-01 4.437427915286427660e-01
-4.276219177246093750e+01 -9.915436744689941406e+00 -1.549070167541503906e+01 -5.577254134635211136e-01 -1.306936469879449170e-01 -8.196716012000995200e-01
2.730635261535644531e+01 -2.156498908996582031e+01 -1.892181587219238281e+01 2.560593392289508552e-01 -2.565872213548818781e-01 -9.319853070896633174e-01
-4.003716659545898438e+01 -2.437557029724121094e+01 -1.327990245819091797e+01 -5.738980335461348892e-01 -3.423461535288686575e-01 -7.439355874374256050e-01
-3.784131240844726562e+01 3.319614791870117188e+01 -7.991036891937255859e+00 -6.443372025899961608e-01 5.476449029685648284e-01 -5.337739499179867675e-01
5.624451828002929688e+01 -2.894531965255737305e+00 3.641217947006225586e+00 9.801675218286679536e-01 1.599386287241353621e-01 -1.170096756430475116e-01
1.617651748657226562e+01 -1.672624778747558594e+01 -1.389437770843505859e+01 1.639520413210273156e-02 6.303645935640762865e-02 9.978765465092737097e-01
3.790819168090820312e+01 -2.726584815979003906e+01 -1.223540592193603516e+01 6.112726739146691068e-01 -3.585136610194228912e-01 -7.055591208308917839e-01
1.163051223754882812e+01 -1.943254280090332031e+01 -2.017290496826171875e+01 6.013446469306069075e-02 1.599879377827197191e-01 -9.852855961192732437e-01
-1.646512031555175781e+01 3.095671653747558594e+01 -1.212506771087646484e+01 2.259887782173307380e-01 -2.535413946142489605e-01 9.405561298173010787e-01
-5.321317195892333984e+00 -4.125432205200195312e+01 -9.947916030883789062e+00 5.188285116287347926e-02 4.687576119573422240e-01 8.818018320389570119e-01
-3.045471954345703125e+01 -2.585567092895507812e+01 -1.723689270019531250e+01 -2.577441312016956476e-01 -2.518047035750478058e-01 -9.328249321756818535e-01
2.759169197082519531e+01 -2.536660766601562500e+01 -1.184100627899169922e+01 -6.988512477799095624e-02 4.392326199906836787e-02 9.965875859101024359e-01
3.451109313964843750e+01 -4.310492324829101562e+01 -1.333200000226497650e-02 5.701762813119767292e-01 -6.873104800312913598e-01 -4.500036802831746674e-01
-1.565490150451660156e+01 -3.457558059692382812e+01 -1.100697231292724609e+01 9.119293446771890854e-02 3.106243591231960810e-01 9.461481682181021036e-01
5.166707611083984375e+01 -1.400531768798828125e+01 -4.394293785095214844e+00 7.676085939370073108e-01 -3.281930142146457507e-01 -5.505146609625902743e-01
2.427077865600585938e+01 -3.745087432861328125e+01 -1.422356033325195312e+01 3.060038188754223842e-01 -5.504141223271237227e-01 -7.767920936624674866e-01
-4.794390106201171875e+01 -3.127126121520996094e+01 1.212810802459716797e+01 7.892895634194003751e-01 4.355772920667994041e-01 4.327752392558595895e-01
-6.412916564941406250e+01 1.653137922286987305e+00 1.864907264709472656e+01 -9.315084820870936921e-01 3.739211447874980776e-02 -3.617924509640944586e-01
-4.410226440429687500e+01 4.068679809570312500e+01 1.288197040557861328e+01 -6.469276230900157243e-01 6.592397915091997573e-01 -3.832591130997533568e-01
-5.162587738037109375e+01 4.994664192199707031e+00 3.419519901275634766e+00 8.593406503789123851e-01 1.185841135649225164e-01 4.974650285360465718e-01
-5.511413097381591797e+00 3.370171737670898438e+01 -1.536878204345703125e+01 7.339256933356851365e-01 6.494701089394837590e-01 1.988508341844933969e-01
-4.713891220092773438e+01 -2.384366607666015625e+01 3.805238962173461914e+00 7.905698842192776521e-01 4.188653879535340074e-01 4.467113664773408876e-01
-3.967324829101562500e+01 -1.561638450622558594e+01 -9.627114295959472656e+00 4.381453109293106385e-01 1.958907486722267222e-01 8.773001203096306710e-01
-1.825972747802734375e+01 -2.090901947021484375e+01 -2.104155158996582031e+01 -1.528730346996007017e-01 1.603885118546262145e-01 -9.751437640301009457e-01
-4.586444854736328125e+01 -3.879888916015625000e+01 9.447100639343261719e+00 -6.584360841911128803e-01 -5.553658094893347830e-01 -5.079672633992564634e-01
4.556571006774902344e+00 -3.963038253784179688e+01 -1.066053104400634766e+01 -4.301530327680105209e-02 3.274853026263779832e-01 9.438766128301487868e-01
2.353070449829101562e+01 -3.096850204467773438e+01 -1.732859039306640625e+01 2.224065259041531351e-01 -3.168685841689601324e-01 -9.220247489097046500e-01
-3.901273727416992188e+01 4.134228515625000000e+01 4.715147972106933594e+00 -6.410320071364895567e-01 6.919736826462538071e-01 -3.320397391149819688e-01
2.527026939392089844e+01 -5.512017440795898438e+01 1.703434944152832031e+01 -3.454229180925953990e-01 7.297516468247637889e-01 5.900385933249971959e-01
-3.872408676147460938e+01 -4.767163085937500000e+01 1.169081497192382812e+01 -5.698459967205153909e-01 -6.755123324519988204e-01 -4.679301536841398157e-01
-3.902091217041015625e+01 -3.073519134521484375e+01 -2.692851066589355469e+00 7.842544325562488261e-01 3.062433910220223043e-01 5.395924114284866846e-01
-2.718823051452636719e+01 4.012206649780273438e+01 -2.747128009796142578e+00 4.115324055550110272e-01 -7.894912709957265795e-01 4.553510867447865262e-01
4.930670547485351562e+01 -2.696883773803710938e+01 9.654174804687500000e+00 -6.632168231562838301e-01 3.135433110922242750e-01 6.795837237249072738e-01
4.337174606323242188e+01 -2.769626235961914062e+01 2.213371038436889648e+00 -7.428441263138140238e-01 4.964287928020967855e-01 4.491559391548987645e-01
-3.384115600585937500e+01 -1.942645645141601562e+01 -1.764916801452636719e+01 -3.157789161572872594e-01 -1.950106572761350909e-01 -9.285766094724002828e-01
-2.258024787902832031e+01 -4.807357406616210938e+01 -5.532831192016601562e+00 -3.437100827023453764e-01 -7.831882900663882374e-01 -5.181500567901481391e-01
-3.660290145874023438e+01 -2.476400566101074219e+01 -8.673614501953125000e+00 4.722649632625618987e-01 2.723627404939726326e-01 8.383223378064216247e-01
1.428782367706298828e+01 1.941505241394042969e+01 -1.462507724761962891e+01 1.233615154539894829e-02 9.788175426787353375e-03 9.998759978051595665e-01
3.533950805664062500e+01 -4.321087837219238281e+00 -1.217203235626220703e+01 -2.036947989181177865e-01 -3.430945723515453627e-02 9.784330789777789805e-01
4.257170104980468750e+01 -6.717666149139404297e+00 -1.513915157318115234e+01 4.917805626159011956e-01 -6.960497432633611092e-02 -8.679326159225828619e-01
-5.826397705078125000e+01 1.433499995619058609e-02 7.727869987487792969e+00 -9.189352138716372353e-01 4.250915353117872691e-02 -3.921110105222129771e-01
-5.861523818969726562e+01 -4.497398853302001953e+00 1.677449607849121094e+01 8.559909951337507650e-01 -1.008865616531563238e-02 5.168922859423509264e-01
-2.798869895935058594e+01 -4.609790039062500000e+01 5.587084770202636719e+00 5.070142203287453242e-01 7.471324293460444022e-01 4.298019467195470233e-01
2.029776954650878906e+01 1.591464138031005859e+01 -1.941372299194335938e+01 2.812608952354381242e-01 -1.072427264162476995e-01 -9.536201059343126785e-01
-4.398173141479492188e+01 -4.348212432861328125e+01 1.306191158294677734e+01 -7.101030369977581191e-01 -6.406854266128456654e-01 -2.920203091781057303e-01
-1.708808898925781250e+01 2.696060180664062500e+01 -1.981801986694335938e+01 -2.357188364913276879e-01 4.438698377804117801e-01 -8.645323575390140292e-01
-1.023457908630371094e+01 -4.854543304443359375e+01 -1.033279132843017578e+01 -1.736929893125710722e-01 -7.261668048706420020e-01 -6.652161430449700097e-01
-5.891788101196289062e+01 -2.230840301513671875e+01 1.548296546936035156e+01 -7.335252622782741927e-01 -2.656232363237917005e-01 -6.256076933066475609e-01
-5.362294006347656250e+01 1.708938026428222656e+01 3.441262960433959961e+00 -9.035823881238955746e-01 3.230680895833429878e-01 -2.813643143067132146e-01
-1.750848197937011719e+01 -6.059230041503906250e+01 1.455770683288574219e+01 -2.427119189801075216e-01 -8.883948725505359523e-01 -3.896735490265030855e-01
-1.784343910217285156e+01 -4.332350158691406250e+01 -5.865625858306884766e+00 2.953104041769403776e-01 6.428035420199524896e-01 7.068206077580472257e-01
8.795047760009765625e+00 -4.196527862548828125e+01 -1.518343353271484375e+01 -1.808596443095692730e-01 3.665355346969458306e-01 -9.126562829809697908e-01
2.886317825317382812e+01 5.666884899139404297e+00 -1.954204559326171875e+01 -2.125614952006210645e-02 2.698466315643350058e-02 -9.994098278793913659e-01
-5.112907409667968750e+01 -2.576842689514160156e+01 1.253493118286132812e+01 7.883424731271355679e-01 3.639260444445960307e-01 4.960584433700341300e-01
1.387436485290527344e+01 -4.329481124877929688e+01 -6.655755996704101562e+00 -2.261950467291333200e-01 6.631744776736865354e-01 7.134671772390362987e-01
-5.353313827514648438e+01 1.538161087036132812e+01 1.237540054321289062e+01 8.223562401015338530e-01 -3.010703511157945544e-01 4.827906979686752975e-01
1.253829860687255859e+01 -5.869591140747070312e+01 9.222578048706054688e+00 2.448326015004584355e-01 -7.806237418207012668e-01 -5.750509290040011212e-01
1.626013374328613281e+01 -5.265061569213867188e+01 -7.514629960060119629e-01 2.359478922248907096e-01 -8.412232017213249202e-01 -4.864895857470686868e-01
1.014120769500732422e+01 9.015928268432617188e+00 -1.445053005218505859e+01 5.715781091745752995e-03 1.064708041498447708e-02 9.999269820967670030e-01
-2.426537704467773438e+01 -5.789303207397460938e+01 1.957463836669921875e+01 1.462478783437773100e-01 3.663011918333079486e-01 9.189314419157947889e-01
-4.936144638061523438e+01 -1.911734390258789062e+01 4.337521076202392578e+00 8.325984761008213830e-01 3.093934253156732095e-01 4.594077556659496020e-01
-3.566888809204101562e+01 3.570808029174804688e+01 1.285752058029174805e+00 6.055762104192268236e-01 -6.331493686538337551e-01 4.820781371806234783e-01
-5.477355575561523438e+01 7.286493778228759766e+00 2.224700003862380981e-01 -8.902204062147168750e-01 1.498275848568494939e-01 -4.301852196146073726e-01
-2.079752349853515625e+01 -3.356168985366821289e+00 -2.095002365112304688e+01 7.270907357036222873e-02 -3.765467207944547812e-02 -9.966421204680890877e-01
-5.601894378662109375e+01 -1.465269660949707031e+01 5.608171939849853516e+00 -9.198381092042474672e-01 -1.853828242119400505e-01 -3.457326443116990888e-01
-5.453957748413085938e+01 5.548683166503906250e+00 9.901682853698730469e+00 8.911912565068169645e-01 -1.692684200987837340e-01 4.208638096618221303e-01
-4.985227203369140625e+01 -4.977703094482421875e+00 -7.211800217628479004e-01 9.142276872766160745e-01 2.267064379317429434e-02 4.045661598884078836e-01
-6.060016632080078125e+01 1.621733093261718750e+01 1.679980850219726562e+01 -7.796433571008895003e-01 2.163967183999973842e-01 -5.876467442215322912e-01
-5.688855743408203125e+01 -2.946466827392578125e+01 1.654418945312500000e+01 -6.973996624246330267e-01 -3.838745112236884305e-01 -6.052058083683454770e-01
-1.240012359619140625e+01 3.421008682250976562e+01 -1.868033790588378906e+01 -2.560644089569473758e-01 3.502653641400738649e-01 -9.009690300722611456e-01
-3.467679917812347412e-01 2.993503952026367188e+01 -1.696468544006347656e+01 4.326765309603929910e-01 8.983190872519776216e-01 -7.624852152569219776e-02
1.632522773742675781e+01 -3.574058914184570312e+01 -1.305900764465332031e+01 1.833389967261885856e-01 9.502716115530229768e-01 -2.517353303687330790e-01
-8.203628540039062500e+00 -4.728039169311523438e+01 -4.365271091461181641e+00 1.403982724859592079e-01 7.200047716109766460e-01 6.796186091775178184e-01
-4.765962600708007812e+01 -1.521266746520996094e+01 -9.604907035827636719e+00 -7.625766448496374972e-01 -1.620936450144810637e-01 -6.262607372139732398e-01
1.886947822570800781e+01 7.685832977294921875e+00 -1.432209396362304688e+01 -1.405808114440695866e-02 2.915058345186178138e-02 9.994761697203956574e-01
5.233454132080078125e+01 -2.229515838623046875e+01 1.055717849731445312e+01 -7.336386621419284104e-01 3.126615405818395921e-01 6.033382753079671312e-01
-1.345893096923828125e+01 -2.050490951538085938e+01 -1.308239555358886719e+01 5.104996744615456633e-02 6.187395227581401341e-02 9.967775653843322647e-01
2.228124237060546875e+01 -4.735725784301757812e+01 3.951112985610961914e+00 -4.362687853673997695e-01 7.404984758041084358e-01 5.112059802524281382e-01
5.200052642822265625e+01 -3.983400017023086548e-02 3.560632944107055664e+00 -8.972031389463881457e-01 -6.170657151468860423e-03 4.415749658382673859e-01
2.581408500671386719e+01 -4.893884658813476562e+01 1.405899971723556519e-01 4.066667272603329275e-01 -7.699400329699698231e-01 -4.917463966004955722e-01
1.916850471496582031e+01 -6.755143165588378906e+00 -1.419207859039306641e+01 -1.258164006229336995e-01 4.467668993134508298e-02 9.910470355694869227e-01
-9.791463851928710938e+00 -5.698633193969726562e+01 1.243722343444824219e+01 1.195453950441097979e-01 8.462628266709540936e-01 5.191802449233161587e-01
-3.312069702148437500e+01 2.666293907165527344e+01 -8.530643463134765625e+00 3.930269366485610871e-01 -3.058221752169222873e-01 8.671808486205389022e-01
4.574579238891601562e+01 -1.053200721740722656e+01 -1.204575157165527344e+01 7.145791852722795934e-01 -1.720978815185690569e-01 -6.780552390125939022e-01
2.014255714416503906e+01 -5.348630142211914062e+01 3.537229061126708984e+00 3.744841714305546798e-01 -8.150265512895888964e-01 -4.421462722233109321e-01
-4.539937210083007812e+01 -1.902969926595687866e-01 -1.388923358917236328e+01 -5.949044083930354887e-01 8.900681603568716405e-03 -8.037471758840117886e-01
-5.003315925598144531e+00 6.818351745605468750e+00 -1.518758106231689453e+01 -8.884437385465442094e-02 -6.335288416760460894e-02 9.940287165379179113e-01
2.717325782775878906e+01 -4.460010910034179688e+01 3.748229980468750000e+00 -4.071813313415415525e-01 7.898900518908597013e-01 4.585597772709514297e-01
-5.492160797119140625e+01 -1.345945739746093750e+01 1.203978443145751953e+01 8.569493213041508017e-01 1.981749240898590669e-01 4.757778475069368018e-01
-2.398432922363281250e+01 1.344206905364990234e+01 -1.328369045257568359e+01 9.502123742034981543e-03 -6.980785740361011849e-02 9.975151992271136248e-01
3.814471817016601562e+01 -1.640365982055664062e+01 -9.917704582214355469e+00 -5.301176998380041638e-01 1.688889047698458878e-01 8.309342706641155152e-01
-1.591818618774414062e+01 -5.003240585327148438e+01 3.120249032974243164e+00 3.276433598196783481e-01 7.869270304972558749e-01 5.228725250372634470e-01
-3.960613632202148438e+01 4.094298553466796875e+01 1.498063564300537109e+01 5.409115018875316760e-01 -6.435687770817061226e-01 5.415108274922414422e-01
4.955234909057617188e+01 -2.328624725341796875e+01 -1.169283986091613770e+00 8.178068042175457020e-01 -3.743436855660030593e-01 -4.371027751597402200e-01
-4.596365356445312500e+01 7.674422264099121094e+00 -1.249552536010742188e+01 -7.025169694352754179e-01 1.014112867885351710e-01 -7.044044708598674598e-01
5.285169982910156250e+01 -2.131672096252441406e+01 3.279649972915649414e+00 8.389110569477739032e-01 -3.280671054524441077e-01 -4.342812600732661177e-01
-3.380366134643554688e+01 1.426106834411621094e+01 -1.168104553222656250e+01 2.944183440562954113e-01 -1.974517043820759321e-01 9.350565026348739428e-01
-4.259458160400390625e+01 3.956544494628906250e+01 8.299169540405273438e+00 -6.452444097139465873e-01 6.491576839098601726e-01 -4.028075882523645679e-01
3.056623840332031250e+01 5.309728145599365234e+00 -1.298195171356201172e+01 -2.007381113727581545e-01 4.778837054206848400e-02 9.784786570403219974e-01
-4.277755355834960938e+01 -2.151343345642089844e+01 -5.117087841033935547e+00 7.133163355188454346e-01 3.323500265207319782e-01 6.170277670847842399e-01
-1.120926475524902344e+01 -5.376169967651367188e+01 -2.194873094558715820e+00 -2.080694470954582431e-01 -8.441318927356754598e-01 -4.941138055669732077e-01
4.879314041137695312e+01 -1.607281875610351562e+01 2.146490097045898438e+00 -8.537099390340954219e-01 3.331923500534021976e-01 4.002026959682958851e-01
2.663180351257324219e+01 -7.903678894042968750e+00 -1.352221298217773438e+01 -1.129691464998642814e-01 3.094561085933758820e-03 9.935936773303147840e-01
-5.118476867675781250e+00 -3.653842926025390625e+01 -1.167892265319824219e+01 8.733676906609977308e-02 1.812854773008545362e-01 9.795447230672503780e-01
-5.057118988037109375e+01 -1.422654819488525391e+01 3.708248138427734375e+00 8.775816058796072072e-01 2.113703223310953172e-01 4.303174547463983202e-01
3.322822952270507812e+01 -2.153331375122070312e+01 -1.692284584045410156e+01 3.627743739363860631e-01 -1.909873048779572868e-01 -9.120957203005159997e-01
-4.140353775024414062e+01 1.539972686767578125e+01 -1.431604766845703125e+01 -5.368217841018017022e-01 2.406226183787863460e-01 -8.086551351709180269e-01
2.882339668273925781e+01 -3.565761947631835938e+01 -6.221639156341552734e+00 -5.032673641591072222e-01 6.070606948992121055e-01 6.149790832872531476e-01
-1.691387176513671875e+01 -5.633697509765625000e+01 6.293533802032470703e+00 -2.434784852409609401e-01 -8.566177978789906167e-01 -4.548891904428109534e-01
-5.575375747680664062e+01 2.284433364868164062e+01 1.270923137664794922e+01 -8.136648575531305605e-01 3.606157260834436662e-01 -4.559668822232096352e-01
-1.553891658782958984e+01 -5.532123565673828125e+01 1.157384014129638672e+01 2.346208286090071538e-01 8.168998817001518198e-01 5.269038337885776357e-01
3.258391952514648438e+01 -3.121759605407714844e+01 -7.006183147430419922e+00 -4.903313366523063821e-01 3.567620589523501917e-01 7.951704305297339070e-01
-4.247161483764648438e+01 1.470672798156738281e+01 -7.209012985229492188e+00 6.705201166965143456e-01 -1.780576056664658624e-01 7.202070967226149589e-01
4.761666870117187500e+01 -9.192209839820861816e-01 -1.119356060028076172e+01 -6.175914911279594133e-01 6.182668639504877994e-01 -4.861345853024370278e-01
3.356295013427734375e+01 -3.785072708129882812e+01 6.170099973678588867e-01 -5.882912046332354761e-01 6.081126126808146237e-01 5.330220528736969721e-01
-2.916060256958007812e+01 -4.864387130737304688e+01 1.335937976837158203e+00 -4.341965639712788705e-01 -7.854183683869488952e-01 -4.411250734609380997e-01
1.351192569732666016e+01 -2.145428657531738281e+01 -1.379087066650390625e+01 -9.949195396083958254e-03 -8.141531569383072403e-03 9.999173610727415396e-01
-4.786129760742187500e+01 3.109665679931640625e+01 5.716207027435302734e+00 -7.710976211099108690e-01 5.403876897741716201e-01 -3.367337278313091153e-01
1.419410228729248047e+01 -2.907887840270996094e+01 -2.032820129394531250e+01 4.290872840826853718e-01 -6.594323514643345430e-01 -6.172787672362975986e-01
4.957211685180664062e+01 -9.358839035034179688e+00 5.753970146179199219e-01 -8.820194592495459451e-01 1.534117260312768960e-01 4.455407005215609728e-01
3.748029327392578125e+01 1.436982989311218262e+00 -1.765233421325683594e+01 3.473649804956837062e-01 8.558271079760966515e-02 -9.338164540945752545e-01
5.359228897094726562e+01 -1.597435474395751953e+01 9.566509246826171875e+00 -7.283683307147661434e-01 2.381090586736202552e-01 6.424824129805792872e-01
-3.445022201538085938e+01 -4.953907394409179688e+01 9.514339447021484375e+00 -4.838379661428494072e-01 -7.043302457064388733e-01 -5.194417460137934484e-01
-1.458391571044921875e+01 -4.660066604614257812e+01 -3.356497049331665039e+00 2.012714345198295951e-01 8.164981061706034771e-01 5.411290532452934787e-01
-3.260867309570312500e+01 1.730463790893554688e+01 -1.801706886291503906e+01 -2.427666581776774801e-01 2.148680520318645704e-01 -9.459894660583038073e-01
-4.759629058837890625e+01 1.637173271179199219e+01 -8.169850349426269531e+00 -7.791625684500683713e-01 2.720876993811840450e-01 -5.646892736467968854e-01
9.721151351928710938e+00 -3.760173416137695312e+01 -1.769431495666503906e+01 7.614415278229234862e-02 -4.004714704921896185e-01 -9.131400053216868207e-01
-2.081978416442871094e+01 -5.357115554809570312e+01 1.141469001770019531e+01 2.859412138284271876e-01 8.155479262221079217e-01 5.031095330732114901e-01
-3.627047348022460938e+01 -3.738298797607421875e+01 -6.928535938262939453e+00 -5.837633922414513510e-01 -5.968905288515560237e-01 -5.504016700974508902e-01
5.389461135864257812e+01 -3.242632293701171875e+01 1.338011169433593750e+01 7.188040392163203007e-01 -4.610900131828211124e-01 -5.203044810006622889e-01
-4.038471221923828125e+00 -6.426284027099609375e+01 1.676415252685546875e+01 -5.882320361784914436e-02 -8.792528572535139864e-01 -4.727094707403953211e-01
-4.850127792358398438e+01 1.905793952941894531e+01 4.642420768737792969e+00 8.138991265134496444e-01 -3.644146442520971862e-01 4.525153908048443752e-01
4.217645645141601562e+01 -1.802167892456054688e+01 -6.512629985809326172e+00 -6.564702948386377246e-01 2.079853291779420188e-01 7.251129945334142679e-01
-5.107293128967285156e+00 -8.385279655456542969e+00 -2.053357696533203125e+01 -3.733730822481069467e-01 2.844525340428195048e-01 -8.829945058318127149e-01
-2.411279487609863281e+01 -4.491365814208984375e+01 3.549999964889138937e-04 1.091170824230237174e-01 9.653374190234045304e-01 2.371015178287960712e-01
-2.715203046798706055e+00 -6.042321777343750000e+01 9.261660575866699219e+00 -4.347135416793726503e-02 -8.061044106728235681e-01 -5.901744830646487028e-01
1.028479671478271484e+01 -5.665280532836914062e+01 4.011757850646972656e+00 2.820354676824558537e-01 -8.929801736148849090e-01 -3.507740077312863636e-01
-3.921334838867187500e+01 -3.990000534057617188e+01 -8.003900200128555298e-02 -6.767262290776496769e-01 -6.242051835120981940e-01 -3.903965929090214559e-01
3.080318450927734375e+01 -4.831315612792968750e+01 1.123894214630126953e+01 -4.722203312284828924e-01 7.171998324155125504e-01 5.124766913310522254e-01
-4.258034515380859375e+01 -2.702274513244628906e+01 -9.278280258178710938e+00 -6.894874601834279915e-01 -4.223612391232987040e-01 -5.884029452135990379e-01
-5.069077301025390625e+01 -3.392994689941406250e+01 1.847085380554199219e+01 5.969200218491661492e-01 3.771304662056174650e-01 7.081377683580537541e-01
9.473932266235351562e+00 -3.081993103027343750e+00 -1.961626815795898438e+01 1.430725877343904349e-02 -8.701864475298802179e-03 -9.998597801197142143e-01
-4.854209899902343750e+00 2.009634399414062500e+01 -2.027393531799316406e+01 3.764106322450384238e-03 -1.384902418371443122e-01 -9.903566450625160833e-01
-1.171928501129150391e+01 -3.685169219970703125e+01 -1.803848648071289062e+01 -1.263800446770555752e-01 -2.896959422225732217e-01 -9.487382912938641111e-01
-4.475972747802734375e+01 -3.409989547729492188e+01 7.636939883232116699e-01 -7.261498362330578438e-01 -5.323620676045478506e-01 -4.350828016763176875e-01
-1.019527053833007812e+01 3.211309909820556641e-01 -2.027601432800292969e+01 4.829994563413206321e-02 -8.268181215440265075e-02 -9.954048589345965148e-01
-3.460148239135742188e+01 3.344529724121093750e+01 -3.179479122161865234e+00 5.488927028046570733e-01 -5.849555951303556656e-01 5.971128474028087885e-01
-3.240797042846679688e+01 4.580294418334960938e+01 2.508975028991699219e+00 -4.822484961721549834e-01 7.933779379622255545e-01 -3.714671391852878424e-01
-4.282633209228515625e+01 -1.205846691131591797e+01 -8.575167655944824219e+00 5.703377090143522121e-01 1.589918432230022216e-01 8.058762258962677283e-01
-5.849614334106445312e+01 8.753545761108398438e+00 1.002521800994873047e+01 -8.883208911882756187e-01 1.486077973358501947e-01 -4.345131952535559172e-01
4.579111480712890625e+01 -3.328967094421386719e+00 -6.119191169738769531e+00 -6.781420126172715834e-01 9.186637990887620842e-02 7.291666331956186964e-01
2.316117477416992188e+01 -2.380598258972167969e+01 -1.970381355285644531e+01 3.361646397711572920e-01 -3.358799375025396383e-01 -8.798738560446140999e-01
-3.605680465698242188e+01 1.811154747009277344e+01 -9.995738983154296875e+00 3.946624089187720785e-01 -1.947412266119759872e-01 8.979518014036695917e-01
-5.401372146606445312e+01 2.627156066894531250e+01 1.956025695800781250e+01 6.800693342165435862e-01 -2.776288235295493179e-01 6.785484043190032066e-01
-3.587505722045898438e+01 4.767537307739257812e+01 1.173529624938964844e+01 -5.671164525135663492e-01 7.081704009971175884e-01 -4.205634463906837706e-01
-6.712500095367431641e+00 -2.774698638916015625e+01 -1.331461620330810547e+01 1.409180256763502836e-01 4.203952907083057661e-02 9.891282970550293596e-01
5.014077758789062500e+01 -2.911252021789550781e+01 5.302795886993408203e+00 7.501011920767244323e-01 -4.517879972286094614e-01 -4.829449318558368121e-01
-6.021736907958984375e+01 -7.614679813385009766e+00 1.215047931671142578e+01 -9.034980902903649858e-01 -1.019310101895646165e-01 -4.162946912986021930e-01
3.426127243041992188e+01 -1.447266578674316406e+01 -1.799321365356445312e+01 2.779648416265104172e-01 -1.566839733056311079e-01 -9.477265846902834801e-01
3.164890670776367188e+01 -3.090281105041503906e+01 -1.464238739013671875e+01 4.809630710954428956e-01 -3.677353969740497219e-01 -7.958927076275910117e-01
-2.527952194213867188e+01 -5.312502288818359375e+01 1.480642414093017578e+01 4.417699790208987065e-01 7.967909079922600446e-01 4.122663393690353395e-01
4.126915740966796875e+01 -2.342795372009277344e+01 -1.140119838714599609e+01 6.834908563643359303e-01 -4.080672942813632353e-01 -6.052448534306046346e-01
-2.137221145629882812e+01 -1.479010009765625000e+01 -1.365560626983642578e+01 -4.665894473980217172e-01 -1.507139960191096473e-01 8.715386273601191114e-01
-3.225907897949218750e+01 -1.511809730529785156e+01 -1.893985176086425781e+01 -3.137758148415998871e-01 -1.358525429031166298e-01 -9.397280588591824246e-01
2.886539077758789062e+01 -4.428564453125000000e+01 -4.161817073822021484e+00 4.661786838834395819e-01 -7.325979080353473005e-01 -4.959614297855597376e-01
-4.686090087890625000e+01 3.677502822875976562e+01 1.182320213317871094e+01 -7.293623726969945542e-01 5.568042453707395811e-01 -3.974915868681143105e-01
3.414909362792968750e+01 -4.347175598144531250e+01 8.463996887207031250e+00 -5.302453605634600553e-01 6.109256525506842062e-01 5.878857921879442339e-01
-3.477267456054687500e+01 -5.227962493896484375e+01 1.500228786468505859e+01 -5.034842343258236763e-01 -7.459770244291495933e-01 -4.359150201692653104e-01
2.194031000137329102e+00 -3.934386825561523438e+01 -1.474705219268798828e+01 1.370159475037784624e-01 -1.817161795995685114e-01 9.737586252256661412e-01
-3.321632766723632812e+01 -4.574750137329101562e+01 1.019276976585388184e+00 -5.341487107791104139e-01 -7.486416867474814385e-01 -3.927095359637963190e-01
-4.825123977661132812e+01 2.671950721740722656e+01 1.138876533508300781e+01 8.445641224775818356e-01 -3.689583180076788094e-01 3.880479385290129812e-01
5.413929367065429688e+01 -1.675073051452636719e+01 2.529283046722412109e+00 8.574883771087203899e-01 -3.009529998838058051e-01 -4.173020189076382391e-01
-5.120455932617187500e+01 3.378192901611328125e+00 -7.171185970306396484e+00 -8.284632792288992853e-01 5.331008705244916213e-02 -5.575003404373484184e-01
5.452343940734863281e+00 -5.129951095581054688e+01 1.794721007347106934e+00 -3.195328419676993215e-02 8.671832517853710343e-01 4.969629719123849765e-01
-3.066200447082519531e+01 -5.640847015380859375e+01 1.937435531616210938e+01 -3.632691190840090512e-01 -5.615335831890457818e-01 7.434484394164796450e-01
5.071324920654296875e+01 -3.581713485717773438e+01 1.184840583801269531e+01 7.099340987020718030e-01 -5.020403708216258920e-01 -4.939119775479851038e-01
3.071252441406250000e+01 -5.205927658081054688e+01 1.670352935791015625e+01 -4.347716077058362827e-01 6.347738182553288588e-01 6.387768380196898743e-01
1.023236083984375000e+01 3.855449855327606201e-01 -1.526355171203613281e+01 -4.153985099236443684e-02 -7.946534843867399459e-03 9.991052463897420743e-01
-3.165788841247558594e+01 -3.731903457641601562e+01 -3.568254947662353516e+00 5.167654094254255925e-01 6.792483824343720222e-01 5.211287236198569595e-01
3.055799484252929688e+01 -1.226136016845703125e+01 -1.300123786926269531e+01 -2.812177610527972771e-01 1.907857692065128563e-01 9.404878314665912065e-01
-3.316848373413085938e+01 4.081492996215820312e+01 -4.487518787384033203e+00 -4.830374219309097050e-01 6.663944882239365430e-01 -5.679729175577810096e-01
6.829311847686767578e+00 -1.476464843750000000e+01 -1.406853580474853516e+01 -1.583002063903827389e-02 1.199492296696192395e-01 9.926538131434505807e-01
1.009384918212890625e+01 -1.501298046112060547e+01 -1.972380638122558594e+01 -6.732527846119444603e-02 1.450424436893936186e-01 -9.871322081710897089e-01
-3.355130004882812500e+01 -4.118440246582031250e+01 4.015848159790039062e+00 5.490680576741336916e-01 7.139432841292576715e-01 4.345218695171559342e-01
-2.303772926330566406e+01 3.416689682006835938e+01 -9.148463249206542969e+00 2.203515768462644409e-01 -3.881957232092634880e-01 8.948459437598192956e-01
-5.204131698608398438e+01 -2.558858108520507812e+01 5.171115875244140625e+00 -8.588458903798606991e-01 -3.731934145294091842e-01 -3.508709334349383591e-01
2.707250976562500000e+01 -1.535351467132568359e+01 -2.031762504577636719e+01 3.719125491269825029e-02 -4.768050184552611453e-02 -9.981700157296738984e-01
-8.652149200439453125e+00 -3.356775665283203125e+01 -1.227881145477294922e+01 1.457813836370978056e-01 2.851833442712212174e-01 9.473216182137591534e-01
3.796593475341796875e+01 -1.166169643402099609e+01 -1.080672645568847656e+01 -4.104870187456140518e-01 1.383008246992660784e-01 9.013175296913075174e-01
3.532803726196289062e+01 -3.735682296752929688e+01 -6.582468986511230469e+00 5.364368745517322790e-01 -6.241594612230011441e-01 -5.680320823571342048e-01
2.880397415161132812e+01 -4.919889450073242188e+01 3.681544065475463867e+00 4.914363857620122622e-01 -7.746796944335085922e-01 -3.979467926514504983e-01
2.637962913513183594e+01 9.899649620056152344e+00 -1.938981437683105469e+01 1.662195586396622224e-02 2.020197368589266296e-01 -9.792403874956885357e-01
-6.153800964355468750e+01 9.997700691223144531e+00 1.607194900512695312e+01 -8.236270590271443925e-01 1.446279721479011571e-01 -5.483805406017638884e-01
5.527526473999023438e+01 -1.930104255676269531e+01 1.286978149414062500e+01 -7.642421465664636093e-01 2.599020721757425711e-01 5.902413525755706436e-01
2.414365768432617188e+01 -5.426448059082031250e+01 8.006410598754882812e+00 3.599867174762141908e-01 -7.955242249015533895e-01 -4.873918042350355861e-01
-4.318175125122070312e+01 -4.267015075683593750e+01 1.837086486816406250e+01 4.890231398796158757e-01 5.092369955268554182e-01 7.081906883382914630e-01
-2.045745468139648438e+01 -3.901630401611328125e+01 -1.520361518859863281e+01 -2.031200543214718712e-01 -4.469886464891424382e-01 -8.711735725113834983e-01
-5.435614395141601562e+01 -2.916560363769531250e+01 1.254401206970214844e+01 -8.035489259898770387e-01 -4.217766025331838864e-01 -4.200162152775532287e-01
2.946526527404785156e+01 -1.936530023813247681e-01 -1.922688293457031250e+01 -2.272274673289159941e-01 -3.449859065405933012e-01 -9.106878731923749859e-01
9.445436477661132812e+00 -4.906572341918945312e+01 -8.089100122451782227e-01 -1.964924544153855424e-01 8.357692808994436895e-01 5.127186601467168536e-01
5.849733829498291016e+00 -4.614425277709960938e+01 -5.825129985809326172e+00 -9.451332503298325027e-02 7.148236184819931616e-01 6.928884656649434426e-01
3.678121566772460938e+01 -4.395259475708007812e+01 4.313794136047363281e+00 5.957255732429248551e-01 -6.838158741285543796e-01 -4.213156674919524280e-01
-3.488542938232421875e+01 -1.114489555358886719e+01 -1.863873100280761719e+01 -2.800814435104470590e-01 -3.766298714131155467e-02 -9.592371366876377703e-01
-1.530154609680175781e+01 1.750733375549316406e+01 -2.062682533264160156e+01 3.850849339518420955e-02 -1.342779842818085378e-01 -9.901951923099038266e-01
-2.651722717285156250e+01 4.494345474243164062e+01 -5.025395870208740234e+00 -3.841438975273069323e-01 6.368656296835748520e-01 -6.684576543957542194e-01
-3.835465240478515625e+01 1.271122550964355469e+01 -1.664363098144531250e+01 -4.876843578396866108e-01 1.567736454506124255e-01 -8.588282664250275200e-01
-4.666732406616210938e+01 6.417910099029541016e+00 -5.364252090454101562e+00 8.255395605414257432e-01 -1.907717914572389928e-01 5.311219799304727207e-01
4.972169995307922363e-01 2.041929960250854492e-01 -1.438708305358886719e+01 6.996577457426045310e-02 7.772429187890848856e-02 9.945168298425853814e-01
4.905372238159179688e+01 -2.260172653198242188e+01 6.809298992156982422e+00 -6.834662406277522972e-01 3.242144044907407374e-01 6.540328109834258052e-01
-1.644510030746459961e-01 -5.590077209472656250e+01 -4.210219979286193848e-01 -6.231019035685858749e-03 -9.016824219758995396e-01 -4.323540034525558129e-01
1.378208994865417480e+00 -5.938716125488281250e+01 1.563694381713867188e+01 2.021525836896584730e-02 8.335427497785855566e-01 5.520849822451522337e-01
-1.437148666381835938e+01 -9.031045913696289062e+00 -2.039784812927246094e+01 8.664777495391630738e-03 -7.788266764743610737e-02 -9.969248776668552248e-01
4.410624694824218750e+01 -2.355516815185546875e+01 -4.729050099849700928e-01 -8.263977179078884072e-01 3.377426601512961146e-01 4.505515590368765477e-01
-1.925865554809570312e+01 -1.254599475860595703e+01 -2.083943557739257812e+01 5.871640699600427782e-02 8.548654389264911252e-03 -9.982380998827947716e-01
5.440891265869140625e+01 -2.730548667907714844e+01 1.007067203521728516e+01 7.275406166386761964e-01 -3.750408219185210612e-01 -5.744815341120155239e-01
-4.534345245361328125e+01 3.019963645935058594e+01 9.943360328674316406e+00 8.018004103046039166e-01 -4.691861036886069147e-01 3.701087706889323314e-01
-5.067995834350585938e+01 2.492739677429199219e+01 4.115345001220703125e+00 -8.464652515692887569e-01 4.055271063926526587e-01 -3.450280334502444091e-01
-2.741757583618164062e+01 -6.972721099853515625e+00 -2.141983222961425781e+01 8.780356375479136943e-03 7.277174368664793280e-02 -9.973099712039003029e-01
-1.387899780273437500e+01 -1.367609405517578125e+01 -1.381868743896484375e+01 7.810613412290791022e-03 1.125854977817824232e-01 9.936113425315514780e-01
-8.633345603942871094e+00 3.333095550537109375e+01 -1.204877471923828125e+01 1.641397415201039656e-01 -4.003499563795435978e-02 9.856243424236145190e-01
-3.008347892761230469e+01 -9.031270146369934082e-01 -2.141432380676269531e+01 -3.454627914760834140e-02 4.635395796839281157e-02 -9.983275340176288593e-01
3.657240676879882812e+01 -3.354664230346679688e+01 -1.118517994880676270e+00 -5.705370169017881521e-01 5.423903230456353919e-01 6.166848869651824216e-01
-4.367787933349609375e+01 -3.381310653686523438e+01 8.547853469848632812e+00 7.071042330572073764e-01 4.828896125645508741e-01 5.165474089276187453e-01
-5.065369415283203125e+01 1.413738346099853516e+01 5.620603084564208984e+00 8.863131056113773276e-01 -2.610255906433362472e-01 3.825110715401749961e-01
4.397200775146484375e+01 -1.486203956604003906e+01 -1.242993927001953125e+01 6.960508864481432800e-01 -1.996034459047631160e-01 -6.896895155486258977e-01
-2.727195167541503906e+01 1.653280639648437500e+01 -1.268189334869384766e+01 1.206530037989714532e-01 -1.317975621799355457e-01 9.839066293494069804e-01
-4.861853027343750000e+01 3.588410949707031250e+01 2.035033416748046875e+01 5.865229214373943734e-01 -4.283712120184154371e-01 6.873783291189923261e-01
-2.718359756469726562e+01 2.105169486999511719e+01 -1.203789234161376953e+01 2.148467736165424191e-01 -1.537994359527430632e-01 9.644618174750000383e-01
4.470193099975585938e+01 -1.452978229522705078e+01 -5.058256149291992188e+00 -7.527932540849716636e-01 2.720288453140780605e-01 5.994185715518403068e-01
5.664913177490234375e+01 -2.916893386840820312e+01 1.513634395599365234e+01 4.590024040017785523e-01 -4.782228874072432245e-01 -7.487453926939833249e-01
-5.607147598266601562e+01 -7.952816963195800781e+00 2.602961063385009766e+00 -9.276481725960011859e-01 -4.653645252972726104e-02 -3.705444999797571359e-01
-4.926848888397216797e+00 -5.752955245971679688e+01 1.233220005035400391e+01 8.752397686019593864e-03 9.514230979469401328e-01 3.077620578105635940e-01
1.939953613281250000e+01 -4.541280746459960938e+01 -1.345641970634460449e+00 -3.470123424607066132e-01 7.452751350799049490e-01 5.693394481428128984e-01
-6.807808876037597656e+00 -5.395764160156250000e+01 -3.297197103500366211e+00 -1.045810722339140936e-01 -8.737659786414241347e-01 -4.749692767950356442e-01
-2.548679351806640625e+01 2.725721168518066406e+01 -1.769343948364257812e+01 -2.604654522423057172e-01 3.374760974951507286e-01 -9.045814677560307659e-01
-5.677021026611328125e+01 -1.618484973907470703e+00 3.398838996887207031e+00 -9.414937173745673293e-01 -4.969453268336560849e-03 -3.369938941263361798e-01
1.871307754516601562e+01 -3.193692207336425781e+01 -1.387222862243652344e+01 -3.124020904851059887e-03 -1.472715761535378642e-01 9.890911602833376559e-01
-1.073079872131347656e+01 -5.205588150024414062e+01 4.597043991088867188e+00 1.272202464706721214e-01 8.825792166329866628e-01 4.526244969679004138e-01
-1.999737739562988281e+01 -3.555294418334960938e+01 -9.956323623657226562e+00 1.816444427337324807e-01 3.014502455492050204e-01 9.360197892578318024e-01
-5.111781692504882812e+01 -1.905236625671386719e+01 -2.141997098922729492e+00 -8.433387256946354160e-01 -2.860573560319156772e-01 -4.549186551503227038e-01
-2.969464492797851562e+01 -6.051519870758056641e+00 -1.364409542083740234e+01 8.792581215879750889e-02 2.185567183900860577e-02 9.958872331567875102e-01
-5.628000259399414062e+01 7.086338996887207031e+00 1.379121398925781250e+01 8.471208316756393408e-01 -9.926262788928609526e-02 5.220471504047180522e-01
5.665954589843750000e+01 -1.191099262237548828e+01 9.887660980224609375e+00 7.710884065403367238e-01 3.905905542790235052e-01 5.028535454852530728e-01
4.451979446411132812e+01 -3.892272186279296875e+01 1.421136856079101562e+01 -6.096984256921040846e-01 5.511114053185230954e-01 5.696876763950685651e-01
-5.206816864013671875e+01 1.977102088928222656e+01 1.251622200012207031e+01 8.157629696015497034e-01 -3.328410930163177572e-01 4.730196446518517006e-01
5.221275711059570312e+01 -9.548957824707031250e+00 -4.810159206390380859e+00 8.328852515990345928e-01 -1.018235655366305781e-01 -5.439982712934119391e-01
-1.910628128051757812e+01 2.059316062927246094e+01 -1.314420413970947266e+01 2.631864622817431734e-02 -1.605264211625917481e-02 9.995247078195732549e-01
-6.262318801879882812e+01 -2.356606006622314453e+00 1.616043281555175781e+01 -8.147577782799295676e-01 -2.699239009351826410e-02 -5.791728356970761160e-01
2.957602691650390625e+01 -5.143591690063476562e+01 8.229492187500000000e+00 4.682105836343464778e-01 -7.197859834689824821e-01 -5.125299868050398056e-01
-4.723211288452148438e+01 -3.699363708496093750e+01 1.769727325439453125e+01 6.266351867178786561e-01 4.781992579409005129e-01 6.153485292676187379e-01
-6.224157714843750000e+01 -1.725010108947753906e+01 1.896729469299316406e+01 -9.604978584628682814e-01 -2.755047078803370963e-01 3.925582535132732254e-02
-5.525049591064453125e+01 1.923364448547363281e+01 9.255816459655761719e+00 -8.439399455342554424e-01 2.857088308383822217e-01 -4.540218412285942362e-01
-1.974176406860351562e+01 2.104673004150390625e+01 -2.082630920410156250e+01 -1.552386455407493183e-02 -2.163945405640267054e-03 -9.998771559394624697e-01
-5.418388366699218750e+01 -2.897568941116333008e+00 8.035176277160644531e+00 9.175248956302559655e-01 -2.403107098454744517e-02 3.969516009868504502e-01
-4.064668273925781250e+01 -4.053321075439453125e+01 1.244784736633300781e+01 6.480403172733484318e-01 6.697069693771142695e-01 3.626793657708954344e-01
3.709798431396484375e+01 4.805852890014648438e+00 -1.139950942993164062e+01 -3.136386830570956907e-01 1.029395915188303923e-01 9.439460879669702154e-01
-7.659140110015869141e+00 -5.918313217163085938e+01 1.616692161560058594e+01 1.290256975748496800e-02 8.802826591605156237e-01 4.742741440084464744e-01
-3.683388137817382812e+01 -2.889049339294433594e+01 -6.453452110290527344e+00 5.436362126552880536e-01 5.273468995902782508e-01 6.529662439838184174e-01
3.775802993774414062e+01 -4.787982940673828125e+01 1.702344512939453125e+01 -4.271069684243635201e-01 6.347269718873792543e-01 6.439730651836518271e-01
3.781848907470703125e+00 9.652959823608398438e+00 -2.000778388977050781e+01 2.103430696154081833e-02 -1.686184016642583092e-02 -9.996365520912335878e-01
-4.757351684570312500e+01 -3.250929641723632812e+01 3.867442131042480469e+00 -7.867737431144204985e-01 -5.118854296449121266e-01 -3.449063410013903930e-01
2.894815063476562500e+01 -5.579835891723632812e+01 1.446910095214843750e+01 4.127594798587724267e-01 -7.541595016840737520e-01 -5.107573374963351176e-01
-3.476548767089843750e+01 2.096198272705078125e+01 -1.632929611206054688e+01 -3.714797037980760441e-01 2.510281766675113713e-01 -8.938611101200668596e-01
-5.651028060913085938e+01 -1.519981765747070312e+01 1.582385635375976562e+01 8.751218985343097723e-01 2.171842170513510195e-01 4.324265007715151765e-01
-2.895083045959472656e+01 -2.379362678527832031e+01 -1.140472221374511719e+01 1.824433097673167359e-01 2.082261482856390955e-01 9.609143093383893941e-01
-2.961245346069335938e+01 -4.433631896972656250e+01 -5.243154048919677734e+00 -4.793265823114879476e-01 -7.227461146382012647e-01 -4.978795851056482258e-01
9.859714508056640625e+00 -2.856502342224121094e+01 -2.122311782836914062e+01 9.572407457981048709e-03 -7.684633656635747601e-02 -9.969969957686876105e-01
-7.650153160095214844e+00 -7.783750295639038086e-01 -1.463953304290771484e+01 -1.082854834673055572e-01 1.051251906625378651e-01 9.885458756974392358e-01
-1.949390411376953125e+01 -3.187970924377441406e+01 -1.830239486694335938e+01 -1.995955520074966794e-01 -2.595970104622977170e-01 -9.448656030239751535e-01
2.776512145996093750e+00 -6.359806823730468750e+01 1.578728961944580078e+01 2.600756953227754270e-02 -8.832243848833289945e-01 -4.682288887654079690e-01
-5.099373626708984375e+01 2.730026435852050781e+01 7.852680206298828125e+00 -8.298935406168739259e-01 4.108095624761236020e-01 -3.775079000770247273e-01
4.129425811767578125e+01 -3.213029098510742188e+01 3.685699939727783203e+00 -7.288929088631145303e-01 5.105978634444665598e-01 4.560755959871272691e-01
1.080485630035400391e+01 1.797498512268066406e+01 -1.974744606018066406e+01 -6.903468223790244773e-02 8.720275947214313483e-03 -9.975761471866275709e-01
-1.685097312927246094e+01 -7.349839806556701660e-01 -2.068987464904785156e+01 9.112592025130090978e-02 3.022022998854979534e-02 -9.953807333667819002e-01
-3.114183807373046875e+01 -3.103103637695312500e+01 -8.739366531372070312e+00 3.407073008849483275e-01 4.121759475538421258e-01 8.450026765530305184e-01
4.492805480957031250e+01 -2.270473670959472656e+01 -8.129858016967773438e+00 6.677555023722787642e-01 -3.381348201021507904e-01 -6.631496305405226721e-01
-1.422835731506347656e+01 2.088084220886230469e+01 -1.338749408721923828e+01 1.451647007278185179e-02 7.356065053050034330e-02 9.971850895346137111e-01
4.363602447509765625e+01 -3.717885208129882812e+01 3.998104095458984375e+00 6.960699675136456932e-01 -5.876406083835867822e-01 -4.125107461680487253e-01
3.593940353393554688e+01 -5.143284606933593750e+01 1.409702205657958984e+01 4.805010212909816558e-01 -7.255040431277061108e-01 -4.927095005616140555e-01
-9.524524688720703125e+00 -2.442202186584472656e+01 -2.096880912780761719e+01 3.096012815167269866e-02 1.243466271313388993e-01 -9.917557092277775599e-01
-3.523943328857421875e+01 -4.957241058349609375e+01 1.848929977416992188e+01 4.150112258564405132e-01 5.822986177008170339e-01 6.990665220398215585e-01
-4.466634368896484375e+01 -1.855290603637695312e+01 -1.162373065948486328e+01 -6.995702257259837076e-01 -2.625327447610523723e-01 -6.645886375841256744e-01
2.191463279724121094e+01 -4.394962310791015625e+01 -9.329195022583007812e+00 3.480185650032451283e-01 -6.601003898548225557e-01 -6.656955413149417966e-01
-4.484419631958007812e+01 2.647152328491210938e+01 4.688380241394042969e+00 7.927581805841199536e-01 -4.144628627857802616e-01 4.469395960175952531e-01
-3.153112983703613281e+01 4.289770889282226562e+01 6.726877212524414062e+00 5.037828388667687785e-01 -6.865981140546701944e-01 5.242002299121103492e-01
-4.657098770141601562e+01 4.249897003173828125e+01 1.818752861022949219e+01 -5.544421816541423853e-01 5.202414682545170033e-01 -6.495711523081818539e-01
2.297373199462890625e+01 -2.233913040161132812e+01 -1.322926616668701172e+01 -1.176525570853974301e-01 8.481585538414383729e-02 9.894261703061645319e-01
-4.941664886474609375e+01 1.243904018402099609e+01 -7.354068756103515625e+00 -7.871495613636544375e-01 2.730533977370845911e-01 -5.530256865908128594e-01
-5.376048660278320312e+01 3.249731445312500000e+01 1.748134803771972656e+01 -6.929942163891885665e-01 4.740028742073443269e-01 -5.432129336589023305e-01
-3.857828140258789062e+01 3.881616210937500000e+01 -4.948729872703552246e-01 -6.256149088857906326e-01 6.180618347805835189e-01 -4.760310432812995818e-01
-1.229751014709472656e+01 -1.770024299621582031e+01 -2.042308425903320312e+01 6.071078396729581717e-02 -8.323891607053483799e-03 -9.981206908678881273e-01
1.209748268127441406e+01 -3.495146179199218750e+01 -1.401371765136718750e+01 -2.547731297457304228e-02 9.641863739969605551e-02 9.950147500844305215e-01
7.400576114654541016e+00 -5.301705932617187500e+01 -4.056028842926025391e+00 1.728631614013153572e-01 -8.663884409812210308e-01 -4.684969549148341739e-01
-4.844661712646484375e+01 -2.608155632019042969e+01 -1.445739030838012695e+00 -7.595713308179680157e-01 -4.248274429643498218e-01 -4.925170424500993072e-01
3.690447998046875000e+01 -3.850278854370117188e+01 5.543481826782226562e+00 -5.991363385400769737e-01 5.513006769475454760e-01 5.806059002782940626e-01
1.611363792419433594e+01 -5.036584472656250000e+01 -4.503501892089843750e+00 2.241391333287503507e-01 -7.815150297039489269e-01 -5.822335504395744765e-01
-8.057873725891113281e+00 -8.580955505371093750e+00 -1.415970611572265625e+01 -4.728900330494754251e-02 8.856676487887099603e-02 9.949470731276690572e-01
-9.565925598144531250e+00 1.378207397460937500e+01 -1.489747142791748047e+01 4.556869338405254016e-02 -1.234197250149126901e-01 9.913077552710427565e-01
2.238940429687500000e+01 -9.735472679138183594e+00 -1.400541877746582031e+01 -1.322833567301655022e-01 -4.961335004028075493e-03 9.911995251649273753e-01
-5.874264526367187500e+01 2.324587440490722656e+01 2.115463066101074219e+01 -4.369123105272699203e-01 1.261401325327456691e-01 8.906156858456647507e-01
-2.102404594421386719e+01 -2.342465019226074219e+01 -1.271397113800048828e+01 1.497410513584175595e-01 9.767213196627240468e-02 9.838891056289009729e-01
1.192296886444091797e+01 2.298670959472656250e+01 -1.571858501434326172e+01 8.720278126480748293e-01 4.617769765354973743e-01 -1.622637294959934640e-01
-5.477104187011718750e+01 -3.513999879360198975e-01 -1.027423024177551270e+00 -9.050946608237119273e-01 -1.511704649370721604e-02 -4.249413251893926491e-01
-5.085045623779296875e+01 3.288719558715820312e+01 1.406776046752929688e+01 -7.570249975418948951e-01 4.733200209830354943e-01 -4.504234794427492972e-01
2.169748115539550781e+01 -5.355567932128906250e+01 1.186259651184082031e+01 -3.398310234036168165e-01 7.812407931994279631e-01 5.236198034581762695e-01
4.075876235961914062e+01 -1.932856750488281250e+01 -1.373704814910888672e+01 5.787809615761364546e-01 -2.964455185289997519e-01 -7.596924726894925817e-01
3.576442337036132812e+01 -2.475886726379394531e+01 -8.479917526245117188e+00 -4.926675157133985627e-01 3.792033007121271559e-01 7.832519235149163483e-01
3.164540481567382812e+01 -7.956284999847412109e+00 -1.981894874572753906e+01 1.713604481649615430e-01 -4.080325995474785167e-02 -9.843630888964542969e-01
-4.418759822845458984e+00 -1.289078617095947266e+01 -2.055894088745117188e+01 -3.140220055515451358e-01 3.196292030728192790e-02 -9.488775219989225018e-01
4.027451992034912109e+00 2.240483665466308594e+01 -1.994305992126464844e+01 9.430759855515821743e-02 1.113393768140500534e-01 -9.892975386734862431e-01
-3.090499877929687500e+01 3.117042541503906250e+01 -1.408506774902343750e+01 -4.009936629718223178e-01 4.000990463660969443e-01 -8.240903077657087961e-01
2.832268714904785156e+01 -3.691465759277343750e+01 -1.245670318603515625e+01 4.066202898689191270e-01 -5.677047464439852753e-01 -7.158011321113473269e-01
3.481652069091796875e+01 -4.888931655883789062e+01 9.378458976745605469e+00 4.732626763310898155e-01 -6.605423764261091346e-01 -5.828432105955103637e-01
1.686011695861816406e+01 -4.187606811523437500e+01 -1.384398269653320312e+01 2.597992672482533072e-01 -6.254416405718182803e-01 -7.357493424911117907e-01
-5.265203857421875000e+01 -1.207701969146728516e+01 -2.987051963806152344e+00 -8.612872247874013842e-01 -2.056004339371803047e-01 -4.646641561201589332e-01
-6.866943836212158203e+00 2.825942802429199219e+01 -2.054367446899414062e+01 -4.323775248856241704e-02 -1.289542749582451436e-02 -9.989815837689089983e-01
-4.977802658081054688e+01 3.459945917129516602e+00 -7.960600256919860840e-01 9.229995140031067580e-01 -1.005268144717671036e-01 3.714380927182721615e-01
-3.308669281005859375e+01 -2.264164352416992188e+01 -1.065182399749755859e+01 2.942757085083103075e-01 2.012059089988318117e-01 9.343008025073540335e-01
-5.961674118041992188e+01 -9.960958480834960938e+00 1.877927780151367188e+01 7.238415725538331902e-01 1.077626547922782146e-01 6.814987806848330498e-01
-5.222154235839843750e+01 1.569174003601074219e+01 -7.189580202102661133e-01 -8.360229403930089509e-01 2.488825278911040162e-01 -4.890021783664784127e-01
-3.620640563964843750e+01 -3.425352096557617188e+01 -2.129488945007324219e+00 6.427819578907359999e-01 5.661619537714642769e-01 5.160348793558729996e-01
-5.588311767578125000e+01 1.535570812225341797e+01 1.623738479614257812e+01 8.038832733778662476e-01 -2.540214784803476178e-01 5.378148113002698683e-01
2.233336925506591797e+00 -5.569200515747070312e+01 9.256891250610351562e+00 -2.207106785827548778e-03 8.107802357487179368e-01 5.853465110504114666e-01
2.938923454284667969e+01 -1.654541015625000000e+01 -1.283261871337890625e+01 -1.500052374651500986e-01 1.508559927837790082e-01 9.771084372648944916e-01
5.382175064086914062e+01 -3.865057945251464844e+00 7.172414779663085938e+00 -8.672741810781070537e-01 3.356255372249134644e-02 4.966981475936103063e-01
-6.102883148193359375e+01 -2.142938041687011719e+01 1.930087280273437500e+01 -8.098782886271438386e-01 -2.332139483558759718e-01 5.382456798736349191e-01
7.058774948120117188e+00 -6.431488800048828125e+01 1.879017257690429688e+01 4.540011256818594909e-02 -9.388553135105561775e-01 3.413056256081802298e-01
-4.062821578979492188e+01 -1.389103984832763672e+01 -1.599027538299560547e+01 -4.424347484777914619e-01 -1.475942600827911400e-01 -8.845718895205787469e-01
1.511896419525146484e+01 1.507903289794921875e+01 -1.458820533752441406e+01 2.182366276749981432e-02 1.374315923468710440e-02 9.996673713379168325e-01
4.583752822875976562e+01 -4.361417770385742188e+01 1.428688907623291016e+01 6.295429413813213859e-01 -6.133313981002610493e-01 -4.769698953407155995e-01
-2.249720954895019531e+01 -4.529260253906250000e+01 -9.350944519042968750e+00 -3.260829030094757330e-01 -6.987707602386065142e-01 -6.367019436129223164e-01
-2.111141204833984375e+01 6.058372020721435547e+00 -1.425014114379882812e+01 1.426268876217389181e-01 -6.342504896940234782e-02 9.877422913344171551e-01
-1.683040237426757812e+01 -5.892583084106445312e+01 1.849700164794921875e+01 3.096664473265641204e-01 7.170037060460630052e-01 6.245097092250490034e-01
-3.744123458862304688e+01 -4.338360595703125000e+01 1.186565113067626953e+01 5.692845840620913700e-01 7.360445515357376678e-01 3.662696827527585075e-01
2.324065923690795898e+00 -5.757178115844726562e+01 3.540065050125122070e+00 7.696620873937501384e-02 -9.167701055043682157e-01 -3.919295553614153271e-01
5.381347179412841797e+00 2.634708213806152344e+01 -1.535993576049804688e+01 3.249901760399722117e-01 8.902979158661535886e-01 3.189843357939243784e-01
-4.600995635986328125e+01 -8.191988945007324219e+00 -1.311949920654296875e+01 -6.653588367424095873e-01 -1.565362183122242234e-01 -7.299274146963484755e-01
3.327353000640869141e+00 -3.268175506591796875e+01 -2.013562011718750000e+01 7.265991653483593049e-02 -5.934922523930242777e-01 -8.015531690902392148e-01
-5.907172203063964844e+00 2.550382804870605469e+01 -1.337486648559570312e+01 5.094819449976550375e-03 -8.959655528547509629e-02 9.959651098787291046e-01
-2.620100021362304688e+01 -3.271792602539062500e+01 -1.633573341369628906e+01 -3.138550297976175352e-01 -3.683718615497398319e-01 -8.750983898334609989e-01
-1.196642017364501953e+01 2.521313667297363281e+01 -2.048820304870605469e+01 1.516730817397763526e-02 -7.595761823469522611e-02 -9.969956835387341343e-01
1.702060127258300781e+01 1.859427261352539062e+01 -1.834413146972656250e+01 6.729162611757986134e-01 7.193894546065029427e-01 -1.722280988867455620e-01
-4.416320419311523438e+01 3.326586008071899414e+00 -8.174731254577636719e+00 6.488599632198115419e-01 -9.588472393936452176e-02 7.548422801125124204e-01
2.304864120483398438e+01 -4.200240325927734375e+01 -3.414762020111083984e+00 -4.734591390822723289e-01 6.682072418779383405e-01 5.738776224260292436e-01
4.231425857543945312e+01 -4.378849792480468750e+01 1.048352146148681641e+01 4.279043061185963670e-01 -5.701952207010829721e-01 -7.012669356919702945e-01
2.511503410339355469e+01 -3.500202178955078125e+01 -8.749349594116210938e+00 -4.076848758339493561e-01 4.991611773255100748e-01 7.646117714678921651e-01
-3.992293930053710938e+01 9.835542678833007812e+00 -9.912631988525390625e+00 4.314305350695093466e-01 -1.416521080613958317e-01 8.909558763998357556e-01
3.870981597900390625e+01 -3.044903564453125000e+01 -9.461448669433593750e+00 6.287773037314039470e-01 -4.438561056787656556e-01 -6.384597557904070353e-01
-4.817721176147460938e+01 -3.938927078247070312e+01 1.413654518127441406e+01 -7.326955039973672701e-01 -5.602168565423634172e-01 -3.864121789848722899e-01
-4.089968490600585938e+01 -4.145159149169921875e+01 5.433172225952148438e+00 -6.859092737590656297e-01 -6.456775803806850123e-01 -3.356023396298884465e-01
1.002153682708740234e+01 -5.695179367065429688e+01 1.223648262023925781e+01 -2.382364980845326219e-01 8.927021274840110099e-01 3.825261854643928205e-01
-3.318451690673828125e+01 4.982646560668945312e+01 1.848303604125976562e+01 8.433202780826358769e-01 9.468938493527966418e-03 5.373278773509071460e-01
-2.577372550964355469e+01 -1.929361343383789062e+01 -2.117153930664062500e+01 -3.538584746520363478e-01 -3.001482174990278140e-01 -8.858302475356610861e-01
-2.386152267456054688e+01 -9.708366394042968750e+00 -1.392781734466552734e+01 -3.446621902425900941e-01 -1.670965491440434547e-01 9.237351990052846684e-01
1.663756012916564941e+00 9.727901458740234375e+00 -1.439351463317871094e+01 -3.473150225487466047e-02 -6.124477868367696892e-02 9.975183205511100049e-01
3.962158918380737305e+00 2.075879096984863281e+01 -1.428304290771484375e+01 1.056802821203016163e-01 1.830082913306959116e-02 9.942317424142198545e-01
-8.347505569458007812e+00 3.554251861572265625e+01 -1.912747764587402344e+01 2.638689398903403815e-01 9.356883402738414013e-01 -2.342232107130542418e-01
2.305881023406982422e+00 -1.853631210327148438e+01 -1.990567779541015625e+01 1.871683508328938345e-02 1.671449617790797537e-01 -9.857546560054053497e-01
-1.929309082031250000e+01 -5.048442077636718750e+01 -3.689367055892944336e+00 -3.126594409380499262e-01 -8.471028090139491873e-01 -4.297218925688832125e-01
-3.951983261108398438e+01 -4.695678329467773438e+01 1.900613021850585938e+01 4.274386649801236726e-01 4.999678288880385346e-01 7.532120270926312422e-01
-6.110138702392578125e+01 1.145655035972595215e+00 1.357023525238037109e+01 -8.997252421460881777e-01 3.859936069618733617e-02 -4.347465675528774942e-01
-2.105775451660156250e+01 6.120460033416748047e+00 -2.095678710937500000e+01 1.127488402927958877e-01 1.255507115333086808e-02 -9.935441958971751308e-01
5.847988128662109375e+00 -8.164979815483093262e-01 -1.974255371093750000e+01 1.901800446027434449e-02 -2.954369441522871134e-02 -9.993825521924267763e-01
-9.494543075561523438e+00 -1.259477043151855469e+01 -1.401261234283447266e+01 -1.683976698244666476e-02 8.464479549298135896e-02 9.962688797929644124e-01
-5.836354446411132812e+01 4.212390899658203125e+00 8.555457115173339844e+00 -9.143429083388152634e-01 9.165697555861142265e-02 -3.944312928787028216e-01
5.007852554321289062e+01 -3.008723974227905273e+00 -4.729700088500976562e-02 -9.597402657053254460e-01 6.071055377007365805e-02 2.742496144843272754e-01
2.017756843566894531e+01 -6.018540954589843750e+01 1.565281486511230469e+01 2.646057790286280298e-01 -8.165190103618057416e-01 -5.131086506992746932e-01
-5.113543033599853516e+00 -3.326879119873046875e+01 -1.991105461120605469e+01 -8.872383771764730254e-02 -3.733674917988449860e-01 -9.234309918388552418e-01
1.322429847717285156e+01 -2.579167175292968750e+01 -1.355056953430175781e+01 -5.202747282747622465e-02 8.298235690553257271e-02 9.951919767128295513e-01
-3.645605850219726562e+01 -4.005191421508789062e+01 -3.303244113922119141e+00 -6.034836325925664324e-01 -6.726770786687649162e-01 -4.281507363377253239e-01
-3.116642379760742188e+01 8.637232780456542969e+00 -1.315477371215820312e+01 1.607831782048173841e-01 -1.052686791053601273e-01 9.813599109428562395e-01
-3.962444686889648438e+01 -2.180647087097167969e+01 -7.976377964019775391e+00 5.493719862641317508e-01 3.475875660860835992e-01 7.598508436598297999e-01
1.419552230834960938e+01 -5.159466934204101562e+01 5.372369766235351562e+00 -2.370889682620706540e-01 8.077716160635252107e-01 5.397164416715015678e-01
4.701822662353515625e+01 -3.149699592590332031e+01 1.015213489532470703e+01 -6.456915485546478317e-01 4.347364689874083643e-01 6.277631931369189733e-01
3.867349147796630859e+00 -4.741959762573242188e+01 -1.212306976318359375e+01 8.339666518072956503e-02 -7.312689506038245746e-01 -6.769717262334626895e-01
1.514989089965820312e+01 1.036933326721191406e+01 -1.973297119140625000e+01 1.499552086378866042e-02 1.531691880406042539e-01 -9.880861977525066120e-01
-2.150863838195800781e+01 -5.553403854370117188e+01 7.627821922302246094e+00 -3.242970119442600274e-01 -8.318966824513718272e-01 -4.503102905446710325e-01
-1.435227775573730469e+01 -4.901291656494140625e+01 -8.552523612976074219e+00 -1.861829078845464169e-01 -7.977891624325865738e-01 -5.734704675192667800e-01
-1.639351654052734375e+01 -2.510789489746093750e+01 -2.108188629150390625e+01 1.393561892933679880e-02 -1.002935377465046934e-01 -9.948602941173936287e-01
3.900983047485351562e+01 -8.703452110290527344e+00 -1.624879264831542969e+01 -7.507405861560074133e-03 -2.291011067268025614e-01 -9.733736804299691903e-01
-4.533115386962890625e+01 -3.671940231323242188e+01 5.809749126434326172e+00 -7.370846939338769888e-01 -6.094834608248695940e-01 -2.919521620905430326e-01
-2.794867706298828125e+01 -2.883148002624511719e+01 -1.041027832031250000e+01 2.397147639042449818e-01 2.223260764262407763e-01 9.450438866567232310e-01
7.789815902709960938e+00 -2.793946456909179688e+01 -1.354788684844970703e+01 -8.706829955860910519e-02 1.008578771049930684e-01 9.910836492636967421e-01
-1.711750984191894531e+00 1.755487442016601562e+01 -1.410212516784667969e+01 1.424881954523314100e-02 -5.358099230456384032e-02 9.984618412364217876e-01
3.782785797119140625e+01 -4.413390731811523438e+01 1.247194766998291016e+01 -5.901107104286693605e-01 6.315097488986647356e-01 5.029560482619893635e-01
-4.314037322998046875e+01 2.372523307800292969e+01 -1.416594028472900391e+00 7.960628804140019721e-01 -4.242248371045453936e-01 4.316447358773004006e-01
-3.774052429199218750e+01 -4.039670944213867188e+01 8.441202163696289062e+00 5.742155209452297626e-01 6.316096970445143066e-01 5.209085582949614102e-01
4.778231430053710938e+01 -4.039476013183593750e+01 1.837646484375000000e+01 -4.754780843077722752e-01 3.473879864042241361e-01 8.082339873112424078e-01
-4.570122909545898438e+01 -1.819399070739746094e+01 -2.998552083969116211e+00 8.075373053001546619e-01 3.451313220796924375e-01 4.782968440917086950e-01
1.383813762664794922e+01 -5.517690181732177734e+00 -1.476997280120849609e+01 -8.264296301834202219e-02 2.825806663284264122e-02 9.961785092711660239e-01
2.309921646118164062e+01 1.565161323547363281e+01 -1.531809234619140625e+01 4.467886917108657707e-01 8.345323373430455494e-01 3.223905130242610828e-01
1.640989685058593750e+01 2.055129051208496094e+00 -1.479936695098876953e+01 -3.317665427015258073e-02 -4.905293458837788056e-02 9.982450196318071178e-01
2.407259941101074219e+01 -5.009113693237304688e+01 8.648919105529785156e+00 -4.721921100161047269e-01 7.013241755850652126e-01 5.340215463616309055e-01
-4.922523117065429688e+01 -1.251395940780639648e+00 -2.570858001708984375e+00 8.492202070324269547e-01 -7.867999886728888059e-02 5.221441350298261508e-01
3.070528221130371094e+01 -4.403253936767578125e+01 5.960186004638671875e+00 -4.038173634501990850e-01 6.980788219719833432e-01 5.912846144542727167e-01
-3.648270130157470703e+00 -6.242851638793945312e+01 1.299637222290039062e+01 -3.464554545474785030e-02 -9.628292086923896376e-01 -2.678798257968114660e-01
-3.924831008911132812e+01 4.650443267822265625e+01 1.444217300415039062e+01 -5.549571592766420203e-01 6.888299242423533419e-01 -4.664074257940942769e-01
-4.629134750366210938e+01 1.613967895507812500e+01 -1.992948055267333984e+00 8.167085065134790378e-01 -2.850379526400115826e-01 5.017375618222270628e-01
-1.599145412445068359e+01 -7.133339881896972656e+00 -1.458714389801025391e+01 4.311447877411847540e-02 6.333555849021954565e-02 9.970605542045919423e-01
2.115625381469726562e+01 2.256905078887939453e+00 -1.947151947021484375e+01 1.136671085878693168e-03 -1.136312397066869678e-01 -9.935223446614395160e-01
-2.293595314025878906e+01 -6.965540885925292969e+00 -2.113022613525390625e+01 3.754140962916348995e-02 -1.346763418946871592e-02 -9.992043161397942130e-01
-1.616060447692871094e+01 -2.874553871154785156e+01 -1.224801254272460938e+01 8.520466540334255268e-02 2.158203937981386655e-01 9.727084468710657239e-01
-5.364521408081054688e+01 2.288813400268554688e+01 1.711825180053710938e+01 7.744569309819945291e-01 -4.152366255153317476e-01 4.772787517631494891e-01
-5.218600082397460938e+01 -2.183143424987792969e+01 1.147602939605712891e+01 8.355584246343376043e-01 2.602720256359511430e-01 4.838394275934349564e-01
-2.535857391357421875e+01 4.362586021423339844e+00 -1.385789108276367188e+01 8.963903564195997709e-03 -7.200854186813970825e-02 9.973637342168182318e-01
2.462488365173339844e+01 -3.046659469604492188e+01 -1.105724525451660156e+01 -3.213056426818356459e-01 3.525396871345317096e-01 8.789075338031294704e-01
-2.983051300048828125e+01 -1.528415298461914062e+01 -1.287941932678222656e+01 1.740745428783437576e-01 6.697405472527158399e-02 9.824523039391540591e-01
4.232603454589843750e+01 -4.281365871429443359e+00 -8.910829544067382812e+00 -5.635424978127939744e-01 7.565175490884223919e-02 8.226157457392421213e-01
-4.533303451538085938e+01 3.591908645629882812e+01 1.648952674865722656e+01 6.565860081191979836e-01 -5.569818011003880853e-01 5.085922602488796018e-01
-3.450861358642578125e+01 1.353448390960693359e+01 -1.805525779724121094e+01 -2.728169784606935822e-01 1.296601683597347621e-01 -9.532885906190751157e-01
-7.651186943054199219e+00 -5.528228759765625000e+01 9.278539657592773438e+00 8.619135093162859362e-02 8.408555068209556671e-01 5.343529429819344756e-01
1.917908477783203125e+01 -3.699887084960937500e+01 -1.024202346801757812e+01 -9.386251065458229847e-01 2.390739655755313442e-01 2.486494487141126530e-01
-3.207726287841796875e+01 2.287882423400878906e+01 -1.019159030914306641e+01 3.054237343404776484e-01 -2.773640007416316444e-01 9.109256575561551772e-01
-6.005640792846679688e+01 1.489921569824218750e+01 2.078761863708496094e+01 3.959965439670109499e-01 -5.165140697018531096e-02 9.167981617150982032e-01
2.381694221496582031e+01 1.215320006012916565e-01 -1.382380008697509766e+01 3.697908621214736347e-02 6.736847663066999892e-02 9.970426447947837723e-01
-2.211325454711914062e+01 -5.018151092529296875e+01 7.210937023162841797e+00 3.746634377722200537e-01 7.604321840420228407e-01 5.304434011935494908e-01
-4.166827774047851562e+01 -3.127813911437988281e+01 5.134999752044677734e-01 1.053219727704925446e-01 9.214435540863938900e-01 3.739639804638494880e-01
4.398218536376953125e+01 1.786972999572753906e+00 -1.158572196960449219e+01 9.009570339152210838e-01 3.804363403462620585e-01 -2.086734625740179483e-01
-1.939468765258789062e+01 -4.811303329467773438e+01 1.796911001205444336e+00 2.972768939271646649e-01 8.458072650307397744e-01 4.429859125956911448e-01
-2.225601196289062500e+01 4.174041748046875000e+01 -4.674455165863037109e+00 5.022433215557329245e-01 -4.996471585451613961e-01 7.057650904588658181e-01
-4.021875000000000000e+01 -4.223678112030029297e+00 -1.701966667175292969e+01 -4.401981059986322387e-01 -4.947223005734058959e-02 -8.965367398653391051e-01
-5.271611022949218750e+01 8.067935943603515625e+00 -3.324619054794311523e+00 -9.266144056572385157e-01 1.618227387992001443e-01 -3.394099946024105030e-01
-3.673200225830078125e+01 4.850539016723632812e+01 2.031194877624511719e+01 4.322907112491984893e-01 -4.364112348558701338e-01 7.890944018678858196e-01
