-4.453456497192382812e+01 3.308743286132812500e+01 6.513458251953125000e+00 -6.889606285452730683e-01 4.676444696495717368e-01 -5.537525641662286446e-01
5.176409530639648438e+01 -2.336656570434570312e+01 4.514376163482666016e+00 8.682113305639178602e-01 -4.813375207146811663e-01 -1.205125579874364028e-01
-3.053124618530273438e+01 -5.388254165649414062e+01 2.090122604370117188e+01 -3.387718100633278495e-01 -9.133523140124703010e-01 2.258787533046932305e-01
3.060065078735351562e+01 5.505956649780273438e+01 1.701428031921386719e+01 9.539599738979260835e-01 2.519946034872195817e-01 1.626624972573185168e-01
-6.364167213439941406e+00 -1.109047508239746094e+01 -2.109565734863281250e+01 5.627860435683756241e-02 6.589105374067429077e-02 -9.962384693077205311e-01
-6.141800308227539062e+01 -1.380682563781738281e+01 1.644140815734863281e+01 -9.473048465292017717e-01 -3.030424058791768016e-01 1.038211345596144752e-01
3.356280899047851562e+01 1.805392646789550781e+01 -1.604615783691406250e+01 5.037384798014314935e-01 2.977080639388779981e-01 -8.109361581734456648e-01
1.205457019805908203e+01 -4.997251510620117188e+01 -4.172869920730590820e-01 5.858084319327167000e-01 -7.530484470379643636e-01 2.995772312613922406e-01
-3.592103004455566406e+00 4.326440811157226562e+01 -1.021618843078613281e+01 -7.166779818773226507e-02 7.457305577463693158e-01 -6.623818097941785998e-01
-4.152764892578125000e+01 4.714559912681579590e-01 -1.265575504302978516e+01 -7.018201511740629339e-01 2.758947236242539902e-02 -7.118197078058308147e-01
-1.986208152770996094e+01 5.896900939941406250e+01 1.916345024108886719e+01 -4.582759145790353261e-01 4.106806919541683976e-01 7.882414321594584106e-01
-3.114235496520996094e+01 -3.351957321166992188e+01 -8.479297637939453125e+00 -5.651579087207684315e-01 -5.903611092342434530e-01 -5.762554111798701140e-01
2.831236648559570312e+01 -1.631094360351562500e+01 -2.063137054443359375e+01 3.415697827983145696e-01 -1.180634445034410424e-01 -9.324114470292045320e-01
-1.750441551208496094e+01 1.788585281372070312e+01 -2.158500671386718750e+01 -1.959115788507867842e-02 -8.637851617123972143e-04 -9.998077017146429490e-01
-6.066583633422851562e+01 1.383549022674560547e+01 1.824023056030273438e+01 -6.835717479854946932e-01 1.967778505569337255e-01 7.028571283598455954e-01
2.367760848999023438e+01 4.195458602905273438e+01 -6.246625900268554688e+00 3.525874553319504057e-01 6.558165545511741579e-01 -6.675228334065934632e-01
-5.553068161010742188e+00 -3.767983245849609375e+01 -1.669376754760742188e+01 -1.280680022583716438e-01 -6.210316021018870147e-01 -7.732517933948250821e-01
5.114962005615234375e+01 1.877228021621704102e+00 -4.085302829742431641e+00 7.324012812486859758e-01 6.515916356161312040e-01 -1.975264630888182438e-01
7.836823940277099609e+00 1.105553913116455078e+01 -1.657061386108398438e+01 -8.169761449771242856e-02 -1.199751244538634493e-01 9.894096569660432161e-01
5.108823776245117188e+00 5.839832305908203125e+01 9.932315826416015625e+00 4.969318529177885885e-02 7.665571460508646684e-01 -6.402505206354073275e-01
-4.713525009155273438e+01 -3.541187667846679688e+01 1.233336448669433594e+01 -8.439580837502249633e-01 -5.791367801364180612e-02 -5.332736246727195484e-01
-1.302224445343017578e+01 -5.196635818481445312e+01 2.805726051330566406e+00 -2.669538695472771783e-01 -8.592082357869297304e-01 -4.364594357894523990e-01
3.133074378967285156e+01 -3.678023529052734375e+01 -7.657784938812255859e+00 9.407087359809713778e-01 -1.351439027696417772e-01 3.111321256207287278e-01
-2.637062835693359375e+01 3.613580322265625000e+01 -8.878696441650390625e+00 -4.732442038828671982e-01 6.612149268688009007e-01 -5.820951330986692263e-01
-4.735173034667968750e+01 -1.726115608215332031e+01 -4.921579957008361816e-01 -7.565572386048067255e-01 -3.117126283198443648e-01 -5.748533570055969211e-01
-2.794930076599121094e+01 -1.515338611602783203e+01 -2.004942893981933594e+01 -4.397008617819555543e-01 -2.842292702225042711e-01 -8.519840808941140375e-01
-3.809280395507812500e+01 4.848463058471679688e+01 1.932301712036132812e+01 -2.944440289731048987e-01 5.005650383979860507e-01 8.140868234627729461e-01
9.585970878601074219e+00 -2.332849884033203125e+01 -1.424336051940917969e+01 -1.476975426154815592e-03 6.215744275298449445e-02 9.980652638249665198e-01
1.091678333282470703e+01 3.139511299133300781e+01 -1.903019905090332031e+01 2.466613869319274344e-01 6.257270377180103038e-01 -7.400161041933218664e-01
-4.991427230834960938e+01 1.404744529724121094e+01 5.095980167388916016e-01 -9.035681244299944570e-01 2.133101277199722090e-01 -3.715688818054482812e-01
-3.621461105346679688e+01 1.951156806945800781e+01 -1.300447940826416016e+01 -5.182156425122479426e-01 3.268546304517853107e-01 -7.903281586833692529e-01
-1.756973838806152344e+01 4.996400833129882812e+01 1.847935914993286133e+00 -2.748447145605530384e-01 8.074287833192107522e-01 -5.220336605486153303e-01
2.434484863281250000e+01 1.323534965515136719e+00 -1.396487808227539062e+01 -9.435269073275280582e-02 1.813885803534298971e-02 9.953735738810143285e-01
4.396509170532226562e+01 -1.453735923767089844e+01 -1.014274024963378906e+01 6.487627475640285191e-01 -2.131249730851687008e-01 -7.305372291817979757e-01
-1.994753265380859375e+01 7.623209953308105469e-01 -1.488318920135498047e+01 2.025938873337670698e-01 -7.242967913119691299e-03 9.792360574605095680e-01
-2.989569854736328125e+01 -4.535993576049804688e+01 5.056693077087402344e+00 -4.914469997427467485e-01 -7.228952709914268082e-01 -4.856977183620326821e-01
-5.238673782348632812e+01 -2.040869951248168945e+00 7.016631126403808594e+00 8.189076572646121210e-01 7.996896239359296832e-02 5.683266788802693315e-01
1.063745403289794922e+01 -6.938775062561035156e+00 -2.088989067077636719e+01 -9.304613622594781058e-03 2.466414687542103565e-02 -9.996524916310877140e-01
1.547161102294921875e+01 -3.957509613037109375e+01 -1.388337421417236328e+01 2.750262283045791234e-01 -6.426704628128881991e-01 -7.150770937265613636e-01
-4.745020866394042969e+00 2.645068740844726562e+01 -1.382642555236816406e+01 -2.977481042706842107e-03 -1.806847991464262948e-01 9.835365463286332988e-01
3.544709014892578125e+01 2.990280532836914062e+01 -3.976789951324462891e+00 7.472265966197101372e-01 -2.761883921545647547e-01 6.044604084166319558e-01
-1.503127956390380859e+01 -2.400078201293945312e+01 -1.389222145080566406e+01 4.228508918183784826e-03 5.998566781116623781e-02 9.981902821454320396e-01
-5.453376770019531250e+01 2.911442184448242188e+01 1.895982551574707031e+01 -5.119060216024049481e-01 2.730470997564483637e-01 8.144921769801046763e-01
9.168230056762695312e+00 4.635661697387695312e+01 -2.635880112648010254e-01 -1.160221252258362978e-01 -7.359186260097075882e-01 6.670552018761748414e-01
-3.236560058593750000e+01 4.380341720581054688e+01 4.425681114196777344e+00 -5.234619395279255238e-01 6.624619997154430617e-01 -5.358467101687559575e-01
4.009066009521484375e+01 -3.057599999010562897e-02 -1.534537506103515625e+01 3.642759144417982431e-01 -1.282239263597913063e-02 -9.312027944570829829e-01
-6.240868091583251953e+00 5.521990776062011719e+00 -2.113129425048828125e+01 -3.358344703215597471e-02 -9.308657914277652934e-02 -9.950914736188498644e-01
-1.679820060729980469e+01 -3.939965438842773438e+01 -5.821995735168457031e+00 3.244716254496101127e-01 7.092769125283823195e-01 6.258150091139501603e-01
4.185860443115234375e+01 -3.488636398315429688e+01 3.187774896621704102e+00 -4.485492401136639273e-01 -8.461570923119177134e-01 2.877876896666977102e-01
-1.718598008155822754e+00 -4.796937942504882812e+01 -6.292194843292236328e+00 -6.223938523252532662e-02 -8.637168058233635204e-01 -5.001195239781822677e-01
1.954743576049804688e+01 1.940788078308105469e+01 -2.097017288208007812e+01 -1.422420185428084349e-01 8.117108893834557026e-02 -9.864980803232363815e-01
2.199276924133300781e+01 5.120290374755859375e+01 5.509809017181396484e+00 3.246292492647496752e-01 7.946662137390708702e-01 -5.129536619066230596e-01
1.690671730041503906e+01 6.053367233276367188e+01 1.863677787780761719e+01 2.705762886781497012e-01 2.840665360731165490e-01 9.198340475806380256e-01
-5.592130184173583984e+00 6.236531448364257812e+01 1.907748985290527344e+01 -3.908329379817793853e-02 4.411686443338722619e-01 8.965727652580678386e-01
-3.514043807983398438e+01 -1.951561355590820312e+01 -8.071618080139160156e+00 5.993451923755686028e-01 2.852394321521412035e-01 7.479463929465912653e-01
-3.148467254638671875e+01 7.766677856445312500e+00 -1.999463844299316406e+01 -4.334260047974752283e-01 1.037400340553179534e-01 -8.951982482665503671e-01
-2.433831930160522461e+00 -2.472109794616699219e+01 -2.171926689147949219e+01 2.516816723117752674e-02 8.814574258727204958e-02 -9.957895819006954419e-01
-3.964810562133789062e+01 -2.889047431945800781e+01 2.099040031433105469e+00 6.806740924278706917e-01 4.710208130190365328e-01 5.610901653035635928e-01
2.554727172851562500e+01 3.041212844848632812e+01 -1.425676345825195312e+01 2.363019329598856078e-01 2.111968144666147573e-01 -9.484499470391551945e-01
-4.235121154785156250e+01 -4.626270675659179688e+01 1.999808502197265625e+01 -5.454904539419375142e-01 -5.979817881943145785e-01 5.872460690767959957e-01
-1.753810501098632812e+01 -5.530990600585937500e+01 1.569058227539062500e+01 8.767681362423916935e-01 -3.071250821701869138e-01 3.700700192828363377e-01
-3.623980045318603516e+00 5.204236602783203125e+01 8.404499888420104980e-01 -1.201202106475275089e-01 7.997689418804081463e-01 -5.881673015371441382e-01
-6.269567871093750000e+01 1.181240007281303406e-01 1.641073417663574219e+01 -9.697907820172233517e-01 5.010135059653287454e-02 -2.387377091764633918e-01
2.301674652099609375e+01 -2.703563499450683594e+01 -1.325848102569580078e+01 -1.527343371326971566e-01 1.186647589061334690e-01 9.811171679541567103e-01
-5.159751510620117188e+01 -2.231243705749511719e+01 1.167677402496337891e+01 6.090057078580353167e-01 2.179920846377625954e-01 7.626214649690997716e-01
-1.706399917602539062e+01 3.094949913024902344e+01 -1.762546920776367188e+01 -3.297093572558154606e-01 5.493219845970722659e-01 -7.678131914575908601e-01
-3.531867599487304688e+01 2.815401268005371094e+01 -2.269093036651611328e+00 5.481936985584298094e-01 -4.703202330258367536e-01 6.915797475832791141e-01
5.091281509399414062e+01 -1.035239505767822266e+01 1.433310985565185547e+00 1.508851499931072593e-01 1.714604896543708845e-01 9.735681650501114559e-01
3.641601943969726562e+01 -2.530964469909667969e+01 -1.244253063201904297e+01 5.976329255191155099e-01 -3.985750356074296286e-01 -6.956815559765828771e-01
3.235042190551757812e+01 4.353960418701171875e+01 3.383377075195312500e+00 8.568226996856366240e-01 1.367353867069500128e-01 4.971501738162406037e-01
-4.738240051269531250e+01 3.978254699707031250e+01 1.725321197509765625e+01 -6.955993192120731861e-01 5.927131299866046366e-01 -4.059959761539302381e-01
-1.462537193298339844e+01 3.961720657348632812e+01 -5.056943893432617188e+00 2.462584105513254962e-01 -6.811305785866915707e-01 6.895055693371110461e-01
-1.716960144042968750e+01 -1.159824752807617188e+01 -1.456430053710937500e+01 2.025894649756659616e-01 1.556288422188037701e-01 9.668180656930797090e-01
-2.839371871948242188e+01 5.280704879760742188e+01 1.226455402374267578e+01 -4.042207497487199652e-01 7.587342618320689347e-01 -5.108110270880302783e-01
8.976798057556152344e+00 4.118024063110351562e+01 -1.158340454101562500e+01 1.419858188368483543e-01 6.542625171831283337e-01 -7.428193494103573213e-01
-5.208849716186523438e+01 1.962235832214355469e+01 1.134114265441894531e+01 7.645973995409311996e-01 -2.746173141349378954e-01 5.830747356836500916e-01
2.236065673828125000e+01 -4.475000762939453125e+01 -4.775763034820556641e+00 4.485355500728298583e-01 -8.609924322360945625e-01 -2.398080314606622632e-01
-4.804821777343750000e+01 -5.476452827453613281e+00 -3.958187103271484375e+00 -8.383755931634627734e-01 -1.243586409117210384e-01 -5.307177151917971125e-01
-1.086154842376708984e+01 5.461202621459960938e+01 1.114428043365478516e+01 1.306268357032131788e-01 -8.817267742065736380e-01 4.533150399462120284e-01
1.800148773193359375e+01 -1.432109451293945312e+01 -1.427460861206054688e+01 -7.056539858653523845e-02 6.122101457331229762e-02 9.956266930415926808e-01
-1.881465911865234375e+00 1.695339965820312500e+01 -2.095812225341796875e+01 2.735261187470276051e-02 1.454017296897728261e-02 -9.995200938418717929e-01
-2.441025733947753906e+01 2.250676727294921875e+01 -1.264764785766601562e+01 3.048090037250642537e-01 -3.575567531292413448e-01 8.827483443993585643e-01
-3.075400543212890625e+01 -5.133751869201660156e+00 -1.356624794006347656e+01 1.511506440145409247e-01 2.031822702806933972e-02 9.883019035013670406e-01
5.921447753906250000e+00 -3.397824478149414062e+01 -1.892129898071289062e+01 1.089808404980460860e-01 -4.632126446994460633e-01 -8.795210186202967462e-01
-4.070927047729492188e+01 1.059283733367919922e+01 -6.313665866851806641e+00 7.103237431914120048e-01 -1.861758176781709295e-01 6.788068538033522614e-01
4.198522949218750000e+01 -2.375465202331542969e+01 -2.154300928115844727e+00 -6.634928466812725079e-01 3.934615492992591945e-01 6.363688015811334031e-01
-2.622770881652832031e+01 -2.623446464538574219e+01 -1.659705734252929688e+01 -4.372877559466532005e-01 -4.367203991928249041e-01 -7.861645574738155284e-01
3.164980888366699219e+01 -7.809040069580078125e+00 -1.331779575347900391e+01 4.390597041969840353e-02 -2.675773579553266876e-02 9.986772698607899734e-01
3.224856567382812500e+01 7.235931873321533203e+00 -2.005653953552246094e+01 -1.280277193856604323e-01 -1.937669241463943481e-01 -9.726578443500839555e-01
-5.629202270507812500e+01 8.722788810729980469e+00 8.862047195434570312e+00 -6.958519913254848088e-01 8.577617139379070665e-02 -7.130444969210409933e-01
5.940581798553466797e+00 2.222563362121582031e+01 -1.411085891723632812e+01 -9.670615092103834742e-02 -1.850428422311554133e-01 9.779606673650290682e-01
5.665199756622314453e-01 -2.805224895477294922e+00 -1.737240982055664062e+01 6.370066967958060156e-02 6.898808200592820850e-02 9.955816738085913054e-01
1.541511535644531250e+01 3.540616035461425781e+00 -2.068265914916992188e+01 1.037591804021907420e-02 1.408523053617043055e-04 -9.999461587932875206e-01
1.692391991615295410e+00 -5.187277221679687500e+01 3.819170951843261719e+00 -1.691357079571486344e-01 -5.350456509508449976e-01 8.277193145580334921e-01
-4.132838058471679688e+01 -1.072773551940917969e+01 -1.141975021362304688e+01 -6.594582254550201972e-01 -2.352786610588467331e-01 -7.139739494757998406e-01
3.288718938827514648e+00 -1.401122379302978516e+01 -1.609555244445800781e+01 1.634133916725430402e-02 5.998953451196360059e-02 9.980652365368001266e-01
1.763174057006835938e+01 -2.242012214660644531e+01 -2.196433258056640625e+01 8.535700687769021437e-04 -1.335391922074739054e-03 -9.999987440724873444e-01
-4.552479934692382812e+01 2.425090980529785156e+01 -1.593080013990402222e-01 -8.144048238158553277e-01 4.279116342798317540e-01 -3.919648149941893922e-01
-1.641762161254882812e+01 -3.483113861083984375e+01 -1.597179889678955078e+01 -3.055114944618314565e-01 -5.642597247863926357e-01 -7.669900193194711946e-01
7.723249793052673340e-01 3.560800933837890625e+01 -1.694797897338867188e+01 6.208090463433940838e-03 6.408448294945872092e-01 -7.676453374592014933e-01
-3.727396011352539062e+01 -4.064826202392578125e+01 1.191545391082763672e+01 5.205763763301159974e-01 7.045015161661370984e-01 4.823669247850847497e-01
2.421929740905761719e+01 1.237670135498046875e+01 -1.385781860351562500e+01 -5.651940883117782810e-02 8.814264896878349839e-03 9.983625920274166177e-01
5.246347904205322266e+00 -4.017311477661132812e+01 -9.878905296325683594e+00 -1.464708878007200954e-02 7.264867474781830925e-01 6.870243580316781618e-01
-2.281069755554199219e+01 1.136916160583496094e+01 -1.436351966857910156e+01 9.098319942092752965e-02 -4.262533703044956573e-02 9.949397660492680373e-01
2.268769836425781250e+01 -6.915060043334960938e+00 -2.095228767395019531e+01 -3.600998980428819080e-02 5.195609597749238640e-02 -9.979999222069472209e-01
-5.401125717163085938e+01 -1.248267269134521484e+01 8.285284042358398438e+00 -6.900759780525298481e-01 -2.220414542732420116e-01 -6.888343321140927289e-01
1.671381568908691406e+01 3.415096282958984375e+01 -9.607650756835937500e+00 -2.390719475972053198e-01 -6.354930678538038835e-01 7.341615384789915710e-01
-1.017759799957275391e+01 1.349789810180664062e+01 -1.546133232116699219e+01 8.962427368587067011e-02 -8.141629361067100057e-02 9.926423709982266086e-01
-4.700219726562500000e+01 4.202147006988525391e+00 -5.557749867439270020e-01 7.130996781333380774e-01 -9.319297225642712845e-02 6.948409306943154062e-01
-3.873443603515625000e+01 4.007489013671875000e+01 1.165062332153320312e+01 5.808859837385801361e-01 -6.358948646891428025e-01 5.081428883277209207e-01
-3.513801193237304688e+01 -3.792971801757812500e+01 5.520600080490112305e-02 -5.283432810053522166e-01 -5.604510905029642664e-01 -6.377679457063811785e-01
-2.358621978759765625e+01 4.077466201782226562e+01 -4.223399981856346130e-02 4.119294970284777535e-01 -6.342043008923805569e-01 6.542927435081885568e-01
-1.255543804168701172e+01 -2.854844093322753906e+00 -2.112171745300292969e+01 -2.560172178344312030e-02 6.753760952165398235e-02 -9.973882008234424834e-01
3.711703872680664062e+01 9.615750312805175781e+00 -1.129468441009521484e+01 4.844521190083209694e-01 -2.766451315749990456e-03 8.748134036098585975e-01
-2.440812873840332031e+01 -5.554361820220947266e+00 -2.168604087829589844e+01 4.561063916655524672e-03 1.227861308483879296e-02 -9.999142124985828106e-01
4.369300460815429688e+01 -4.796383857727050781e+00 -6.844316005706787109e+00 -6.956501030339994340e-01 4.331955944668251790e-02 7.170734620093894840e-01
-2.129262733459472656e+01 -4.681874465942382812e+01 -3.960199952125549316e-01 -2.905720968008203564e-01 -6.809178715547624661e-01 -6.722489931253944340e-01
-2.530847167968750000e+01 -4.904734802246093750e+01 1.351565551757812500e+01 4.000365737786032438e-01 8.510509014482702250e-01 3.401221880200739900e-01
-1.853971099853515625e+01 -1.869292831420898438e+01 -2.186559104919433594e+01 1.176995886051263387e-02 -6.164459812996696264e-02 -9.980287629070700994e-01
1.413977527618408203e+01 5.408082199096679688e+01 1.128071880340576172e+01 -1.665790474017010414e-01 -8.573713871093823213e-01 4.869966381124981591e-01
6.974215030670166016e+00 6.235717010498046875e+01 1.903008460998535156e+01 9.257316245077144845e-02 3.319739064453089972e-01 9.387350718031708396e-01
-1.609336090087890625e+01 7.691763877868652344e+00 -2.121472740173339844e+01 -1.003674781880836697e-02 -1.410909031164460196e-02 -9.998500873950052492e-01
-9.177040100097656250e+00 3.667930603027343750e+01 -1.528442764282226562e+01 -1.350649093432234882e-01 6.179805575310981514e-01 -7.745046809268876231e-01
-6.472383975982666016e+00 -1.888533973693847656e+01 -1.472410774230957031e+01 1.077443724849755924e-01 2.838002445247566063e-01 9.528108791389333643e-01
1.611522483825683594e+01 2.498167419433593750e+01 -1.344015693664550781e+01 -7.873533361306170320e-02 -1.692228637993821727e-01 9.824277935850428412e-01
1.361461043357849121e+00 2.683487701416015625e+01 -2.142812919616699219e+01 -3.795137773234095319e-02 2.279373285453249048e-02 -9.990195887322598223e-01
-2.548922157287597656e+01 -3.814895629882812500e+01 -1.666655063629150391e+00 4.041476911351218337e-01 5.910801668911442874e-01 6.980607996858778641e-01
-1.055580806732177734e+01 2.467093086242675781e+01 -2.136760330200195312e+01 -3.860638937657133452e-02 5.099394613988443570e-03 -9.992414837634971958e-01
-3.185288047790527344e+01 2.857466506958007812e+01 -1.134134578704833984e+01 -5.310625743027986845e-01 4.641353111727705705e-01 -7.089082839813906078e-01
-6.407925128936767578e+00 -2.848869132995605469e+01 -1.377393913269042969e+01 -7.984374813063762830e-03 -2.025933613070668785e-02 9.997628764153966285e-01
-2.911982536315917969e+01 1.708280754089355469e+01 -1.914034652709960938e+01 -4.425944159263042188e-01 2.328668895332791366e-01 -8.659579636159883131e-01
1.560452461242675781e+01 -3.129583740234375000e+01 -1.878887176513671875e+01 2.070351575296670577e-01 -4.183000622210372721e-01 -8.843989492828122634e-01
-9.390840530395507812e+00 -4.373163223266601562e+01 -1.012904644012451172e+01 -1.823953026789186804e-01 -6.715163078086969772e-01 -7.181906445419914409e-01
3.106709480285644531e+01 -2.269366025924682617e+00 -2.103551483154296875e+01 3.039490925811995092e-01 -3.569069987710629666e-02 -9.520194972065160188e-01
3.655052947998046875e+01 -1.642330551147460938e+01 -1.588706302642822266e+01 5.454500648844458066e-01 -2.073064079788856373e-01 -8.121011512911713304e-01
-3.327067565917968750e+01 3.735246276855468750e+01 -2.505294084548950195e+00 -4.936402395495875783e-01 5.793709755238891645e-01 -6.485742722448392117e-01
2.912846755981445312e+01 4.800668716430664062e+01 1.098261451721191406e+01 -4.166514627936417914e-01 -7.450859790576251918e-01 5.208151710191039063e-01
-1.046610069274902344e+01 4.787326049804687500e+01 -3.912410974502563477e+00 -1.455494858829586013e-01 8.026066967030720534e-01 -5.784788998456117382e-01
3.900582504272460938e+01 -3.201218032836914062e+01 -5.251269817352294922e+00 5.238065911633772442e-01 -6.297106291659702038e-01 -5.736646917574764748e-01
3.072047996520996094e+01 2.412402725219726562e+01 -9.615396499633789062e+00 -5.006345087126101712e-01 -4.314174799211484834e-01 7.504958672135170206e-01
1.076763343811035156e+01 -1.616415023803710938e+01 -2.108941268920898438e+01 1.224416265519296006e-02 6.286874199891592796e-02 -9.979466928450371199e-01
2.233638763427734375e+01 -3.554990005493164062e+01 -9.288215637207031250e+00 -3.866045026422079145e-01 5.985009013326566540e-01 7.016648983957858299e-01
2.704686164855957031e+01 3.342725753784179688e+01 -5.699810981750488281e+00 -4.264906343727620786e-01 -5.674148253687675281e-01 7.043764297192588453e-01
-1.987298011779785156e+01 5.465307617187500000e+01 9.447376251220703125e+00 -2.878202855735514376e-01 7.531283973696878409e-01 -5.915717203245308697e-01
6.279407978057861328e+00 3.243995904922485352e+00 -2.117614364624023438e+01 1.792866736938222155e-02 2.206575457538140911e-02 -9.995957509720502232e-01
-3.452610397338867188e+01 -4.913523483276367188e+01 1.418613243103027344e+01 -4.296580758314546000e-01 -7.327641955312571564e-01 -5.276841589627656592e-01
4.897044372558593750e+01 -1.793146514892578125e+01 -3.233757019042968750e+00 7.550645788959551297e-01 -3.012156675516184934e-01 -5.823629480986122209e-01
-3.894477462768554688e+01 1.932769775390625000e+01 -4.337196826934814453e+00 6.180547485884022585e-01 -3.383513878965478394e-01 7.095961288337236939e-01
1.323829460144042969e+01 -4.259013748168945312e+01 -5.612106800079345703e+00 -2.006477339795000592e-01 7.649842267132056506e-01 6.119964213366696493e-01
-1.121588993072509766e+01 -2.704902458190917969e+01 -2.154608535766601562e+01 -1.959212060647056719e-01 -5.188560219352232883e-01 -8.321077511450704067e-01
1.798753929138183594e+01 4.767297744750976562e+01 -1.950568914413452148e+00 2.937795435450614723e-01 7.704904038910476149e-01 -5.657191152031771919e-01
-2.224764060974121094e+01 -3.219186401367187500e+01 -9.556592941284179688e+00 4.233295357623749755e-01 5.473936185523379239e-01 7.219088103904741649e-01
-1.536423206329345703e+01 2.240315246582031250e+01 -1.406893825531005859e+01 7.711826093732628007e-02 -1.332531177438249226e-01 9.880771125987855008e-01
2.266579437255859375e+01 5.662439346313476562e+01 1.268272972106933594e+01 2.775832012713868591e-01 7.878791559306673742e-01 -5.497217496351293198e-01
4.477944564819335938e+01 5.095252037048339844e+00 -9.574765205383300781e+00 1.074068473622884906e-01 9.616146151845812451e-01 2.525096057640253688e-01
-5.121782302856445312e+01 2.850334358215332031e+01 1.047909069061279297e+01 -6.915248620882303854e-01 3.763389790920579903e-01 -6.165730596853882250e-01
-2.430018997192382812e+01 4.690285873413085938e+01 6.918919086456298828e+00 3.795082704260697715e-01 -6.790909989738480590e-01 6.283381953939407571e-01
-3.375174713134765625e+01 1.094799327850341797e+01 -1.189557933807373047e+01 4.411162766320789741e-01 -1.820976318037221264e-01 8.787814762395296242e-01
1.846966028213500977e+00 4.811328887939453125e+01 -5.085804939270019531e+00 -6.293555453213058870e-01 7.035460319674441410e-01 -3.300523874723310103e-01
1.069865226745605469e+01 1.854619789123535156e+01 -2.072450637817382812e+01 9.059745623691510541e-02 -1.530067605837673664e-02 -9.957700488745163669e-01
-2.232063484191894531e+01 -1.875546455383300781e+01 -1.384404277801513672e+01 6.888672333990585039e-02 1.252265866518549250e-02 9.975458898554224740e-01
1.562603759765625000e+01 1.464675998687744141e+01 -1.449673175811767578e+01 -1.080164115881861869e-01 -9.934878999729952753e-02 9.891725192066771477e-01
-3.765216445922851562e+01 -2.781668663024902344e+01 -6.451312065124511719e+00 -7.254451313519947320e-01 -4.818523800121020106e-01 -4.914749691229043926e-01
2.906578063964843750e+01 -2.050469970703125000e+01 -1.294023418426513672e+01 -1.852593592455021310e-01 1.536566134250071103e-01 9.706021919214400384e-01
4.854450225830078125e+00 5.347830200195312500e+01 2.681061983108520508e+00 6.857188680747505760e-02 8.307852340483097286e-01 -5.523529589193471034e-01
-5.940055084228515625e+01 -6.473669052124023438e+00 1.168926906585693359e+01 -7.292622170861873254e-01 -7.695722797155307715e-02 -6.798927884552630196e-01
-4.671073150634765625e+01 -2.810838508605957031e+01 7.201089859008789062e+00 -6.865321315181336370e-01 -3.628254984401590444e-01 -6.301041898565808985e-01
2.352836608886718750e+01 7.040709972381591797e+00 -2.073091125488281250e+01 -3.300778976298002210e-02 -3.453824041480495211e-02 -9.988581459666893148e-01
-8.952862739562988281e+00 -4.555167007446289062e+01 -1.614597082138061523e+00 2.061768543474182536e-01 7.234459946910214434e-01 6.588755553948879573e-01
-3.522924900054931641e+00 5.931111145019531250e+01 1.091694164276123047e+01 -9.253732644964438037e-02 7.763604614877575028e-01 -6.234591221981342635e-01
1.676194953918457031e+01 -3.433064937591552734e+00 -1.564499378204345703e+01 -2.418036558626668053e-01 1.930705937722195648e-02 9.701330988424492485e-01
2.196711063385009766e+00 -2.789429092407226562e+01 -1.386935329437255859e+01 -2.824340563676697863e-02 1.091078751257903295e-01 9.936285934007595966e-01
4.007353591918945312e+01 -8.608150482177734375e+00 -1.505452346801757812e+01 5.932232577133315088e-01 -8.514500286081132241e-02 -8.005226386529081806e-01
-1.837588119506835938e+01 3.309037780761718750e+01 -9.413778305053710938e+00 2.983128399682294929e-01 -5.781383425226738204e-01 7.594507926226853334e-01
2.380474090576171875e+01 2.092183494567871094e+01 -1.349458885192871094e+01 -8.998443526480362498e-02 -8.801627639339663911e-02 9.920463378793933362e-01
-3.494949722290039062e+01 -1.482199096679687500e+01 -1.519408607482910156e+01 -6.588312728339781321e-01 -3.627048698237932967e-01 -6.590800644398718822e-01
1.414652919769287109e+01 4.067176437377929688e+01 -4.873209953308105469e+00 -1.979186027238709900e-01 -6.944815850532506385e-01 6.917539697882151284e-01
-3.515307235717773438e+01 4.779995727539062500e+01 1.141664600372314453e+01 -5.226298770875107413e-01 6.766956117636395707e-01 -5.185952762948453643e-01
3.353393173217773438e+01 3.808380508422851562e+01 -2.994678020477294922e+00 5.236694430043221660e-01 6.018034630922304284e-01 -6.029949471378192039e-01
5.988131999969482422e+00 -2.592849540710449219e+01 -2.141431617736816406e+01 3.340785272249680582e-01 5.759904272609533971e-01 -7.460741017827523525e-01
-2.469854354858398438e+01 3.016813039779663086e+00 -2.148773384094238281e+01 1.017453878591544486e-01 -8.200104430550820417e-03 -9.947766756095149931e-01
-5.814436721801757812e+01 2.181062698364257812e+01 1.690184974670410156e+01 -8.643349702221133635e-01 3.574712200452933586e-01 -3.537504573713903255e-01
6.698490142822265625e+00 -4.776612091064453125e+01 -6.556726932525634766e+00 7.147290873898583252e-02 -8.721301781840775647e-01 -4.840253873682636709e-01
-3.664465713500976562e+01 3.546375656127929688e+01 4.913414955139160156e+00 5.749660412224792960e-01 -5.699778543502859174e-01 5.869746987657937787e-01
2.409620475769042969e+01 4.350918579101562500e+01 2.023511886596679688e+00 -3.251805822851814298e-01 -7.023268523752191905e-01 6.332413294608837395e-01
-4.134803771972656250e+01 -3.586454772949218750e+01 6.336080074310302734e+00 -6.830415405545109397e-01 -5.564693580912583037e-01 -4.730709327177302637e-01
-3.503738403320312500e+01 5.431939959526062012e-01 -1.789705467224121094e+01 -6.319904278687082932e-01 2.285411211814476762e-02 -7.746391344630210174e-01
-1.975173187255859375e+01 -5.217470932006835938e+01 8.244807243347167969e+00 6.878092630051363399e-01 -3.362070185612021644e-01 -6.433375928659217369e-01
-5.544175148010253906e+00 3.132076454162597656e+01 -2.045196151733398438e+01 -8.727403528772377517e-02 6.423400071582618942e-01 -7.614345395163798491e-01
6.838342189788818359e+00 3.296932983398437500e+01 -1.200230693817138672e+01 -9.364290865357495497e-02 -4.440951786534575452e-01 8.910726558231106820e-01
3.252001190185546875e+01 2.504719972610473633e+00 -1.325695228576660156e+01 -6.868530233723051104e-02 -4.322612261138546880e-02 9.967014756519770868e-01
1.358473300933837891e+01 5.241290283203125000e+01 3.187398910522460938e+00 2.394605417848620077e-01 7.878628781752403665e-01 -5.673894025460175516e-01
-2.820068740844726562e+01 3.100640058517456055e+00 -1.402533531188964844e+01 1.415230769442629433e-01 -4.401715681608028841e-02 9.889558678717957907e-01
-4.041323471069335938e+01 -2.143152427673339844e+01 -2.011141061782836914e+00 6.319714110040084432e-01 3.215117002106757105e-01 7.051541408098254138e-01
3.025376319885253906e+01 -3.094034767150878906e+01 -1.342837905883789062e+01 4.122526089416287398e-01 -4.694333785649293378e-01 -7.808201390268671993e-01
-3.548530042171478271e-01 9.723908424377441406e+00 -1.727339935302734375e+01 4.160866392875735981e-02 -1.659912896406391114e-01 9.852490095653489988e-01
-2.275721549987792969e+01 -5.623443222045898438e+01 2.193015861511230469e+01 -1.196575710585020685e-01 -2.626366758133421575e-01 9.574466262962636476e-01
-4.794302749633789062e+01 -4.052229690551757812e+01 1.861537361145019531e+01 -6.579051213712320267e-01 -3.087208704986756924e-01 6.869150423393305394e-01
-2.464729118347167969e+01 3.043517875671386719e+01 -1.458738422393798828e+01 -3.955610713491167219e-01 5.416270821440670735e-01 -7.417354937720338492e-01
-2.982840919494628906e+01 -2.553048515319824219e+01 -9.223910331726074219e+00 5.430525036798971028e-01 3.870924779306691432e-01 7.451532673057870149e-01
-4.856941986083984375e+01 -9.973392486572265625e+00 2.850151062011718750e+00 8.056812380971761778e-01 1.876511106891457503e-01 5.618405496538420030e-01
2.700713157653808594e+01 1.617026329040527344e+01 -2.037048721313476562e+01 2.500143138878573312e-01 1.651102681548735351e-01 -9.540605023797021911e-01
-1.277326488494873047e+01 6.079463577270507812e+01 1.589170455932617188e+01 -1.620092836539926417e-01 8.492922262028215208e-01 -5.024497054645126193e-01
-2.163027954101562500e+01 2.448769378662109375e+01 -1.987038421630859375e+01 -4.487860348734989957e-01 3.589597777082265684e-01 -8.183758139694641276e-01
-1.061309432983398438e+01 -1.801739311218261719e+01 -2.147773742675781250e+01 6.358305819499537881e-02 4.750021877787656555e-02 -9.968454864855564868e-01
-2.507693481445312500e+01 -1.070043182373046875e+01 -1.400866508483886719e+01 9.597800241250042941e-02 5.388310825777663932e-02 9.939239577037001228e-01
-4.283361053466796875e+01 -1.154836845397949219e+01 -3.680670022964477539e+00 6.606632102365612713e-01 2.318095171172472047e-01 7.139947271610553869e-01
4.687629699707031250e+01 -2.881842231750488281e+01 1.515879988670349121e+00 7.230402085908981258e-01 -4.599569844564815879e-01 -5.154148127581612560e-01
-1.023725891113281250e+01 4.998395538330078125e+01 4.805326938629150391e+00 2.042807369102632165e-01 -7.287856603309563752e-01 6.535601286977136271e-01
2.578654098510742188e+01 -1.304873085021972656e+01 -1.358603191375732422e+01 -1.728915518952218178e-01 3.678915126756947956e-02 9.842535596238775053e-01
-5.476573944091796875e+00 -5.235332107543945312e+01 6.209380030632019043e-01 -9.680759578562024570e-02 -7.982312851467971981e-01 -5.945209035947354170e-01
-1.731409072875976562e+00 -4.298666381835937500e+01 -1.234784603118896484e+01 -4.293281177856363845e-02 -7.935635437375020418e-01 -6.069709018755049534e-01
-3.150144577026367188e+01 5.275495529174804688e+01 1.945714569091796875e+01 -1.487759522623454678e-01 2.584786623550749396e-01 9.544917480709633750e-01
4.913059616088867188e+01 -1.036247634887695312e+01 -6.119806766510009766e+00 8.155754753673578605e-01 -1.698296755211735898e-01 -5.531677189530145311e-01
2.916263103485107422e+00 4.057754516601562500e+01 -6.777196884155273438e+00 -2.804698620457353811e-02 -7.004556417036076343e-01 7.131446280877585808e-01
-1.209899616241455078e+01 3.179512023925781250e+00 -1.628109550476074219e+01 2.037888659661219182e-01 -3.173549748620382860e-02 9.785003609133442470e-01
3.850422286987304688e+01 -1.952609062194824219e+01 -7.745243072509765625e+00 -6.256494567894118619e-01 3.209905871428960222e-01 7.110047821110436761e-01
1.855663871765136719e+01 7.260206222534179688e+00 -1.470795822143554688e+01 -1.787643830545058987e-01 -4.875218807154415440e-02 9.826833261582180734e-01
-5.874624252319335938e+01 6.675192832946777344e+00 1.585419178009033203e+01 7.929737758926688196e-01 -1.540226881142947868e-01 5.894655225647810193e-01
1.718442344665527344e+01 -2.193160438537597656e+01 -1.395767688751220703e+01 -1.807507981270752712e-02 7.676960229262870528e-02 9.968850082399653978e-01
-1.402976036071777344e+00 -3.214063644409179688e+01 -2.011930274963378906e+01 5.651584871474266136e-02 -4.855334281413604680e-01 -8.723893906973826384e-01
-1.563997030258178711e+00 -1.713538932800292969e+01 -2.108491134643554688e+01 -5.181921435372307400e-02 8.925369365629387541e-02 -9.946600158810403602e-01
2.488185119628906250e+01 -2.303890037536621094e+01 -1.961779975891113281e+01 4.146351080821335522e-01 -4.550709714655681304e-01 -7.880280058951595334e-01
-1.908537673950195312e+01 -2.826824951171875000e+01 -1.876127433776855469e+01 -2.673678251004550366e-01 -3.841390996282025294e-01 -8.837146588338830044e-01
-5.833855819702148438e+01 1.382346034049987793e+00 1.028297042846679688e+01 -6.851759678652055152e-01 2.117800886168555788e-02 -7.280696292255524060e-01
2.082898521423339844e+01 -1.522900485992431641e+01 -2.125695419311523438e+01 -1.159109162156474609e-01 9.552453624778475816e-02 -9.886555125404878908e-01
-1.070519924163818359e+01 -3.634884643554687500e+01 -1.126130294799804688e+01 2.081728272331599405e-01 6.227959889706076169e-01 7.541811653202933341e-01
1.453578662872314453e+01 2.504488563537597656e+01 -2.093516921997070312e+01 1.068469204273876094e-01 1.952796283197783256e-01 -9.749100483421395680e-01
-1.393636703491210938e+01 -1.026834869384765625e+01 -2.125082015991210938e+01 1.060223240774031683e-02 2.657145481225278716e-02 -9.995906914618265526e-01
1.820670509338378906e+01 3.150219345092773438e+01 -1.659639358520507812e+01 2.874375841378978280e-01 5.453654770919633687e-01 -7.873729304600356471e-01
-4.631223678588867188e+01 3.308790206909179688e+01 1.396928501129150391e+01 7.716115288557222618e-01 -5.276153675298959067e-01 3.552994124442475643e-01
-4.756332397460937500e+01 1.950117111206054688e+01 5.326705932617187500e+00 7.659418289514466904e-01 -3.038188595626690192e-01 5.665926360592341560e-01
-1.140393447875976562e+01 2.978506469726562500e+01 -1.277028465270996094e+01 9.443340208990472218e-02 -2.742980620676747638e-01 9.569968159380909389e-01
7.714999914169311523e-01 -3.526084136962890625e+01 -1.347330188751220703e+01 2.059583880898651839e-02 3.203539717782196150e-01 9.470739908738250445e-01
-3.369189023971557617e+00 3.553154373168945312e+01 -1.069762039184570312e+01 6.147776133879904320e-02 -5.170969207208584439e-01 8.537161468789119523e-01
-6.652409076690673828e+00 -4.892761230468750000e+00 -1.693515396118164062e+01 4.723905028609016316e-02 8.916302175379658967e-02 9.948961893985724947e-01
-4.533961105346679688e+01 4.709852218627929688e+00 -7.829291820526123047e+00 -8.383177719873571299e-01 6.647078866256254936e-02 -5.411145418714328192e-01
-3.205494689941406250e+01 -2.168586349487304688e+01 -1.516123294830322266e+01 -5.803594158702998218e-01 -4.037791705776173079e-01 -7.072095374203715146e-01
-4.127165222167968750e+01 -4.630459785461425781e+00 -7.208100795745849609e+00 7.098519500776401259e-01 1.006178813813472239e-01 6.971271411423461961e-01
-4.700975036621093750e+01 -2.072649002075195312e+01 6.080788135528564453e+00 7.879722294567962360e-01 3.667418008409550900e-01 4.945707402594894386e-01
-2.503886222839355469e+01 1.127353954315185547e+01 -2.141834449768066406e+01 -4.703662124206763745e-02 2.067616456960131785e-02 -9.986791539232312553e-01
1.009172725677490234e+01 -3.067867088317871094e+01 -1.381829929351806641e+01 5.930206487495376377e-02 -1.808565024272221489e-01 9.817200164157595665e-01
3.133918762207031250e+01 -9.596446037292480469e+00 -2.046854591369628906e+01 3.599149136188961595e-01 -4.269836864599103193e-02 -9.320075666375642331e-01
-5.441246986389160156e+00 1.910127449035644531e+01 -1.489540958404541016e+01 3.665566178308591466e-02 -1.899953025547047314e-01 9.811004777627979623e-01
-5.308613586425781250e+01 4.592396736145019531e+00 3.545065879821777344e+00 -8.882409975179360595e-01 3.215835365067482715e-02 -4.582507726330857234e-01
-4.017344951629638672e+00 4.425114440917968750e+01 -2.935834884643554688e+00 8.706483827242925133e-02 -7.113311840872645897e-01 6.974436611523584517e-01
6.831970214843750000e-01 5.914270019531250000e+01 1.706461906433105469e+01 3.030103146401967248e-02 -8.121352204133145403e-01 5.826819297493558425e-01
-1.896238899230957031e+01 4.537338638305664062e+01 -3.705805063247680664e+00 -3.122579597357348358e-01 7.394774771707548489e-01 -5.963790970002653680e-01
-7.246019840240478516e-01 5.347046661376953125e+01 7.424224853515625000e+00 3.470065520674554121e-02 -7.584433263379860568e-01 6.508145552010907720e-01
-4.012486648559570312e+01 7.644161224365234375e+00 -1.331373023986816406e+01 -6.441364260546427190e-01 1.446466690922203202e-01 -7.511095830503544679e-01
-4.177334213256835938e+01 3.053481292724609375e+01 2.375880032777786255e-01 -7.645284938088302562e-01 4.905503351780002852e-01 -4.181585235423917468e-01
1.411251068115234375e+01 1.086371040344238281e+01 -2.056551170349121094e+01 5.009317733435120212e-02 3.355846890695492885e-02 -9.981805962595998727e-01
-3.770825576782226562e+01 -5.938460826873779297e+00 -1.566507244110107422e+01 -6.065679975725118966e-01 -1.106305863464577960e-01 -7.872967278513940403e-01
6.866909861564636230e-01 -2.065665054321289062e+01 -1.460986709594726562e+01 -5.844998754782281675e-02 1.896713880063906621e-01 9.801063021567552047e-01
3.423402070999145508e+00 -8.511754035949707031e+00 -2.088864135742187500e+01 3.125300989184440215e-02 1.856250698695330326e-02 -9.993391229743082693e-01
-5.809900283813476562e+01 -1.966036415100097656e+01 1.369807529449462891e+01 -8.292805606614194192e-01 -5.284929573599693731e-01 -1.816285928206117506e-01
-3.093266105651855469e+01 -8.362854957580566406e+00 -2.007251358032226562e+01 -5.260185572283402333e-01 -1.723773045994246300e-01 -8.328208344598810875e-01
-2.348835754394531250e+01 -3.934449386596679688e+01 -8.647040367126464844e+00 -4.075231280374822518e-01 -6.698578519135448550e-01 -6.206571987372074828e-01
1.151501941680908203e+01 6.036949157714843750e+01 1.378314971923828125e+01 1.776594999575098477e-01 8.837020281624403673e-01 -4.330217402122404358e-01
-3.749742126464843750e+01 2.512270736694335938e+01 -8.446738243103027344e+00 -6.868015874035124924e-01 4.663030295263573821e-01 -5.575527456613917909e-01
2.435825157165527344e+01 -5.947473049163818359e+00 -1.400330066680908203e+01 -6.315954380255792144e-02 2.195232203276700073e-02 9.977619794239617201e-01
-4.198074722290039062e+01 -1.727946853637695312e+01 -8.022330284118652344e+00 -7.899764212293107768e-01 -3.100129270469232368e-01 -5.289888835935302458e-01
-4.539886093139648438e+01 1.585480403900146484e+01 -4.860607147216796875e+00 -7.628503063146333529e-01 2.577561972377748756e-01 -5.929765197216422257e-01
-2.122031402587890625e+01 -1.200096607208251953e+01 -2.177196502685546875e+01 7.336228827887737725e-02 3.036324164586858693e-02 -9.968430409122799318e-01
2.219092178344726562e+01 2.573513603210449219e+01 -1.882469367980957031e+01 3.518728125465991341e-01 4.711769836626121810e-01 -8.088125702887835056e-01
3.675680923461914062e+01 2.025056457519531250e+01 -9.993058204650878906e+00 7.865915503423086541e-01 -1.600049719504547385e-01 5.963825465933905168e-01
-2.925022697448730469e+01 3.085482978820800781e+01 -4.953059196472167969e+00 5.184278986056514160e-01 -5.331897223107615602e-01 6.685366362208590152e-01
-3.590818023681640625e+01 -4.913489532470703125e+01 2.123359107971191406e+01 1.271974113207535173e-01 4.153526650614793869e-01 9.007235881110395859e-01
2.329553604125976562e+01 3.651126861572265625e+01 -1.100142955780029297e+01 3.492338485402542436e-01 6.076111094335612250e-01 -7.133333433442458071e-01
-9.142098426818847656e+00 1.761984825134277344e+01 -2.118323326110839844e+01 5.836932630225017543e-02 6.761640828502224476e-02 -9.960025316622718172e-01
-1.057821464538574219e+01 4.191545867919921875e+01 -1.045645427703857422e+01 -1.967025228265558701e-01 7.119245172588589687e-01 -6.741450876772809853e-01
-3.326375579833984375e+01 -3.133724784851074219e+01 -2.051817893981933594e+00 5.189045403499966680e-01 5.172934683136657386e-01 6.805479745353569809e-01
-5.767279052734375000e+01 1.506453895568847656e+01 1.175734043121337891e+01 -7.713991066330880830e-01 2.387493692952034063e-01 -5.898662195335618863e-01
4.859781646728515625e+01 -4.390487194061279297e+00 -1.725760936737060547e+00 -7.230909045735599561e-01 7.416274276603161686e-02 6.867600973472541837e-01
-5.128976821899414062e+01 1.359557151794433594e+01 7.593877792358398438e+00 7.967097906220558245e-01 -2.029636337682699243e-01 5.692620423799040763e-01
-1.704335021972656250e+01 1.552339744567871094e+01 -1.448738193511962891e+01 7.847367528157073169e-02 -2.925077018044676749e-02 9.964869666642175439e-01
2.755450010299682617e+00 1.590255546569824219e+01 -1.565423488616943359e+01 -5.243201289054608832e-02 -2.185500759953275529e-01 9.744161063460939909e-01
2.173237228393554688e+01 1.978610008955001831e-01 -2.065367126464843750e+01 -9.491892212880059104e-03 2.740038488334665262e-02 -9.995794730237629322e-01
-2.448986434936523438e+01 5.372890853881835938e+01 1.809088134765625000e+01 3.148125432532781764e-01 -6.929320905930195229e-01 6.486433383892802329e-01
-4.540830230712890625e+01 2.607790565490722656e+01 6.747757911682128906e+00 7.300255935706460031e-01 -3.764596348674002502e-01 5.703865146085851379e-01
2.176509475708007812e+01 -3.345310592651367188e+01 -1.608639335632324219e+01 3.307278254589256505e-01 -4.807864703839859200e-01 -8.120735652408093141e-01
-1.536908054351806641e+01 -4.617466354370117188e+01 -4.411871910095214844e+00 -2.543677965306803679e-01 -7.831684283108489852e-01 -5.674013015364353096e-01
-1.021993827819824219e+01 -1.296403503417968750e+01 -1.552848243713378906e+01 9.693453545933124194e-02 1.390281946164210469e-01 9.855327782154087446e-01
1.045487499237060547e+01 -8.135769963264465332e-01 -1.726539802551269531e+01 -1.707018497685951763e-01 5.000604049529756845e-02 9.840529835326767838e-01
3.203419876098632812e+01 3.103614616394042969e+01 -9.998298645019531250e+00 5.298662665216570256e-01 4.981979935651156266e-01 -6.863239022575954307e-01
-4.088158035278320312e+01 4.223296356201171875e+01 1.794953727722167969e+01 6.028503720823368273e-01 -5.693929302316758090e-01 5.588945516663890167e-01
2.054471969604492188e+00 2.813149642944335938e+01 -1.353239250183105469e+01 -5.197689766030264003e-02 -1.944261568018507136e-01 9.795391118586703749e-01
1.170602893829345703e+01 -1.164810180664062500e+01 -1.587731456756591797e+01 -1.369455061530803208e-01 1.458635328207344428e-01 9.797804642559123645e-01
-2.953559303283691406e+01 1.775499725341796875e+01 -1.216220188140869141e+01 3.703116530480802249e-01 -3.091272350100224831e-01 8.759621180118786210e-01
3.035007476806640625e+01 9.176630020141601562e+00 -1.324445152282714844e+01 -5.479652434778913006e-02 -8.722586004321467718e-03 9.984594420469963261e-01
-2.311644935607910156e+01 -4.642647171020507812e+01 6.276019096374511719e+00 3.597341529355527201e-01 7.571442138871981031e-01 5.452742232940021028e-01
-2.074378013610839844e+01 4.009674835205078125e+01 -8.202758789062500000e+00 -3.689213454997977149e-01 6.725689088879581723e-01 -6.415201506047024660e-01
1.277444267272949219e+01 3.641909408569335938e+01 -1.474075126647949219e+01 1.964853713761648690e-01 6.518430617086558021e-01 -7.324575904019673400e-01
4.132382869720458984e+00 2.058930397033691406e+01 -2.097845077514648438e+01 2.277905190037914432e-02 -9.866686491967045780e-02 -9.948597713052041991e-01
-1.605950164794921875e+01 -4.910532951354980469e+00 -1.550335597991943359e+01 1.486452520114782960e-01 3.428066706771269734e-02 9.882962232649868950e-01
-5.146430206298828125e+01 -1.158604979515075684e+00 9.326300024986267090e-02 -8.460866878930748403e-01 -5.907230593066608443e-02 -5.297620024521958459e-01
-4.334825897216796875e+01 -4.283131408691406250e+01 1.407510566711425781e+01 -5.130882336046718173e-01 -6.544427016705673950e-01 -5.553784428356636216e-01
-1.033949851989746094e+01 -3.327832794189453125e+01 -1.870290756225585938e+01 -1.563726780128312510e-01 -4.463122515393929679e-01 -8.811089374742110403e-01
8.814549446105957031e+00 -3.928440475463867188e+01 -1.559341144561767578e+01 1.083230149784719099e-01 -5.725586899208772174e-01 -8.126762399763280964e-01
2.947376632690429688e+01 2.345679664611816406e+01 -1.625708007812500000e+01 4.647359704251050605e-01 4.247509526304246164e-01 -7.769215571938924425e-01
2.653604984283447266e+00 -4.732998275756835938e+01 -1.147922992706298828e+00 -3.809133508110528182e-03 7.406582279264347646e-01 6.718711780592991900e-01
-3.340522384643554688e+01 -3.965248107910156250e+01 6.362675189971923828e+00 5.251466510930783427e-01 6.491846396566367527e-01 5.502547577982467297e-01
8.060368537902832031e+00 4.607374954223632812e+01 -7.010175228118896484e+00 9.774438380188396613e-02 6.907102474436099815e-01 -7.164952124833613434e-01
-4.519867324829101562e+01 -2.508016204833984375e+01 1.251654982566833496e+00 -7.742740015360383143e-01 -3.511659381292436266e-01 -5.264810105247662575e-01
1.663771629333496094e+01 -1.000126552581787109e+01 -2.091916084289550781e+01 -7.875785055941107379e-03 1.301183631800969555e-02 -9.998843253723832536e-01
-1.910107803344726562e+01 -1.146860957145690918e+00 -2.125597763061523438e+01 5.256878201173113135e-02 1.474206685633281354e-02 -9.985084850028097536e-01
2.712029838562011719e+01 3.844834899902343750e+01 -1.197288990020751953e+00 -3.860267165212390439e-01 -6.337084140712790914e-01 6.703708078870196374e-01
4.867630004882812500e+00 -1.936118316650390625e+01 -2.112604141235351562e+01 -2.470559691989407738e-02 2.754189198158282087e-02 -9.993153044294410536e-01
-1.630485057830810547e+00 -9.478971481323242188e+00 -1.667278480529785156e+01 8.065329908829622918e-02 1.517239904783099780e-01 9.851268324736219828e-01
-2.862291717529296875e+01 -1.626692199707031250e+01 -1.320937919616699219e+01 2.003441009899562808e-01 1.014210492087654764e-01 9.744619089404773504e-01
-1.631315231323242188e+01 5.513007736206054688e+01 1.501109313964843750e+01 2.985471133563205037e-01 -8.476745106770512406e-01 4.385402433700127389e-01
-5.035354232788085938e+01 3.422751998901367188e+01 1.925228881835937500e+01 1.234547834494395951e-01 -1.196591517460892096e-01 9.851094374976103740e-01
-1.542211914062500000e+01 3.800820922851562500e+01 -1.268930912017822266e+01 -2.335331972321589289e-01 6.382950505661602048e-01 -7.335132406530017191e-01
-3.449673843383789062e+01 4.273867130279541016e+00 -1.241393566131591797e+01 5.092266072572023683e-01 -9.572269185560475235e-02 8.552925983107978469e-01
-3.988980865478515625e+01 1.412424659729003906e+01 -1.197007465362548828e+01 -6.506806941872214090e-01 2.116625203243030773e-01 -7.292555188011947687e-01
-3.041571044921875000e+01 2.342865371704101562e+01 -1.540211296081542969e+01 -5.010542453678430430e-01 4.000862708873021978e-01 -7.673823160891536377e-01
5.037463378906250000e+01 -1.704331207275390625e+01 3.142667055130004883e+00 7.952966806987847581e-02 3.428212183428802073e-01 9.360281214528749505e-01
3.672066116333007812e+01 -2.580315017700195312e+01 -5.884376049041748047e+00 -6.308354140927013853e-01 4.654338033570025179e-01 6.208204692333568753e-01
-2.444235420227050781e+01 -2.080638694763183594e+01 -1.986572837829589844e+01 -4.203938212311006395e-01 -3.493970468228599358e-01 -8.373713266778231024e-01
9.992794036865234375e+00 2.736859130859375000e+01 -1.338411521911621094e+01 -5.609603765867990366e-02 -1.170583035471095129e-01 9.915395040691363793e-01
-4.150217056274414062e+00 2.321588706970214844e+01 -2.120936393737792969e+01 2.660940948053741942e-02 -9.967059041302821221e-02 -9.946646232443454583e-01
2.488709068298339844e+01 5.781299209594726562e+01 1.874756050109863281e+01 1.301360449244986783e-01 3.075039494506288107e-01 9.426059255509027235e-01
-2.700360119342803955e-01 2.778414011001586914e+00 -2.111687278747558594e+01 2.276304371543570737e-02 1.760403238590400876e-02 -9.995858851967474035e-01
-2.960687255859375000e+01 -1.483037948608398438e+00 -2.098052215576171875e+01 -4.689553091143266461e-01 -5.354103668934659943e-01 -7.024362299002596677e-01
2.040738677978515625e+01 1.291290283203125000e+01 -2.072768020629882812e+01 -4.374969030145923338e-02 -7.037650946169243804e-02 -9.965606411626513061e-01
-4.765569686889648438e+01 9.763815879821777344e+00 -3.994379997253417969e+00 -8.229302417104668033e-01 1.665215952589529091e-01 -5.431909200187040598e-01
-2.432587051391601562e+01 -4.131039142608642578e+00 -1.434200668334960938e+01 9.778820950757013963e-02 1.766879490694553065e-02 9.950503905671510552e-01
-1.933179092407226562e+01 2.732372665405273438e+01 -1.236726951599121094e+01 1.889537591141399742e-01 -3.596131016795184876e-01 9.137696066389338068e-01
7.867832183837890625e+00 2.603848075866699219e+01 -2.122884750366210938e+01 1.223400211279903130e-02 -3.100002570974340343e-02 -9.994445095143097424e-01
3.768391799926757812e+01 -1.281889533996582031e+01 -1.056797695159912109e+01 -7.561347180954072211e-01 1.752546729477625354e-01 6.305125595107140546e-01
-1.800618934631347656e+01 7.043591022491455078e+00 -1.501326084136962891e+01 1.688635843319672425e-01 -6.922280467237565404e-02 9.832056210172166466e-01
1.244295501708984375e+01 -2.649491310119628906e+01 -2.181660270690917969e+01 1.359111436988960919e-01 -2.979229329426459350e-01 -9.448651157944765178e-01
8.686740875244140625e+00 5.309837341308593750e+01 7.907440185546875000e+00 -1.107876515495241493e-01 -8.123351774698641670e-01 5.725710922751389154e-01
-2.414782905578613281e+01 -5.506411361694335938e+01 1.571585464477539062e+01 -3.591899322479520373e-01 -8.858149063094683529e-01 -2.937933701288366062e-01
-6.829465866088867188e+00 5.540899658203125000e+01 6.145658969879150391e+00 -1.589556180189071188e-01 7.925885615981183019e-01 -5.886734948373784082e-01
-3.182483100891113281e+01 -4.411917495727539062e+01 1.110766029357910156e+01 4.617802933956955402e-01 7.372515554412136796e-01 4.931724897344704206e-01
-1.461715888977050781e+01 -1.758315086364746094e+01 -1.432983684539794922e+01 3.504554207413666106e-02 5.132915956773894534e-02 9.980666948449885556e-01
-1.032369804382324219e+01 1.056511592864990234e+01 -2.118525505065917969e+01 4.520284087523934041e-02 1.229983872983623355e-03 -9.989770719673599642e-01
-1.276079559326171875e+01 -3.001644134521484375e+01 -1.369748497009277344e+01 2.594018095711521713e-02 1.015942400069443502e-01 9.944876657904427875e-01
2.284620094299316406e+01 -1.890017127990722656e+01 -1.364119243621826172e+01 -7.952319636303702144e-02 2.130106747531057901e-02 9.966054012319108812e-01
3.752964019775390625e+01 5.815580844879150391e+00 -1.669033813476562500e+01 5.392400072142646827e-01 9.707331411889742745e-02 -8.365386938483680979e-01
1.206704998016357422e+01 2.004415512084960938e+01 -1.410773944854736328e+01 -4.104759493755783667e-02 -2.847770820118081248e-02 9.987512778892704279e-01
2.014057731628417969e+01 -4.171972274780273438e+01 -9.967517852783203125e+00 2.696673201862050950e-01 -6.254225868105325326e-01 -7.322063399963241181e-01
4.477550506591796875e+01 -2.072556686401367188e+01 -7.205648899078369141e+00 7.736697050159490052e-01 -3.467093260774782304e-01 -5.303091841100201487e-01
2.622136116027832031e+01 -4.070284271240234375e+01 -7.877689838409423828e+00 4.188571128288499090e-01 -6.905172895158268043e-01 -5.896987297869953348e-01
3.623401260375976562e+01 -4.525403022766113281e+00 -1.808006668090820312e+01 5.704345464039489721e-01 -5.315798352994480919e-02 -8.196210447859128001e-01
3.660686111450195312e+01 2.663638496398925781e+01 -9.307521820068359375e+00 8.767281429790049208e-01 2.568868787410736876e-01 -4.066409901119836801e-01
-6.199617767333984375e+01 -7.505623817443847656e+00 1.738620376586914062e+01 -3.946365552781180841e-01 -8.970837584439082801e-02 9.144475909211978726e-01
2.792642021179199219e+01 4.786998367309570312e+01 4.751347064971923828e+00 2.941100792157875232e-01 8.233435956724027838e-01 -4.853911667602967550e-01
2.669152021408081055e+00 4.025915527343750000e+01 -1.309804821014404297e+01 4.653953070540739478e-02 6.417459409523809111e-01 -7.655038989795307502e-01
-3.508980560302734375e+01 -9.746967315673828125e+00 -1.133070755004882812e+01 5.527216931128414723e-01 1.679170328137019053e-01 8.162736061232874762e-01
1.829916572570800781e+01 4.035277557373046875e+01 -9.613713264465332031e+00 2.881540144613072285e-01 6.590556165231307162e-01 -6.947035038627260572e-01
-4.484794235229492188e+01 3.862520599365234375e+01 1.136383914947509766e+01 -6.136140207363033339e-01 5.484345157585803765e-01 -5.680646226271082178e-01
4.075320434570312500e+01 -2.943729782104492188e+01 2.187950015068054199e-01 -6.037840860559162692e-01 4.645522522976635593e-01 6.477931632170794707e-01
1.678496170043945312e+01 -4.755532455444335938e+01 -3.761940956115722656e+00 2.532105522054406976e-01 -7.821840273080242767e-01 -5.692737159539473790e-01
1.042209243774414062e+01 -4.347292709350585938e+01 -1.119103908538818359e+01 1.344954695864110650e-01 -6.883546805091009801e-01 -7.127964663786882094e-01
-7.430119991302490234e+00 5.751467514038085938e+01 1.552436733245849609e+01 9.042744242441877467e-02 -8.640686637850149010e-01 4.951850380629015946e-01
3.526702499389648438e+01 1.182708549499511719e+01 -1.686104965209960938e+01 5.021713346257131727e-01 1.882849714587048473e-01 -8.440217533944398554e-01
1.259186172485351562e+01 -1.768684005737304688e+01 -1.445883750915527344e+01 -2.016111848953237515e-02 4.910908145857847268e-02 9.985899195463299183e-01
-3.171399116516113281e+01 2.274418640136718750e+01 -9.057169914245605469e+00 5.345578035554078289e-01 -4.373065933157969098e-01 7.231949240008189728e-01
-3.028183746337890625e+01 -4.187484359741210938e+01 -1.219960004091262817e-01 -4.731175645347595604e-01 -6.802497584978489664e-01 -5.598392949698293153e-01
-5.242766189575195312e+01 2.444102668762207031e+01 1.530917263031005859e+01 7.523623889988150237e-01 -3.885120194112789416e-01 5.319861336472653246e-01
1.550138950347900391e+00 4.839067077636718750e+01 1.194628953933715820e+00 4.765487824452242262e-03 -7.231075662983883490e-01 6.907190005261306665e-01
2.066312789916992188e+01 -2.761343574523925781e+01 -1.911896133422851562e+01 3.197840997155803056e-01 -3.876027569526056538e-01 -8.645821143025311795e-01
4.772781753540039062e+01 -4.664570093154907227e-01 -8.785514831542968750e+00 6.513401534249133595e-01 3.840132441254715933e-03 -7.587761579802332346e-01
-2.719824409484863281e+01 3.603586578369140625e+01 -2.130117893218994141e+00 4.698206937553652263e-01 -5.592656203260210068e-01 6.830010846554919191e-01
3.830471038818359375e+00 1.283372306823730469e+01 -2.098377799987792969e+01 -2.845923293657903318e-03 -5.796249322641776336e-02 -9.983147049400724615e-01
-4.408386611938476562e+01 -7.706800103187561035e-02 -4.038448810577392578e+00 7.549810539718433411e-01 -6.198399606401293338e-02 6.528105332908630265e-01
-2.748660087585449219e+01 -3.109738922119140625e+01 -1.292959880828857422e+01 -4.695539590939699082e-01 -5.335938707001974812e-01 -7.034178421467280895e-01
1.639369010925292969e+01 -3.350178146362304688e+01 -1.293513488769531250e+01 -2.170679758169436480e-01 4.014594088945223072e-01 8.897819041117860372e-01
-3.728199005126953125e+01 -4.419738388061523438e+01 1.706263160705566406e+01 4.699850669507548151e-01 7.162835479378099057e-01 5.158022060799253294e-01
-1.598771762847900391e+01 -3.957666015625000000e+01 -1.199260139465332031e+01 -2.885809971004961172e-01 -7.045498230082776203e-01 -6.483290484094386130e-01
-2.293411254882812500e+01 4.701517105102539062e+01 7.708290219306945801e-01 -3.619291660249907006e-01 7.743384917003666157e-01 -5.190444865824662690e-01
1.074321174621582031e+01 5.601131916046142578e+00 -1.702853393554687500e+01 -1.814490779289551214e-01 -1.447612138993577269e-01 9.726872174903484769e-01
-1.734719085693359375e+01 -4.765764617919921875e+01 4.381298065185546875e+00 2.843292158598333952e-01 7.099148506212946685e-01 6.443429225776264868e-01
2.967578125000000000e+01 -2.552766799926757812e+01 -1.650959777832031250e+01 3.729329711974381234e-01 -3.796111174070340710e-01 -8.466501039596190381e-01
-4.461659908294677734e+00 -4.242759704589843750e+01 -6.626327991485595703e+00 9.961623864325813704e-02 7.520271628713521839e-01 6.515610111894621914e-01
3.890152359008789062e+01 -4.211899757385253906e+00 -1.087121677398681641e+01 -6.167057394694543948e-01 2.946996459278086820e-03 7.871882532897085394e-01
-2.961004638671875000e+01 4.205836486816406250e+01 -8.177109956741333008e-01 -5.100684576657741331e-01 6.776522523246021334e-01 -5.297335116960716350e-01
-1.411653614044189453e+01 4.488856887817382812e+01 7.842399924993515015e-02 2.064609510644004331e-01 -6.814758799229401198e-01 7.021143074805110684e-01
4.668263626098632812e+01 -2.168158912658691406e+01 1.445770025253295898e+00 -7.256233247539255471e-01 3.654810232155374927e-01 5.830046416988315938e-01
-2.094488143920898438e+01 -2.562242889404296875e+01 -1.343147182464599609e+01 1.230629832867758261e-01 1.236453680780234127e-01 9.846660982776896942e-01
4.700569152832031250e+00 3.175410079956054688e+01 -1.987252616882324219e+01 9.178121355785426316e-02 5.343737281736271605e-01 -8.402505147131217322e-01
-1.470695972442626953e+01 5.394530868530273438e+01 6.192359924316406250e+00 -2.204858137109696747e-01 8.116696842052949501e-01 -5.409051023001063552e-01
5.988718986511230469e+00 -2.949239015579223633e+00 -2.099536323547363281e+01 -2.042927357956937293e-02 9.750967644579913024e-03 -9.997437488731827360e-01
-2.915009117126464844e+01 4.692349624633789062e+01 1.066335010528564453e+01 4.453477322998437571e-01 -7.564490735033907454e-01 4.790095996232731079e-01
-2.357843780517578125e+01 1.880299949645996094e+01 -2.106453132629394531e+01 -2.441462345277454482e-01 2.297135016208634306e-01 -9.421381657373851803e-01
-1.652300059795379639e-01 2.228260421752929688e+01 -1.430759048461914062e+01 4.256745421971374656e-03 -1.269604954079051606e-01 9.918986403479902458e-01
3.518732833862304688e+01 -3.077483558654785156e+01 -9.853358268737792969e+00 5.933576763395506104e-01 -5.271478534116267323e-01 -6.083106184939099936e-01
3.886036300659179688e+01 3.801742076873779297e+00 -1.076410865783691406e+01 -6.534037774028108592e-01 -4.153969601216988411e-02 7.558690080503066566e-01
-5.030918502807617188e+01 -1.569020843505859375e+01 4.668480873107910156e+00 -8.846474791471313770e-01 -3.058812985674630447e-01 -3.519026411172674340e-01
4.454146575927734375e+01 -1.378568267822265625e+01 -4.056756019592285156e+00 -6.816827883020395440e-01 2.338320505497346602e-01 6.932756654235477933e-01
-3.569769668579101562e+01 -1.662306070327758789e+00 -1.182785034179687500e+01 5.202276789071202945e-01 7.837450506068351433e-03 8.539916489453951431e-01
-4.824464797973632812e+00 1.001585960388183594e+00 -1.732396507263183594e+01 6.233076129476914501e-02 5.533233110097347807e-02 9.965205513843388152e-01
2.826943397521972656e+01 1.684143447875976562e+01 -1.319145584106445312e+01 -2.337074787176081636e-01 -1.636417119819777166e-01 9.584373764055041933e-01
6.382398128509521484e+00 -5.204349517822265625e+01 -2.451599948108196259e-02 1.015734678222383613e-01 -8.131306455019671198e-01 -5.731504025821836379e-01
2.602442550659179688e+01 5.185359954833984375e+01 1.445756912231445312e+01 -3.549017202106039548e-01 -7.515069016960632675e-01 5.561314104550627579e-01
2.798894119262695312e+01 2.982739925384521484e+00 -2.110966300964355469e+01 5.768026491284435758e-02 -2.915066960601438439e-01 -9.548281694586115975e-01
3.170197105407714844e+01 -1.414137935638427734e+01 -1.303398895263671875e+01 -1.613425770021636174e-01 1.776276723136048855e-02 9.867385960560098868e-01
-1.078890419006347656e+01 3.596104049682617188e+01 -9.399608612060546875e+00 1.873659696392798446e-01 -6.191774031644531329e-01 7.625702176400915855e-01
1.951661300659179688e+01 4.183654022216796875e+01 -1.872164964675903320e+00 -2.630020447851503795e-01 -6.854475032275127999e-01 6.789636549609989746e-01
-3.408935928344726562e+01 1.498384284973144531e+01 -1.636152458190917969e+01 -5.617523454467006072e-01 2.759074375053281458e-01 -7.799419134232845607e-01
1.526914691925048828e+01 -2.762656593322753906e+01 -1.360209560394287109e+01 -2.739695007766622739e-02 8.081551023917478427e-03 9.995919645832941347e-01
-1.129395389556884766e+01 3.211043548583984375e+01 -1.878801155090332031e+01 -2.030363521793787096e-01 6.744238864597287275e-01 -7.098793285243951701e-01
-4.418423080444335938e+01 1.829964637756347656e+01 4.666590094566345215e-01 6.578063286671187448e-01 -2.970347213260937091e-01 6.921424768732348243e-01
-2.836743354797363281e+01 9.187114715576171875e+00 -1.381052875518798828e+01 1.329351178522684418e-01 -3.206553056098773030e-02 9.906059035718723926e-01
-2.626038932800292969e+01 2.794380950927734375e+01 -9.331027030944824219e+00 4.598450182489443039e-01 -4.810712524919657507e-01 7.464000329698807779e-01
2.037595367431640625e+01 2.929570579528808594e+01 -1.148766708374023438e+01 -2.288052245211708580e-01 -4.218034290528297481e-01 8.773425992570352827e-01
-2.970216941833496094e+01 -4.891073989868164062e+01 1.770053100585937500e+01 3.954677552589810352e-01 7.710531019139341691e-01 4.990815249829658740e-01
2.295057058334350586e+00 -4.358316040039062500e+01 -5.921637058258056641e+00 2.807272658857569610e-03 7.763078562637262259e-01 6.303477068439581332e-01
-4.119368743896484375e+01 2.622962951660156250e+01 -3.912297964096069336e+00 -7.124391743850019276e-01 4.451793252579555604e-01 -5.424442747089218697e-01
2.906495285034179688e+01 -2.340330123901367188e+00 -1.359523200988769531e+01 -1.434060968378580714e-01 -3.356829091062456163e-03 9.896582354975803630e-01
-4.509947776794433594e+00 1.163413047790527344e+01 -2.107484436035156250e+01 1.011728458524963764e-02 -5.485921139768725613e-03 -9.999337704177558850e-01
-3.088198089599609375e+01 -3.756003570556640625e+01 -4.117688179016113281e+00 -5.055110674940523907e-01 -5.966868825419837652e-01 -6.232361710004903355e-01
-5.670044708251953125e+01 -1.157941055297851562e+01 1.347100067138671875e+01 7.598416358073710741e-01 1.402878224516208860e-01 6.347913163909545409e-01
-3.539475250244140625e+01 -2.469730377197265625e+01 -1.097558307647705078e+01 -5.803767202921719104e-01 -3.815663465363366980e-01 -7.194233703000023628e-01
-9.216731071472167969e+00 4.189379119873046875e+01 -4.385574817657470703e+00 1.196880270971443783e-01 -6.225741568341253140e-01 7.733538617036000984e-01
-2.499014472961425781e+01 -4.223420715332031250e+01 2.590093135833740234e+00 4.419892118780240353e-01 7.041615645482989239e-01 5.556995839447201879e-01
1.726642227172851562e+01 4.788428497314453125e+01 3.894770145416259766e+00 -2.254653346053495655e-01 -7.698636925492622352e-01 5.970555064528866307e-01
4.453744125366210938e+01 -8.745759963989257812e+00 -1.107476139068603516e+01 7.025593170718733571e-01 -1.112295888439619185e-01 -7.028786414176392272e-01
-2.224236869812011719e+01 -3.186693572998046875e+01 -1.540558052062988281e+01 -3.847416082226779999e-01 -4.789635999216750317e-01 -7.890296349645535834e-01
-9.602038383483886719e+00 2.325315475463867188e+01 -1.416555500030517578e+01 7.756925324491023045e-03 -1.136677496600143195e-01 9.934885368220102153e-01
3.451500701904296875e+01 1.500147247314453125e+01 -1.114638233184814453e+01 -4.682678097917118420e-01 -2.223469239895569660e-01 8.551532632839888848e-01
-5.014489173889160156e+00 -3.833893203735351562e+01 -1.094067478179931641e+01 1.339933439794772363e-01 6.806040747577950523e-01 7.202942990141483204e-01
-1.616143417358398438e+01 2.623908996582031250e+01 -2.091465759277343750e+01 -1.444957403654997530e-01 2.079944475228039658e-01 -9.673982069530155936e-01
-3.727893829345703125e+01 4.112592315673828125e+01 6.077466011047363281e+00 -6.212278540821268846e-01 6.233574044276025683e-01 -4.748699818453446242e-01
1.716803550720214844e+01 5.868350982666015625e+01 1.315034294128417969e+01 1.957201383998252997e-01 8.350297888799250723e-01 -5.142167627644016470e-01
1.960410118103027344e+01 5.212834167480468750e+01 1.070483207702636719e+01 -3.305743607447331756e-01 -8.108134618656205328e-01 4.830135837382826813e-01
-2.054292869567871094e+01 -4.115245819091796875e+01 -1.641437053680419922e+00 3.242766384373550470e-01 6.099054614645381678e-01 7.230905820431473563e-01
-1.619006538391113281e+01 -2.396652984619140625e+01 -2.156117820739746094e+01 -5.238485037135082178e-01 -2.429981089585881437e-01 -8.164157422537053899e-01
3.090700149536132812e+01 -2.585151100158691406e+01 -1.076480007171630859e+01 -5.591510005943980399e-01 3.510382280145394329e-01 7.510807686305752684e-01
-3.179361724853515625e+01 3.822604751586914062e+01 3.023226976394653320e+00 5.012818813432239340e-01 -6.252099418312656587e-01 5.981881009116978287e-01
1.922382164001464844e+01 -8.545427322387695312e+00 -1.444899463653564453e+01 -1.673604948598405306e-01 7.790705444959702963e-02 9.828127775050835568e-01
1.153926849365234375e+01 3.663961410522460938e+01 -9.058158874511718750e+00 -4.464674641328705146e-02 -5.230241364932807224e-01 8.511477079098350718e-01
-4.977424621582031250e+01 9.300920486450195312e+00 3.814547061920166016e+00 8.038824335037153546e-01 -1.257771029442515121e-01 5.813373835210461360e-01
-2.614068031311035156e+01 -3.388789367675781250e+01 -5.646268844604492188e+00 4.733342741997967895e-01 5.778090519730291197e-01 6.648995144574709748e-01
-5.400297546386718750e+01 -6.881504058837890625e+00 9.739650726318359375e+00 7.124188895485907835e-01 1.140470022176617998e-01 6.924251635371994062e-01
-3.143171501159667969e+01 4.832582473754882812e+01 1.576630401611328125e+01 5.020135735195108140e-01 -7.392212741526732467e-01 4.489256952350454966e-01
-2.268179130554199219e+01 1.718797302246093750e+01 -1.395436859130859375e+01 1.433126792567259444e-01 -9.391863353862851815e-02 9.852110262469129243e-01
2.748004913330078125e+00 -4.039672851562500000e+01 -1.509080505371093750e+01 3.207069974343791652e-02 -6.301568777949732025e-01 -7.758052459126952849e-01
-3.412976980209350586e+00 -4.719609451293945312e+01 -8.705080151557922363e-01 8.468500992648327064e-02 7.164016337730958472e-01 6.925295287718714610e-01
6.521193027496337891e+00 5.787429046630859375e+01 1.548761844635009766e+01 -1.036230826704406249e-01 -8.210170670593468500e-01 5.614207266704206445e-01
2.740170097351074219e+01 -3.254329299926757812e+01 -8.723461151123046875e+00 -4.624360226741768831e-01 5.597613139200017240e-01 6.876192233873638093e-01
2.091629791259765625e+01 3.693451309204101562e+01 -5.807898998260498047e+00 -3.271427090220814238e-01 -7.019973155044170188e-01 6.325957769051937518e-01
-1.943196678161621094e+01 1.243834400177001953e+01 -2.143468856811523438e+01 -2.004519923031746701e-03 -7.914119577008528472e-03 -9.999666737502801439e-01
-3.464192962646484375e+01 3.266490173339843750e+01 -5.730628013610839844e+00 -5.518831574012184049e-01 5.117582555835524794e-01 -6.584287876596386369e-01
-1.162842941284179688e+01 -4.182191467285156250e+01 -5.223527908325195312e+00 2.545136607146374907e-01 7.446536602752377165e-01 6.170200343168162904e-01
-1.875029182434082031e+01 -6.848977088928222656e+00 -2.136812400817871094e+01 1.170704834547710814e-02 2.309121702729089246e-02 -9.996648141828515799e-01
1.362351036071777344e+01 4.631862640380859375e+01 -5.518814086914062500e+00 2.223687510950071999e-01 7.061068519851916303e-01 -6.722836098820268447e-01
-7.105515956878662109e+00 4.735799026489257812e+01 8.249509930610656738e-01 1.391816127332662079e-01 -7.568459583004271130e-01 6.386021250209518163e-01
-2.691060256958007812e+01 -2.202445030212402344e+01 -1.272624683380126953e+01 3.978966916941417686e-01 2.717227088250800948e-01 8.762676487510068224e-01
3.508724975585937500e+01 1.078992962837219238e+00 -1.878167152404785156e+01 5.433101195666464323e-01 7.521217927697659844e-02 -8.361562306560206270e-01
3.379792022705078125e+01 -2.147873687744140625e+01 -1.595416450500488281e+01 5.056713349489795339e-01 -2.760781908133708162e-01 -8.173599779583859970e-01
6.630494117736816406e+00 -1.846185874938964844e+01 -1.493867874145507812e+01 -6.333396532616390739e-02 2.922297674813634227e-01 9.542486949605184510e-01
-3.974591445922851562e+01 4.260002136230468750e+00 -8.731312751770019531e+00 6.552445515149510902e-01 -1.175073536564675419e-02 7.553254251833028121e-01
-3.798218536376953125e+01 3.467218399047851562e+01 -6.304799914360046387e-01 -6.364134737594254743e-01 5.648067648665645590e-01 -5.253296191710746799e-01
-4.173862838745117188e+01 -3.719570922851562500e+01 1.253814315795898438e+01 5.712099989306732573e-01 5.702280006349631503e-01 5.903889941500203298e-01
-2.279942035675048828e+00 -1.520736598968505859e+01 -1.576952552795410156e+01 6.196621227734132320e-02 1.632960946410381697e-01 9.846291555763442283e-01
-2.566890907287597656e+01 4.055334091186523438e+01 -5.314258098602294922e+00 -3.990333906319822321e-01 6.560784936562200631e-01 -6.405726838716502280e-01
-5.083893966674804688e+01 2.368111610412597656e+01 7.517851829528808594e+00 -7.137259257189748629e-01 3.218808949530215235e-01 -6.220835895768626056e-01
-3.992665863037109375e+01 -2.269571304321289062e+01 -7.514673233032226562e+00 -7.551528315307913797e-01 -3.848726892731454963e-01 -5.306761857127987314e-01
-3.730108642578125000e+01 -1.411947536468505859e+01 -8.484798431396484375e+00 5.843919286607535124e-01 2.784868651641430604e-01 7.621883885544395998e-01
-3.692679977416992188e+01 -3.373965072631835938e+01 3.503392934799194336e+00 5.926993906274966584e-01 5.718764226502675019e-01 5.671549960694403092e-01
-6.961298942565917969e+00 8.990000724792480469e+00 -1.671339035034179688e+01 1.766964738030371296e-01 -1.298070230289250782e-01 9.756682289169513744e-01
-2.183249473571777344e+01 5.705514907836914062e+01 1.421650218963623047e+01 -3.532650015586791259e-01 8.508852001883826510e-01 -3.888421463449176496e-01
-2.683771133422851562e+00 -5.898624897003173828e+00 -2.092127990722656250e+01 -1.622880728843510353e-02 -6.589506190924156225e-04 -9.998680870985313662e-01
1.830500030517578125e+01 1.972293472290039062e+01 -1.389369678497314453e+01 1.191210299302511433e-03 -3.667673491286814469e-02 9.993264722472601225e-01
2.689587974548339844e+01 2.885875701904296875e+01 -9.008175849914550781e+00 -3.757546494076964838e-01 -5.088727663138575830e-01 7.745043261032058535e-01
1.479305076599121094e+01 -2.196491003036499023e+00 -2.076723861694335938e+01 -3.051569160582415230e-02 -1.982501647408635610e-03 -9.995323217650523562e-01
-5.982826232910156250e+00 -2.910062217712402344e+01 -2.139902305603027344e+01 -1.327775041920890853e-01 -5.244606687710643422e-01 -8.410179197215288394e-01
2.784322547912597656e+01 1.066348457336425781e+01 -2.104661369323730469e+01 1.691495371584512686e-01 1.088914290668235724e-01 -9.795565786389608398e-01
-2.327626991271972656e+01 5.048541259765625000e+01 1.111301898956298828e+01 3.663785324216184414e-01 -7.951890260283493994e-01 4.831575145484813261e-01
-2.687699508666992188e+01 4.271777725219726562e+01 4.126180171966552734e+00 4.126648602415619593e-01 -7.109332670409791444e-01 5.694572880701870288e-01
-1.934911918640136719e+01 4.951211166381835938e+01 7.245276927947998047e+00 3.052321143812067317e-01 -7.214531196422601100e-01 6.215615436212479361e-01
-3.985684967041015625e+01 4.528427505493164062e+01 1.330832672119140625e+01 -5.915087194579428109e-01 6.573100270157703484e-01 -4.669699810370597226e-01
-9.275815010070800781e+00 -2.372112274169921875e+01 -1.418896770477294922e+01 3.532989045149443480e-02 1.348572483735940297e-01 9.902349829216234856e-01
-5.335285568237304688e+01 -1.702935409545898438e+01 1.142898845672607422e+01 6.509962070574808468e-01 1.949021856502245187e-01 7.336327939954285782e-01
1.883584403991699219e+01 1.676962971687316895e+00 -1.492664909362792969e+01 -3.696723587139902900e-01 -1.774393341105180710e-02 9.289927341104121661e-01
-3.578695678710937500e+01 9.041298866271972656e+00 -1.671332168579101562e+01 -5.759872351401721380e-01 1.779231572028520114e-01 -7.978609246520028675e-01
2.494240951538085938e+01 6.865891933441162109e+00 -1.384623146057128906e+01 -9.817086196773237849e-02 -3.661010830324294002e-02 9.944959435968239170e-01
2.575456237792968750e+01 -1.147174835205078125e+01 -2.178703498840332031e+01 4.713699726557189079e-02 3.387365093773764615e-03 -9.988826904329191070e-01
-7.597000122070312500e+00 -2.269251441955566406e+01 -2.167325973510742188e+01 1.482140374887368217e-02 7.169623588079709897e-02 -9.973163869863154174e-01
7.222570896148681641e+00 -8.518501281738281250e+00 -1.679615020751953125e+01 -8.043278145757007391e-02 2.092563972922410198e-01 9.745472424973918857e-01
1.141864681243896484e+01 -3.481348037719726562e+01 -1.790776443481445312e+01 1.025068864205969099e-01 -4.521513129612007020e-01 -8.860313360281436568e-01
5.798070907592773438e+00 5.041565704345703125e+01 -1.942589044570922852e+00 8.226614996327190343e-02 8.139003928134598276e-01 -5.751507899223614606e-01
-2.066227531433105469e+01 -3.644591140747070312e+01 -1.271399307250976562e+01 -3.663614704379225540e-01 -6.370712267833652520e-01 -6.781736687481321191e-01
5.984272003173828125e+00 -1.340268707275390625e+01 -2.093339157104492188e+01 -8.548439573328082616e-03 5.882597425113429007e-02 -9.982316509379304259e-01
8.763378143310546875e+00 4.068146896362304688e+01 -6.085629940032958984e+00 -5.575735690883042162e-02 -6.186803373108094029e-01 7.836617620986265909e-01
-2.239892768859863281e+01 3.601485443115234375e+01 -4.886353015899658203e+00 4.044472575184062668e-01 -6.132872694217973430e-01 6.784549661186036751e-01
4.404026794433593750e+01 -2.756780147552490234e+00 -1.223348712921142578e+01 6.811169375179865204e-01 -4.201460127039351872e-02 -7.309681872053045426e-01
-4.146755599975585938e+01 3.770301818847656250e+01 7.108860969543457031e+00 -6.086298364645067460e-01 5.095446083100353407e-01 -6.082220107060910541e-01
-1.464025783538818359e+01 2.270144939422607422e+00 -2.107990455627441406e+01 3.618850823897163532e-02 5.426187043690742368e-02 -9.978707537993717347e-01
-2.328341674804687500e+01 5.523518085479736328e+00 -1.449019336700439453e+01 8.368873877066973499e-02 -1.070321710918024742e-02 9.964344615409927997e-01
-4.998795318603515625e+01 2.943830871582031250e+01 1.581388092041015625e+01 7.429867465279761385e-01 -4.627998402129823718e-01 4.835152555841552569e-01
2.823562431335449219e+01 3.875493621826171875e+01 -6.571894168853759766e+00 3.798198927066405162e-01 6.086231960391212947e-01 -6.966452858861830189e-01
-2.913409614562988281e+01 -4.863790893554687500e+01 9.397814750671386719e+00 -4.352895368668425746e-01 -7.465331535986052813e-01 -5.032010231233348119e-01
9.988971710205078125e+00 -2.159650802612304688e+01 -2.142579269409179688e+01 8.196746569158964296e-03 1.033272456338424489e-01 -9.946136403927932079e-01
-3.769114017486572266e+00 1.401333999633789062e+01 -1.610275840759277344e+01 9.569257773913719678e-02 -2.590441833792814230e-01 9.611134384779980167e-01
-5.212254714965820312e+01 -5.784483909606933594e+00 3.014127016067504883e+00 -9.372905933057268379e-01 -1.239481436698289078e-02 -3.483284545905009910e-01
4.194834518432617188e+01 -2.542234992980957031e+01 -7.500850200653076172e+00 6.360370180561887299e-01 -4.045897240518847027e-01 -6.570875640687559027e-01
6.378792762756347656e+00 -3.469209289550781250e+01 -1.346988296508789062e+01 -4.924410400440311364e-02 1.852174333412761609e-01 9.814629491770300307e-01
3.586253738403320312e+01 -1.109315395355224609e+01 -1.751565933227539062e+01 5.064375107241022578e-01 -1.625936359885875038e-01 -8.468083356153182084e-01
-3.641094589233398438e+01 1.661269378662109375e+01 -8.375921249389648438e+00 6.401179317997663931e-01 -3.304273874214515017e-01 6.935897743120380543e-01
2.534883117675781250e+01 2.131717681884765625e+01 -1.965961265563964844e+01 3.677214861333538698e-01 3.187432921850925638e-01 -8.736038131343557556e-01
-4.145388031005859375e+01 -2.674953651428222656e+01 -2.689719915390014648e+00 -7.424636525870523807e-01 -3.861002277643629244e-01 -5.474251900555908712e-01
4.582250595092773438e+01 2.857697963714599609e+00 -4.706348896026611328e+00 -6.491518088754695270e-01 1.859692134734424740e-01 7.375753389815680183e-01
-1.275882148742675781e+01 8.702897071838378906e+00 -1.566834449768066406e+01 1.993521099369412464e-01 -9.885203436226175366e-02 9.749292341324738986e-01
-1.133033084869384766e+01 -7.666979789733886719e+00 -1.614745140075683594e+01 1.087793325886830809e-01 1.088588564795017338e-01 9.880874486438617765e-01
8.139496803283691406e+00 1.631629371643066406e+01 -1.495065116882324219e+01 -4.341288227434111913e-01 -1.102631406442787509e-01 8.940772925640599889e-01
2.731278896331787109e+00 7.357625961303710938e+00 -2.108856582641601562e+01 1.604150671140172346e-01 1.516548313632212208e-01 -9.753295947355429263e-01
3.448519515991210938e+01 -1.869774818420410156e+01 -1.130446052551269531e+01 -5.382523991787461215e-01 2.534026745374372003e-01 8.037856924053807806e-01
9.665131568908691406e+00 -4.548456192016601562e+01 -2.619822978973388672e+00 -1.587632702684697028e-01 8.144914481369888160e-01 5.580303799304942025e-01
-3.772104978561401367e+00 -2.377344703674316406e+01 -1.432817745208740234e+01 1.716083561231224186e-02 2.280668134543012773e-02 9.995925975151552789e-01
6.968378067016601562e+00 3.748272705078125000e+01 -1.498699283599853516e+01 1.298722681655588296e-01 6.230545801297653341e-01 -7.713210642403425243e-01
-7.127843856811523438e+00 -4.712239456176757812e+01 -6.531546115875244141e+00 -1.272251390814902183e-01 -8.363103821501797208e-01 -5.332904543431428168e-01
4.241870880126953125e+01 3.950090110301971436e-01 -8.171417236328125000e+00 -6.363794534511207912e-01 -9.069376775390122422e-03 7.713228491560191191e-01
-2.031625175476074219e+01 -5.120127868652343750e+01 1.361430549621582031e+01 3.570039927979226091e-01 8.717816225213237402e-01 3.354772000604944737e-01
2.048387050628662109e+00 3.522307968139648438e+01 -1.106967926025390625e+01 3.036095807801288821e-02 -5.201381484992309012e-01 8.535423356227722635e-01
2.596303749084472656e+01 5.197967147827148438e+01 9.047971725463867188e+00 3.330678361119435715e-01 7.295079233767726157e-01 -5.973976952401274243e-01
-5.382728958129882812e+01 3.959845066070556641e+00 8.922365188598632812e+00 7.885587505821753940e-01 1.582679335020507200e-02 6.147557315654146315e-01
-4.404787445068359375e+01 -3.227130126953125000e+01 9.271269798278808594e+00 -2.205091600079084890e-01 -2.726207630490074529e-01 9.365114147233783992e-01
1.460046958923339844e+01 3.002086448669433594e+01 -1.245000648498535156e+01 -1.884663715382066118e-01 -4.012551341516769621e-01 8.963675273659473808e-01
-6.022663116455078125e+00 3.908904647827148438e+01 -7.638883113861083984e+00 1.381625880611453971e-01 -6.633133745191664987e-01 7.354770332540929711e-01
-6.278479099273681641e+00 3.143934249877929688e+01 -1.254562473297119141e+01 3.911494088332319319e-02 -3.218038237123349021e-01 9.459980552008627752e-01
-1.414514732360839844e+01 4.477231216430664062e+01 -6.374361991882324219e+00 -1.945389991486847769e-01 7.052323282623410572e-01 -6.817638454654996183e-01
-3.359847640991210938e+01 4.293834304809570312e+01 9.547593116760253906e+00 5.673243919233466048e-01 -6.438891178550244510e-01 5.133710531737092353e-01
-4.223300933837890625e+00 -3.339025115966796875e+01 -1.366471290588378906e+01 7.437907807671483192e-03 9.009137344457476826e-02 9.959057294535034188e-01
-4.797404861450195312e+01 -1.063368606567382812e+01 -2.406120061874389648e+00 -8.320884103081288563e-01 -2.020340451678098448e-01 -5.165376288558485296e-01
4.859210014343261719e+00 4.414405441284179688e+01 -3.193921089172363281e+00 -2.641124708407593946e-02 -6.936440158326118155e-01 7.198336094730997115e-01
7.278860211372375488e-01 5.645244979858398438e+01 1.236293315887451172e+01 2.563376999726616270e-02 -8.845441300492117298e-01 4.657516417912130890e-01
4.035163497924804688e+01 -1.775649261474609375e+01 -1.241877841949462891e+01 7.721483986444646064e-01 -2.503442940427526020e-01 -5.840501561604318770e-01
-2.244449615478515625e+01 3.500829696655273438e+01 -1.227942180633544922e+01 -3.370106646006123530e-01 5.819329382527249628e-01 -7.401201708655182898e-01
-7.342258930206298828e+00 -1.658859968185424805e+00 -2.117015266418457031e+01 -5.162996044942215305e-03 -1.711054147765917605e-02 -9.998402736648395184e-01
-3.031970787048339844e+01 -1.122575569152832031e+01 -1.335797977447509766e+01 1.491208092779655048e-01 8.884875436760408807e-02 9.848192134029523093e-01
1.593035793304443359e+01 -1.738852500915527344e+01 -2.124822616577148438e+01 -6.382185419429181605e-02 7.033501131027518338e-02 -9.954796618269939890e-01
-2.154079055786132812e+01 7.286577224731445312e+00 -2.135605239868164062e+01 5.373000735274671702e-02 -9.170078739391837597e-03 -9.985133929826816024e-01
-2.579961013793945312e+01 2.577279281616210938e+01 -1.683059692382812500e+01 -4.430353673955088611e-01 4.515626121760994427e-01 -7.744745770659124950e-01
-3.855175399780273438e+01 -3.126642417907714844e+01 -2.508177995681762695e+00 -6.911164052755822684e-01 -4.950524289828205915e-01 -5.265749774886446799e-01
8.795231819152832031e+00 4.978693771362304688e+01 3.749487876892089844e+00 -1.340911547180326513e-01 -8.006644987780981992e-01 5.839143110275696325e-01
-4.475091171264648438e+01 -8.658776283264160156e+00 -7.678698062896728516e+00 -8.577535467825527782e-01 -1.788077608467239232e-01 -4.819612408098102319e-01
-1.179824161529541016e+01 1.846249771118164062e+01 -1.448200416564941406e+01 1.280000995661935148e-01 -1.826804682894350995e-01 9.748045039989285954e-01
1.126023387908935547e+01 -3.827360153198242188e+01 -1.095595932006835938e+01 -1.685160326265908171e-01 6.901535379752110622e-01 7.037687409711321784e-01
-1.363302230834960938e+01 -4.628566360473632812e+01 9.042509794235229492e-01 2.355151785169111445e-01 7.809289447267527828e-01 5.785175744747153015e-01
2.874015998840332031e+01 4.341591262817382812e+01 -5.252209901809692383e-01 4.737231289422870750e-01 7.639779171036213956e-01 -4.380914736480744365e-01
3.427584457397460938e+01 -2.878308057785034180e+00 -1.304280853271484375e+01 -2.097450649864372185e-01 2.044435256779464707e-02 9.775423449456901448e-01
1.314282798767089844e+01 4.964469528198242188e+01 -1.357105016708374023e+00 2.288797666143419784e-01 8.326649664948986285e-01 -5.042649164939138062e-01
1.998029708862304688e+01 5.648509216308593750e+01 1.727065658569335938e+01 -2.319838454369385072e-01 -6.882477722444331203e-01 6.873852627579859487e-01
2.166540336608886719e+01 -3.957056808471679688e+01 -5.377964019775390625e+00 -2.827778418998563303e-01 7.257659331941139769e-01 6.271367493181505548e-01
8.372446060180664062e+00 8.173407554626464844e+00 -2.095514869689941406e+01 4.390461102108395713e-02 3.015516352269051112e-02 -9.985805181576532519e-01
-2.557546806335449219e+01 -5.225691223144531250e+01 1.992486763000488281e+01 3.521475566478157737e-01 7.635660800920585078e-01 5.412568149038140541e-01
-1.786899185180664062e+01 -3.112107467651367188e+01 -1.254762935638427734e+01 2.744177808175576883e-01 4.518476430970291280e-01 8.488395543321639591e-01
2.595089149475097656e+01 -3.483645629882812500e+01 -1.324125576019287109e+01 4.246146171842983819e-01 -5.840505253090360060e-01 -6.918001234169235403e-01
-4.171852493286132812e+01 1.750868988037109375e+01 -8.399773597717285156e+00 -7.495774917514754776e-01 3.176694592058830757e-01 -5.807062067409033412e-01
4.933805465698242188e+01 -5.170268058776855469e+00 -6.858603000640869141e+00 7.504248212092685666e-01 -9.112926827946413177e-02 -6.546434481272128680e-01
1.548139858245849609e+01 1.611606216430664062e+01 -2.066987419128417969e+01 -1.550625610133293114e-02 -8.567217775793149748e-02 -9.962027072739430000e-01
3.401532363891601562e+01 2.291713142395019531e+01 -1.357439613342285156e+01 5.218772009238360488e-01 3.828663777600067597e-01 -7.622712928720546399e-01
-4.389138793945312500e+01 2.110596275329589844e+01 -4.003304004669189453e+00 -7.723629582286306583e-01 3.801456943154271628e-01 -5.088661040487569842e-01
3.146051597595214844e+01 3.327183151245117188e+01 -2.908709049224853516e+00 -4.924928740789472625e-01 -5.361931883884012429e-01 6.855272669320591206e-01
2.039960479736328125e+01 -3.789601898193359375e+01 -1.352704334259033203e+01 2.951455804590950027e-01 -6.351173726667026509e-01 -7.138032006599637214e-01
-5.661576080322265625e+01 1.683795738220214844e+01 1.664237022399902344e+01 7.579993158280741161e-01 -2.706172045923732616e-01 5.934672406989126570e-01
1.836708259582519531e+01 7.861626148223876953e+00 -2.054507446289062500e+01 -1.328309598900507486e-03 9.225741410100976592e-03 -9.999565597009918427e-01
-2.620574951171875000e+01 -1.050334548950195312e+01 -2.166712951660156250e+01 -1.986267763560973509e-01 -9.052813471663417877e-02 -9.758852701722225964e-01
-4.457495212554931641e+00 3.531979370117187500e+01 -1.697859382629394531e+01 4.900425685210200132e-03 6.760435912386236756e-01 -7.368453355849436948e-01
1.385808753967285156e+01 9.532131195068359375e+00 -1.555035686492919922e+01 -2.180183499948721570e-01 -2.004082877781254990e-01 9.551463329015892345e-01
-1.935620498657226562e+01 3.990361785888671875e+01 -2.940146923065185547e+00 2.938702331502617837e-01 -6.578432804559440905e-01 6.934569232671722316e-01
-4.480952453613281250e+01 -1.318439960479736328e+00 -9.054869651794433594e+00 -8.671502711142536901e-01 -5.030437517782262308e-02 -4.954996237581270613e-01
-4.241931152343750000e+01 -1.652570533752441406e+01 -2.288681983947753906e+00 6.921543390186932765e-01 2.851119996963709657e-01 6.630486547808782660e-01
-5.835285568237304688e+01 -1.909564018249511719e+00 1.427780914306640625e+01 7.733586671216163833e-01 6.595801399003156651e-02 6.305282803953901061e-01
-8.917392730712890625e+00 -4.882867431640625000e+01 2.514307975769042969e+00 9.745519715840875175e-02 7.834488202182147143e-01 6.137674076109802535e-01
8.987372398376464844e+00 -3.012158393859863281e+01 -2.052139663696289062e+01 1.412880583781520039e-01 -4.356366124119104843e-01 -8.889648061008977864e-01
2.593282318115234375e+01 -2.856114864349365234e+00 -2.105393600463867188e+01 -3.099839878322586170e-03 4.854601697014873651e-02 -9.988161368485507507e-01
3.144159698486328125e+01 3.872059249877929688e+01 1.754452943801879883e+00 -4.088866752761557977e-01 -6.354207341675569554e-01 6.550207457566320501e-01
-6.985249042510986328e+00 4.572370147705078125e+01 -7.067935943603515625e+00 -5.616205181819172720e-02 6.432147332162204689e-01 -7.636233567074522943e-01
-1.258977603912353516e+01 5.026174545288085938e+01 1.469389945268630981e-01 -1.887553986142143925e-01 8.104266392468493230e-01 -5.545990100000594003e-01
-2.329786109924316406e+01 3.196213912963867188e+01 -8.013250350952148438e+00 3.938735109071828666e-01 -6.215399226878731698e-01 6.771645161338577523e-01
-4.154080200195312500e+01 -4.697549819946289062e+00 -1.235850238800048828e+01 -6.942843594679976027e-01 -7.240780539401391047e-02 -7.160491169718282700e-01
-2.038489341735839844e+01 -7.513604164123535156e+00 -1.445139789581298828e+01 2.641599793493153506e-02 4.143693403027911420e-02 9.987918579720561629e-01
2.764733314514160156e+01 3.373981857299804688e+01 -1.092453098297119141e+01 4.480664365613357125e-01 5.570024386779431902e-01 -6.992744466474164478e-01
-3.735710084438323975e-01 -1.212204456329345703e+01 -2.092103385925292969e+01 1.119745274240952770e-01 2.994883620111680328e-02 -9.932596701861750033e-01
2.204271697998046875e+01 4.817448425292968750e+01 1.252934932708740234e+00 3.006035653850455125e-01 7.466328309644376660e-01 -5.934449529685362767e-01
-4.893130064010620117e-01 -5.144793319702148438e+01 -8.271449804306030273e-01 -7.306186548431918559e-02 -8.043602387270212262e-01 -5.896325721726713986e-01
-1.346234512329101562e+01 1.463953208923339844e+01 -2.139427185058593750e+01 -1.300096772303228725e-02 -6.359124015580565337e-02 -9.978913412860697107e-01
-9.198658943176269531e+00 -6.754262924194335938e+00 -2.111165046691894531e+01 2.680616420753907658e-02 4.282061690424307510e-02 -9.987230969234758282e-01
-5.162877082824707031e+00 3.941275787353515625e+01 -1.358563995361328125e+01 -8.357012254956511232e-02 6.419094169718762011e-01 -7.622127885439056172e-01
6.392238140106201172e+00 3.734735107421875000e+01 -9.332189559936523438e+00 -1.123019939173319354e-01 -6.188718974501625780e-01 7.774225599431925371e-01
2.998496627807617188e+01 2.792418861389160156e+01 -1.353259658813476562e+01 4.977143989230343735e-01 4.588947263973058854e-01 -7.360000048841198739e-01
1.581007671356201172e+01 -3.927692031860351562e+01 -8.684016227722167969e+00 -2.424985566901828871e-01 7.150233749334571343e-01 6.556950688406517624e-01
9.634038925170898438e+00 1.352911567687988281e+01 -2.071147918701171875e+01 5.406084490374957890e-02 -9.578096208144355750e-02 -9.939333138350107122e-01
2.580875205993652344e+01 -3.022217369079589844e+01 -1.614130973815917969e+01 3.475785741227058745e-01 -3.984376175583133062e-01 -8.487853672898008073e-01
1.421694040298461914e+00 -2.823050689697265625e+01 -2.182859420776367188e+01 3.114798443178866654e-03 -2.538133759802622125e-01 -9.672481936939248959e-01
-3.486686325073242188e+01 -9.990516662597656250e+00 -1.723835754394531250e+01 -6.095151635885162067e-01 -1.756099701955425030e-01 -7.730798171751641634e-01
-2.516373062133789062e+01 -4.318527984619140625e+01 -2.484404087066650391e+00 -4.750374256861661371e-01 -7.250073674497707898e-01 -4.987020767362146945e-01
1.824672508239746094e+01 4.418267822265625000e+01 -6.228800773620605469e+00 2.581315697147270050e-01 7.038865289255581414e-01 -6.617490816871153259e-01
-4.471069872379302979e-01 3.158899688720703125e+01 -2.036569213867187500e+01 5.785120736587353978e-03 5.438060340817358895e-01 -8.391909971361448672e-01
-1.509760284423828125e+01 -4.337307739257812500e+01 -8.662428855895996094e+00 -2.843743850520782379e-01 -7.029892654859571932e-01 -6.518721513746131846e-01
-3.007566928863525391e+00 4.921708679199218750e+01 -3.463156938552856445e+00 -8.718308429562905693e-02 8.880829263919411964e-01 -4.513400333050761604e-01
1.182316970825195312e+01 6.069020080566406250e+01 1.889279747009277344e+01 -4.188548904788075289e-02 -3.395832043839175363e-01 9.396429391569811607e-01
-3.396063613891601562e+01 -4.342668056488037109e+00 -1.883546447753906250e+01 -5.868193764079805419e-01 -7.962466733153678033e-02 -8.057933555350845767e-01
3.078247451782226562e+01 5.255590438842773438e+01 1.258757495880126953e+01 6.393391916966943977e-01 5.027392302476971775e-01 -5.818063804484878698e-01
1.283056449890136719e+01 -6.680573940277099609e+00 -1.630992507934570312e+01 -8.447593143113267533e-02 1.356003850718130732e-01 9.871556881147059981e-01
-3.299719619750976562e+01 3.253669738769531250e+01 -9.062039852142333984e-01 5.434001823616956273e-01 -5.159453996128273712e-01 6.622058489832567396e-01
-1.445991802215576172e+01 -3.032048034667968750e+01 -1.921684265136718750e+01 -2.321917507656188762e-01 -3.763521238255971291e-01 -8.969091758747700371e-01
-3.321419143676757812e+01 -2.920904731750488281e+01 -1.016524219512939453e+01 -5.574450194339142239e-01 -4.759406573263552098e-01 -6.802466765902499546e-01
2.932579040527343750e+01 -2.085259437561035156e+01 -1.842446708679199219e+01 4.157826425598593056e-01 -3.563524338971634786e-01 -8.367423360877037641e-01
8.113631248474121094e+00 -4.279406738281250000e+01 -6.618146896362304688e+00 -7.502148001802128041e-02 7.766963710647222241e-01 6.253914971526211009e-01
1.679524993896484375e+01 5.395269775390625000e+01 6.914223194122314453e+00 2.560128427318025812e-01 8.027713711737908264e-01 -5.385309183140121192e-01
-4.622270965576171875e+01 2.955331802368164062e+01 1.033143615722656250e+01 6.836858596732897642e-01 -4.883934556395421733e-01 5.422596036690001675e-01
-2.608076477050781250e+01 -3.535313034057617188e+01 -1.058558082580566406e+01 -4.365207516313910352e-01 -5.149298365161548707e-01 -7.377647977916887978e-01
2.407688522338867188e+01 2.583135795593261719e+01 -1.190221977233886719e+01 -2.897994794079015723e-01 -3.998061843553503691e-01 8.695810926452604006e-01
-3.993313598632812500e+01 3.157235145568847656e+01 4.814774036407470703e+00 6.336876094560768280e-01 -4.990360843369329724e-01 5.911032060067887839e-01
-3.565537643432617188e+01 4.545716857910156250e+01 1.608628082275390625e+01 5.400283069300072514e-01 -7.122371080613213445e-01 4.484280651506499793e-01
-1.053420066833496094e+01 -1.596540927886962891e+00 -1.663770866394042969e+01 1.352650567792308967e-01 -2.469041286111671799e-02 9.905017657365680073e-01
-1.489776515960693359e+01 -1.520586299896240234e+01 -2.151829910278320312e+01 5.865599309794750776e-02 6.446041803119197111e-02 -9.961949251933265304e-01
-4.080898284912109375e+01 2.567056655883789062e+01 1.115558981895446777e+00 5.966227911778345661e-01 -4.217201476575786478e-01 6.827835397158018571e-01
4.413956832885742188e+01 -1.910321235656738281e+01 -2.437440872192382812e+00 -6.254473836792432406e-01 2.990480282666371226e-01 7.206842908227056865e-01
-3.219232177734375000e+01 2.671260833740234375e+01 -5.942129135131835938e+00 5.338988282564075538e-01 -5.284819053588071247e-01 6.600446325020453697e-01
-4.511119079589843750e+01 1.289195728302001953e+01 -8.030210137367248535e-01 7.362070043298474253e-01 -2.202738276005209994e-01 6.399052177079727066e-01
-5.726462936401367188e+01 1.150077819824218750e+01 1.528562164306640625e+01 8.092936393734232459e-01 -2.116591474100658898e-01 5.479454449006426753e-01
-2.458091354370117188e+01 -5.063319778442382812e+01 8.621457099914550781e+00 -3.909431325621887665e-01 -8.111953993663102436e-01 -4.348856069696895310e-01
3.039594888687133789e+00 -4.459111404418945312e+01 -1.081802368164062500e+01 1.174600476167518559e-02 -6.987033987055060180e-01 -7.153150299060641037e-01
1.794755935668945312e+01 -4.265513992309570312e+01 -3.597056865692138672e+00 -2.778414348458793648e-01 7.353955061561970874e-01 6.180595332231787475e-01
3.265573120117187500e+01 -1.481180095672607422e+01 -1.862252616882324219e+01 5.165094017145361871e-01 -2.133138248014511129e-01 -8.292859881181325887e-01
-3.763401412963867188e+01 -1.766563987731933594e+01 -1.205971717834472656e+01 -6.257778535011451204e-01 -2.911957887405035583e-01 -7.236070001646580652e-01
-9.028679847717285156e+00 -4.025260543823242188e+01 -1.391168880462646484e+01 -1.528442421012121410e-01 -6.843055280277254848e-01 -7.129969017935503528e-01
-1.543777275085449219e+01 5.679791259765625000e+01 1.033475685119628906e+01 -2.194159776969988873e-01 7.679070223201824863e-01 -6.018101310235819401e-01
3.824971771240234375e+01 -3.375696182250976562e+01 -1.290750056505203247e-01 -6.068848263768199525e-01 -7.686018665884316592e-01 -2.023412419413196384e-01
-2.829128456115722656e+01 3.209061431884765625e+01 -1.131311798095703125e+01 -4.743675449334875394e-01 5.410122216975333798e-01 -6.944646918941772551e-01
-2.535077285766601562e+01 -2.681512260437011719e+01 -1.138379478454589844e+01 4.723920400662729446e-01 4.425106380175919951e-01 7.622533015496151254e-01
1.353461742401123047e+01 4.194656753540039062e+01 -9.673317909240722656e+00 2.292229058322118873e-01 7.285261564909283338e-01 -6.455280774299381186e-01
3.136896514892578125e+01 1.441323089599609375e+01 -1.867587471008300781e+01 5.146077408214527749e-01 2.542449888331890229e-01 -8.188640660939104921e-01
-3.839623260498046875e+01 3.329026937484741211e+00 -1.539406967163085938e+01 -6.459214337367606973e-01 5.839712146776486479e-02 -7.611670497622230469e-01
1.017284297943115234e+01 5.750458526611328125e+01 9.734040260314941406e+00 1.544015755379698207e-01 7.448683378599886273e-01 -6.491003872476818204e-01
1.409546089172363281e+01 4.479095077514648438e+01 -7.561399936676025391e-01 -2.297949262131324111e-01 -6.920288352207805138e-01 6.843174578437047906e-01
9.789350032806396484e-01 4.476073074340820312e+01 -8.653693199157714844e+00 2.643288091616190563e-02 7.553459614419061330e-01 -6.547929301236189437e-01
-3.743880081176757812e+01 -4.561475372314453125e+01 1.222573375701904297e+01 -4.405105665616016464e-01 -6.250702712676817763e-01 -6.443893207719409988e-01
5.196359634399414062e+01 -7.875408172607421875e+00 -2.833469867706298828e+00 8.396732975059399973e-01 -1.328725968546346781e-01 -5.265867701154359759e-01
-2.849601554870605469e+01 -5.278326797485351562e+01 1.483574676513671875e+01 -3.914233611841334559e-01 -8.231402344587748221e-01 -4.113731964220186943e-01
-3.837206268310546875e+01 -3.986919784545898438e+01 7.145882129669189453e+00 -3.626433128744339651e-01 -4.991114255436154834e-01 -7.870054717213060824e-01
-2.753473663330078125e+01 -2.976872444152832031e+01 -8.062089920043945312e+00 4.583399531087474776e-01 5.289603818083209452e-01 7.142306363223762666e-01
-4.305121994018554688e+01 -3.159917831420898438e+01 4.469508171081542969e+00 -7.814683914054543212e-01 -5.012093640157346819e-01 -3.716131411254377515e-01
-1.329917430877685547e+01 2.048891258239746094e+01 -2.148115348815917969e+01 7.440141611610008587e-02 -5.049821643190169351e-02 -9.959489743039628973e-01
-3.277999114990234375e+01 -2.775119400024414062e+01 -5.458838939666748047e+00 6.049782596135284685e-01 4.915734739948845466e-01 6.263839278426504009e-01
-4.388021850585937500e+01 -2.029759025573730469e+01 1.329061031341552734e+00 7.403310028359815220e-01 3.501022889167494379e-01 5.738801212231723348e-01
-3.029745101928710938e+01 -3.703122329711914062e+01 8.315020203590393066e-01 4.914127211810125351e-01 7.246235653989182568e-01 4.831503140121428119e-01
5.092651367187500000e+01 -1.331600284576416016e+01 -2.596497058868408203e+00 8.214491330168560701e-01 -2.192193414168927268e-01 -5.264638660103837520e-01
4.660991191864013672e+00 -2.356816291809082031e+01 -1.431405544281005859e+01 1.670277342373705952e-03 3.587727423215827938e-02 9.993548075469842473e-01
-1.941346931457519531e+01 -4.357909774780273438e+01 -5.800858020782470703e+00 -3.716955038771734832e-01 -7.940527594856869875e-01 -4.809601517284564087e-01
-3.070534324645996094e+01 3.555286788940429688e+01 -6.386317253112792969e+00 -4.849855157226137248e-01 5.287832498257704072e-01 -6.965467136114903424e-01
3.147780895233154297e+00 1.352057933807373047e+00 -1.787797546386718750e+01 9.574548396243857951e-02 1.571604771879889229e-02 9.952817732405726536e-01
-2.907298278808593750e+01 4.719247436523437500e+01 5.753229141235351562e+00 -4.792557035275300525e-01 7.434870660859775882e-01 -4.664128570260445694e-01
-3.307948684692382812e+01 -1.592168426513671875e+01 -1.079319572448730469e+01 5.432860970518741395e-01 2.841969491119498703e-01 7.899824750370108006e-01
-2.693274021148681641e+00 5.419300079345703125e+00 -1.754869079589843750e+01 5.396600154849300751e-02 -9.526927356795997226e-02 9.939876438823075366e-01
3.507432937622070312e+00 6.132789993286132812e+01 1.370052909851074219e+01 5.109957065522396924e-02 9.104435486106176034e-01 -4.104648324426315442e-01
4.199311447143554688e+01 -1.093346023559570312e+01 -7.473639965057373047e+00 -6.895729916145750815e-01 1.723505731049456979e-01 7.034091051345027212e-01
2.313594818115234375e+01 3.216322326660156250e+01 -8.632202148437500000e+00 -3.153239740519719891e-01 -5.686293000074069681e-01 7.597575340601485649e-01
-8.566979408264160156e+00 -5.337660980224609375e+01 4.280509948730468750e+00 -8.198825854701671800e-02 -4.727195648590749588e-01 8.773905279064018181e-01
5.092589569091796875e+01 -5.314630270004272461e-01 1.738869994878768921e-01 4.392808814509656379e-02 -3.600104263666856902e-02 9.983858212139180566e-01
-9.110410213470458984e-01 -3.647319793701171875e+01 -1.790688323974609375e+01 5.199847497198336818e-03 -4.818017275722398796e-01 -8.762648326244817376e-01
-1.987383842468261719e+01 -3.605767822265625000e+01 -7.627662181854248047e+00 3.703661831929996318e-01 6.473570951697332765e-01 6.661513954653659475e-01
-2.968416595458984375e+01 1.230791759490966797e+01 -2.001397705078125000e+01 -2.709800142369146458e-01 1.737036521565057390e-01 -9.467823789613183383e-01
-2.328069686889648438e+01 -1.643008041381835938e+01 -2.173682022094726562e+01 -2.986645264024043733e-01 -1.184332142762872658e-01 -9.469810317134207400e-01
-5.679455566406250000e+01 1.992770195007324219e+01 1.260904598236083984e+01 -8.159300944464946692e-01 3.093420967771681740e-01 -4.884317231077843768e-01
-3.684432220458984375e+01 2.369691276550292969e+01 -3.809814929962158203e+00 6.133826562345930933e-01 -4.394024265321554434e-01 6.562676470680606222e-01
-6.604089736938476562e+00 -9.797272682189941406e+00 -1.634735870361328125e+01 5.766322732745177843e-02 9.475485025938115702e-02 9.938291958714559060e-01
-5.054512023925781250e+01 7.594354152679443359e+00 -6.855720281600952148e-01 -7.977006474363751432e-01 7.518088792874355608e-02 -5.983489877737186990e-01
-1.121233367919921875e+01 5.733741760253906250e+00 -2.113855361938476562e+01 1.742452260735153149e-02 5.004331875877354036e-03 -9.998356578330170885e-01
-3.045195007324218750e+01 -2.631889343261718750e+01 -1.398864841461181641e+01 -5.339149783790639869e-01 -3.905283275100798202e-01 -7.499482790664054876e-01
3.157645416259765625e+01 3.515176010131835938e+01 -7.438478946685791016e+00 4.403443706348338926e-01 5.048351809960424097e-01 -7.424542243659910667e-01
-5.212399673461914062e+01 1.832472419738769531e+01 6.557267189025878906e+00 -7.954290556078037477e-01 2.577405323852267061e-01 -5.485092847533735716e-01
4.779654312133789062e+01 -2.603836441040039062e+01 5.401760101318359375e+00 -5.268423821456725831e-01 7.880279550994104265e-02 8.463020877883330462e-01
2.322839546203613281e+01 4.502454757690429688e+01 -2.509266853332519531e+00 3.362508379491466748e-01 7.241986614005901934e-01 -6.020562040242505297e-01
-1.884275245666503906e+01 4.444273757934570312e+01 1.239937067031860352e+00 2.802772760956803166e-01 -6.822899107635850280e-01 6.752222790863797730e-01
-4.345746231079101562e+01 8.725576400756835938e+00 -9.854380607604980469e+00 -7.923569573694044799e-01 1.694166522760750526e-01 -5.860618141799270875e-01
1.705134391784667969e+01 -4.483494186401367188e+01 -7.887861251831054688e+00 2.592281059920893416e-01 -7.906163313639150703e-01 -5.547311111199895173e-01
-4.347412872314453125e+01 7.167538166046142578e+00 -4.084144115447998047e+00 6.950920651402985317e-01 -1.015358586706681249e-01 7.117144725119796123e-01
-1.276380062103271484e+00 3.165248680114746094e+01 -1.272706317901611328e+01 4.167477067159135878e-02 -2.885459330329340766e-01 9.565586537267977141e-01
-2.692731857299804688e+01 1.383456802368164062e+01 -1.367331886291503906e+01 1.589102670492101299e-01 -8.511764221430088984e-02 9.836170565876879435e-01
3.204356002807617188e+01 1.919921493530273438e+01 -1.117124462127685547e+01 -4.235399576248338738e-01 -3.038194562266665066e-01 8.534094224422920094e-01
-3.113572692871093750e+01 -2.103209877014160156e+01 -1.043405151367187500e+01 5.797399118712907029e-01 2.696901920321078672e-01 7.688750450529350244e-01
4.669194412231445312e+01 -2.323664093017578125e+01 -3.146320104598999023e+00 7.607804002062735771e-01 -3.503360870831512819e-01 -5.463312262256743157e-01
-3.138350868225097656e+01 -1.742238807678222656e+01 -1.734075927734375000e+01 -6.504562470166820320e-01 -2.712320913035758951e-01 -7.094644623686672258e-01
-2.691491889953613281e+01 2.141522026062011719e+01 -1.858702278137207031e+01 -4.589179274523341179e-01 4.011095388755715474e-01 -7.927833712218493867e-01
1.125957298278808594e+01 -4.655337905883789062e+01 -7.551770210266113281e+00 1.784574302666779855e-01 -8.245901262567202350e-01 -5.368464112411853728e-01
-1.874032020568847656e+00 4.115324783325195312e+01 -6.234440803527832031e+00 3.908208808259130973e-02 -6.760144362222199055e-01 7.358512569876188847e-01
-6.235441207885742188e+00 -1.590711688995361328e+01 -2.114336776733398438e+01 1.826895305020397042e-02 4.353561739270690040e-02 -9.988848258796831914e-01
-3.145858383178710938e+01 2.968000888824462891e+00 -2.041238784790039062e+01 -4.558211539086458042e-01 6.079930524698638067e-02 -8.879924099511630198e-01
-1.202165603637695312e+01 -3.693830871582031250e+01 -1.585677433013916016e+01 -2.429389964973805438e-01 -6.160061062239829965e-01 -7.493444608960639908e-01
-5.700869750976562500e+01 -3.100770950317382812e+00 9.139939308166503906e+00 -6.456863686660796464e-01 -1.128166108897717262e-01 -7.552228317696421112e-01
4.345219421386718750e+01 -2.815015220642089844e+01 -3.550723075866699219e+00 6.783563610700469315e-01 -4.920088994103687385e-01 -5.456737947682679390e-01
-4.302061080932617188e+01 3.833190536499023438e+01 1.580345821380615234e+01 6.982360689724002034e-01 -5.638816336306035071e-01 4.410259575581139124e-01
-3.096343040466308594e+00 6.183464050292968750e+01 1.500016498565673828e+01 -7.383779546982720265e-02 9.028554868876244033e-01 -4.235563123801445173e-01
-1.549443435668945312e+01 -3.494496917724609375e+01 -1.079414939880371094e+01 3.248482295444273249e-01 6.001182083029498182e-01 7.309800023428195681e-01
-2.077748870849609375e+01 -2.395552635192871094e+01 -2.013872909545898438e+01 -3.594411618775056882e-01 -3.440032045858428811e-01 -8.674467397960634596e-01
-4.881817245483398438e+01 8.631610274314880371e-01 -3.487825870513916016e+00 -8.306838850613681435e-01 -2.150916901687168967e-02 -5.563287146530865312e-01
-4.507263565063476562e+01 -3.758675003051757812e+01 1.613828086853027344e+01 5.342103122826659112e-01 5.879437612418043635e-01 6.074055283479864453e-01
1.416424274444580078e+01 2.062257051467895508e+00 -1.628585433959960938e+01 -3.144821521428166067e-01 -9.964333745968061151e-02 9.440191636209078752e-01
-2.153903770446777344e+01 -1.392771339416503906e+01 -1.412780189514160156e+01 1.165323292874135136e-01 5.697533136793841990e-02 9.915513238589133138e-01
-4.801286315917968750e+01 -4.634940147399902344e+00 7.549049854278564453e-01 8.099921271160247516e-01 7.338692212416206284e-02 5.818308290828183571e-01
2.038249206542968750e+01 1.541405105590820312e+01 -1.400574111938476562e+01 -7.132037767176256648e-02 -4.516093229748791710e-02 9.964305765695765649e-01
3.226535034179687500e+01 2.755105400085449219e+01 -6.657811164855957031e+00 -5.016621799848584029e-01 -5.165308491846345440e-01 6.939243035183592090e-01
3.624028015136718750e+01 -8.496903419494628906e+00 -1.220339775085449219e+01 -3.711686764115093573e-01 9.795414308944619397e-02 9.233844267164897923e-01
1.201818466186523438e+01 -1.150770187377929688e+01 -2.091198539733886719e+01 1.347745215892962034e-01 6.945148532421938081e-02 -9.884393352738629623e-01
-8.318289756774902344e+00 5.877099609375000000e+01 1.101049041748046875e+01 -1.358604532340428050e-01 7.800717814020414753e-01 -6.107617809811662912e-01
-2.083949470520019531e+01 -5.325307083129882812e+01 1.862348175048828125e+01 3.029037880392720372e-01 8.033644184019428369e-01 5.126937745254647183e-01
4.023437976837158203e+00 5.394770050048828125e+01 8.338691711425781250e+00 -9.861787588136289306e-02 -8.289892526102867754e-01 5.505009842073728121e-01
2.402442169189453125e+01 -1.876304244995117188e+01 -2.151774024963378906e+01 2.652914507339951267e-01 -1.864374110046316813e-01 -9.459712141208855840e-01
-1.444679260253906250e+01 3.452760696411132812e+01 -1.577405166625976562e+01 -2.453722381995166457e-01 5.993804153546364866e-01 -7.619288565281295833e-01
-3.146255874633789062e+01 -3.177349865436553955e-01 -1.354072570800781250e+01 1.594380747790438702e-01 -5.191168530984838908e-03 9.871942828440787299e-01
-2.133195686340332031e+01 2.854043197631835938e+01 -1.740979003906250000e+01 -3.664140951317700345e-01 5.085750564379377670e-01 -7.791611661639167297e-01
-5.117047882080078125e+01 -1.926782798767089844e+01 7.825153827667236328e+00 -6.339244112036974688e-01 -1.933476054815621292e-01 -7.488367941912255077e-01
1.089358139038085938e+01 2.058568954467773438e+00 -2.100629425048828125e+01 6.875822641686095416e-02 7.463428708377300991e-02 -9.948376900236062248e-01
-5.493116855621337891e+00 5.097338104248046875e+01 5.055937767028808594e+00 8.166528795056608725e-02 -7.666151586373375348e-01 6.368924393423123220e-01
-3.530303955078125000e+01 -2.370195770263671875e+01 -5.916215896606445312e+00 6.194179601586355943e-01 4.071086450784123234e-01 6.712554966146154767e-01
-1.563447284698486328e+01 4.133178710937500000e+01 -9.361386299133300781e+00 -2.747382701318973885e-01 7.369520957818687101e-01 -6.175924962688940090e-01
-4.342335891723632812e+01 -4.182817077636718750e+01 1.874363899230957031e+01 3.710385318852401637e-01 5.829938214391219287e-01 7.228060680571620766e-01
4.374187088012695312e+01 -3.076212501525878906e+01 4.439922809600830078e+00 -5.298168590695235824e-01 3.610821017550828738e-01 7.674072006684824476e-01
6.404259800910949707e-01 -3.923921203613281250e+01 -1.079145622253417969e+01 7.124646970687562031e-02 7.270986509646192308e-01 6.828261069406603712e-01
-2.001196098327636719e+01 2.128819656372070312e+01 -1.375675106048583984e+01 1.518989922877803656e-01 -1.355119316352032532e-01 9.790624150310606177e-01
1.821410942077636719e+01 -5.504951000213623047e+00 -2.072605514526367188e+01 5.150916389098306701e-03 1.626850687630024966e-02 -9.998543912712329895e-01
2.117576408386230469e+01 -2.422771930694580078e+00 -1.441415786743164062e+01 -1.517873724952393810e-01 4.561719072027046323e-02 9.873599472643104225e-01
-5.114886474609375000e+01 -8.955519676208496094e+00 6.647478103637695312e+00 8.598919636068911299e-01 2.024097662016919041e-01 4.686321558220921113e-01
1.405301094055175781e+01 5.736228179931640625e+01 1.645976257324218750e+01 -1.909456331963819142e-01 -7.680675406733925570e-01 6.112381026467176293e-01
5.684345245361328125e+00 6.283081054687500000e+00 -1.761284637451171875e+01 -8.047784859576924410e-02 -1.504121549416166104e-01 9.853423260629858849e-01
1.765631103515625000e+01 3.538794326782226562e+01 -1.402177715301513672e+01 3.304423438563358628e-01 6.588230121056916078e-01 -6.758402889046455364e-01
-1.529339981079101562e+01 -1.940319985151290894e-01 -1.573204898834228516e+01 2.485419639455284657e-01 6.957132514370600136e-04 9.686208794679017631e-01
1.918655991554260254e+00 -2.303434181213378906e+01 -2.143955039978027344e+01 -7.233760174766336055e-04 1.364034979113961932e-01 -9.906530989628372641e-01
-8.898687362670898438e+00 -3.270023727416992188e+01 -1.356133079528808594e+01 1.624964271432128432e-02 1.260291189228119613e-01 9.918934470472100529e-01
-3.882563400268554688e+01 -4.861182403564453125e+01 1.761915969848632812e+01 -4.553151379348854833e-01 -7.765691020363664210e-01 -4.354636091911328610e-01
-4.078532028198242188e+01 1.504216670989990234e+01 -4.478949069976806641e+00 7.192066134258923160e-01 -2.820835548907829615e-01 6.349572546751771629e-01
-1.804897689819335938e+01 3.670347595214843750e+01 -6.399363040924072266e+00 3.266430189914070192e-01 -6.370192420697180502e-01 6.982197529267567537e-01
2.464443922042846680e+00 6.326662445068359375e+01 1.829002189636230469e+01 5.417445989758379321e-02 9.750859283683817047e-01 2.151105766641341344e-01
-3.360689926147460938e+01 -5.168838882446289062e+01 1.796640968322753906e+01 -3.834317213179552764e-01 -8.129152528937251265e-01 -4.383479288189698342e-01
5.284942150115966797e+00 4.348869323730468750e+01 -9.870656967163085938e+00 7.438696624233906429e-02 7.761068013415041156e-01 -6.261987002259906676e-01
-4.810784912109375000e+01 -2.410452651977539062e+01 9.080835342407226562e+00 5.341255397803168492e-01 1.852515307627144170e-01 8.248586412861638184e-01
1.936445426940917969e+01 -2.988579559326171875e+01 -1.342978954315185547e+01 -1.254319844089071545e-01 1.705144960673364574e-01 9.773390526926395427e-01
-2.714477539062500000e+01 5.046685409545898438e+01 8.449472427368164062e+00 -3.919059996105297428e-01 7.031941156025012241e-01 -5.932349646230301587e-01
-4.501825714111328125e+01 2.801565361022949219e+01 2.493077039718627930e+00 -7.081263221427446242e-01 4.421167665601901109e-01 -5.505359902994101384e-01
4.132536315917968750e+01 -1.598689842224121094e+01 -6.622593879699707031e+00 -5.933890932166288046e-01 3.359727984007403467e-01 7.314449143895407346e-01
-3.739543914794921875e+01 -5.752044200897216797e+00 -1.046922492980957031e+01 5.803034568408851346e-01 1.133627448666322673e-01 8.064718135526012244e-01
-3.764410018920898438e+01 9.260978698730468750e+00 -9.752645492553710938e+00 6.474759996690138131e-01 -1.767418978725193157e-01 7.413077170710089536e-01
4.346044540405273438e+01 1.935939073562622070e+00 -1.268901443481445312e+01 6.496477865068818192e-01 6.331092660610840306e-02 -7.575945353940884974e-01
-2.698997306823730469e+01 7.035148143768310547e+00 -2.144390296936035156e+01 -2.404201552638213918e-02 3.059219074063093680e-02 -9.992427629736020389e-01
-4.813321685791015625e+01 2.378552055358886719e+01 3.632539987564086914e+00 -7.787525879443324417e-01 3.875658508439671635e-01 -4.932921224078044564e-01
-4.318411254882812500e+01 3.434469985961914062e+01 1.075412273406982422e+01 6.350257280970689200e-01 -5.251779551091022569e-01 5.665072286583899830e-01
-1.046624469757080078e+01 -1.332230281829833984e+01 -2.118417358398437500e+01 -7.555119869139116651e-02 3.007792144116693683e-02 -9.966881834445879829e-01
1.801013183593750000e+01 2.764731025695800781e+01 -1.930771827697753906e+01 3.074153272893254685e-01 4.644071543994672813e-01 -8.305551224874760941e-01
-3.253709030151367188e+01 1.932481956481933594e+01 -1.579896545410156250e+01 -5.079017252922475301e-01 3.447136007508597166e-01 -7.894354760856236997e-01
-3.503500747680664062e+01 5.104611968994140625e+01 1.699452018737792969e+01 -5.144648704918175497e-01 7.417817062882677837e-01 -4.302159890635208206e-01
-3.566896438598632812e+01 -4.340705490112304688e+01 8.366312980651855469e+00 -5.426927686564333442e-01 -6.616543252750322068e-01 -5.173955089608498481e-01
-2.943876647949218750e+01 -4.079260253906250000e+01 4.310443878173828125e+00 4.957844780302079757e-01 6.165495324086086582e-01 6.116080652109160409e-01
-5.759685039520263672e+00 -3.359511184692382812e+01 -1.908949279785156250e+01 -8.481767681762482358e-02 -4.249112455471358851e-01 -9.012526810538999955e-01
-5.897296524047851562e+01 5.842964172363281250e+00 1.133183288574218750e+01 -7.359799237029824859e-01 8.701729430327147241e-02 -6.713877734947887310e-01
4.615468215942382812e+01 -7.620656013488769531e+00 -3.923964023590087891e+00 -7.383207995055719453e-01 9.192219616806351912e-02 6.681561994542091210e-01
-2.665446043014526367e+00 -1.149045944213867188e+00 -2.094533729553222656e+01 6.448895370485373257e-02 -1.691635693870940579e-02 -9.977750306146047077e-01
-5.400671386718750000e+01 2.378841972351074219e+01 1.096319961547851562e+01 -7.261270797417649359e-01 3.233173206922670406e-01 -6.067992865899483057e-01
2.163166236877441406e+01 3.300460433959960938e+01 -1.389308071136474609e+01 6.657045814356302715e-01 7.338186785947092838e-01 -1.354531550061754130e-01
-5.415390777587890625e+01 1.222618007659912109e+01 1.092896175384521484e+01 8.029699753587137279e-01 -1.869345159165740344e-01 5.659458502643720523e-01
2.511110115051269531e+01 -2.295639801025390625e+01 -1.340662765502929688e+01 -1.541011249627536051e-01 1.288873760058329432e-01 9.796126211883678936e-01
2.758895301818847656e+01 -7.174282073974609375e+00 -2.152383804321289062e+01 -4.145947089714844408e-02 2.470505123392170155e-01 -9.681152599901825528e-01
2.112389951944351196e-01 5.376866531372070312e+01 2.944977998733520508e+00 -2.495361441036810651e-02 8.097193671655227298e-01 -5.862865029701127551e-01
-2.817408180236816406e+01 -2.218557357788085938e+01 -1.754975509643554688e+01 -4.594243793670264586e-01 -3.606490853041260936e-01 -8.117028254925073849e-01
-1.124747753143310547e+01 -4.951049041748046875e+01 -1.434352993965148926e+00 -2.642809033390518536e-01 -7.666896756843977201e-01 -5.851004574679870007e-01
2.355939483642578125e+01 4.663384628295898438e+01 5.329309940338134766e+00 -2.865002564073426128e-01 -7.149577897059187226e-01 6.377718730215015119e-01
3.539880371093750000e+01 3.438540267944335938e+01 -4.950040817260742188e+00 7.889605607502730988e-01 5.439014461515215837e-01 -2.858538970433984749e-01
-1.807113075256347656e+01 -2.058435821533203125e+01 -1.394290065765380859e+01 1.060458834478039125e-01 5.367559018240213725e-02 9.929114772336683492e-01
-2.772768211364746094e+01 5.092970275878906250e+01 1.639489364624023438e+01 4.408296693480036055e-01 -7.638285604543711971e-01 4.714182143879603326e-01
-1.542359828948974609e+01 5.802890396118164062e+01 1.841985702514648438e+01 1.770072035729822468e-01 -5.378122983545514657e-01 8.242732445141404130e-01
2.965230751037597656e+01 1.917467117309570312e+01 -1.809602737426757812e+01 4.793594546322472172e-01 3.573843780738846787e-01 -8.015553128533409177e-01
-3.172941589355468750e+01 -1.304672145843505859e+01 -1.862765312194824219e+01 -4.861007950966628188e-01 -2.447052133515167371e-01 -8.389430109161056803e-01
-1.913825035095214844e+01 3.423058986663818359e+00 -2.120106124877929688e+01 4.275923245783700734e-03 -7.606864427543695399e-03 -9.999619253221481152e-01
-2.524442100524902344e+01 -4.680989837646484375e+01 2.270272016525268555e+00 -4.326783098799190097e-01 -7.780918048537421861e-01 -4.553708635594758136e-01
-5.408074855804443359e+00 5.518299102783203125e+01 1.057660961151123047e+01 1.232777468978984714e-01 -8.527283557985660956e-01 5.075992004887830422e-01
-4.874652099609375000e+01 1.841570281982421875e+01 1.010643005371093750e+00 -8.280788222585963032e-01 2.839882513165123967e-01 -4.833592217399035884e-01
-3.899750900268554688e+01 2.101934814453125000e+01 -9.737056732177734375e+00 -6.961408277854786997e-01 3.745306498703509512e-01 -6.124661135098341536e-01
-4.301845169067382812e+01 -2.696387863159179688e+01 4.769466876983642578e+00 7.256958396896681096e-01 4.758140262001998022e-01 4.969573027215347660e-01
-1.762708663940429688e+01 -4.418866348266601562e+01 1.541240066289901733e-01 2.934177191782491034e-01 7.397128991981424262e-01 6.055830816924404614e-01
3.947064971923828125e+01 -1.312124061584472656e+01 -1.473475742340087891e+01 5.994507639259205600e-01 -1.902217670297923491e-01 -7.774795566294291360e-01
-5.076702880859375000e+01 3.376178741455078125e+01 1.455440711975097656e+01 -7.574978875225568675e-01 5.579477180142188297e-01 -3.389561835423413605e-01
3.947434234619140625e+01 -2.210252761840820312e+01 -1.135650634765625000e+01 6.980654432216580885e-01 -3.764906422444525558e-01 -6.090643917371213467e-01
7.821282863616943359e+00 -1.411934757232666016e+01 -1.584792137145996094e+01 -4.422269896987154197e-02 1.213297706359352801e-01 9.916266634440863426e-01
-8.161961555480957031e+00 5.187624359130859375e+01 1.239057064056396484e+00 -1.419505327692655583e-01 8.497210401705058702e-01 -5.077639216585549953e-01
4.662067413330078125e+01 -1.654051399230957031e+01 -7.057118892669677734e+00 7.417916453034227864e-01 -2.690281693856244605e-01 -6.143036700485036139e-01
4.611660003662109375e+01 -1.664736986160278320e+00 -4.517383098602294922e+00 -7.292596930530756971e-01 4.327095635381031369e-02 6.828674281471919238e-01
-7.796600818634033203e+00 4.487833023071289062e+00 -1.699996757507324219e+01 2.158049170617502288e-01 -1.342561237538727852e-02 9.763441968406003646e-01
-4.047287368774414062e+01 -2.740220129489898682e-01 -8.250576019287109375e+00 7.088238241363050696e-01 3.902424321619646971e-03 7.053747638108400775e-01
-1.492147636413574219e+01 2.686900329589843750e+01 -1.328932094573974609e+01 4.561857241599753809e-02 -2.180679855343700124e-01 9.748668111776646050e-01
-6.620072841644287109e+00 2.701600074768066406e+01 -2.135156822204589844e+01 -1.361778922880872711e-01 4.365897354678029141e-02 -9.897219183593013447e-01
1.487249565124511719e+01 2.055100822448730469e+01 -2.136931800842285156e+01 2.650105780162765462e-02 -2.575106551392299381e-01 -9.659119817173608125e-01
2.601211357116699219e+01 2.647824859619140625e+01 -1.651372337341308594e+01 4.172086176907970345e-01 4.492326628797318477e-01 -7.900170782499069677e-01
-6.760664939880371094e+00 -4.959653091430664062e+01 -2.738620996475219727e+00 -1.779872210733258464e-01 -8.433220999731163570e-01 -5.070782827449111796e-01
-3.693856048583984375e+01 -2.707362937927246094e+01 -2.022876024246215820e+00 6.394945715776316764e-01 4.544720141487839649e-01 6.200821568778518422e-01
2.342967796325683594e+01 -3.135985183715820312e+01 -1.183740901947021484e+01 -3.990248946737121050e-01 4.535734225392164531e-01 7.969004227610211322e-01
-1.726391410827636719e+01 -4.883486557006835938e+01 2.423899993300437927e-02 -2.558748387681828440e-01 -7.090403747772380250e-01 -6.571071555089856853e-01
-2.699542427062988281e+01 -3.914509582519531250e+01 -5.814960002899169922e+00 -4.837913919849093358e-01 -7.105271761423697097e-01 -5.109765366476758386e-01
6.747231960296630859e+00 -2.765078735351562500e+01 -1.378037834167480469e+01 -1.442680550333897034e-02 1.177660527566635196e-01 9.929365660006098659e-01
-1.404525184631347656e+01 3.306069183349609375e+01 -1.067114257812500000e+01 1.819863872225365720e-01 -4.847492185122609931e-01 8.555110461107100495e-01
-3.865372848510742188e+01 -1.871123504638671875e+01 -5.337796211242675781e+00 6.863255425280855304e-01 3.042255007697847180e-01 6.606088815289293814e-01
2.808211708068847656e+01 2.135457038879394531e+01 -1.213883781433105469e+01 -3.125118166164652100e-01 -2.759343394945317218e-01 9.089535767919026954e-01
3.102593231201171875e+01 -2.976601791381835938e+01 -8.449812889099121094e+00 -1.317946395595201992e-01 3.474262268152976119e-01 9.283992621196236472e-01
-3.849359512329101562e+01 -1.467903017997741699e+00 -1.536050510406494141e+01 -6.368562767487295773e-01 -2.210024824027555929e-02 -7.706657263648512002e-01
-2.442312240600585938e+01 6.212170124053955078e-01 -1.440798664093017578e+01 1.108726539549366175e-01 -8.393342901404225384e-03 9.937991781038704175e-01
-4.319955062866210938e+01 4.227847671508789062e+01 1.356034469604492188e+01 -6.658489934525814169e-01 6.361240155890327541e-01 -3.898606862830211184e-01
-1.483727359771728516e+01 4.950777435302734375e+01 5.462417125701904297e+00 1.727224202388084606e-01 -7.478709400909320237e-01 6.409805164857619308e-01
6.404376029968261719e+00 1.665522193908691406e+01 -2.081484985351562500e+01 4.523034853606323902e-02 -8.150516608297540821e-03 -9.989433340537010597e-01
-2.938294219970703125e+01 -4.702772140502929688e+01 1.358773326873779297e+01 4.676011859424486494e-01 8.033777427907358160e-01 3.686913794675401035e-01
-1.880660247802734375e+01 3.392893600463867188e+01 -1.474585533142089844e+01 -3.202410081192729185e-01 6.185893387736435267e-01 -7.174907153924281467e-01
-3.605261611938476562e+01 3.824105834960937500e+01 1.431098937988281250e+00 -6.193502452963302041e-01 6.131617333578178730e-01 -4.903447383188809794e-01
-3.481450271606445312e+01 -3.171732902526855469e+01 -6.251708984375000000e+00 -6.374279631425434633e-01 -5.603721887090031828e-01 -5.288370277556495580e-01
-1.774323940277099609e+00 8.023598670959472656e+00 -2.118024063110351562e+01 -3.803011861159841245e-02 -7.324657066856281621e-04 -9.992763249333871389e-01
-3.737557601928710938e+01 3.045473670959472656e+01 1.132202029228210449e+00 5.543463788755688126e-01 -4.374000661592196693e-01 7.080828160261020132e-01
-3.530900573730468750e+01 2.087897682189941406e+01 -7.129565238952636719e+00 6.363883241895379461e-01 -3.910088893112534381e-01 6.649225137674401598e-01
4.187831878662109375e+01 6.109041213989257812e+00 -1.314518165588378906e+01 4.963874758628918915e-01 6.798346447857341879e-01 -5.398373176759102554e-01
-6.169279098510742188e+01 9.501842498779296875e+00 1.773801803588867188e+01 -8.665532894808617437e-01 4.371351458472836488e-02 4.971664963898397849e-01
-4.044976806640625000e+01 -9.774977684020996094e+00 -7.097527027130126953e+00 7.124347391486041126e-01 1.905850147667659533e-01 6.753621951224483277e-01
-5.525580596923828125e+01 2.469509506225585938e+01 1.878669357299804688e+01 3.809403842930169648e-01 -2.623977547652725506e-01 8.865843681843441626e-01
2.793040275573730469e+01 4.335579681396484375e+01 4.335555076599121094e+00 -3.122115739960131808e-01 -6.436415824827435017e-01 6.987484857672622285e-01
-1.306583976745605469e+01 -3.872269821166992188e+01 -8.202333450317382812e+00 2.806138644983083297e-01 6.724370710691638386e-01 6.848972510554041104e-01
-1.186191177368164062e+01 5.646268844604492188e+01 1.521879482269287109e+01 2.194770824507598084e-01 -8.298405091897691488e-01 5.130248917806689013e-01
2.826245117187500000e+01 3.842879056930541992e+00 -1.357434558868408203e+01 -6.106228895635111564e-02 -3.620982812115110250e-02 9.974769396907617880e-01
-4.348783874511718750e+01 -1.306818389892578125e+01 -7.968513965606689453e+00 -8.545916177254915258e-01 -2.588297647838249671e-01 -4.502003107232124268e-01
2.660730171203613281e+01 5.627841186523437500e+01 1.491512489318847656e+01 3.650904751707768625e-01 7.842230521493143147e-01 -5.017002585380940793e-01
2.709427070617675781e+01 -2.815016365051269531e+01 -1.180544662475585938e+01 -3.981421596707981347e-01 3.498751598626687054e-01 8.479800665132080084e-01
-5.757913208007812500e+01 -1.556695461273193359e+01 1.165581893920898438e+01 -6.786234809057047901e-01 -2.258206153154181661e-01 -6.989100234379177490e-01
-2.007332086563110352e+00 -2.951134300231933594e+01 -1.373538780212402344e+01 1.374541611393464112e-02 4.780848873712027769e-02 9.987619395734537164e-01
-2.389615058898925781e+00 -5.021170806884765625e+01 3.038558006286621094e+00 7.360531076659108940e-02 7.781279427005184379e-01 6.237781360512824058e-01
3.549310684204101562e+01 -2.257493972778320312e+01 -9.032896041870117188e+00 -5.745834822027999778e-01 3.484247180609624239e-01 7.405768277659270371e-01
3.949350118637084961e-01 4.393463516235351562e+01 -3.542860984802246094e+00 -6.318843060318106442e-02 -7.433300892336379695e-01 6.659336308355501277e-01
-1.146649074554443359e+01 -4.607941818237304688e+01 -6.584980010986328125e+00 -2.487663117807665802e-01 -8.343089296412568023e-01 -4.919796053129183999e-01
-5.065586853027343750e+01 9.025400280952453613e-01 3.986083984375000000e+00 8.255889274016691148e-01 1.620373391420728421e-02 5.640393266067526001e-01
-9.425539970397949219e+00 6.004103851318359375e+01 1.870485305786132812e+01 -6.976916024380408476e-02 -4.276984540081951724e-01 9.012248868722357864e-01
-3.788151168823242188e+01 -1.148529338836669922e+01 -1.430863952636718750e+01 -5.949945285949944651e-01 -2.505248182802113921e-01 -7.636876497414942788e-01
-4.623538970947265625e+01 -1.318304443359375000e+01 8.476290106773376465e-01 7.621766739848976346e-01 2.489431410201786987e-01 5.975901858065664207e-01
3.416532516479492188e+01 6.588904857635498047e+00 -1.263047504425048828e+01 -2.972908009271609253e-01 -8.679450740989383406e-02 9.508337884023480013e-01
-1.201696300506591797e+01 -2.239563941955566406e+01 -2.185429191589355469e+01 4.918276238164129982e-02 4.550878043778328053e-02 -9.977524777155787339e-01
2.038949966430664062e+01 2.380831909179687500e+01 -1.342188453674316406e+01 -7.103986037495146899e-02 -8.157905443159606251e-02 9.941318806455983204e-01
4.509502887725830078e+00 -5.062036037445068359e+00 -1.731967735290527344e+01 -7.683530387632631770e-03 1.069314872961063118e-01 9.942367023930595016e-01
-3.307946777343750000e+01 1.528005313873291016e+01 -1.121613121032714844e+01 4.952156795904219533e-01 -1.959750417754761165e-01 8.463777015546289917e-01
1.141544437408447266e+01 1.336539173126220703e+01 -1.531864643096923828e+01 -1.137459225006111629e-01 -1.479385026182842011e-01 9.824337456325209494e-01
-3.704697036743164062e+01 2.898908615112304688e+01 -6.258041858673095703e+00 -5.858859781473488848e-01 4.344279837742126005e-01 -6.841125254840729752e-01
-8.759693145751953125e+00 -3.956961059570312500e+01 -8.758564949035644531e+00 2.103632597542622606e-01 6.968343149361910793e-01 6.856888773146097016e-01
-3.501237487792968750e+01 2.362916946411132812e+01 -1.192348194122314453e+01 -5.355371946182007070e-01 4.182121672847579075e-01 -7.336882827982555977e-01
-3.460959625244140625e+01 4.990418910980224609e+00 -1.802908515930175781e+01 -6.573074446763456091e-01 -1.831084698885596454e-02 -7.534000504749145399e-01
-5.224431991577148438e+01 7.886373043060302734e+00 7.301352977752685547e+00 8.127806643975494794e-01 -1.183631678655851366e-01 5.704189268198430751e-01
1.129443645477294922e+01 3.283401107788085938e+01 -1.163826751708984375e+01 -1.534278999394263210e-01 -4.715126364169153761e-01 8.684098762792529236e-01
-4.373200225830078125e+01 -6.548777103424072266e+00 -3.937841892242431641e+00 7.124639119721905001e-01 8.965504397818525872e-02 6.959577194245010201e-01
-2.304000473022460938e+01 4.371913146972656250e+01 -3.397007942199707031e+00 -3.937589593299157809e-01 7.323791349800311545e-01 -5.554949906104670321e-01
-2.025423049926757812e+01 5.299405288696289062e+01 1.353233718872070312e+01 3.792351071326106604e-01 -8.456280828561478780e-01 3.756246517511241390e-01
-2.136100006103515625e+01 -4.924929428100585938e+01 3.379677057266235352e+00 -3.889388415192684412e-01 -8.402002349334191100e-01 -3.778758298376288516e-01
-1.802288818359375000e+01 2.225222015380859375e+01 -2.128301239013671875e+01 -5.077998194338359528e-02 2.886205137544282581e-02 -9.982927303272477459e-01
-1.193395018577575684e+00 1.799942016601562500e+01 -1.528266239166259766e+01 -5.049248249130484575e-03 -1.825501996778112479e-01 9.831835686634058380e-01
-3.384054183959960938e+01 -4.693364715576171875e+01 1.793869781494140625e+01 4.272168824230570539e-01 7.341274412667954108e-01 5.277713854992440723e-01
1.251478099822998047e+01 5.498909759521484375e+01 6.830546855926513672e+00 1.468666728719582037e-01 8.489437662281253960e-01 -5.076658962171156642e-01
-2.349310302734375000e+01 -1.250846982002258301e+00 -2.145266914367675781e+01 3.181105148930175874e-02 1.835773045841141218e-02 -9.993252977562218087e-01
1.204100418090820312e+01 -3.457332229614257812e+01 -1.321289730072021484e+01 -1.312151837559434320e-01 3.751991902744682417e-01 9.176100169294565401e-01
-2.836750221252441406e+01 2.808877563476562500e+01 -1.397590923309326172e+01 -4.672101956417587520e-01 4.823447657846101633e-01 -7.409845882395794670e-01
-1.648814773559570312e+01 1.116140174865722656e+01 -1.494785690307617188e+01 1.367853393877518087e-01 -8.592845601502857589e-02 9.868667951529481730e-01
-2.857726097106933594e+01 5.518515777587890625e+01 1.726472663879394531e+01 -4.341358009837748555e-01 8.135342988978609968e-01 -3.868954003615733273e-01
-6.210061264038085938e+01 4.325311183929443359e+00 1.750964736938476562e+01 -7.674423096632546626e-01 5.700690301504661439e-02 6.385785107152933682e-01
-2.659480094909667969e+00 4.644056320190429688e+01 -6.873130798339843750e+00 -2.964591821194544757e-02 7.005807105197695561e-01 -7.129570727477113623e-01
-5.839792251586914062e+01 2.504280090332031250e+00 1.456553840637207031e+01 8.045898176638373034e-01 -9.814961906302652195e-02 5.856636215349692032e-01
-3.793821716308593750e+01 4.386708831787109375e+01 9.615065574645996094e+00 -5.397643537845869810e-01 5.948231543486386386e-01 -5.956843605755004489e-01
-1.943743133544921875e+01 -4.083199310302734375e+01 -9.362636566162109375e+00 -3.190032947973692190e-01 -6.447687988095496259e-01 -6.946294652475616394e-01
-4.863077545166015625e+01 1.525089263916015625e+01 4.508038997650146484e+00 7.830141794432269320e-01 -2.621944894099053625e-01 5.640415272955788817e-01
1.520279943943023682e-01 2.246409988403320312e+01 -2.116829490661621094e+01 2.394977938767513595e-02 -1.865534419009834410e-02 -9.995390868797631168e-01
1.553297710418701172e+01 -3.584856033325195312e+01 -1.651604652404785156e+01 1.938180029167630714e-01 -5.247956295456159825e-01 -8.288691868776268956e-01
-6.079563140869140625e+01 -9.939549446105957031e+00 1.396554756164550781e+01 -8.056796708944985452e-01 -1.118698711560091319e-01 -5.816918426752004656e-01
1.079495906829833984e+01 4.326646423339843750e+01 -3.167601108551025391e+00 -1.537361309567666923e-01 -6.872230175556193199e-01 7.099927648787648371e-01
3.690257263183593750e+01 1.530787086486816406e+01 -1.478398227691650391e+01 6.932498740242607482e-01 2.878903130903143204e-01 -6.606994625350526285e-01
-4.057464218139648438e+01 2.206067848205566406e+01 -1.336778044700622559e+00 6.096494727264964997e-01 -3.341323964404039337e-01 7.188066931055229203e-01
2.759129047393798828e+00 -9.734519958496093750e+00 -1.673776817321777344e+01 -1.752661975936567473e-02 1.332613535021975326e-01 9.909259453978247478e-01
-4.479587554931640625e+01 1.197971343994140625e+01 -6.852251052856445312e+00 -7.260233011791151769e-01 2.287269096004442559e-01 -6.485168979830905345e-01
-2.024996042251586914e+00 -3.984970855712890625e+01 -1.537109947204589844e+01 -1.473484855680455390e-02 -6.393888689062704467e-01 -7.687423226002118026e-01
3.139812278747558594e+01 4.738960266113281250e+01 7.330062866210937500e+00 9.826931594647321244e-01 -1.049554116779435747e-01 1.526385138185505919e-01
-2.206213951110839844e+01 -3.793238067626953125e+01 -4.376585960388183594e+00 4.022518257345245596e-01 6.968712432660283396e-01 5.937709482638078295e-01
-1.880297851562500000e+01 -5.481047821044921875e+01 1.156373119354248047e+01 -1.806731684315126263e-01 -7.942890612468773703e-01 -5.800535263167292399e-01
2.774612426757812500e+01 -3.725121688842773438e+01 -1.006406879425048828e+01 3.971571323871285752e-01 -5.723429372015440553e-01 -7.174188277634915289e-01
2.301033592224121094e+01 3.936902618408203125e+01 -2.590347051620483398e+00 -3.357402284618536958e-01 -6.322374080900404758e-01 6.982509282514202109e-01
-4.606916809082031250e+01 -1.457557201385498047e+01 -3.645687103271484375e+00 -7.978077259174074509e-01 -2.519707248692163448e-01 -5.477349598805762998e-01
8.707942008972167969e+00 -4.967555618286132812e+01 -3.180408954620361328e+00 9.182837514205043072e-02 -8.390837125830385990e-01 -5.361959276203388525e-01
-2.981403160095214844e+01 -3.177650833129882812e+01 -4.735017776489257812e+00 5.160539681189452166e-01 5.972436167520847050e-01 6.139937819209406733e-01
1.647916793823242188e+01 -2.741670036315917969e+01 -2.054774284362792969e+01 2.407766204336865556e-01 -4.108919425428350647e-01 -8.793147505904288508e-01
7.628269195556640625e+00 3.406924438476562500e+01 -1.756598663330078125e+01 1.197228632228475032e-01 6.918761560672228583e-01 -7.120209411859789173e-01
-5.126654815673828125e+01 3.159189939498901367e+00 -1.335200071334838867e-01 -8.322693540545648139e-01 4.524894839809539410e-02 -5.525217235281015826e-01
3.749437332153320312e+01 -1.974470019340515137e-01 -1.188822078704833984e+01 -4.550754531356311916e-01 -1.839539798603465753e-02 8.902628495485674920e-01
-4.801370620727539062e+01 3.706531524658203125e+01 1.390877437591552734e+01 -7.256053297106053179e-01 5.857639500157661994e-01 -3.610782468627686814e-01
2.556915044784545898e+00 -4.852435684204101562e+01 -5.572412014007568359e+00 -3.828902866991690593e-04 -8.566324075280455919e-01 -5.159270992763733688e-01
2.090543174743652344e+01 -1.091295433044433594e+01 -2.100885391235351562e+01 1.736867884237283319e-02 8.102911454806935310e-02 -9.965603903381000661e-01
-2.677443981170654297e+00 4.763022232055664062e+01 5.446699857711791992e-01 1.676529345504091176e-02 -7.239664994577046375e-01 6.896313744300818227e-01
-5.381450653076171875e+01 2.836339759826660156e+01 1.413094234466552734e+01 -8.102702616919844614e-01 4.283117503847650442e-01 -4.000139341322274111e-01
-2.234587860107421875e+01 4.966888427734375000e+01 4.121540069580078125e+00 -3.768483186960818743e-01 7.474754103252035931e-01 -5.470519679656631329e-01
3.982215118408203125e+01 -4.344392776489257812e+00 -1.565614414215087891e+01 6.814099006791705104e-01 -2.398230504924266093e-02 -7.315089857964343079e-01
3.452291107177734375e+01 2.314191055297851562e+01 -7.703962802886962891e+00 -5.409647787996682000e-01 -3.832761126224409898e-01 7.486364468760895452e-01
2.754448318481445312e+01 -9.076697349548339844e+00 -1.365917968750000000e+01 -1.251739743177224251e-01 6.267060978913600866e-02 9.901534582185550493e-01
3.901790237426757812e+01 -2.872900581359863281e+01 -8.057252883911132812e+00 5.234082312129726411e-01 -4.773032041608949450e-01 -7.058508870832779225e-01
-1.083489131927490234e+01 -1.964225769042968750e+01 -1.434954261779785156e+01 -1.953993746947093463e-02 3.260507102239038058e-02 9.992772889380173718e-01
-3.180930018424987793e-01 3.817128753662109375e+01 -9.007634162902832031e+00 1.486563474525985640e-02 -6.309555740463398399e-01 7.756765282535460493e-01
3.556504011154174805e+00 1.167856216430664062e+01 -1.684763908386230469e+01 -7.226700964848527253e-02 -2.159236733596154312e-01 9.737322253059904620e-01
-1.041263389587402344e+01 1.471400976181030273e+00 -2.102096557617187500e+01 3.216019460205037095e-02 3.670889211936709251e-02 -9.988083795816526944e-01
2.201348114013671875e+01 2.940208625793457031e+01 -1.658370780944824219e+01 3.681643921728457447e-01 5.270353129859057795e-01 -7.659561078820688040e-01
5.084743118286132812e+01 -2.073143959045410156e+01 9.496150016784667969e-01 7.696808272591150191e-01 -3.366999014313550864e-01 -5.424247418083359973e-01
-2.793229866027832031e+01 2.413896179199218750e+01 -1.054302215576171875e+01 3.568660775456996559e-01 -3.857300795547929928e-01 8.507989823829127385e-01
1.264531517028808594e+01 6.822701930999755859e+00 -2.073312568664550781e+01 1.197672974990967587e-01 9.487184849156576893e-02 -9.882586335638845476e-01
1.878556251525878906e+01 2.360965538024902344e+01 -2.056106376647949219e+01 1.856666464012793061e-01 2.419353559483207738e-01 -9.523629454972833974e-01
1.908740615844726562e+01 4.493128204345703125e+01 1.156906962394714355e+00 -2.869233956777391126e-01 -6.836214107937268469e-01 6.710713313181767559e-01
2.276168632507324219e+01 1.649181365966796875e+01 -2.090159606933593750e+01 -2.873756206927717827e-01 1.918616286350079692e-01 -9.384052259493050885e-01
5.182586669921875000e+01 -2.393028020858764648e+00 -3.716480970382690430e+00 8.007536011179817725e-01 -2.900655831869414572e-02 -5.982911413944622669e-01
-2.954057312011718750e+01 3.910692214965820312e+01 -3.987024068832397461e+00 -5.424559559818366017e-01 6.316422755555199942e-01 -5.538678285934977019e-01
1.367303562164306641e+01 -4.600550842285156250e+01 -1.194746971130371094e+00 -1.826264459843065235e-01 6.911174747333272972e-01 6.992883649435116533e-01
1.638468742370605469e+01 3.759644317626953125e+01 -6.950478076934814453e+00 -2.117971851813141571e-01 -6.274863715514047424e-01 7.492681802042072681e-01
1.304088306427001953e+01 4.815545272827148438e+01 2.656399011611938477e+00 -1.583039535048072211e-01 -7.849288020788718345e-01 5.990213969231608093e-01
1.238364934921264648e+00 5.721771621704101562e+01 8.084239006042480469e+00 2.608683040364535594e-03 8.231971522148803233e-01 -5.677496308744779396e-01
3.777968978881835938e+01 -2.862795448303222656e+01 -2.846369981765747070e+00 -6.203043832914759692e-01 4.788645590143817410e-01 6.212175192228107656e-01
4.807255554199218750e+01 -1.524972152709960938e+01 -2.309600077569484711e-02 -7.023840647271218929e-01 2.262367040660535900e-01 6.748878272355601782e-01
1.067244243621826172e+01 2.281216430664062500e+01 -2.106573677062988281e+01 3.123871462197810173e-02 1.714108653135064733e-02 -9.993649612935664450e-01
1.000549983978271484e+01 4.839135742187500000e+01 -3.989315986633300781e+00 1.353261849227660185e-01 9.082772490351957995e-01 -3.958778379239056289e-01
-4.733778762817382812e+01 3.364788818359375000e+01 9.828477859497070312e+00 -6.321313959243773928e-01 4.597735627150549287e-01 -6.237132107908277545e-01
4.429341888427734375e+01 -2.544891166687011719e+01 1.034453034400939941e+00 -6.789899001342781792e-01 4.054275987798323655e-01 6.120467119944867918e-01
-3.616672992706298828e+00 -4.558198165893554688e+01 -9.380733489990234375e+00 -8.316592273651751688e-02 -7.201741101325217498e-01 -6.887907377354998140e-01
1.803710174560546875e+01 5.458309936523437500e+01 1.397516822814941406e+01 -2.725685198376370244e-01 -7.975682540803977760e-01 5.381368618452612163e-01
1.527048110961914062e+01 3.865221405029296875e+01 -1.210296821594238281e+01 1.014193660967141752e-01 4.820640882415828110e-01 -8.702461301312131026e-01
-4.345279932022094727e-01 1.288055038452148438e+01 -2.109002304077148438e+01 5.137122596674928432e-02 8.676799986319691516e-02 -9.949031668169588949e-01
9.006439208984375000e+00 -4.996236801147460938e+01 2.610859870910644531e+00 1.641694033669369168e-01 4.731121920839089223e-01 8.655710604564496036e-01
1.463589572906494141e+01 -4.269791030883789062e+01 -1.093632984161376953e+01 2.269975806704891963e-01 -6.503757263116530796e-01 -7.249024161874028094e-01
-1.249418354034423828e+01 2.852017021179199219e+01 -2.074300384521484375e+01 -6.170634103639054124e-02 1.864451646283370179e-01 -9.805256386564366045e-01
-1.035359025001525879e+00 3.865866470336914062e+01 -1.446393680572509766e+01 1.177432050899285092e-02 4.617856145061538520e-01 -8.869134183288273077e-01
-4.029495239257812500e+01 -3.295749282836914062e+01 9.888169765472412109e-01 -6.743887888377637641e-01 -5.342568071044432321e-01 -5.096758043624396439e-01
-2.452800750732421875e+01 5.455210113525390625e+01 1.195660018920898438e+01 -4.126286922759208609e-01 7.617079920994617170e-01 -4.995382839007131981e-01
-1.621382522583007812e+01 5.255361938476562500e+01 9.982036590576171875e+00 2.647861251968264273e-01 -8.350893728186324916e-01 4.821971042101285687e-01
3.193837547302246094e+01 -3.353329467773437500e+01 -1.033290863037109375e+01 4.158458137451747083e-01 -5.372916334913719894e-01 -7.337506114278792291e-01
1.075765609741210938e+01 5.618730163574218750e+01 1.373703861236572266e+01 -1.588080105603849601e-01 -8.464098019894988889e-01 5.083015471921661366e-01
-2.839762926101684570e+00 5.759889221191406250e+01 1.476634120941162109e+01 5.133215381449632297e-02 -8.740805435087728448e-01 4.830612936721108142e-01
-3.441028594970703125e+01 -3.528010177612304688e+01 -3.186315059661865234e+00 -5.829583447996146139e-01 -5.858453369263326715e-01 -5.629785159579051568e-01
-3.782263946533203125e+01 -3.792060470581054688e+01 3.415570020675659180e+00 -6.265925949587175525e-01 -6.430331455358575532e-01 -4.403295285183145835e-01
3.100466156005859375e+01 1.335246849060058594e+01 -1.288135719299316406e+01 -3.133716047152354522e-01 -1.573492729575184657e-01 9.365038407064535386e-01
-2.369713020324707031e+01 -5.316183090209960938e+01 1.195596408843994141e+01 -3.441530210993618555e-01 -7.626451366330319059e-01 -5.476596512782061499e-01
-2.650705146789550781e+01 4.477847290039062500e+01 3.544160127639770508e-01 -4.330407924821030319e-01 7.303478429874317168e-01 -5.282685872641661451e-01
1.424793434143066406e+01 3.303136825561523438e+01 -1.681014060974121094e+01 2.426464952026691768e-01 5.068254807941201534e-01 -8.271944211512005651e-01
1.855947685241699219e+01 1.148416996002197266e+01 -1.441420459747314453e+01 -1.248631741643352333e-01 -7.667038978986129294e-02 9.892071770195957070e-01
-3.361851119995117188e+01 -4.127685165405273438e+01 2.458702087402343750e+00 -5.990357049652950128e-01 -6.833954068854265484e-01 -4.172852046558017114e-01
-3.176980781555175781e+01 5.033246231079101562e+01 1.165596294403076172e+01 -4.402172351769446657e-01 7.123804499465230533e-01 -5.465554687194666972e-01
-4.433271789550781250e+01 -2.022104644775390625e+01 -3.033071994781494141e+00 -7.647785945487125536e-01 -3.431522269832844030e-01 -5.453074824688436406e-01
2.169305992126464844e+01 -1.212807273864746094e+01 -1.405319976806640625e+01 -1.374102171516334014e-01 3.948450483222456023e-03 9.905063563456433240e-01
2.472235918045043945e+00 -1.573912429809570312e+01 -2.096678161621093750e+01 1.558222419647953098e-02 3.910882311413645118e-02 -9.991134541400780167e-01
3.972107696533203125e+01 -8.226119995117187500e+00 -9.836935043334960938e+00 -6.233906254931498303e-01 9.635860257266641582e-02 7.759504802224832520e-01
4.737878417968750000e+01 -1.115140819549560547e+01 -1.884772062301635742e+00 -7.189120544552123349e-01 1.528072489699485170e-01 6.780968976637645751e-01
-6.199209976196289062e+01 -3.898087978363037109e+00 1.503529930114746094e+01 -8.677037175793350654e-01 -5.656744644823032825e-02 -4.938525918746687893e-01
-1.819716072082519531e+01 5.894104003906250000e+01 1.521094512939453125e+01 -3.267185090444694184e-01 8.353954633426535770e-01 -4.420061489100261531e-01
6.381498813629150391e+00 -4.211494445800781250e+01 -1.343041801452636719e+01 7.744028411622032315e-02 -7.221560104964732663e-01 -6.873817708521346992e-01
-4.795843887329101562e+01 5.590089797973632812e+00 -4.406613826751708984e+00 -8.180696381132361861e-01 5.183396061397813059e-02 -5.727785852529295729e-01
-4.084674835205078125e+01 2.285510444641113281e+01 -6.439781188964843750e+00 -6.338633843862068185e-01 3.843292014645118826e-01 -6.711991320287256091e-01
-5.473051071166992188e+01 1.584345340728759766e+01 8.727059364318847656e+00 -7.254392384697561091e-01 1.880467424066176174e-01 -6.620999425756504131e-01
-3.847076034545898438e+01 3.121530342102050781e+01 -2.967417001724243164e+00 -6.312730276306415256e-01 5.174428863251991917e-01 -5.777085978047155068e-01
5.918304920196533203e+00 2.642300987243652344e+01 -1.374367332458496094e+01 -1.179584590086058329e-02 -1.484947560897080243e-01 9.888428416251702213e-01
-1.636355781555175781e+01 4.802163314819335938e+01 -1.671962022781372070e+00 -2.288315087400760450e-01 7.386557568513378857e-01 -6.340534784055030793e-01
-3.262047958374023438e+01 4.681199264526367188e+01 8.224973678588867188e+00 -4.576059727479299122e-01 6.502250771828003151e-01 -6.064685669579605864e-01
3.350984954833984375e+01 -2.827745246887207031e+01 -1.296799468994140625e+01 5.204525622154425601e-01 -4.414276810010909213e-01 -7.309382552099594754e-01
8.780123710632324219e+00 -4.654203891754150391e+00 -1.716931343078613281e+01 -7.251315729948830391e-02 9.764359644726723630e-02 9.925762288566569724e-01
2.015387535095214844e+01 4.083024978637695312e+00 -2.059517860412597656e+01 -2.179084536420897514e-02 1.316823543918107381e-02 -9.996758257724007724e-01
-3.750290870666503906e+00 -2.076771163940429688e+01 -2.139456748962402344e+01 9.755738635947147066e-04 9.905414740416021435e-02 -9.950815665751585604e-01
3.214629888534545898e+00 -3.695715713500976562e+01 -1.745845222473144531e+01 1.071814142426252489e-02 -5.097280279660006963e-01 -8.602688294657091506e-01
4.898503494262695312e+01 -2.521450996398925781e+01 1.434630990028381348e+00 7.873838485242613539e-01 -4.252678024552534186e-01 -4.462891117627703075e-01
4.388679122924804688e+01 -3.220852661132812500e+01 5.252749919891357422e-01 6.493198537895142897e-01 -4.765013849280275715e-01 -5.927311006151402273e-01
1.063730907440185547e+01 -2.764260053634643555e+00 -2.095274925231933594e+01 7.786829775569014712e-03 -3.809356802046959256e-02 -9.992438367873559546e-01
-3.146900558471679688e+01 5.252386474609375000e+01 1.528930282592773438e+01 -4.759642807618222338e-01 7.918481206096945613e-01 -3.826676852384791605e-01
-5.905533790588378906e+00 -4.254838943481445312e+01 -1.209827041625976562e+01 -1.493477877134924137e-01 -7.597777389479355437e-01 -6.327977763110804732e-01
1.580519580841064453e+01 -1.087621879577636719e+01 -1.512847328186035156e+01 -2.484725966792002416e-01 1.422328913643104986e-01 9.581394331273731524e-01
-4.031699752807617188e+01 -1.435625076293945312e+01 -5.554913997650146484e+00 7.044573392304468440e-01 2.606302407154077461e-01 6.601603856859236119e-01
2.097141027450561523e+00 -4.446724891662597656e+00 -2.093181037902832031e+01 -3.711944486733659981e-02 -2.721094990021943535e-02 -9.989402940207530168e-01
-1.549852275848388672e+01 -4.223175048828125000e+01 -3.054822921752929688e+00 3.102632409879949038e-01 7.349771483332732114e-01 6.029471889971088627e-01
-2.623105049133300781e+00 2.818741226196289062e+01 -2.146107101440429688e+01 1.826977009437924515e-02 1.190564200522812623e-02 -9.997622073218920269e-01
-4.102655029296875000e+01 4.634263229370117188e+01 1.728082847595214844e+01 -6.315210375026224510e-01 6.574661438552950044e-01 -4.109981129830889701e-01
-3.715121841430664062e+01 1.260617065429687500e+01 -1.484257316589355469e+01 -5.500691534057499110e-01 2.605519961423353181e-01 -7.934334148356282368e-01
-3.174418067932128906e+01 3.185386848449707031e+01 -8.601895332336425781e+00 -5.750129095684748393e-01 5.907519930909936878e-01 -5.660143430060896597e-01
-1.447275996208190918e+00 6.205217742919921875e+01 1.918735313415527344e+01 2.603120760939312342e-02 -6.526751625360399656e-02 9.975282089006215491e-01
-4.488468170166015625e+01 4.260612106323242188e+01 1.900740242004394531e+01 -6.094026682411710638e-01 6.116770362893800828e-01 5.044597022724232049e-01
-4.661385345458984375e+01 3.567977523803710938e+01 1.756738853454589844e+01 6.507832763760122985e-01 -5.365997048514875578e-01 5.371609478942034333e-01
-4.064878463745117188e+01 -4.579010772705078125e+01 1.516095352172851562e+01 -5.103540944384616918e-01 -7.395351642744756315e-01 -4.388922864341797125e-01
-2.023249435424804688e+01 -3.378697872161865234e+00 -1.473525047302246094e+01 2.130108801196635149e-01 6.280167482928762646e-02 9.750293916540581085e-01
-6.382285118103027344e+00 -1.462903785705566406e+01 -1.561726951599121094e+01 4.040486674511901272e-02 1.491436172743085542e-01 9.879896903154626875e-01
-2.596741294860839844e+01 3.337874603271484375e+01 -5.121744155883789062e+00 4.478352346149669372e-01 -6.204641226174218982e-01 6.437917949010769636e-01
-4.997506713867187500e+01 2.457618904113769531e+01 1.148368835449218750e+01 7.442235587164905963e-01 -4.024958766454587167e-01 5.330369254889999464e-01
3.013663673400878906e+01 4.049570083618164062e+01 -3.156913995742797852e+00 4.904134037562532522e-01 6.433832836854960213e-01 -5.878372595287530977e-01
-4.674405288696289062e+01 9.182974815368652344e+00 2.303499914705753326e-02 7.581991068278238766e-01 -1.681977722977493206e-01 6.299552553948292166e-01
1.910217475891113281e+01 -2.574436759948730469e+01 -1.358920860290527344e+01 3.072488863169829318e-02 -6.457287930820124200e-02 9.974398851441715896e-01
-2.058327102661132812e+01 5.517594146728515625e+01 1.768611145019531250e+01 3.160851074113757431e-01 -6.515191077271031972e-01 6.896470525850293409e-01
-1.019596099853515625e+01 4.463936233520507812e+01 -1.351912021636962891e+00 2.073858468269088873e-01 -6.820232965673900249e-01 7.013097272070563104e-01
-2.681756210327148438e+01 -4.555934524536132812e+01 7.897140979766845703e+00 4.987202603098823683e-01 8.066724279842837353e-01 3.171083346214413345e-01
-1.069233417510986328e+01 5.421092987060546875e+01 5.262060165405273438e+00 -1.575489296624184854e-01 8.130505756693360286e-01 -5.604704239886237893e-01
3.174571037292480469e+00 -3.190405082702636719e+01 -1.385233306884765625e+01 -2.066014354312963736e-02 1.808629114724760257e-03 9.997849205351633239e-01
1.415468931198120117e+00 5.156829833984375000e+00 -1.778245162963867188e+01 1.199217135877898160e-02 -9.184025782691686290e-02 9.957015390509281749e-01
-5.335194110870361328e+00 1.920265007019042969e+01 -2.103061676025390625e+01 9.254609855745857261e-02 -2.687207534601319600e-02 -9.953457244638123091e-01
-2.583968734741210938e+01 1.535878467559814453e+01 -2.105867195129394531e+01 -2.894165755361109982e-01 1.073449946898000218e-01 -9.511651265264078337e-01
2.287209987640380859e+00 1.677420234680175781e+01 -2.088956069946289062e+01 1.942698348870357944e-02 6.946261823397237301e-02 -9.973953764584088111e-01
-3.980011367797851562e+01 -4.113062667846679688e+01 1.529200458526611328e+01 5.240407485668733267e-01 6.867830871844773366e-01 5.036966199994096227e-01
4.769978046417236328e+00 -3.039930915832519531e+01 -2.081200981140136719e+01 6.114961107402109436e-02 -4.897974263788339444e-01 -8.696891434174434110e-01
2.809231185913085938e+01 -1.652042007446289062e+01 -1.328797531127929688e+01 -3.201466573100457402e-02 -3.222001497789768465e-02 9.989679333256680227e-01
-5.805091857910156250e+01 -1.615068626403808594e+01 1.583956146240234375e+01 6.538515848311223788e-01 9.090581988154300408e-02 7.511419552424787316e-01
-1.932438278198242188e+01 3.776794815063476562e+01 -1.142020225524902344e+01 -2.966121271393969416e-01 6.449536228986518793e-01 -7.043124806105209856e-01
-2.709619998931884766e-01 -4.543983078002929688e+01 -3.313601016998291016e+00 6.171320007974608751e-02 7.960470258784927422e-01 6.020802384449464029e-01
5.250024032592773438e+01 -1.417061710357666016e+01 1.137832045555114746e+00 8.965826249174294604e-01 5.102487110038380486e-02 4.399273340284293732e-01
-3.319968032836914062e+01 4.030990600585937500e+01 6.395306110382080078e+00 4.810937257107099074e-01 -6.074992552538703849e-01 6.320549675050273208e-01
-3.404805755615234375e+01 -4.465768814086914062e+01 1.450509929656982422e+01 4.987626040672201166e-01 7.344399492058495404e-01 4.602540882975342806e-01
2.346608352661132812e+01 -3.926716613769531250e+01 -1.058292198181152344e+01 3.183967031178334683e-01 -5.676200145868035563e-01 -7.592305700405977964e-01
-4.670723724365234375e+01 -1.742886543273925781e+01 3.548428058624267578e+00 7.883430645197446740e-01 2.956262349398535161e-01 5.395556892841593122e-01
4.105805587768554688e+01 -2.061957168579101562e+01 -4.736924171447753906e+00 -6.881356608783323336e-01 3.068878987722105656e-01 6.574869807187957438e-01
7.383911132812500000e+00 -9.539737701416015625e+00 -2.091831207275390625e+01 -3.828474179385199516e-02 -4.506457542012292511e-02 -9.982502003946616131e-01
-2.000314903259277344e+01 -5.723721313476562500e+01 1.902693557739257812e+01 3.176839051445414785e-01 -9.477608001673896165e-01 -2.874720991998114261e-02
-2.770557785034179688e+01 -1.839097976684570312e+00 -1.408919811248779297e+01 1.161066441493435325e-01 3.284585704171202186e-02 9.926935060025189328e-01
5.356689929962158203e+00 -4.515282440185546875e+01 -3.715198040008544922e+00 -5.398618849855319618e-02 8.061020395382840764e-01 5.893089116105553193e-01
9.407324790954589844e+00 5.108592987060546875e+01 -6.956899911165237427e-02 1.298160184551765406e-01 8.741684928569966040e-01 -4.679500480271077678e-01
1.418853187561035156e+01 2.905757713317871094e+01 -1.972182846069335938e+01 2.219623876768375137e-01 4.769798976554306402e-01 -8.504251146864209021e-01
-4.695074844360351562e+01 -2.465555572509765625e+01 4.909143924713134766e+00 -8.570817232619613035e-01 -3.695128901984502945e-01 -3.589862721992232997e-01
-3.199621009826660156e+01 7.420934200286865234e+00 -1.325138187408447266e+01 2.340518810296057794e-01 -1.008331536475181311e-01 9.669810712273532172e-01
1.839661788940429688e+01 5.020989608764648438e+01 7.142714977264404297e+00 -2.843266759142898947e-01 -7.876302055663231272e-01 5.466232712235016278e-01
-4.054357528686523438e+01 3.544725799560546875e+01 3.722089052200317383e+00 -6.599157790335989926e-01 5.797905063258147473e-01 -4.778641369227591973e-01
-5.885231781005859375e+01 1.002436447143554688e+01 1.183892917633056641e+01 -7.747976817713804198e-01 1.217833279428571364e-01 -6.203687398288675325e-01
-1.231692028045654297e+01 -4.130974578857421875e+01 -1.168573951721191406e+01 -2.551127668282188732e-01 -7.104075038041752777e-01 -6.559257997212576408e-01
-4.117574310302734375e+01 -2.456982803344726562e+01 7.358109951019287109e-01 6.997384105246051700e-01 3.882609904886254459e-01 5.996828829483883405e-01
2.455691719055175781e+01 -2.684556579589843750e+01 -1.802987289428710938e+01 4.175623420666152996e-01 -3.655876352547375863e-01 -8.318577831797282496e-01
3.353750228881835938e+01 2.664120674133300781e+01 -1.196929550170898438e+01 4.988010450407056040e-01 4.177006457984934751e-01 -7.594232600900643337e-01
1.806678581237792969e+01 -3.643861770629882812e+01 -1.051505184173583984e+01 -2.762123248751759963e-01 6.461568585219636951e-01 7.114689492676945504e-01
-2.725784111022949219e+01 -7.149236202239990234e+00 -1.399029636383056641e+01 1.124040590820588881e-01 7.271955948989269891e-02 9.909980792965609186e-01
-4.116611862182617188e+01 -4.082270050048828125e+01 1.078851985931396484e+01 -5.040362969749442312e-01 -5.306533840520493150e-01 -6.814355415781409020e-01
-2.892108917236328125e+00 5.689751434326171875e+01 7.720054149627685547e+00 -6.280226831815613475e-02 8.394447697370115424e-01 -5.398039955903161102e-01
