-6.001350283622741699e-01 -5.294160842895507812e+01 -6.218426227569580078e+00 1.250796791950895340e-02 -8.436044331160889032e-01 -5.368194400032536562e-01
1.253348350524902344e+01 5.294591522216796875e+01 -3.559306144714355469e+00 1.208724635237900802e-01 9.905473502999092572e-01 6.485209615362332036e-02
-5.963509750366210938e+01 7.494794845581054688e+00 2.014239692687988281e+01 -8.947647230950358521e-01 1.928432931557771401e-01 4.027499901793901160e-01
4.354671859741210938e+01 -4.333992958068847656e+00 -1.784383583068847656e+01 8.292223121196603541e-01 -3.186988320684943643e-01 -4.591529282506016107e-01
-1.403400993347167969e+01 2.690675973892211914e+00 -1.539057064056396484e+01 -4.224863595052709420e-02 7.079559062670517933e-02 -9.965957240065480560e-01
-4.488541793823242188e+01 -4.248540115356445312e+01 1.916665649414062500e+01 -6.357718621619921073e-01 -5.527573978702144952e-01 5.387517038328716312e-01
-4.664731979370117188e+01 -1.539561653137207031e+01 -7.580115795135498047e+00 -8.649515354521561949e-01 -2.403290321562309151e-01 -4.405687206575230608e-01
-2.131269454956054688e+01 3.963074493408203125e+01 -1.348465347290039062e+01 -6.493277446580840717e-01 7.444718909497730630e-01 -1.553547025452250707e-01
1.728742980957031250e+01 2.048990058898925781e+01 -1.908512496948242188e+01 -1.549650484032845943e-01 -9.368898403499795191e-02 -9.834674412728962034e-01
1.204034423828125000e+01 -2.193568992614746094e+01 -1.957196044921875000e+01 3.150970195922838529e-02 5.219224951585013650e-02 -9.981398237586333044e-01
-4.557377624511718750e+01 1.769463157653808594e+01 -8.051436424255371094e+00 -8.566802765804547581e-01 3.064360110958211925e-01 -4.149649079400778429e-01
-1.914437484741210938e+01 -2.910101890563964844e+01 -1.697968482971191406e+01 -1.919911951195588662e-01 -2.264248124936565909e-01 -9.549194653392378829e-01
-1.876811981201171875e+01 -6.038066864013671875e+01 1.861544990539550781e+01 -1.167266808647573068e-01 -4.644703687724137664e-01 8.778622662506431196e-01
4.536837387084960938e+01 2.433472251892089844e+01 -1.018936061859130859e+01 5.522349571836628890e-01 7.588019707318199858e-01 3.453347959268864287e-01
1.259819698333740234e+01 -6.361052703857421875e+01 1.672810363769531250e+01 4.221169495453789833e-01 -3.971422793877775193e-01 8.149204199363178081e-01
2.540180969238281250e+01 -4.423503494262695312e+01 -1.003367710113525391e+01 8.410784943236278011e-01 -5.257377503594258261e-01 1.272272935863590082e-01
-5.763272476196289062e+01 -1.905203819274902344e+01 1.935932922363281250e+01 -9.518397851304639667e-01 -2.710885542132427939e-01 -1.432201774100484437e-01
-2.808180809020996094e+01 -4.565346527099609375e+01 1.356769949197769165e-01 -5.250874790144111071e-01 -7.464795985285815894e-01 -4.087191558550906101e-01
1.530591964721679688e+00 3.768395996093750000e+01 -1.733034324645996094e+01 -3.182039463211461944e-02 3.008013190217433408e-01 -9.531558261691714939e-01
2.120403289794921875e+01 -1.634800910949707031e+00 -1.550338935852050781e+01 -6.653727363075136181e-02 1.105978093198966596e-02 9.977226430544325897e-01
3.682829284667968750e+01 -2.580933380126953125e+01 -1.629193115234375000e+01 5.654792234820409380e-01 -4.196236123431235088e-01 -7.100346975847420250e-01
2.679202079772949219e+01 3.999349594116210938e+01 -1.453101634979248047e+01 7.375794565877261677e-01 6.688351723050292019e-01 -9.293039065589198122e-02
-3.505751037597656250e+01 6.970930099487304688e-01 -1.497340393066406250e+01 -1.768857627857464143e-01 2.726750028184336469e-02 -9.838536020933623671e-01
-2.622975921630859375e+01 1.956905364990234375e+01 -1.554834938049316406e+01 1.582903447763820970e-01 -1.360079318862612852e-01 -9.779805771152085825e-01
-5.288801193237304688e+01 1.538578033447265625e+00 1.885599970817565918e+00 -9.094105474269678080e-01 4.381366626674527975e-02 -4.135853223663153999e-01
-1.775484085083007812e+00 1.830793571472167969e+01 -1.308262825012207031e+01 1.084646701907744093e-01 -1.059446325383885251e-01 9.884387437553792122e-01
-4.277863311767578125e+01 -3.240690994262695312e+01 2.160578012466430664e+00 -7.621369126768170466e-01 -5.146973472432222474e-01 -3.927263259271520646e-01
-8.475639820098876953e-01 -3.686471557617187500e+01 -1.776363945007324219e+01 -4.388255794980725627e-02 -3.150262152123848858e-01 -9.480679326064889167e-01
-5.476193904876708984e+00 -1.506830215454101562e+01 -1.363514614105224609e+01 1.950212205769897289e-01 1.191922604111462919e-01 9.735296238855511985e-01
3.436512756347656250e+01 1.216999053955078125e+01 -2.002793121337890625e+01 1.912668548366633081e-01 -1.408700278739646308e-03 -9.815370628786338481e-01
-2.323315620422363281e+01 -1.250458335876464844e+01 -1.083121013641357422e+01 2.794877717113128726e-02 -4.809376586441332230e-02 9.984517291985713916e-01
1.618977737426757812e+01 -5.529350280761718750e+01 1.009884953498840332e+00 1.973338995025770704e-01 -8.363753374441270649e-01 -5.114055406644804069e-01
3.527719974517822266e+00 1.158040016889572144e-01 -1.740232658386230469e+01 -1.592928547353283097e-01 9.511603946734056847e-02 -9.826386545756873314e-01
-3.524039983749389648e+00 -6.112827301025390625e+01 9.298606872558593750e+00 -1.318323340688849765e-01 -8.279733023194372210e-01 -5.450508658283148566e-01
-1.540051651000976562e+01 -4.556444549560546875e+01 -1.210620784759521484e+01 -2.814227040265637192e-01 -6.328914727375186677e-01 -7.212833322589061735e-01
-3.578520202636718750e+01 -2.764811134338378906e+01 -1.275973415374755859e+01 -3.324559581851065926e-01 -1.910010861319920983e-01 -9.235754549378312195e-01
-3.222110748291015625e+01 -5.190943145751953125e+01 1.477648735046386719e+01 -5.683418267875832708e-01 -7.534145279642039394e-01 -3.306873402116088934e-01
-1.351258277893066406e+01 -5.093295288085937500e+01 2.778002023696899414e+00 2.714754004804979526e-01 8.322644276103126071e-01 4.833601446834772108e-01
-5.030725097656250000e+01 -1.290843200683593750e+01 7.248897075653076172e+00 8.821943791512016908e-01 2.185442361142678203e-01 4.170989022465257379e-01
4.850828933715820312e+01 9.773155212402343750e+00 -1.417208957672119141e+01 9.553996596302470889e-01 -2.873774398652539364e-01 6.801247999375251152e-02
2.607845115661621094e+01 -1.542794227600097656e+01 -2.012823104858398438e+01 -1.920138990356776154e-01 6.668752221749135733e-02 -9.791238108419221264e-01
1.075522804260253906e+01 -4.618917846679687500e+01 -1.415648269653320312e+01 1.095646261232536695e-01 -5.992493350849973366e-01 -7.930295247357819211e-01
-1.329438209533691406e+01 2.730782699584960938e+01 -1.623418045043945312e+01 -1.207376108971231904e-01 9.124294248250345435e-03 -9.926425220437247177e-01
3.095806121826171875e+01 2.563130378723144531e+01 -1.451168441772460938e+01 -1.267784898140709438e-01 -1.659516993859315726e-01 9.779505345319797760e-01
2.320729064941406250e+01 -3.169441795349121094e+01 -1.804661178588867188e+01 2.338995703666806036e-01 -2.890615238447028501e-01 -9.282965185838307764e-01
-5.161033630371093750e+01 1.593088340759277344e+01 5.493785858154296875e+00 4.954574427494928823e-02 8.129177081932230653e-01 5.802671961520133870e-01
-6.861929893493652344e-01 4.789622879028320312e+01 -7.136875152587890625e+00 -7.927455354906228768e-01 2.570618402687084303e-01 5.526967760330707691e-01
-4.859946060180664062e+01 -2.926278877258300781e+01 1.496092796325683594e+01 7.631842616204926877e-01 4.592929551841063440e-01 4.545324676335387171e-01
1.343689346313476562e+01 4.469137954711914062e+01 -1.488584041595458984e+01 1.491134760487895228e-01 3.799563317289971209e-01 -9.129065435408442175e-01
-5.845575332641601562e+01 -5.604823112487792969e+00 1.578490066528320312e+01 -9.262584757671455948e-01 -5.579851171932644766e-02 -3.727355123400940551e-01
-3.590740585327148438e+01 2.745855331420898438e+01 -9.616222381591796875e+00 -6.392060296296552258e-01 7.113555213872710947e-01 2.922139180068872855e-01
-2.756344985961914062e+01 -3.871205902099609375e+01 -1.171926498413085938e+01 -4.791971438433801911e-01 -5.831457671618167637e-01 -6.559810298885196955e-01
-4.733981704711914062e+01 4.371960163116455078e+00 -1.031209087371826172e+01 -7.939281499826322808e-01 3.933600458606408001e-02 -6.067378110917103218e-01
-3.583892059326171875e+01 -1.275747299194335938e+01 -1.464668273925781250e+01 -2.691161636246519051e-01 -1.757537389799661287e-02 -9.629473488765079026e-01
-1.438835144042968750e+01 1.517683124542236328e+01 -1.139453220367431641e+01 1.310998916223420629e-01 -6.246382558711357537e-03 9.913494848546300364e-01
1.313100910186767578e+01 8.698963165283203125e+00 -1.529679298400878906e+01 3.049497983009911983e-02 -6.326361283324898055e-02 9.975308373661671002e-01
-2.504387474060058594e+01 7.708358764648437500e+00 -1.024149131774902344e+01 1.813616563899173306e-01 -1.302772042928089513e-02 9.833301724710382663e-01
1.265890598297119141e+01 3.173473930358886719e+01 -1.412728881835937500e+01 1.796534021546042637e-01 -8.400471186922278677e-02 9.801366555118958823e-01
-3.599910736083984375e+01 -4.087767410278320312e+01 9.202835083007812500e+00 5.835280497017123480e-01 6.001875178314539649e-01 5.470557180494817207e-01
1.116485977172851562e+01 -3.335871505737304688e+01 -1.399623298645019531e+01 -5.730341365153212262e-03 1.421251794338321273e-01 9.898321052374183804e-01
1.116173458099365234e+01 -9.869063377380371094e+00 -1.566522121429443359e+01 -1.414379939885106741e-01 7.629077107633010224e-02 9.870030456412405284e-01
-9.419370651245117188e+00 4.330943679809570312e+01 -1.484477615356445312e+01 -1.477677863329813768e-01 3.042546483097350318e-01 -9.410599291778233288e-01
-7.495668888092041016e+00 -2.738519477844238281e+01 -1.292103672027587891e+01 1.070735365300060082e-01 -4.435933648787124695e-04 9.942510050283500656e-01
3.236183166503906250e+01 1.814600080251693726e-02 -2.078243064880371094e+01 -1.821512058560781910e-01 -5.200813251329493986e-03 -9.832567771170974691e-01
-3.620463180541992188e+01 1.288180351257324219e+01 -1.402085781097412109e+01 -2.476477863186642148e-01 7.204197249539887049e-02 -9.661679606209457871e-01
3.682744598388671875e+01 -1.377031803131103516e+01 -1.447683143615722656e+01 -1.989085407599320565e-01 5.632954901236294359e-02 9.783978609547437921e-01
4.833899021148681641e+00 -5.474380111694335938e+01 4.189496040344238281e+00 -5.756440574991816134e-03 8.889414606738480495e-01 4.579846535496052695e-01
-2.242030906677246094e+01 -5.465449905395507812e+01 9.077384948730468750e+00 -3.686043031300713091e-01 -7.594422360424594176e-01 -5.360768208277839619e-01
2.404307365417480469e+01 1.193321037292480469e+01 -1.524072456359863281e+01 -1.122122369169667282e-02 -2.819410329625318332e-02 9.995394823008150187e-01
-4.786874771118164062e+01 -2.231620788574218750e+01 1.360398054122924805e+00 -8.513426387173526066e-01 -3.868072094588444476e-01 -3.543951103111281364e-01
-3.299761199951171875e+01 -3.578766250610351562e+01 -2.292252063751220703e+00 6.294907339828064163e-01 6.571474439586183491e-01 4.146066240768979116e-01
-1.416417694091796875e+01 -8.510179519653320312e+00 -1.622044944763183594e+01 -9.638279496348466091e-02 1.448423103041939219e-01 -9.847492381214469903e-01
-2.417478561401367188e+01 -2.248734951019287109e+00 -1.525519466400146484e+01 1.558409813718839368e-02 3.197014790566440195e-02 -9.993673226237389517e-01
-4.028108119964599609e+00 7.382757186889648438e+00 -1.339665317535400391e+01 2.655392869999793071e-01 -2.039026225145902996e-03 9.640978837398180845e-01
9.536229968070983887e-01 -2.278834724426269531e+01 -1.868398857116699219e+01 -1.787493251795096716e-01 8.501144123113339723e-02 -9.802151465916426609e-01
-2.721528625488281250e+01 -2.144641304016113281e+01 -1.625847244262695312e+01 -2.190381818210397069e-01 -1.232712476510169769e-01 -9.678979669402631991e-01
3.559328079223632812e+00 2.671626853942871094e+01 -1.792520713806152344e+01 -9.984929064557094072e-03 -6.877661129919376837e-02 -9.975821163842981676e-01
-4.221102905273437500e+01 -5.370042800903320312e+00 -9.192042350769042969e+00 1.594382024863136571e-01 -1.142083603516028459e-02 9.871418459837426607e-01
-2.511770057678222656e+01 2.952486801147460938e+01 -1.101431083679199219e+01 1.752537937020095804e-01 -4.304000723651283528e-02 9.835820583815743090e-01
-4.530413150787353516e+00 -4.638558578491210938e+01 -1.395816326141357422e+01 -6.992951025369228968e-02 -4.132236076426553106e-01 -9.079405892912087994e-01
-1.537509155273437500e+01 -1.992714881896972656e+01 -1.195345973968505859e+01 1.389188893492362686e-01 -1.245019836937581725e-02 9.902254969159992593e-01
-5.323849105834960938e+01 6.852291107177734375e+00 1.134644794464111328e+01 8.981103674672582526e-01 -1.363332764373933748e-01 4.181040607117702534e-01
2.247765541076660156e+01 3.089737129211425781e+01 -1.840237426757812500e+01 5.400635560095515264e-02 1.793702566517766106e-01 -9.822981342664655058e-01
-1.159612941741943359e+01 -3.664667892456054688e+01 -1.652194976806640625e+01 -1.110203376896860411e-01 -2.854014266413595902e-01 -9.519561493526604856e-01
9.122279167175292969e+00 -4.946768188476562500e+01 -4.301519870758056641e+00 -1.030087245891773140e-01 8.223922640561662778e-01 5.595177983577321879e-01
2.196834087371826172e+00 -6.423976135253906250e+01 1.749049758911132812e+01 7.687458664622530413e-02 -3.628791057656753360e-01 9.286598152858106525e-01
-5.581137180328369141e+00 -3.163692951202392578e+00 -1.347900199890136719e+01 9.140702265332927012e-02 -1.239373817803104266e-01 9.880709901657347416e-01
-8.702940940856933594e+00 -6.320497131347656250e+01 1.812728691101074219e+01 -1.160732432191515645e-02 -3.249264082693555378e-01 9.456680703244991770e-01
7.447333812713623047e+00 1.705238723754882812e+01 -1.775350570678710938e+01 -1.116683900563807674e-01 -1.708127551071968869e-02 -9.935987121011896628e-01
-4.297096252441406250e+00 3.069030952453613281e+01 -1.230420017242431641e+01 2.112089208368242085e-02 1.962479748378569422e-01 9.803268028007952051e-01
-5.069157409667968750e+01 -7.687283992767333984e+00 -2.092886924743652344e+00 -9.303896759641848702e-01 -1.607159426543779412e-01 -3.294623447921991022e-01
3.136351585388183594e+01 -3.341242599487304688e+01 -1.207185077667236328e+01 4.369962365419441386e-01 -6.099956130213054495e-01 6.610141007141518976e-01
3.958683013916015625e+01 4.749524116516113281e+00 -1.526262855529785156e+01 -1.868620302187490312e-01 -6.450476455432152837e-04 9.823859555063184645e-01
-4.739226531982421875e+01 9.507522583007812500e+00 -1.412418007850646973e+00 9.026229972617642039e-01 -1.718455400283489809e-01 3.946401337757657335e-01
3.939036178588867188e+01 2.078684234619140625e+01 -1.777832603454589844e+01 2.648463076835734231e-01 1.806817117406220585e-01 -9.472119891285459836e-01
-1.249607372283935547e+01 -5.665326690673828125e+01 1.127632617950439453e+01 2.398915482519533016e-01 8.046985748517693215e-01 5.430582369403967880e-01
2.097638702392578125e+01 -2.234527778625488281e+01 -1.469723987579345703e+01 3.052977098023241381e-02 5.061690736101148551e-03 9.995210414847636171e-01
1.844460678100585938e+01 -4.019361495971679688e+01 -1.604911994934082031e+01 9.731077124136647272e-02 -3.278800562784518480e-01 -9.396942494743967256e-01
1.541710019111633301e+00 -9.638227462768554688e+00 -1.809347152709960938e+01 -1.771535315864846138e-01 1.071506152227498648e-01 -9.783329555441862002e-01
-4.039773178100585938e+01 -2.507943725585937500e+01 -4.417239189147949219e+00 7.803269145765179271e-01 4.334277522360511226e-01 4.508107030440782759e-01
-8.763798713684082031e+00 -4.752193069458007812e+01 -5.157011985778808594e+00 1.999815609718375020e-01 8.233141103656073101e-01 5.311885267437126412e-01
-5.297522735595703125e+01 -2.147386550903320312e+01 1.103479671478271484e+01 -9.163635620143397720e-01 -3.258246060015079215e-01 -2.326287779625585694e-01
2.926213264465332031e+01 -7.491061210632324219e+00 -1.541572761535644531e+01 4.124059995208496227e-02 3.342820308350023806e-02 9.985898898718134076e-01
-1.898447227478027344e+01 -4.521496200561523438e+01 -3.130012989044189453e+00 3.600739918292297781e-01 8.026131978961194013e-01 4.755615364714943505e-01
-4.472303390502929688e+01 -3.718260192871093750e+01 1.102326107025146484e+01 -7.128876097540512990e-01 -5.097723311541602076e-01 -4.815842877927069554e-01
1.860600471496582031e+01 -4.752892684936523438e+01 -4.118865966796875000e+00 -2.806630051826330963e-01 8.073065147296358823e-01 5.191189351169358535e-01
-5.599503993988037109e+00 -5.612639236450195312e+01 1.278245925903320312e+00 -1.829290788288181202e-01 -8.635074906192492517e-01 -4.699912400920756017e-01
-2.649527359008789062e+01 -2.928992271423339844e+01 -1.071951293945312500e+01 1.928969405144276283e-01 1.587602742167751324e-01 9.682902176882650647e-01
1.162151813507080078e+01 -6.035417175292968750e+01 7.782724857330322266e+00 1.479579994842546431e-01 -8.383740246544105768e-01 -5.246307512654808658e-01
3.413848876953125000e+01 3.434173583984375000e+01 -1.451942825317382812e+01 6.879300074724843395e-01 7.243267242271284045e-01 4.585958339654986476e-02
2.653854560852050781e+01 1.951849365234375000e+01 -1.989673042297363281e+01 -1.119153849273510359e-01 -1.111130847476259932e-02 -9.936556171232272527e-01
-1.877568054199218750e+01 -3.611410522460937500e+01 -1.070708465576171875e+01 1.677175556107652343e-01 2.540873935679013873e-01 9.525284342054153308e-01
1.265635967254638672e+01 -1.559350043535232544e-01 -1.862042045593261719e+01 -2.050493820198526565e-02 5.317165121201902073e-02 -9.983748409373706112e-01
-1.319693756103515625e+01 3.544815826416015625e+01 -1.192426395416259766e+01 1.489964122119536438e-01 -1.881988250971935728e-01 9.707632416712127510e-01
4.316534996032714844e+00 4.604251480102539062e+01 -1.472204875946044922e+01 4.935809355643598628e-02 4.478019084619287438e-01 -8.927694155706323853e-01
-5.249634552001953125e+01 -4.217222213745117188e+00 8.980036735534667969e+00 9.004016310207922924e-01 7.651058558251057351e-02 4.282791532971439996e-01
-3.085150909423828125e+01 -6.243897914886474609e+00 -1.053780841827392578e+01 -8.048812582258903225e-02 -5.587140789437965160e-02 9.951884481752524270e-01
3.058717012405395508e+00 -4.212486267089843750e+01 -1.132429599761962891e+01 6.538716876197188388e-02 3.065208110085477777e-01 9.496154540549325285e-01
4.982091903686523438e+01 1.665630531311035156e+01 -8.466607093811035156e+00 5.917329156628114983e-01 -6.452096731937760898e-01 4.832769745584498677e-01
2.012876701354980469e+01 -1.058765792846679688e+01 -1.540484428405761719e+01 3.919281392093438426e-02 5.100106599539012964e-02 9.979292633269619683e-01
-4.062047958374023438e+01 -2.001124000549316406e+01 -1.236422348022460938e+01 -3.819981748475235750e-01 -1.525882561713310104e-01 -9.114791377161373109e-01
-1.913787651062011719e+01 2.275206375122070312e+01 -1.113103294372558594e+01 1.017921331712952210e-01 1.919524283168416723e-01 9.761109705805508518e-01
-2.743738555908203125e+01 -4.736916351318359375e+01 8.823918342590332031e+00 5.272478507097524414e-01 6.934760694094433964e-01 4.910200047639358134e-01
3.062887907028198242e+00 -2.985170936584472656e+01 -1.380646610260009766e+01 4.087622891674964204e-02 9.399203455125734047e-03 9.991200072483559236e-01
2.863232231140136719e+01 -2.378718757629394531e+01 -1.888635063171386719e+01 2.453989360539539644e-01 -1.905843477520906548e-01 -9.505035342256743514e-01
3.904855012893676758e+00 8.980985641479492188e+00 -1.730473136901855469e+01 -1.133332692218078641e-01 -2.690548205676587812e-02 -9.931926626404314895e-01
6.273555755615234375e+00 -1.697698402404785156e+01 -1.502177429199218750e+01 1.722984573424638649e-02 1.193060707770580986e-01 9.927080103896177565e-01
-3.809176254272460938e+01 -4.777418899536132812e+01 1.954522514343261719e+01 -5.510063918839640598e-03 -2.408476556786140130e-02 9.996947350382272557e-01
1.860418319702148438e+01 3.784237289428710938e+01 -1.300899696350097656e+01 -6.125781192730245933e-02 -1.773105544949296064e-01 9.822466328486852971e-01
-2.658317184448242188e+01 -5.686167526245117188e+01 1.894088363647460938e+01 -3.126456717342290248e-01 -5.242413942963070062e-01 7.921007792270605696e-01
2.525963973999023438e+01 4.710581779479980469e+00 -1.959291648864746094e+01 -1.540179491228044206e-01 1.672959303254062738e-02 -9.879264102477324228e-01
-3.263014602661132812e+01 1.945759391784667969e+01 -9.930233955383300781e+00 1.192385809207297392e-01 -2.657431947309267864e-02 9.925099326276551892e-01
-3.903813552856445312e+01 6.210631847381591797e+00 -9.617805480957031250e+00 1.393388284654776266e-01 -4.486069473359718257e-02 9.892280874246784927e-01
4.076653289794921875e+01 1.310019493103027344e+01 -1.438957023620605469e+01 -1.995474437104597931e-01 -1.327306319590171035e-01 9.708570425394157377e-01
-5.421919250488281250e+01 -1.279468917846679688e+01 1.467847061157226562e+01 8.802943144595222202e-01 2.435636803625653157e-01 4.071346872209269385e-01
9.102293014526367188e+00 4.665862274169921875e+01 -7.899754047393798828e+00 -1.601396499718092115e-01 -7.999216814502299044e-01 5.783429744128854022e-01
1.102643108367919922e+01 2.355796813964843750e+01 -1.397614860534667969e+01 8.088038426452173746e-02 -9.649050108941636950e-02 9.920423109125621197e-01
-9.419166564941406250e+00 1.983410263061523438e+01 -1.612907981872558594e+01 -1.030710747238576946e-01 -8.354878546459203192e-02 -9.911588944274579704e-01
-5.485828781127929688e+01 -2.682739830017089844e+01 1.978148841857910156e+01 -7.226980558731559423e-01 -3.611688957495912122e-01 5.892915651697230306e-01
-4.999763488769531250e+01 -3.600677490234375000e+01 1.955486106872558594e+01 -5.867287275476273933e-01 -3.067266752680428699e-01 7.494452261168621510e-01
-2.125342750549316406e+01 1.300836944580078125e+01 -1.533850955963134766e+01 -1.363322052204600336e-02 -6.095229144271198385e-02 -9.980475707430381815e-01
4.243422985076904297e+00 -5.928857803344726562e+01 1.121743297576904297e+01 -8.646996665488522471e-03 8.374579954443788221e-01 5.464332853285474023e-01
-4.538728713989257812e+01 -2.688019943237304688e+01 7.706587791442871094e+00 7.849087945572059688e-01 4.003875024575889729e-01 4.728721096687010239e-01
-4.577686309814453125e+01 1.805106544494628906e+01 1.191940009593963623e-01 7.164743918026067471e-01 3.968668424564798514e-01 5.737256794407135096e-01
1.538231945037841797e+01 -2.935826301574707031e+01 -1.970363426208496094e+01 -1.343113290785420688e-02 -6.671743876191789380e-02 -9.976815063104363945e-01
8.402137756347656250e+00 3.858779907226562500e+01 -1.308356380462646484e+01 2.404395901496068563e-02 -1.642332072256975084e-01 9.861284610431076958e-01
-3.268906021118164062e+01 -1.910288810729980469e+01 -1.070492172241210938e+01 1.793557050934724562e-01 5.444406609874360981e-02 9.822766284082395938e-01
3.626742553710937500e+01 -7.433319091796875000e+00 -1.957658576965332031e+01 2.663516835703693686e-01 -1.294255101149463516e-01 -9.551470138102908791e-01
-4.740370941162109375e+01 -4.835009872913360596e-01 -3.725112915039062500e+00 9.219824730064236640e-01 1.253144009280970743e-02 3.870287876607624300e-01
-2.195743370056152344e+01 -5.059354400634765625e+01 2.049678087234497070e+00 -4.335817330686425608e-01 -7.777987071145345821e-01 -4.550121448490699327e-01
-9.510836601257324219e+00 -2.101770973205566406e+01 -1.730927467346191406e+01 -7.726553496396576515e-02 7.674383668452597340e-02 -9.940525240839495069e-01
-1.738389968872070312e+01 -3.302733898162841797e+00 -1.119242763519287109e+01 1.772316245710907068e-01 -2.102828322708590048e-03 9.841669214949957389e-01
-5.715479850769042969e+00 -3.889549255371093750e+01 -1.173098945617675781e+01 7.909370238377676221e-02 3.027827558733803825e-01 9.497719668367495816e-01
-4.691470718383789062e+01 -1.441108989715576172e+01 2.536469995975494385e-01 8.978300419119558118e-01 2.394017555865680658e-01 3.695781585300257355e-01
-5.662038040161132812e+01 1.285558986663818359e+01 1.517442417144775391e+01 -3.119572328660004668e-01 9.459558336582647442e-01 8.860161189552598349e-02
-1.952122688293457031e+01 3.230121231079101562e+01 -1.577161407470703125e+01 -1.605894098104598267e-01 1.446186658559880656e-01 -9.763690301022265317e-01
2.617070198059082031e+01 -3.841273498535156250e+01 -1.523511695861816406e+01 2.571021404845299507e-01 -4.356460522048372086e-01 -8.626186912863721412e-01
3.187479019165039062e+01 5.995521068572998047e+00 -1.557569694519042969e+01 8.965887672192329738e-02 9.231457138473365964e-02 9.916850839530741979e-01
7.689191818237304688e+00 -3.964337539672851562e+01 -1.709642601013183594e+01 6.200904113969503244e-03 -3.235922473606677729e-01 -9.461763082196901209e-01
-3.821067810058593750e+01 -3.217355728149414062e+01 -6.820379257202148438e+00 -7.174118315950757108e-01 -5.543927915316221311e-01 -4.218635995024627716e-01
-6.233255863189697266e+00 3.654751968383789062e+01 -1.706386947631835938e+01 -1.468738057014778997e-01 1.269696730225901293e-01 -9.809723682812381274e-01
1.789519500732421875e+01 -1.686768341064453125e+01 -1.941583251953125000e+01 -6.232111057376529817e-02 3.987214951442546312e-02 -9.972593899632891112e-01
-3.992881011962890625e+01 2.125887680053710938e+01 -1.197583961486816406e+01 -4.059008178575081449e-01 1.630593706885024030e-01 -8.992531165880247590e-01
4.615155220031738281e+00 -4.976889038085937500e+01 -1.112139701843261719e+01 1.340180754319874323e-01 -8.026253176416286994e-01 -5.812329609874005154e-01
-2.052674055099487305e+00 4.221676254272460938e+01 -1.219654941558837891e+01 5.586578352372363609e-02 -4.657072983802788835e-02 9.973515836221616970e-01
3.260778427124023438e+01 1.806655502319335938e+01 -1.529827499389648438e+01 -1.541421048345010814e-01 -5.619150900460936904e-02 9.864495556453835023e-01
-5.825300979614257812e+01 2.103444099426269531e+00 1.479797267913818359e+01 -9.480325197743503240e-01 3.927936148270961408e-02 -3.157395654836541166e-01
7.693211078643798828e+00 -2.837570762634277344e+01 -1.979966354370117188e+01 -9.487416497000585036e-02 1.443471948600507336e-02 -9.953846149577582070e-01
1.811852645874023438e+01 -4.658905029296875000e+01 -1.175506687164306641e+01 3.089550502886007632e-01 -7.718208577249723312e-01 -5.557331558237786906e-01
-3.098481369018554688e+01 7.273721218109130859e+00 -1.508121490478515625e+01 1.301614742692529247e-01 2.746080128214081068e-02 -9.911124532609795201e-01
-2.909107971191406250e+01 1.197427988052368164e+00 -1.012403011322021484e+01 -3.057203265819062599e-02 -3.077249618428653036e-02 9.990587591817282620e-01
-3.899527072906494141e+00 2.503742599487304688e+01 -1.753709030151367188e+01 -1.747754842711159162e-01 -2.199995502528459546e-01 -9.597154411523982631e-01
-2.491939735412597656e+01 -4.071971130371093750e+01 -4.822073936462402344e+00 4.310421679969009268e-01 7.586225879319830057e-01 4.885636278806602673e-01
-1.745639801025390625e+01 7.969522953033447266e+00 -1.106556415557861328e+01 1.192451677354121470e-01 2.694918642362799919e-04 9.928648031559424991e-01
-2.084250450134277344e+01 -1.709102058410644531e+01 -1.639262008666992188e+01 -3.206814627602053852e-02 2.024127420918322984e-02 -9.992807037128299541e-01
2.275718498229980469e+01 2.404709815979003906e+01 -1.512572193145751953e+01 1.046941398689408692e-01 -1.017723922197073978e-02 9.944523924647783453e-01
3.812363815307617188e+01 2.800301170349121094e+01 -1.572472286224365234e+01 8.924664226787107912e-01 -8.843279365459932873e-02 4.423610803376668010e-01
-1.093813991546630859e+01 9.717130661010742188e+00 -1.546836853027343750e+01 -7.142050503551512775e-02 -5.378786409325151535e-02 -9.959949684294382433e-01
-2.849588394165039062e+01 -1.399032211303710938e+01 -1.610873794555664062e+01 3.803499864987778395e-02 7.946291156216261919e-02 -9.961119337523106632e-01
-2.915660858154296875e+00 -2.961444282531738281e+01 -1.845466232299804688e+01 -8.253211712096707176e-02 1.383505015617030043e-01 -9.869384926940261149e-01
-2.575234222412109375e+01 1.513890075683593750e+01 -9.519218444824218750e+00 -3.216009668361623913e-02 2.619812970488717696e-02 9.991393227079325978e-01
-5.316333007812500000e+01 8.710573196411132812e+00 4.046755790710449219e+00 -9.193092342212128010e-01 1.397339301672744782e-01 -3.678925938852461996e-01
-5.885440826416015625e+01 -1.148978328704833984e+01 2.040106582641601562e+01 -4.512957843349717502e-01 -9.473818863646070454e-02 8.873312744715837752e-01
-3.427803802490234375e+01 -4.188124465942382812e+01 1.996372938156127930e+00 -6.022533567321929349e-01 -6.655170597180957159e-01 -4.408831336408623458e-01
-4.437159347534179688e+01 1.112346839904785156e+01 -1.147963905334472656e+01 -3.932705642028008208e-01 1.092948999992493508e-01 -9.129035481176337452e-01
-3.049455261230468750e+01 2.558740234375000000e+01 -1.441989040374755859e+01 -3.185202386704118482e-01 1.532450627151697997e-01 -9.354468495381058624e-01
-2.173534965515136719e+01 -2.369977569580078125e+01 -1.184222126007080078e+01 9.129075590098927051e-02 -9.146412040355254847e-02 9.916150021887680799e-01
4.478648185729980469e+00 3.233559417724609375e+01 -1.326625061035156250e+01 1.033568903430300695e-01 4.445723173852619836e-02 9.936502945024299205e-01
3.078899192810058594e+01 -1.787532997131347656e+01 -1.504234218597412109e+01 -8.842571222365662453e-02 2.080547165429762757e-01 9.741119690990150959e-01
2.019560241699218750e+01 4.490999984741210938e+01 -1.212767601013183594e+01 6.761393634022574428e-01 6.457892318411152521e-01 3.546714385118321378e-01
4.579635238647460938e+01 1.837977790832519531e+01 -1.438604545593261719e+01 7.562775499967178128e-01 2.724450138155604662e-01 -5.948260097019976156e-01
1.765143775939941406e+01 1.323715209960937500e+01 -1.875270462036132812e+01 -4.636670933045542592e-02 2.336887168423663549e-02 -9.986511022885172784e-01
4.649308013916015625e+01 3.411026954650878906e+00 -1.699569129943847656e+01 8.995498447609383552e-01 -4.263939891280985051e-01 -9.485906823281915756e-02
1.806129837036132812e+01 4.820353984832763672e+00 -1.895583534240722656e+01 -8.999707754764170453e-02 2.939578327562832744e-02 -9.955081184794506433e-01
-4.265093994140625000e+01 -1.186979103088378906e+01 -1.247785091400146484e+01 -3.580490608384395701e-01 -4.861949726248284559e-02 -9.324360645742177933e-01
-1.378869819641113281e+01 -3.090318298339843750e+01 -1.253419017791748047e+01 1.132287978636242892e-01 9.718403641608303056e-02 9.888045825137724565e-01
-4.047520828247070312e+01 -4.411972808837890625e+01 1.376730728149414062e+01 -6.746974251315338567e-01 -6.340226549185048466e-01 -3.778870963276849126e-01
-2.205816078186035156e+01 -4.328001403808593750e+01 -1.089607906341552734e+01 -3.774556053811567446e-01 -6.960940045986032665e-01 -6.107212152269022587e-01
-3.301694488525390625e+01 -3.408276748657226562e+01 -1.137022686004638672e+01 -5.620644190679636720e-01 -4.539718524881227735e-01 -6.913704838697516397e-01
1.607788848876953125e+01 2.761334991455078125e+01 -1.882235717773437500e+01 -1.720198360443967733e-01 3.307422865742040696e-02 -9.845381005354620907e-01
-4.188366699218750000e+01 6.226630210876464844e-01 -1.298279953002929688e+01 -2.567950918031501328e-01 -3.362745704632502664e-02 -9.658806732502774883e-01
7.680407047271728516e+00 -2.396924972534179688e+01 -1.424454593658447266e+01 -1.722912678232254441e-02 2.597906514470253447e-01 9.655112503803613411e-01
-7.143453121185302734e+00 -9.069654464721679688e+00 -1.701198387145996094e+01 -1.441876516719708123e-01 7.679364809512127799e-02 -9.865660934359973266e-01
2.724726295471191406e+01 3.302531051635742188e+01 -1.364483642578125000e+01 -1.870868093062674209e-01 -2.213963654459091823e-01 9.570695769644659290e-01
-3.750274276733398438e+01 -5.876194000244140625e+00 -1.441456413269042969e+01 -2.261573568215522190e-01 -2.563122190731995098e-02 -9.737535059854864894e-01
-3.137886428833007812e+01 3.229712677001953125e+01 -1.257151412963867188e+01 -6.981017086230864033e-01 7.156827672397755302e-01 -2.126455016088136737e-02
3.681193161010742188e+01 -1.685361981391906738e+00 -1.559986209869384766e+01 -1.621267952414243707e-01 4.342233769377872032e-02 9.858140812820400667e-01
1.577302551269531250e+01 4.876352310180664062e+01 -8.229183197021484375e+00 8.842191192457963256e-01 4.650555162471072257e-01 4.335799774349576030e-02
4.851634025573730469e+00 5.217354965209960938e+01 -7.037864208221435547e+00 -1.823392889260498639e-01 9.830913417328285275e-01 1.684629110188594001e-02
-3.712574768066406250e+01 -3.586598968505859375e+01 4.401062011718750000e+00 6.822198053377931393e-01 6.319350480875013387e-01 3.677420729308941705e-01
1.813389587402343750e+01 -3.360133361816406250e+01 -1.349731731414794922e+01 -7.624102699065757327e-02 2.360277524606826105e-01 9.687508481915091396e-01
1.277243232727050781e+01 -3.983625030517578125e+01 -1.195459461212158203e+01 -3.639332208021933690e-02 3.265261108841776005e-01 9.444872815548227551e-01
1.604003524780273438e+01 -6.251537799835205078e+00 -1.906050872802734375e+01 -7.321559384926280833e-02 5.324198757615342115e-02 -9.958939539811657582e-01
-8.473960876464843750e+00 2.516973686218261719e+01 -1.165128040313720703e+01 -1.619373762634463212e-02 7.247372039147334868e-03 9.998426068438047709e-01
-1.488925170898437500e+01 -5.075278472900390625e+01 -4.060370922088623047e+00 -2.855708885846188205e-01 -8.599515995827768933e-01 -4.230041536061018292e-01
2.381912612915039062e+01 -6.491362094879150391e+00 -1.969686889648437500e+01 -2.624585681977071108e-02 7.960838815231556509e-02 -9.964806368091585487e-01
-1.637545585632324219e+01 -1.307899284362792969e+01 -1.147642612457275391e+01 1.482783040715824896e-01 -5.564345048969068092e-02 9.873790310510227597e-01
4.361073017120361328e+00 2.146386528015136719e+01 -1.340968418121337891e+01 9.563039528427551283e-02 -1.096887275459795669e-01 9.893549466936106818e-01
2.794955635070800781e+01 -1.574169993400573730e-01 -1.546291351318359375e+01 -5.448127061060559218e-02 -1.311561461500037988e-02 9.984286513346483094e-01
-2.160887718200683594e+01 4.262601852416992188e+00 -1.512671661376953125e+01 4.922079889060908264e-02 -6.010916361674305264e-02 -9.969775330497001598e-01
2.724115753173828125e+01 -2.803998947143554688e+01 -1.366478919982910156e+01 -2.432787893440000182e-01 2.832106768098612837e-01 9.276891414672362446e-01
9.460352897644042969e+00 -5.541359710693359375e+01 -8.920390009880065918e-01 1.499037556468083843e-01 -8.643435643834429527e-01 -4.800406928083359448e-01
-3.581525087356567383e+00 -2.175054359436035156e+01 -1.364834880828857422e+01 1.535178679896617993e-01 -1.280081444520920694e-03 9.881450427945303039e-01
-3.418843078613281250e+01 -4.742725372314453125e+01 9.978452682495117188e+00 -5.534470668849863495e-01 -6.570516204542884431e-01 -5.118393421912766916e-01
1.351141262054443359e+01 1.685145187377929688e+01 -1.461999511718750000e+01 5.852953674344834462e-03 -1.013630011850812779e-01 9.948322898479116105e-01
-2.368660926818847656e+01 -3.387814331054687500e+01 -1.488857364654541016e+01 -2.415677968514952090e-01 -2.856736898242150935e-01 -9.273810125652416358e-01
-5.932188796997070312e+01 -1.018448948860168457e+00 2.073503875732421875e+01 -2.356835944895128432e-01 -7.384975524021888948e-02 9.690198434188346255e-01
-2.102793693542480469e+01 -8.284215927124023438e+00 -1.565629673004150391e+01 -6.180242558225079036e-02 8.505351245719880438e-02 -9.944578222382502997e-01
-3.836050033569335938e-01 -1.612220191955566406e+01 -1.806778335571289062e+01 -7.535000388139199978e-02 3.688369183727654987e-02 -9.964747714776963639e-01
3.240508270263671875e+01 -1.303398609161376953e+01 -1.952921485900878906e+01 2.298914945446841607e-01 -1.348309679578814368e-01 -9.638311630236657823e-01
-5.332929134368896484e+00 1.339536380767822266e+01 -1.615740966796875000e+01 -1.361132201465806713e-01 -2.412498645599755326e-02 -9.903995033974049012e-01
1.479358673095703125e+01 -2.529509735107421875e+01 -1.437526321411132812e+01 6.610226550238668120e-02 4.853705088700800002e-02 9.966316497014551246e-01
-1.258111381530761719e+01 -1.506165027618408203e+01 -1.672435760498046875e+01 -9.234159830579177775e-02 6.295597713637450521e-02 -9.937351629911946871e-01
-4.800091552734375000e+01 -8.595466613769531250e+00 -8.186440467834472656e+00 -8.827736355780045896e-01 -1.504699598150077700e-01 -4.450499966539294694e-01
1.646644592285156250e+01 -5.572239303588867188e+01 7.673535823822021484e+00 7.376265989230870179e-01 3.717596549297113584e-01 5.636503876763515608e-01
-1.235839080810546875e+01 -3.978480148315429688e+01 -1.068845272064208984e+01 1.387350770637547914e-01 3.307506265274838819e-01 9.334648367473682429e-01
-2.302218246459960938e+01 2.542122459411621094e+01 -1.583535957336425781e+01 8.826059288938384317e-03 4.207424350351035916e-03 -9.999521979863659205e-01
1.346378040313720703e+01 3.751749801635742188e+01 -1.731933212280273438e+01 4.938952288458089285e-02 2.434047786150322912e-01 -9.686665002861410967e-01
-2.945108032226562500e+01 1.375987625122070312e+01 -1.540487289428710938e+01 5.602195242136584485e-02 -1.321865777429881705e-01 -9.896404647706635860e-01
-1.022505044937133789e+00 3.150595283508300781e+01 -1.802368545532226562e+01 -7.156657052282776321e-02 1.412917744166775624e-01 -9.873777698863731578e-01
1.290095710754394531e+01 -1.665911102294921875e+01 -1.506283760070800781e+01 3.443465594752733762e-03 9.438190434957552388e-02 9.955301093769315379e-01
-4.377894210815429688e+01 -1.947658538818359375e+01 -3.216579914093017578e+00 8.594600649725775421e-01 3.384211240895423911e-01 3.831442802487120547e-01
-1.486639976501464844e-01 -5.235465621948242188e+01 3.591989874839782715e-01 6.777020785434663408e-02 8.382429798436954460e-01 5.410692244714541133e-01
7.704658985137939453e+00 -4.920506000518798828e+00 -1.840175247192382812e+01 -6.818938459527351670e-02 5.265970773470669830e-02 -9.962816685103731418e-01
-4.117855072021484375e+01 2.193877410888671875e+01 -5.544950008392333984e+00 4.242000093596245969e-01 4.512667576888118592e-01 7.851195230436710526e-01
-1.306989765167236328e+01 -2.660111808776855469e+01 -1.745574951171875000e+01 -2.369189276051777635e-03 1.918560223346335303e-01 -9.814202227568509240e-01
8.383687973022460938e+00 4.167233943939208984e+00 -1.550658130645751953e+01 5.644874275408620634e-02 -4.093414366848325409e-02 9.975660054971855484e-01
-7.010767936706542969e+00 -5.573888015747070312e+01 7.802909851074218750e+00 2.402617140650439020e-01 7.840757938545827033e-01 5.722756837799706231e-01
-5.533762359619140625e+01 1.580585956573486328e+00 8.041254043579101562e+00 -8.926166009236286003e-01 1.697200138543869183e-02 -4.504970087853195082e-01
-7.346810102462768555e-01 -4.685120010375976562e+01 -8.680433273315429688e+00 4.584954671417865862e-02 9.059557303020826513e-01 4.208824465321931996e-01
3.652625274658203125e+01 -1.942994308471679688e+01 -1.767865753173828125e+01 3.133858335064981238e-01 -1.781253219707193414e-01 -9.327704374765877215e-01
-1.661561584472656250e+01 -5.547514343261718750e+01 6.266399860382080078e+00 -3.711474802030529929e-01 -7.922327366849727381e-01 -4.843726239823667457e-01
-2.573448562622070312e+01 -5.245305252075195312e+01 1.419105720520019531e+01 4.677420957657726364e-01 7.761239445539599435e-01 4.229053730311839177e-01
4.159477615356445312e+01 -1.049432373046875000e+01 -1.745788002014160156e+01 9.670981845707147251e-01 -2.530509748083340504e-01 2.619743400754629206e-02
-3.960930633544921875e+01 1.544595336914062500e+01 -9.153594970703125000e+00 4.925495269523274405e-02 1.717026356536362555e-02 9.986386391904162885e-01
-5.508135795593261719e+00 4.767879104614257812e+01 -1.196482181549072266e+01 -4.285333425911343475e-01 8.953261412516480000e-01 1.214507104923779612e-01
-4.842608261108398438e+01 -1.908954429626464844e+01 7.008236885070800781e+00 8.289922786558142631e-01 2.943883050760948139e-01 4.755074423849378062e-01
4.889140129089355469e+00 -3.410500717163085938e+01 -1.894572639465332031e+01 -3.406147586408130729e-02 -2.662246266818185658e-01 -9.633090179221239779e-01
-7.597836017608642578e+00 2.500687122344970703e+00 -1.576070880889892578e+01 -2.223314921910152578e-02 1.572515404374651704e-01 -9.873082801768885419e-01
-3.141560077667236328e+00 -6.102449035644531250e+01 1.576475429534912109e+01 6.933982617625579492e-02 9.041700472516311926e-01 4.215074307278928734e-01
2.098023414611816406e+01 -2.594939422607421875e+01 -2.001290321350097656e+01 -3.725342152400700543e-03 -9.002663522615894642e-02 -9.959323906650007219e-01
-1.841279220581054688e+01 -5.601535034179687500e+01 1.390775394439697266e+01 3.435256293028776664e-01 8.365779493383994625e-01 4.267639589900020791e-01
2.816774368286132812e+01 1.049652385711669922e+01 -1.998512649536132812e+01 -1.333074562331023893e-01 1.330736686094653037e-02 -9.909853864209541285e-01
-1.590359306335449219e+01 1.976761054992675781e+01 -1.579664993286132812e+01 -6.401407982881313075e-02 1.900332346932379762e-02 -9.977680448284513837e-01
-4.770330429077148438e+01 -2.156577110290527344e+00 -9.961313247680664062e+00 -8.129382203524537776e-01 -2.293340692099560610e-02 -5.818981944783649940e-01
-4.926240146160125732e-01 2.552794265747070312e+01 -1.213242053985595703e+01 1.359000145143177130e-01 -9.335230865625278318e-02 9.863146214690097224e-01
2.137783432006835938e+01 1.774618911743164062e+01 -1.495924949645996094e+01 9.204275066336502220e-02 -6.569531799264859140e-02 9.935855560766603256e-01
1.432598114013671875e+01 -5.019996261596679688e+01 -8.081789016723632812e+00 2.591674429579179373e-01 -8.061797760846449723e-01 -5.318894670349902931e-01
-4.189629852771759033e-01 -5.847675704956054688e+01 4.181142807006835938e+00 -1.032665497600041143e-01 -8.635423617053804568e-01 -4.935895149220232980e-01
-1.521416664123535156e+01 4.142996978759765625e+01 -1.279490184783935547e+01 -3.744455182139513200e-02 8.784890986580681238e-01 4.762927766383087125e-01
-5.291279602050781250e+01 -8.103787422180175781e+00 3.838934898376464844e+00 -9.219065835137461029e-01 -1.825860435697461981e-01 -3.416878516534631594e-01
3.114867925643920898e+00 1.435652637481689453e+01 -1.393636131286621094e+01 6.421768438957600744e-02 -9.262531935491191692e-02 9.936280185391520581e-01
8.051565170288085938e+00 3.427851867675781250e+01 -1.813046073913574219e+01 -2.576852921549381212e-02 5.097662238402074497e-02 -9.983673506642669615e-01
-1.805427551269531250e+01 -2.275212669372558594e+01 -1.693103599548339844e+01 -1.413308034126188883e-01 -2.565838560735525173e-02 -9.896298556807832103e-01
-2.589312744140625000e+01 3.517741012573242188e+01 -1.380609130859375000e+01 -2.207185647440524923e-01 2.359253902498532340e-01 -9.463733541329130139e-01
-1.317993998527526855e+00 1.628875970840454102e+00 -1.367225933074951172e+01 1.259877674808254355e-01 1.166463757156915512e-02 9.919632143761790699e-01
-4.279234313964843750e+01 -2.612792205810546875e+01 1.735018968582153320e+00 7.840121018659713670e-01 4.393181296383164569e-01 4.385482927783362905e-01
-6.753553867340087891e+00 -5.341833496093750000e+01 -4.285353183746337891e+00 -1.176249691565703220e-01 -8.908167791226822008e-01 -4.388733674585484357e-01
-2.729960060119628906e+01 -7.838713169097900391e+00 -1.547367000579833984e+01 1.275933711172182461e-01 1.153152015630123234e-01 -9.851001654326456691e-01
-4.337643146514892578e+00 -3.288859939575195312e+01 -1.328463363647460938e+01 9.244833069967445249e-02 7.208133996302154567e-02 9.931050229356304104e-01
4.348485183715820312e+01 8.825865745544433594e+00 -1.808691215515136719e+01 2.990472365289352230e-01 9.526360044729169363e-02 -9.494712195502429397e-01
-3.091697311401367188e+01 -3.994746017456054688e+01 -6.488426208496093750e+00 -5.557439652886277948e-01 -7.008088688584804826e-01 -4.472310078411041445e-01
-3.158743286132812500e+01 1.111401653289794922e+01 -1.014658546447753906e+01 -5.363471508789660613e-02 -1.450760507833638753e-02 9.984552302093125942e-01
-7.994592189788818359e+00 3.051336288452148438e+01 -1.734906005859375000e+01 -1.931732293372009912e-01 -4.091633836779711569e-02 -9.803111530131691786e-01
-5.193131637573242188e+01 1.306639480590820312e+01 1.104150676727294922e+01 8.706558839316556053e-01 3.853432109317168203e-02 4.903809109998835125e-01
-2.659719657897949219e+01 -1.780199623107910156e+01 -1.120424938201904297e+01 1.727608622049613477e-03 -8.499252651689166715e-02 9.963800910318935111e-01
3.417931079864501953e+00 -3.616628265380859375e+01 -1.323711490631103516e+01 2.475325197767698493e-02 2.620960609425023735e-01 9.647242773740867250e-01
4.407140016555786133e-01 -4.515102863311767578e+00 -1.461890792846679688e+01 2.089628376316264302e-01 -1.851414215959116816e-01 9.602380884438938002e-01
-2.586642074584960938e+01 2.334965705871582031e+01 -1.062345981597900391e+01 8.147574865053488352e-03 1.841199218320805353e-01 9.828700175548987783e-01
-8.909614562988281250e+00 -3.123685646057128906e+01 -1.816324043273925781e+01 -1.044858599949588518e-01 -4.920876159398246408e-02 -9.933082114044463617e-01
-1.129250907897949219e+01 -2.919789075851440430e+00 -1.591451740264892578e+01 -6.133898993703600089e-02 1.024387257039816590e-01 -9.928463304004545575e-01
-5.010912704467773438e+01 5.051574230194091797e+00 -4.753044128417968750e+00 -9.237638327231043611e-01 6.097834672778630616e-02 -3.780767416584447926e-01
-1.377477264404296875e+01 -6.146303939819335938e+01 1.496248435974121094e+01 -2.870018070969714286e-01 -8.834624421654933002e-01 -3.703026816079721950e-01
2.251816558837890625e+01 -1.626765251159667969e+01 -1.497902870178222656e+01 -1.423584057885915639e-02 1.007053754091549042e-01 9.948144390823419059e-01
-9.866906166076660156e+00 -4.817662048339843750e+01 -1.126673126220703125e+01 -1.836769669000046790e-01 -8.037955112606048891e-01 -5.658405675698033876e-01
-2.391955757141113281e+01 -6.221549034118652344e+00 -1.055425453186035156e+01 5.440485156591252230e-02 -4.428065205076444494e-02 9.975366339037629038e-01
1.091487121582031250e+01 -5.481390762329101562e+01 5.156991958618164062e+00 -1.157048303692084501e-01 8.565564503805204177e-01 5.029149426501023923e-01
9.586143493652343750e+00 2.795569801330566406e+01 -1.806295967102050781e+01 -3.891087088220964579e-02 1.374857132824688355e-01 -9.897391690594037339e-01
3.590856170654296875e+01 5.276312828063964844e+00 -2.014290428161621094e+01 2.287385325215476606e-01 -1.242021483578194469e-03 -9.734871037268667537e-01
2.688959503173828125e+01 2.643947410583496094e+01 -1.899773979187011719e+01 1.536943582734815184e-01 2.080375772038082216e-01 -9.659701914169361858e-01
7.215035915374755859e+00 -6.391765975952148438e+01 1.387600612640380859e+01 -7.971067607278278528e-04 -9.000573874445797484e-01 -4.357706551929004246e-01
-3.083666610717773438e+01 -2.490353012084960938e+01 -1.052160167694091797e+01 1.553166260731259074e-01 7.988324109678701657e-02 9.846295818515373721e-01
-3.747755813598632812e+01 -3.191436958312988281e+01 -7.902070283889770508e-01 7.014034845970946730e-01 6.269056849227186978e-01 3.391495451959650742e-01
-4.248141479492187500e+01 -3.226843643188476562e+01 8.240020751953125000e+00 6.827705421908113470e-01 5.130816022270645593e-01 5.201650278253756587e-01
3.175702476501464844e+01 -2.378106117248535156e+01 -1.369018936157226562e+01 -2.146605732912583164e-01 2.605504320144598207e-01 9.412939554949593113e-01
-2.478779220581054688e+01 -2.697238731384277344e+01 -1.606902122497558594e+01 -2.681303924151004492e-01 -1.715678239836441465e-01 -9.479823703196392781e-01
-5.511473464965820312e+01 -9.631921768188476562e+00 9.613991737365722656e+00 -8.887227216642817895e-01 -1.670919744326513634e-01 -4.269100561919685344e-01
-3.119267272949218750e+01 -1.226285552978515625e+01 -1.082469940185546875e+01 2.211497300266233174e-02 -8.112119061655499383e-03 9.997225222497596597e-01
-4.799401092529296875e+01 1.233527946472167969e+01 -6.735304832458496094e+00 -8.813466595958213690e-01 1.105748837504063886e-01 -4.593487353883447533e-01
-2.006754684448242188e+01 1.685037612915039062e+01 -1.049875640869140625e+01 2.689942758117555566e-01 -6.348323639794276919e-03 9.631208534589382753e-01
3.990952682495117188e+01 2.333777236938476562e+01 -1.242813968658447266e+01 -7.485958184847534280e-01 -4.716085755263224044e-01 4.660361059372710724e-01
1.482391643524169922e+01 -3.584920120239257812e+01 -1.797146034240722656e+01 8.682296809332588905e-02 -3.300309294620548672e-01 -9.399688068281188968e-01
-4.961459732055664062e+01 -3.395915031433105469e+00 1.912922978401184082e+00 9.053744451405431048e-01 9.434603984595556214e-02 4.139999261495574401e-01
-1.734409904479980469e+01 2.836387634277343750e+01 -1.192203521728515625e+01 2.112516834750602368e-02 1.064529876341026721e-01 9.940932997893422440e-01
-5.297272491455078125e+01 -2.189523315429687500e+01 1.706534385681152344e+01 8.322325095113122240e-01 3.175706636049784315e-01 4.544644361553469292e-01
-3.015375900268554688e+01 -2.612031936645507812e+00 -1.522292041778564453e+01 2.472081834996358030e-01 1.216501205415516061e-02 -9.688860234787848302e-01
4.962089061737060547e+00 -5.381880569458007812e+01 -4.398815155029296875e+00 9.615827474029400856e-02 -8.741151205738951768e-01 -4.761053897857643880e-01
6.710598945617675781e+00 -1.241629409790039062e+01 -1.875002098083496094e+01 -8.841295768112343578e-02 3.225024306210390324e-02 -9.955616860529090673e-01
3.221892929077148438e+01 -2.952313804626464844e+01 -1.646718788146972656e+01 -1.037075618607516264e-01 -2.447304343264584698e-03 -9.946048221853489579e-01
-3.726463699340820312e+01 -1.796365022659301758e+00 -1.010548114776611328e+01 1.732600339942009238e-01 -1.321991857200508109e-02 9.847873853646165188e-01
-2.039664983749389648e+00 3.610068511962890625e+01 -1.289266109466552734e+01 1.593877743195261376e-02 -5.228200115517891988e-02 9.985051565861763345e-01
2.269302558898925781e+01 -2.024838829040527344e+01 -2.002987861633300781e+01 -1.718375600885859722e-01 6.675776815997901126e-02 -9.828607497164082440e-01
2.486185264587402344e+01 -3.331025314331054688e+01 -1.258237934112548828e+01 -1.843971417203346119e-01 3.047480416070559306e-01 9.344122886938265315e-01
-9.294043540954589844e+00 -4.297649002075195312e+01 -1.456511878967285156e+01 -6.709431074138952344e-02 -1.718094316625184137e-01 -9.828427507276737973e-01
-4.483912658691406250e+01 -3.700968551635742188e+01 1.689612197875976562e+01 6.968855360110525199e-01 5.318930600381720497e-01 4.810824486320591231e-01
1.422428417205810547e+01 -5.025668716430664062e+01 -1.290137052536010742e+00 -1.953330018709442117e-01 8.085242525718490114e-01 5.550977854245308096e-01
-3.843903732299804688e+01 -1.515756797790527344e+01 -9.881494522094726562e+00 2.468655382999672965e-01 6.072954715062701264e-02 9.671449364509681068e-01
-3.088760375976562500e+01 -4.316009902954101562e+01 6.621127128601074219e+00 5.382437493816838447e-01 6.638096074908172994e-01 5.192787991574797646e-01
-1.403092575073242188e+01 -4.523374557495117188e+01 -6.369811058044433594e+00 2.574913058891698525e-01 8.255417738508781245e-01 5.021742795271731952e-01
-2.183786201477050781e+01 5.211730003356933594e-01 -1.061176300048828125e+01 1.055882148796703085e-01 -5.226288136290700020e-03 9.943962061426225851e-01
-8.667272567749023438e+00 -6.163655853271484375e+01 1.209076881408691406e+01 -2.377026803130898036e-01 -8.939503375687132269e-01 -3.799345071624277148e-01
2.023007011413574219e+01 -2.822913360595703125e+01 -1.440121841430664062e+01 8.434833432289634558e-02 2.724219237945789129e-01 9.584736062787611033e-01
-1.034198951721191406e+01 -1.143426704406738281e+01 -1.273732948303222656e+01 2.082517295913215716e-01 1.743005605717682510e-02 9.779199406229872604e-01
-2.916344833374023438e+01 -3.995009231567382812e+01 -8.722620010375976562e-01 5.672095547099180735e-01 7.280546347136741536e-01 3.849802201642505417e-01
-1.698326492309570312e+01 -3.446204757690429688e+01 -1.605160713195800781e+01 -2.178248602020929348e-01 -2.481224826430578068e-01 -9.439213759021372052e-01
1.847829055786132812e+01 3.207588958740234375e+01 -1.427856731414794922e+01 -2.129087101528097728e-02 -1.466434364679082836e-01 9.889602627771720833e-01
2.274966812133789062e+01 3.653811264038085938e+01 -1.694901466369628906e+01 1.083550100859512755e-01 2.612459129099787836e-01 -9.591713948909782461e-01
3.387691497802734375e+01 2.267387580871582031e+01 -1.862594795227050781e+01 1.362138005307710065e-01 1.338049649294019705e-01 -9.816017684912781149e-01
2.193703842163085938e+01 -3.963619613647460938e+01 -1.143035793304443359e+01 -5.818153638634206148e-02 6.327245644424592252e-02 9.962989034818997558e-01
1.693227767944335938e+01 2.391479682922363281e+01 -1.441068553924560547e+01 6.925777360321078158e-02 3.561195235644215584e-02 9.969629630256525710e-01
-4.058988571166992188e+01 -2.543589210510253906e+01 -1.029800891876220703e+01 -6.953212359410271270e-01 -4.174039315132286321e-01 -5.850660961008957717e-01
-6.573590040206909180e-01 -4.234543609619140625e+01 -1.577347183227539062e+01 -5.995467057435777819e-02 -5.359946858658902746e-01 -8.420897423670744564e-01
-5.026793670654296875e+01 1.442597961425781250e+01 8.305200189352035522e-02 -9.018976941324683416e-01 2.435467721154716825e-01 -3.567429314095393877e-01
8.247821807861328125e+00 1.187174987792968750e+01 -1.483662700653076172e+01 1.435417397389864291e-01 -8.010327179157672450e-02 9.863970979281061480e-01
4.557217788696289062e+01 1.367143630981445312e+01 -1.105626296997070312e+01 -7.719720554423189496e-01 -2.469040339042171128e-01 5.857452890617101948e-01
-3.335104370117187500e+01 5.075858116149902344e+00 -1.029139041900634766e+01 2.557696934806223329e-02 3.017564548678336109e-02 9.992173182338385251e-01
-1.614987754821777344e+01 -2.562877655029296875e+01 -1.225756359100341797e+01 5.287535127488110498e-02 -1.273876633300909667e-01 9.904426184584633752e-01
3.091288375854492188e+01 3.056252288818359375e+01 -1.748895835876464844e+01 1.355837431146300620e-01 2.547269913704953703e-01 -9.574608130207531431e-01
-1.091981983184814453e+01 -5.601472854614257812e+01 3.502439022064208984e+00 -2.386107135351936415e-01 -8.500265835558568073e-01 -4.695952881307303706e-01
-1.705385780334472656e+01 -4.043818283081054688e+01 -1.411754608154296875e+01 -3.821171464660071404e-01 -2.778584135595372206e-01 -8.813519095065562858e-01
6.365059852600097656e+00 -2.098098373413085938e+01 -1.939443206787109375e+01 -8.101141107113843387e-02 1.291924811805068114e-03 -9.967123367384109756e-01
4.076093292236328125e+01 6.105279922485351562e-01 -1.908306121826171875e+01 2.288125482537496369e-01 3.867154846866314999e-02 -9.727020762292334366e-01
3.094479942321777344e+01 -5.561191082000732422e+00 -2.063837242126464844e+01 -2.006221103244741344e-01 6.074374093439737290e-03 -9.796498715502021115e-01
-5.101663112640380859e+00 -5.057556533813476562e+01 -9.188887596130371094e+00 -1.293141415564920405e-01 -8.246412847510562472e-01 -5.506764969359371209e-01
1.416489505767822266e+01 -5.967733764648437500e+01 1.287462997436523438e+01 8.602979844020317568e-01 2.850841872873657867e-01 4.226279500843547199e-01
1.962988662719726562e+01 -5.073651504516601562e+01 4.803889989852905273e-01 8.535495651829368979e-01 -1.062647003585925481e-01 5.100597545716756276e-01
-2.718071365356445312e+01 3.030935049057006836e+00 -1.519926071166992188e+01 1.671316470723129693e-02 -4.413302222987951912e-03 -9.998505852820998019e-01
-2.093439292907714844e+01 -2.999349784851074219e+01 -1.165189170837402344e+01 1.640973387515162474e-01 8.967918338729750916e-02 9.823592558130949115e-01
3.647775650024414062e+01 9.516235351562500000e+00 -1.539413070678710938e+01 -1.509408432001997924e-01 -4.314991792129557746e-02 9.876006006667867876e-01
-5.048163604736328125e+01 -2.650211715698242188e+01 1.027777671813964844e+01 -8.143820790063114323e-01 -3.520079228392667958e-01 -4.613808098000423130e-01
-3.812848663330078125e+01 -9.465021133422851562e+00 -1.006584835052490234e+01 1.361183864408247179e-01 -3.071602373606570346e-02 9.902162949369150979e-01
2.710903930664062500e+01 -1.277982902526855469e+01 -1.523435306549072266e+01 3.432252226178089671e-02 4.583649891481430400e-02 9.983591437117315115e-01
-1.057295894622802734e+01 3.038448524475097656e+01 -1.227103328704833984e+01 -2.115562354699817432e-02 1.368937325738423527e-01 9.903598061181294598e-01
-8.330131530761718750e+00 3.846075439453125000e+01 -1.216708374023437500e+01 9.627255387641325823e-02 -9.022609397923442298e-02 9.912572054393166132e-01
-8.831276893615722656e+00 1.570986461639404297e+01 -1.222885227203369141e+01 2.106849261593568556e-01 -6.291581751553018687e-02 9.755272737323026355e-01
1.513675785064697266e+01 -1.194402980804443359e+01 -1.908915519714355469e+01 -5.860520722843512442e-02 1.888450722311903196e-02 -9.981026024776472605e-01
1.906971549987792969e+01 9.035555839538574219e+00 -1.527373504638671875e+01 -5.845651507516366058e-02 -5.461062374002810527e-02 9.967951221891047098e-01
-1.344210624694824219e+01 2.246995925903320312e+01 -1.152378082275390625e+01 1.593180870597035170e-01 -7.680122814432803480e-02 9.842353979059885738e-01
-1.916633009910583496e+00 -2.719944763183593750e+01 -1.349815940856933594e+01 9.546001713976974556e-02 8.164426988548051378e-02 9.920794314582586093e-01
-8.264313697814941406e+00 -5.120584487915039062e+01 6.357510089874267578e-01 2.031613072133739706e-01 8.236406996186895757e-01 5.294728332813580796e-01
6.723160743713378906e+00 2.705191421508789062e+01 -1.330506324768066406e+01 1.623232715341189625e-01 2.016665881958367226e-02 9.865315308648352488e-01
8.621181488037109375e+00 -4.639063262939453125e+01 -9.006285667419433594e+00 -1.702590944303040976e-01 8.600669528006542608e-01 4.809331320089831885e-01
-5.397908020019531250e+01 -1.602694702148437500e+01 1.005399799346923828e+01 -8.611383546231415886e-01 -2.089002085276691345e-01 -4.634667594057257367e-01
3.296760022640228271e-01 2.130863189697265625e+01 -1.727766799926757812e+01 -1.061274273908653087e-01 -1.140208677178352337e-01 -9.877936074303521607e-01
-1.011153984069824219e+01 -1.802336883544921875e+01 -1.265116310119628906e+01 1.937566937264000033e-01 -3.739056567794703939e-02 9.803368243795075321e-01
-5.557288360595703125e+01 6.848009109497070312e+00 1.640004158020019531e+01 9.375830063327432740e-01 -6.873644611274554173e-02 3.409008759329388294e-01
-4.769670867919921875e+01 -3.185241508483886719e+01 1.013084697723388672e+01 -7.690656426165644044e-01 -4.216915812086546311e-01 -4.803272297970575533e-01
-2.114418411254882812e+01 3.466499710083007812e+01 -1.097498416900634766e+01 1.111354760637285610e-01 -1.714259358939488609e-01 9.789086037332456192e-01
-4.080922698974609375e+01 -3.880545043945312500e+01 7.331432819366455078e+00 -6.301673160055064615e-01 -5.732550492858484725e-01 -5.237058356622501520e-01
3.410579919815063477e+00 4.104088592529296875e+01 -1.250175094604492188e+01 -1.699176068106864057e-03 -1.295586278503229327e-01 9.915703075174403525e-01
6.247270107269287109e+00 -5.979251098632812500e+01 6.077520847320556641e+00 3.144091085779548989e-02 -8.613582608271607155e-01 -5.070240779580800217e-01
3.088068389892578125e+01 1.282273960113525391e+01 -1.566927242279052734e+01 3.013359125260499372e-02 2.397109860658320352e-02 9.992584015707920431e-01
-5.699050140380859375e+01 -2.346199989318847656e+00 1.156958103179931641e+01 -8.798238939092118960e-01 -4.586714069843743184e-03 -4.752776848963911616e-01
-3.447472763061523438e+01 -4.689398193359375000e+01 1.547793483734130859e+01 5.841024658797245861e-01 6.990701616572012611e-01 4.124623842652800909e-01
-8.091499656438827515e-02 4.883471298217773438e+01 -1.253602790832519531e+01 -2.928368556095385655e-02 7.723376443992638896e-01 -6.345368616587718780e-01
-5.485654830932617188e+00 -2.477869224548339844e+01 -1.789083099365234375e+01 -7.916451114814995749e-02 9.716669137798791822e-02 -9.921147182968959033e-01
-2.439012908935546875e+01 -4.612705230712890625e+01 -3.907315015792846680e+00 -4.620736590270891897e-01 -7.825976394804821101e-01 -4.171676740986705600e-01
-3.649252319335937500e+01 7.337058067321777344e+00 -1.432418823242187500e+01 -2.679288736386499781e-01 9.795124546153763379e-02 -9.584464889513957253e-01
-2.257681274414062500e+01 -4.944470977783203125e+01 7.421884059906005859e+00 4.195616689364994323e-01 7.354880347537601226e-01 5.320012750861327078e-01
-4.385423660278320312e+01 -2.157218933105468750e+01 -8.264223098754882812e+00 -8.846421922753314737e-01 -3.270182357889535041e-01 -3.323661611954135120e-01
2.462516593933105469e+01 -1.094540953636169434e+00 -1.970035362243652344e+01 -2.326963147081175243e-01 1.175576645551676576e-02 -9.724783941436971890e-01
-2.522773981094360352e+00 -1.058731937408447266e+01 -1.452448558807373047e+01 1.488175430138024002e-01 1.283855830682874011e-01 9.804950183206189163e-01
-3.276897811889648438e+01 -8.299693107604980469e+00 -1.555333900451660156e+01 -1.608345005537723249e-01 2.695658772806845682e-02 -9.866131996936172710e-01
-6.190483093261718750e+00 -3.751391220092773438e+01 -1.698386764526367188e+01 -1.171499204294639690e-01 -3.492928249279277919e-01 -9.296614537546655788e-01
2.272290945053100586e+00 -2.811801528930664062e+01 -1.908760643005371094e+01 -1.509836792278520801e-01 -3.664825662773134318e-02 -9.878566869202075607e-01
-1.115346908569335938e+01 -2.338641357421875000e+01 -1.257261848449707031e+01 1.727360290795894593e-01 5.756714127752115412e-02 9.832844392661511668e-01
3.852909088134765625e+01 1.551651668548583984e+01 -1.876052093505859375e+01 2.000935765669897282e-01 1.257397304171192776e-01 -9.716748843163850458e-01
3.527894020080566406e+00 -4.871447753906250000e+01 -5.880245208740234375e+00 3.632982179370589006e-03 8.314688172266623267e-01 5.555595444416192574e-01
2.786364364624023438e+01 -1.007277774810791016e+01 -2.023297691345214844e+01 -1.071534162160820008e-01 8.035066991793803548e-04 -9.942421736026929580e-01
2.047585105895996094e+01 -4.378028106689453125e+01 -7.753759860992431641e+00 -3.022001994305145156e-01 7.556781443059277237e-01 5.810555753819997005e-01
-4.230339050292968750e+01 -2.980364036560058594e+01 -2.567027091979980469e+00 -7.947652392185362569e-01 -4.937973749907314525e-01 -3.528630994906745144e-01
5.809069871902465820e-01 -6.311148834228515625e+01 1.235422325134277344e+01 -5.507947522141789370e-02 -9.196122430632622802e-01 -3.889467493340038606e-01
-1.615038108825683594e+01 1.116739654541015625e+01 -1.526264953613281250e+01 -8.815020873564670401e-02 1.114211871090772799e-02 -9.960448754401048932e-01
1.518413066864013672e+00 -1.960766029357910156e+01 -1.434604835510253906e+01 1.100820276094076067e-01 4.288117978645284573e-02 9.929970551907612020e-01
2.630785560607910156e+01 -2.090086555480957031e+01 -1.492742156982421875e+01 6.086809240646969682e-02 -1.585519972850230573e-03 9.981445593966904450e-01
-5.101538085937500000e+01 -3.062729263305664062e+01 1.963927078247070312e+01 4.472746533857320794e-01 2.986681060597829451e-01 8.430556012869706572e-01
7.309087753295898438e+00 2.263320159912109375e+01 -1.778096771240234375e+01 -1.232335150663227546e-01 -6.508726371182520232e-02 -9.902409549533415234e-01
4.500441741943359375e+01 1.909263610839843750e+01 -8.949229240417480469e+00 -6.993903520114705952e-01 -3.743897296209313108e-01 6.088394417805380598e-01
5.446548938751220703e+00 -4.554875183105468750e+01 -1.480074977874755859e+01 -3.786018929223383678e-02 -3.777638773305666553e-01 -9.251275906873238641e-01
3.085243225097656250e+01 1.624325561523437500e+01 -2.023197937011718750e+01 1.960603249046140584e-01 1.433105980482734521e-01 -9.700631018059305832e-01
-2.574994087219238281e+01 9.799825668334960938e+00 -1.514632034301757812e+01 -1.448758952410332534e-01 5.499248123208230060e-02 -9.879204431461312552e-01
2.203152847290039062e+01 3.659899950027465820e+00 -1.542693042755126953e+01 3.485040582165641748e-02 -6.117827657777258343e-02 9.975182543136938973e-01
-1.062040138244628906e+01 5.422599792480468750e+00 -1.228226566314697266e+01 1.342082612415175236e-01 1.817479987733312818e-02 9.907864650185465027e-01
-4.601996994018554688e+01 -1.126437759399414062e+01 -3.984858989715576172e+00 8.618716289871317660e-01 2.123644506172686908e-01 4.605199618486622848e-01
1.227589321136474609e+01 1.304050445556640625e+01 -1.830609703063964844e+01 -7.448079198913694354e-02 5.608086206962951265e-02 -9.956442881542575396e-01
-3.499986648559570312e+01 2.272204589843750000e+01 -1.345639419555664062e+01 -2.861212991230461800e-01 1.409871888532768791e-01 -9.477643244854655480e-01
-3.589725494384765625e+01 -2.234728240966796875e+01 -1.349218845367431641e+01 -2.803679986066982543e-01 -1.185461892981209825e-01 -9.525442700264217244e-01
2.697659492492675781e+01 1.651384925842285156e+01 -1.549591064453125000e+01 1.082009937473319278e-01 2.103861260619981424e-02 9.939063948540104443e-01
8.156647682189941406e+00 4.986729049682617188e+01 -3.527844905853271484e+00 -1.545148818611766783e-01 -8.085783362778745653e-01 5.677378139471871421e-01
-1.408232498168945312e+01 3.261274719238281250e+01 -1.636688232421875000e+01 -2.259692308120385754e-02 -6.675463859937050271e-02 -9.975135073234495664e-01
1.060564136505126953e+01 -3.284919357299804688e+01 -1.929016494750976562e+01 3.315485269958876741e-02 -2.982131710159531823e-01 -9.539232990000183765e-01
-4.944915390014648438e+01 5.659492015838623047e+00 1.719258069992065430e+00 9.280267767939084367e-01 -8.769032269855134287e-02 3.620451751626215242e-01
3.896538972854614258e+00 4.631986236572265625e+01 -9.358675003051757812e+00 -4.823071880668699379e-02 -8.177622961000826640e-01 5.735317121489543757e-01
2.333997726440429688e+01 1.524011898040771484e+01 -1.936059188842773438e+01 -1.495783730982311044e-01 -1.040305397542080554e-02 -9.886951434943285211e-01
-4.566427993774414062e+01 7.547161102294921875e+00 -6.304644107818603516e+00 9.256296301569396645e-01 -1.603857878969456585e-01 3.427625808284842091e-01
-3.161210632324218750e+01 1.863227462768554688e+01 -1.508880233764648438e+01 -2.637387821697935730e-01 9.766842465501077153e-02 -9.596367717032328049e-01
-3.090566253662109375e+01 -2.957787322998046875e+01 -1.368316650390625000e+01 -1.194631706669064958e-01 -9.363931040172761289e-02 -9.884129857512489181e-01
9.216026306152343750e+00 4.747044372558593750e+01 -1.322497463226318359e+01 1.670589260512935215e-01 7.737844410698850872e-01 -6.110228751730610863e-01
3.899836349487304688e+01 -6.596786975860595703e+00 -1.494132900238037109e+01 -1.891054184726519982e-01 9.022113189007054113e-02 9.778032972253456467e-01
-1.891799926757812500e+01 -4.669826889038085938e+01 -8.306721687316894531e+00 -3.615882363731782734e-01 -8.184608709622162026e-01 -4.465151173480073066e-01
-2.101610183715820312e+01 1.838028144836425781e+01 -1.567735481262207031e+01 -3.575881732989866224e-02 -5.836138697256655627e-02 -9.976548779481836382e-01
-2.351121711730957031e+01 -5.726209259033203125e+01 1.453437232971191406e+01 -4.560015650350880967e-01 -8.086564861639641277e-01 -3.716682123487302647e-01
-1.853996658325195312e+01 -6.890100240707397461e-02 -1.520983505249023438e+01 -9.305192066723176614e-02 1.364010809644800211e-02 -9.955678216531791414e-01
-1.709903526306152344e+01 3.695712280273437500e+01 -1.521070194244384766e+01 -1.389371383539607374e-01 1.648030566299863720e-01 -9.764918965928114369e-01
-3.701328039169311523e+00 -4.909754180908203125e+01 -4.320374965667724609e+00 1.153812627761498233e-01 8.221167468999177608e-01 5.575044561856681291e-01
4.337987518310546875e+01 -1.602440029382705688e-01 -1.459183597564697266e+01 1.702508703290515346e-01 -5.855068737558122988e-02 9.836597268161624275e-01
1.729048919677734375e+01 -2.211114120483398438e+01 -1.964125823974609375e+01 -4.693096061129614638e-02 1.041876592027445730e-01 -9.934497554511521056e-01
-2.136239051818847656e+01 -1.833715629577636719e+01 -1.131660079956054688e+01 7.094169623153795401e-02 -9.000272611768915521e-02 9.934116895966025318e-01
3.028033018112182617e+00 4.534781932830810547e+00 -1.461134338378906250e+01 2.009047137930957683e-01 3.494557730425960212e-02 9.789872841884037502e-01
-2.223223686218261719e+01 -3.882423782348632812e+01 -1.364691734313964844e+01 -1.054068329824207062e-01 -1.278861668460292422e-01 -9.861716523455973382e-01
-4.614978790283203125e+01 2.117205810546875000e+01 -4.103407859802246094e+00 -8.130992649206858491e-01 4.486802326954526521e-01 -3.708849338727506773e-01
-5.573716354370117188e+01 -1.796246719360351562e+01 1.460569000244140625e+01 -8.775507098485577639e-01 -2.705019713156803229e-01 -3.958957377373784614e-01
4.564754104614257812e+01 1.350065612792968750e+01 -1.647277450561523438e+01 5.606961722718053487e-01 2.091652043177826548e-01 -8.011677225790154733e-01
-2.281514739990234375e+01 -4.546841430664062500e+01 1.037773013114929199e+00 4.178836434371719366e-01 7.523555650750312074e-01 5.092488235119497775e-01
1.206628227233886719e+01 2.051639366149902344e+01 -1.819172286987304688e+01 -1.109650634370060868e-01 -2.082022269476306933e-02 -9.936061961478307447e-01
2.673441314697265625e+01 7.460056781768798828e+00 -1.535069847106933594e+01 3.389039163581084035e-02 -1.402804988724455984e-02 9.993271011891612376e-01
1.372570800781250000e+01 -4.505655288696289062e+01 -9.399516105651855469e+00 -2.864764155089262743e-01 8.316615585809071787e-01 4.756787942886810949e-01
2.844159507751464844e+01 -3.340147018432617188e+01 -1.638994979858398438e+01 5.637932826214154397e-03 9.569942863790700111e-03 -9.999383130508756601e-01
-5.083514785766601562e+01 -1.620064544677734375e+01 3.240855932235717773e+00 -8.943058705023391175e-01 -2.595925621016742513e-01 -3.644567349995629368e-01
-1.775989532470703125e+01 2.463866233825683594e+01 -1.587544441223144531e+01 3.388715471853212535e-02 -1.182818814420091014e-01 -9.924016612579912300e-01
2.699305725097656250e+01 -3.917292404174804688e+01 -1.014551544189453125e+01 6.777077789811264408e-01 -1.388524997631671587e-01 7.221025893998638256e-01
7.196180224418640137e-01 -4.742637634277343750e+01 -1.367150974273681641e+01 3.595519347112612236e-03 -5.636657558471211971e-01 -8.259951500619832077e-01
-1.100229978561401367e+00 1.038886642456054688e+01 -1.659151840209960938e+01 -1.324022613954620453e-01 1.776129498785193953e-02 -9.910369203908209190e-01
8.391420364379882812e+00 4.301826095581054688e+01 -1.584940433502197266e+01 -2.286047499945655787e-02 2.955233709586223001e-01 -9.550619539590360363e-01
-4.527087402343750000e+01 -2.448861503601074219e+01 -2.580842018127441406e+00 -8.512402437136675770e-01 -4.157336348214780708e-01 -3.202430207833074083e-01
1.232148551940917969e+01 -4.656394004821777344e+00 -1.580829143524169922e+01 -2.025099629162409043e-01 5.082927836236598084e-04 9.792800705406543571e-01
3.535934066772460938e+01 -2.889676475524902344e+01 -1.238185024261474609e+01 3.333565109820240124e-01 -9.822628916065954952e-02 9.376700020282285886e-01
-9.402232170104980469e+00 -3.399956130981445312e+01 -1.263787269592285156e+01 1.182595033678364299e-01 2.531616463438984832e-01 9.601686678306263767e-01
1.537457561492919922e+01 3.281765747070312500e+01 -1.840907287597656250e+01 5.649640960408119916e-02 2.673832219857154024e-01 -9.619326214981928080e-01
-5.133963394165039062e+01 4.469643115997314453e+00 6.398102760314941406e+00 9.099514305080312893e-01 -9.052024825344395786e-02 4.047153058293230243e-01
-2.540039825439453125e+01 -3.433173370361328125e+01 -1.000742816925048828e+01 1.890718042110796082e-01 1.897956619236691178e-01 9.634466563164374442e-01
-4.948364257812500000e+00 -1.852188682556152344e+01 -1.762793922424316406e+01 -1.187268786908359519e-01 3.867897810173077933e-02 -9.921733038785802705e-01
-1.855451774597167969e+01 -8.411465644836425781e+00 -1.104163932800292969e+01 1.238514984611898545e-01 -1.141291243993542565e-02 9.922351292705555714e-01
2.242524719238281250e+01 9.018506050109863281e+00 -1.923540306091308594e+01 -3.537691754041040471e-02 4.309274124781953264e-02 -9.984445349427716332e-01
2.757968521118164062e+01 2.179019737243652344e+01 -1.538001060485839844e+01 -1.102249737540332841e-01 -1.505996449515530911e-01 9.824307619885426224e-01
1.550233650207519531e+01 4.398820877075195312e+01 -1.020057201385498047e+01 2.960118073007963480e-01 -8.719758540189196383e-01 3.899168115720223482e-01
8.259398460388183594e+00 -2.909992599487304688e+01 -1.390124893188476562e+01 3.337482581724626751e-02 -2.638749099462272402e-02 9.990945006958437125e-01
-1.793948173522949219e+01 -5.050392913818359375e+01 5.385550022125244141e+00 3.659695200908131274e-01 8.201978056576088028e-01 4.397065725673690584e-01
9.578317642211914062e+00 -1.689512443542480469e+01 -1.899147987365722656e+01 -1.143237398930412735e-01 1.386935952483528967e-01 -9.837144754114144352e-01
-3.048757171630859375e+01 -5.351556396484375000e+01 1.934873580932617188e+01 6.792700548144475770e-02 7.459011027576148423e-02 9.948981040163729084e-01
-2.660111427307128906e+01 -4.885227584838867188e+01 3.885558128356933594e+00 -4.826477733590811003e-01 -7.675390299837431263e-01 -4.218233804842207446e-01
-4.867318344116210938e+01 -3.442511367797851562e+01 1.463953113555908203e+01 -8.023058648296247375e-01 -4.856053048322546695e-01 -3.471207098096585342e-01
3.401774597167968750e+01 -9.596238136291503906e+00 -1.548044490814208984e+01 -2.279760978693034512e-01 1.112209914549056461e-01 9.672935386221048759e-01
-1.734257125854492188e+01 -4.812040710449218750e+01 7.632250189781188965e-01 3.524640359925628741e-01 7.929616754909326604e-01 4.969717140184601867e-01
1.421065807342529297e+01 3.697523117065429688e+00 -1.552838230133056641e+01 -2.328924703002933656e-03 -5.618985492081973732e-02 9.984173858230359633e-01
-1.710443305969238281e+01 2.797368049621582031e+00 -1.121833610534667969e+01 1.816749762291302306e-01 -5.706673827733652060e-02 9.817013753655084995e-01
2.467118978500366211e+00 -2.463168907165527344e+01 -1.409856319427490234e+01 4.373380356435950522e-02 1.218180891162477381e-01 9.915884769347915739e-01
3.044471549987792969e+01 4.730487823486328125e+00 -2.031497001647949219e+01 -1.494739764773082291e-01 9.404561443131553844e-02 -9.842829637671768328e-01
-3.268358230590820312e+01 -1.678639221191406250e+01 -1.526280784606933594e+01 -2.422602267890878458e-01 -1.202958875339177475e-01 -9.627247176418225472e-01
1.773869705200195312e+01 -5.502309799194335938e-01 -1.909264755249023438e+01 -9.244606177554326454e-02 7.465487111989996261e-02 -9.929150899650300843e-01
-1.203405952453613281e+01 3.867092132568359375e+01 -1.569673538208007812e+01 -1.501285858757206160e-01 2.532696515727614339e-01 -9.556756203310663444e-01
-2.348450279235839844e+01 -1.275884628295898438e+01 -1.593281364440917969e+01 -2.460667673780967193e-02 9.415595743142708696e-02 -9.952533180753994069e-01
-3.760067749023437500e+01 -3.712123489379882812e+01 -5.644440054893493652e-01 -6.774177674432768637e-01 -6.237681811281463595e-01 -3.898954020814434096e-01
-1.827582168579101562e+01 -1.256159877777099609e+01 -1.617207908630371094e+01 -5.475205206293055904e-02 6.523303665617226355e-02 -9.963668319065587253e-01
-5.288689804077148438e+01 -2.649410247802734375e+01 1.476525783538818359e+01 -8.657753281895589348e-01 -3.315519010438633951e-01 -3.748418573378134999e-01
2.167526054382324219e+01 4.129577255249023438e+01 -1.538328552246093750e+01 1.845359699968452394e-01 4.826382222533250888e-01 -8.561581759216421172e-01
3.733423233032226562e+01 -2.175638198852539062e+01 -1.323219871520996094e+01 3.677531477143360372e-01 -1.056260301342506688e-02 9.298634597422238413e-01
1.335151386260986328e+01 4.002308273315429688e+01 -1.288407325744628906e+01 1.292020914754816487e-02 -1.526567356037629719e-01 9.881948134200999601e-01
2.522497367858886719e+01 2.846706771850585938e+01 -1.460548019409179688e+01 -7.923632421576022600e-02 -1.489761801115829509e-01 9.856610485781287512e-01
-2.330378055572509766e+00 -4.260179519653320312e+01 -1.094157695770263672e+01 6.533119940733875253e-02 2.497319158514963167e-01 9.661085884046056727e-01
2.154438209533691406e+01 -1.323975276947021484e+01 -1.952140808105468750e+01 2.839424171654179874e-02 -7.974522899194808404e-03 -9.995649923951283045e-01
-3.481490325927734375e+01 -3.598963165283203125e+01 -7.030485153198242188e+00 -6.399870905257528664e-01 -6.231485544500531271e-01 -4.495580085452719477e-01
-6.204401016235351562e+00 2.065361404418945312e+01 -1.230203533172607422e+01 9.758608808138069524e-02 -5.071056630794112952e-02 9.939343005841488887e-01
-2.927663803100585938e+01 -5.173213577270507812e+01 1.064367961883544922e+01 -4.920047688868532942e-01 -7.406125566867501897e-01 -4.576290509468441403e-01
-4.928234863281250000e+01 -2.405945396423339844e+01 6.008427143096923828e+00 -8.504436004147465367e-01 -3.981310597514408633e-01 -3.438565715160865621e-01
8.113393783569335938e+00 -4.186874008178710938e+01 -1.143351840972900391e+01 -2.187038722860918175e-02 2.914866313298668521e-01 9.563248558510004660e-01
-8.924978256225585938e+00 2.482293319702148438e+01 -1.681570053100585938e+01 -1.881226625377523110e-01 -8.901585015808942403e-02 -9.781032881349186470e-01
-1.307452297210693359e+01 -5.813876152038574219e+00 -1.208088970184326172e+01 1.725071031396010479e-01 -3.656328181860729956e-04 9.850082058942581931e-01
-4.486079788208007812e+01 1.498608779907226562e+01 -3.792669057846069336e+00 8.700768669544771683e-01 -3.227602712214704961e-01 3.725480544999846821e-01
-4.021986389160156250e+01 -3.915836715698242188e+01 1.233382606506347656e+01 6.546866044462644751e-01 5.697577226190277955e-01 4.967510316794513381e-01
2.013782310485839844e+01 2.468725013732910156e+01 -1.939958572387695312e+01 -3.461331886835374710e-02 9.732732783071018634e-02 -9.946503453044447385e-01
-2.134581375122070312e+01 1.121514987945556641e+01 -1.063235664367675781e+01 1.088028673812190678e-01 1.210593083623119626e-02 9.939896289641121374e-01
1.517695426940917969e+01 -4.391425323486328125e+01 -1.494056987762451172e+01 1.261466148034850188e-01 -4.779853541152873642e-01 -8.692623498259339776e-01
2.172066307067871094e+01 -3.642556762695312500e+01 -1.664486885070800781e+01 3.351129688545162466e-01 -5.442677108685417542e-01 -7.690721403167777304e-01
1.629723358154296875e+01 -2.035297393798828125e+01 -1.478389930725097656e+01 -4.810436531900421676e-03 9.158001810030565182e-02 9.957861015223702372e-01
-3.643472671508789062e+01 1.791019821166992188e+01 -1.356413364410400391e+01 -2.752345788742804333e-01 1.144662218790701985e-01 -9.545383232959423481e-01
3.200608444213867188e+01 -3.294198036193847656e+00 -1.566834163665771484e+01 5.987985875545677461e-02 5.009663701841065436e-02 9.969477064895991836e-01
3.044536113739013672e+00 -5.616823959350585938e+01 -3.001660108566284180e-01 -1.301661747144882732e-02 -8.612760806892352239e-01 -5.079705508217892129e-01
-4.682112121582031250e+01 -5.408967018127441406e+00 -4.448406219482421875e+00 9.124686618205390953e-01 8.840509681859441693e-02 3.994815140302860890e-01
-5.646167373657226562e+01 1.139445877075195312e+01 1.996612739562988281e+01 6.026363744924156940e-01 5.607909490468903080e-01 5.677525091144246527e-01
-7.109375953674316406e+00 -4.408091354370117188e+01 -1.020465278625488281e+01 9.370952638077001406e-02 6.017002063261805977e-02 9.937797005788365778e-01
-2.979615783691406250e+01 -3.523182296752929688e+01 -7.717483997344970703e+00 6.168957914347149574e-01 6.797451421900987389e-01 3.967192006685574257e-01
-5.908411407470703125e+01 -6.454607009887695312e+00 2.066523742675781250e+01 -2.512375017368498886e-01 -1.042799720118117029e-02 9.678692962354981111e-01
-4.870098876953125000e+01 -1.002674388885498047e+01 1.831187009811401367e+00 8.722588799195547526e-01 2.214818562552011150e-01 4.360163228036697536e-01
9.231941223144531250e+00 -5.954313659667968750e+01 1.207223987579345703e+01 -9.837562577508987549e-02 8.775550647553100880e-01 4.692753398333039949e-01
-4.316587066650390625e+01 6.154057025909423828e+00 -1.239437675476074219e+01 -4.166857181154323131e-01 5.767855816150506409e-02 -9.072189351237309740e-01
-3.080277252197265625e+01 2.801406669616699219e+01 -1.009186172485351562e+01 1.218443847441451761e-01 9.765331613637271563e-03 9.925011759211151974e-01
8.633594512939453125e+00 -7.808409929275512695e-01 -1.577337455749511719e+01 2.180273878481801819e-02 -5.824816884952123408e-02 9.980640216975856793e-01
-3.504442977905273438e+01 -5.161993408203125000e+01 1.889696693420410156e+01 -5.338050523241535394e-01 -6.699851405747263566e-01 5.159186733607070696e-01
-3.678789138793945312e+01 -2.749986457824707031e+01 -7.896924018859863281e+00 7.266372988663469812e-01 5.133401896337005388e-01 4.565961953444810373e-01
-3.750261306762695312e+01 1.089931201934814453e+01 -9.670016288757324219e+00 1.272254618443937335e-01 -1.960219923878728752e-03 9.918718865843161314e-01
3.389089584350585938e+01 2.949832916259765625e+01 -1.361538028717041016e+01 -2.605612993028093571e-01 -2.606991591155750632e-01 9.295933292263148795e-01
2.280372428894042969e+01 -4.799695205688476562e+01 -6.647215843200683594e+00 8.043698532681605728e-01 -5.940156197956072415e-01 1.160097376079118753e-02
-1.072432041168212891e+01 4.880599975585937500e-01 -1.241064453125000000e+01 1.887258780793055202e-01 1.393580093052837823e-02 9.819309224154312288e-01
1.095400005578994751e-01 -5.771156692504882812e+01 9.064670562744140625e+00 8.988669199291804413e-02 8.208620455746369338e-01 5.640087629971657357e-01
2.611631870269775391e+00 -1.349575328826904297e+01 -1.518167209625244141e+01 1.892211755121629702e-01 1.504943222712716022e-01 9.703333477222690906e-01
-5.379770278930664062e+01 -2.837260007858276367e+00 4.433416843414306641e+00 -9.376599911718420666e-01 -4.523837747258089431e-02 -3.445971998714864037e-01
-7.624210119247436523e-01 1.530845069885253906e+01 -1.684109878540039062e+01 -1.319975136950364003e-01 2.214716212368972488e-03 -9.912475732179260035e-01
-4.976169109344482422e+00 4.118514633178710938e+01 -1.600675392150878906e+01 -5.267092864074444936e-02 2.665379472507029002e-01 -9.623841727457403961e-01
-4.923938751220703125e+01 1.181329345703125000e+01 4.112978935241699219e+00 9.032147206658017735e-01 -2.358198857088528999e-01 3.585974761161341284e-01
-5.721924591064453125e+01 3.285625934600830078e+00 1.948166656494140625e+01 8.875523243353615754e-01 -7.389836395876156483e-02 4.547415786698149609e-01
2.545669174194335938e+01 -4.422526836395263672e+00 -1.555654239654541016e+01 -4.244616768623094699e-02 2.343565738930485087e-02 9.988238547469134865e-01
2.938770484924316406e+01 -1.900578880310058594e+01 -1.958395957946777344e+01 2.590533867344927410e-01 -1.260353042542464164e-01 -9.576045347130144325e-01
-3.458195495605468750e+01 1.495655250549316406e+01 -9.907811164855957031e+00 1.001278148321795014e-01 -4.610580453620816838e-02 9.939057679101181986e-01
4.088668823242187500e+01 1.802809333801269531e+01 -1.404665184020996094e+01 -5.351193954551452386e-02 -5.186637145582126407e-02 9.972193098000479150e-01
-1.757007408142089844e+01 -4.205607604980468750e+01 -9.441303253173828125e+00 3.025215282168937092e-01 6.031967560226199065e-01 7.379934948826467611e-01
5.708378791809082031e+00 -8.606872558593750000e+00 -1.579505348205566406e+01 1.088830247127281492e-01 6.046260647717809772e-02 9.922140697185227731e-01
-9.626680016517639160e-01 -3.810807037353515625e+01 -1.234408855438232422e+01 -3.976895810785258806e-02 3.624177382721446294e-01 9.311669092900151101e-01
-2.657676696777343750e+01 -2.265162277221679688e+01 -1.140422058105468750e+01 4.330166106297703155e-02 5.019127468330597357e-03 9.990494354678569611e-01
-5.439803695678710938e+01 -6.309348106384277344e+00 1.307240581512451172e+01 8.486103636061499422e-01 2.935110993776542804e-02 5.282035243404374913e-01
-1.435004425048828125e+01 -1.962468338012695312e+01 -1.686493873596191406e+01 -6.192521226768626236e-02 8.165163600575715830e-02 -9.947352805762873507e-01
1.730002212524414062e+01 -4.150830078125000000e+01 -1.130941390991210938e+01 -3.014317908738673932e-02 1.638412246165092123e-01 9.860260857962472869e-01
1.682323074340820312e+01 4.132295608520507812e+01 -1.600439643859863281e+01 7.933035353811949963e-02 2.908587597296699578e-01 -9.534714871961483817e-01
8.169097900390625000e+00 -3.706870651245117188e+01 -1.302434444427490234e+01 -2.339145546172009468e-02 2.665608212045736947e-01 9.635342071821454413e-01
-3.533742904663085938e+00 -5.859620094299316406e+00 -1.707416152954101562e+01 -8.506141476197355555e-02 2.116537755210316785e-01 -9.736360896281445187e-01
1.254674339294433594e+01 -4.003079986572265625e+01 -1.677191162109375000e+01 1.718469104952720806e-03 -4.066850206857318129e-01 -9.135668233981470987e-01
2.546486091613769531e+01 -2.748472976684570312e+01 -1.873283004760742188e+01 2.396723944238878246e-01 -3.188853636795287438e-01 -9.169892410394437920e-01
3.592607498168945312e+01 2.145583343505859375e+01 -1.439760494232177734e+01 -1.126734003823186003e-01 -1.125219780484540411e-01 9.872403503212118236e-01
-1.233449077606201172e+01 1.599966335296630859e+01 -1.567489814758300781e+01 -9.634705356229915363e-02 -8.046594953255861715e-02 -9.920899537016223402e-01
-4.384596252441406250e+01 -1.647138404846191406e+01 -1.133764076232910156e+01 -6.458567171919800121e-01 -1.923203817093881440e-01 -7.388382581033239305e-01
1.739071655273437500e+01 -1.453630256652832031e+01 -1.522269058227539062e+01 1.030771833797796723e-02 4.106713292325839260e-02 9.991032186596781051e-01
9.110937118530273438e+00 8.234691619873046875e+00 -1.795619583129882812e+01 -1.319491407535572647e-01 4.147225122773994660e-02 -9.903885483144991841e-01
-4.338298797607421875e+00 2.018019485473632812e+01 -1.669903945922851562e+01 -6.441834612625396694e-02 -2.102773908727959273e-01 -9.755171426326076922e-01
2.998718070983886719e+01 3.646560668945312500e+01 -1.565573501586914062e+01 3.070043746971290455e-01 4.800248051708566055e-01 -8.217812971451139425e-01
1.490564346313476562e+01 -3.014868927001953125e+01 -1.430294799804687500e+01 7.346749320090401048e-02 -5.859467921939144099e-03 9.972803989242177147e-01
-1.744288444519042969e+01 -4.984100818634033203e+00 -1.567371177673339844e+01 -1.231787433266523339e-02 1.366976167107941398e-01 -9.905362343486044940e-01
5.857492923736572266e+00 -5.232027435302734375e+01 9.347800165414810181e-02 -2.779261820216126500e-02 8.221047856902415907e-01 5.686574467275276046e-01
-2.868443489074707031e+01 -3.379562377929687500e+01 -1.346304798126220703e+01 -1.228580952190806014e-01 -1.202292381636070051e-01 -9.851146221276679826e-01
3.767662048339843750e+00 3.151693916320800781e+01 -1.791175270080566406e+01 -4.840091477066169046e-03 -1.193317255246564325e-02 -9.999170830160502010e-01
-4.028268814086914062e+01 -4.360234069824218750e+01 1.860740852355957031e+01 6.179803704985943336e-01 5.613299286098325513e-01 5.504625081922478458e-01
1.847346115112304688e+01 -3.278400421142578125e+01 -1.850061035156250000e+01 1.440816606479606299e-01 -2.881550212105170594e-01 -9.466821846935181695e-01
1.149735736846923828e+01 5.081225585937500000e+01 -7.681457996368408203e+00 1.492699571272011194e-01 8.626991657354862175e-01 -4.831859159149194949e-01
-8.543831825256347656e+00 -6.897940158843994141e+00 -1.302304553985595703e+01 2.073404882183553233e-01 -4.691432941603541906e-02 9.771432687384269400e-01
3.321419525146484375e+01 1.412652015686035156e+00 -1.569086170196533203e+01 8.299105678255000451e-02 -6.095690190193298053e-02 9.946842416589465330e-01
3.924337387084960938e+01 1.083960437774658203e+01 -1.907106971740722656e+01 2.209377081949863986e-01 6.334011536107386764e-02 -9.732289344669079467e-01
1.161989879608154297e+01 -2.137996482849121094e+01 -1.468828010559082031e+01 -1.473935859468655449e-02 1.403637930015868840e-01 9.899902812262475482e-01
-3.222589969635009766e+00 -5.472810363769531250e+01 5.153061866760253906e+00 1.357267351848734926e-01 8.383724118376829626e-01 5.279298745340349486e-01
-3.145447158813476562e+01 -2.317970848083496094e+01 -1.488586807250976562e+01 -2.409455015078093010e-01 -1.089264475618707123e-01 -9.644067058687953997e-01
-1.366146850585937500e+01 -3.145471763610839844e+01 -1.756324005126953125e+01 -2.384353852590293810e-01 -2.159588916570469030e-01 -9.468422910763112377e-01
-4.813727569580078125e+01 -1.859482192993164062e+01 -1.573183059692382812e+00 -9.017767370747183930e-01 -2.973096859353172028e-01 -3.136967757563299819e-01
3.551344299316406250e+01 1.413980865478515625e+01 -1.523302268981933594e+01 -1.140761591423044563e-01 -9.128795228021688302e-02 9.892689925818075602e-01
-7.270021915435791016e+00 1.076105308532714844e+01 -1.269283008575439453e+01 1.971135602332734493e-01 2.530716388314668136e-02 9.800539739363109959e-01
-1.414121818542480469e+01 -3.550297927856445312e+01 -1.154376125335693359e+01 1.289473454230688765e-01 1.933539931393767619e-01 9.726185354214681444e-01
-2.704875755310058594e+01 -9.747814178466796875e+00 -1.059279823303222656e+01 5.399670261342382274e-03 -5.818054335571413993e-02 9.982914744381535810e-01
-5.459710311889648438e+01 1.021515655517578125e+01 8.268355369567871094e+00 -8.871237408090224541e-01 1.670933029435991701e-01 -4.302223804085568148e-01
-5.581642913818359375e+01 -1.467530250549316406e+01 1.868082237243652344e+01 8.974436272069989950e-01 1.393654498529878216e-01 4.185357898350143269e-01
-2.359948539733886719e+01 -3.902468872070312500e+01 -9.157755851745605469e+00 4.311453607903409369e-01 6.849053536404915432e-01 5.873826133139795624e-01
3.609319686889648438e+01 -2.755429029464721680e+00 -2.013080596923828125e+01 2.093661574640686140e-01 -5.620332629549049108e-02 -9.762207732997969512e-01
2.929409027099609375e+00 -3.954993820190429688e+01 -1.702652168273925781e+01 -4.037728433168825959e-02 -3.682189283368452748e-01 -9.288619357711151991e-01
6.082580089569091797e-01 4.215349578857421875e+01 -1.609173965454101562e+01 -3.092868772181727247e-02 2.323517726657666205e-01 -9.721399436371710445e-01
4.089199900627136230e-01 3.013259506225585938e+01 -1.251701164245605469e+01 1.367163272787208228e-01 2.005719882194560433e-01 9.700925334199373973e-01
-2.255806350708007812e+01 -2.145492553710937500e+01 -1.678002548217773438e+01 5.574707024402070568e-03 9.276133490921524560e-02 -9.956727662176225735e-01
1.929993057250976562e+01 -5.915400981903076172e+00 -1.556794738769531250e+01 -6.348052915024837706e-02 2.111065571396362681e-02 9.977597720063335895e-01
3.318259429931640625e+01 -2.284135818481445312e+01 -1.804213714599609375e+01 2.277126692824622822e-01 -1.997778542696509729e-01 -9.530140341000598037e-01
-3.981625366210937500e+01 2.484895133972167969e+01 -8.992172241210937500e+00 -4.753917137970892770e-01 7.086642382546103347e-01 5.213422252916786181e-01
2.190217018127441406e+01 1.972852706909179688e+01 -1.940218162536621094e+01 -6.563289082150114417e-02 -1.288736153633623926e-01 -9.894866926369393356e-01
-3.719617843627929688e+01 -1.725481796264648438e+01 -1.393241977691650391e+01 -2.897669055837550633e-01 -7.839764762265044595e-02 -9.538809932458293117e-01
-5.798298645019531250e+01 -1.034391021728515625e+01 1.593873500823974609e+01 -8.889688121102011786e-01 -1.614564677470762821e-01 -4.285630176741982433e-01
-1.212603282928466797e+01 -5.320642471313476562e+01 -1.051910996437072754e+00 -3.104605310304155430e-01 -8.411961428936887142e-01 -4.427226082470751001e-01
-5.643209838867187500e+01 -1.600654006004333496e+00 1.705215454101562500e+01 9.319563465414441028e-01 -2.529197806182682633e-03 3.625616793037854668e-01
-1.781581687927246094e+01 3.797489547729492188e+01 -1.072244453430175781e+01 1.311218654035895166e-02 -6.598113227230151256e-02 9.977347146151606117e-01
-2.363189697265625000e+01 3.004420661926269531e+01 -1.539614009857177734e+01 -1.887171040954227219e-01 1.508254587313217487e-01 -9.703800985285734315e-01
2.095112419128417969e+01 -4.353798294067382812e+01 -1.383434486389160156e+01 2.900781937231807217e-01 -6.013896814330302876e-01 -7.444360903342712721e-01
6.137345790863037109e+00 3.851349639892578125e+01 -1.714381599426269531e+01 -1.297101285074448232e-02 2.891040543167209265e-01 -9.572097986352104959e-01
1.200491905212402344e+01 -5.311731719970703125e+01 -4.205413818359375000e+00 1.503501972425649036e-01 -8.829265823667364899e-01 -4.447869920976963987e-01
-3.302356338500976562e+01 -2.981334495544433594e+01 -9.536857604980468750e+00 1.159713397704990878e-01 1.078513281555835146e-01 9.873797341281175255e-01
-3.263672256469726562e+01 -1.857656955718994141e+00 -1.045284461975097656e+01 -2.200800902346908630e-02 -2.534918503356997296e-02 9.994363743415368706e-01
-4.381737136840820312e+01 -4.094950866699218750e+01 1.464593696594238281e+01 -7.275017063959202668e-01 -5.845679041372060514e-01 -3.591958137891621550e-01
-2.731280326843261719e+01 -3.076874017715454102e+00 -1.030101394653320312e+01 3.376554598379200717e-02 -8.937447702568065630e-03 9.993898188059453513e-01
-1.235861968994140625e+01 -5.400535964965820312e+01 7.419665813446044922e+00 2.458688850479910093e-01 7.975314936855663062e-01 5.509010872606144860e-01
4.485850906372070312e+01 6.751461982727050781e+00 -1.418460178375244141e+01 -3.396171031480124669e-01 -8.152591206637523069e-02 9.370238785170300622e-01
-1.187457275390625000e+01 -5.003993225097656250e+01 -7.537663936614990234e+00 -3.649136919615764696e-01 -7.356263657408186329e-01 -5.706941803154531589e-01
9.464021682739257812e+00 1.918938827514648438e+01 -1.418189811706542969e+01 1.073105109790423450e-01 -1.350917195285422090e-01 9.850049144792316635e-01
-2.113818359375000000e+01 5.212450981140136719e+00 -1.062751579284667969e+01 1.008794793713382598e-01 -1.286782913815966330e-02 9.948154349501412419e-01
-5.109647369384765625e+01 -2.982979059219360352e+00 -2.526197910308837891e+00 -9.430936058566498081e-01 -4.979456332208829356e-02 -3.287779677166105530e-01
-1.341106414794921875e+01 1.044884014129638672e+01 -1.161998939514160156e+01 1.545030118491155791e-01 -4.529015239616207035e-03 9.879819367531531560e-01
-8.224594116210937500e+00 -1.358773231506347656e+01 -1.706943893432617188e+01 -1.701644781207045654e-01 -1.138834629595053549e-01 -9.788128560916325993e-01
-2.802305030822753906e+01 1.929117584228515625e+01 -9.953174591064453125e+00 -8.637279456387941812e-02 1.461231482603167486e-01 9.854885924767061711e-01
-7.616392135620117188e+00 3.391441726684570312e+01 -1.248340797424316406e+01 -1.102152802890566004e-02 1.179118143709347449e-01 9.929629046201385867e-01
1.998482704162597656e+01 2.770692253112792969e+01 -1.481227779388427734e+01 4.204459018865937259e-02 -2.982335754712375081e-02 9.986705261398696187e-01
-1.993525505065917969e+01 8.543350219726562500e+00 -1.510966968536376953e+01 1.695031744864683443e-02 -6.507024253824429671e-02 -9.977367139052287781e-01
2.453664398193359375e+01 -8.922397613525390625e+00 -1.541418933868408203e+01 -5.943942082881477351e-02 8.381478693767933918e-02 9.947070105021510456e-01
8.163131713867187500e+00 -5.106076812744140625e+01 -8.510182380676269531e+00 7.316085257811084930e-02 -8.654819582304551506e-01 -4.955688343990373168e-01
5.527790188789367676e-01 -3.260374832153320312e+01 -1.887406730651855469e+01 -6.706173420906083593e-02 -5.445081367810000045e-02 -9.962619297627839376e-01
-9.989654541015625000e+00 -5.919855880737304688e+01 8.395174980163574219e+00 -1.809729971958982941e-01 -8.283221083539217267e-01 -5.302181240754104685e-01
1.811938858032226562e+01 3.640680313110351562e+01 -1.733914566040039062e+01 8.055253994296635023e-02 2.591851038052024880e-01 -9.624626591583816948e-01
-4.032844161987304688e+01 9.691722869873046875e+00 -1.308940219879150391e+01 -3.543544821038393522e-01 1.332501005092081858e-01 -9.255686423638204152e-01
-4.564328765869140625e+01 -2.916773986816406250e+01 3.746675968170166016e+00 -8.040813657894927413e-01 -4.337506832095855969e-01 -4.065876313973675882e-01
-4.310011672973632812e+01 2.864361047744750977e+00 -9.178433418273925781e+00 1.884262184078128524e-02 -3.380743678368937355e-02 9.992507257041559621e-01
-4.402040100097656250e+01 -1.119953346252441406e+01 -8.159288406372070312e+00 8.668870350423133475e-01 2.095367240860881997e-01 4.523286744556631600e-01
3.403785324096679688e+01 2.716217613220214844e+01 -1.774982070922851562e+01 1.969415593126950803e-01 2.341792628347042493e-01 -9.520368139277380903e-01
-5.427892303466796875e+01 2.295592069625854492e+00 1.242918300628662109e+01 8.623639175088312347e-01 -9.026852845308691586e-02 4.981767422810260415e-01
3.728127670288085938e+01 -1.176131439208984375e+01 -1.855931854248046875e+01 2.161719979932754110e-01 -2.367474976761147210e-01 -9.472171290827110512e-01
-2.851181030273437500e+01 -4.338659286499023438e+01 -3.796083927154541016e+00 -5.494776611683280798e-01 -7.315036369224118262e-01 -4.037037639733721539e-01
-2.077715301513671875e+01 -4.210568237304687500e+01 -6.124808788299560547e+00 5.010659529357808228e-01 8.025828503121222868e-01 3.237185184592122900e-01
1.610178184509277344e+01 8.941190719604492188e+00 -1.873995780944824219e+01 -7.604526524899175854e-02 2.406687647372191680e-02 -9.968138758514595299e-01
-1.698339462280273438e+01 3.292554855346679688e+01 -1.183549404144287109e+01 1.006821145834667086e-01 -1.492125263668390711e-01 9.836659665649855055e-01
-4.508267593383789062e+01 -8.000344276428222656e+00 -1.162114906311035156e+01 -3.811400314943286793e-01 -5.283981263477594004e-02 -9.230060837249253192e-01
4.311685180664062500e+01 2.190428161621093750e+01 -1.540557575225830078e+01 6.538429755860407644e-01 4.079724398963658905e-01 -6.372188411855050916e-01
-1.178120970726013184e+00 5.409576892852783203e+00 -1.633226585388183594e+01 -2.094059325424746931e-01 -9.712249593357561925e-03 -9.777805621016676385e-01
-3.038323211669921875e+01 2.348830223083496094e+01 -1.017764663696289062e+01 1.492135905590221134e-01 4.248737665148880766e-02 9.878917588570921282e-01
-2.806703948974609375e+01 2.953054618835449219e+01 -1.446247482299804688e+01 -2.372332260665797887e-01 2.066265800435210798e-01 -9.492238160041925887e-01
1.772951126098632812e+01 -5.198287582397460938e+01 -3.595865011215209961e+00 2.548698063096521138e-01 -8.465097307166458140e-01 -4.673998904939024590e-01
-2.186211204528808594e+01 2.639955139160156250e+01 -1.147102642059326172e+01 1.151488313994101786e-01 9.510446920852423658e-02 9.887850557951991526e-01
1.186751461029052734e+01 -2.649628257751464844e+01 -1.985123634338378906e+01 2.784450429421236189e-02 3.129322260199693395e-02 -9.991223237420888692e-01
-1.745562744140625000e+01 1.551830959320068359e+01 -1.549523353576660156e+01 -1.289107974490634641e-02 -1.117870216231755254e-01 -9.936485706021168651e-01
-3.349279022216796875e+01 -4.029134750366210938e+01 -2.219482898712158203e+00 -6.371036916054949595e-01 -6.730285321944695642e-01 -3.756747010311025092e-01
-2.540425682067871094e+01 -1.729044914245605469e+01 -1.638066291809082031e+01 3.979266792720186074e-02 1.255392881572518216e-01 -9.912902857933219014e-01
1.390340042114257812e+01 2.738412094116210938e+01 -1.422641944885253906e+01 1.156117193731743958e-01 3.584674144256513179e-02 9.926474406714240750e-01
-1.663730239868164062e+01 -5.817260742187500000e+01 1.027004051208496094e+01 -3.233034004830394048e-01 -7.999858887455647549e-01 -5.054675944549485989e-01
-1.150834560394287109e+01 -4.876037979125976562e+01 -1.786572933197021484e+00 2.300359995920779055e-01 8.308799986128264647e-01 5.066772807190224048e-01
2.831313133239746094e+00 3.660890579223632812e+01 -1.313571262359619141e+01 -2.319506047191473644e-02 -1.335684321513919137e-01 9.907681177260011518e-01
6.502069950103759766e+00 4.993794631958007812e+01 -1.058755397796630859e+01 1.089119684010719236e-01 8.240860094843516226e-01 -5.558960623274470381e-01
3.495526504516601562e+01 1.824925041198730469e+01 -1.914237785339355469e+01 1.882029662660864022e-01 1.289286245888776883e-01 -9.736308608760646521e-01
1.585880565643310547e+01 -9.134607315063476562e+00 -1.560670471191406250e+01 -5.751566517383420452e-02 1.106896263502206990e-01 9.921893745037083656e-01
-2.766067981719970703e+00 -5.461834335327148438e+01 -2.512217044830322266e+00 -1.225086522854913346e-01 -9.102771436517368420e-01 -3.954581543734154714e-01
-5.126232147216796875e+00 -4.166803741455078125e+01 -1.563800048828125000e+01 -1.257991662884153095e-01 -3.787557247288128037e-01 -9.169071222028386536e-01
-3.595634078979492188e+01 -4.375606918334960938e+01 1.264921569824218750e+01 5.960473650406555857e-01 6.173500633134262339e-01 5.134261757594759112e-01
-4.261427307128906250e+01 -1.741035461425781250e+01 -7.138912200927734375e+00 8.796868943929289086e-01 2.666396554819628339e-01 3.937693004257492579e-01
8.869546890258789062e+00 3.408134078979492188e+01 -1.373747253417968750e+01 1.057194781245887477e-01 -5.976944733420076761e-02 9.925981085567454620e-01
2.992485046386718750e+00 1.771689033508300781e+01 -1.735523033142089844e+01 -5.878180814264499787e-02 8.710772292208245060e-02 -9.944631434290619465e-01
1.420460796356201172e+01 -5.770841217041015625e+01 4.267395973205566406e+00 1.686874981077760294e-01 -8.398428062045221187e-01 -5.159540569165561585e-01
-5.129473495483398438e+01 1.507648944854736328e+00 -2.281898021697998047e+00 -9.342022736071204925e-01 6.429777735340169199e-03 -3.566858140514717057e-01
-3.754305267333984375e+01 -4.044665908813476562e+01 4.667289733886718750e+00 -6.544072283093439468e-01 -6.362635133360911022e-01 -4.085583448342428592e-01
-4.348607254028320312e+01 1.356600189208984375e+01 -7.869748115539550781e+00 8.585154828476361244e-01 -3.193621837721528633e-01 4.011969108644430904e-01
2.280141067504882812e+01 3.334458923339843750e+01 -1.385653591156005859e+01 -7.985639650085273045e-02 -1.689283879773183783e-01 9.823879863237757748e-01
8.519920349121093750e+00 -5.776084136962890625e+01 2.841707944869995117e+00 9.146508430615801766e-02 -8.546673479893386327e-01 -5.110556355561868269e-01
-2.076977539062500000e+01 -4.911921310424804688e+01 -1.976571083068847656e+00 -4.531096770866289147e-01 -8.132175655668406611e-01 -3.651969490343423552e-01
1.525862789154052734e+01 1.268788623809814453e+01 -1.503236103057861328e+01 -2.152256379016425497e-02 -1.763792578892208196e-01 9.840869558297914432e-01
-1.803467941284179688e+01 -5.373389816284179688e+01 1.009793663024902344e+01 3.500204641665428662e-01 7.487953864501236678e-01 5.628420239246958445e-01
9.550300240516662598e-02 -3.324683380126953125e+01 -1.360436630249023438e+01 6.818005714427738395e-02 6.817977563359023385e-02 9.953406442029564261e-01
-4.912462997436523438e+01 1.410205960273742676e+00 -7.350646972656250000e+00 -9.294436371889817083e-01 1.128011821047937915e-02 -3.687916542196612579e-01
-4.687706756591796875e+01 -1.824176406860351562e+01 2.809665918350219727e+00 8.521217157667958508e-01 3.316938710090426290e-01 4.048058268524413750e-01
-2.944691085815429688e+01 7.175446033477783203e+00 -1.016846561431884766e+01 -1.017463490643329416e-01 -1.234228557469638637e-01 9.871243483631345628e-01
3.324222087860107422e+00 -5.393786907196044922e+00 -1.786748886108398438e+01 -9.357811467667991046e-02 2.182075654307494561e-01 -9.714054739614881306e-01
-2.219971084594726562e+01 -5.748825454711914062e+01 1.878930282592773438e+01 2.288434908059320816e-01 3.500352879259889805e-01 9.083534300713160814e-01
1.728696060180664062e+01 1.941550064086914062e+01 -1.464229202270507812e+01 3.360700912636851306e-02 -8.976078835707052006e-02 9.953961873601371302e-01
1.989510917663574219e+01 -8.509603500366210938e+00 -1.931602859497070312e+01 -8.295287341328494435e-02 2.566539998405423587e-02 -9.962229208546338199e-01
-3.524863433837890625e+01 -5.738183021545410156e+00 -1.044156646728515625e+01 8.872815744257125936e-02 -4.367805484836367880e-03 9.960463023133477867e-01
2.943928718566894531e+01 2.284032821655273438e+01 -1.936952781677246094e+01 1.366801355885594871e-01 1.353149182070505496e-01 -9.813299207942821623e-01
-3.858552551269531250e+01 3.446949005126953125e+00 -1.404968738555908203e+01 -4.028851748117667220e-01 1.350916211786308552e-01 -9.052258225460767527e-01
-3.014656066894531250e+01 1.537382507324218750e+01 -9.922121047973632812e+00 -1.492513865108267557e-01 4.554113869322330005e-02 9.877499826935560723e-01
-2.507013320922851562e+01 1.531157016754150391e+01 -1.538298702239990234e+01 1.342269933532320714e-01 -1.431496999673921855e-01 -9.805566162413046349e-01
-3.089177322387695312e+01 -4.816568374633789062e+01 1.285206699371337891e+01 4.882446052378314194e-01 7.102350769266093655e-01 5.071324688473490827e-01
-2.349304389953613281e+01 1.959521293640136719e+01 -1.004344272613525391e+01 9.590659519483167583e-02 2.004698586900064972e-01 9.749942362675503293e-01
-2.387033939361572266e+00 -1.643746972084045410e+00 -1.647965621948242188e+01 -9.862854791361450046e-02 1.332461585638340940e-01 -9.861632069614204577e-01
-2.726697158813476562e+01 -4.446757125854492188e+01 4.302412986755371094e+00 4.833258849526417822e-01 7.844438754063866037e-01 3.886436610471797892e-01
-2.496094942092895508e+00 4.580555725097656250e+01 -1.471636581420898438e+01 -3.757807627592490290e-02 3.748876955362387409e-01 -9.263083201175131842e-01
-4.895587921142578125e+00 -3.354848861694335938e+01 -1.844057655334472656e+01 -1.171566761857912448e-01 -1.937776312430281034e-01 -9.740249190112841848e-01
-1.639464569091796875e+01 1.917204475402832031e+01 -1.119169616699218750e+01 1.555632997508661353e-01 -2.730289263967320204e-02 9.874485362914507958e-01
-4.118228530883789062e+01 -3.768406867980957031e+00 -1.324592781066894531e+01 -2.956215088391776491e-01 1.252971782053873342e-02 -9.552229738040148854e-01
-1.591725540161132812e+01 6.765181064605712891e+00 -1.521756553649902344e+01 1.338849055168536695e-01 -2.132303631349224265e-02 -9.907674602030067668e-01
-3.815476608276367188e+01 -2.886625099182128906e+01 -3.931962013244628906e+00 7.335420004467314570e-01 5.160097654783589727e-01 4.423234738419118406e-01
3.802783966064453125e+00 -1.745628547668457031e+01 -1.861967277526855469e+01 -9.660204425504291537e-02 1.202598324865050000e-01 -9.880311825727284836e-01
-4.986970138549804688e+01 -1.201679897308349609e+01 -1.940407037734985352e+00 -9.200570427189673772e-01 -2.081784046872883764e-01 -3.318987646332592911e-01
-3.700253295898437500e+01 -1.992197799682617188e+01 -9.883377075195312500e+00 2.124496473629799431e-01 6.608799727273899360e-02 9.749346254758950447e-01
-1.283266258239746094e+01 2.288677978515625000e+01 -1.609125900268554688e+01 -8.306101968973626792e-02 -5.735000945544330153e-02 -9.948928803763558149e-01
-1.010204315185546875e+01 3.442556762695312500e+01 -1.670751571655273438e+01 -1.065956757251198123e-01 -3.694556979748887804e-02 -9.936158144821588545e-01
-1.149499225616455078e+01 -4.409766006469726562e+01 -9.763487815856933594e+00 1.952320560524400672e-01 5.325470187893285301e-01 8.235764184750165029e-01
-5.680202865600585938e+01 9.032167434692382812e+00 1.280328750610351562e+01 -9.162092091089247825e-01 1.430225197399623838e-01 -3.743063504553864607e-01
3.022879219055175781e+01 -3.701889801025390625e+01 -1.435209846496582031e+01 8.095561503950269300e-01 -5.415145474497196076e-01 -2.266734088019805859e-01
-1.310328674316406250e+01 2.683808708190917969e+01 -1.182165527343750000e+01 -7.004420888946751023e-02 1.731006623012107948e-01 9.824102857319496618e-01
1.505584907531738281e+01 3.538285064697265625e+01 -1.374090194702148438e+01 -3.317562278385373375e-02 -1.449355910196479247e-01 9.888847518840043760e-01
-1.742732429504394531e+01 -5.245162963867187500e+01 1.364333987236022949e+00 -3.869274297826654774e-01 -7.859685361753582233e-01 -4.822246615677645565e-01
-3.817610979080200195e+00 -1.329926586151123047e+01 -1.769465446472167969e+01 -1.615450958544621396e-01 6.040433412874757213e-02 -9.850149737053925936e-01
6.490807056427001953e+00 -3.314105606079101562e+01 -1.391882610321044922e+01 3.743973177582808620e-02 1.175072846261898674e-01 9.923660133964351537e-01
-3.714154052734375000e+01 1.907571220397949219e+01 -9.419950485229492188e+00 1.207100758134964508e-01 2.250496566815773924e-02 9.924326698156279436e-01
-2.714781379699707031e+01 -4.161916732788085938e+01 -8.497005462646484375e+00 -5.160154626308384174e-01 -7.227565430687749037e-01 -4.597292918415746832e-01
-3.393421554565429688e+01 -3.753984069824218750e+01 1.843178033828735352e+00 6.339843483706990579e-01 6.319241290815967860e-01 4.457978702343088906e-01
-9.886160850524902344e+00 -5.968636322021484375e+01 1.579506015777587891e+01 2.130607216766073064e-01 8.957580155456538185e-01 3.901572842641228833e-01
-2.528618431091308594e+01 3.360810995101928711e+00 -1.029689121246337891e+01 6.001333711973559637e-02 6.633484406997402182e-03 9.981755337877077361e-01
4.243720626831054688e+01 4.629368782043457031e+00 -1.857688522338867188e+01 1.483163285030297818e-01 3.938542409407972539e-03 -9.889321284006656887e-01
-4.265326309204101562e+01 1.770983314514160156e+01 -1.128397941589355469e+01 -4.508017690636664798e-01 1.484435047747546810e-01 -8.801944619794288549e-01
1.265640449523925781e+01 2.489538192749023438e+01 -1.840160942077636719e+01 -1.796487930044627368e-01 1.438725834988932931e-02 -9.836255984719048939e-01
-5.132817077636718750e+01 1.015917015075683594e+01 3.109450042247772217e-01 -8.982996211949674237e-01 2.019324150751631575e-01 -3.902320979915545052e-01
1.339632225036621094e+01 4.764099121093750000e+01 -1.168867397308349609e+01 2.716081452826484832e-01 7.633310686263007350e-01 -5.861353897231844634e-01
3.866754531860351562e+01 -1.771193122863769531e+01 -1.431179904937744141e+01 9.381641709607412283e-01 -3.385054760099230897e-01 7.253985826316762531e-02
9.453376770019531250e+00 -1.404420661926269531e+01 -1.542648124694824219e+01 -5.335567066893174420e-02 1.332361441654092149e-01 9.896470594587764014e-01
1.996917915344238281e+01 1.364279842376708984e+01 -1.507354736328125000e+01 7.761524833974069171e-02 -4.226490643121583873e-02 9.960871201403624919e-01
1.582087135314941406e+01 -5.987325668334960938e+01 8.734265327453613281e+00 9.297243904848415674e-01 -3.405146026423652716e-01 1.402225485608571132e-01
-4.884237670898437500e+01 -2.229417228698730469e+01 9.937039375305175781e+00 8.461798078850957250e-01 3.089157599267028376e-01 4.342243498428554060e-01
2.668962478637695312e+01 3.179234886169433594e+01 -1.775179672241210938e+01 1.115439890703083525e-01 2.181141110994580523e-01 -9.695278093183176127e-01
-4.729523181915283203e+00 -5.874532699584960938e+01 5.700387001037597656e+00 -1.249278752085999228e-01 -8.551839317803797691e-01 -5.030442016567879815e-01
1.192214012145996094e+01 -5.261402893066406250e+01 1.497959017753601074e+00 -1.858404709646599429e-01 8.250045112031114680e-01 5.336954898124476321e-01
2.394216156005859375e+01 -2.547775840759277344e+01 -1.472613143920898438e+01 -4.279225638740828674e-02 8.632410531624497285e-02 9.953476637007915295e-01
4.260390090942382812e+01 1.633417701721191406e+01 -1.761808395385742188e+01 4.680508532748899886e-01 1.276481945172781296e-01 -8.744337237236030624e-01
-1.281998538970947266e+01 -4.051646041870117188e+01 -1.491775703430175781e+01 -2.187506172000132920e-01 -5.110777972916575873e-01 -8.312326103986300563e-01
-4.526147079467773438e+01 -2.387647819519042969e+01 4.486740112304687500e+00 8.447212703972342140e-01 4.427644905575349177e-01 3.006752088879450224e-01
-7.260432243347167969e+00 -5.341985321044921875e+01 4.190370082855224609e+00 2.364463782243915735e-01 8.741246029350162594e-01 4.242632305164663054e-01
-6.083131790161132812e+00 -5.829307937622070312e+01 1.127257919311523438e+01 1.736386928746988800e-01 8.431892856460192487e-01 5.088039238336528047e-01
-6.350708007812500000e+00 4.248181915283203125e+01 -1.194976329803466797e+01 8.903353463939964185e-02 1.057011535755467274e-01 9.904041073432670039e-01
1.770216369628906250e+01 -5.315455245971679688e+01 4.415619850158691406e+00 5.686039838253535983e-01 5.420018086190540041e-01 6.188081682004622497e-01
3.260848999023437500e+01 -1.385645198822021484e+01 -1.531704521179199219e+01 -8.739848751646792091e-02 1.717306825783296645e-02 9.960253963160003998e-01
1.459427261352539062e+01 -3.599977111816406250e+01 -1.307918834686279297e+01 -5.382531399524399102e-02 3.330277036728663265e-01 9.413795112279057520e-01
1.360941982269287109e+01 4.888489151000976562e+01 -4.475625991821289062e+00 8.445886856710245472e-02 -8.872971739855495255e-01 4.533987478562574447e-01
-3.678767395019531250e+01 2.510997056961059570e+00 -1.007009220123291016e+01 1.674687983372258326e-01 -2.451350361170950842e-02 9.855725694864707620e-01
5.093770027160644531e+00 1.312883853912353516e+01 -1.754167938232421875e+01 -8.326248246634593286e-02 5.014797270994621149e-04 -9.965275247235396705e-01
-3.024763870239257812e+01 -4.729072189331054688e+01 5.535343170166015625e+00 -5.412602632024082761e-01 -7.200623770984408978e-01 -4.342205667231832100e-01
2.033955192565917969e+01 -3.947380065917968750e+00 -1.929053878784179688e+01 8.984483122810388300e-02 2.637812025246713890e-02 -9.956063986704484225e-01
-4.325279617309570312e+01 2.155101966857910156e+01 -9.292800903320312500e+00 -8.103701519495679628e-01 3.909282827042068753e-01 -4.364347541284652743e-01
8.878616333007812500e+00 -5.707822799682617188e+01 8.161909103393554688e+00 -4.578487423727441857e-02 8.303924340417836447e-01 5.552946522137943708e-01
1.373612022399902344e+01 -1.786260223388671875e+01 -1.924411392211914062e+01 -8.909313895524580140e-02 8.962507487613377566e-02 -9.919827410517526589e-01
-3.503342819213867188e+01 -4.438880920410156250e+01 6.964879989624023438e+00 -6.016119793307116437e-01 -6.031951705658281648e-01 -5.236588703839981651e-01
-7.710523128509521484e+00 6.834280014038085938e+00 -1.549497795104980469e+01 -1.708828670176684161e-01 -9.903772082781063524e-02 -9.803012677810095665e-01
2.134164047241210938e+01 1.845471978187561035e+00 -1.923283004760742188e+01 -1.283272395482325801e-01 7.701211318191403254e-02 -9.887372016937495678e-01
-4.506906509399414062e+01 -1.540713405609130859e+01 -3.578418970108032227e+00 8.812447177613773608e-01 2.661926518028029376e-01 3.905754978795545340e-01
4.089341735839843750e+01 8.837320327758789062e+00 -1.469559383392333984e+01 -1.913427384178561508e-01 -7.922522139865130486e-02 9.783206635603126644e-01
1.849381065368652344e+01 -4.889651870727539062e+01 -8.160049438476562500e+00 3.042491370967667086e-01 -7.935335999517896255e-01 -5.270074841246811248e-01
-4.789495086669921875e+01 1.592959117889404297e+01 3.283523082733154297e+00 7.091404371795743122e-01 4.058219792127715775e-01 5.765660079683773143e-01
-3.143893432617187500e+01 3.019536972045898438e+00 -1.521384429931640625e+01 1.746887136781205899e-02 3.351347338589823199e-02 -9.992855876248529778e-01
1.811712646484375000e+01 2.007100105285644531e+00 -1.566501045227050781e+01 -2.990386567562185530e-02 -5.780682006286278624e-02 9.978798175992308339e-01
1.622628784179687500e+01 -2.767572879791259766e+00 -1.579160022735595703e+01 4.686650502407533475e-02 -2.600177337983373884e-03 9.988977774450392699e-01
-4.141561508178710938e+01 -3.585599517822265625e+01 4.327423095703125000e+00 -7.264141882069271583e-01 -5.605051258005476766e-01 -3.976888622063528556e-01
-5.161021804809570312e+01 1.103560030460357666e-01 6.620176792144775391e+00 8.986473659848620565e-01 7.554651430882142367e-03 4.386067017844427207e-01
-2.765451812744140625e+01 3.301174545288085938e+01 -1.060527896881103516e+01 2.107873032822521128e-02 9.237181802985154622e-02 9.955014486989006706e-01
4.018054008483886719e+00 -6.118086242675781250e+01 1.501117992401123047e+01 9.716042117144265897e-03 8.894506684217147185e-01 4.569279012817480945e-01
3.276814651489257812e+01 8.275959014892578125e+00 -2.057742691040039062e+01 -2.366075199582570177e-01 -1.795767719610949845e-02 -9.714393461914764272e-01
-3.464539337158203125e+01 -3.255987930297851562e+01 -4.535883903503417969e+00 6.370522512470667698e-01 6.121438351488234231e-01 4.684488811709706657e-01
-2.530338287353515625e+01 -4.266294097900390625e+01 -1.013566017150878906e+00 5.555443997953715130e-01 7.302379481341861878e-01 3.976467766256551739e-01
2.830753326416015625e+01 1.061697006225585938e+00 -2.010767936706542969e+01 -1.658685605097142968e-01 3.587429278437016811e-02 -9.854951322820709736e-01
-2.588674736022949219e+01 -5.201250457763671875e+01 8.058800697326660156e+00 -4.010916110207319862e-01 -7.132806268044661335e-01 -5.747662716219712475e-01
6.847500205039978027e-01 -5.072846984863281250e+01 -9.613064765930175781e+00 -4.953585381432183687e-02 -8.741005415375781018e-01 -4.832126265637093909e-01
-4.096476745605468750e+01 -8.011951446533203125e+00 -1.325009536743164062e+01 -2.841784926954020185e-01 -4.378479276565085121e-02 -9.577710980249083406e-01
-4.354679870605468750e+01 -1.341506958007812500e+00 -9.157696723937988281e+00 -1.390882752183951118e-02 3.922760714004806110e-02 9.991334942614193970e-01
-2.039237976074218750e+00 1.312534999847412109e+01 -1.345140647888183594e+01 1.344721185240048411e-01 -6.624901430039245587e-02 9.887003173074703222e-01
1.128208637237548828e+01 -4.899993896484375000e+01 -1.104170989990234375e+01 1.681011715427749853e-01 -8.179194758141007382e-01 -5.502269779008778228e-01
1.520724678039550781e+01 1.667460441589355469e+01 -1.851390075683593750e+01 -2.975098570832062639e-01 4.837040930085582144e-04 -9.547186239770756311e-01
-5.142695617675781250e+01 -8.680820465087890625e+00 7.795008182525634766e+00 8.909971843800981173e-01 1.234445520017443398e-01 4.369044060293122422e-01
1.451506018638610840e+00 5.093921279907226562e+01 -9.210101127624511719e+00 -6.324910263169131186e-01 7.163189555886434468e-01 -2.946901007719347487e-01
-5.566351699829101562e+01 -2.271330261230468750e+01 2.024660301208496094e+01 1.915895723798098985e-02 2.466489681842354287e-02 9.995121696220059526e-01
2.413050460815429688e+01 2.332028579711914062e+01 -1.958388519287109375e+01 -1.924442999603803370e-02 1.295976303605124724e-01 -9.913798999975071968e-01
3.306684112548828125e+01 -1.714380073547363281e+01 -1.876721572875976562e+01 2.990279626629637755e-01 -7.851306294831744692e-02 -9.510089255585936208e-01
-4.498284530639648438e+01 -3.337434768676757812e+01 1.294793510437011719e+01 7.367894666862045971e-01 4.670839753618294399e-01 4.888495082747327802e-01
2.700889110565185547e+00 -5.083707046508789062e+01 -2.316598892211914062e+00 -9.375179943219003748e-03 8.927577958836016014e-01 4.504393676068801367e-01
4.009936904907226562e+01 -1.444589900970458984e+01 -1.700786781311035156e+01 8.357974184314315158e-01 -4.251810842862300821e-01 -3.473668391031883296e-01
-3.496144104003906250e+01 -2.425914382934570312e+01 -9.822218894958496094e+00 2.252375146460794397e-01 1.298297836265851768e-01 9.656149798338524715e-01
-2.040679931640625000e+00 -1.741977691650390625e+01 -1.408508777618408203e+01 1.564489426636122282e-01 8.911772139005075255e-02 9.836573387484500719e-01
5.187992095947265625e+00 -2.503313446044921875e+01 -1.955042839050292969e+01 -1.032590660224462914e-01 2.433442109398107830e-03 -9.946515186957048948e-01
-5.220502090454101562e+01 -1.231580066680908203e+01 1.096473026275634766e+01 8.966804880593648441e-01 1.655833481237080629e-01 4.105438553404036628e-01
-2.693538665771484375e+01 2.374376487731933594e+01 -1.561013793945312500e+01 -1.455089983550984234e-01 7.909789010432058398e-02 -9.861899691128179768e-01
-1.188279342651367188e+01 1.859728622436523438e+01 -1.169226264953613281e+01 1.358672721766463753e-01 -1.542835516377749107e-02 9.906069100345592515e-01
-2.742356872558593750e+01 1.112262153625488281e+01 -9.808691024780273438e+00 -1.009914372794014220e-01 -6.501934947238034723e-02 9.927604009983623801e-01
-2.103329467773437500e+01 3.049006080627441406e+01 -1.161422157287597656e+01 1.568275135124544972e-01 -1.111156986524293594e-01 9.813554058130434798e-01
-1.928348064422607422e+00 -6.479588317871093750e+01 1.708451271057128906e+01 -4.579264850040322410e-02 -9.090175611048560977e-01 4.142343623437071409e-01
-4.293917179107666016e+00 -5.115491867065429688e+01 -6.495479941368103027e-01 1.644556289000340954e-01 8.093082970015231803e-01 5.638922117990179395e-01
1.839400100708007812e+01 -3.757714462280273438e+01 -1.221637439727783203e+01 -1.439330138916341817e-01 3.289436115638165736e-01 9.333163386137754980e-01
1.164010620117187500e+01 -6.299388504028320312e+01 1.270236206054687500e+01 1.035689996500839677e-01 -8.963312788103868778e-01 -4.311191261561208021e-01
-3.432348251342773438e+01 -1.500650119781494141e+01 -1.061257362365722656e+01 1.563553584610574143e-01 2.696946317177452770e-02 9.873325933730439097e-01
-4.082587814331054688e+01 -2.821203422546386719e+01 -7.175505161285400391e+00 -7.461188130403970664e-01 -5.035995377050029864e-01 -4.355390022150671392e-01
-4.533656120300292969e+00 2.651100158691406250e+01 -1.173522090911865234e+01 1.676475268029308310e-02 3.561247414065708133e-02 9.992250471005766910e-01
3.958511734008789062e+01 -4.765841007232666016e+00 -1.908538818359375000e+01 2.597649515827799571e-01 -1.261705405766944399e-01 -9.573939443195683685e-01
2.488239097595214844e+01 -4.196103668212890625e+01 -1.348140144348144531e+01 3.681084478499678236e-01 -6.427538802584654709e-01 -6.718360068008961683e-01
-3.013499832153320312e+01 -4.151974105834960938e+01 2.852810859680175781e+00 5.673847173802505361e-01 6.958977587118879704e-01 4.402282270630816785e-01
1.136040782928466797e+01 3.176140403747558594e+01 -1.833870506286621094e+01 7.899667636046360519e-03 1.539385837978966276e-01 -9.880488387066390654e-01
3.116566085815429688e+01 -2.928105354309082031e+01 -1.245943164825439453e+01 -1.384276777910364853e-01 1.758657331832925441e-01 9.746327625897274194e-01
1.136123561859130859e+01 4.682386875152587891e+00 -1.837836265563964844e+01 -1.939733336373859474e-01 -2.980510376335807586e-03 -9.810022744089311741e-01
-1.590658187866210938e+01 -5.822158432006835938e+01 1.642850303649902344e+01 3.200006965096220402e-01 8.644882814748879873e-01 3.876332873038014770e-01
-2.670842933654785156e+01 -3.046495056152343750e+01 -1.493283462524414062e+01 -2.147159890172227192e-01 -1.595549425222159146e-01 -9.635555325859991305e-01
-8.944647789001464844e+00 -2.705535697937011719e+01 -1.779707145690917969e+01 -6.606682634225091721e-02 1.054850452614642803e-01 -9.922238052391454399e-01
2.322136116027832031e+01 3.810735321044921875e+01 -1.314680671691894531e+01 9.088474713295949248e-02 -4.343322021776366282e-02 9.949138244692820043e-01
-3.369698715209960938e+01 2.803471755981445312e+01 -1.306398677825927734e+01 -3.103073996381425781e-01 1.858322124746921711e-01 -9.322959329186064625e-01
-1.993744659423828125e+01 2.817454338073730469e+01 -1.592209720611572266e+01 -5.921757400835095733e-03 -7.582391749509709462e-03 -9.999537189913555446e-01
-1.735042190551757812e+01 1.218952369689941406e+01 -1.106413459777832031e+01 9.148841663946007119e-02 4.803416624924718333e-03 9.957945555231421109e-01
-4.754015350341796875e+01 -3.930760192871093750e+01 1.919039916992187500e+01 -7.189473938488529781e-01 -4.560431742163096880e-01 5.245371942280689925e-01
2.587830066680908203e+00 -6.077346801757812500e+01 7.736588001251220703e+00 -2.903897210317164454e-02 -8.485835041265896717e-01 -5.282639251580871775e-01
-2.858247566223144531e+01 -5.493022155761718750e+01 1.585472393035888672e+01 -5.032892195575316974e-01 -7.760635139981375552e-01 -3.800333981613105983e-01
1.098469734191894531e+01 -1.246088886260986328e+01 -1.891292762756347656e+01 -2.936543960810658604e-02 1.024929445025697383e-01 -9.943001897233127995e-01
1.209478855133056641e+01 -7.433181762695312500e+00 -1.887462615966796875e+01 -7.235662472176900006e-02 6.077381438847144490e-02 -9.955255206892231756e-01
-4.123185729980468750e+01 1.370774650573730469e+01 -1.251491260528564453e+01 -2.510184195143788655e-01 1.792977152346438285e-01 -9.512318762405620465e-01
-3.259527969360351562e+01 1.112429141998291016e+01 -1.506418418884277344e+01 -1.511911470695282700e-01 -6.104815981341963835e-03 -9.884856945194675504e-01
-2.134698867797851562e+01 -5.285620117187500000e+01 5.475932121276855469e+00 -3.913329678187245086e-01 -8.126032754606227204e-01 -4.318963127984035699e-01
-3.433046722412109375e+01 -3.391477108001708984e+00 -1.523378467559814453e+01 -2.196472827271813699e-01 2.563509643441961097e-02 -9.752424893437342535e-01
6.652839779853820801e-01 -5.442710494995117188e+01 3.862760066986083984e+00 4.217908378869483776e-02 8.827751879551059000e-01 4.678983783062021229e-01
-1.129948711395263672e+01 4.125731277465820312e+01 -1.156435585021972656e+01 5.989785603794408470e-02 1.039750309848292420e-01 9.927746168057286491e-01
-5.195328521728515625e+01 -1.225775718688964844e+01 3.506710052490234375e+00 -9.195053055411120946e-01 -2.173969317734476270e-01 -3.274882702284727665e-01
-1.271595764160156250e+01 -1.488649463653564453e+01 -1.215838432312011719e+01 2.035131066651555964e-01 -2.058773258404874087e-02 9.788557404860762645e-01
-2.874756431579589844e+01 -2.637229537963867188e+01 -1.507310581207275391e+01 -1.993417925867374818e-01 -1.741690072264566180e-01 -9.643277485637633539e-01
-3.609438323974609375e+01 2.312317085266113281e+01 -9.518764495849609375e+00 -3.895789646809713624e-02 1.159488706502247585e-01 9.924908773876556234e-01
-5.048390960693359375e+01 -1.821520233154296875e+01 1.045144844055175781e+01 8.518103427209463563e-01 2.481642246918252803e-01 4.613389834132048395e-01
-7.755999088287353516e+00 -4.909613132476806641e+00 -1.652543640136718750e+01 -1.283509069378677703e-01 -1.377425641570473036e-01 -9.821166074900010701e-01
-2.147058010101318359e+00 3.591058349609375000e+01 -1.699729728698730469e+01 -5.966672182908413363e-02 -4.129102719667524513e-01 -9.088151570096710818e-01
6.974215030670166016e+00 -6.188418197631835938e+01 9.584890365600585938e+00 9.797395940863928843e-02 -8.546605373958088281e-01 -5.098592640092968198e-01
1.113492679595947266e+01 4.423287200927734375e+01 -1.151494789123535156e+01 -2.054261332465104062e-01 -9.195616345661400404e-01 3.349723929123649691e-01
1.283671021461486816e+00 4.464584350585937500e+01 -1.202740001678466797e+01 4.536965602225279809e-02 -6.410655917307028773e-01 7.661439169055550558e-01
3.742383575439453125e+01 2.442573165893554688e+01 -1.757966041564941406e+01 2.299383960904994861e-01 2.029287883073865317e-01 -9.518131333825061713e-01
-4.140716934204101562e+01 9.509867668151855469e+00 -9.139604568481445312e+00 1.080145679033811951e-01 3.833324877986580941e-03 9.941419208247007644e-01
-5.485445404052734375e+01 6.149702072143554688e+00 7.628098964691162109e+00 -9.006326953903566190e-01 9.435532825348168229e-02 -4.242143562210958230e-01
5.718150138854980469e+00 1.750251579284667969e+01 -1.400930786132812500e+01 1.021368747474884903e-01 -7.348794600677638345e-02 9.920522065942501966e-01
2.938619136810302734e+00 -4.609083557128906250e+01 -1.028671646118164062e+01 1.230480794608968496e-02 6.403439707295098815e-01 7.679897075168224951e-01
-7.598182201385498047e+00 -2.130825996398925781e+01 -1.308874034881591797e+01 1.528668724886938779e-01 -3.770464035641836464e-02 9.875272550117888404e-01
3.673577880859375000e+01 1.284757971763610840e+00 -2.006817626953125000e+01 2.119300570052565225e-01 -1.966306753910915250e-02 -9.770870046790618435e-01
2.667557907104492188e+01 -1.682785034179687500e+01 -1.505119800567626953e+01 4.460462751422409472e-02 4.406628529413276346e-02 9.980323590468865858e-01
-2.419183158874511719e+01 -4.426279067993164062e+01 -7.523737907409667969e+00 -4.881935940519626649e-01 -7.546609426237749219e-01 -4.383535974585161532e-01
1.041007041931152344e+01 -3.674562835693359375e+01 -1.798455619812011719e+01 1.383105031880513605e-02 -3.106773663894502602e-01 -9.504147915833349725e-01
-4.949286651611328125e+01 -2.978364944458007812e+00 -6.329957962036132812e+00 -9.174245557511903071e-01 -2.838976658905474626e-02 -3.968957113118636304e-01
-5.477394104003906250e+00 -4.680477523803710938e+01 -7.655209064483642578e+00 1.757716052285567820e-01 8.665887509511244202e-01 4.670420532675257363e-01
-4.842792510986328125e+01 1.666492080688476562e+01 -2.789124965667724609e+00 -8.902995566868679989e-01 2.962712171284725970e-01 -3.458179655026323851e-01
-1.155200099945068359e+01 -2.744302940368652344e+01 -1.263353347778320312e+01 2.883657742631667506e-02 -9.546035175359869618e-02 9.950154637217529796e-01
-5.193979740142822266e-01 2.725011825561523438e+01 -1.800128173828125000e+01 -3.096904165289387709e-02 -1.239207759412664228e-01 -9.918087314342498573e-01
-3.364559936523437500e+01 -4.024634933471679688e+01 5.802560806274414062e+00 6.003189518423367455e-01 6.845231690173322336e-01 4.135760959453373964e-01
-4.033842086791992188e+01 -2.938029479980468750e+01 9.775279760360717773e-01 7.296209363734280640e-01 5.296117425720406890e-01 4.326253475414593708e-01
-2.117347145080566406e+01 -2.546626472473144531e+01 -1.715066337585449219e+01 -8.874640577769818406e-02 -8.134555975682604412e-02 -9.927270397089970055e-01
-1.671479797363281250e+01 -1.629522132873535156e+01 -1.647061729431152344e+01 -3.109439604549684918e-02 1.174213394838129754e-01 -9.925952687618418979e-01
3.742951965332031250e+01 3.146670532226562500e+01 -1.370711708068847656e+01 6.362686029174862146e-01 7.608660670339949528e-01 1.274562394614346672e-01
-2.727927970886230469e+01 -1.382501697540283203e+01 -1.086571216583251953e+01 -3.126401161558866465e-02 -8.463469352808011825e-02 9.959214478206142029e-01
-2.418659925460815430e+00 4.564234924316406250e+01 -1.007049274444580078e+01 8.825848798269438078e-02 -8.910068755587354783e-01 4.453281789939512181e-01
-3.682892608642578125e+01 -3.084352493286132812e+01 -1.043484497070312500e+01 -6.490008513672730350e-01 -4.861837567800090243e-01 -5.851694195426071499e-01
3.769856929779052734e+00 -5.688666915893554688e+01 7.566313743591308594e+00 1.635083560502517339e-02 8.265846531588066926e-01 5.625748495421324380e-01
3.189567089080810547e+00 4.860749053955078125e+01 -6.106142997741699219e+00 -3.520332360832810481e-02 -8.108452962663725838e-01 5.842008486211106577e-01
-4.949514007568359375e+01 9.040624618530273438e+00 -4.869245052337646484e+00 -8.984813665452002773e-01 1.824207452252123995e-01 -3.993167986480756215e-01
-5.041333770751953125e+01 -2.359848213195800781e+01 1.341931152343750000e+01 7.932923833893688048e-01 3.443695305535909856e-01 5.020924425668186197e-01
-1.098194956779479980e+00 -5.650797271728515625e+01 7.256259918212890625e-01 -8.736146044225258367e-02 -8.604475237086837147e-01 -5.019940579060582220e-01
-3.964583969116210938e+01 -4.249577713012695312e+01 1.014300632476806641e+01 -6.254378267685976045e-01 -6.005137264181829027e-01 -4.982075764481320168e-01
4.457615661621093750e+01 1.076407051086425781e+01 -1.366767406463623047e+01 -7.309598440559473831e-01 -1.615102725521562199e-01 6.630325318095888765e-01
-1.422507953643798828e+01 -9.667464256286621094e+00 -1.179363632202148438e+01 2.122235705299777009e-01 1.728432477648006102e-02 9.770682720406638211e-01
-2.183616256713867188e+01 -5.393142318725585938e+01 1.300702762603759766e+01 4.341366467739518620e-01 7.624323267766388579e-01 4.798148799420768884e-01
-4.307001495361328125e+01 1.848039436340332031e+01 -4.712790012359619141e+00 8.060700710522602508e-01 -4.315873785580436328e-01 4.049486081260190717e-01
-1.533337593078613281e+01 -4.690285873413085938e+01 -2.934142112731933594e+00 3.073205424403827046e-01 8.449693207520838634e-01 4.376995901093703178e-01
1.171475315093994141e+01 -4.745506286621093750e+01 -6.658296108245849609e+00 -1.330352485275558549e-01 7.906129775465068343e-01 5.976895033244752353e-01
3.460677337646484375e+01 -1.872345733642578125e+01 -1.408625602722167969e+01 -2.717548008515413560e-01 1.772298047069262028e-01 9.459064036878511716e-01
2.617659187316894531e+01 3.455750942230224609e+00 -1.544798851013183594e+01 9.379987048712522951e-04 -3.482032795952593601e-02 9.993931483251328185e-01
2.725083351135253906e+01 1.446473693847656250e+01 -1.985534095764160156e+01 -1.141583183073428126e-01 7.865194955256647052e-03 -9.934314355150812847e-01
-1.747206878662109375e+01 -3.247039794921875000e+01 -1.178580379486083984e+01 1.307260417476462100e-01 1.634765358309150651e-01 9.778476999214735788e-01
6.963914871215820312e+00 4.428164291381835938e+01 -1.227090454101562500e+01 -2.481866303733069531e-02 -6.359653530683375688e-01 7.713184191121746913e-01
2.713204574584960938e+01 -4.263278007507324219e+00 -2.007260894775390625e+01 -1.352486414842370976e-01 3.229937439596072130e-02 -9.902850879369525794e-01
2.917619705200195312e+01 2.940822601318359375e+01 -1.406532192230224609e+01 -9.907616972520516541e-02 -1.740766602156772758e-01 9.797352851463185797e-01
-6.240259170532226562e+00 -6.341484069824218750e+01 1.491402244567871094e+01 -1.561240017380428058e-01 -8.913795038805468751e-01 -4.255207117673235895e-01
-3.853796005249023438e+01 -4.711633682250976562e+01 1.562279987335205078e+01 -6.368417197820702702e-01 -6.781379771468399875e-01 -3.668262639127780611e-01
-4.298802852630615234e+00 2.899440574645996094e+01 -1.797049713134765625e+01 -7.345821650435985228e-02 -3.416985055975912955e-02 -9.967127528735260089e-01
-1.460759735107421875e+01 -4.777860045433044434e-01 -1.171817684173583984e+01 2.417120489937541195e-01 -1.929743195295841041e-02 9.701561186176490548e-01
-4.707788467407226562e+01 8.479202270507812500e+00 -9.921386718750000000e+00 -8.119393518971581569e-01 1.467528080667303836e-01 -5.649938956885747210e-01
-1.305019021034240723e+00 -5.959432220458984375e+01 1.237146568298339844e+01 5.888767412812184049e-02 8.843155367460110439e-01 4.631611742205890558e-01
-3.780596160888671875e+01 -3.493063735961914062e+01 -3.971009016036987305e+00 -8.123233572260167845e-01 -4.526250571742349571e-01 -3.677789022266962915e-01
-5.713411712646484375e+01 5.084050178527832031e+00 1.237630081176757812e+01 -8.918071821552915335e-01 8.471271970896772363e-02 -4.444138892696181675e-01
-6.450327873229980469e+00 -1.116414070129394531e+01 -1.355074501037597656e+01 2.105703824750242981e-01 -1.351110987024500311e-02 9.774853267105323429e-01
-2.942079162597656250e+01 -3.179915237426757812e+01 -9.706067085266113281e+00 1.533292598778054627e-01 1.820199620459138634e-01 9.712666325382173227e-01
2.139771270751953125e+01 -5.032791137695312500e+01 -3.623336076736450195e+00 8.701612061645590535e-01 -4.356748243171162382e-01 2.302323234093981430e-01
5.322526931762695312e+00 -2.966349124908447266e+00 -1.542615985870361328e+01 1.843462244815342044e-01 -1.074956460081253895e-01 9.769652786095827102e-01
-4.413610458374023438e+01 -2.176036834716796875e+01 9.576299786567687988e-02 8.502651384666569667e-01 3.834933407061025812e-01 3.605302372095158803e-01
-4.809730911254882812e+01 3.825453996658325195e+00 -1.549661993980407715e+00 9.359093503247060131e-01 3.510790016761833852e-03 3.522234551080393739e-01
-4.692398834228515625e+01 -2.804810905456542969e+01 1.117874908447265625e+01 7.760739232076402372e-01 4.326833710744807937e-01 4.587966500670258574e-01
1.165336966514587402e+00 8.031147003173828125e+00 -1.432677459716796875e+01 1.888439459221772643e-01 -3.269562006151378875e-02 9.814626638427642602e-01
-2.400423049926757812e+00 -4.919439315795898438e+01 -1.175107288360595703e+01 -9.776830835232722117e-02 -7.912291855947177766e-01 -6.036536537991334939e-01
3.917631530761718750e+01 -1.052746677398681641e+01 -1.431141662597656250e+01 -2.180724273338261743e-01 1.577335543200355794e-01 9.631015223112781021e-01
3.273328781127929688e+01 -9.127738952636718750e+00 -2.018394660949707031e+01 2.453855403687466297e-01 -1.429235378736513906e-01 -9.588319972235058719e-01
4.868763351440429688e+01 2.046101760864257812e+01 -8.423107147216796875e+00 7.056211397761267268e-01 6.758631489403273962e-01 2.128563153996247959e-01
2.477600288391113281e+01 -2.371720886230468750e+01 -1.980112266540527344e+01 2.364063946892236145e-01 -1.640229507148978638e-01 -9.577100230178344775e-01
3.310500085353851318e-01 2.172563552856445312e+01 -1.289062023162841797e+01 1.506012018383415807e-01 -1.828582995741342976e-01 9.715359593353728451e-01
-1.057699298858642578e+01 -5.236140823364257812e+01 -4.600514888763427734e+00 -3.390053934064788943e-01 -8.614409632176178722e-01 -3.781465458417159753e-01
-2.712442970275878906e+01 -3.800424194335937500e+01 -6.788793087005615234e+00 5.662782780441969477e-01 7.110934502413005509e-01 4.167433464846465596e-01
4.281272125244140625e+01 2.603183937072753906e+01 -1.269416332244873047e+01 4.666818733331921099e-01 8.544619239574232639e-01 -2.282604863072031920e-01
-1.685404062271118164e+00 -2.585128021240234375e+01 -1.837338256835937500e+01 -1.201771101204513886e-01 1.878750748459598330e-02 -9.925746781807468500e-01
-4.782373905181884766e+00 3.290562438964843750e+01 -1.760249328613281250e+01 -9.133535809226366042e-02 3.027963184650243611e-01 -9.486686681271735422e-01
-1.822106170654296875e+01 -4.886252212524414062e+01 -5.051640987396240234e+00 -3.645858468183640899e-01 -8.019177566485617970e-01 -4.732917407598346005e-01
1.303245353698730469e+01 4.592401504516601562e+01 -7.796115875244140625e+00 -2.047834953508817502e-01 -8.182513459340248207e-01 5.371484477395724877e-01
1.920198440551757812e+01 1.687284851074218750e+01 -1.897460365295410156e+01 -1.275957178113641954e-01 -6.374313094618305753e-02 -9.897758059547527854e-01
1.385133171081542969e+01 -1.278096961975097656e+01 -1.535175323486328125e+01 -3.930986700091737562e-02 8.650129442079723674e-02 9.954758964534986543e-01
4.830135726928710938e+01 1.633148384094238281e+01 -1.209941673278808594e+01 8.044304548165013280e-01 2.349091732609257244e-01 -5.456274586946527894e-01
-4.117663574218750000e+01 -3.581268692016601562e+01 9.948194503784179688e+00 6.775910416443217121e-01 5.416826080977186209e-01 4.974437982001750913e-01
3.566766357421875000e+01 4.519055843353271484e+00 -1.569867706298828125e+01 -5.494577405785387031e-02 -4.106608679829493354e-03 9.984808949991651472e-01
4.053641891479492188e+01 -2.960367918014526367e+00 -1.496078968048095703e+01 -2.260542409508280726e-01 8.339812666274810937e-02 9.705381149740021085e-01
-9.394704818725585938e+00 1.334202766418457031e+01 -1.570806312561035156e+01 -9.261906046998368003e-02 -8.260173179261096066e-02 -9.922694510779414001e-01
1.006819725036621094e+01 3.948145294189453125e+01 -1.688265991210937500e+01 4.006410740088987843e-02 2.882676158180459969e-01 -9.567113718194998340e-01
3.522145080566406250e+01 -5.676750183105468750e+00 -1.561316108703613281e+01 -2.103748162035802560e-01 6.830342398253885783e-02 9.752318078177983907e-01
-5.201213836669921875e+01 -1.745549964904785156e+01 6.844147205352783203e+00 -8.774985736760114730e-01 -2.545191522080494928e-01 -4.064680237802981155e-01
-1.093935298919677734e+01 -1.071731472015380859e+01 -1.672924423217773438e+01 -1.991786010905170490e-01 1.104049628879972232e-02 -9.799010114849977526e-01
-3.417752075195312500e+01 -9.524460792541503906e+00 -1.059400177001953125e+01 7.538684633435262239e-02 -1.615155261353352217e-02 9.970235457339676755e-01
-4.648212432861328125e+01 3.730921030044555664e+00 -5.524075984954833984e+00 9.166030189814636797e-01 -9.506141132802811700e-02 3.883326327652493748e-01
-4.765597820281982422e+00 3.446125984191894531e+00 -1.313297939300537109e+01 1.084017530439696370e-01 -5.536401648319119739e-02 9.925642979756238438e-01
-2.881066083908081055e+00 -2.184141349792480469e+01 -1.802730560302734375e+01 -1.349173692469748664e-01 4.644067752435367125e-02 -9.897679359054598613e-01
-4.014474487304687500e+01 -2.260367584228515625e+01 -7.488564014434814453e+00 7.952766624478088131e-01 4.114331765584250400e-01 4.452614640780378497e-01
-3.199923706054687500e+01 -1.226433467864990234e+01 -1.570586681365966797e+01 -2.734485512245516947e-01 -2.930279404781364894e-02 -9.614401885162618955e-01
2.280990219116210938e+01 7.562870025634765625e+00 -1.536074542999267578e+01 1.942378917424312720e-02 -5.665105033266894935e-02 9.982050765801183667e-01
8.533439636230468750e+00 -4.324760055541992188e+01 -1.556567859649658203e+01 -5.730303701060586452e-02 -2.247930995867381335e-02 -9.981037233540124287e-01
-3.949722671508789062e+01 -1.398082256317138672e+01 -1.347159099578857422e+01 -3.995165961568383217e-01 -5.344551943546322487e-02 -9.151666874660197015e-01
-1.504466819763183594e+01 -1.814579963684082031e+00 -1.553679180145263672e+01 -9.811135128492098900e-02 7.727539269169192426e-02 -9.921706891626015379e-01
-4.964859962463378906e+00 1.575012111663818359e+01 -1.287449359893798828e+01 1.511505361925906121e-01 -1.148158770921527683e-01 9.818201616264823350e-01
-3.848827743530273438e+01 -1.028416991233825684e+00 -1.402284622192382812e+01 -3.207224966542666089e-01 2.115488914348995220e-02 -9.469369307431093619e-01
-2.109426116943359375e+01 3.587067794799804688e+01 -1.470027256011962891e+01 -2.107223793146499602e-01 1.826430632621590666e-01 -9.603320208647568856e-01
-5.089179611206054688e+01 -5.218616962432861328e+00 5.540436744689941406e+00 8.982179418669332671e-01 6.447406152621849851e-02 4.347960720828143999e-01
9.569858551025390625e+00 -6.135045242309570312e+01 1.565330886840820312e+01 -5.004313178090272207e-02 8.769506088399328103e-01 4.779679012411087724e-01
3.151629257202148438e+01 2.184855842590332031e+01 -1.532396221160888672e+01 -1.244581588219201979e-01 2.716451662149393376e-01 9.543160222770629142e-01
5.201474189758300781e+00 -2.087553405761718750e+01 -1.461411380767822266e+01 3.904060037758280005e-02 6.069104538887631212e-02 9.973928155605308321e-01
-5.088224029541015625e+01 9.907735824584960938e+00 7.107562065124511719e+00 9.252324600463033288e-01 -1.257753205349062264e-01 3.579461741952371656e-01
8.384086608886718750e+00 -8.824707031250000000e+00 -1.862964439392089844e+01 -6.488207267062776062e-02 2.369040194851765313e-02 -9.976116887353921880e-01
-4.487265777587890625e+01 -4.116283893585205078e+00 -1.192178726196289062e+01 -3.435804537304877337e-01 -1.990275107332014487e-02 -9.389123240825342220e-01
-4.568361663818359375e+01 9.221630096435546875e-01 -1.150686645507812500e+01 -4.407374962560253184e-01 4.275012816692201623e-03 -8.976258595090648162e-01
1.093358802795410156e+01 -2.610969161987304688e+01 -1.414768314361572266e+01 7.397186782110456993e-02 3.493303025391725908e-02 9.966483061583639724e-01
-3.891793060302734375e+01 -3.278776931762695312e+01 2.825113058090209961e+00 6.826591316408420207e-01 5.848008076296362656e-01 4.381603877384360191e-01
1.861230087280273438e+01 3.057312393188476562e+01 -1.874749374389648438e+01 6.539646127783911578e-02 2.396359873418099640e-01 -9.686577808612555351e-01
3.417804956436157227e+00 -5.829898834228515625e+01 3.484005928039550781e+00 2.879709940522968969e-02 -8.754203717147641672e-01 -4.825037822158803613e-01
3.932495117187500000e+01 6.937659263610839844e+00 -1.930979728698730469e+01 2.532441624957943449e-01 9.690891478089891375e-02 -9.625362623806918982e-01
9.100047111511230469e+00 3.019686508178710938e+01 -1.381936931610107422e+01 1.313239895968603688e-01 3.652097424203946258e-02 9.906665575241631050e-01
-5.820107650756835938e+01 9.669310569763183594e+00 1.688099861145019531e+01 -9.089833928477569769e-01 1.909360383512654080e-01 -3.705301887642956093e-01
2.179960060119628906e+01 -3.569116973876953125e+01 -1.236652374267578125e+01 -1.587869155047703373e-01 3.104163485304479719e-01 9.372451152337388791e-01
-6.662906169891357422e+00 1.709846115112304688e+01 -1.616406822204589844e+01 -1.151199234524630521e-01 -8.636741327468339113e-02 -9.895898509728860981e-01
3.301441907882690430e+00 2.521302795410156250e+01 -1.288733768463134766e+01 1.827498279193595088e-01 -8.987911540798937393e-02 9.790425144031907889e-01
4.606451988220214844e+00 4.194573593139648438e+01 -1.619353866577148438e+01 -4.300833705008139433e-04 2.909336542785120883e-01 -9.567431336761428318e-01
-4.501992225646972656e+00 3.905827331542968750e+01 -1.244543933868408203e+01 1.237112692044443213e-01 -1.014245808167034829e-01 9.871213584347070524e-01
-1.765030479431152344e+01 -1.673386955261230469e+01 -1.152499961853027344e+01 1.122872065210960696e-01 -6.205134159009420558e-02 9.917364641166311889e-01
1.634305000305175781e+00 -8.703619837760925293e-01 -1.410702800750732422e+01 1.397739190146654598e-01 -9.709803525915974842e-02 9.854111949394996905e-01
7.826675891876220703e+00 -4.825148391723632812e+01 -1.269928455352783203e+01 1.066860097879697850e-01 -7.189927581294615067e-01 -6.867805392357232419e-01
-4.210969543457031250e+01 -2.994918060302734375e+01 5.108298778533935547e+00 7.760004418196969622e-01 5.155788566948316110e-01 3.633204602343302891e-01
-1.478110885620117188e+01 -4.793144226074218750e+01 -9.028033256530761719e+00 -3.495208552837465454e-01 -8.196863348501746138e-01 -4.538165754813344721e-01
-3.313840866088867188e+01 1.509396171569824219e+01 -1.487475681304931641e+01 -3.258437614177415731e-01 7.372170783081953560e-02 -9.425449341753662225e-01
3.695831680297851562e+01 1.766882705688476562e+01 -1.464350795745849609e+01 -2.463425500436123294e-01 -8.565426273120810285e-02 9.653904367218392180e-01
2.841531753540039062e+01 -2.966592597961425781e+01 -1.754250907897949219e+01 2.205723510118292319e-01 -2.489793221988605421e-01 -9.430573339338974570e-01
1.278385353088378906e+01 -5.668542480468750000e+01 8.297208786010742188e+00 -1.584274773362032429e-01 7.933604901041917401e-01 5.877753543374573120e-01
-2.273071479797363281e+01 -3.029224777221679688e+01 -1.593794631958007812e+01 -2.223562960288867907e-01 -2.145898086036238106e-01 -9.510567236814921888e-01
2.182218170166015625e+01 -4.576170730590820312e+01 -1.077147388458251953e+01 3.519865387939076218e-01 -7.438820844834022061e-01 -5.681064344755419881e-01
2.307353401184082031e+01 2.717836761474609375e+01 -1.925510406494140625e+01 1.483851127834578433e-02 2.159353717545795803e-01 -9.762949010459155419e-01
-4.957727050781250000e+01 1.251889610290527344e+01 -3.219855070114135742e+00 -9.476329064682974535e-01 1.561701560777196129e-01 -2.785727138990962692e-01
9.948812484741210938e+00 1.539345359802246094e+01 -1.465157890319824219e+01 6.911444636191102497e-02 -8.301818942107162813e-02 9.941484665427662293e-01
-1.444361114501953125e+01 5.635939121246337891e+00 -1.160868835449218750e+01 1.818686281577029384e-01 -5.361990926183961281e-02 9.818598206581157228e-01
-2.088099098205566406e+01 2.222363090515136719e+01 -1.586981868743896484e+01 6.999440718770794101e-02 -1.259989384167092552e-01 -9.895580076379066892e-01
-4.926920700073242188e+01 3.936229944229125977e-01 7.941160202026367188e-01 9.027450879862168875e-01 -6.256456159330045334e-03 4.301304021725083082e-01
1.548968791961669922e+01 -4.681605529785156250e+01 -6.294094085693359375e+00 -1.934482683966528838e-01 7.688110787572440818e-01 6.095139806718621323e-01
-2.571094894409179688e+01 -4.984998321533203125e+01 1.123175239562988281e+01 4.712597066209055496e-01 6.700467453142410212e-01 5.735430655228693775e-01
2.370493698120117188e+01 -2.977568054199218750e+01 -1.384710788726806641e+01 -1.038708659496963976e-01 1.962784088797858151e-01 9.750310915116910948e-01
1.431774616241455078e+01 -4.707801437377929688e+01 -1.261432838439941406e+01 1.763645805627482854e-01 -7.450191396598991878e-01 -6.433055388097863592e-01
-2.919999694824218750e+01 -1.816502571105957031e+01 -1.609671211242675781e+01 -3.042471412566583600e-01 -1.352883469027090224e-01 -9.429372939010755017e-01
-1.448275375366210938e+01 -5.463220214843750000e+01 3.070868015289306641e+00 -3.204815389785712343e-01 -8.420736435126083830e-01 -4.338243447241370565e-01
-1.366377639770507812e+01 -5.759472656250000000e+01 7.712910175323486328e+00 -3.089644904821503557e-01 -7.903630332601800923e-01 -5.290247813447614966e-01
2.793555831909179688e+01 -3.543322372436523438e+01 -1.172815036773681641e+01 -9.378115347704989169e-02 1.105800707663862903e-01 9.894327380887570911e-01
-2.346111869812011719e+01 -2.710523796081542969e+01 -1.156707859039306641e+01 1.680542795287531255e-01 9.348535651359053678e-02 9.813349312286802073e-01
1.136046028137207031e+01 1.674502372741699219e+01 -1.806273651123046875e+01 5.053923954872160951e-02 1.868169560523233741e-01 -9.810938844968820627e-01
1.705244445800781250e+01 -2.592994689941406250e+01 -1.991006278991699219e+01 -5.776089502735975989e-02 2.875919667581270170e-02 -9.979161225334522989e-01
4.074931335449218750e+01 2.499062728881835938e+01 -1.579135608673095703e+01 5.147464975166531342e-01 4.216957611960604480e-01 -7.464641507022380384e-01
1.345234990119934082e+00 -5.449180603027343750e+01 -3.279535055160522461e+00 3.980691945635863520e-04 -8.925425251439912389e-01 -4.509630609601015250e-01
1.373477840423583984e+01 2.077986907958984375e+01 -1.438394069671630859e+01 8.123539073616024841e-02 -9.916242783743429989e-02 9.917497790256012413e-01
-2.173426437377929688e+01 -3.366571426391601562e+01 -1.081713962554931641e+01 1.505593486652294921e-01 1.860183977664566224e-01 9.709423454674857012e-01
5.311042785644531250e+00 5.432260036468505859e+00 -1.752459144592285156e+01 -1.364018008669112825e-01 -8.397579849665399304e-03 -9.906180037597399624e-01
-3.087462997436523438e+01 -4.558237457275390625e+01 9.559772491455078125e+00 4.813279001409653257e-01 6.659227226934162358e-01 5.699740169046974003e-01
-4.670706939697265625e+01 1.344011688232421875e+01 -8.376089930534362793e-01 8.735743051573497953e-01 -2.384913801773726472e-01 4.242520417746337702e-01
4.238418197631835938e+01 2.034969329833984375e+01 -1.140780067443847656e+01 -7.060662376006435759e-01 -4.168050257932029434e-01 5.724893349172532897e-01
-1.998534202575683594e+01 -5.924552536010742188e+01 1.519325256347656250e+01 -3.999582183456882878e-01 -8.273318336113735239e-01 -3.944051985851416697e-01
-5.326559448242187500e+01 -7.329199910163879395e-01 1.035997295379638672e+01 9.050184278670375670e-01 -4.711961306183782075e-03 4.253462620521359927e-01
3.661100387573242188e+01 -1.563390827178955078e+01 -1.795584297180175781e+01 2.705020159760137544e-01 -1.541093587650809449e-01 -9.503046695107458808e-01
-3.048603820800781250e+01 -1.599686431884765625e+01 -1.098150253295898438e+01 7.851232743949167203e-02 -3.701244945275649484e-02 9.962258243117075862e-01
3.546465301513671875e+01 -2.511775779724121094e+01 -1.277441596984863281e+01 -1.007109825771483613e-01 1.864319983359566668e-01 9.772923861285358615e-01
2.220454788208007812e+01 -4.008935546875000000e+01 -1.550478839874267578e+01 1.957475428604067702e-01 -3.673497225340117134e-01 -9.092508349285678415e-01
-4.885147094726562500e+00 -7.577882766723632812e+00 -1.396647071838378906e+01 2.134980153772081946e-01 6.783174166568773852e-03 9.769199486028625756e-01
8.843040466308593750e+00 -2.401585006713867188e+01 -1.970883750915527344e+01 -1.109820775128898679e-01 1.424473511116963464e-01 -9.835607406928074115e-01
4.483250141143798828e+00 -5.191079330444335938e+01 -7.694030761718750000e+00 3.375273874786861861e-02 -8.521270693671763041e-01 -5.222453544826660687e-01
-2.115246963500976562e+01 -3.319525003433227539e+00 -1.073031044006347656e+01 9.194285406561841789e-02 -3.301755233791620059e-02 9.952167366076002386e-01
2.406101226806640625e+01 -1.027994155883789062e+01 -1.973672294616699219e+01 -1.287997750164416311e-01 5.634224784997097363e-02 -9.900687698654707658e-01
1.981495976448059082e+00 1.795801353454589844e+01 -1.352348136901855469e+01 1.165776280058962028e-01 -6.416797747881444747e-02 9.911065166342097887e-01
-5.564418411254882812e+01 1.240641307830810547e+01 1.146735954284667969e+01 -8.913492545767804920e-01 1.961343580340874360e-01 -4.086903717534513536e-01
-1.211765861511230469e+01 -6.153974151611328125e+01 1.837271308898925781e+01 8.707191021065648073e-02 8.349734027769956102e-02 9.926966689874694438e-01
-5.227148056030273438e+01 -1.944067001342773438e+01 1.419865036010742188e+01 8.681484587996449731e-01 2.601096473814600851e-01 4.226833623682073604e-01
-4.596907806396484375e+01 -1.899957656860351562e+01 -6.269949913024902344e+00 -8.585602790583105604e-01 -3.126275285302553275e-01 -4.063720901198560331e-01
-2.315868759155273438e+01 -4.720792007446289062e+01 4.383947849273681641e+00 4.801653422067669874e-01 7.700564839085723978e-01 4.200645851935450592e-01
2.807655715942382812e+01 -2.427446937561035156e+01 -1.441089725494384766e+01 -1.820779313655468967e-01 2.101515540357431489e-01 9.605643920352270326e-01
-2.042935180664062500e+01 -3.581323623657226562e+01 -1.505519104003906250e+01 -1.949770757159728640e-01 -2.530843160766397260e-01 -9.475928814112456466e-01
-4.591747665405273438e+01 -3.137043571472167969e+01 6.806569099426269531e+00 -7.263215810740666356e-01 -4.972498438850055380e-01 -4.745519503936376227e-01
3.970421218872070312e+01 9.727870225906372070e-01 -1.527588844299316406e+01 -1.927660415811656702e-01 8.862955940050092074e-03 9.812047193247355192e-01
-4.835223770141601562e+01 -3.278099060058593750e+01 1.804516410827636719e+01 7.294808414368182392e-01 4.406248498165584726e-01 5.231705684580958415e-01
2.640104675292968750e+01 3.558276367187500000e+01 -1.678712272644042969e+01 1.699370931346526059e-01 2.524525630157430367e-01 -9.525697285782950274e-01
8.205089569091796875e+00 -5.379096603393554688e+01 2.734982013702392578e+00 -7.650656293540020192e-02 9.061032348459983066e-01 4.160813305466004031e-01
2.404108047485351562e+01 2.048721122741699219e+01 -1.523209571838378906e+01 2.036039620829819541e-01 5.822091968649184546e-02 9.773207002488848438e-01
-5.118235397338867188e+01 6.841102123260498047e+00 -1.478378057479858398e+00 -9.279218467694158035e-01 1.310047839142176318e-01 -3.489968379221018435e-01
-1.649142646789550781e+01 2.969734001159667969e+01 -1.611266517639160156e+01 1.320483562702204523e-02 -1.684424034387336511e-01 -9.856230461184671832e-01
-8.551573753356933594e+00 -1.734334754943847656e+01 -1.719228553771972656e+01 -9.101596058793973154e-02 8.114256424399279854e-03 -9.958163755235869274e-01
1.823802757263183594e+01 4.171855163574218750e+01 -1.251640129089355469e+01 -1.777796997319433803e-01 -4.792649128576172979e-01 8.594763066349185854e-01
-3.453561019897460938e+01 8.649087905883789062e+00 -1.021671867370605469e+01 5.623072968023358487e-02 -3.599899210008682821e-02 9.977685992290028505e-01
-9.272864341735839844e+00 -3.058851003646850586e+00 -1.274549198150634766e+01 2.431776818010395469e-01 -7.528858407251959317e-02 9.670554504175173927e-01
4.643900680541992188e+01 2.110748291015625000e+01 -1.178849411010742188e+01 7.552246906634453305e-01 4.108745080279453954e-01 -5.107032457945583914e-01
-1.609017944335937500e+01 -3.872662734985351562e+01 -1.042362880706787109e+01 1.213875372684614651e-01 2.532997624661659786e-01 9.597417861750532353e-01
-4.022894287109375000e+01 4.766570031642913818e-01 -9.575245857238769531e+00 1.477818646129810121e-01 1.986714069780234557e-02 9.888204170687435735e-01
-1.179286384582519531e+01 -4.545496368408203125e+01 -1.326194000244140625e+01 -2.042292478643039366e-01 -5.447527442453694579e-01 -8.133479341302340959e-01
-3.001422119140625000e+01 -3.752365875244140625e+01 -3.769201993942260742e+00 6.043524927658729951e-01 6.559330990250114013e-01 4.522276352580854586e-01
-9.297542572021484375e+00 -3.777923965454101562e+01 -1.166454792022705078e+01 1.442147356465544594e-01 2.619564420128002169e-01 9.542436442074889724e-01
-8.401955604553222656e+00 3.954960250854492188e+01 -1.602294921875000000e+01 -1.315963316429489549e-01 2.764704085999819538e-01 -9.519698097453921370e-01
1.921230506896972656e+01 -2.921540069580078125e+01 -1.951470947265625000e+01 1.596633728257613183e-01 -2.475530775927849148e-01 -9.556281081844769654e-01
-9.210412025451660156e+00 -3.948776245117187500e+01 -1.592593955993652344e+01 -1.187129658762207385e-01 -2.791903546650890688e-01 -9.528693392038873888e-01
-3.112952804565429688e+01 -4.310264205932617188e+01 -3.974539935588836670e-01 -5.313463009603354159e-01 -7.442956886887218682e-01 -4.045924322761734748e-01
-2.113786315917968750e+01 -4.495288848876953125e+00 -1.537261199951171875e+01 -8.041487704110403603e-03 3.210871446925743500e-02 -9.994520323310350784e-01
9.220399707555770874e-02 -4.944997787475585938e+01 -4.609926223754882812e+00 1.011505273748097705e-01 8.090695263753516775e-01 5.789430648194707762e-01
9.389874458312988281e+00 -5.121816635131835938e+01 -1.012050032615661621e+00 -1.125751181216259333e-01 8.344884254325330986e-01 5.394032912385997580e-01
-2.503737068176269531e+01 6.083577156066894531e+00 -1.516250801086425781e+01 -4.258210543794531400e-02 -4.733687784594182470e-03 -9.990817566628018565e-01
-1.895201683044433594e+01 -2.121850585937500000e+01 -1.174576091766357422e+01 2.139767418484393377e-02 -1.028410798142051774e-01 9.944676223196647902e-01
-5.332725524902343750e+01 4.979005813598632812e+00 3.283248901367187500e+00 -9.273906012146345690e-01 7.231895622143334756e-02 -3.670376565828104565e-01
-1.248797607421875000e+01 -6.039769363403320312e+01 1.163036060333251953e+01 -2.489714689982288065e-01 -8.587834072221113280e-01 -4.477770283353595948e-01
-3.775039672851562500e+01 2.533135223388671875e+01 -1.205724334716796875e+01 -4.189169698766685435e-01 2.048022319819672588e-01 -8.846268242171695384e-01
4.916038894653320312e+01 1.271329879760742188e+01 -1.193080902099609375e+01 7.340470383602890614e-01 -4.982638081361635551e-01 4.614196820424293910e-01
4.236260986328125000e+01 1.265176486968994141e+01 -1.809401702880859375e+01 2.618878796857294078e-01 1.144189027575583106e-01 -9.582917369806907004e-01
-5.286105728149414062e+01 1.241602420806884766e+01 5.202525138854980469e+00 -9.134053505835806330e-01 2.194123078358601320e-01 -3.428540574288538867e-01
-7.849862098693847656e+00 -1.199496984481811523e+00 -1.604501724243164062e+01 -8.059962474496996931e-02 1.171730905139978102e-01 -9.898354243763801685e-01
1.924074935913085938e+01 -1.808658599853515625e+01 -1.493615531921386719e+01 -1.968173788324406939e-02 9.826707050213498440e-02 9.949654325899084384e-01
3.127708435058593750e+01 -2.617614555358886719e+01 -1.778114509582519531e+01 1.903639079622963248e-01 -2.039872304436944617e-01 -9.602868281723089261e-01
2.340153121948242188e+01 -1.251994895935058594e+01 -1.521742820739746094e+01 -1.363510699017410864e-02 3.679308223224342367e-02 9.992298799361525319e-01
6.730599880218505859e+00 7.951284885406494141e+00 -1.511693191528320312e+01 1.041368081066285506e-01 -8.829280087200742921e-02 9.906361120570658096e-01
-8.254878044128417969e+00 -5.138809204101562500e+01 -7.398748874664306641e+00 -1.749122975782853029e-01 -7.848893347076048022e-01 -5.944362206478830402e-01
3.104314422607421875e+01 3.257179641723632812e+01 -1.347467613220214844e+01 -2.666832352750608814e-01 -2.946131584013046423e-01 9.176508807384397004e-01
