1.292160034179687500e+01 -2.566200065612792969e+01 -1.061680030822753906e+01 -8.218602976875823141e-02 1.258813414623428384e-01 9.886350916200019601e-01
-3.711569976806640625e+01 5.583519935607910156e+00 -1.788319969177246094e+01 -7.890880247584959317e-01 5.813899448935822001e-01 -1.983073905818254490e-01
4.018479919433593750e+01 -3.817440032958984375e+01 2.016519927978515625e+01 5.821230958697685143e-01 -1.362250793114901382e-01 8.016080270441249267e-01
-2.543950080871582031e+01 -3.167639923095703125e+01 -1.532349967956542969e+01 -7.070005088266999582e-01 -7.060156746295284114e-01 -4.113572287196640143e-02
7.494599819183349609e+00 -5.372750091552734375e+01 1.277810001373291016e+01 -6.273735366340391639e-01 -7.774040940931004062e-01 4.522521441169621154e-02
1.810829925537109375e+01 9.424309730529785156e+00 -1.471389961242675781e+01 1.126586297552328586e-01 9.747696329154599271e-01 -1.926971610780318089e-01
4.492240142822265625e+01 -1.655480003356933594e+01 -5.217599868774414062e+00 5.111826637602862045e-01 5.974599275136052157e-01 -6.178461938754464811e-01
-8.990929603576660156e+00 -4.293550014495849609e+00 -1.081459999084472656e+01 -1.321666960361974341e-01 -3.075496251604344922e-01 9.423084381042927671e-01
-3.698840141296386719e+00 -4.675619888305664062e+01 -1.072799968719482422e+01 -1.455001236140891080e-02 -9.338268943215137785e-01 -3.574291938022396420e-01
2.644059944152832031e+01 -4.361600112915039062e+01 1.328029930591583252e-01 3.213823142480112804e-01 -7.526020994400568487e-01 -5.747203563534281079e-01
2.726469993591308594e+01 -1.027760028839111328e+01 -1.647730064392089844e+01 4.787564301400296651e-01 -8.233005292600915903e-02 -8.740789683917439268e-01
-6.250209808349609375e+00 -2.358810043334960938e+01 -1.915880012512207031e+01 1.439324634616653276e-01 7.383416070854663393e-02 -9.868292469694647240e-01
-2.583160018920898438e+01 -1.160000038146972656e+01 -2.033779907226562500e+01 1.931892431505506311e-02 -2.046212091344026471e-02 -9.996039619624528250e-01
3.211840057373046875e+01 -2.972360038757324219e+01 -1.273890018463134766e+01 2.433215476047855819e-01 -2.114391384075538782e-01 -9.466193084977103656e-01
2.471630096435546875e+01 -4.947880172729492188e+01 1.999760055541992188e+01 3.428072756431985169e-01 -8.142229055637842938e-01 4.685341309033491664e-01
8.374970436096191406e+00 -8.479999542236328125e+00 -1.745540046691894531e+01 -8.607049557209862922e-02 -1.258598917384947009e-02 -9.962095475694303648e-01
4.046129989624023438e+01 -3.211629867553710938e+01 3.147609949111938477e+00 7.305409848377059090e-01 -6.228942685892501219e-01 -2.798438843909545337e-01
1.361079978942871094e+01 -4.333110046386718750e+01 -1.228030014038085938e+01 3.128914930071893807e-01 -7.173071355239802882e-01 -6.225507103281741061e-01
-2.031599998474121094e+01 5.685709953308105469e+00 -1.802059936523437500e+01 -5.998955709042625983e-01 6.899927030323300681e-01 -4.050128069229263494e-01
3.224889993667602539e+00 5.602940082550048828e+00 -1.133580017089843750e+01 -1.219328310336772192e-01 8.903100012541956820e-01 4.387259809754452955e-01
6.213920116424560547e+00 -4.607419967651367188e+01 2.756929993629455566e-01 -2.451647902760901998e-01 9.515531991455472571e-01 1.855821510942130825e-01
-1.173979949951171875e+01 -3.441529846191406250e+01 -1.077600002288818359e+01 1.353827351965561365e-02 2.291350407481855880e-02 9.996457805048348799e-01
2.546499967575073242e+00 -3.472290039062500000e+01 -1.585429954528808594e+01 7.859065173097805335e-02 -2.270529216840665721e-01 -9.707061760467113887e-01
-1.785659980773925781e+01 -1.976180076599121094e+01 -1.150189971923828125e+01 -8.501110672581575767e-02 -2.268660375187277478e-01 9.702086954639207450e-01
2.966900062561035156e+01 -3.973529815673828125e+01 1.231890010833740234e+01 -6.202787611720586014e-01 6.817064774093203328e-01 3.879826505103443623e-01
1.746229934692382812e+01 -4.558980178833007812e+01 9.576100349426269531e+00 -2.371900556716589059e-01 9.374023435991561959e-01 2.549857323563121669e-01
2.345419883728027344e+00 -1.805760002136230469e+01 -1.133909988403320312e+01 -9.322712038789404687e-02 -5.643902255021081976e-02 9.940439330118956418e-01
-2.864119911193847656e+01 -2.170150041580200195e+00 -1.214519977569580078e+01 -1.519754581772061186e-01 -1.659104383148682013e-02 9.882450087789009796e-01
1.827549934387207031e+01 -2.797080039978027344e+00 -1.129660034179687500e+01 -9.279146003873455645e-03 -8.453495747947497446e-03 9.999212148259872812e-01
2.421629905700683594e+01 -2.040399932861328125e+01 -9.688610076904296875e+00 -1.568397889448559790e-01 9.413265850132403190e-02 9.831278264840265235e-01
-3.026790046691894531e+01 -2.040690040588378906e+01 -1.261390018463134766e+01 -9.776920613674445759e-01 -2.036165480703519270e-01 -5.156097837503504505e-02
2.139590072631835938e+01 -3.448080062866210938e+01 -8.820480346679687500e+00 -2.005479032430126096e-01 -5.451875150684677707e-02 9.781657549919471339e-01
1.674640083312988281e+01 -1.741069984436035156e+01 -1.885320091247558594e+01 -1.722247575949520382e-02 5.034066567336024922e-02 -9.985835987578988160e-01
3.580680084228515625e+01 -1.820700073242187500e+01 -1.305819988250732422e+01 1.862586239724475790e-01 -1.360034907038668028e-01 -9.730420214524415634e-01
-1.110410022735595703e+01 -1.296319961547851562e+01 -1.840010070800781250e+01 1.700403473537545618e-02 1.937410580254248227e-01 -9.809053293962202158e-01
-1.941799926757812500e+01 -8.266380310058593750e+00 -1.195880031585693359e+01 -1.732858806576061117e-01 -4.373282314496684114e-02 9.839001187846706520e-01
3.114189910888671875e+01 -3.398870086669921875e+01 -2.580610036849975586e+00 -5.534255747645463464e-01 6.523273755561417309e-01 5.178697985947510185e-01
3.744979858398437500e+01 -2.464990043640136719e+01 -4.327650070190429688e+00 -6.420134732347024809e-01 5.248407105126023930e-01 5.588925914464606404e-01
6.095980167388916016e+00 -2.491040039062500000e+01 -1.916300010681152344e+01 -2.795954910566154569e-02 3.697347441674372209e-02 -9.989250351269421957e-01
4.065589904785156250e+01 -2.955319976806640625e+01 1.363619995117187500e+01 -1.354699260441378783e-01 7.210982488249867428e-01 6.794595018683109444e-01
1.657390022277832031e+01 -4.705670166015625000e+01 -2.432849884033203125e+00 2.776463262713592117e-01 -8.632447081332514927e-01 -4.215697942072643145e-01
1.094680023193359375e+01 2.025419950485229492e+00 -1.774049949645996094e+01 -3.020281036621556836e-02 -5.434178388783281882e-02 -9.980655092577193077e-01
-9.868220329284667969e+00 4.392829895019531250e+00 -1.667959976196289062e+01 3.892693506794591141e-01 6.622299746659944253e-01 -6.402506019329218256e-01
-4.152539968490600586e-01 -2.747270107269287109e+00 -1.675690078735351562e+01 9.302506024776316731e-03 2.112503443861176930e-02 -9.997335626563841338e-01
1.474790000915527344e+01 -5.275870132446289062e+01 2.032010078430175781e+01 1.068652487417756647e-01 -4.573539281509566012e-01 8.828404176385717950e-01
-3.528810119628906250e+01 -7.887889862060546875e+00 -1.787649917602539062e+01 -8.448991396563343415e-01 -1.709987441532944200e-02 -5.346522590459766855e-01
4.422380065917968750e+01 -2.240279960632324219e+01 3.378099918365478516e+00 3.619074031899925936e-01 6.135609927139024089e-01 7.018304209253163339e-01
-1.585449981689453125e+01 -2.781719970703125000e+01 -1.779240036010742188e+01 -2.040130953730704966e-01 -3.028658613861460736e-01 -9.309408826145331162e-01
2.469709968566894531e+01 -8.637560009956359863e-01 -1.869449996948242188e+01 5.571066116211076391e-01 3.702982795753273493e-01 -7.433111107952047325e-01
4.554739952087402344e+00 -4.162699890136718750e+01 -8.497019767761230469e+00 1.022480561564599877e-01 5.626098735076695556e-01 8.203751978478565077e-01
-3.525310039520263672e+00 -2.856450080871582031e+01 -1.091679954528808594e+01 -3.381659492036452608e-02 1.664748256976915364e-01 9.854656616630106392e-01
3.383160018920898438e+01 -9.372599601745605469e+00 -9.214030265808105469e+00 1.451746389228590894e-01 4.308886693827105319e-01 8.906510421097673103e-01
3.295700073242187500e+01 -4.453160095214843750e+01 2.008489990234375000e+01 3.525670941247177059e-01 -6.122759493027434274e-01 7.076825602244813940e-01
2.112400054931640625e+01 -2.750699996948242188e+01 -1.541959953308105469e+01 2.166796388490501712e-01 -2.042875428842967911e-01 -9.546290032942335024e-01
1.210400009155273438e+01 -3.425450134277343750e+01 -1.497799968719482422e+01 1.739285355939975408e-01 -2.715341885987118120e-01 -9.465822990781977975e-01
1.914599990844726562e+01 -1.230939960479736328e+01 -1.113449954986572266e+01 -1.701552238234136649e-01 9.659118339709441003e-02 9.806718835041375870e-01
-7.189839839935302734e+00 -1.809219932556152344e+01 -1.150030040740966797e+01 -4.916609663165222993e-02 2.757698762563270262e-02 9.984098380402222084e-01
-1.718029975891113281e+00 -1.208600044250488281e+01 -1.737380027770996094e+01 1.044579071758860167e-01 1.304163718850493425e-01 -9.859412333261929895e-01
3.443980026245117188e+01 -3.929940032958984375e+01 4.237850189208984375e+00 6.274792564281710394e-01 -7.318818201778533039e-01 -2.657419501047997290e-01
-1.658620071411132812e+01 9.522349834442138672e-01 -1.095979976654052734e+01 -2.814153163623260845e-01 -2.456305761313764754e-02 9.592716382325632285e-01
-2.188640022277832031e+01 -3.326709985733032227e+00 -1.932670021057128906e+01 1.635415463474308162e-01 4.281196179765102416e-02 -9.856070710710874705e-01
1.196759986877441406e+01 -5.144689941406250000e+01 5.049160003662109375e+00 2.904601333753581982e-01 -9.477009585713450646e-01 -1.322717053739113358e-01
-1.159930038452148438e+01 -4.313010025024414062e+01 -1.362979984283447266e+01 -3.128816925069221044e-01 -7.014270480155688769e-01 -6.403945212181071378e-01
-2.876079940795898438e+01 2.686670064926147461e+00 -2.001720046997070312e+01 -5.645118874129870790e-01 2.648323440251577551e-02 -8.249999801606108241e-01
-2.342620086669921875e+01 -2.020779991149902344e+01 -1.858329963684082031e+01 -2.966723440746347196e-01 -3.512711903022967541e-01 -8.880281927533998365e-01
1.136900043487548828e+01 -1.683970069885253906e+01 -1.160579967498779297e+01 -4.085254578428755556e-02 5.183980763664009644e-02 9.978194745780114561e-01
-2.945700073242187500e+01 -1.145890045166015625e+01 -1.210249996185302734e+01 -9.794595838805483790e-02 8.633570883369727500e-02 9.914397281810065632e-01
2.710099983215332031e+01 -3.663000106811523438e+00 -1.052890014648437500e+01 4.946339477954730252e-02 2.656715487949381505e-01 9.627938516306495664e-01
-3.486209869384765625e+00 -3.775149917602539062e+01 -1.007719993591308594e+01 -5.338775161928051988e-02 2.292848678618473468e-01 9.718941286717462935e-01
2.586020088195800781e+01 -4.775680160522460938e+01 1.136059951782226562e+01 5.012013467256087873e-01 -8.496081676973744612e-01 -1.642046632174193610e-01
6.669139862060546875e+00 -2.464639902114868164e+00 -1.128380012512207031e+01 2.399833094622940421e-01 -9.605759033577485062e-02 9.660129142606787012e-01
1.920759963989257812e+01 -7.608510017395019531e+00 -1.851429939270019531e+01 -9.018321558174638430e-02 3.649193536284275202e-02 -9.952564123284061148e-01
3.895989990234375000e+01 -3.788809967041015625e+01 1.151970005035400391e+01 7.288474729577951727e-01 -6.275933525805950097e-01 -2.736931584086186864e-01
-8.695819973945617676e-01 -4.947359848022460938e+01 -3.114059925079345703e+00 -7.273270280583101766e-01 -6.626726164260967611e-01 1.784948113947779635e-01
-1.362189960479736328e+01 -4.879519939422607422e+00 -1.790649986267089844e+01 1.220899741780042125e-01 4.263385784000848361e-02 -9.916029408845520310e-01
-1.860650062561035156e+01 -3.670970153808593750e+01 -1.518739986419677734e+01 -4.357752789982781705e-01 -8.039086411733157300e-01 -4.047601794406729403e-01
2.204120063781738281e+01 -4.279079818725585938e+01 -7.290780067443847656e+00 4.560401812184773918e-01 -7.595941348250645486e-01 -4.637284803131892508e-01
4.999690055847167969e+00 -2.846100044250488281e+01 -1.071350002288818359e+01 -9.137700944371442147e-02 -5.580623835212179806e-02 9.942514299240959863e-01
-1.122389984130859375e+01 -2.554870033264160156e+01 -1.127989959716796875e+01 -2.558792994972473173e-02 1.279708847831016738e-01 9.914477850541186799e-01
-4.469449996948242188e+00 2.721319913864135742e+00 -1.050520038604736328e+01 1.009528561229449707e-02 5.191137350439110204e-02 9.986006681898894621e-01
-7.816939830780029297e+00 -3.136910057067871094e+01 -1.724209976196289062e+01 -1.616492269221395106e-01 -2.923324913190107899e-01 -9.425556970039995486e-01
-1.525230026245117188e+01 -1.989839935302734375e+01 -1.940660095214843750e+01 3.990685923742866986e-02 -3.631790178597166761e-03 -9.991968037808680592e-01
3.278490066528320312e+00 -9.941430091857910156e+00 -1.134689998626708984e+01 -2.897980961683170598e-02 9.561891046942831707e-02 9.949960776783048910e-01
6.476220130920410156e+00 -1.623019981384277344e+01 -1.790150070190429688e+01 -6.570341987250660765e-02 7.493023660748109049e-02 -9.950218692365530027e-01
-2.386289978027343750e+01 -2.497940063476562500e+01 -1.118200016021728516e+01 -3.305271883999106458e-02 -3.495888171793578580e-01 9.363200183059325887e-01
1.095349979400634766e+01 7.531549930572509766e+00 -1.178240013122558594e+01 7.168932758438922859e-02 4.939603368917510617e-01 8.665239903708875646e-01
2.904840087890625000e+01 -3.651499938964843750e+01 -9.813159942626953125e+00 5.911295312180830930e-01 -6.532008686074410875e-01 -4.731749175224462256e-01
5.539000034332275391e+00 -4.773880004882812500e+01 7.999599933624267578e+00 -6.199877543712724037e-01 7.079914342866321375e-01 3.381764530632260790e-01
9.792819976806640625e+00 -4.741540145874023438e+01 -6.644350051879882812e+00 1.514116857240206948e-01 -9.479576704524205200e-01 -2.800906218648355206e-01
-2.522940063476562500e+01 4.892539978027343750e+00 -1.191320037841796875e+01 3.948876140807452279e-02 7.014309963956023575e-01 7.116426034309136783e-01
1.514260005950927734e+01 -5.232799911499023438e+01 1.254179954528808594e+01 3.221229149422772942e-01 -8.885207763517575241e-01 -3.267532060445016429e-01
2.265800094604492188e+01 3.521250009536743164e+00 -1.268459987640380859e+01 1.303333447261138534e-01 2.441268193785723628e-01 9.609450115967124173e-01
3.147789955139160156e+01 -2.299290084838867188e+01 -8.828530311584472656e+00 -1.704808437052889036e-01 1.083494391299758830e-01 9.793858692924625187e-01
-3.301390075683593750e+01 -1.533500003814697266e+01 -1.759729957580566406e+01 -7.072343817044730585e-01 -3.540118311462805423e-01 -6.119600908094815495e-01
2.412220001220703125e+01 -1.721150016784667969e+01 -1.657169914245605469e+01 3.287916392774629659e-01 -1.732824824965785715e-01 -9.283691287419361116e-01
2.757810020446777344e+01 -1.362090015411376953e+01 -9.678170204162597656e+00 -1.888285274152386728e-01 1.351888131786581904e-01 9.726601523787937742e-01
-1.830940055847167969e+01 -1.070600032806396484e+01 -1.902820014953613281e+01 1.786962147515592514e-01 6.561929454834000697e-02 -9.817136909590508109e-01
2.548030090332031250e+01 -2.815830039978027344e+01 -9.260760307312011719e+00 -2.643156885939936807e-01 1.371960302998485870e-01 9.546279202040164336e-01
2.364170074462890625e+01 -4.204150009155273438e+01 6.932229995727539062e+00 -2.400950479188208031e-01 9.623176459122304571e-01 1.276679925854641573e-01
-1.841500091552734375e+01 -3.034460067749023438e+01 -1.120289993286132812e+01 -5.126755257334401211e-02 -7.161061068736897239e-02 9.961142296394130957e-01
-5.559890270233154297e-01 -2.843959999084472656e+01 -1.854910087585449219e+01 1.465921774360455510e-01 -6.236404463280716959e-01 -7.678432960039974775e-01
1.278339958190917969e+01 -8.191450119018554688e+00 -1.147360038757324219e+01 -1.801554482016732017e-01 9.818264268635093495e-02 9.787257956947791326e-01
1.354179954528808594e+01 -2.408849906921386719e+01 -1.784980010986328125e+01 3.215868910328509855e-01 -4.658032649023581828e-01 -8.243841276505321503e-01
-3.547449874877929688e+01 -1.038069963455200195e+00 -1.496109962463378906e+01 -8.098135917520804528e-01 3.940792637023440848e-01 4.346302802767118556e-01
1.840600013732910156e+01 -4.721250152587890625e+01 1.685079956054687500e+01 -3.168132017659799349e-01 8.709857237624787363e-01 3.755173287462769682e-01
3.382459878921508789e-01 -2.036249923706054688e+01 -1.815229988098144531e+01 -1.067667448552025132e-02 2.299706455459485377e-01 -9.731389987093878036e-01
-1.409790039062500000e+01 -1.337430000305175781e+01 -1.164400005340576172e+01 -7.539491392468611330e-02 -9.107971528616987111e-02 9.929854442123908775e-01
4.495999908447265625e+01 -2.821789932250976562e+01 7.803500175476074219e+00 9.245150802954380520e-01 -3.343289832282570484e-01 -1.830191172524870957e-01
3.808050155639648438e+01 -3.196750068664550781e+01 -3.862989902496337891e+00 5.052756469013804930e-01 -6.967762234075277616e-01 -5.091163080695160215e-01
-5.540689945220947266e+00 -1.075030040740966797e+01 -1.125510025024414062e+01 -4.800814055496139404e-02 3.772752214153195227e-02 9.981341856251167988e-01
-2.902980041503906250e+01 -4.616630077362060547e+00 -2.000359916687011719e+01 -9.395269491968473441e-02 1.220296697743078820e-02 -9.955018727829075820e-01
1.821199989318847656e+01 2.447180032730102539e+00 -1.845619964599609375e+01 -9.979634029757171454e-02 2.247241772267664639e-01 -9.692985786809780180e-01
-6.530859947204589844e+00 -6.689650058746337891e+00 -1.718720054626464844e+01 9.847336975665303693e-02 5.897975188689062731e-02 -9.933903484110011561e-01
-2.299419975280761719e+01 -1.467930030822753906e+01 -1.183349990844726562e+01 1.021920048880347737e-01 9.025131666232565075e-02 9.906621492606247914e-01
2.078700065612792969e+01 -4.767599868774414062e+01 3.490159988403320312e+00 3.738065404042190121e-01 -8.219780721073207674e-01 -4.296751323101686837e-01
4.120700073242187500e+01 -2.106340026855468750e+01 -9.309639930725097656e+00 7.901325142668479407e-01 -3.968476915544519312e-01 -4.671215255222691543e-01
6.533690094947814941e-01 -4.156900024414062500e+01 -1.442129993438720703e+01 8.252552163454569822e-02 -2.437351639954520033e-01 -9.663243286345720717e-01
-3.225109863281250000e+01 4.873040199279785156e+00 -1.271599960327148438e+01 1.684730044127721524e-02 9.535733922015080521e-01 3.006891320835360926e-01
3.870019912719726562e+01 -1.433390045166015625e+01 -7.907629966735839844e+00 -4.520771747880386604e-01 1.806475498888126807e-01 8.734945281768136116e-01
2.765769958496093750e+01 -2.407049942016601562e+01 -1.461940002441406250e+01 1.875891404881605828e-01 -1.018286047618141288e-01 -9.769550908937295608e-01
2.525320053100585938e+01 -3.777259826660156250e+01 -3.550950050354003906e+00 -3.513963153143039309e-01 8.190838977352519201e-01 4.534558391446268932e-01
1.483119964599609375e+01 -3.710540008544921875e+01 -9.197299957275390625e+00 -6.991731622230640264e-02 1.516658133879421333e-01 9.859559066924058479e-01
7.329939842224121094e+00 -3.515800094604492188e+01 -9.950579643249511719e+00 3.598767118780694940e-02 -2.196186025456700955e-02 9.991108868472193816e-01
-2.896719932556152344e+01 -2.587980079650878906e+01 -1.676239967346191406e+01 -3.167652085540575979e-02 -1.448904559796713176e-01 -9.889405208567904060e-01
1.730279922485351562e+01 -2.020079994201660156e+01 -1.051029968261718750e+01 -1.948207280411102388e-02 -1.676218039597905940e-01 9.856588556273010449e-01
3.542039871215820312e+01 -3.340140151977539062e+01 7.634910106658935547e+00 -7.767277942360975018e-01 6.018702870907710611e-01 1.855965818068836815e-01
2.636790084838867188e+01 -4.359059906005859375e+01 1.691640090942382812e+01 -5.211438001868869963e-01 7.760096807436160926e-01 3.552718887260307712e-01
3.390760040283203125e+01 -3.811840057373046875e+01 1.743129920959472656e+01 -7.145241426457639156e-01 6.013187575638609950e-01 3.575905499005679888e-01
1.413449954986572266e+01 -4.519739913940429688e+01 3.585229873657226562e+00 -3.255956512359943211e-01 9.057306156481065296e-01 2.713660328300329105e-01
1.992049980163574219e+01 -3.965579986572265625e+01 -1.289799976348876953e+01 8.175734042735552376e-02 -3.360047182415775713e-01 -9.383051564419987445e-01
4.226039886474609375e+00 2.194750070571899414e+00 -1.717359924316406250e+01 1.954832584313811843e-03 3.261329694876698593e-03 -9.999927711529661423e-01
1.070650005340576172e+01 -4.901979827880859375e+01 1.637120056152343750e+01 -5.175243808835575110e-02 9.453493086202725548e-01 3.219260316331739591e-01
-7.906740188598632812e+00 -3.777080154418945312e+01 -1.532909965515136719e+01 -9.875289150182512896e-03 -1.654801494164247211e-01 -9.861636774964478436e-01
7.957019805908203125e+00 -4.027519989013671875e+01 -1.417959976196289062e+01 -9.564105380842650994e-02 -1.679823999708784932e-01 -9.811394916761009277e-01
3.445820093154907227e+00 -5.151409912109375000e+01 2.931710004806518555e+00 -2.525686487328042684e-01 -8.786421390145374710e-01 -4.052123754591456239e-01
3.017049980163574219e+01 -4.364799880981445312e+01 6.968239784240722656e+00 4.540039313792866849e-01 -8.528204723946067878e-01 -2.580264950674481805e-01
1.351840019226074219e+01 -4.288619995117187500e+00 -1.780620002746582031e+01 -1.647482056310456411e-01 1.565526421667950280e-02 -9.862114080883755962e-01
4.379850006103515625e+01 -2.279190063476562500e+01 -3.330349922180175781e+00 8.219199284778506698e-01 -4.105877024666161890e-01 -3.947978846880389470e-01
1.614809989929199219e+01 3.461770057678222656e+00 -1.123130035400390625e+01 -1.153345008996092408e-01 1.509872879135424062e-01 9.817844935579045362e-01
3.738109970092773438e+01 -2.618779945373535156e+01 -1.084930038452148438e+01 7.780411134151347108e-01 -4.361623585097567646e-01 -4.521221326753909198e-01
-7.840670108795166016e+00 -4.232310104370117188e+01 -8.221529960632324219e+00 -3.709994959829140959e-01 2.822677742720949845e-01 8.846944543671002581e-01
-6.002799987792968750e+00 -1.707979965209960938e+01 -1.835880088806152344e+01 1.234696036226908379e-03 5.593777907117980508e-02 -9.984334932274067098e-01
-2.477890014648437500e+00 -4.926559925079345703e+00 -1.087699985504150391e+01 7.567091205948008048e-02 -2.640587597302775369e-01 9.615336106854475151e-01
2.846080017089843750e+01 -3.766849899291992188e+01 2.171269893646240234e+00 -6.044695488258162719e-01 5.922129884718426718e-01 5.328229920222693483e-01
3.341740036010742188e+01 -1.245810031890869141e+01 -1.498309993743896484e+01 2.615632042790883016e-01 2.281827245957308292e-01 -9.378258550303061325e-01
3.417570114135742188e+00 -4.801190185546875000e+01 -7.877079963684082031e+00 -1.225676682106095761e-01 -9.513617002602405837e-01 -2.826447982669382242e-01
7.371459960937500000e+00 -2.218409919738769531e+01 -1.145050048828125000e+01 -5.835118754333278729e-02 1.012849132728762952e-01 9.931447554387973220e-01
2.032340049743652344e+01 -4.180580139160156250e+01 -1.095649957656860352e+00 -3.155581793017469550e-01 8.960179914937753676e-01 3.123696438439996226e-01
-1.547879981994628906e+01 1.378440022468566895e+00 -1.801230049133300781e+01 1.393838874400257222e-01 3.280818458457036846e-02 -9.896947786799579205e-01
3.270819854736328125e+01 -2.889419937133789062e+01 -6.258940219879150391e+00 -5.957670285457237203e-01 4.631394431729027872e-01 6.561733794320616653e-01
1.347920036315917969e+01 -4.223989868164062500e+01 -5.481770038604736328e+00 -2.860853363561420837e-01 8.663596730139633273e-01 4.093605956820116631e-01
-2.207229995727539062e+01 -2.261749982833862305e+00 -1.203419971466064453e+01 -3.069036879313285712e-02 -4.060987615236406889e-02 9.987036293226490002e-01
2.529310035705566406e+01 -3.279740142822265625e+01 -1.369779968261718750e+01 1.427656449981004050e-01 -1.351982667412745254e-01 -9.804791682021761767e-01
1.858289909362792969e+01 -3.334469985961914062e+01 -1.457940006256103516e+01 1.293628983545350442e-01 -1.989951366633559426e-01 -9.714248175302330202e-01
1.409679985046386719e+01 -1.163249969482421875e+01 -1.813470077514648438e+01 -8.967223220459345778e-02 4.352226552936903914e-02 -9.950199511440143141e-01
-2.204100036621093750e+01 -2.637730026245117188e+01 -1.716480064392089844e+01 -2.007575431507206132e-01 -2.162425399262422054e-01 -9.554766207471190320e-01
1.839599990844726562e+01 -2.881119918823242188e+01 -9.751259803771972656e+00 -3.029407743538085201e-02 1.545669869700446591e-03 9.995398340121283143e-01
-2.466409921646118164e+00 -2.233819961547851562e+01 -1.155220031738281250e+01 -4.174913425514144467e-03 4.033707275388299235e-02 9.991774070001470109e-01
3.924100112915039062e+01 -2.606049919128417969e+01 1.733730077743530273e+00 -8.201730529666095837e-01 5.542969130384708398e-01 1.416724933903990291e-01
1.148610019683837891e+01 -4.738679885864257812e+01 1.032040023803710938e+01 -2.161262993672017074e-01 9.519916415026353773e-01 2.167979179580760141e-01
1.105440044403076172e+01 -4.987730026245117188e+01 -9.807400107383728027e-01 2.078094718078229708e-01 -8.532907284490796052e-01 -4.782365065213995403e-01
7.175280094146728516e+00 -3.057089996337890625e+01 -1.670190048217773438e+01 -5.419830528947040295e-03 -1.304721881813240003e-01 -9.914371556221881487e-01
-3.663690090179443359e+00 2.607259988784790039e+00 -1.673539924621582031e+01 1.614399283003286056e-01 2.502275730334220238e-01 -9.546325529983714642e-01
7.714390158653259277e-01 -3.295550155639648438e+01 -1.014480018615722656e+01 -2.345232705692920985e-02 1.353698403703355035e-01 9.905175388016734805e-01
-9.210230112075805664e-01 -4.394660186767578125e+01 -5.984960079193115234e+00 5.462309262171125002e-02 9.213808371378005013e-01 3.848034182640350243e-01
2.996069908142089844e+01 -1.837159919738769531e+01 -1.507919979095458984e+01 6.039330410636351010e-01 -1.085539989348087292e-01 -7.896080744438288557e-01
-1.072579956054687500e+01 2.832109928131103516e+00 -1.080710029602050781e+01 -1.352049704665367162e-02 8.754711437927266415e-02 9.960686215936499499e-01
1.295510005950927734e+01 7.785560131072998047e+00 -1.760630035400390625e+01 -1.445894514783148954e-01 4.417825249718339009e-01 -8.853937492159695832e-01
4.257630157470703125e+01 -3.498320007324218750e+01 1.554800033569335938e+01 8.892259887266630303e-01 -4.311950750931761167e-01 1.528003540194811938e-01
-3.290380096435546875e+01 -6.504489898681640625e+00 -1.244320011138916016e+01 -2.264756343066038069e-01 1.716918204863121869e-02 9.738654970031551672e-01
3.132939910888671875e+01 -6.567530155181884766e+00 -1.397929954528808594e+01 6.610464132569662254e-01 7.282381454708941604e-01 -1.807950303554087534e-01
4.207410049438476562e+01 -3.339339828491210938e+01 9.001259803771972656e+00 7.380003984309936316e-01 -6.747569325999739354e-01 -7.648125519942250254e-03
1.189309954643249512e+00 -3.901910036802291870e-02 -1.075349998474121094e+01 1.809385244373980239e-01 -2.728920907188504830e-02 9.831157355279428467e-01
2.389080047607421875e+01 -8.804699897766113281e+00 -1.030700016021728516e+01 -1.878143285988547462e-01 3.471704587230740879e-02 9.815908030838825793e-01
-1.371560001373291016e+01 -3.318080139160156250e+01 -1.623200035095214844e+01 -2.553527973046128621e-02 -3.043524963851740317e-01 -9.522171535071187742e-01
3.409130096435546875e+01 -4.322890090942382812e+01 1.441219997406005859e+01 6.376705543522696029e-01 -7.315703327650265875e-01 -2.412076125045342356e-01
3.474309921264648438e+01 -3.205870056152343750e+01 1.698539972305297852e+00 -6.327553443730262739e-01 7.297925143621164512e-01 2.588890885077873016e-01
2.032780075073242188e+01 -2.171430015563964844e+01 -1.677420043945312500e+01 9.700453042850787355e-02 -2.545316588813608671e-01 -9.621869650454879519e-01
1.239599990844726562e+01 -1.061130046844482422e+00 -1.154080009460449219e+01 1.333870618835296742e-02 2.816771659122274674e-02 9.995142113343148393e-01
7.404280185699462891e+00 -4.560150146484375000e+01 -1.177320003509521484e+01 2.111958303424383565e-01 -8.244227265448089703e-01 -5.250937908625384898e-01
1.317790031433105469e+01 -3.149130058288574219e+01 -9.873239517211914062e+00 -3.302936783313634161e-02 6.642701857458016557e-02 9.972444595302776271e-01
2.058939933776855469e+01 -5.024629974365234375e+01 1.193099975585937500e+01 2.686615175889106588e-01 -9.227560374065217896e-01 -2.763010756342385021e-01
-8.980970382690429688e+00 -1.348600029945373535e+00 -1.741930007934570312e+01 9.161460266333200375e-02 7.890279036203340368e-02 -9.926636460815539964e-01
-2.550009918212890625e+01 -7.149950027465820312e+00 -1.200720024108886719e+01 9.152648456696596546e-03 -4.410791656342782224e-02 9.989848450915869149e-01
2.573639869689941406e+00 -7.938980102539062500e+00 -1.692480087280273438e+01 -3.762448217464398753e-02 7.152166669379607378e-02 -9.967291756211571485e-01
-1.476630020141601562e+01 -4.610310077667236328e+00 -1.127099990844726562e+01 -2.182863338218381799e-01 2.817372052389171405e-02 9.754779945946822073e-01
7.516530036926269531e+00 -2.609410047531127930e+00 -1.712660026550292969e+01 -1.600679941141852081e-01 7.041368215776186434e-02 -9.845913622540301002e-01
3.263140106201171875e+01 -3.941120147705078125e+01 -1.386330008506774902e+00 7.764231568777504311e-01 -5.366407532538760572e-01 -3.304296951109274572e-01
3.299079895019531250e+01 -1.531159973144531250e+01 -8.933279991149902344e+00 -1.054476825452282523e-01 4.341159198240328310e-02 9.934768341171293926e-01
9.676010131835937500e+00 -5.434199905395507812e+01 1.820899963378906250e+01 -4.650403654354409166e-01 -8.571727240306235007e-01 2.213422230248714151e-01
3.926240158081054688e+01 -2.856579971313476562e+01 7.593400001525878906e+00 -8.934087945541467901e-01 4.477516848270317040e-01 -3.659446061715804221e-02
2.075300025939941406e+01 -1.309010028839111328e+01 -1.884410095214843750e+01 -6.043273450728708224e-02 1.816870509525370103e-02 -9.980069051640543254e-01
-3.217449903488159180e+00 -3.467169952392578125e+01 -1.609519958496093750e+01 4.430781138879683750e-03 -3.244501043997677359e-01 -9.458924346528410076e-01
-4.979479789733886719e+00 -4.246709823608398438e+01 -1.421459960937500000e+01 2.947046631405930706e-02 -3.158887481845421563e-01 -9.483384366277867183e-01
3.704909896850585938e+01 -3.396379852294921875e+01 1.508720016479492188e+01 -8.566367143682704910e-01 5.109025252037370235e-01 7.177847404883459792e-02
-2.589399909973144531e+01 6.654119968414306641e+00 -1.721780014038085938e+01 1.009928630237656860e-01 8.173580875608609242e-01 5.672091310241001993e-01
-1.960350036621093750e+01 -1.620149993896484375e+01 -1.958169937133789062e+01 4.110438797799714772e-02 8.699173245344325733e-02 -9.953606722056597134e-01
1.481350040435791016e+01 -2.936120033264160156e+01 -1.583479976654052734e+01 1.108785528185158020e-01 -2.824523854154354918e-01 -9.528518229494037373e-01
7.594910144805908203e+00 6.558020114898681641e+00 -1.622489929199218750e+01 -3.466021694837332912e-01 9.376741807805063500e-01 2.518068320708730101e-02
8.584469795227050781e+00 -1.187930011749267578e+01 -1.144690036773681641e+01 1.596277402356343147e-02 -7.910245956479522444e-02 9.967386772551132257e-01
1.124540042877197266e+01 -1.897369956970214844e+01 -1.857539939880371094e+01 -6.244273585779527153e-02 1.527956194786054822e-01 -9.862831253786831232e-01
-1.175209999084472656e+01 -2.453059959411621094e+01 -1.955139923095703125e+01 7.132429422750584391e-02 1.677710753953372963e-02 -9.973120743857235571e-01
-1.480710029602050781e+01 -3.889860153198242188e+01 -1.178330039978027344e+01 -5.012579030391576262e-01 -7.220369475021198857e-01 4.768680751346304203e-01
-2.767690086364746094e+01 -1.651370048522949219e+01 -1.839599990844726562e+01 -2.422034277690990611e-01 -1.574124199266765112e-01 -9.573707900441323915e-01
1.711919975280761719e+01 -5.032649993896484375e+01 6.769939899444580078e+00 3.825702931015653174e-01 -8.772674482010459629e-01 -2.898996294633846005e-01
-1.236999988555908203e+01 -2.004100036621093750e+01 -1.168949985504150391e+01 9.568438372394021119e-02 1.554336421422708170e-01 9.832013433685687920e-01
8.198530197143554688e+00 2.815490007400512695e+00 -1.138020038604736328e+01 1.195012871169642416e-01 -4.038561044231506886e-02 9.920123209147104770e-01
9.824520111083984375e+00 -3.989879989624023438e+01 -8.831959724426269531e+00 4.797953260751251781e-02 1.295943890514778540e-01 9.904056031632387791e-01
3.491719818115234375e+01 -4.098440170288085938e+01 9.418319702148437500e+00 6.871421901209174843e-01 -7.025551747156704163e-01 -1.850725183166388732e-01
-2.309669971466064453e+00 -1.519909954071044922e+01 -1.140170001983642578e+01 -7.144304212289594516e-03 -1.428357127364250356e-01 9.897206262801638843e-01
3.349290084838867188e+01 -3.410150146484375000e+01 -7.634779930114746094e+00 7.076403248385372269e-01 -5.644451673488606325e-01 -4.250256741879556155e-01
2.164509963989257812e+01 -4.485309982299804688e+01 1.317739963531494141e+01 -5.018591620381045448e-01 8.636386003089683294e-01 4.759989007106626979e-02
-1.705209922790527344e+01 -2.509040069580078125e+01 -1.122280025482177734e+01 8.670717736587786953e-03 9.553107583029397942e-02 9.953886839846227685e-01
2.461800003051757812e+01 -6.250000000000000000e+00 -1.889500045776367188e+01 8.133627042155719411e-02 -7.811758302796439901e-02 -9.936206793016038041e-01
7.332679748535156250e+00 -5.279219818115234375e+01 7.443079948425292969e+00 1.040664229277570157e-01 -9.900694314470970259e-01 -9.451296489393971878e-02
3.605020141601562500e+01 -2.022579956054687500e+01 -7.995820045471191406e+00 -2.250444599668780521e-01 9.728687620917200740e-02 9.694793730429118739e-01
-6.392169952392578125e+00 -3.309069824218750000e+01 -1.041349983215332031e+01 -1.157613759089296951e-01 6.681939397776375661e-03 9.932545774037772057e-01
-2.499200057983398438e+01 -1.965999984741210938e+01 -1.146879959106445312e+01 1.000249252357446883e-01 -3.590851345350593114e-03 9.949784520873802274e-01
-2.005789947509765625e+01 -3.136809921264648438e+01 -1.621990013122558594e+01 -1.862149461578090637e-01 -2.599793524001803857e-01 -9.474886438121710164e-01
1.989909934997558594e+01 -5.175609970092773438e+01 1.929290008544921875e+01 3.426775166511015214e-01 -9.235849078701918735e-01 1.719390518068627804e-01
3.019759941101074219e+01 -3.813389968872070312e+01 7.254570007324218750e+00 -6.039649270766944689e-01 7.627275736520242599e-01 2.312423301477021520e-01
-3.076549911499023438e+01 -1.062720012664794922e+01 -1.861800003051757812e+01 -2.436243707451009599e-01 -9.903173970738170240e-02 -9.648004355873719406e-01
4.139599990844726562e+01 -2.793670082092285156e+01 -2.740740060806274414e+00 8.571664825257740983e-01 -3.252900824931514445e-01 -3.993143917591635561e-01
4.026160049438476562e+01 -1.896479988098144531e+01 -4.424789905548095703e+00 -7.980917209185321992e-01 3.223390858374486356e-01 5.090649455057512096e-01
-2.359670066833496094e+01 1.671679973602294922e+00 -1.958370018005371094e+01 2.186728147443023351e-01 7.053853031821026576e-02 -9.732453523302081466e-01
3.372909927368164062e+01 -3.636449813842773438e+01 1.178050041198730469e+01 -8.555073216117075052e-01 5.112857318528601924e-01 -8.181762079434770629e-02
-2.006859970092773438e+01 4.521659851074218750e+00 -1.288560009002685547e+01 1.033189057028190277e-01 9.942868132901654388e-01 2.681299389586981954e-02
1.178800010681152344e+01 -4.462429809570312500e+01 -1.107689976692199707e+00 -3.240424775011548908e-01 9.456330453190646690e-01 -2.783193086196575697e-02
2.156949996948242188e+01 6.297140121459960938e+00 -1.712969970703125000e+01 5.991553253144574764e-01 4.366157459210800451e-01 -6.711032607290071672e-01
2.469370079040527344e+01 -3.929840087890625000e+01 -1.073400020599365234e+01 4.453656213757498095e-01 -7.984662651242883102e-01 -4.050939233746441159e-01
-1.080150032043457031e+01 -9.184579849243164062e+00 -1.140999984741210938e+01 -3.138326939134182536e-02 -3.808594049089768924e-02 9.987815334392372568e-01
3.394079971313476562e+01 -2.319370079040527344e+01 -1.340859985351562500e+01 2.799537247855691802e-01 1.208924993176467150e-01 -9.523712068240086648e-01
2.663710021972656250e+01 2.333309948444366455e-01 -1.394639968872070312e+01 9.022602744822826315e-01 4.165186737221521218e-01 1.115284337373014106e-01
-1.435820007324218750e+01 4.585579872131347656e+00 -1.408450031280517578e+01 1.422754816412518386e-01 9.806859280845752203e-01 1.342117646879177895e-01
2.861199951171875000e+01 -3.195030021667480469e+01 -7.408180236816406250e+00 -5.502483127561210718e-01 4.909070756138866343e-01 6.754532089058900013e-01
1.721619987487792969e+01 -4.412860107421875000e+01 -8.587269783020019531e+00 3.260624082247464695e-01 -8.936406529191369685e-01 -3.083661612319634204e-01
2.062140083312988281e+01 -2.410219955444335938e+01 -9.799639701843261719e+00 2.138018890719570880e-02 5.821671879617938694e-02 9.980749977706581122e-01
2.458699941635131836e+00 -2.383340072631835938e+01 -1.134039974212646484e+01 5.558552436942539726e-02 1.677510873547504999e-01 9.842610538733486125e-01
9.126290321350097656e+00 -4.657839965820312500e+01 4.483590126037597656e+00 -1.706339196537413339e-01 9.558357435124787971e-01 2.392949997127963579e-01
3.802479934692382812e+01 -1.357289981842041016e+01 -1.300430011749267578e+01 6.000301386801497605e-01 4.460804355131997578e-01 -6.640602967561262115e-01
1.176970005035400391e+00 -4.612910079956054688e+01 -1.214369964599609375e+01 -5.246636501934529712e-02 -8.915557823204920407e-01 -4.498617204792514923e-01
7.059929847717285156e+00 -4.852320098876953125e+01 1.280780029296875000e+01 -4.146530763442343726e-01 8.399940245175846476e-01 3.499612336431192627e-01
4.231150150299072266e+00 -4.947740173339843750e+01 -2.995569944381713867e+00 2.575191290747808615e-01 -9.291713241324448536e-01 -2.651877609742300246e-01
2.985029983520507812e+01 -4.605149841308593750e+01 1.402509975433349609e+01 5.020661231156919868e-01 -8.325272451201186641e-01 -2.341537831261424341e-01
1.985750007629394531e+01 -2.370660066604614258e+00 -1.858990097045898438e+01 -8.311660095679761218e-04 -4.660586858204166134e-03 -9.999887939838134621e-01
4.936520099639892578e+00 -4.461709976196289062e+01 -4.428689956665039062e+00 -9.782432083295378167e-03 8.414083787641242207e-01 5.403112474935755083e-01
2.900219917297363281e+01 -1.844359970092773438e+01 -9.270190238952636719e+00 -1.528134719246120876e-01 8.001989685143814923e-02 9.850100806114782115e-01
2.888710021972656250e+01 -8.310870170593261719e+00 -9.746370315551757812e+00 -1.781905606673047926e-01 -1.123323939382275122e-02 9.839318769212596072e-01
2.295100021362304688e+01 -1.547060012817382812e+01 -1.027830028533935547e+01 -4.454538284921445018e-02 -2.390098606575982720e-02 9.987214084677975556e-01
-3.215209960937500000e+01 -8.077110052108764648e-01 -1.869610023498535156e+01 -3.401086972791725893e-01 5.648808487238095311e-02 -9.386880047718277886e-01
-3.211830139160156250e+01 5.616869926452636719e+00 -1.773810005187988281e+01 1.481851867720186677e-01 9.870148811474873662e-01 -6.199011868639808104e-02
-1.025090026855468750e+01 -1.980839920043945312e+01 -1.904730033874511719e+01 1.312685237434321750e-01 1.034082518254381827e-01 -9.859387953258694770e-01
2.905570030212402344e+01 -4.736809921264648438e+01 1.876569938659667969e+01 5.475654263034251956e-01 -8.301131279465404633e-01 -1.052819962194806447e-01
2.468110084533691406e+01 -4.693050003051757812e+01 6.600190162658691406e+00 4.350313208921132158e-01 -8.825032528826165512e-01 -1.787057875236943427e-01
-1.923620033264160156e+01 -2.284840011596679688e+01 -1.925919914245605469e+01 -3.518038639314882698e-01 -3.973286622676643898e-01 -8.475635524628598594e-01
1.910490036010742188e+01 -3.873379898071289062e+01 -7.287179946899414062e+00 -3.895124822151849187e-01 7.341590711047386586e-01 5.561389075700354789e-01
4.893119931221008301e-01 5.060100078582763672e+00 -1.542329978942871094e+01 -1.419761242385893241e-01 9.891557190076851747e-01 -3.759978325174109792e-02
-3.371429824829101562e+01 -1.137810039520263672e+01 -1.461849975585937500e+01 -9.377764258860031843e-01 -1.586849981828288569e-01 3.088599138836071178e-01
1.560770034790039062e+00 -3.782009887695312500e+01 -9.813329696655273438e+00 -8.013555002788813608e-02 1.312738703275022067e-01 9.881019505045852691e-01
-3.185350036621093750e+01 -1.572780036926269531e+01 -1.271109962463378906e+01 -9.572469700828556416e-01 -2.877062753474025625e-01 3.005557174497025877e-02
3.824629974365234375e+01 -3.993000030517578125e+01 1.595180034637451172e+01 7.266102554761012522e-01 -6.650634146021131565e-01 -1.724186509480122864e-01
2.989139938354492188e+01 -3.855419921875000000e+01 -5.390200138092041016e+00 5.221241493645897291e-01 -8.437291661617198901e-01 -1.245289798334205528e-01
7.383759975433349609e+00 -3.560340118408203125e+01 -1.580790042877197266e+01 4.099702222862703360e-01 -6.539577627041637253e-02 -9.097515096357552400e-01
2.555319976806640625e+01 -4.238029861450195312e+01 1.150930023193359375e+01 -4.739853223123313697e-01 8.498615711304893239e-01 2.303762664600924603e-01
1.503730058670043945e+00 -4.739709854125976562e+01 7.329019904136657715e-01 -8.879140665720843817e-01 -1.541529035859093566e-01 4.334114588926528122e-01
2.813820075988769531e+01 -3.704489946365356445e+00 -1.662969970703125000e+01 7.769634630990388535e-01 2.921079473618764522e-01 -5.576743889557593814e-01
4.302209854125976562e+01 -1.898089981079101562e+01 -3.584550023078918457e-01 4.156943818199144713e-01 5.560925554509459356e-01 7.196938590090897758e-01
4.156809997558593750e+01 -1.657080078125000000e+01 -1.121199989318847656e+01 8.748459566531157083e-01 3.504854085351430948e-01 -3.343718447053352083e-01
1.381690025329589844e+01 -3.869800186157226562e+01 -1.382839965820312500e+01 1.567726371397128449e-01 -3.051629980574700474e-01 -9.393071302086640761e-01
-2.932379913330078125e+01 -2.099830055236816406e+01 -1.739010047912597656e+01 -9.661265884282010941e-02 -1.134172533354014661e-01 -9.888389761721441129e-01
1.415859985351562500e+01 -1.285569953918457031e+01 -1.148789978027343750e+01 8.301547384497358351e-02 1.699513581132707212e-03 9.965468091142944962e-01
2.453809976577758789e+00 -5.155300140380859375e+00 -1.110369968414306641e+01 -2.192489926421892915e-03 -1.193431591675846344e-02 9.999263798357964639e-01
1.776440048217773438e+01 -7.626309871673583984e+00 -1.133250045776367188e+01 2.806440337918842537e-02 -1.298725418971427015e-01 9.911334481915868855e-01
-6.516119956970214844e+00 -1.155239963531494141e+01 -1.764830017089843750e+01 8.300182507237424678e-02 7.598795033945891786e-02 -9.936480908439681015e-01
3.052730083465576172e+00 -1.282380008697509766e+01 -1.747680091857910156e+01 -5.189874580316185260e-02 1.475768655053652789e-01 -9.876880018263207717e-01
3.559339904785156250e+01 -3.560100173950195312e+01 -1.525699973106384277e+00 6.592929482464099378e-01 -6.953118265531370579e-01 -2.861368068737344394e-01
4.331359863281250000e+01 -2.815530014038085938e+01 3.267549991607666016e+00 8.806183734237574834e-01 -4.132046046730282196e-01 -2.318905670041415956e-01
-1.339350032806396484e+01 -2.981520080566406250e+01 -1.073009967803955078e+01 -1.468928217335703328e-02 1.103087368577770067e-01 9.937888143675561725e-01
3.653620147705078125e+01 -4.129520034790039062e+01 2.041659927368164062e+01 1.787571720423348776e-01 -3.208268018133419441e-01 9.301161415015061218e-01
7.719140052795410156e+00 -7.147119998931884766e+00 -1.148820018768310547e+01 3.621214700441118678e-02 1.052672110497130525e-01 9.937844306926658655e-01
-8.292260169982910156e+00 -3.791600036621093750e+01 -1.007489967346191406e+01 -1.549027429433163516e-01 6.267452575437149065e-02 9.859396756648457494e-01
-2.258810043334960938e+01 -8.111660003662109375e+00 -1.972999954223632812e+01 1.447514840017985194e-01 6.222893949962957083e-02 -9.875092743706402887e-01
-2.320359992980957031e+01 -2.992350006103515625e+01 -1.145899963378906250e+01 -3.912056853484481567e-02 -6.246818538371529811e-02 9.972799541414517632e-01
2.293530082702636719e+01 -1.424059987068176270e+00 -1.141450023651123047e+01 1.107763842358313044e-01 2.558295427618721973e-01 9.603540168843397451e-01
1.452880001068115234e+01 -4.720339965820312500e+01 1.405510044097900391e+01 -1.919481427459015788e-01 9.439739792112729067e-01 2.684567694591336595e-01
-9.283789634704589844e+00 -1.371399974822998047e+01 -1.143560028076171875e+01 -1.343013205137961324e-02 -8.545343386366648086e-02 9.962516460182089251e-01
1.865469932556152344e+01 -4.341839981079101562e+01 3.115050077438354492e+00 -3.790371034753859947e-01 8.628159170836866565e-01 3.344840316308482220e-01
-1.746710014343261719e+01 -3.500820159912109375e+01 -1.085919952392578125e+01 -3.482752581319794455e-02 1.917325298213644058e-01 9.808290781038411232e-01
4.196820068359375000e+01 -2.460460090637207031e+01 6.976670265197753906e+00 -8.548423180219129058e-01 4.594823839061065174e-01 2.410820403905777343e-01
-6.501140117645263672e+00 -2.483469963073730469e+01 -1.126900005340576172e+01 -7.165317343520394289e-02 5.345986769131157862e-02 9.959959162984013403e-01
3.774580001831054688e+01 -3.589759826660156250e+01 4.197209835052490234e+00 7.895765273899413295e-01 -5.691292005758598060e-01 -2.294795425451337523e-01
-8.239069938659667969e+00 -4.578450012207031250e+01 -1.161789989471435547e+01 -5.058008503926920696e-01 -8.347644034437844418e-01 -2.175635320663191208e-01
3.037630081176757812e+01 -4.128329849243164062e+01 1.784259986877441406e+01 -5.980558119781728132e-01 6.257570292120400168e-01 5.007568133843518510e-01
2.383970069885253906e+01 -4.958869934082031250e+01 1.537440013885498047e+01 5.844029988312255952e-01 -8.056764898886253912e-01 -9.673948830655661191e-02
-4.013400077819824219e+00 -4.763510131835937500e+01 -6.063129901885986328e+00 -8.684001108577602546e-01 -1.472778627139922913e-01 4.734875696537638734e-01
3.021750068664550781e+01 -4.198699951171875000e+01 2.453390121459960938e+00 5.911971077137760933e-01 -7.851986194330156099e-01 -1.842528368067966327e-01
-1.812350082397460938e+01 -6.049640178680419922e+00 -1.877359962463378906e+01 1.624135023921485232e-01 8.401468175296009089e-02 -9.831395564672720244e-01
6.729820251464843750e+00 -1.646100044250488281e+01 -1.130879974365234375e+01 -1.419854610350617385e-01 7.722270593576718856e-03 9.898386208829904609e-01
2.770840072631835938e+01 -2.879039955139160156e+01 -1.391660022735595703e+01 2.227207630763567425e-01 -1.850750227719275554e-01 -9.571534347431742695e-01
3.650239944458007812e+01 -2.829999923706054688e+01 -1.466660022735595703e+00 -9.217153092613172838e-01 2.755864349011908909e-01 2.729340681772172150e-01
1.131890010833740234e+01 -5.267860031127929688e+01 9.839079856872558594e+00 1.038851203346053409e-01 -9.815015623399099276e-01 -1.608184221331016850e-01
3.704899978637695312e+01 -2.974769973754882812e+01 -7.808750152587890625e+00 4.853530710995194730e-01 -6.099913120524972365e-01 -6.263728886172659216e-01
8.104479789733886719e+00 -5.111040115356445312e+01 2.502650022506713867e+00 6.089087280378212980e-02 -9.735821552298249415e-01 -2.200683726191541845e-01
-2.836619949340820312e+01 -2.464699935913085938e+01 -1.223429965972900391e+01 -7.366940795762328964e-01 -6.265369516841302611e-01 2.544273595580567315e-01
2.339959907531738281e+01 -4.099039840698242188e+01 2.405679941177368164e+00 -2.951013609446671571e-01 9.100641362297353654e-01 2.910299893774367930e-01
-1.870590019226074219e+01 -1.302729988098144531e+01 -1.192650032043457031e+01 -9.112767379352151864e-02 1.651946997264665956e-02 9.957021915115003008e-01
-1.513049983978271484e+01 -1.507509994506835938e+01 -1.903260040283203125e+01 7.291648696912314542e-02 1.459039792844715744e-01 -9.866079336580656500e-01
1.004069995880126953e+01 -2.706110000610351562e+01 -1.743239974975585938e+01 1.266497006361043676e-01 -3.767843785691484260e-01 -9.176019754746856938e-01
4.937699794769287109e+00 -2.052890014648437500e+01 -1.833069992065429688e+01 -8.531322309433302803e-03 1.797290813221978922e-01 -9.836791518918814869e-01
3.218980026245117188e+01 -3.535250091552734375e+01 3.659679889678955078e+00 -6.174818651975517714e-01 6.622223286856335767e-01 4.244734780199222457e-01
-1.970880031585693359e+00 -7.381529808044433594e+00 -1.693110084533691406e+01 4.417433097124963404e-02 4.521967913470201217e-02 -9.979999043598136721e-01
-5.199600219726562500e+00 -2.803079986572265625e+01 -1.896689987182617188e+01 -1.344318786094115224e-02 -6.129771710467999402e-01 -7.899862457508977087e-01
-2.742779922485351562e+01 -1.577989959716796875e+01 -1.173740005493164062e+01 1.172618629511823635e-01 2.444237124677211825e-01 9.625521826273705228e-01
2.542340087890625000e+01 -4.231470108032226562e+01 -4.083250045776367188e+00 4.358737626577556257e-01 -8.094019291458383059e-01 -3.935512420531356859e-01
9.501620292663574219e+00 -2.878560066223144531e+01 -1.041329956054687500e+01 -2.566601193378656998e-01 1.833055800186401685e-01 9.489597712629880277e-01
1.497850036621093750e+01 -4.904209899902343750e+01 1.304409980773925781e+00 2.926071666146197181e-01 -9.303863362950745008e-01 -2.208218994601593987e-01
1.273460006713867188e+01 -2.107640075683593750e+01 -1.083969974517822266e+01 -2.309560625388653865e-01 2.523058664685813857e-01 9.396813539291295481e-01
9.724699974060058594e+00 -1.310340023040771484e+01 -1.782299995422363281e+01 -5.224874607907512014e-02 3.550519486926533713e-02 -9.980027302920868593e-01
-1.139449977874755859e+01 -2.873360061645507812e+01 -1.796759986877441406e+01 -1.916473845932935849e-01 -4.063041881095891261e-01 -8.934137824676524620e-01
-1.194049954414367676e+00 -9.459659576416015625e+00 -1.126729965209960938e+01 4.549890645252677168e-02 -8.549538923063034618e-03 9.989278026443288994e-01
-8.251930236816406250e+00 -2.902440071105957031e+01 -1.090139961242675781e+01 -4.027835993553056243e-03 1.122796477679677968e-01 9.936684845733562144e-01
2.261510086059570312e+01 -4.590340042114257812e+01 1.780750083923339844e+01 -2.812356232082361407e-01 8.519521790299739994e-01 4.416831544045509150e-01
-1.402939987182617188e+01 -9.336910247802734375e+00 -1.831839942932128906e+01 1.599450277029842160e-01 -4.268600396789837097e-03 -9.871166937924533702e-01
-1.257719993591308594e+01 -3.750899887084960938e+01 -1.542529964447021484e+01 -2.049793210317229011e-02 -2.541723764296985877e-01 -9.669416930919739750e-01
2.699029922485351562e+01 -2.396030044555664062e+01 -9.415309906005859375e+00 -4.600819361505500971e-02 -3.921160864869169260e-02 9.981711756344507913e-01
3.785020065307617188e+01 -3.198390007019042969e+01 1.116049957275390625e+01 -6.836620571773885935e-01 5.592542732320017196e-01 4.688718902298650848e-01
-5.444399833679199219e+00 -1.687669992446899414e+00 -1.019029998779296875e+01 4.604712337032521724e-02 -9.717954397447874093e-02 9.942010856271634722e-01
-1.801650047302246094e+00 -2.420459938049316406e+01 -1.905699920654296875e+01 7.902092439821621628e-02 3.229061830099970165e-01 -9.431263385576534874e-01
1.733979988098144531e+01 6.864200115203857422e+00 -1.835379981994628906e+01 3.778167623491490712e-02 2.616409053336961055e-01 -9.644255189474425505e-01
4.124750137329101562e+01 -2.463789939880371094e+01 -6.622139930725097656e+00 6.840562040568152202e-01 -3.562090050414271070e-01 -6.365392795568686202e-01
1.710510063171386719e+01 -3.327249908447265625e+01 -8.879090309143066406e+00 5.652529071564774132e-02 3.122124727771948272e-01 9.483291956656512145e-01
2.212430000305175781e+01 -3.586259841918945312e+01 -1.363930034637451172e+01 1.485182971177299582e-01 -2.342170206843577351e-01 -9.607729714365370599e-01
2.061000061035156250e+01 -4.617850112915039062e+01 -7.188969850540161133e-01 3.810554233376122202e-01 -8.535055786305083547e-01 -3.554222722222039055e-01
2.542040061950683594e+01 -3.495439910888671875e+01 -7.059179782867431641e+00 -4.843661170783924441e-01 7.292170056117267540e-01 4.833549662029634209e-01
-2.877540016174316406e+01 2.266459941864013672e+00 -1.204059982299804688e+01 -9.305750035399723563e-02 -3.941213030318477945e-02 9.948803875908051042e-01
2.767539978027343750e+01 -1.467739963531494141e+01 -1.573960018157958984e+01 3.406393625186016072e-01 -8.786414486193672158e-02 -9.360794393376030698e-01
8.900790214538574219e+00 -4.316360092163085938e+01 -6.006989955902099609e+00 -2.603514551423701251e-01 8.240854496756611081e-01 5.030907387719575352e-01
3.805830001831054688e+01 -2.192160034179687500e+01 -1.224180030822753906e+01 5.682027872625068365e-01 -1.239754083059474710e-01 -8.134959684488252130e-01
1.407569980621337891e+01 -4.654529953002929688e+01 -6.074719905853271484e+00 2.794784964660990689e-01 -8.853408352239759971e-01 -3.715688031818082382e-01
-2.128089904785156250e+01 -3.369139862060546875e+01 -1.274699974060058594e+01 -7.270281732083077042e-01 -6.663938065753813866e-01 1.653763281711265187e-01
-4.636330127716064453e+00 -1.746749997138977051e+00 -1.696380043029785156e+01 1.045669488176151629e-01 -2.306063515173495740e-02 -9.942504515067481785e-01
1.022789999842643738e-01 -1.600390052795410156e+01 -1.773830032348632812e+01 -2.855950778984834865e-03 8.413261514380818151e-02 -9.964504737387662736e-01
4.432400131225585938e+01 -3.121920013427734375e+01 1.199829959869384766e+01 9.407585528183405321e-01 2.069804308024348477e-02 3.384448792813831153e-01
2.435639953613281250e+01 2.937920093536376953e+00 -1.664590072631835938e+01 7.170783202607377005e-01 4.061363981273440893e-01 -5.664379125095586609e-01
3.961380004882812500e+00 -3.873899841308593750e+01 -1.483419990539550781e+01 1.981366368414885434e-02 -2.121710799933873293e-01 -9.770316532978094992e-01
-6.409420013427734375e+00 4.542870044708251953e+00 -1.391790008544921875e+01 -2.368148356189034298e-02 9.962693932766406579e-01 8.298483811216644801e-02
1.460540008544921875e+01 -4.891230010986328125e+01 1.824399948120117188e+01 -4.409264117600168453e-01 7.745228684207743353e-01 4.535396627701836492e-01
1.766360092163085938e+01 -2.510549926757812500e+01 -1.645269966125488281e+01 1.695414224281978632e-01 -2.571965738524272238e-01 -9.513703949984970709e-01
-1.221969985961914062e+01 -1.208299994468688965e+00 -1.048569965362548828e+01 -1.481492175474119766e-01 -8.706020108244616473e-02 9.851255405924534969e-01
-2.617640018463134766e+00 -3.878820037841796875e+01 -1.499020004272460938e+01 6.021540419004215577e-02 -1.945760609007184949e-01 -9.790374158440471319e-01
2.945129966735839844e+01 -3.314210128784179688e+01 -1.266829967498779297e+01 3.794308278365392528e-01 -3.085992421997423851e-01 -8.722377855843115313e-01
7.605739831924438477e-01 -2.775609970092773438e+01 -1.090810012817382812e+01 -2.743289492404801799e-02 9.426692399556298174e-02 9.951689220009338754e-01
-1.959889984130859375e+01 2.601499855518341064e-01 -1.876510047912597656e+01 1.406095579233189730e-01 4.046834570720593549e-02 -9.892377192648543760e-01
1.483800029754638672e+01 -1.705749928951263428e-01 -1.808930015563964844e+01 -1.056731628558505581e-01 -3.368466790274438072e-02 -9.938302298684231761e-01
-3.387170076370239258e+00 -4.186690139770507812e+01 -8.801170349121093750e+00 -1.325158441545209731e-01 4.279047524751128928e-01 8.940565272158282895e-01
2.814729928970336914e+00 -3.063209915161132812e+01 -1.708189964294433594e+01 1.972863688798036919e-01 -3.206374123611814841e-01 -9.264284853395580166e-01
1.938979911804199219e+01 6.210080146789550781e+00 -1.206470012664794922e+01 1.029116667636947452e-01 3.549230975135232724e-02 9.940570832665659440e-01
2.106520080566406250e+01 -4.899679946899414062e+01 7.742859840393066406e+00 3.895847038252805983e-01 -8.869176587792902966e-01 -2.481951351070983969e-01
-1.522980022430419922e+01 -8.980329513549804688e+00 -1.156569957733154297e+01 -2.947499964270313896e-02 2.903408716283822563e-02 9.991437565128870046e-01
-2.383399963378906250e+01 -1.531599998474121094e+01 -1.979039955139160156e+01 -1.610804726212557991e-01 -3.676058244204981618e-01 -9.159252366826883263e-01
3.175379943847656250e+01 -4.384529876708984375e+01 1.091189956665039062e+01 5.726687735646980304e-01 -7.874486055872270684e-01 -2.279806337008388750e-01
4.390670013427734375e+01 -2.530459976196289062e+01 1.665869951248168945e-01 8.261938721132805474e-01 -5.080217095602316268e-01 -2.435521059197881255e-01
2.451819992065429688e+01 -2.135680007934570312e+01 -1.570950031280517578e+01 2.553932416611140455e-01 -1.427541155978271636e-01 -9.562403226144096102e-01
1.678210067749023438e+01 -5.260820007324218750e+01 1.644829940795898438e+01 2.515838701538087308e-01 -9.628603312564930627e-01 -9.800785055835023463e-02
4.166379928588867188e+00 -4.717639923095703125e+01 4.028769969940185547e+00 -1.815434118590002754e-01 9.332085851446274560e-01 3.101027671965469468e-01
1.947699928283691406e+01 -4.499850082397460938e+01 -4.738810062408447266e+00 3.461984914056507878e-01 -8.952783959197443409e-01 -2.803982852084174748e-01
1.159449958801269531e+01 -5.363940048217773438e+01 1.444540023803710938e+01 2.195597372839740435e-01 -9.440506880475127982e-01 -2.460931127862179546e-01
-3.531869888305664062e+01 -3.674629926681518555e+00 -1.826980018615722656e+01 -2.682142167293943280e-01 -1.736795956018122311e-01 -9.475740245573579523e-01
-2.535440063476562500e+01 -2.373430061340332031e+01 -1.727350044250488281e+01 -1.087612381318038002e-01 -1.378008608036128957e-01 -9.844703732676877150e-01
4.562439918518066406e+00 -4.312120056152343750e+01 -1.368150043487548828e+01 7.004696538773624859e-02 -4.044091825601041634e-01 -9.118917894690343751e-01
2.972800064086914062e+01 -2.715589904785156250e+01 -8.687270164489746094e+00 -2.253236477555636830e-02 6.777819203620502608e-02 9.974459430074015254e-01
-3.227659988403320312e+01 -6.804099678993225098e-02 -1.236149978637695312e+01 -1.957601743521410892e-02 -4.945769099123541873e-02 9.985843561478378039e-01
1.524680042266845703e+01 7.428579807281494141e+00 -1.228229999542236328e+01 1.288411677727429455e-02 4.186758077844525139e-01 9.080443642856365072e-01
4.013069915771484375e+01 -2.334499931335449219e+01 -1.345890045166015625e+00 -7.187479180915178345e-01 6.654948158495630484e-01 2.012910338700280577e-01
-3.561890029907226562e+01 3.167860031127929688e+00 -1.455710029602050781e+01 -4.576909998632074372e-01 -2.500746682303778279e-01 8.532183829206237968e-01
4.195080184936523438e+01 -2.706760025024414062e+01 1.049470043182373047e+01 4.311572418356446335e-01 6.730025987494238082e-01 6.009749869081089102e-01
-2.578980064392089844e+01 -1.862420082092285156e+00 -2.014069938659667969e+01 2.159378884041252555e-01 -7.933626620110288685e-03 -9.763748695661006449e-01
-8.667280077934265137e-01 4.818679809570312500e+00 -1.089459991455078125e+01 -2.561450586639708593e-01 7.752318818835786107e-01 5.774125373017772178e-01
1.710040092468261719e+01 -1.605150032043457031e+01 -1.097830009460449219e+01 -2.545632258525347691e-01 1.520079357591893054e-01 9.550346336703090522e-01
1.650210022926330566e+00 -1.387689971923828125e+01 -1.144349956512451172e+01 -1.433979231872339541e-02 -7.579976326984504131e-02 9.970199427516438506e-01
1.646050071716308594e+01 -4.288940048217773438e+01 -2.516700029373168945e+00 -4.651161754901528278e-01 6.662396472122169566e-01 5.829165255677298818e-01
2.875320053100585938e+01 -4.087229919433593750e+01 -1.982349991798400879e+00 4.620033706891736314e-01 -7.785760905723342340e-01 -4.247024330763157218e-01
2.710549926757812500e+01 -4.446110153198242188e+01 4.274129867553710938e+00 4.837475307299764493e-01 -8.263086590579528101e-01 -2.884481348154262492e-01
2.669630050659179688e+01 -3.962030029296875000e+01 5.494100093841552734e+00 -5.587500082595128204e-01 7.408751795441853583e-01 3.726961183127154298e-01
3.453509902954101562e+01 -2.529000091552734375e+01 -7.221109867095947266e+00 -6.065102794854893009e-01 3.775442062123031683e-01 6.997182670432118279e-01
-1.141769981384277344e+01 -4.064160156250000000e+01 -1.013570022583007812e+01 -5.595037730078848970e-01 -8.149029607454114643e-01 1.512900940521336723e-01
2.155279922485351562e+01 -5.457610130310058594e+00 -1.100759983062744141e+01 -1.796584492220295592e-01 1.701067275260151057e-01 9.689099766611579678e-01
-2.296610069274902344e+01 -1.041409969329833984e+01 -1.193879985809326172e+01 1.164904247879679916e-02 6.515668863621314200e-02 9.978070483491738862e-01
9.735119819641113281e+00 -2.279739952087402344e+01 -1.898159980773925781e+01 1.925791419090858159e-02 1.216648036340566147e-01 -9.923844055091262106e-01
-2.679770088195800781e+01 -2.827230072021484375e+01 -1.340890026092529297e+01 -6.868156471088180393e-01 -3.560278903086578350e-01 6.336626927702636580e-01
3.697689819335937500e+01 -3.067869949340820312e+01 4.868189811706542969e+00 -5.051300223360680741e-01 7.898962813199763566e-01 3.477175941646269419e-01
3.612560033798217773e+00 -3.957930088043212891e+00 -1.681769943237304688e+01 -1.385202486774908259e-01 5.753639830129268773e-03 -9.903428882639746522e-01
3.742129898071289062e+01 -3.811059951782226562e+01 7.642199993133544922e+00 6.569384039196163316e-01 -7.183152547937546872e-01 -2.290308454905807811e-01
-9.808659553527832031e+00 -9.077850341796875000e+00 -1.779369926452636719e+01 1.147396116922780734e-01 -1.564469689979941167e-02 -9.932724021977147322e-01
-2.491189956665039062e+01 6.939920186996459961e-01 -1.191889953613281250e+01 4.066171655138004978e-03 -9.134657600198289873e-02 9.958108602042783364e-01
-1.626619911193847656e+01 5.368299961090087891e+00 -1.760650062561035156e+01 2.230352540460260602e-01 5.924583768918640914e-01 -7.741113273317232757e-01
1.947080039978027344e+01 1.101060032844543457e+00 -1.138319969177246094e+01 1.386668305945826518e-01 1.627581872014534914e-01 9.768732172558268756e-01
1.225229978561401367e+00 -4.559130096435546875e+01 -2.937010049819946289e+00 -5.217248392416153763e-02 9.510666687059167179e-01 3.045492137533986621e-01
-2.857139968872070312e+01 5.596270084381103516e+00 -1.435519981384277344e+01 -5.380565346521973824e-01 5.409145248002635853e-01 6.464569919013744004e-01
1.463669967651367188e+01 -4.581250190734863281e+00 -1.143039989471435547e+01 -1.197639972789866641e-01 5.746162540942946484e-02 9.911381067041390436e-01
3.951060104370117188e+01 -3.465499877929687500e+01 1.826749992370605469e+01 1.965998873186171059e-01 5.691030686134848082e-01 7.984172979094468214e-01
2.381599998474121094e+01 -1.032620048522949219e+01 -1.860190010070800781e+01 4.505411506152427470e-01 -1.855847004897335228e-01 -8.732531079511993699e-01
2.209329986572265625e+01 -3.052589988708496094e+01 -9.349519729614257812e+00 -1.920141879931207551e-01 8.478476006571865342e-02 9.777229137490545119e-01
3.381459808349609375e+01 -3.097940063476562500e+01 -2.926729917526245117e+00 -6.398430588443896339e-01 6.063092173047521793e-01 4.722181625689060858e-01
1.449590015411376953e+01 4.005799770355224609e+00 -1.824850082397460938e+01 -7.723069224896654539e-02 -5.823770990751307719e-02 -9.953109008342436725e-01
2.170859909057617188e+01 -3.956719970703125000e+01 -4.238860130310058594e+00 -3.740907528353318301e-01 7.724987774206397706e-01 5.131293672425224495e-01
-3.769089937210083008e+00 -2.043400001525878906e+01 -1.848780059814453125e+01 3.732696654739264264e-01 1.901013318233879534e-01 -9.080370259388970133e-01
-3.575279998779296875e+01 1.374559998512268066e+00 -1.817770004272460938e+01 -2.843847736648599245e-01 -5.069202323686491929e-02 -9.573691133976169887e-01
2.004579925537109375e+01 -4.393500137329101562e+01 6.964809894561767578e+00 -3.220424024577830391e-01 9.426971618008723741e-01 8.723962489487860350e-02
-5.976060032844543457e-01 -4.797060012817382812e+01 -8.168680191040039062e+00 9.298255910313137085e-02 -9.597871082415049271e-01 -2.648828997048367495e-01
2.058330059051513672e+00 -2.534040069580078125e+01 -1.914069938659667969e+01 4.040878588497592155e-02 1.498265008569028001e-01 -9.878862027907255872e-01
-2.152740097045898438e+01 -2.166749954223632812e+01 -1.143200016021728516e+01 -6.863785990400168846e-02 9.937802695038384926e-02 9.926796320803844553e-01
1.648539924621582031e+01 -2.135569953918457031e+01 -1.823200035095214844e+01 4.468388205444970840e-01 -4.918051689123191239e-01 -7.473036493190221563e-01
1.210029983520507812e+01 3.682940006256103516e+00 -1.154619979858398438e+01 -1.186911344702864558e-02 -4.178570631186688533e-02 9.990560939677012309e-01
1.405280017852783203e+01 -4.603329849243164062e+01 7.542300224304199219e+00 -3.628381292803948277e-01 8.745234815271217821e-01 3.218030021581300693e-01
1.115060043334960938e+01 -4.553639984130859375e+01 -1.003960037231445312e+01 -1.527340258189512079e-02 -8.927126640434501770e-01 -4.503674306941140015e-01
2.686910033226013184e-01 1.184270024299621582e+00 -1.674790000915527344e+01 7.706093295777352928e-03 4.657794734263674685e-02 -9.988849337874025069e-01
2.659219932556152344e+01 -4.016939926147460938e+01 -7.231329917907714844e+00 5.286613293390128865e-01 -6.811271351693409803e-01 -5.065402497309705598e-01
1.660910034179687500e+01 -2.425849914550781250e+01 -1.044429969787597656e+01 -1.028831142134332272e-01 9.660665882617271161e-02 9.899910192926950625e-01
4.367169952392578125e+01 -2.013570022583007812e+01 -6.298649787902832031e+00 7.670978493452146330e-01 -4.617339650423331054e-01 -4.453792036638350993e-01
-5.967679977416992188e+00 -6.805099964141845703e+00 -1.114099979400634766e+01 1.710646156279976848e-02 -1.189034029282503846e-01 9.927584548846122292e-01
-1.667729949951171875e+01 -2.405099868774414062e+00 -1.834989929199218750e+01 1.713671873241965904e-01 6.700415449807817225e-02 -9.829261062707570495e-01
1.330389976501464844e+01 -1.556009960174560547e+01 -1.833379936218261719e+01 -1.451333547596401763e-01 9.057032830631930875e-02 -9.852579991893991584e-01
1.126420021057128906e+01 -3.528290176391601562e+01 -9.782659530639648438e+00 -8.938585845744731473e-02 1.224701943769839207e-01 9.884387789828406046e-01
4.021760177612304688e+01 -3.107369995117187500e+01 -6.429100036621093750e-01 7.994654868961684757e-01 -6.006083885210318218e-01 -1.115790751177937398e-02
-1.868219947814941406e+01 -4.385670185089111328e+00 -1.155340003967285156e+01 -1.295280944723546934e-01 1.561520586409127220e-01 9.792032512836983393e-01
-2.654829978942871094e+01 -7.745580196380615234e+00 -2.033379936218261719e+01 1.563394309301711083e-01 -1.027813144826085212e-01 -9.823410730136744595e-01
1.246940040588378906e+01 -8.063130378723144531e+00 -1.783279991149902344e+01 -1.388619682906869768e-01 7.846928466232025445e-02 -9.871980171814670468e-01
7.689620018005371094e+00 -5.148889923095703125e+01 1.600189971923828125e+01 -8.658630259544167762e-01 -1.975810485149839812e-02 4.998908256587014654e-01
1.126729965209960938e+01 -5.107030105590820312e+01 1.972100067138671875e+01 3.307033211937418157e-03 6.839900363234664438e-01 7.294838543391882757e-01
-2.046249961853027344e+01 -2.698069953918457031e+01 -1.108520030975341797e+01 -7.020503148212750566e-02 -7.423801571099648833e-02 9.947662894257562893e-01
4.617400169372558594e+00 -3.231090164184570312e+01 -1.010509967803955078e+01 -5.329543920374694294e-02 1.598765784432742421e-01 9.856972536358977743e-01
1.069620037078857422e+01 -4.570280075073242188e+00 -1.159539985656738281e+01 1.719559016547690319e-02 4.623052385258889091e-02 9.987827843646367443e-01
1.110599994659423828e+01 -3.067589950561523438e+01 -1.614080047607421875e+01 1.002878710870796358e-01 -2.847431946850561418e-02 -9.945509318499615725e-01
3.078870010375976562e+01 -2.613479995727539062e+01 -1.362880039215087891e+01 1.108253999515039639e-01 -1.466847208216455756e-01 -9.829554025504234627e-01
8.190170288085937500e+00 -4.888740158081054688e+01 -3.438149929046630859e+00 1.461576080824717461e-01 -9.101645611597871666e-01 -3.876060180240012976e-01
2.057679939270019531e+01 -1.726309967041015625e+01 -1.813260078430175781e+01 4.667956713830573867e-01 -4.142151435600763265e-01 -7.813626661311288135e-01
-1.563319969177246094e+01 -2.422100067138671875e+01 -1.956760025024414062e+01 -1.445639789678474230e-01 -3.298473110118224083e-01 -9.328997842229646009e-01
2.845050048828125000e+01 -3.678649902343750000e+01 -1.610719919204711914e+00 -5.116296704887305369e-01 7.629623810037462484e-01 3.951246454584770862e-01
-9.868459701538085938e+00 -3.453300094604492188e+01 -1.611669921875000000e+01 -2.734388150014102278e-02 -2.776141565574405390e-01 -9.603034375776269282e-01
-3.166869926452636719e+01 -1.837649917602539062e+01 -1.562510013580322266e+01 -7.797779852612588547e-01 -4.516893423254860207e-01 4.335009016501141788e-01
3.564149856567382812e+01 -1.058609962463378906e+01 -1.239820003509521484e+01 4.568195552122135128e-01 8.868802662905398426e-01 -6.898758758020624715e-02
-8.729299545288085938e+00 -2.162400054931640625e+01 -1.160599994659423828e+01 7.721700323924897066e-03 9.633917460148698486e-02 9.953186116923623539e-01
4.135749816894531250e+01 -1.504920005798339844e+01 -5.209799766540527344e+00 -4.149829156979399913e-01 5.782108903530501776e-01 7.024680390992671386e-01
2.375499916076660156e+01 -4.565319824218750000e+01 2.098330020904541016e+00 3.587018497607051826e-01 -8.702192369654867532e-01 -3.377150612475770530e-01
1.724780082702636719e+01 -3.698130035400390625e+01 -1.384549999237060547e+01 6.072689733988930610e-02 -2.413526329759318467e-01 -9.685355700721867134e-01
4.494579792022705078e+00 1.895969986915588379e+00 -1.091709995269775391e+01 5.854644768479133621e-02 7.809030128480268229e-02 9.952257122425749447e-01
6.863379955291748047e+00 6.297399997711181641e+00 -1.247089958190917969e+01 2.176686361283698690e-02 9.681408673658097319e-01 2.494583423833279523e-01
-3.315890073776245117e+00 -3.098430061340332031e+01 -1.741860008239746094e+01 4.372967452210590328e-03 -3.886205344556230012e-01 -9.213875174730161710e-01
3.962120115756988525e-01 -4.123880004882812500e+01 -8.542010307312011719e+00 -7.752367435710595667e-02 5.127867059917873283e-01 8.550086982436292393e-01
3.099259948730468750e+01 -1.194299983978271484e+01 -9.247739791870117188e+00 -1.690593292810982085e-01 3.578496906621215362e-02 9.849560290550819497e-01
2.079910087585449219e+01 -1.862969970703125000e+01 -1.045059967041015625e+01 -5.506421673973405789e-02 -1.172080827578179940e-02 9.984140196773091391e-01
-1.488700008392333984e+01 -1.716530036926269531e+01 -1.179570007324218750e+01 -7.615420178132157811e-03 3.852028646054651839e-02 9.992287990778228046e-01
2.178229904174804688e+01 -3.116519927978515625e+01 -1.453919982910156250e+01 1.470997075333401183e-01 -1.988794188656815287e-01 -9.689213862823209400e-01
4.270539855957031250e+01 -3.092950057983398438e+01 6.163400173187255859e+00 7.100015268537037683e-01 -5.687758031120587754e-01 -4.152010569105548665e-01
-2.191670036315917969e+01 -1.185919952392578125e+01 -1.976700019836425781e+01 1.280552639122000402e-01 4.119531131240154048e-02 -9.909110937466848457e-01
1.729019927978515625e+01 -4.229790115356445312e+01 -1.190270042419433594e+01 2.924198160020869963e-01 -7.299471846924915353e-01 -6.177926503033288608e-01
3.428409957885742188e+01 -3.120350074768066406e+01 -9.941929817199707031e+00 6.246467710183367661e-01 -5.626237843552938100e-01 -5.415449092495409067e-01
-2.912369918823242188e+01 -6.106359958648681641e+00 -1.226700019836425781e+01 -3.749632442773553204e-02 4.585827553632179643e-02 9.982439803070414230e-01
2.025650024414062500e+01 -5.121849822998046875e+01 1.556890010833740234e+01 2.643712677341536477e-01 -8.985034561767557548e-01 -3.504274133612567677e-01
-2.285199928283691406e+01 5.613420009613037109e+00 -1.518929958343505859e+01 -7.104262373465068670e-02 9.014414611989549631e-01 4.270318930061193785e-01
3.298289871215820312e+01 -3.648849868774414062e+01 -4.727180004119873047e+00 5.548062890110634360e-01 -6.861828338275488548e-01 -4.704711470793578321e-01
8.339650154113769531e+00 -4.486289978027343750e+01 -2.613790035247802734e+00 -8.503607832346196660e-02 8.837277626044375278e-01 4.602109374901046657e-01
3.817369842529296875e+01 -3.402980041503906250e+01 8.499879837036132812e-01 6.774567404282050287e-01 -7.159126184201153320e-01 -1.688830590534346754e-01
2.577770042419433594e+01 -3.907709884643554688e+01 -6.039129942655563354e-02 -6.560301933808558861e-01 7.067852129836840192e-01 2.647244757862130538e-01
3.282920074462890625e+01 -1.610670089721679688e+01 -1.418649959564208984e+01 3.496913087993381297e-01 -1.189401148376691697e-01 -9.292842609409717181e-01
-3.169799995422363281e+01 -6.987559795379638672e+00 -1.868709945678710938e+01 -2.132536109049347761e-01 -7.624124425829088836e-02 -9.740175409662570338e-01
4.538270187377929688e+01 -2.549950027465820312e+01 5.162690162658691406e+00 9.732297409770662711e-01 -2.231365321623401121e-01 -5.508138789352974574e-02
2.407550048828125000e+01 -2.520779991149902344e+01 -1.510060024261474609e+01 1.329952952973177671e-01 -1.716883241803785209e-01 -9.761328653256751142e-01
2.761709976196289062e+01 -4.037850189208984375e+01 9.099960327148437500e+00 -4.877349210825648318e-01 8.196706783708758159e-01 3.004240765578095607e-01
2.614019966125488281e+01 -3.627389907836914062e+01 -1.258469963073730469e+01 3.596170164205755859e-01 -3.106334367768225357e-01 -8.798763944196839049e-01
-2.008869886398315430e+00 -4.460150146484375000e+01 -1.341600036621093750e+01 -1.225455114062914269e-01 -4.149750966482296799e-01 -9.015421602986535277e-01
2.582799911499023438e+01 -4.580640029907226562e+01 1.988360023498535156e+01 -4.590600881817231138e-01 5.385378755969878473e-01 7.065697361096580087e-01
-9.860770225524902344e+00 -5.009069919586181641e+00 -1.745039939880371094e+01 1.388685600982035584e-01 -3.861886296554452314e-02 -9.895575306365467227e-01
-1.166889953613281250e+01 1.238770008087158203e+00 -1.766049957275390625e+01 1.553126717747474739e-01 6.450299699789302510e-02 -9.857572405843536556e-01
-8.586839675903320312e+00 -2.653800010681152344e+01 -1.945700073242187500e+01 -9.817372822560610762e-04 -8.266468092737058737e-02 -9.965769346714205001e-01
1.818650054931640625e+01 -4.633969879150390625e+01 1.322859954833984375e+01 -3.342351708465600146e-01 9.115039416649560744e-01 2.396819035689163324e-01
4.160729885101318359e+00 5.801740169525146484e+00 -1.501259994506835938e+01 -1.844119398442851387e-01 9.057711824846160775e-01 -3.815374181168710854e-01
2.177330017089843750e+01 1.421849966049194336e+00 -1.892589950561523438e+01 -6.243782342154878540e-02 1.165215246651024258e-02 -9.979808342594946868e-01
2.778050041198730469e+01 -4.578670120239257812e+01 8.862319946289062500e+00 5.268943306236533175e-01 -8.335983318782977936e-01 -1.658197378069674321e-01
-5.153590202331542969e+00 -4.411280059814453125e+01 -6.346360206604003906e+00 -6.344536133140271650e-01 -3.487974044593415007e-02 7.721735661489580460e-01
-2.783829927444458008e+00 -3.397340011596679688e+01 -1.027140045166015625e+01 -2.137866167080162971e-02 3.897535487005363009e-02 9.990114486520755843e-01
1.001060009002685547e+01 -4.319929885864257812e+01 -1.324530029296875000e+01 4.521319215806857139e-02 -7.618545610605195195e-01 -6.461682405118350792e-01
3.267480087280273438e+01 -1.901420021057128906e+01 -8.873370170593261719e+00 -1.552646195430498477e-01 1.966280569493556937e-02 9.876772104237069305e-01
-2.133329963684082031e+01 -1.799519920349121094e+01 -1.164859962463378906e+01 -2.380444952918270643e-02 7.402800062288228400e-02 9.969720173136211727e-01
-1.423650026321411133e+00 -1.876919937133789062e+01 -1.148980045318603516e+01 1.082361990036471815e-02 -5.594159082285121709e-02 9.983753741296211848e-01
3.639120101928710938e+01 -4.074050140380859375e+01 1.288049983978271484e+01 6.258912031452900093e-01 -7.329126690292464552e-01 -2.666443725297191203e-01
-2.034099960327148438e+01 1.082360029220581055e+00 -1.164159965515136719e+01 -2.467747030827258103e-01 -1.399725234794592932e-01 9.589108084640743934e-01
1.035550022125244141e+01 -3.750019836425781250e+01 -1.482209968566894531e+01 3.335332813606343705e-01 -4.082249100283991128e-01 -8.497693646261399447e-01
2.832629966735839844e+01 -3.471390151977539062e+01 -4.846210002899169922e+00 -4.848231209881279646e-01 6.197172240103886454e-01 6.171686184667759534e-01
2.712949943542480469e+01 -4.800830078125000000e+01 1.565229988098144531e+01 3.244659616000011848e-01 -9.313358613076733183e-01 -1.653340654713382485e-01
3.063039970397949219e+01 -2.185149955749511719e+01 -1.418220043182373047e+01 2.531433475862122084e-01 -1.468069762591885929e-01 -9.562249511984510786e-01
-8.535329818725585938e+00 -4.136709976196289062e+01 -1.455449962615966797e+01 -2.851222499376995095e-02 -2.865844153040912889e-01 -9.576306312617182126e-01
1.768370056152343750e+01 -1.103709983825683594e+01 -1.841799926757812500e+01 -1.334189143596562765e-01 3.262409759200743387e-02 -9.905226204117693056e-01
3.431689834594726562e+01 -2.678569984436035156e+01 -1.273120021820068359e+01 2.685688327154230892e-01 -1.509272935540533767e-01 -9.513630927013743133e-01
-7.214360237121582031e+00 1.817330002784729004e+00 -1.705130004882812500e+01 9.893981106504895484e-02 6.559121554594658787e-02 -9.929293561123155865e-01
3.071080017089843750e+01 -1.003880023956298828e+01 -1.526609992980957031e+01 2.285643167231106720e-01 -1.971888506548609143e-01 -9.533493117941149730e-01
5.303369998931884766e+00 -3.824530029296875000e+01 -9.609479904174804688e+00 -1.030126604116030770e-01 2.006756671725116181e-01 9.742267027749708097e-01
3.679750061035156250e+01 -3.695869827270507812e+01 1.930400085449218750e+01 -5.265388156998912494e-01 5.446598020397130924e-01 6.527653296579226661e-01
3.971350097656250000e+01 -2.804689979553222656e+01 -5.957870006561279297e+00 7.937229562834959840e-01 -4.405862986938867409e-02 -6.066817170499040346e-01
6.442560195922851562e+00 -1.156470012664794922e+01 -1.743639945983886719e+01 -1.007499184071065229e-01 1.144194902339871200e-01 -9.883104948322444239e-01
3.293909835815429688e+01 -3.596080017089843750e+01 8.235050201416015625e+00 -6.449051750017489315e-01 7.519949428048943174e-01 1.363851944011055528e-01
2.207080078125000000e+01 -4.322689819335937500e+01 9.963170051574707031e+00 -1.089444650976481299e-01 9.682269108459904405e-01 2.250949858131402193e-01
1.005099964141845703e+01 -5.231420040130615234e+00 -1.744070053100585938e+01 -1.476201807948185618e-01 -5.917582487637623040e-02 -9.872722542299593451e-01
3.671839904785156250e+01 -1.153149986267089844e+01 -9.040360450744628906e+00 6.303951070177550298e-01 7.605777153335389063e-01 1.553175714015872511e-01
4.531829833984375000e+01 -1.948410034179687500e+01 -3.168280124664306641e+00 9.500178297117819470e-01 -2.149719998460780657e-02 -3.114546413565500438e-01
1.102700042724609375e+01 -1.567510008811950684e+00 -1.760470008850097656e+01 -8.612763980301035849e-02 -1.567549000992902661e-02 -9.961607845498193781e-01
-3.491370010375976562e+01 -4.646739959716796875e+00 -1.483189964294433594e+01 -9.054199664348595578e-01 -2.631476373841415972e-01 3.331186054849566425e-01
4.146250152587890625e+01 -3.526750183105468750e+01 1.200459957122802734e+01 7.439563235216799519e-01 -6.084408386913290334e-01 -2.762765543883476949e-01
1.684270095825195312e+01 -4.093840026855468750e+01 -5.589789867401123047e+00 -2.458903588107176907e-01 8.248344757919107151e-01 5.091031516196105056e-01
-8.708780288696289062e+00 -2.201700061559677124e-01 -1.038510036468505859e+01 -1.253848486258996586e-01 1.009355128900519538e-01 9.869603142845624344e-01
-2.889060020446777344e+01 6.282100200653076172e+00 -1.914249992370605469e+01 -3.808961083762364419e-01 2.797675814108120385e-01 -8.812764918091160471e-01
5.224160194396972656e+00 -1.311380004882812500e+01 -1.136849975585937500e+01 -2.520671791636304102e-02 7.331562226714065378e-02 9.969901909765545023e-01
-2.205130004882812500e+01 -5.844659805297851562e+00 -1.208590030670166016e+01 -1.472004786168767433e-02 7.215586887022863716e-02 9.972847390683023949e-01
-9.469200134277343750e+00 -1.621409988403320312e+01 -1.857430076599121094e+01 -5.863275196892545928e-03 1.737749191046417396e-01 -9.847679419508641452e-01
7.612150192260742188e+00 -2.578479957580566406e+01 -1.089760017395019531e+01 -5.228018573430785049e-02 6.769322100014986410e-02 9.963354906908672426e-01
-2.587870025634765625e+01 -1.248600006103515625e+01 -1.201580047607421875e+01 -6.407551531550095825e-02 6.011149384104635951e-02 9.961329914450433032e-01
6.823559761047363281e+00 -4.717860031127929688e+01 -8.620790481567382812e+00 1.143169387606818854e-01 -9.367778134171166338e-01 -3.307249095575235942e-01
2.127300071716308594e+01 -4.853039932250976562e+01 1.996590042114257812e+01 -2.553237664585848443e-01 5.182637910738655540e-01 8.162183636399923392e-01
4.520029830932617188e+01 -2.179140090942382812e+01 -3.889239951968193054e-02 7.390429425581198641e-01 -5.720156410190150309e-01 -3.558280982224995559e-01
2.262500000000000000e+01 -4.429159927368164062e+01 -2.964129924774169922e+00 3.999022395492182191e-01 -8.551859175747076325e-01 -3.297502770058352572e-01
2.433729934692382812e+01 -1.374310016632080078e+01 -1.732690048217773438e+01 5.463625056819029213e-01 -2.514755505511365175e-01 -7.989042870456981582e-01
-2.568569946289062500e+01 4.519400119781494141e+00 -2.005389976501464844e+01 2.364142959804552413e-01 1.088753040816973078e-01 -9.655332458373371285e-01
-2.537109947204589844e+01 -2.747150039672851562e+01 -1.657970046997070312e+01 -7.490497222112987852e-02 -1.513659928792035481e-01 -9.856356230048934908e-01
-5.766640186309814453e+00 -1.438090038299560547e+01 -1.141740036010742188e+01 -4.395914432281004813e-02 6.089343937199283990e-03 9.990147714227356479e-01
1.464239978790283203e+01 -5.161930084228515625e+01 8.961770057678222656e+00 3.583886897793547854e-01 -9.185209386168884382e-01 -1.669635659675114958e-01
2.243969917297363281e+01 -3.728519821166992188e+01 -6.916689872741699219e+00 -3.688675718302004691e-01 6.832493488744325605e-01 6.301642973977151785e-01
1.831389999389648438e+01 -2.987779998779296875e+01 -1.525160026550292969e+01 1.177369264175896213e-01 -1.424988420558135904e-01 -9.827675697592443971e-01
6.436600208282470703e+00 -5.110589981079101562e+01 1.047159957885742188e+01 -9.358483652574677292e-01 2.447861177075884020e-01 2.535105398648582753e-01
3.966139984130859375e+01 -3.527249908447265625e+01 7.223309993743896484e+00 7.520773619251437392e-01 -5.805988457881919862e-01 -3.119048283517518172e-01
-2.700600147247314453e+00 4.789569854736328125e+00 -1.392920017242431641e+01 -9.476544668364478285e-02 9.936452628742412641e-01 6.073385943960275812e-02
1.597560024261474609e+01 -1.157179996371269226e-01 -1.132369995117187500e+01 -9.860636988547485937e-02 -8.265461256117219435e-02 9.916879543688990051e-01
2.947240066528320312e+01 -4.400479888916015625e+01 1.991130065917968750e+01 -2.968520278798566503e-01 5.046626861433092248e-01 8.106753029161776203e-01
1.595380020141601562e+01 -4.374649810791015625e+01 8.706480264663696289e-01 -1.580177927219210965e-01 9.873417720463438796e-01 -1.366024727732238070e-02
1.713299942016601562e+01 -4.579349994659423828e+00 -1.825919914245605469e+01 -9.465409576518533930e-02 -2.569769705043959199e-02 -9.951784917898794935e-01
3.188409996032714844e+01 -4.531010055541992188e+01 1.682150077819824219e+01 5.591567310838253535e-01 -8.186355244161001021e-01 -1.310710808974559771e-01
2.537829971313476562e+01 -3.169309997558593750e+01 -8.776849746704101562e+00 -1.649675205643315046e-01 1.005155881985859423e-01 9.811637649689012308e-01
-1.123980045318603516e+01 -1.670980072021484375e+01 -1.164850044250488281e+01 -1.338727760766830477e-01 -9.848891707507885507e-02 9.860922943816671227e-01
5.389609813690185547e+00 -5.054710006713867188e+01 1.489740014076232910e-01 -5.640188131321850068e-02 -9.680213558608641300e-01 -2.444452543651105536e-01
-1.661709994077682495e-01 -3.265209960937500000e+01 -1.669589996337890625e+01 3.242147478371870672e-02 -3.548141590528400835e-01 -9.343745290345165655e-01
3.232550048828125000e+01 -3.837749862670898438e+01 1.429629993438720703e+01 -5.341975460679579957e-01 7.436614324735313364e-01 4.019958403098061739e-01
7.609260082244873047e+00 1.013190031051635742e+00 -1.733320045471191406e+01 -1.478925984670303173e-01 -8.104571444141704661e-02 -9.856771132015544890e-01
4.837289810180664062e+00 -5.061869812011718750e+01 6.132219791412353516e+00 -8.834021633234717674e-01 -7.923371348672134107e-02 4.618686355258541654e-01
-1.719540023803710938e+01 -3.340359878540039062e+01 -1.589630031585693359e+01 -6.808254608783842476e-02 -1.802970831235483351e-01 -9.812531420257148973e-01
3.469609832763671875e+01 -3.775400161743164062e+01 1.105090022087097168e+00 6.703805373091415998e-01 -5.278864685066341211e-01 -5.214650626501270425e-01
-1.406089973449707031e+01 -2.328790092468261719e+01 -1.139760017395019531e+01 -1.852143723023660579e-02 1.435264271433912830e-01 9.894731532863230150e-01
-2.544300079345703125e+01 -3.575020074844360352e+00 -1.203079986572265625e+01 -8.230834601656301930e-02 -4.729864661887588778e-02 9.954838894748827549e-01
3.616180038452148438e+01 -1.676700019836425781e+01 -8.475410461425781250e+00 -5.776486513827477215e-02 -3.782875898951627153e-02 9.976132543971485411e-01
2.928330039978027344e+01 -3.766910076141357422e+00 -1.333279991149902344e+01 8.499651783999824239e-01 5.069368564940966992e-01 1.434371605804080629e-01
1.683720016479492188e+01 -4.483530044555664062e+01 5.813879966735839844e+00 -3.282288934002590697e-01 9.227298552972237333e-01 2.020777268290737116e-01
3.974940109252929688e+01 -3.193129920959472656e+01 1.602249908447265625e+01 -2.652032959263410650e-01 6.228439585631794229e-01 7.360248739758420422e-01
-2.346300125122070312e+00 -9.965220093727111816e-02 -1.039490032196044922e+01 1.047176753068109062e-01 -8.004011282189002485e-02 9.912758389155847949e-01
1.346049976348876953e+01 -4.017910003662109375e+01 -8.293649673461914062e+00 -2.827394300323184395e-01 6.100017620498713322e-01 7.402406804553854913e-01
-3.033189964294433594e+01 -2.315369987487792969e+01 -1.484519958496093750e+01 -9.752841833541260330e-01 -2.022183803427852200e-01 8.904205944842163989e-02
4.328870010375976562e+01 -1.717099952697753906e+01 -8.231610298156738281e+00 7.079077248295845282e-01 5.515647240537171481e-01 -4.411836446494225572e-01
2.052899932861328125e+01 -4.189830017089843750e+01 -1.031239986419677734e+01 4.441773257271856012e-01 -7.679665350110639332e-01 -4.614476182763824763e-01
9.348609924316406250e+00 -3.222280120849609375e+01 -9.920249938964843750e+00 -2.483292832773151965e-02 7.784876806352414302e-02 9.966558558407517809e-01
3.288970184326171875e+01 -4.150009918212890625e+01 6.649030208587646484e+00 6.031653866097772543e-01 -7.144236859783796856e-01 -3.546693013342758771e-01
8.962289810180664062e+00 -4.722230148315429688e+01 7.899069786071777344e+00 -1.367055448406262474e-01 9.808051864659818042e-01 1.390423684035116958e-01
3.827849960327148438e+01 -2.155039978027343750e+01 -5.629750251770019531e+00 -7.217536911930809707e-01 2.422016655453833045e-01 6.483902855967267342e-01
1.764209938049316406e+01 -4.913410186767578125e+01 3.567440032958984375e+00 5.421101856707385425e-01 -6.577672169733826957e-01 -5.229329162207406734e-01
1.521619987487792969e+01 -3.270149993896484375e+01 -1.502849960327148438e+01 -2.159378465072616868e-02 -1.845356421730381946e-01 -9.825885737338098114e-01
1.180640029907226562e+01 -4.812630081176757812e+01 -3.860599994659423828e+00 2.063934589311078871e-01 -9.305623423563997854e-01 -3.024160496710182611e-01
4.590049743652343750e+00 -2.786809921264648438e+01 -1.821750068664550781e+01 1.797687594664085786e-01 -4.647748315977369149e-01 -8.669876291119750222e-01
1.489900016784667969e+01 -2.843759918212890625e+01 -1.013319969177246094e+01 -6.254004741251094346e-02 2.575862738314944056e-01 9.642292538619886555e-01
3.536940002441406250e+01 -3.400820159912109375e+01 -4.721710205078125000e+00 5.536575346326433333e-01 -7.514215586773107525e-01 -3.589275351647796541e-01
2.842020034790039062e+01 -4.155020141601562500e+01 1.496000003814697266e+01 -5.402747892113843875e-01 8.033156278790385407e-01 2.505736501468185384e-01
3.521390151977539062e+01 -4.298870086669921875e+01 1.765010070800781250e+01 5.457407216428369345e-01 -8.195894998042354551e-01 -1.744709619145798085e-01
3.729529953002929688e+01 -2.893009948730468750e+01 1.929359912872314453e+00 -8.238954489283371041e-01 5.639804103120880097e-01 5.587831439281913670e-02
3.536999893188476562e+01 -2.742620086669921875e+01 -4.665649890899658203e+00 -6.227390962937324748e-01 5.372498409544733677e-01 5.688221394615881055e-01
2.420039939880371094e+01 -1.227890014648437500e+01 -1.017249965667724609e+01 -9.216618512057121737e-02 7.899330599764758237e-03 9.957123052852143719e-01
4.116310119628906250e+01 -2.320289993286132812e+01 1.920109987258911133e+00 -7.292822604765125671e-01 5.526200242318137779e-01 4.034333815790377975e-01
2.867869949340820312e+01 -7.068019866943359375e+00 -1.625659942626953125e+01 3.898168780824022295e-01 -7.347177761667343654e-02 -9.179568069663929242e-01
4.068619918823242188e+01 -3.763240051269531250e+01 1.682449913024902344e+01 7.003306754658991107e-01 -7.050527884962238812e-01 -1.115235869006035718e-01
3.087770080566406250e+01 -3.546070098876953125e+01 5.034450292587280273e-01 -6.541978705128491667e-01 6.291606012235130274e-01 4.197404961217357511e-01
3.145629882812500000e+00 -1.765119934082031250e+01 -1.789609909057617188e+01 1.026462632252065493e-02 2.915763750222109818e-02 -9.995221206265262337e-01
2.133189964294433594e+01 8.053420066833496094e+00 -1.418869972229003906e+01 5.501616863275009539e-01 7.985596503607547136e-01 2.441814974828964147e-01
1.937190055847167969e+00 -5.065110015869140625e+01 -2.177329957485198975e-01 2.558452610722375398e-02 -9.603481160955975593e-01 -2.776273184243681080e-01
-1.682279968261718750e+01 4.289150238037109375e+00 -1.161680030822753906e+01 4.599139856064633075e-02 9.968723702726459690e-01 6.426716615374102048e-02
1.356840038299560547e+01 -5.357009887695312500e+01 1.722660064697265625e+01 2.658253833675456312e-01 -9.621464351132024140e-01 -6.009245340684288977e-02
-3.188359975814819336e+00 -1.513099956512451172e+01 -1.781139945983886719e+01 3.883347631028609415e-02 1.710284854737047500e-01 -9.845004917592623528e-01
3.322529983520507812e+01 -4.100049972534179688e+01 1.970240020751953125e+01 -4.152261648750333323e-01 5.293216366403322715e-01 7.398687971441773037e-01
-2.986199951171875000e+01 -1.389459991455078125e+01 -1.836000061035156250e+01 -2.245315411817317697e-01 -1.625890258385447595e-01 -9.608071584305715174e-01
9.428420066833496094e+00 -4.554610061645507812e+01 1.245900034904479980e+00 -4.207216220578650218e-02 9.707989681091233614e-01 2.361764100954861501e-01
-2.040920019149780273e+00 -4.622019958496093750e+01 -3.634949922561645508e+00 -6.192062004485566762e-01 -1.066965530257458217e-01 7.779457094800936723e-01
-1.278359985351562500e+01 -1.754299926757812500e+01 -1.901899909973144531e+01 6.794321931417267313e-02 1.081522988489278109e-01 -9.918098604081925229e-01
2.497519969940185547e+00 -4.350209808349609375e+01 -6.550149917602539062e+00 -1.339090311362064190e-01 7.027510603668787326e-01 6.987197711052622884e-01
4.300829887390136719e+00 -4.675910186767578125e+01 -1.098069953918457031e+01 3.674925171391785761e-01 -9.287109238445355741e-01 4.944966914489802579e-02
7.366219758987426758e-01 -3.776789855957031250e+01 -1.520709991455078125e+01 1.517865576276231365e-01 -3.189001117546276798e-01 -9.355552146433914196e-01
2.605039978027343750e+01 -1.683889961242675781e+01 -9.699290275573730469e+00 -2.200365673109823672e-01 6.832936852176910159e-02 9.730955792949713690e-01
-1.572589969635009766e+01 -3.871009826660156250e+01 -1.503530025482177734e+01 -1.150507154444333768e-01 -3.889682930618689194e-01 -9.140388393652973953e-01
1.041059970855712891e+01 5.365109920501708984e+00 -1.784569931030273438e+01 -1.236685477511292736e-01 1.179636423416758617e-01 -9.852870999777738614e-01
1.782880020141601562e+01 -5.082020187377929688e+01 1.003909969329833984e+01 2.595798549875698025e-01 -9.209685547846164777e-01 -2.905773906940574136e-01
-2.903619956970214844e+01 -9.190750122070312500e-01 -2.011260032653808594e+01 -3.865709470384843804e-01 3.528928483570525389e-03 -9.222529206077513253e-01
4.007099914550781250e+01 -2.655159950256347656e+01 4.971570014953613281e+00 -8.972863279787098856e-01 4.022866856355288845e-01 1.817764236166626579e-01
1.765360069274902344e+01 -4.916260147094726562e+01 1.967399978637695312e+01 -8.494009200577487539e-02 6.467139491499922510e-01 7.579882906383659247e-01
-1.489990043640136719e+01 -3.281900024414062500e+01 -1.105440044403076172e+01 -5.636129798853433542e-02 1.177020159758676993e-01 9.914482535787050299e-01
4.255730152130126953e+00 -2.088459968566894531e+01 -1.147729969024658203e+01 -3.901853673616280209e-03 -8.578981805953167505e-02 9.963056170950870261e-01
3.112439918518066406e+01 -3.174379920959472656e+01 -5.099870204925537109e+00 -6.570588389711990995e-01 5.317667281752185282e-01 5.343199686850970132e-01
8.782150268554687500e+00 -1.911569976806640625e+01 -1.163720035552978516e+01 -2.219327073893955296e-02 -3.012640229659851662e-02 9.992996840880976617e-01
-1.997139930725097656e+01 -1.955960083007812500e+01 -1.930960083007812500e+01 -1.597120926194191548e-01 -4.086128068122227980e-02 -9.863175975375358950e-01
-3.411349868774414062e+01 -1.106620025634765625e+01 -1.794599914550781250e+01 -1.027244788794257208e-01 -9.773808576035511453e-02 -9.898964329821842156e-01
2.416710090637207031e+01 -2.867140007019042969e+01 -1.458349990844726562e+01 1.852652302180471111e-01 -1.727129784978590765e-01 -9.673918655491435814e-01
1.444139957427978516e+01 -1.820149993896484375e+01 -1.118729972839355469e+01 -1.680071357827805090e-01 1.239728639266798604e-01 9.779592687509450766e-01
2.213360023498535156e+01 -2.709189987182617188e+01 -9.639229774475097656e+00 -1.332585037294433394e-01 2.892637387395322404e-02 9.906590917557331899e-01
-1.915309906005859375e+01 -2.827330017089843750e+01 -1.714039993286132812e+01 -1.710228092268008607e-02 -4.921126982910628556e-01 -8.703634896799904430e-01
-1.820429992675781250e+01 -1.643040084838867188e+01 -1.163450050354003906e+01 6.806293722613711294e-02 1.609836267610396388e-01 9.846073879933123774e-01
1.063599967956542969e+01 7.588920116424560547e+00 -1.520820045471191406e+01 -4.836176959988024437e-01 8.728270652523061335e-01 6.547395115507022301e-02
-6.386759757995605469e+00 -4.604489898681640625e+01 -8.774200439453125000e+00 -5.920117051391601271e-01 -4.460234815231882144e-01 6.712564300683893093e-01
1.040349960327148438e+01 -2.346579933166503906e+01 -1.084549999237060547e+01 2.410666707664076841e-02 1.471688954859795007e-01 9.888175690206422175e-01
3.906809997558593750e+01 -1.855839920043945312e+01 -1.217259979248046875e+01 4.378207181613291143e-01 -2.152733241734617886e-01 -8.729091674670427237e-01
3.951210021972656250e+01 -2.397380065917968750e+01 -9.559040069580078125e+00 7.595696626826092812e-01 -4.689997001273960575e-01 -4.506586388971587365e-01
1.577350044250488281e+01 -7.880650043487548828e+00 -1.819140052795410156e+01 -1.251182040266553830e-01 1.108683344197674246e-02 -9.920798945374177391e-01
-6.545140266418457031e+00 -3.454600143432617188e+01 -1.616740036010742188e+01 -3.384473064304301115e-02 -2.140429246237802452e-01 -9.762377582465240344e-01
1.794879913330078125e+01 -4.771649932861328125e+01 5.435360074043273926e-01 3.747540174813824843e-01 -8.698722453878786620e-01 -3.207517779925996293e-01
-7.578229904174804688e+00 3.887030124664306641e+00 -1.079209995269775391e+01 -2.429393354038949723e-02 4.576848153642391059e-01 8.887825462834750834e-01
1.640139961242675781e+01 -1.412600040435791016e+01 -1.853359985351562500e+01 -6.578756807453758904e-02 1.176732875601064071e-01 -9.908708257293856736e-01
-1.313669967651367188e+01 4.205900192260742188e+00 -1.751219940185546875e+01 1.703394939025952848e-01 1.599374963223365032e-01 -9.723191112423690274e-01
1.484109973907470703e+01 9.043880462646484375e+00 -1.519229984283447266e+01 -1.681879741463359057e-01 9.801560788253161904e-01 1.049136144374604729e-01
-3.180459976196289062e+01 -3.343780040740966797e+00 -1.234290027618408203e+01 -3.804862810631327863e-02 7.834265991727842882e-02 9.962001453203633838e-01
5.656159877777099609e+00 -6.541090011596679688e+00 -1.704529953002929688e+01 -1.178286676739760397e-01 -1.987594655283897796e-02 -9.928350073515762597e-01
1.668859958648681641e+00 -4.893650054931640625e+01 -5.145880222320556641e+00 2.321223942038832047e-02 -9.872755575689416974e-01 -1.573154962742895624e-01
-2.064680099487304688e+00 -2.559320068359375000e+01 -1.123359966278076172e+01 7.304275926676428131e-03 1.166779880060881402e-01 9.931429376822040744e-01
3.188829994201660156e+01 -3.339530181884765625e+01 -1.045720005035400391e+01 6.204260450654351944e-01 -6.677498805293220485e-01 -4.113169333464631316e-01
9.180390357971191406e+00 -3.724499940872192383e-01 -1.159350013732910156e+01 1.257649258566219119e-01 -1.398565638293126911e-02 9.919614835465221381e-01
-5.446690082550048828e+00 -2.096360015869140625e+01 -1.157859992980957031e+01 -7.768983838139500997e-02 -2.918845733836293241e-02 9.965502109630399730e-01
3.186020088195800781e+01 -7.241590023040771484e+00 -1.074440002441406250e+01 6.739838315119055512e-01 6.987156796083805466e-01 2.398795404571436585e-01
7.929389953613281250e+00 -1.918230056762695312e+01 -1.831360054016113281e+01 -9.435493766082339584e-02 1.352156851467894993e-01 -9.863132688093101397e-01
-2.288649940490722656e+01 -2.958950042724609375e+01 -1.630310058593750000e+01 -3.800223501220086758e-02 -2.075719670045702847e-01 -9.774813085926149503e-01
2.056229972839355469e+01 -9.366419792175292969e+00 -1.106070041656494141e+01 -2.150618423782590105e-01 9.193401308347969036e-02 9.722636171282125206e-01
-7.004169940948486328e+00 -2.028350067138671875e+01 -1.890830039978027344e+01 -1.534000491177409976e-02 1.564463048496267106e-01 -9.875673333743905102e-01
4.265980148315429688e+01 -1.695849990844726562e+01 -2.891639947891235352e+00 3.479735321364147982e-01 7.314795303472073629e-01 5.863890497063671825e-01
-3.180550003051757812e+01 2.431159973144531250e+00 -1.859350013732910156e+01 -2.645136038040083459e-01 1.802564187759855552e-01 -9.473859703904594642e-01
-1.183679962158203125e+01 -6.104030132293701172e+00 -1.121329975128173828e+01 -7.333578259567780089e-02 -9.541592167461510066e-02 9.927324236077228470e-01
2.682480049133300781e+01 -1.900810050964355469e+01 -1.567370033264160156e+01 -2.403107583029200911e-01 -8.580260044559588628e-02 -9.668964025171719046e-01
-1.042490005493164062e+01 -3.142410087585449219e+01 -1.058059978485107422e+01 -4.052690938005588939e-02 1.258453531525007274e-01 9.912217293350782388e-01
5.787010192871093750e+00 -4.851509857177734375e+01 -5.684569835662841797e+00 7.907991361809769970e-02 -8.961738050874998862e-01 -4.365992193501338492e-01
2.141979980468750000e+01 -5.217730045318603516e+00 -1.875060081481933594e+01 -8.234351047775777255e-02 -1.042894238395857126e-01 -9.911323132445064577e-01
-2.273480033874511719e+01 -3.344599914550781250e+01 -1.566499996185302734e+01 -1.821000191548232394e-01 -3.765646059943080770e-01 -9.083163989140372596e-01
3.279320144653320312e+01 -1.943670082092285156e+01 -1.389480018615722656e+01 2.799606049503041150e-01 -9.516478184238777449e-02 -9.552830596073346170e-01
3.483169937133789062e+01 -3.631880187988281250e+01 1.490480041503906250e+01 -6.443301730843186137e-01 7.121384581916617718e-01 2.787426132071215701e-01
-1.308390045166015625e+01 -1.669810056686401367e+00 -1.777540016174316406e+01 1.143762476632874392e-01 -3.037283094127320084e-03 -9.934328607821831802e-01
-3.212870025634765625e+01 -9.642330169677734375e+00 -1.231439971923828125e+01 -1.659939066332475344e-01 4.013937478292659011e-02 9.853095216999928629e-01
1.460120010375976562e+01 -4.671089935302734375e+01 1.084370040893554688e+01 -2.589632854314102284e-01 9.289488107257439786e-01 2.645602461629410485e-01
1.038099956512451172e+01 -4.819770050048828125e+01 1.326640033721923828e+01 7.241977823459935792e-02 9.640511491813211764e-01 2.556575003449448880e-01
-1.100370025634765625e+01 4.329150199890136719e+00 -1.365340042114257812e+01 9.116210335555741118e-02 9.671622789909521956e-01 -2.372479652364131164e-01
3.027060031890869141e+00 -7.773929834365844727e-01 -1.682620048522949219e+01 -7.815442879946642163e-02 -1.034546779275650197e-01 -9.915588811936145719e-01
-2.483830070495605469e+01 -4.926980018615722656e+00 -1.996809959411621094e+01 8.625591619608941052e-02 -1.129438323667619065e-01 -9.898502955757916277e-01
3.125239944458007812e+01 -3.643579864501953125e+01 -7.430540084838867188e+00 5.438140951879236740e-01 -7.395322502522785335e-01 -3.966841069563301625e-01
4.212969970703125000e+01 -2.868490028381347656e+01 3.193089962005615234e-01 7.801104371863303300e-01 -5.530614835483527170e-01 -2.924905147320984722e-01
2.445840072631835938e+01 -4.378900146484375000e+01 1.428800010681152344e+01 -3.642729221737029399e-01 8.756904808261287698e-01 3.169722700198469578e-01
7.847689986228942871e-01 -2.109239959716796875e+01 -1.152149963378906250e+01 -2.617264525947845394e-02 -3.829879644098358599e-02 9.989235180089083288e-01
3.887820053100585938e+01 -1.741180038452148438e+01 -6.906189918518066406e+00 -6.890518544410551005e-01 1.761997979404218984e-01 7.029659828875773897e-01
2.305820083618164062e+01 -4.888819885253906250e+01 1.030010032653808594e+01 4.407026823496639212e-01 -8.305338403655028179e-01 -3.405799256819766474e-01
-2.223390007019042969e+01 -2.328310012817382812e+01 -1.795949935913085938e+01 -3.154503085998945355e-01 -2.560007110373108685e-01 -9.137585779365481331e-01
-1.425389957427978516e+01 -2.662820053100585938e+01 -1.108530044555664062e+01 7.567296603105148900e-02 1.827469754390836920e-01 9.802434111892466273e-01
-1.391230010986328125e+01 3.143559932708740234e+00 -1.097789955139160156e+01 -6.989003427816140035e-02 5.316548852537653774e-02 9.961369453737048962e-01
-3.451910018920898438e+01 -8.189359664916992188e+00 -1.479529953002929688e+01 -9.338291264435848449e-01 -2.004715355960374201e-01 2.962673218925395702e-01
2.381010055541992188e+01 -2.410460090637207031e+01 -9.604650497436523438e+00 -1.354508042902758530e-02 -1.005012109405345466e-01 9.948447302949628979e-01
1.213309955596923828e+01 -5.038380050659179688e+01 1.974780082702636719e+00 3.986183509176896567e-01 -9.122767183234907762e-01 -9.409888159050544543e-02
-5.907780170440673828e+00 -4.009820175170898438e+01 -9.612319946289062500e+00 -4.804979508719385561e-02 2.321561542312954585e-01 9.714909867027143875e-01
2.161700057983398438e+01 -4.265280151367187500e+01 4.510479927062988281e+00 -6.104972254327527548e-01 7.919476148704944762e-01 1.058834452810361940e-02
-1.231690025329589844e+01 -3.750999832153320312e+01 -1.030350017547607422e+01 9.356193833190763753e-02 8.678688155543026750e-02 9.918236742916858306e-01
5.388969898223876953e+00 -3.318109893798828125e+01 -1.634329986572265625e+01 -2.658976981256119254e-01 -8.123252032784912535e-02 -9.605725853743103393e-01
1.138399982452392578e+01 -4.061809921264648438e+01 -1.453960037231445312e+01 8.748137044446557820e-02 -5.659333337749099420e-03 -9.961500799434442888e-01
1.423149967193603516e+01 -4.474129867553710938e+01 -9.488860130310058594e+00 2.556455134905723514e-01 -7.998827026010280061e-01 -5.429852976939771869e-01
1.647719955444335938e+01 -1.063080024719238281e+01 -1.151290035247802734e+01 1.002649671895128602e-01 -2.513677226435938328e-02 9.946431918203711975e-01
2.311879920959472656e+01 -4.029290008544921875e+01 -1.291550040245056152e+00 -2.983827055701775977e-01 9.347536363869151099e-01 1.928818298286795463e-01
3.627099990844726562e+00 -3.542990112304687500e+01 -1.006480026245117188e+01 -7.438108258494184610e-02 3.508880807337692864e-02 9.966123770561359230e-01
-2.655260086059570312e+01 -1.957270050048828125e+01 -1.795759963989257812e+01 -2.650175885182403102e-01 -1.751984462292976441e-01 -9.481936417287434304e-01
3.134359931945800781e+01 -3.794720077514648438e+01 1.031280040740966797e+01 -5.131386073697115080e-01 7.959966003655617461e-01 3.210579104042466936e-01
3.452880096435546875e+01 -3.339759826660156250e+01 4.555850028991699219e+00 -6.590392641262206030e-01 6.430168385840561163e-01 3.901238183414792449e-01
3.351890182495117188e+01 -8.878700256347656250e+00 -1.397840023040771484e+01 6.828553368008775104e-01 7.257988193527465937e-01 -8.321455899492243014e-02
1.477079963684082031e+01 -5.028919982910156250e+01 4.228849887847900391e+00 2.979260547688102334e-01 -8.659263873685907331e-01 -4.017605724167982451e-01
-1.092510032653808594e+01 -3.166699981689453125e+01 -1.689539909362792969e+01 -2.236482884751798128e-01 -3.553794716158646949e-01 -9.075719664115631247e-01
-1.323460006713867188e+01 -4.063349914550781250e+01 -1.460569953918457031e+01 -8.274816748201177519e-02 -3.395577774279612826e-01 -9.369382351929885777e-01
-1.753199958801269531e+01 4.848889827728271484e+00 -1.478299999237060547e+01 -1.287645568465732582e-01 9.815182037154801531e-01 1.415687277446640024e-01
2.624460029602050781e+01 -6.670629978179931641e+00 -1.015289974212646484e+01 2.328330141759078851e-03 -1.782283417597641320e-02 9.998384496810905908e-01
2.359230041503906250e+01 5.764490127563476562e+00 -1.466709995269775391e+01 7.138197362395208856e-01 6.592516272987638537e-01 -2.363232448551612630e-01
1.796240043640136719e+01 -3.628850173950195312e+01 -8.942130088806152344e+00 -6.326297442161307738e-02 -1.971603793257614701e-02 9.978021216231059975e-01
3.756169891357421875e+01 -3.116500091552734375e+01 8.129910469055175781e+00 -7.113134932038426284e-01 6.380724225437691688e-01 2.947824587306251409e-01
3.254980087280273438e+01 -4.001660156250000000e+01 1.752290010452270508e+00 6.795162898483877445e-01 -7.332117301408433985e-01 2.565483608509144114e-02
1.205980032682418823e-01 -2.977149963378906250e+00 -1.086380004882812500e+01 1.035430471509243139e-01 -7.775805793463748047e-03 9.945945778210154575e-01
2.255150032043457031e+01 -5.074869918823242188e+01 1.797590065002441406e+01 3.815094205187542498e-01 -9.169928255326086353e-01 -1.165106002781163275e-01
-3.706540107727050781e+00 -4.730440139770507812e+00 -1.689100074768066406e+01 3.265655287296247156e-02 3.648568688674737326e-02 -9.988004526465021904e-01
-1.836310005187988281e+01 3.169300079345703125e+00 -1.832889938354492188e+01 1.811232376951266432e-01 1.219827440229921262e-01 -9.758660681299743400e-01
3.552569961547851562e+01 -3.401689910888671875e+01 1.070650005340576172e+01 -3.868036024617985680e-01 7.642029578103292087e-01 5.161170529991421230e-01
3.447079896926879883e+00 -2.170370101928710938e+00 -1.104329967498779297e+01 1.120317426387928000e-01 1.548068024344922793e-02 9.935840362951267046e-01
3.033629989624023438e+01 -1.313259983062744141e+01 -1.523060035705566406e+01 1.605481593500227844e-01 -2.172487081366072381e-01 -9.628225627509436890e-01
1.808959960937500000e+01 -5.150970077514648438e+01 1.329609966278076172e+01 2.766527778054957976e-01 -9.225740640111258495e-01 -2.689244074949276864e-01
9.633749961853027344e+00 -1.620630073547363281e+01 -1.808359909057617188e+01 -1.590905964267547157e-01 1.608841571793851732e-01 -9.740669741333284337e-01
-4.038010120391845703e+00 -9.685950279235839844e+00 -1.722839927673339844e+01 1.526392721743745871e-02 1.987197401696429166e-02 -9.996860092922027485e-01
1.388879966735839844e+01 -4.850410079956054688e+01 -1.556669950485229492e+00 3.669255041791205652e-01 -8.897136394042164387e-01 -2.716161155767493618e-01
-9.745499610900878906e+00 -4.312599945068359375e+01 -1.104810047149658203e+01 -8.261575161661903755e-01 -2.936995558589522784e-02 5.626732303842022498e-01
-3.225000000000000000e+01 -3.914139986038208008e+00 -1.873539924621582031e+01 -2.592176488630464348e-01 -5.741511934825823445e-04 -9.658187619156719528e-01
-2.263969993591308594e+01 3.166039943695068359e+00 -1.178289985656738281e+01 -4.457521322645393441e-02 -2.932780341157746259e-02 9.985754504857747849e-01
9.424130439758300781e+00 -3.328129959106445312e+01 -1.619700050354003906e+01 -3.936102891407682325e-01 3.296158938824563234e-01 -8.581516781913266501e-01
-2.737969970703125000e+01 -2.160810089111328125e+01 -1.177439975738525391e+01 -1.778433413924123685e-01 -9.225918465477103703e-02 9.797244453259389418e-01
-1.389440059661865234e+00 -3.078400039672851562e+01 -1.059879970550537109e+01 1.020649180230148549e-02 1.825629484715789175e-01 9.831411889298775630e-01
4.237239837646484375e+01 -3.205149841308593750e+01 1.426860046386718750e+01 5.955076032377050188e-01 4.765806462391286580e-01 6.467159980365251304e-01
-5.329360008239746094e+00 -4.531869888305664062e+01 -1.306690025329589844e+01 1.591210849411981527e-03 -7.195267243534516632e-01 -6.944629298884317237e-01
1.158489990234375000e+01 -1.104220008850097656e+01 -1.141860008239746094e+01 -3.154879501865622687e-02 4.260785795376943047e-02 9.985936330527359628e-01
3.955279922485351562e+01 -2.943759918212890625e+01 1.054500007629394531e+01 -7.076855109385752352e-01 6.517512301962723464e-01 2.727664780453296633e-01
-1.576270008087158203e+01 -3.078610038757324219e+01 -1.669840049743652344e+01 -8.993816491167921923e-02 -2.518525282557023681e-01 -9.635774128234484426e-01
-2.327149963378906250e+01 6.197120189666748047e+00 -1.878210067749023438e+01 4.294144435459724685e-01 6.967917303577056964e-01 -5.745298253173782843e-01
1.305930042266845703e+01 -2.700790023803710938e+01 -1.684440040588378906e+01 2.082860690856211394e-01 -2.956336308561060000e-01 -9.323184379447269077e-01
1.429699993133544922e+01 -1.928660011291503906e+01 -1.885569953918457031e+01 -4.854904369408474113e-02 3.584481189582205268e-02 -9.981774089892753166e-01
3.825949859619140625e+01 -2.577840042114257812e+01 -1.531690001487731934e+00 -5.398599736501517032e-01 7.071337581117221882e-01 4.566322995466373103e-01
-2.808779954910278320e+00 -1.212279987335205078e+01 -1.135239982604980469e+01 -9.436756917594957272e-02 -2.672750409707649877e-02 9.951785781519632001e-01
-9.204839706420898438e+00 -2.280509948730468750e+01 -1.922739982604980469e+01 1.387079117276593943e-01 4.334582063401373753e-02 -9.893842807815960150e-01
-1.651729965209960938e+01 -2.115190029144287109e+00 -1.119200038909912109e+01 -2.668953705448857128e-01 -2.376327959871791518e-01 9.339686908312418989e-01
-3.469319915771484375e+01 5.665750026702880859e+00 -1.603820037841796875e+01 -2.266429153879345390e-02 9.652016186950704846e-01 2.605228687801902643e-01
1.694000005722045898e+00 3.050430059432983398e+00 -1.069630050659179688e+01 6.324852552237937575e-02 -2.481447744270093292e-02 9.976892631117620924e-01
2.669540023803710938e+01 -1.056490039825439453e+01 -9.975810050964355469e+00 -2.130023989695139508e-01 7.664284660102756164e-02 9.740409909742624439e-01
2.885219955444335938e+01 -2.153330039978027344e+01 -9.240409851074218750e+00 -7.600036957908733572e-04 -8.461164589503523958e-02 9.964137151672068926e-01
9.569810032844543457e-01 -1.066329956054687500e+01 -1.714049911499023438e+01 -1.371764474036267847e-02 9.508574399945013411e-02 -9.953745664376040247e-01
1.112430000305175781e+01 -4.362379837036132812e+01 -4.008629798889160156e+00 -3.003320369560896763e-01 8.305791878004566975e-01 4.689764177125961830e-01
-1.555690002441406250e+01 -1.192510032653808594e+01 -1.876749992370605469e+01 1.245329856421012182e-01 1.019696660262287974e-01 -9.869618648648810222e-01
-1.534340000152587891e+01 -3.576660156250000000e+01 -1.563059997558593750e+01 -3.868987877782805590e-02 -1.612527898453084418e-01 -9.861544661194117101e-01
3.567940139770507812e+01 -2.866889953613281250e+01 -1.081509971618652344e+01 6.546695508039636069e-01 -5.526827619429919292e-01 -5.157029609195611375e-01
6.751959800720214844e+00 3.902480125427246094e+00 -1.734720039367675781e+01 -6.164034053112796285e-02 7.294292787002927200e-03 -9.980717718240226244e-01
-1.283230018615722656e+01 -2.173640060424804688e+01 -1.934160041809082031e+01 3.810437403922654204e-02 4.882664315132039662e-02 -9.980801649154503741e-01
4.694990158081054688e+00 -7.139220237731933594e+00 -1.134399986267089844e+01 3.976910255725757404e-02 -3.913503714104790698e-02 9.984422203361389414e-01
2.525409936904907227e+00 -3.017440032958984375e+01 -1.037730026245117188e+01 1.756846310011307699e-01 4.011769014691543012e-01 8.989949967366921424e-01
4.051310062408447266e+00 -4.577439880371093750e+01 -1.805060029029846191e+00 -7.265692499327228160e-02 9.024413570406066842e-01 4.246416940824703223e-01
-1.790290069580078125e+01 -2.563540077209472656e+01 -1.821660041809082031e+01 -2.759034646859642378e-02 -1.989695201933696367e-01 -9.796172226006253370e-01
1.077060031890869141e+01 -1.392029953002929688e+01 -1.137989997863769531e+01 1.735738570666169045e-02 -4.406368185200438409e-02 9.988779270276602062e-01
2.984670066833496094e+01 -1.551239967346191406e+01 -9.225839614868164062e+00 -7.135724438615471954e-02 2.952509910486420322e-02 9.970137472454745353e-01
-8.795470237731933594e+00 -3.490169906616210938e+01 -1.067729949951171875e+01 -6.286365392955402254e-02 2.238534127983964409e-02 9.977710446341937489e-01
2.674769878387451172e+00 -2.245170021057128906e+01 -1.864259910583496094e+01 -6.785127042629320038e-02 2.905646755917866142e-01 -9.544466325571995258e-01
5.973399877548217773e-01 -5.704470157623291016e+00 -1.680190086364746094e+01 6.923792769601039808e-03 5.510732375015615914e-02 -9.984564306782640619e-01
2.951269912719726562e+01 -5.427130222320556641e+00 -1.041779994964599609e+01 1.952567677345165564e-01 1.933562741459275702e-01 9.615030659869336915e-01
4.370190048217773438e+01 -3.089399909973144531e+01 9.094149589538574219e+00 9.192461159167072404e-01 -2.900378241218627973e-01 -2.662041302284827715e-01
6.261759757995605469e+00 -9.972640037536621094e+00 -1.137409973144531250e+01 1.252379031959885251e-02 1.135909824317999847e-02 9.998570525645815721e-01
3.320849990844726562e+01 -3.290380096435546875e+01 -7.222279906272888184e-01 -6.831956717916815025e-01 7.201501507574249450e-01 1.209439308488492182e-01
4.121409988403320312e+01 -2.067760086059570312e+01 -2.119659900665283203e+00 -7.590539727908542922e-01 3.501349462893946773e-01 5.488557057891845226e-01
1.193760013580322266e+01 -4.629150009155273438e+01 5.421269893646240234e+00 -2.396129061193705556e-01 9.694098131131765328e-01 -5.320027688749305594e-02
3.563430023193359375e+01 -1.522780036926269531e+01 -1.364169979095458984e+01 -3.734332448739842436e-02 -1.277666087344403179e-01 -9.911009887033355170e-01
2.122940063476562500e+01 -2.456769943237304688e+01 -1.586800003051757812e+01 1.895503073258680560e-01 -2.433520271596569251e-01 -9.512362860351547544e-01
-2.789080047607421875e+01 -8.904660224914550781e+00 -1.212220001220703125e+01 -3.554711433326596115e-02 -7.980863189538660307e-03 9.993361338835535790e-01
1.994099998474121094e+01 -1.534669971466064453e+01 -1.049219989776611328e+01 -3.237555866458555753e-01 6.025064019706624641e-02 9.442204088407757379e-01
-4.251029968261718750e+00 -1.772159957885742188e+01 -1.143229961395263672e+01 -4.035987742373402243e-02 2.565351735806184214e-03 9.991819150008733885e-01
-4.947249889373779297e+00 -3.701649856567382812e+01 -1.544769954681396484e+01 4.005029509164891033e-02 -2.559242593113768005e-01 -9.658668372808929536e-01
-2.133889913558959961e+00 -1.802630043029785156e+01 -1.794659996032714844e+01 6.127886750650447800e-02 9.754111296721151847e-02 -9.933431590735589678e-01
-1.804969978332519531e+01 -1.370689964294433594e+01 -1.924080085754394531e+01 1.805571384561726334e-01 4.399775576589010084e-02 -9.825799291864675267e-01
-5.957159996032714844e+00 -3.613690185546875000e+01 -1.043799972534179688e+01 -1.908857226243113395e-02 8.860497527955063513e-02 9.958839213305393789e-01
1.466359996795654297e+01 -3.560699844360351562e+01 -1.437959957122802734e+01 1.184273939721184749e-01 -1.663488982224964052e-01 -9.789295155511117397e-01
2.584530067443847656e+01 -3.583119869232177734e+00 -1.854299926757812500e+01 7.433677318318238081e-01 -1.735023910299913173e-03 -6.688807105629823724e-01
4.230759811401367188e+01 -2.527860069274902344e+01 -3.894999980926513672e+00 9.365707100248776840e-01 -2.862977419904523257e-01 -2.021605996594411370e-01
2.082410049438476562e+01 -1.013879966735839844e+01 -1.879080009460449219e+01 -1.383680790004970795e-01 5.022652834137485839e-02 -9.891064505726798739e-01
-6.939589977264404297e+00 -3.770989894866943359e+00 -1.718210029602050781e+01 8.180797521137063433e-02 -4.978033798866053627e-02 -9.954041255397481081e-01
7.495190143585205078e+00 -4.172909927368164062e+01 -8.388290405273437500e+00 -2.079833528010417987e-01 5.814269460222472041e-01 7.865657196934533468e-01
-5.358859896659851074e-02 -6.695030212402343750e+00 -1.120590019226074219e+01 -2.087721071154377550e-02 -9.293270102192888182e-02 9.954534922102963312e-01
1.650510025024414062e+01 -3.987549972534179688e+01 -1.337740039825439453e+01 1.253302360881736188e-01 -4.090139409845205964e-01 -9.038804832511838638e-01
-2.783200073242187500e+01 -1.870730018615722656e+01 -1.159930038452148438e+01 -1.830863387674121212e-01 -4.566291579507789772e-02 9.820357888986714912e-01
1.908410072326660156e+01 -4.113259887695312500e+01 -3.698600053787231445e+00 -3.290159869910427304e-01 8.150966106364608832e-01 4.768291052707077649e-01
2.431150054931640625e+01 1.091490030288696289e+00 -1.237240028381347656e+01 2.095402510765657367e-01 3.837544257253437952e-01 8.993472209969747277e-01
-3.210309982299804688e+01 -1.280910015106201172e+01 -1.252670001983642578e+01 -3.401363331453156058e-01 -5.590079291298533787e-02 9.387131490642699472e-01
1.686989974975585938e+01 -4.559109878540039062e+01 -6.068560123443603516e+00 3.990965108524824889e-01 -8.138368032042633260e-01 -4.223643365338028421e-01
9.010350227355957031e+00 -5.190150070190429688e+01 5.177309989929199219e+00 1.920849294428547335e-02 -9.856263455768038417e-01 -1.678443943172498454e-01
-1.879529953002929688e+01 -2.272410011291503906e+01 -1.139309978485107422e+01 1.077651586954701812e-02 5.269675027113789045e-02 9.985524118525649362e-01
2.233729934692382812e+01 -1.953229904174804688e+01 -1.665080070495605469e+01 2.444680190541354547e-01 -1.627736111742505709e-01 -9.558975568360036368e-01
2.426630020141601562e+01 -4.475639820098876953e+00 -1.051790046691894531e+01 -2.369802691499446334e-01 9.047844578078542699e-02 9.672920980152340809e-01
1.250440025329589844e+01 -2.159390068054199219e+01 -1.899399948120117188e+01 -4.490960298229523806e-02 -5.489208007034381519e-03 -9.989759737628468583e-01
-7.192059993743896484e+00 -1.440789985656738281e+01 -1.830310058593750000e+01 -2.519218778486750476e-03 1.972919572272724686e-01 -9.803415410713646194e-01
-1.688909912109375000e+01 -1.748170089721679688e+01 -1.942449951171875000e+01 6.714501095537117603e-02 9.098985510704320212e-02 -9.935856247809760067e-01
-1.707430076599121094e+01 -3.732130050659179688e+01 -1.272509956359863281e+01 -6.469554303182741828e-01 -4.597796470092772592e-01 6.083184588500675227e-01
-7.588689923286437988e-01 -3.607270050048828125e+01 -1.022259998321533203e+01 -5.531093868944075148e-02 3.940767622008223281e-02 9.976912022846677885e-01
3.433739852905273438e+01 -2.261949920654296875e+01 -8.368330001831054688e+00 -4.636451709331259607e-01 2.385439002626807969e-01 8.533053164711096317e-01
3.878089904785156250e+01 -2.653660011291503906e+01 -8.318639755249023438e+00 6.940077066348163681e-01 -5.318584746802220709e-01 -4.852626773638279434e-01
8.693369865417480469e+00 -5.423429870605468750e+01 1.546889972686767578e+01 -2.520976138479020801e-01 -9.440329731513927847e-01 -2.127170390333975036e-01
6.981629848480224609e+00 -3.055260086059570312e+01 -1.029769992828369141e+01 1.420723638380859931e-02 2.162115604276196590e-01 9.762431641613623645e-01
8.198300361633300781e+00 -5.038759994506835938e+01 -5.964660048484802246e-01 -5.586718280064859043e-02 -8.982684384134240752e-01 -4.358814866867227189e-01
2.276600074768066406e+01 -3.857709884643554688e+01 -1.279020023345947266e+01 2.083238492466401026e-01 -3.125070854164403444e-01 -9.267904269032911646e-01
1.935989952087402344e+01 -3.157850074768066406e+01 -9.593150138854980469e+00 -1.200453214665491708e-01 7.701390767388417713e-02 9.897767318030824546e-01
3.973170089721679688e+01 -1.438959980010986328e+01 -1.064830017089843750e+01 5.078127283496294275e-01 8.288266293649455552e-01 -2.348885935537285696e-01
3.568040084838867188e+01 -3.227510070800781250e+01 -7.021460056304931641e+00 6.687172972181192332e-01 -5.027638749926900408e-01 -5.477642397999600288e-01
1.445209980010986328e+01 -3.414739990234375000e+01 -9.643360137939453125e+00 -3.284979077641960732e-01 1.443744482015437425e-01 9.334051335304758279e-01
3.393540191650390625e+01 -1.257569980621337891e+01 -8.958880424499511719e+00 -3.188670788162622366e-02 -1.768700663551683872e-02 9.993349827043717104e-01
-1.465229988098144531e+01 -3.581069946289062500e+01 -1.048540019989013672e+01 -1.153884829971908166e-01 4.477710123679529697e-01 8.866716520079941377e-01
4.037089920043945312e+01 -3.721160125732421875e+01 1.393750000000000000e+01 7.242006695377907199e-01 -6.612409003250256934e-01 -1.956881753667432111e-01
-8.411580085754394531e+00 -1.082419967651367188e+01 -1.143120002746582031e+01 -4.473384605467297520e-02 -1.423075630671720784e-02 9.988975766274016399e-01
-1.679759979248046875e+01 -2.794079971313476562e+01 -1.082089996337890625e+01 -5.516484066614733839e-02 2.312623292268837713e-02 9.982094057386377006e-01
2.648839950561523438e+01 -1.330369949340820312e+00 -1.649629974365234375e+01 6.537992593462268465e-01 7.213291382138191654e-01 -2.285405934227750790e-01
1.616320037841796875e+01 -3.926250076293945312e+01 -7.823050022125244141e+00 -2.431520894083943063e-01 7.737320863012341343e-01 5.849920683601373961e-01
8.500200271606445312e+00 -5.319079971313476562e+01 1.014190006256103516e+01 1.610529141953956356e-01 -9.770703551800492548e-01 -1.392676554606385730e-01
-2.357949972152709961e+00 2.685330063104629517e-02 -1.677169990539550781e+01 3.349162980980445459e-02 3.537078299367658191e-02 -9.988129046238325426e-01
1.067280006408691406e+01 -1.030039978027343750e+01 -1.781209945678710938e+01 -6.948753855746941932e-02 1.152594927907610867e-01 -9.909019786572437205e-01
1.212349987030029297e+01 -5.380870056152343750e+01 1.971579933166503906e+01 1.553118921115504703e-01 -9.304327879404160617e-01 3.319232491015877140e-01
-2.646619987487792969e+01 9.779210090637207031e-01 -2.022030067443847656e+01 1.629668377871753004e-01 -1.346599488363029451e-01 -9.773988479433832754e-01
-3.291070175170898438e+01 -1.415559959411621094e+01 -1.498499965667724609e+01 -7.924333790140563050e-01 -5.124406938818510948e-01 3.308381403016463218e-01
2.072509956359863281e+01 -4.599700164794921875e+01 1.563930034637451172e+01 -4.135941400273763779e-01 8.180883227108930456e-01 3.995890183414614327e-01
2.082239913940429688e+01 -4.215190124511718750e+01 1.704149961471557617e+00 -3.608433558013338094e-01 8.860636826936008070e-01 2.910038191939857133e-01
1.864579963684082031e+01 -1.942880058288574219e+01 -1.813139915466308594e+01 4.046404701975812035e-01 -4.144965273813086548e-01 -8.151433730744035433e-01
1.766360092163085938e+01 -4.921160042285919189e-01 -1.839999961853027344e+01 -1.222858488350750117e-01 -4.367727680744742935e-02 -9.915333916038182593e-01
-2.188899993896484375e+00 -4.187540054321289062e+01 -1.447210025787353516e+01 -9.476604470117649948e-02 -2.895241931354783360e-01 -9.524679198592175267e-01
3.025519943237304688e+01 -3.730139923095703125e+01 4.454529762268066406e+00 -5.077765808705759776e-01 8.025484360854195920e-01 3.131755923698946176e-01
-2.808790016174316406e+01 -9.946590423583984375e+00 -1.932990074157714844e+01 -2.558390637513691113e-01 -2.562843744117122569e-01 -9.321291181436293094e-01
-3.048139953613281250e+01 -1.693470001220703125e+01 -1.777770042419433594e+01 -1.130828061803627327e-01 -2.292420384816152568e-01 -9.667783441612499695e-01
-2.123320007324218750e+01 3.149630069732666016e+00 -1.893729972839355469e+01 2.232242868654762125e-01 1.630994927075267165e-01 -9.610252198729994921e-01
2.402820014953613281e+01 -4.108179855346679688e+01 -8.402150154113769531e+00 4.194631104984246073e-01 -7.854602504852318257e-01 -4.550855895748220359e-01
-2.797509956359863281e+01 -2.846680068969726562e+01 -1.600620079040527344e+01 -8.788470800413415995e-01 -4.509809843888021308e-01 -1.557047257552413022e-01
2.789189910888671875e+01 -4.049229812622070312e+01 -4.667970180511474609e+00 6.041728740701348688e-01 -7.565370292893758286e-01 -2.502535944833548243e-01
4.625790119171142578e+00 -2.565810012817382812e+01 -1.108759975433349609e+01 -3.128583105814188026e-02 1.533521498431900110e-01 9.876762196759995005e-01
8.958609580993652344e+00 -5.028910064697265625e+01 1.824519920349121094e+01 -4.411997105520313323e-01 7.695361307048782518e-01 4.616892449998901693e-01
2.946109962463378906e+01 -4.548860168457031250e+01 1.125319957733154297e+01 4.980518146917020661e-01 -8.436475762025464897e-01 -2.005072493698698555e-01
-5.587890148162841797e+00 -3.977450180053710938e+01 -1.488269996643066406e+01 -3.602230639624247766e-03 -2.022397288988095343e-01 -9.793294215887496934e-01
1.992939949035644531e+01 -4.499219894409179688e+01 1.084409999847412109e+01 -3.329419000383588290e-01 9.182970383625204125e-01 2.141967332464974338e-01
2.800569915771484375e+01 -2.951269912719726562e+01 -8.724459648132324219e+00 -1.553280073420980900e-01 -8.762203020406066079e-02 9.839693033616707663e-01
2.582290077209472656e+01 -1.465559959411621094e+00 -1.183510017395019531e+01 1.637616322976093441e-01 6.225765005264582985e-01 7.652324018097059755e-01
-1.196010017395019531e+01 -7.243430137634277344e+00 -1.789850044250488281e+01 1.367897985192175203e-01 1.000044739546139122e-01 -9.855392717746629394e-01
-1.991850090026855469e+01 -3.413570022583007812e+01 -1.567249965667724609e+01 5.334371970088794962e-03 -1.201691517343700111e-01 -9.927390993846906264e-01
2.610779953002929688e+01 -3.955419921875000000e+01 2.732290029525756836e+00 -5.590192669042101103e-01 7.941950224282434689e-01 2.382262067449368304e-01
-1.929140090942382812e+01 -1.539080023765563965e+00 -1.161429977416992188e+01 -1.502518763636433996e-01 -7.075976377156804886e-02 9.861122803617224930e-01
1.991169929504394531e+01 -2.141379928588867188e+01 -1.028129959106445312e+01 -1.331033926555395541e-01 4.740800875353420180e-02 9.899676598604675304e-01
-1.515180015563964844e+01 -2.069009971618652344e+01 -1.149429988861083984e+01 -1.370416600145090216e-02 1.711925847291139238e-02 9.997595344999427036e-01
1.120209980010986328e+01 -4.190520095825195312e+01 -7.107240200042724609e+00 -9.317200136412456812e-02 7.701644756540583225e-01 6.310036914331904612e-01
-3.378939819335937500e+01 2.298949956893920898e+00 -1.259980010986328125e+01 -3.038268099419383361e-01 5.572303446017988493e-02 9.510963216157736211e-01
2.068169975280761719e+01 4.050960063934326172e+00 -1.857620048522949219e+01 -1.205820282835442792e-01 2.111840719335162930e-01 -9.699800318648863495e-01
-1.327499961853027344e+01 -2.673730087280273438e+01 -1.869799995422363281e+01 -8.398573791116527298e-02 -4.351285895664594450e-01 -8.964426955301832978e-01
-2.573209953308105469e+01 5.808340072631835938e+00 -1.454440021514892578e+01 1.556560227265667007e-01 9.248911720757050370e-01 3.469114042596107561e-01
3.643930053710937500e+01 -2.427949905395507812e+01 -1.272999954223632812e+01 1.983391077465653518e-01 -3.984687377722943569e-01 -8.954799067295987625e-01
-1.030900001525878906e+00 -3.899290084838867188e+01 -9.537320137023925781e+00 -9.419378010884600638e-02 3.802741376929176798e-01 9.200647325002270227e-01
-1.629310035705566406e+01 -1.161989974975585938e+01 -1.168739986419677734e+01 -1.000696890297104874e-01 -1.247818110696571337e-01 9.871248943085536576e-01
4.255970001220703125e+01 -2.074600028991699219e+01 1.769789934158325195e+00 -6.785432091726523174e-01 6.811224267826100354e-01 2.750479104073440539e-01
1.182320022583007812e+01 -3.797389984130859375e+01 -9.227140426635742188e+00 -2.867212508773894428e-02 1.490348049515429485e-01 9.884161755839533381e-01
4.080329895019531250e+01 -3.313159942626953125e+01 5.737390041351318359e+00 6.660282396475045719e-01 -6.175098277453046069e-01 -4.184351761384438873e-01
-2.634009933471679688e+01 -1.416499996185302734e+01 -1.929409980773925781e+01 -2.469043316093048890e-01 -1.754766027693260011e-01 -9.530195238887283482e-01
-1.170160007476806641e+01 -1.193060016632080078e+01 -1.152379989624023438e+01 -4.830283251530630845e-02 -3.978605330855382316e-02 9.980400324301261783e-01
3.880020141601562500e+00 -1.571749973297119141e+01 -1.138010025024414062e+01 -3.320704111546356196e-02 6.013116524742843916e-02 9.976379781194891772e-01
7.329480171203613281e+00 -2.771599960327148438e+01 -1.766939926147460938e+01 2.472741324693499276e-01 -4.655975722953131224e-01 -8.497496125825778623e-01
-1.707740020751953125e+01 -6.672049999237060547e+00 -1.163710021972656250e+01 -1.209778767095697205e-01 1.458087049131509680e-03 9.926541327819077276e-01
-4.120190143585205078e+00 -3.137140083312988281e+01 -1.057330036163330078e+01 -3.025016707884244441e-02 2.265565981338430457e-01 9.735281378746699632e-01
-2.227449989318847656e+01 -1.760339927673339844e+01 -1.942460060119628906e+01 -6.409367886806839783e-03 -1.122163424958326633e-01 -9.936631282684035282e-01
3.848899841308593750e+01 -4.017319869995117188e+01 1.876729965209960938e+01 6.892481306105756600e-01 -7.240067695609062604e-01 2.740824838999600041e-02
4.130189895629882812e+01 -1.522200012207031250e+01 -8.433890342712402344e+00 5.461975941078049956e-01 8.363483330325734988e-01 4.679373915900493508e-02
8.735819816589355469e+00 -4.762409973144531250e+01 1.072159957885742188e+01 -1.405985764674391736e-01 9.892904495873033888e-01 -3.919753373212036401e-02
-3.302459955215454102e+00 -7.634540081024169922e+00 -1.123639965057373047e+01 -6.938435911560969678e-03 3.158912628133201533e-02 9.994768557639958084e-01
-2.481349945068359375e+01 -1.679059982299804688e+01 -1.174009990692138672e+01 -2.959760001690825426e-02 9.164084200495867250e-02 9.953521679033312530e-01
-8.866080284118652344e+00 -7.191460132598876953e+00 -1.120110034942626953e+01 -2.878463778508263959e-02 -9.877673837853145900e-02 9.946932193309054870e-01
-1.664749908447265625e+01 -8.455699920654296875e+00 -1.867970085144042969e+01 2.692064937274000203e-01 -2.335474080884502104e-02 -9.627992624720643766e-01
-2.724400043487548828e+00 -2.682200050354003906e+01 -1.937369918823242188e+01 -1.541156418023245933e-01 -5.595394854623373521e-02 -9.864671938761790937e-01
-1.043929958343505859e+01 -3.925630187988281250e+01 -1.507019996643066406e+01 -4.035991664259699907e-02 -3.172006651613792916e-01 -9.474992428228010688e-01
2.704150009155273438e+01 -3.839820098876953125e+01 -9.419190406799316406e+00 5.004329893320013101e-01 -7.614291246956651493e-01 -4.120588686746474716e-01
2.530450057983398438e+01 3.089109897613525391e+00 -1.402960014343261719e+01 7.516504674414772325e-01 5.240991237398948677e-01 4.004268763333490577e-01
3.408620071411132812e+01 -4.237779998779296875e+01 1.167269992828369141e+01 5.754589031671589749e-01 -7.763697834442740975e-01 -2.570933879358655028e-01
1.933090019226074219e+01 8.059459686279296875e+00 -1.683049964904785156e+01 7.523707010272187579e-02 8.939456619948565885e-01 -4.418150480494478782e-01
3.208150100708007812e+01 -2.570089912414550781e+01 -8.451100349426269531e+00 -1.406407090354052369e-01 3.478692041731838436e-01 9.269343060594608108e-01
-7.899099826812744141e+00 -4.391680145263671875e+01 -1.367220020294189453e+01 -1.458409689263705233e-01 -3.232158554750880208e-01 -9.350197444718076900e-01
1.005130004882812500e+01 -8.647930145263671875e+00 -1.150979995727539062e+01 6.685288491065270733e-02 7.572165172295221118e-03 9.977341099179311001e-01
2.387989997863769531e+01 -4.463790130615234375e+01 -5.194979906082153320e-01 4.268169497353797581e-01 -8.311200227868363877e-01 -3.564643027589083357e-01
-1.093150043487548828e+01 -2.833639907836914062e+01 -1.090040016174316406e+01 1.487481103723387321e-01 2.292562364802914754e-01 9.619332501247429557e-01
3.697840118408203125e+01 -3.925770187377929688e+01 1.012010002136230469e+01 6.305409654627486260e-01 -7.342873085570631453e-01 -2.514761208650415636e-01
-3.440520095825195312e+01 -2.625349998474121094e+00 -1.295339965820312500e+01 -4.548876798429039581e-01 -2.429191830582144978e-03 8.905455057178099931e-01
6.676249980926513672e+00 -4.653850173950195312e+01 3.057320117950439453e+00 -2.415420119859082795e-02 9.603836599916186767e-01 2.776324912281720181e-01
-3.439839935302734375e+01 3.885390043258666992e+00 -1.813380050659179688e+01 -6.792912527033857784e-02 9.038214280771626752e-02 -9.935877929008046783e-01
-1.987190055847167969e+01 -8.184909820556640625e+00 -1.921899986267089844e+01 7.848999989205790451e-02 1.161834475421236468e-01 -9.901215715426926467e-01
1.220829963684082031e+01 -4.485810089111328125e+01 1.632560014724731445e+00 -2.604567859462120216e-01 8.776404784422208172e-01 4.023797376288706373e-01
-2.331769943237304688e+01 -3.194120025634765625e+01 -1.338329982757568359e+01 -5.461968912029978584e-01 -6.171368600746198751e-01 5.664018467284686054e-01
1.362880039215087891e+01 -4.330889892578125000e+01 -2.897449970245361328e+00 -1.453747366139151731e-01 7.780191808525603880e-01 6.111892834302199429e-01
9.209389686584472656e+00 -3.710540008544921875e+01 -9.420800209045410156e+00 -9.086464723018593259e-02 3.750346449749710764e-01 9.225468177562757832e-01
1.634169960021972656e+01 -3.076619911193847656e+01 -9.829649925231933594e+00 -3.376047869865635848e-02 1.226726728464216792e-01 9.918727969930178912e-01
2.264179992675781250e+01 -2.679600000381469727e+00 -1.888039970397949219e+01 -8.553438172581023791e-02 -2.174432328949853221e-01 -9.723180086838670855e-01
3.047739982604980469e+01 -2.989629936218261719e+01 -7.585810184478759766e+00 -6.099227090876563340e-01 3.476709029603327616e-01 7.121230456697219546e-01
-1.139169979095458984e+01 -2.264060020446777344e+01 -1.146879959106445312e+01 -3.208906271937167314e-03 1.011132951605513280e-01 9.948697424599429739e-01
1.864929962158203125e+01 -2.604719924926757812e+01 -1.002359962463378906e+01 -1.309511649491041374e-01 8.330677577132078460e-02 9.878824694815975249e-01
3.074270057678222656e+01 -4.108110046386718750e+01 -1.017500013113021851e-01 9.020216431647565258e-01 -3.831974226124831295e-01 -1.987880543833125124e-01
-3.111720085144042969e+01 5.049990177154541016e+00 -1.524750041961669922e+01 -1.344370557631963392e-01 5.692097589436742044e-01 8.111269495960590215e-01
-1.527459979057312012e+00 -4.876940155029296875e+01 -5.715630054473876953e+00 -5.510998890356869073e-02 -9.387375789127758718e-01 -3.401979527569624628e-01
5.757820129394531250e+00 -4.332310104370117188e+01 -6.702050209045410156e+00 -1.024459447591260369e-01 8.564174467258922618e-01 5.060177717688514321e-01
3.551800155639648438e+01 -2.093289947509765625e+01 -1.308749961853027344e+01 2.864090843584188306e-01 8.091468607752395903e-02 -9.546845814057897117e-01
-5.111259818077087402e-01 -3.525400161743164062e+01 -1.590740013122558594e+01 4.412362565813306853e-02 -1.829348786199485877e-01 -9.821343776913044055e-01
7.272359848022460938e+00 -4.323830032348632812e+01 -1.326440048217773438e+01 1.511842769482442950e-01 -3.652642171272522109e-01 -9.185452444436539299e-01
1.722310066223144531e+01 -5.270930099487304688e+01 1.914660072326660156e+01 3.477652385216430386e-01 -9.326878055812167778e-01 9.567024718311996356e-02
9.386839866638183594e+00 5.270199775695800781e+00 -1.157450008392333984e+01 1.149109672558605855e-01 -6.023052956509671908e-03 9.933575350483859756e-01
-2.479520034790039062e+01 -2.239340019226074219e+01 -1.137180042266845703e+01 -8.647278306411586291e-02 -5.870712813839226024e-02 9.945229664994613694e-01
3.987450027465820312e+01 -2.989609909057617188e+01 -3.878380060195922852e+00 8.563936420290848561e-01 -4.604473897352155953e-01 -2.336196292655783602e-01
7.051469802856445312e+00 -2.234760093688964844e+01 -1.878989982604980469e+01 -1.539087682753676606e-02 6.099724109407730216e-02 -9.980192670932713783e-01
3.519409942626953125e+01 -3.970600128173828125e+01 6.821350097656250000e+00 6.350454149569008111e-01 -7.127377191052810534e-01 -2.978628286759176791e-01
4.194490051269531250e+01 -2.329260063171386719e+01 4.570449829101562500e+00 -6.342743838857780592e-01 6.631761600918750776e-01 3.973580081388977669e-01
3.821170043945312500e+01 -1.625989913940429688e+01 -1.337380027770996094e+01 8.625293942002661973e-01 -4.176769375201481310e-02 -5.042801839247301743e-01
-1.916300010681152344e+01 -3.385560035705566406e+00 -1.881250000000000000e+01 1.783250588041851159e-01 1.152165823201404052e-02 -9.839041745993705179e-01
-2.480190086364746094e+01 -2.774069976806640625e+01 -1.161579990386962891e+01 -1.477663218024329594e-01 9.223056930354033012e-02 9.847124637308724004e-01
3.537220001220703125e+01 -3.070030021667480469e+01 -5.574420094490051270e-01 -6.542027921461296414e-01 7.250550620794203871e-01 2.152065605440863227e-01
3.619839859008789062e+01 -4.173849868774414062e+01 1.538730049133300781e+01 6.537639230049164807e-01 -7.162675507497821004e-01 -2.440359168649767763e-01
1.389960002899169922e+01 1.598900079727172852e+00 -1.154570007324218750e+01 -5.250026151321848800e-02 -3.105364462576230833e-02 9.981379632578357697e-01
1.955450057983398438e+01 -4.907059860229492188e+01 5.473010063171386719e+00 4.024429661669892688e-01 -7.493086817385894438e-01 -5.259050850238022878e-01
1.299160003662109375e+01 8.595660209655761719e+00 -1.320030021667480469e+01 -2.052516809919765206e-01 9.576480513508807135e-01 -2.019454312279153341e-01
5.157740116119384766e+00 -9.207559585571289062e+00 -1.715139961242675781e+01 -3.721723220805182863e-02 5.563220724637304299e-02 -9.977574530634528704e-01
1.221609973907470703e+01 -2.828149986267089844e+01 -1.038840007781982422e+01 -1.079313663037557852e-01 1.468969190458707386e-01 9.832457044618275743e-01
3.637239837646484375e+01 -2.317620086669921875e+01 -6.685279846191406250e+00 -5.454500504596196953e-01 3.445258207276497009e-01 7.640590299875643643e-01
-8.705109596252441406e+00 -2.899270057678222656e+01 -1.816259956359863281e+01 -1.514607467552540887e-01 -4.773689446300022343e-01 -8.655509995922704425e-01
2.623110008239746094e+01 -7.913080215454101562e+00 -1.751320075988769531e+01 6.447470676411565238e-01 -7.674186576007988037e-02 -7.605339603251072278e-01
-2.906929969787597656e+01 -7.435450077056884766e+00 -1.936120033264160156e+01 -5.608769828758394249e-01 -1.768701514481765824e-01 -8.087854842953071666e-01
1.693239974975585938e+01 -2.766060066223144531e+01 -1.600729942321777344e+01 1.197582911122036103e-01 -2.233123862444120478e-01 -9.673621503137855848e-01
6.358099937438964844e+00 -5.199959945678710938e+01 4.390580177307128906e+00 -8.077001142506303952e-03 -8.891487693679213100e-01 -4.575469680634491332e-01
-2.968549919128417969e+01 -1.429179954528808594e+01 -1.201620006561279297e+01 -1.180093200611527088e-01 -9.181217120734308165e-03 9.929700426653799150e-01
8.525750041007995605e-01 -1.131130027770996094e+01 -1.128489971160888672e+01 -1.739716553759396156e-02 -3.179372500493448522e-02 9.993430330379894366e-01
-2.505200004577636719e+01 -1.754400062561035156e+01 -1.889850044250488281e+01 -3.523547334443077328e-01 -2.006101370010807128e-01 -9.141125284951512331e-01
2.248159980773925781e+01 -8.005020141601562500e+00 -1.886030006408691406e+01 -8.293782857945573850e-02 4.774560291366153168e-03 -9.965432856452089982e-01
3.995830154418945312e+01 -3.607220077514648438e+01 9.771969795227050781e+00 7.097164736162232535e-01 -6.657175324501342084e-01 -2.304836091054136005e-01
2.805249977111816406e+01 -2.139500045776367188e+01 -1.478289985656738281e+01 2.462733536149211144e-01 -1.079916825502926780e-01 -9.631652152145117052e-01
-1.925729942321777344e+01 -3.561769866943359375e+01 -1.276500034332275391e+01 -7.512589691215072474e-01 -6.552549548015891290e-01 7.906266832366355690e-02
-9.669280052185058594e+00 -1.910790061950683594e+01 -1.166730022430419922e+01 -2.595640294240884188e-02 -5.456505415291962313e-02 9.981727906588018229e-01
6.569640159606933594e+00 2.189799994230270386e-01 -1.121490001678466797e+01 1.982748717877701738e-01 3.131905804117937099e-03 9.801414522320629485e-01
1.506499946117401123e-01 -1.626000022888183594e+01 -1.141619968414306641e+01 -8.888432447249915158e-02 5.410712954400350577e-02 9.945712621001955300e-01
2.604979991912841797e+00 -4.898529815673828125e+01 2.670170068740844727e+00 -8.415078867619782965e-01 8.971083387945755216e-02 5.327442564702523642e-01
6.806920051574707031e+00 -4.721540069580078125e+01 5.659880161285400391e+00 -1.422018661256858330e-01 9.859608556312892125e-01 8.752040009728423442e-02
5.664159774780273438e+00 4.301320075988769531e+00 -1.101319980621337891e+01 7.890499056647473641e-02 3.441064894801459939e-02 9.962880656229307075e-01
-1.866340078413486481e-02 -4.753760147094726562e+01 -1.463469982147216797e+00 -8.234018997485081925e-01 -2.662273245843350608e-04 5.674585805268604899e-01
1.955750083923339844e+01 -4.387680053710937500e+01 -7.318590164184570312e+00 2.949987000660905245e-01 -9.103382433380814431e-01 -2.902758165528998568e-01
-6.295420169830322266e+00 -4.212649822235107422e+00 -1.057740020751953125e+01 -1.587973577971129799e-02 -3.065862355925278449e-01 9.517104150616244596e-01
1.061559963226318359e+01 -5.216529846191406250e+01 7.296700000762939453e+00 3.355676249237791731e-01 -9.415248277517191955e-01 3.041985914019582071e-02
-2.214369964599609375e+01 -6.680120229721069336e-01 -1.932670021057128906e+01 1.489581877030344559e-01 -1.302309125594711993e-02 -9.887577344376967670e-01
-9.005990028381347656e-01 -4.689149856567382812e+01 -1.064850044250488281e+01 2.718710563961062032e-01 -9.622116334610691935e-01 1.532648447120563834e-02
-2.024830055236816406e+01 -1.080319976806640625e+01 -1.201019954681396484e+01 3.965807013638319306e-02 4.087816236926285901e-02 9.983767892506163477e-01
1.858870029449462891e+00 -4.395249938964843750e+01 -1.352910041809082031e+01 1.518393517814230487e-01 -2.531537330803212971e-01 -9.554360254240440442e-01
1.870339965820312500e+01 -1.543939971923828125e+01 -1.883749961853027344e+01 1.034416245786626797e-02 1.104621308550934704e-02 -9.998854831827067580e-01
1.418299961090087891e+01 -1.557089996337890625e+01 -1.154749965667724609e+01 -6.777037424283234579e-02 -9.860903161167161937e-03 9.976522134310297218e-01
-1.913909912109375000e+01 -3.297240066528320312e+01 -1.125539970397949219e+01 -1.138073759139821006e-02 8.499343475382536983e-02 9.963165133935212303e-01
-8.663780212402343750e+00 -2.641239929199218750e+01 -1.119979953765869141e+01 8.020060250594547580e-03 1.383164652586685861e-01 9.903556099058177242e-01
1.846170043945312500e+01 -4.295090103149414062e+01 4.949040114879608154e-01 -3.613118418910498675e-01 9.324250595599761215e-01 -6.104196414915343503e-03
6.554520130157470703e+00 -3.794210052490234375e+01 -1.485620021820068359e+01 -2.023696076054262716e-01 -5.075627139953973188e-01 -8.375121690335324276e-01
-7.859240174293518066e-01 2.126130104064941406e+00 -1.046549987792968750e+01 -4.065708008559248271e-02 7.022038976926663068e-02 9.967026129691674008e-01
2.677849960327148438e+01 -4.864479827880859375e+01 1.820199966430664062e+01 4.755213415336772553e-01 -8.756162328487335778e-01 -8.470930596932320367e-02
2.158530044555664062e+01 -1.320650005340576172e+01 -1.044820022583007812e+01 -1.836565346427417589e-01 1.183035980508318624e-01 9.758455492398613318e-01
-2.106259918212890625e+01 -2.440049934387207031e+01 -1.112180042266845703e+01 4.359785830351360636e-02 1.048134179154642243e-01 9.935357941092132217e-01
4.495299911499023438e+01 -2.482229995727539062e+01 2.586169958114624023e+00 8.465479408852729648e-01 -5.122510605384908988e-01 -1.447599211111125217e-01
2.621150016784667969e+01 -2.666489982604980469e+01 -1.453320026397705078e+01 2.261584869004909792e-01 -9.753463357272655621e-02 -9.691951991506739805e-01
8.710209846496582031e+00 -2.532110023498535156e+01 -1.891679954528808594e+01 2.763869973452206530e-01 -4.529511140633910027e-01 -8.476116539826631380e-01
3.742110061645507812e+01 -3.371049880981445312e+01 -1.810260057449340820e+00 5.343518592310756432e-01 -8.012295351108146280e-01 -2.692569824580237081e-01
3.523410034179687500e+01 -3.906119918823242188e+01 1.966220092773437500e+01 -4.380412794106331997e-01 4.330021295086101119e-01 7.878000973427867759e-01
3.070330047607421875e+01 -4.007479858398437500e+01 1.550730037689208984e+01 -6.052831305587349497e-01 7.582872642305479305e-01 2.421420177638910765e-01
4.280630111694335938e+01 -2.262290000915527344e+01 -5.925260066986083984e+00 7.945208804142431802e-01 -5.100158497141523695e-01 -3.295760968670618518e-01
1.846539974212646484e+00 3.365989923477172852e+00 -1.692779922485351562e+01 -2.027687296806929829e-01 1.279937765946428663e-01 -9.708256462499942341e-01
3.640579986572265625e+01 -3.561849975585937500e+01 1.706279945373535156e+01 -6.603707274199935862e-01 6.936037127075470599e-01 2.877922724554901612e-01
1.999130058288574219e+01 3.642040014266967773e+00 -1.199400043487548828e+01 3.261228237028208632e-01 1.046465736631970733e-01 9.395174285135171610e-01
3.202870178222656250e+01 -4.110549926757812500e+01 4.187379837036132812e+00 5.652031547601434891e-01 -7.275738497159441875e-01 -3.888208932898308823e-01
2.220499992370605469e+01 -1.516359996795654297e+01 -1.810449981689453125e+01 4.281631193241261513e-01 -2.766685076236949370e-01 -8.603085958770327890e-01
3.844239950180053711e+00 -4.646229934692382812e+01 1.508899927139282227e+00 -1.680580567404783565e-01 9.583571817562718254e-01 2.308852566553145635e-01
3.030120086669921875e+01 -1.576140022277832031e+01 -1.495590019226074219e+01 1.464180424659425606e-01 -1.475504498526550579e-01 -9.781567469422884908e-01
1.020470046997070312e+01 -5.333530044555664062e+01 1.214640045166015625e+01 1.433682598813425801e-01 -9.518545695849303101e-01 -2.709583370536563507e-01
1.020880031585693359e+01 -2.620680046081542969e+01 -1.076469993591308594e+01 -4.788195740724038307e-02 8.537256042461444094e-02 9.951978919196909912e-01
-2.008040046691894531e+01 5.452459812164306641e+00 -1.534930038452148438e+01 1.779444219291445306e-01 9.252882171755747454e-01 3.349290937800848411e-01
7.259590148925781250e+00 -5.117119979858398438e+01 1.342350006103515625e+01 -9.373378210777647546e-01 -2.330729111786888352e-01 2.589880832236870489e-01
8.390489578247070312e+00 -4.907089996337890625e+01 1.501169967651367188e+01 -2.076270333524237177e-01 9.522069449433484545e-01 2.240378294461148889e-01
1.724859952926635742e+00 -4.721329879760742188e+01 -9.726380348205566406e+00 -3.841623991422408752e-03 -9.662524851408592630e-01 -2.575681985110390704e-01
1.524009990692138672e+01 -2.184729957580566406e+01 -1.062549972534179688e+01 8.294411543188436042e-02 -1.589901425749705097e-02 9.964273656724118577e-01
-3.025340080261230469e+01 -1.772990036010742188e+01 -1.212790012359619141e+01 -1.954182776211112749e-01 6.084476963880771500e-02 9.788307365317042708e-01
3.877619934082031250e+01 -3.138960075378417969e+01 1.358479976654052734e+01 -8.816022958718489066e-01 4.122169358002293338e-01 2.299012608772607325e-01
3.852130126953125000e+01 -2.856579971313476562e+01 4.301139831542968750e+00 -6.402767872349510725e-01 7.264451942781348093e-01 2.496457799328725691e-01
2.313800048828125000e+01 -4.687979888916015625e+01 4.474259853363037109e+00 5.806146793147013430e-01 -6.810741839860926516e-01 -4.461216763081171655e-01
4.747590065002441406e+00 -3.611090087890625000e+01 -1.538519954681396484e+01 1.384467851450182363e-01 -1.785093400734859281e-01 -9.741493228399522586e-01
3.602529907226562500e+01 -1.415289974212646484e+01 -8.654000282287597656e+00 -1.009508801440990172e-01 9.157063401116648238e-02 9.906683293539392254e-01
1.315649986267089844e+01 6.086180210113525391e+00 -1.144989967346191406e+01 6.186500712016666272e-03 1.613622400239803634e-01 9.868758557708174894e-01
-1.512109935283660889e-01 -2.360729980468750000e+01 -1.135569953918457031e+01 -6.838099971152793860e-03 9.517954346933343857e-02 9.954366352981760535e-01
-2.821170043945312500e+01 -2.335309982299804688e+01 -1.711210060119628906e+01 -3.399157177576135613e-02 -1.183022673482470033e-01 -9.923956603031258705e-01
2.394400024414062500e+01 -4.908480072021484375e+01 1.280900001525878906e+01 4.348260429559192008e-01 -8.584616158796291030e-01 -2.719742017703761228e-01
1.676230049133300781e+01 -1.333930015563964844e+01 -1.145530033111572266e+01 -5.350668854755208370e-02 6.187077127913978569e-02 9.966489060556880109e-01
-2.861510086059570312e+01 -2.636790084838867188e+01 -1.421640014648437500e+01 -8.502297159170527641e-01 -5.033180183302272681e-01 1.542089575729655715e-01
-5.941589832305908203e+00 -2.757859992980957031e+01 -1.104479980468750000e+01 -4.252278345550544736e-02 1.394766847124176978e-01 9.893119160855331495e-01
4.258840179443359375e+01 -2.925930023193359375e+01 1.176539993286132812e+01 5.435898586159381152e-01 6.635645145622061092e-01 5.139963040953972051e-01
1.592360019683837891e+01 -4.777970123291015625e+01 1.628039932250976562e+01 -3.114477971423977865e-01 9.156993464220051226e-01 2.539586120167230954e-01
5.076449871063232422e+00 -4.561689853668212891e+00 -1.122949981689453125e+01 6.304420956919958019e-02 -1.359987642404552888e-01 9.887010487325599284e-01
1.319690036773681641e+01 -4.831169891357421875e+01 1.607489967346191406e+01 -2.194601065201849666e-01 8.317270763483177731e-01 5.099679716562881548e-01
2.517169952392578125e+01 -4.166370010375976562e+01 9.005479812622070312e+00 -5.536059064129195129e-01 7.629524517973095277e-01 3.338024216227377106e-01
-6.355539798736572266e+00 8.878160119056701660e-01 -1.027639961242675781e+01 2.502588632694608545e-02 2.003802541678737781e-01 9.793985188640879080e-01
2.756240081787109375e+01 -4.708869934082031250e+01 1.321259975433349609e+01 4.475564667627014437e-01 -8.513683299991519071e-01 -2.736150137206327937e-01
1.061830043792724609e+00 5.101679801940917969e+00 -1.288549995422363281e+01 -2.982809948899353691e-01 9.385792764487268514e-01 1.734859934071181220e-01
-1.638649940490722656e+01 -1.458349990844726562e+01 -1.183839988708496094e+01 -1.073980917494640058e-02 2.709535845816588018e-02 9.995751587794232673e-01
3.664199829101562500e+01 -3.596189880371093750e+01 1.660899996757507324e+00 6.853697429647105377e-01 -6.527565898277215561e-01 -3.227648522763441608e-01
-3.479359817504882812e+01 -1.035220026969909668e+00 -1.825239944458007812e+01 -3.361133643131014592e-02 -5.848854788636077828e-02 -9.977220894765465031e-01
3.199270057678222656e+01 -4.448839950561523438e+01 1.355119991302490234e+01 4.808755808649189945e-01 -8.498483688237844502e-01 -2.156766694275939755e-01
-2.107920074462890625e+01 -5.790400028228759766e+00 -1.934379959106445312e+01 2.611050750110048835e-01 1.461314005658678472e-01 -9.541853874233011679e-01
1.196539974212646484e+01 -4.645109939575195312e+01 -7.676159858703613281e+00 3.820403367687240093e-01 -8.105295847449812685e-01 -4.439447863583578791e-01
5.700359821319580078e+00 -7.653110027313232422e-01 -1.701429939270019531e+01 -1.306435535954000582e-01 -6.424049673703360712e-03 -9.914085905870272386e-01
6.068850040435791016e+00 -1.903829956054687500e+01 -1.148120021820068359e+01 1.756205260317470207e-01 -2.624357390500541357e-02 9.841080762116652947e-01
2.666329956054687500e+01 -1.959619903564453125e+01 -9.456250190734863281e+00 -1.787678391117976939e-01 1.296933721820487939e-01 9.753059463118980421e-01
1.770400047302246094e+01 8.218649864196777344e+00 -1.245890045166015625e+01 -1.167308784856138509e-01 4.459778793497444216e-01 8.873993650767852959e-01
1.673349952697753906e+01 8.971409797668457031e+00 -1.694479942321777344e+01 1.739240426889905877e-01 8.551844899623940455e-01 -4.882723783939435513e-01
1.956279945373535156e+01 -3.571760177612304688e+01 -1.391250038146972656e+01 2.534845159709765983e-01 2.166325701610637491e-02 -9.670968428541237838e-01
2.057480096817016602e+00 -2.794930076599121094e+01 -1.869540023803710938e+01 2.267233627727938683e-01 -6.689127836766199930e-01 -7.079210440486929379e-01
-1.684670066833496094e+01 -2.191029930114746094e+01 -1.960169982910156250e+01 2.551373348573342595e-02 2.380576385302642650e-01 -9.709158615147932547e-01
2.972820091247558594e+01 -3.064550018310546875e+01 -1.323190021514892578e+01 1.568144044067107667e-01 -1.487351225726605553e-01 -9.763642280849212929e-01
1.524409961700439453e+01 -7.105239868164062500e+00 -1.129010009765625000e+01 7.481617871224964522e-02 -1.494771080572630979e-02 9.970853049486614328e-01
3.647460174560546875e+01 -3.799430084228515625e+01 5.251870155334472656e+00 6.922959341716107273e-01 -6.631155878859796848e-01 -2.846121161020526147e-01
2.805699920654296875e+01 -4.335869979858398438e+01 2.116859912872314453e+00 5.162279330689691914e-01 -8.026801597631236795e-01 -2.986859257514259403e-01
6.098810195922851562e+00 -4.850120162963867188e+01 1.038969993591308594e+01 -9.906458937496234185e-01 -7.790209102085469961e-02 1.120356077842587922e-01
2.937120056152343750e+01 -4.318019866943359375e+01 4.572199821472167969e+00 3.681053791443261169e-01 -7.972413007188241529e-01 -4.784399003774341130e-01
3.063509941101074219e+01 -3.909550094604492188e+01 -2.966880083084106445e+00 4.179968456533864063e-01 -7.903026474543606295e-01 -4.479959402164797044e-01
2.347529983520507812e+01 -1.795389938354492188e+01 -9.857959747314453125e+00 -3.165155938034612260e-01 -1.104563858225940040e-02 9.485229953709884976e-01
5.681949853897094727e-01 -1.346059989929199219e+01 -1.748570060729980469e+01 -5.459670299135433585e-02 8.928171553518438053e-02 -9.945089116209911984e-01
2.036090087890625000e+01 -1.305330038070678711e+00 -1.124699974060058594e+01 -1.364049257186304015e-02 1.203173816578428576e-02 9.998345734365795545e-01
1.661030054092407227e+00 -4.981290054321289062e+01 -2.625139951705932617e+00 1.119927784543908178e-01 -8.872902629510674988e-01 -4.474076517520584328e-01
-8.676079750061035156e+00 -4.045750045776367188e+01 -9.764619827270507812e+00 8.060552352577737834e-02 4.266354402014219116e-01 9.008245948803098591e-01
3.384799957275390625e+01 -3.729650115966796875e+01 -2.457930088043212891e+00 3.428724831971008968e-01 -7.223034679170314831e-01 -6.005965039036470499e-01
-1.331219959259033203e+01 -3.024230003356933594e+01 -1.720120048522949219e+01 -1.332092511809376822e-01 -3.673518951547554701e-01 -9.204932810868439175e-01
2.904019927978515625e+01 -3.803340148925781250e+01 -7.757870197296142578e+00 5.205674668986278730e-01 -7.514041705419846062e-01 -4.054642831358369337e-01
-2.088190078735351562e+01 -3.098900032043457031e+01 -1.131289958953857422e+01 -8.605466073818626715e-02 -1.269437405078548964e-01 9.881699662057686906e-01
3.286890029907226562e+01 -3.394570159912109375e+01 1.642359972000122070e+00 -7.419331362532214369e-01 6.287989581308276454e-01 2.326952762370660122e-01
-2.048760032653808594e+01 -1.529769992828369141e+01 -1.172710037231445312e+01 -3.820646114621645273e-02 1.333630514214107984e-02 9.991808691582512170e-01
2.455509948730468750e+01 -4.119839859008789062e+01 4.668789863586425781e+00 -4.414401278877225776e-01 8.595039174086510636e-01 2.576502075482454690e-01
1.888179969787597656e+01 -5.335860252380371094e+00 -1.126309967041015625e+01 -2.058023455845640198e-02 -1.183704818402760671e-02 9.997181293923842471e-01
-1.211500048637390137e+00 3.213449954986572266e+00 -1.631439971923828125e+01 -1.455104025870246065e-01 4.295504123075878922e-01 -8.912424844145072633e-01
-2.965609931945800781e+01 4.659780025482177734e+00 -1.224800014495849609e+01 4.381118707553702946e-02 5.954371491317030918e-01 8.022064455742938804e-01
-2.741270065307617188e+01 1.137880012392997742e-01 -1.203789997100830078e+01 -8.287363883356520591e-03 -1.148113180350492923e-01 9.933527474421761649e-01
4.082440185546875000e+01 -2.658390045166015625e+01 8.264800071716308594e+00 -8.827497752271199483e-01 4.658292540455744035e-01 6.128572763550151070e-02
1.404069995880126953e+01 -5.123860168457031250e+01 6.505740165710449219e+00 2.243900575452946466e-01 -9.663960945659104684e-01 -1.254100892375694387e-01
1.474549961090087891e+01 -5.297719955444335938e+01 1.497239971160888672e+01 2.534787985799052401e-01 -9.543079942899739265e-01 -1.582553338903147366e-01
-2.519610023498535156e+01 -3.020429992675781250e+01 -1.304209995269775391e+01 -8.375058302274402955e-01 -4.023384155582996335e-01 3.697401570036488727e-01
3.841769933700561523e+00 -1.522410011291503906e+01 -1.768829917907714844e+01 -9.200568572125904232e-02 8.617582501742866719e-02 -9.920225203983660256e-01
1.268879985809326172e+01 -5.284299850463867188e+01 1.209319972991943359e+01 3.160706695794784915e-01 -9.071430215906840511e-01 -2.778324498882440152e-01
2.115019989013671875e+01 -3.359260177612304688e+01 -1.420240020751953125e+01 1.160156100496345100e-01 -1.896535383229659422e-01 -9.749727758385823284e-01
3.578030014038085938e+01 -1.264700031280517578e+01 -1.385999965667724609e+01 6.816952565012670551e-01 -5.374448438333463696e-02 -7.296595834099905975e-01
-3.135319948196411133e+00 -4.775249862670898438e+01 -8.471260070800781250e+00 6.333850807605347077e-02 -9.941906951895798095e-01 8.702353126114802107e-02
4.194029998779296875e+01 -3.017670059204101562e+01 2.475810050964355469e+00 8.213727465929471228e-01 -5.118372623257156917e-01 -2.517328505564473962e-01
3.113839912414550781e+01 -9.391619682312011719e+00 -9.343009948730468750e+00 -8.599533897785133219e-02 5.747651594643910650e-02 9.946362409387379255e-01
3.954389953613281250e+01 -2.209379959106445312e+01 -3.462729930877685547e+00 -6.787793246558457838e-01 2.914476658319233859e-01 6.740303305496551101e-01
1.116180038452148438e+01 1.192980051040649414e+00 -1.169830036163330078e+01 3.047517118011498598e-03 2.331523243793929417e-02 9.997235180667605192e-01
-3.232659912109375000e+01 -1.284850025177001953e+01 -1.798469924926757812e+01 -2.175578394859477294e-01 -9.701224275034893429e-02 -9.712142972767411342e-01
2.379800033569335938e+01 -3.371839904785156250e+01 -8.709970474243164062e+00 -1.986326873724140463e-01 3.629292089286342282e-01 9.103996072130351447e-01
4.190869903564453125e+01 -1.863489913940429688e+01 -9.803779602050781250e+00 8.202933757772610246e-01 -2.789210516752719804e-01 -4.993213640415415377e-01
2.839579963684082031e+01 -3.532899856567382812e+01 -1.197259998321533203e+01 4.726150413500425085e-01 -5.497851849793905510e-01 -6.887461601104394315e-01
3.094599914550781250e+01 -4.604669952392578125e+01 1.982699966430664062e+01 5.200990159116176681e-01 -7.410346351333182424e-01 4.246936344950285047e-01
