-6.554436206817626953e+00 5.854557418823242188e+01 2.343297958374023438e+00 1.070395820178253743e-01 -9.538790827112102466e-01 2.804589514482812573e-01
-2.118198394775390625e+01 -6.957167816162109375e+01 2.228849983215332031e+01 -1.097038610273875191e-02 -9.646677409848851692e-01 2.632409545110245275e-01
-7.130706787109375000e+01 2.734678030014038086e+00 2.304668045043945312e+01 -9.948355563665135515e-01 1.886742748853337693e-03 1.014822939764817022e-01
4.368630051612854004e-01 -1.254664993286132812e+01 -2.286661338806152344e+01 2.763872770700525061e-01 1.750889762330517796e-01 -9.449623926249466344e-01
-4.778753662109375000e+01 -3.450980377197265625e+01 -1.002045154571533203e+01 -4.611203147352174736e-01 -3.233647464946834416e-01 -8.263191248318794146e-01
-4.110143280029296875e+01 2.179554939270019531e+01 -1.751484298706054688e+01 -3.199255164999391665e-01 1.615084443625051103e-01 -9.335752172652458380e-01
-5.042756652832031250e+01 4.815983581542968750e+01 2.390467643737792969e+01 -5.892204502561984025e-01 6.056923632595426765e-01 5.347485596885259707e-01
9.933530092239379883e-01 -5.493337631225585938e+01 -1.242744255065917969e+01 9.792548395987058507e-01 -1.326944253027748967e-02 -2.021976286147997848e-01
6.826449871063232422e+00 2.848702239990234375e+01 -2.324559211730957031e+01 8.690557302544401619e-01 -1.618959131047593147e-01 -4.674739041186125044e-01
-5.049834442138671875e+01 -4.712860870361328125e+01 2.471553421020507812e+01 -4.290033306899773691e-01 -2.944255643984059478e-01 8.539729089880930823e-01
-6.074711990356445312e+01 -3.503694057464599609e+00 -8.149606704711914062e+00 -7.838749387808074953e-01 -4.323307822307531634e-02 -6.194118026795605303e-01
-3.143613815307617188e+01 -8.834547996520996094e+00 -2.188660621643066406e+01 -3.800819702657171062e-01 -1.397058643878596185e-01 -9.143412750907460307e-01
-3.617192077636718750e+01 4.993193435668945312e+01 -4.314945220947265625e+00 -5.286158345705469497e-01 7.963849280953749776e-01 -2.938304710948277387e-01
-2.883159446716308594e+01 -5.801191711425781250e+01 -4.948863983154296875e+00 -4.402448779377971522e-01 -8.033429743388177391e-01 -4.010293169208401509e-01
-6.012723541259765625e+01 2.532333946228027344e+01 6.145700931549072266e+00 -9.028823948522165521e-01 3.982875625878463666e-01 -1.617726755473818945e-01
1.501604843139648438e+01 6.927330017089843750e+01 2.059037971496582031e+01 5.527552937269117894e-01 3.813328752052359549e-01 7.409769386050982787e-01
-2.546171569824218750e+01 6.463477325439453125e+01 2.466068267822265625e+01 5.190380825428036332e-03 1.620828199387484014e-01 9.867635073448908223e-01
-6.367552947998046875e+01 -2.377827453613281250e+01 1.332864952087402344e+01 -9.188615466528208264e-01 -3.237870798270847672e-01 -2.255113855658621158e-01
-1.855401611328125000e+01 -3.456252288818359375e+01 -1.923790740966796875e+01 -5.449616554172878602e-02 -2.795588856885060092e-01 -9.585807203224198103e-01
-1.468622589111328125e+01 1.245024204254150391e+01 -1.624009895324707031e+01 2.502126803110427122e-01 -1.360576916269767289e-01 9.585832875450637225e-01
-1.661454391479492188e+01 3.952970123291015625e+01 -1.854903411865234375e+01 -1.179354928329986313e-01 3.166510714847718955e-01 -9.411818732093087947e-01
1.307520675659179688e+01 5.176566696166992188e+01 -1.345536231994628906e+01 6.826914400133284877e-01 4.393834826142553052e-01 -5.838446308208172786e-01
-2.694190979003906250e+00 -6.985894775390625000e+01 6.450897216796875000e+00 1.091008778693342562e-01 -9.934102433090771234e-01 3.511533762817688198e-02
-5.948976993560791016e+00 7.032139587402343750e+01 1.969008827209472656e+01 -1.360961805240390177e-01 9.389800393439902138e-01 -3.159023826442696192e-01
-4.172943115234375000e+01 -4.630621719360351562e+01 6.025564193725585938e+00 7.413964875853197301e-01 6.396785985484002568e-01 2.028362362974271138e-01
7.848610281944274902e-01 -3.442690658569335938e+01 -1.238949966430664062e+01 9.777456553804627637e-01 1.000343388085154772e-01 1.844086886341647635e-01
3.214828014373779297e+00 9.116996765136718750e+00 -2.352986526489257812e+01 9.488582663255966665e-01 -1.862136797296798374e-01 -2.549361800669245892e-01
-4.959981536865234375e+01 3.593080139160156250e+01 -6.610620021820068359e+00 -7.041133315024885597e-01 5.382006590176828809e-01 -4.632110394122730401e-01
1.245447540283203125e+01 6.351627349853515625e+01 2.225504875183105469e+00 1.712672110778891699e-01 9.357942936022142222e-01 -3.081502595668785816e-01
-4.527797317504882812e+01 -1.535142993927001953e+01 -9.753173828125000000e+00 3.463297065471500624e-01 1.169337111773933041e-01 9.307965629251362394e-01
-6.729356384277343750e+01 2.185426330566406250e+01 2.375293540954589844e+01 -2.021114572009156396e-01 1.120193053286255430e-01 9.729350616057653722e-01
-4.268959426879882812e+01 3.503623962402343750e+00 -1.212037372589111328e+01 3.648906838603179215e-01 1.474072147444510650e-02 9.309336710863790332e-01
-3.693787765502929688e+01 -5.932392501831054688e+01 1.918165969848632812e+01 -5.813293598773076054e-01 -7.951443491042441414e-01 -1.726315134389656281e-01
-5.712134552001953125e+01 1.532602310180664062e+01 -9.861587524414062500e+00 -5.593014955720233550e-01 3.110469385280169030e-01 -7.683954965271764248e-01
-3.434651184082031250e+01 5.192803955078125000e+01 1.422314071655273438e+01 5.086240960797725474e-01 -8.155197853754952986e-01 2.760960132782435683e-01
-1.608575057983398438e+01 -1.669956016540527344e+01 -1.444737434387207031e+01 4.257481374499152982e-02 1.126867333873177723e-01 9.927180291266372025e-01
-6.117694091796875000e+01 6.769543170928955078e+00 7.667828083038330078e+00 9.475227402600440163e-01 -9.870992011978646508e-02 3.040674404799743602e-01
-1.942845535278320312e+01 5.481636047363281250e+01 -9.582718849182128906e+00 -2.344087160888838062e-01 6.236402677216588142e-01 -7.457381378859597731e-01
-3.137513351440429688e+01 -4.065865325927734375e+01 -8.141489028930664062e+00 2.697572552717283911e-01 3.433849395414868000e-01 8.996209237919896573e-01
-1.463039684295654297e+01 -4.820361709594726562e+01 -8.483850479125976562e+00 1.143330743613404504e-01 3.237893435694985667e-01 9.391956181211225108e-01
-3.340340042114257812e+01 -2.581776428222656250e+01 -1.778077507019042969e+01 -3.442970976003529304e-01 -2.626552774788956657e-01 -9.013721283667791573e-01
-5.928248596191406250e+01 -2.318749618530273438e+01 -3.350049972534179688e+00 -8.559356970698129841e-01 -4.040175231955600021e-01 -3.227133765937486021e-01
-3.170541381835937500e+01 3.447234344482421875e+01 -1.048843955993652344e+01 2.867786939130428370e-01 -3.291434579850343045e-01 8.996791454641944741e-01
-1.035559996962547302e-01 4.069187164306640625e+01 -1.309640407562255859e+01 -2.150067419418656006e-02 -2.039835624269642766e-01 9.787381811642990037e-01
-4.904557037353515625e+01 3.761535263061523438e+01 1.048141860961914062e+01 6.919229267714592790e-01 -6.395971965461887399e-01 3.349001188089872905e-01
-1.330222225189208984e+01 -2.634089946746826172e+00 -2.381292915344238281e+01 1.261313259078378386e-02 3.576872083349467990e-02 -9.992804949043001539e-01
-1.897271537780761719e+01 -6.609217071533203125e+01 6.013453960418701172e+00 -3.287696466256338490e-01 -9.193185990734253910e-01 -2.162494690290139576e-01
-5.543614959716796875e+01 -3.838911819458007812e+01 1.131884479522705078e+01 -8.115333803208576446e-01 -5.418177520264464420e-01 -2.187397911080893043e-01
-2.183807754516601562e+01 6.126871871948242188e+01 8.594625473022460938e+00 -3.118020328984016931e-01 8.495999840740301456e-01 -4.253931820584712642e-01
-2.965342712402343750e+01 7.627406120300292969e+00 -2.131018066406250000e+01 -2.556617745868611791e-01 1.661241733341245475e-01 -9.523863796008166238e-01
-6.511550140380859375e+01 -9.022665977478027344e+00 6.556011199951171875e+00 -9.688533823686545920e-01 -1.199025977855872754e-01 -2.166713883213131076e-01
-6.838445281982421875e+01 -1.316734504699707031e+01 2.453606033325195312e+01 -7.802062246367477694e-02 -2.922148259597038070e-02 9.965234003400391671e-01
-2.364936065673828125e+01 2.521826744079589844e+01 -2.092664909362792969e+01 -1.025457319150738372e-01 -5.621786256386947928e-02 -9.931384217694689820e-01
-6.072511672973632812e+01 3.621612167358398438e+01 2.146200752258300781e+01 -7.913134430174354472e-01 5.382369611937416476e-01 -2.900413910200033696e-01
-7.551186084747314453e+00 2.656303215026855469e+01 -1.508644390106201172e+01 3.750742979243169850e-02 -4.249862613922755078e-02 9.983922372928607514e-01
-1.091928863525390625e+01 -6.325703811645507812e+01 -7.139966964721679688e+00 -1.441508826836390422e-01 -6.956819770621277543e-01 -7.037379553587095327e-01
-1.295794010162353516e+00 5.581051254272460938e+01 -1.158699989318847656e+01 -2.800784139979221529e-02 5.569195332716821989e-01 -8.300940876072878671e-01
-5.992858886718750000e+00 -2.616991043090820312e+01 -2.296273422241210938e+01 2.010765697524365125e-02 -1.808443518867767705e-02 -9.996342507811907252e-01
-6.185012054443359375e+01 -3.372465515136718750e+01 2.329636764526367188e+01 -5.490503817396937825e-01 -5.965425245912723273e-01 5.853893530512557231e-01
3.058685064315795898e+00 6.320928955078125000e+01 1.223870182037353516e+01 9.389385542122898054e-02 -9.271049255790733135e-01 3.628503836034331353e-01
2.873713016510009766e+00 -6.611759185791015625e+01 -5.229969024658203125e+00 2.648751151694015427e-01 -8.172157081235862375e-01 -5.118590233258193400e-01
-2.903628921508789062e+01 -5.708125305175781250e+01 8.448455810546875000e+00 5.500024370850095101e-01 8.168574406096165141e-01 1.739000889052597087e-01
-2.126904964447021484e+00 -8.440669775009155273e-01 -1.669316673278808594e+01 -1.824090621748973573e-01 2.051682782632593960e-01 9.615783439902150231e-01
-2.276639175415039062e+01 -1.501711010932922363e+00 -1.516482353210449219e+01 1.257700189069883845e-01 2.499139095062030344e-02 9.917445904679736968e-01
-4.043709564208984375e+01 5.619729614257812500e+01 2.455746459960937500e+01 -3.782057060309318985e-01 4.497646067694415217e-01 8.091181881673246146e-01
-8.159631729125976562e+00 -4.172215652465820312e+01 -1.764821624755859375e+01 4.446836601495867541e-02 -4.694910162896478445e-01 -8.818167326872818901e-01
1.074252700805664062e+01 4.084411621093750000e+01 -1.950399780273437500e+01 8.824411058270973385e-01 8.765292206306611600e-02 -4.621846600661422833e-01
-4.272760009765625000e+01 -4.612403106689453125e+01 -6.530266761779785156e+00 -5.748198195070023386e-01 -5.871989398045049935e-01 -5.698943588020523032e-01
-4.316783142089843750e+01 4.794439697265625000e+01 5.919570922851562500e+00 -6.705267891190972440e-01 7.354587742205026535e-01 -9.743827018019972364e-02
-5.958386898040771484e+00 1.772745513916015625e+01 -2.376555824279785156e+01 -2.513556447766764762e-02 3.895598321610778403e-02 -9.989247392922327995e-01
-2.649804687500000000e+01 4.539549255371093750e+01 -1.357591247558593750e+01 -2.819086977974903374e-01 5.176227697547172157e-01 -8.078329990397633553e-01
-4.804232025146484375e+01 2.326998901367187500e+01 -7.270672798156738281e+00 3.509264617752255733e-01 -2.045979683617111522e-01 9.137780309069492013e-01
-5.145648193359375000e+01 -3.186337280273437500e+01 1.415627002716064453e+00 8.440850632938063924e-01 5.009266297242433996e-01 1.912927535412718150e-01
-3.002777862548828125e+01 1.750384330749511719e+01 -1.383644294738769531e+01 2.829492979338922853e-01 -8.251997561734324138e-02 9.555784365622900234e-01
-1.018775653839111328e+01 4.693747329711914062e+01 -9.534817695617675781e+00 1.007726765635142963e-01 -4.817765245222813686e-01 8.704804696703177802e-01
-5.024101257324218750e+01 -5.499815940856933594e+00 -1.515912055969238281e+01 -5.006205597538563312e-01 -8.153892958170635974e-02 -8.618181119670236257e-01
-2.549212265014648438e+01 5.236646652221679688e+01 1.202283978462219238e+00 4.105094996718950950e-01 -8.630640154497729588e-01 2.942829521308437668e-01
-6.788941955566406250e+01 1.232918643951416016e+01 1.634271621704101562e+01 -9.259757844154865580e-01 1.175149041768166064e-01 -3.588301742780807269e-01
-1.156552886962890625e+01 -6.682405853271484375e+01 1.552016448974609375e+01 7.341677284063965470e-01 2.925692417038061252e-02 6.783375110921407991e-01
-1.530952739715576172e+01 6.276456832885742188e+01 1.850440597534179688e+01 2.733460038167357942e-01 -8.443077352545953485e-01 4.608973968104799201e-01
-2.485223388671875000e+01 -1.879743766784667969e+01 -2.225279998779296875e+01 -1.816882954287474261e-01 -2.526055000952551199e-01 -9.503577350797025591e-01
4.315418243408203125e+00 1.880725479125976562e+01 -1.694061279296875000e+01 -2.545826681065204572e-02 -1.585030766009321301e-01 9.870302180577029683e-01
5.582240223884582520e-01 -2.106528282165527344e+01 -1.462939643859863281e+01 7.160788636100579030e-01 -2.465564967510498751e-02 6.975838014389572628e-01
-3.354821014404296875e+01 -1.544248867034912109e+01 -1.245589923858642578e+01 1.171757832077936073e-01 1.048650349896637496e-01 9.875591932974229215e-01
-1.004207992553710938e+01 -3.031303596496582031e+01 -1.265862274169921875e+01 4.041046922589871387e-02 1.692803220449878299e-01 9.847391362920883129e-01
-5.677510070800781250e+01 -1.433367538452148438e+01 -1.031797885894775391e+01 -5.319167059684503096e-01 -1.355766492027378756e-01 -8.358729509337116115e-01
-2.321250152587890625e+01 -2.608149909973144531e+01 -1.239609146118164062e+01 1.170660998636798428e-01 1.578359184752693711e-01 9.805015813866774232e-01
-2.536274337768554688e+01 -4.980117416381835938e+01 -1.231299114227294922e+01 -3.057139266707600278e-01 -3.638419613447784196e-01 -8.798625018742017856e-01
-6.453076934814453125e+01 -4.475295066833496094e+00 1.723529052734375000e+01 9.289549919835081715e-01 8.882234238409730809e-02 3.593789286565398089e-01
-4.197519683837890625e+01 -4.917063522338867188e+01 1.731576919555664062e+01 6.442480767543818931e-01 7.205632560621028082e-01 2.563844956534241382e-01
-6.247706222534179688e+01 7.122826099395751953e+00 -4.150971889495849609e+00 -9.431432163088357967e-01 1.248640648260176955e-01 -3.080419433222505443e-01
7.354904174804687500e+00 5.572697448730468750e+01 -4.135702133178710938e+00 -1.427807367388497506e-01 -6.936094944840931475e-01 7.060591550131135596e-01
-5.417090606689453125e+01 4.870262145996093750e+00 -1.282235145568847656e+01 -5.361191648017717970e-01 7.459881498693997359e-02 -8.408396148700386652e-01
-5.754006576538085938e+01 1.554580783843994141e+01 1.479627966880798340e+00 9.332785401036456374e-01 -2.879217582502905937e-01 2.146910051866848523e-01
-4.063272857666015625e+01 4.152955627441406250e+01 -1.009780311584472656e+01 -4.180939788918063282e-01 4.836920437060610034e-01 -7.689209528097615820e-01
-4.077704620361328125e+01 -2.541964721679687500e+01 -9.590461730957031250e+00 2.909562376807626194e-01 1.931927909431214729e-01 9.370277548089293029e-01
-5.937050628662109375e+01 2.591276359558105469e+01 1.724800682067871094e+01 8.058932100378162211e-01 -4.043069501952718525e-01 4.325182354985072641e-01
-6.489184856414794922e+00 3.602249908447265625e+01 -2.078960990905761719e+01 -1.931942338497749309e-02 2.071917129656082046e-01 -9.781095817741737308e-01
-6.670053100585937500e+01 -2.391914367675781250e+01 2.392345237731933594e+01 -8.436994943221951537e-01 -3.041230243959158197e-01 4.423577164611842139e-01
-1.043115425109863281e+01 -1.425284385681152344e+01 -2.343670463562011719e+01 7.313621430954150848e-02 -5.048455193644046934e-02 -9.960433746440189307e-01
-7.632960796356201172e+00 6.964878082275390625e+00 -2.381769752502441406e+01 7.217486837108215599e-03 1.652769036800065261e-01 -9.862207932272093469e-01
-3.369540405273437500e+01 -2.529062986373901367e+00 -1.331608295440673828e+01 2.271018467598016899e-01 5.105512300971633971e-02 9.725318121340558175e-01
-4.761640930175781250e+01 1.322433471679687500e+01 -1.610616493225097656e+01 -4.512204922327454626e-01 1.194388861919759015e-01 -8.843836383914274180e-01
-9.147216796875000000e+00 6.561024475097656250e+01 1.009757995605468750e+01 -1.728519338563787866e-01 8.772883043547531345e-01 -4.477582383434970947e-01
4.408351898193359375e+00 6.874272155761718750e+01 2.244795799255371094e+01 6.021373129095661941e-02 6.152155783638489916e-01 7.860560404337944007e-01
-2.620925521850585938e+01 -6.098970794677734375e+01 1.813655471801757812e+01 4.435737192225687742e-01 8.566360684188129015e-01 2.634710646333229822e-01
-5.166502761840820312e+01 -2.390688705444335938e+01 -1.121117877960205078e+01 -4.346335805139421860e-01 -2.030610479607418972e-01 -8.774165837791736422e-01
-1.933776092529296875e+01 6.385062217712402344e+00 -2.408432769775390625e+01 -1.720310366684499326e-01 9.185310727709440626e-02 -9.807998415101427669e-01
-3.719672393798828125e+01 -5.483699798583984375e+01 1.338639020919799805e+00 -5.980328684096970493e-01 -7.522226661270219328e-01 -2.766184174389419437e-01
-5.853357696533203125e+01 -1.752309036254882812e+01 5.685728073120117188e+00 9.255088936388946586e-01 2.845119453299855272e-01 2.499724800050127371e-01
-5.107142639160156250e+01 3.051284980773925781e+01 2.788228988647460938e+00 8.149628371771224788e-01 -5.238610274678483503e-01 2.478007221953668349e-01
-3.806686401367187500e+01 -3.486015701293945312e+01 -1.436721897125244141e+01 -3.514288476808352657e-01 -3.263790095165913785e-01 -8.774819127279429587e-01
-4.289239120483398438e+01 3.149859619140625000e+01 -1.357025241851806641e+01 -4.401389250843181222e-01 3.710082558653208240e-01 -8.176983555721472063e-01
-4.309494018554687500e+01 4.611052703857421875e+01 1.636355209350585938e+01 5.990527657282198604e-01 -7.221023012441748490e-01 3.459827313772138591e-01
-1.530605077743530273e+00 -4.479980850219726562e+01 -9.990110397338867188e+00 -2.013155763547930244e-02 2.274829813223002706e-01 9.735739384329713531e-01
-1.683230209350585938e+01 6.046728134155273438e+01 -6.978179812431335449e-01 -2.764894679819730472e-01 8.978031410088903597e-01 -3.427872431838966949e-01
-4.116147613525390625e+01 -9.728355407714843750e+00 -1.807224273681640625e+01 -3.651667173428982949e-01 -1.049647493527490622e-01 -9.250057675162497439e-01
-4.969125366210937500e+01 -4.211217117309570312e+01 6.491649746894836426e-01 -7.795357715251678421e-01 -5.876932756981387840e-01 -2.166577822554563992e-01
-1.631303024291992188e+01 -2.477419853210449219e+01 -2.230376434326171875e+01 -1.842130617410445703e-01 -2.971300714751142213e-01 -9.368987504043239101e-01
-2.083040618896484375e+01 -4.009680557250976562e+01 -1.052389812469482422e+01 1.371147258691692850e-01 2.421923813100360923e-01 9.604907091613102965e-01
1.349769973754882812e+01 6.275526428222656250e+01 1.262732124328613281e+01 -6.548727575396368072e-02 -9.578884008152684926e-01 2.795732968255226769e-01
-1.892706298828125000e+01 -5.875389862060546875e+01 -1.941179037094116211e+00 3.026349865467904965e-01 7.750469763044800509e-01 5.547199738959348592e-01
-2.160101890563964844e+01 3.207552719116210938e+01 -1.347481632232666016e+01 1.041711770591142311e-01 -1.779689787109799415e-01 9.785067237820542774e-01
2.138329029083251953e+00 6.385446166992187500e+01 8.524910211563110352e-01 1.604317536116742562e-02 9.582186839722596217e-01 -2.855863620882508891e-01
-2.112943458557128906e+01 -9.247089385986328125e+00 -2.399925613403320312e+01 3.980345702939527136e-02 -7.740820428468470071e-02 -9.962046249229770112e-01
-5.745727539062500000e+01 2.508212280273437500e+01 -3.687937974929809570e+00 -8.502358056505036066e-01 4.032461834315994587e-01 -3.383660596716046576e-01
-3.329217147827148438e+01 2.836556434631347656e+01 -1.848273468017578125e+01 -2.514309737084237106e-01 2.206045886957630209e-01 -9.423991091392260877e-01
-2.944695281982421875e+01 6.072162628173828125e+01 1.569225502014160156e+01 -4.412069602764787102e-01 8.347954453714148126e-01 -3.293220044132049162e-01
-9.381685256958007812e+00 -7.821168899536132812e+00 -1.575853347778320312e+01 2.865469559666308785e-02 6.851299347163607167e-02 9.972386264810535472e-01
-2.826909065246582031e+01 -3.531475448608398438e+01 -1.673213005065917969e+01 -1.755912624512065423e-01 -2.186401377521240419e-01 -9.598771789737078342e-01
-4.319766616821289062e+01 3.955303955078125000e+01 3.742060065269470215e-01 6.801399529366433105e-01 -6.787154216593571654e-01 2.770469650097285852e-01
-9.715448379516601562e+00 -6.351159667968750000e+01 3.111568927764892578e+00 1.932653472019190133e-01 9.335382004204907380e-01 3.019187538504246038e-01
-5.985797882080078125e+01 -1.488795042037963867e+00 1.638577938079833984e+00 9.781667132937987841e-01 1.195333545832472956e-02 2.074777066950273252e-01
-6.249599838256835938e+01 -1.417191886901855469e+01 1.587851810455322266e+01 9.364755942100216890e-01 1.769409878235655709e-01 3.028289092491132095e-01
-1.494523811340332031e+01 3.009293365478515625e+01 -2.153112983703613281e+01 -7.992819972570913700e-02 1.660273789502629271e-01 -9.828765905888250387e-01
1.459557056427001953e+00 3.082876777648925781e+01 -1.493102741241455078e+01 -3.888405625197309534e-02 -6.652165951303828061e-03 9.992215864649590662e-01
-5.556991577148437500e+01 -2.853088188171386719e+01 9.921862602233886719e+00 8.815046633960512690e-01 4.068046557296040033e-01 2.397071139698043474e-01
-1.017398452758789062e+01 5.875000000000000000e+01 -8.193411827087402344e+00 -1.515296668333808439e-01 7.874697392892627823e-01 -5.974363311458931181e-01
-2.298748016357421875e+01 1.532766437530517578e+01 -2.163953781127929688e+01 -2.017958494460621033e-01 1.753223139037201339e-01 -9.636080745789689095e-01
-2.474679756164550781e+01 -1.116780567169189453e+01 -1.419694423675537109e+01 1.788755118593634841e-01 1.253320244353373081e-01 9.758562572981692718e-01
-6.247665786743164062e+01 -1.232757472991943359e+01 -2.406651020050048828e+00 -9.385778737933706539e-01 -1.505265293465535281e-01 -3.105049738545204718e-01
-6.051018142700195312e+01 1.673121833801269531e+01 1.142121028900146484e+01 9.100538554426549354e-01 -2.911751999307768957e-01 2.949898017546224160e-01
3.855385065078735352e+00 4.894308853149414062e+01 -1.686508178710937500e+01 -2.030534677697661688e-02 5.654137190284989067e-01 -8.245574687228467425e-01
-5.325081253051757812e+01 -3.812596893310546875e+01 2.118339538574218750e+01 7.935382591598522106e-01 5.406468336381712314e-01 2.792812785106993934e-01
-3.464543914794921875e+01 5.396360015869140625e+01 4.511003971099853516e+00 -5.362938972990123343e-01 8.286854386815192264e-01 -1.602164143808446906e-01
-6.924484252929687500e+00 -5.427014541625976562e+01 -6.689436912536621094e+00 5.055969010430046845e-02 4.083199735941223096e-01 9.114376099880081572e-01
-3.826802062988281250e+01 1.226868247985839844e+01 -1.304985523223876953e+01 1.060350619714041515e-01 -3.577037159629650048e-02 9.937187963144218372e-01
-5.774943923950195312e+01 3.341242980957031250e+01 1.137092399597167969e+01 -6.592609014762339514e-01 5.552267318124853857e-01 -5.070486565070158047e-01
-1.656107711791992188e+01 2.230349159240722656e+01 -1.506010341644287109e+01 2.792920827899480346e-02 1.286493702133796732e-03 9.996090757185345232e-01
-3.461982345581054688e+01 -5.106778335571289062e+01 -8.326474189758300781e+00 -3.913724060747574840e-01 -5.454240055343146931e-01 -7.411749415287587350e-01
-4.960122680664062500e+01 -4.611977005004882812e+01 1.226222324371337891e+01 -7.765160835138364970e-01 -6.161169516646932687e-01 -1.319949768579792571e-01
-5.173456573486328125e+01 3.925924682617187500e+01 1.956197166442871094e+01 6.746968897978170565e-01 -5.810384295000584620e-01 4.551685955129791128e-01
9.867969751358032227e-01 -3.265475082397460938e+01 -2.172783660888671875e+01 4.319801287487296526e-01 -2.807694401648884175e-01 -8.570657441735295423e-01
-3.921022796630859375e+01 -5.573587799072265625e+01 1.068321323394775391e+01 -5.395782329171789904e-01 -8.286908630416256472e-01 -1.487507447823378792e-01
-3.778357696533203125e+01 2.630121946334838867e+00 -2.013707160949707031e+01 -1.375554049824688208e-01 1.272272760693920757e-01 -9.822890260936806284e-01
-1.241889953613281250e+01 3.041980028152465820e+00 -1.641352081298828125e+01 1.224801895017045839e-01 1.081718251343462833e-01 9.865583912910228515e-01
-2.541746139526367188e+00 2.643452072143554688e+01 -2.296826934814453125e+01 -9.881333664668359718e-02 6.567089779869608179e-01 -7.476424564804160511e-01
-6.780371093750000000e+01 3.390172958374023438e+00 1.345122718811035156e+01 -9.622807496067383726e-01 6.787512710303456043e-02 -2.634553587555974463e-01
-4.078558349609375000e+01 -1.967218971252441406e+01 -1.678164482116699219e+01 -2.520027555847630940e-01 -1.172823655794002912e-01 -9.605932843309836766e-01
-7.149417877197265625e+00 4.480735778808593750e+01 -1.792280006408691406e+01 -1.051470360317640351e-01 3.661672397653733535e-01 -9.245894512357052397e-01
-2.288327407836914062e+01 7.801771163940429688e+00 -1.517192363739013672e+01 1.187970163537889479e-01 -4.011734570136178679e-02 9.921077902523067760e-01
-4.257457733154296875e+01 -5.472660446166992188e+01 2.467975044250488281e+01 -2.708288221906281490e-01 -2.615407624604190184e-01 9.264168492867882465e-01
-2.647515869140625000e+01 -1.334702014923095703e+00 -2.343792152404785156e+01 -2.687638559013557082e-01 1.616016263373733497e-01 -9.495530022732545650e-01
-1.838684463500976562e+01 4.264463806152343750e+01 -1.028018093109130859e+01 1.394383226902080053e-01 -4.349123492435259530e-01 8.896112649021586938e-01
-2.831438064575195312e+00 1.205604457855224609e+01 -1.756331443786621094e+01 7.467805405886555892e-02 -1.039908702984278510e-01 9.917706827369705547e-01
-2.828383255004882812e+01 5.234809112548828125e+01 -8.252392768859863281e+00 -3.604711042875719529e-01 6.779814149877138041e-01 -6.406260874370912628e-01
-8.456598281860351562e+00 -2.170625877380371094e+01 -1.414691066741943359e+01 3.203805485486675708e-02 1.689581221301297842e-01 9.851023885908390954e-01
-8.219959259033203125e+00 -4.998188400268554688e+01 -1.441654491424560547e+01 -3.489937871119399432e-02 -3.112455060796040507e-01 -9.496885112029226361e-01
-1.835466384887695312e+01 -5.612068176269531250e+01 -1.038800430297851562e+01 -2.496426828882586935e-01 -3.836390989638175930e-01 -8.891004288754913443e-01
-3.175468063354492188e+01 4.275570678710937500e+01 -6.823667049407958984e+00 3.349066930849372570e-01 -4.682140778725318309e-01 8.176876446473227977e-01
-1.338304138183593750e+01 6.917933654785156250e+01 2.423963546752929688e+01 -4.524086629721187774e-02 7.839915256888895234e-01 6.191207892363856935e-01
8.991245269775390625e+00 4.423172760009765625e+01 -1.153350734710693359e+01 -5.218200309140182125e-02 -3.331257173269399074e-01 9.414373558600597214e-01
-1.463706111907958984e+01 1.816271018981933594e+01 -2.301056671142578125e+01 -2.288584461561708472e-01 1.472441215937310144e-01 -9.622593103104140067e-01
-3.192056083679199219e+01 5.885721206665039062e+01 2.401662063598632812e+01 3.754423127817517747e-01 -5.973440492379782363e-01 7.086770467660605810e-01
-2.728501129150390625e+01 5.457433700561523438e+01 9.919941902160644531e+00 4.187327245007632648e-01 -8.514526603092216206e-01 3.157392479317660539e-01
-1.009724235534667969e+01 -3.379740905761718750e+01 -2.094949722290039062e+01 -2.661433283851888376e-01 -3.766664365304518425e-01 -8.872937080513445540e-01
2.566183090209960938e+00 3.744257354736328125e+01 -2.066251564025878906e+01 5.799198868734333802e-03 1.675496637024712077e-01 -9.858465800953359892e-01
-1.146580886840820312e+01 3.422261428833007812e+01 -1.394188213348388672e+01 9.185012636376092832e-02 -1.948587317404031904e-01 9.765211871493023610e-01
-2.741476249694824219e+01 3.751234817504882812e+01 -1.736182212829589844e+01 -2.075005871192014684e-01 3.127570288355853712e-01 -9.268907957570425848e-01
-3.990052032470703125e+01 -3.796391296386718750e+01 -6.511438846588134766e+00 2.948215598732383813e-01 2.651701519159833653e-01 9.180223517795004229e-01
4.485050141811370850e-01 -4.116528320312500000e+01 -1.780639266967773438e+01 8.426710140147103401e-01 -2.519042474550769461e-01 -4.758674313855817406e-01
-2.573606491088867188e+01 -6.218652725219726562e+01 2.054586887359619141e+00 -4.303390247468618646e-01 -8.687360896285711842e-01 -2.451651083592009672e-01
1.467821121215820312e+01 6.009433746337890625e+01 -5.351703166961669922e+00 7.451900873586316809e-01 5.762046998815225640e-01 -3.356782351253644325e-01
9.539588928222656250e+00 3.372238540649414062e+01 -1.482396697998046875e+01 9.717279173386091928e-01 -2.098803203265006412e-01 1.081439124704421384e-01
-3.129944229125976562e+01 -6.298477172851562500e+01 2.470760726928710938e+01 -3.229262839957495745e-01 -4.051270508464469566e-01 8.553307475925069348e-01
-4.998202896118164062e+01 1.096389675140380859e+01 -8.225502014160156250e+00 3.861577210823257666e-01 -9.159957398073124979e-02 9.178734839263269496e-01
-5.226456451416015625e+01 -1.766371011734008789e+00 -7.769101142883300781e+00 3.139341756630549263e-01 1.125203776578495487e-03 9.494440832756920745e-01
-1.358042430877685547e+01 5.890128326416015625e+01 7.283457756042480469e+00 2.987749304128000105e-01 -8.744008158789495777e-01 3.823045306389318276e-01
-5.473958587646484375e+01 -3.008363151550292969e+01 -6.318260192871093750e+00 -7.638558317555694810e-01 -3.923183967086956714e-01 -5.124554067398700008e-01
-1.253923130035400391e+01 -3.823184585571289062e+01 -1.129474067687988281e+01 1.824342291443474193e-02 1.468125628466731003e-01 9.889960813424675257e-01
-2.189156341552734375e+01 -6.693842315673828125e+01 1.411279773712158203e+01 -4.167969065019075381e-01 -8.908586205117478007e-01 -1.806965882089245634e-01
-3.689136981964111328e+00 -6.158000183105468750e+01 -2.958949089050292969e+00 7.471906620721960324e-02 7.392847199497725175e-01 6.692347600012327202e-01
-5.835797500610351562e+01 -2.821437072753906250e+01 1.817787551879882812e+01 8.548802275025680908e-01 3.943607942573447711e-01 3.371340394826270459e-01
7.283949851989746094e-01 -2.131794166564941406e+01 -2.294793510437011719e+01 7.344814565321531319e-01 -3.399653586485817947e-02 -6.777766782352400154e-01
-3.310282897949218750e+01 5.829385757446289062e+00 -1.365950775146484375e+01 2.116333525483508338e-01 3.286593132783229270e-03 9.773436050820227816e-01
-3.688234329223632812e+01 2.611207199096679688e+01 -1.138245677947998047e+01 3.586129641179761629e-01 -2.628873219424337493e-01 8.957047493055143583e-01
-1.585529041290283203e+01 -4.446675491333007812e+01 -1.575392913818359375e+01 -4.664576929152810386e-02 -2.797953368987322609e-01 -9.589258269839886495e-01
8.471187591552734375e+00 6.881134796142578125e+01 1.529368686676025391e+01 5.188993757490224790e-02 9.281510948349175338e-01 -3.685688260491066792e-01
-3.939154148101806641e+00 -1.422245788574218750e+01 -1.541040134429931641e+01 3.227948528451235477e-02 1.129117079488312636e-01 9.930805511326080692e-01
-6.222523117065429688e+01 -1.513100981712341309e+00 9.916913986206054688e+00 9.459957911623765314e-01 1.182104491338764780e-02 3.239633096513013788e-01
-2.766808032989501953e+00 6.136582183837890625e+01 -5.261406898498535156e+00 -5.321740117539154602e-02 9.194599210195025796e-01 -3.895656066068304835e-01
-7.093752288818359375e+01 -5.465802192687988281e+00 2.303557014465332031e+01 -9.806655470272381825e-01 -1.384700459583490806e-01 1.382791786425578151e-01
-5.628932952880859375e+00 -5.440279960632324219e+00 -2.260896682739257812e+01 1.509941487479121991e-01 -3.757363705596706294e-01 -9.143429044305747544e-01
-2.536050796508789062e+01 -2.685613822937011719e+01 -2.023122978210449219e+01 -1.829813187045175316e-01 -2.258101405199339218e-01 -9.568320737953569521e-01
-2.734389686584472656e+01 2.562159538269042969e+01 -1.365392971038818359e+01 8.870626730404138072e-02 -7.273165354462698962e-02 9.933988648642841923e-01
3.102461099624633789e+00 4.963456726074218750e+01 -8.689717292785644531e+00 -1.116742048851084891e-02 -5.481433724425075482e-01 8.363098301269614732e-01
-5.107139968872070312e+01 3.869552230834960938e+01 2.120974063873291016e+00 -7.392402523117582724e-01 6.124316536924585552e-01 -2.800916259326018953e-01
-3.229461669921875000e+01 -3.034043121337890625e+01 -1.090421295166015625e+01 1.854212178045413217e-01 2.248873969517096449e-01 9.565796520312175311e-01
-4.264831924438476562e+01 -4.657110214233398438e+00 -1.197189712524414062e+01 3.200043732181016565e-01 2.268259114000648752e-02 9.471444985747766721e-01
-6.927389526367187500e+01 1.046604347229003906e+01 2.405380439758300781e+01 1.120546394333338108e-01 5.321366837964583256e-03 9.936877984741693259e-01
-1.748655700683593750e+01 -7.888850212097167969e+00 -1.526763916015625000e+01 1.018848398178946180e-01 8.109875301624956678e-02 9.914849830806774511e-01
-6.477659606933593750e+01 2.944576454162597656e+01 2.332554817199707031e+01 -7.304972897144995647e-01 3.244544493335543844e-01 6.009184803510624340e-01
-3.234051895141601562e+01 -1.700712203979492188e+01 -2.016065025329589844e+01 -3.493976563946352698e-01 -1.923644665905571427e-01 -9.170153704814695272e-01
-5.072539520263671875e+01 -9.755361557006835938e+00 -8.010682106018066406e+00 3.553753962573429348e-01 7.432267027816526206e-02 9.317641699580745396e-01
7.568394184112548828e+00 2.580802154541015625e+01 -1.522087764739990234e+01 7.633925220740398476e-01 -3.800126083246156972e-01 5.223239174647842376e-01
-8.790046691894531250e+00 1.821397018432617188e+01 -1.639791297912597656e+01 2.081775876115576906e-01 -2.979144593069718572e-01 9.316163732739281000e-01
-6.022434616088867188e+01 -2.567240715026855469e+01 4.064521789550781250e+00 -9.079334942349326365e-01 -3.847851130027838407e-01 -1.661240104794617922e-01
-1.477348613739013672e+01 4.679768371582031250e+01 -1.591662788391113281e+01 -1.633229132879308043e-01 4.724275343124236248e-01 -8.661049883349171141e-01
3.697142124176025391e+00 -6.894585418701171875e+01 2.030419111251831055e+00 6.841574694425113234e-01 -7.087553795964351977e-01 1.720301395079708862e-01
-4.400705718994140625e+01 1.730711174011230469e+01 -1.032664966583251953e+01 3.823998205147494667e-01 -1.497626999834168471e-01 9.117793104496089152e-01
-6.583106231689453125e+01 2.054067230224609375e+01 1.618909645080566406e+01 -8.771938332766703317e-01 2.997172303676660654e-01 -3.751007340463577422e-01
-4.186002731323242188e+01 3.449454498291015625e+01 -6.426414012908935547e+00 4.756022204982162660e-01 -3.852625799675161167e-01 7.908067224890917846e-01
3.058177947998046875e+00 2.114447975158691406e+01 -2.428616714477539062e+01 7.078897134300295158e-02 5.366563561966998519e-02 -9.960466460411060430e-01
-3.418514633178710938e+01 1.395702743530273438e+01 -1.948493576049804688e+01 -1.470091051384605496e-01 9.686675997067664690e-02 -9.843805939874944455e-01
-2.617057800292968750e+01 -1.890815734863281250e+01 -1.310281944274902344e+01 1.376607151141757968e-01 1.467439349229567591e-01 9.795487456362653722e-01
-4.153635406494140625e+01 5.370498275756835938e+01 1.728135681152343750e+01 -5.830710400087978362e-01 7.462997656055885276e-01 -3.210371040239779483e-01
-4.833768081665039062e+01 -3.905361557006835938e+01 7.646512031555175781e+00 7.828669610550370583e-01 5.639998116933151451e-01 2.627233025415827150e-01
-2.180459213256835938e+01 5.926476287841796875e+01 1.615993881225585938e+01 3.822920879600260058e-01 -8.615652890386139573e-01 3.340030122723043893e-01
-1.127886772155761719e+01 -6.915738677978515625e+01 8.111081123352050781e+00 -2.533636173729015284e-01 -9.189890223965291316e-01 -3.021027211171548044e-01
-3.748883962631225586e+00 6.403739929199218750e+01 1.573376274108886719e+01 1.623672671216968288e-01 -8.685310291016435924e-01 4.682848727591691351e-01
-3.636387252807617188e+01 4.630004882812500000e+01 2.464334964752197266e+00 5.562263053317021422e-01 -7.896066709621561985e-01 2.591015291909824492e-01
6.676599979400634766e-01 1.866950035095214844e+00 -2.332477760314941406e+01 9.816551701196600532e-02 -4.784312232441063906e-02 -9.940193996678459154e-01
-5.030154037475585938e+01 4.443930053710937500e+01 1.407610416412353516e+01 -6.756044222796618870e-01 6.333842586400802999e-01 -3.773367799501133879e-01
-1.776855087280273438e+01 -3.200457763671875000e+01 -1.204263401031494141e+01 -4.004001515093395976e-03 1.066445868862569146e-01 9.942891430865201663e-01
-6.388922119140625000e+01 1.354649925231933594e+01 5.291861057281494141e+00 -9.452890039842096748e-01 2.599326663531432158e-01 -1.971388036614970807e-01
-2.655160331726074219e+01 -4.262149810791015625e+01 -1.519999980926513672e+01 -1.793801742696081725e-01 -2.852737222801661199e-01 -9.415103060803017287e-01
-1.746656799316406250e+01 -1.720228195190429688e+01 -2.355528259277343750e+01 7.509411205829541469e-02 -2.958785780052932551e-02 -9.967373942041863888e-01
-1.420341873168945312e+01 5.401006317138671875e+01 -3.833051919937133789e+00 1.406519320168538867e-01 -7.996808041264913403e-01 5.837188069023768744e-01
-1.535803794860839844e+01 -2.473923301696777344e+01 -1.323909854888916016e+01 6.599637681279013623e-02 1.110504159828677034e-01 9.916210381782025740e-01
-2.282382965087890625e+00 6.513637542724609375e+01 6.902863025665283203e+00 -1.054516277251888734e-01 9.404181631306823830e-01 -3.232547488653825796e-01
-2.306004714965820312e+01 -5.276951217651367188e+01 -5.471333026885986328e+00 2.208674939132218573e-01 4.605184001409496908e-01 8.597327219921974129e-01
-1.023774337768554688e+01 2.431284904479980469e+01 -2.293428993225097656e+01 -1.721190532229870673e-01 1.168149807130178935e-01 -9.781253967659974125e-01
-5.102992248535156250e+01 1.917030525207519531e+01 -1.286785888671875000e+01 -4.786341420044137318e-01 1.811002862503387489e-01 -8.591344740072675012e-01
6.691493988037109375e+00 5.554323577880859375e+01 -1.172064304351806641e+01 3.894707099046115784e-02 5.829514777496651590e-01 -8.115729790048122894e-01
-5.299191284179687500e+01 -1.891154289245605469e+01 -5.696175098419189453e+00 5.939346417121449395e-01 1.901197040755616408e-01 7.817263840350323623e-01
4.712730050086975098e-01 -8.102366447448730469e+00 -1.680145835876464844e+01 9.606247454160861121e-01 2.460142884127545504e-01 1.291397242952200541e-01
-5.237529754638671875e+01 2.924926567077636719e+01 -8.659789085388183594e+00 -6.498291686149031410e-01 3.655209690411224677e-01 -6.664206425438085057e-01
-4.274568557739257812e+01 7.997364044189453125e+00 -1.836275863647460938e+01 -3.717475572848736864e-01 1.303372951944097372e-02 -9.282423581950695057e-01
-3.800421524047851562e+01 -4.764231109619140625e+01 -9.420059919357299805e-01 6.907613905128791032e-01 6.758231014810999193e-01 2.571222216790695625e-01
-2.232756423950195312e+01 4.811987304687500000e+01 -6.707311153411865234e+00 2.276541367921172954e-01 -5.238363526640176238e-01 8.208343740542880518e-01
6.588286876678466797e+00 6.085105133056640625e+01 5.997128009796142578e+00 -3.622800597829485547e-02 -9.425705646538167226e-01 3.320365374940258407e-01
-2.282066535949707031e+01 -6.088109588623046875e+01 9.814548492431640625e+00 4.198025583735557897e-01 8.886707891338160303e-01 1.844723299665779470e-01
-5.849917888641357422e+00 5.236425018310546875e+01 -6.865346908569335938e+00 2.556272041841251008e-02 -5.002514860252830209e-01 8.655027429501919167e-01
-3.205041885375976562e+00 -2.755236625671386719e+01 -1.331431579589843750e+01 -1.077279051116636702e-02 1.507173510063897770e-01 9.885181976525364567e-01
-6.706862926483154297e+00 5.133347320556640625e+01 -1.434956359863281250e+01 -1.221390729481516141e-01 6.147666575620359675e-01 -7.791944581485216181e-01
-4.697799682617187500e+01 -3.619072723388671875e+01 -2.794620990753173828e+00 7.304815042996669616e-01 4.288012505493699611e-01 5.315319928314682363e-01
-3.025565147399902344e+01 2.181778526306152344e+01 -1.995130538940429688e+01 -1.274344628884906405e-01 -6.533176945478647024e-02 -9.896929915727546989e-01
-2.289564514160156250e+01 5.738606262207031250e+01 -3.489733934402465820e+00 -3.509791108669780835e-01 8.821641553001874358e-01 -3.140064757907587989e-01
-3.203746414184570312e+01 -6.129116058349609375e+01 1.365461349487304688e+01 -5.386540934390239288e-01 -8.305852389452237361e-01 -1.413503748409915828e-01
-5.361770629882812500e+01 1.875762748718261719e+01 -4.429316043853759766e+00 7.083934608739609340e-01 -2.889765164727938762e-01 6.439497476653447405e-01
-3.594046115875244141e+00 -6.012593078613281250e+01 -1.012042331695556641e+01 -5.944454356187852534e-02 -4.193629339472278450e-01 -9.058703416449249701e-01
-4.698345184326171875e+01 -2.792818832397460938e+01 -6.717244148254394531e+00 3.458806261251558545e-01 2.196482402674081458e-01 9.122067983843911154e-01
-1.536400890350341797e+01 -6.541216278076171875e+01 -1.051954984664916992e+00 -2.572980486599363292e-01 -9.152419803629137096e-01 -3.100481116490813038e-01
-4.814863586425781250e+01 1.387817025184631348e+00 -1.642034912109375000e+01 -3.599100645048893266e-01 1.990878846568473748e-02 -9.327745631233277379e-01
-1.369284534454345703e+01 1.099673080444335938e+01 -2.372087478637695312e+01 7.610206348912805334e-03 1.026192926881543815e-02 -9.999183854530372395e-01
-4.216653442382812500e+01 4.575302124023437500e+01 -3.262722015380859375e+00 -6.213206112141089754e-01 7.025449798169126625e-01 -3.469744218448667650e-01
-5.545359802246093750e+01 6.260591030120849609e+00 -5.774090766906738281e+00 6.281809556217954338e-01 -8.357013053885646581e-02 7.735662352221730487e-01
-3.753755950927734375e+01 -4.298590087890625000e+01 -1.119316768646240234e+01 -3.182582573354573174e-01 -3.673989521248384738e-01 -8.739162955428675383e-01
-2.556645774841308594e+01 3.882098388671875000e+01 -1.047014427185058594e+01 2.283490002103957250e-01 -3.588416443588487437e-01 9.050355840389648909e-01
-2.275498962402343750e+01 1.782953834533691406e+01 -1.483531284332275391e+01 6.085205247316487209e-02 1.614746213114933706e-03 9.981454905495843466e-01
-7.359290122985839844e-01 2.394418525695800781e+01 -1.554861736297607422e+01 5.294927622422317126e-02 -2.018114306198934838e-01 9.779920861737495530e-01
-5.295907974243164062e+00 -3.834143447875976562e+01 -1.127642726898193359e+01 -9.369498700315632284e-03 1.852411327052633783e-01 9.826484291180521691e-01
-3.309956741333007812e+01 4.071932983398437500e+01 -1.386561584472656250e+01 -3.393566592678046168e-01 4.700275528216584231e-01 -8.148074357779746535e-01
-6.855335998535156250e+01 -1.046320152282714844e+01 1.779101753234863281e+01 -9.294668005689185053e-01 -1.539626564405830456e-01 -3.352416547237786482e-01
-4.808215332031250000e+01 -4.334920883178710938e+01 1.876844596862792969e+01 7.136127494806843163e-01 6.473427832699510942e-01 2.677763333958608771e-01
-6.461010742187500000e+01 -1.722723579406738281e+01 9.564033508300781250e+00 -8.925243666206397197e-01 -2.306878485195506256e-01 -3.875349939474457828e-01
-2.876866531372070312e+01 -4.729122161865234375e+01 -6.444027900695800781e+00 1.798755106693058492e-01 2.980244195902764792e-01 9.374573302232669381e-01
-6.734400177001953125e+01 -1.862668418884277344e+01 1.906587219238281250e+01 -9.090768355993650296e-01 -2.103564166907946620e-01 -3.596240883668025967e-01
-1.951003265380859375e+01 5.567902374267578125e+01 3.966463088989257812e+00 3.030893241094616553e-01 -8.823862362632530765e-01 3.599046980299651088e-01
-5.886347961425781250e+01 -3.531878280639648438e+01 1.682841873168945312e+01 -8.258222176927436653e-01 -4.949131454022368537e-01 -2.703306184528548872e-01
-3.657704162597656250e+01 3.413578414916992188e+01 -1.576498794555664062e+01 -3.667506230052768323e-01 3.730545221670322209e-01 -8.522466215925813549e-01
-1.609908676147460938e+01 6.454584503173828125e+01 1.149694252014160156e+01 -2.550323753466254839e-01 9.258446000346067795e-01 -2.788732043632325408e-01
-2.982120132446289062e+01 -5.465070724487304688e+01 1.296759963035583496e+00 5.177949635521098548e-01 8.203078726754653438e-01 2.428649207825656631e-01
-4.466905212402343750e+01 -5.112374114990234375e+01 1.100947952270507812e+01 -6.715505790339079129e-01 -7.225300641334553298e-01 -1.642258390830383108e-01
-6.570045471191406250e+01 6.127892971038818359e+00 1.968179130554199219e+01 8.929830549816943908e-01 -7.752868751649069634e-02 4.433627928993708611e-01
1.821856021881103516e+00 -5.814016723632812500e+01 -5.853864192962646484e+00 6.486166757458181609e-01 3.954068859410670989e-01 6.503459098778372471e-01
-5.673725891113281250e+01 -8.409917831420898438e+00 -4.478915214538574219e+00 7.224764147933778746e-01 8.037000972701290047e-02 6.867084473077251783e-01
-4.745184707641601562e+01 -1.219120883941650391e+01 -1.588544368743896484e+01 -3.894257013351044572e-01 -1.448632695869010723e-01 -9.095945559776920097e-01
1.285527944564819336e+00 6.922270965576171875e+01 1.610020828247070312e+01 -5.582554794177409935e-02 9.073779252628287884e-01 -4.165918973560637228e-01
-6.453146362304687500e+01 3.978914022445678711e+00 1.851531028747558594e+00 -9.531923375464387282e-01 6.229178341222898346e-02 -2.958785246720011530e-01
-4.329262542724609375e+01 4.980402374267578125e+01 2.289486694335937500e+01 5.221173153073904727e-01 -6.363413249448056641e-01 5.678584570328175651e-01
-8.996978759765625000e+00 -4.432293319702148438e+01 -1.018439865112304688e+01 1.200736617698133259e-02 2.961365112420308310e-01 9.550701491863782255e-01
-4.645270538330078125e+01 2.485032463073730469e+01 -1.409310626983642578e+01 -5.626531143092990961e-01 2.961109723701572105e-01 -7.718418005006250082e-01
-3.677821731567382812e+01 -9.141676902770996094e+00 -1.258845424652099609e+01 5.463608667008474501e-02 2.442530142682880490e-02 9.982075448941405416e-01
-4.751080989837646484e+00 -6.790932464599609375e+01 -5.535399913787841797e-02 -8.806600275670692368e-02 -9.342579478269119608e-01 -3.455524071406576025e-01
-3.606888580322265625e+01 5.802291870117187500e+01 1.831316566467285156e+01 -5.346448972072840311e-01 7.809428693595819038e-01 -3.229288910683520974e-01
-1.995766448974609375e+01 6.746237945556640625e+01 2.130896949768066406e+01 -3.257160964884721621e-01 8.844102304796358505e-01 -3.342567407117914557e-01
1.335734939575195312e+01 5.287726974487304688e+01 -6.371414184570312500e+00 6.349680581680130498e-01 -4.863317385972792395e-01 6.002474532551473896e-01
-1.300737571716308594e+01 5.326940917968750000e+01 -1.201503753662109375e+01 -1.555124843721676919e-01 5.067938979660157051e-01 -8.479244141955154523e-01
-3.465257263183593750e+01 -2.227934265136718750e+01 -1.184782505035400391e+01 1.019184548859079914e-01 8.566263849578319156e-02 9.910976444930186258e-01
-2.171553421020507812e+01 3.245663452148437500e+01 -2.041451072692871094e+01 -2.834822795678190177e-01 4.503955408946666572e-01 -8.466295848322532569e-01
-4.161465167999267578e+00 3.518466186523437500e+01 -1.428749847412109375e+01 4.545559807841204059e-02 -2.896861932717691435e-01 9.560416821619468486e-01
-3.664016723632812500e+01 -4.182365894317626953e+00 -2.061060333251953125e+01 -3.251204122278554265e-01 -5.890326471306538830e-02 -9.438363856934800511e-01
-9.441595077514648438e+00 4.071039962768554688e+01 -1.282239913940429688e+01 9.091421795630248714e-02 -2.493354253152908762e-01 9.641402650321356793e-01
-3.984442520141601562e+01 5.231496429443359375e+01 1.010429668426513672e+01 -5.301400188062698193e-01 7.584445515815786409e-01 -3.790955323349326500e-01
-5.545714569091796875e+01 3.303349304199218750e+01 1.783595466613769531e+01 7.442771855816657789e-01 -5.239253757938050482e-01 4.141903808901831741e-01
-4.489649963378906250e+01 -4.749187850952148438e+01 5.336999893188476562e-02 -7.133228975347786216e-01 -6.606322361890051287e-01 -2.339561761537874152e-01
-4.429781341552734375e+01 4.126505661010742188e+01 7.129436969757080078e+00 6.761619377949524834e-01 -6.636305368400164939e-01 3.199992882035931352e-01
-3.405675888061523438e+00 4.620105743408203125e+01 -1.069118213653564453e+01 2.029788869834698445e-02 -5.785328734720920352e-01 8.154064692081576249e-01
-1.357032299041748047e+01 -5.627655029296875000e+01 -5.478672027587890625e+00 1.297485337517863546e-01 4.158718329018287752e-01 9.001199567769482268e-01
-5.609383392333984375e+01 -7.363163948059082031e+00 -1.153604125976562500e+01 -4.856373915364073368e-01 -6.672934828341700597e-02 -8.716097280431103211e-01
-2.966465187072753906e+01 4.816715240478515625e+01 -3.007220029830932617e+00 4.145744132064945742e-01 -7.557558171854941165e-01 5.069134055287716212e-01
-4.561927032470703125e+01 -2.408028793334960938e+01 -1.438758659362792969e+01 -4.171337217197874092e-01 -2.389948100222095417e-01 -8.768585627036135088e-01
-5.518514251708984375e+01 2.257161140441894531e+01 2.320163011550903320e+00 9.072959455102176385e-01 -3.664150480246117780e-01 2.062864024647323435e-01
4.082910120487213135e-01 5.532917022705078125e+01 -5.004186153411865234e+00 -4.467589620559794111e-02 -7.055089081299816822e-01 7.072914850664240305e-01
-6.109198760986328125e+01 1.421656417846679688e+01 -4.168513774871826172e+00 -9.150319709890123443e-01 2.256554581568585571e-01 -3.343592473253602093e-01
-5.622620391845703125e+01 -3.424724960327148438e+01 5.985208034515380859e+00 -8.311899322711786553e-01 -5.099432228346773011e-01 -2.215427858812286654e-01
-5.098118591308593750e+01 -1.723102760314941406e+01 -1.300735569000244141e+01 -5.222116108166660053e-01 -1.672288553864630378e-01 -8.362592561247955691e-01
-3.978757858276367188e+01 -2.821676635742187500e+01 -1.568934631347656250e+01 -2.473530882685852916e-01 -2.140427538704720301e-01 -9.449879095732061085e-01
1.165091037750244141e+00 -2.653181457519531250e+01 -1.865653800964355469e+01 9.986589826521250490e-01 4.484678888057062884e-02 -2.586507095145901269e-02
-5.961628723144531250e+01 -8.167538642883300781e+00 2.648167133331298828e+00 9.720903964940135200e-01 7.650810981308833747e-02 2.217809057988090471e-01
-5.315385818481445312e+00 5.362037181854248047e+00 -1.767911148071289062e+01 6.424433290044304079e-02 5.438281340901413713e-02 9.964512909800946616e-01
-6.164287185668945312e+01 -2.227692985534667969e+01 1.976304435729980469e+01 8.588375872212526962e-01 3.295948156321469313e-01 3.921291321546873099e-01
-3.707298278808593750e+01 1.907822418212890625e+01 -1.283007049560546875e+01 2.424397424456267991e-01 -1.387644311951509168e-01 9.601913371396267882e-01
-5.900440216064453125e+01 8.763151168823242188e+00 1.388555049896240234e+00 9.596942898791707144e-01 -1.262721143346589581e-01 2.510821043299759081e-01
-2.430751228332519531e+01 -3.380285263061523438e+01 -1.150002193450927734e+01 7.506368161446563825e-02 5.411833282792773148e-02 9.957091190475297893e-01
-4.132853317260742188e+01 1.483190059661865234e+01 -1.846456146240234375e+01 -2.850065192805817937e-01 8.246893520850216708e-02 -9.549712868422501888e-01
-2.617063903808593750e+01 5.835997772216796875e+01 4.171361923217773438e+00 -3.963690570939897295e-01 9.012330018494935091e-01 -1.751303713116964533e-01
-1.116399765014648438e+01 6.764497375488281250e+01 1.617431449890136719e+01 -2.057014794601633723e-01 8.909397729242671815e-01 -4.048619794072483846e-01
4.105918884277343750e+00 6.149765396118164062e+01 -5.254375934600830078e+00 3.911169085128297224e-02 9.166418089220634835e-01 -3.977914903248195300e-01
9.025169372558593750e+00 3.468667221069335938e+01 -2.151884651184082031e+01 5.946084236361756092e-01 -9.650452388942597215e-02 -7.982027934114096501e-01
-5.654564666748046875e+01 4.117633819580078125e+01 2.378618240356445312e+01 -3.479557356151886660e-01 2.349602082348871135e-01 9.075904949913872199e-01
-6.519262695312500000e+01 1.598176956176757812e+01 2.123613166809082031e+01 8.043339864120724325e-01 -1.921976954432031981e-01 5.622338340662059730e-01
-4.293596267700195312e+01 2.753009414672851562e+01 -8.203220367431640625e+00 4.186933617151006315e-01 -3.277642753198213299e-01 8.469158450990158515e-01
-1.871390724182128906e+01 -5.013102340698242188e+01 -1.337471103668212891e+01 -1.801025794947631875e-01 -4.238008693846642694e-01 -8.876687918182859516e-01
-6.341273784637451172e+00 -1.949845123291015625e+01 -2.317828941345214844e+01 1.119541074807309071e-02 6.519152448681896084e-02 -9.978099658318042575e-01
9.093708038330078125e+00 6.636653900146484375e+01 9.134701728820800781e+00 6.535534757440758513e-02 9.060191587262147461e-01 -4.181602115989404012e-01
-5.718869781494140625e+01 -1.672209167480468750e+01 -1.017971992492675781e+00 9.167625996641142194e-01 2.256361568618665825e-01 3.295977253770151494e-01
4.636379241943359375e+00 1.221939182281494141e+01 -1.781661796569824219e+01 4.011072013798947511e-01 -2.641313987570350075e-01 8.771246303643744913e-01
-5.444708633422851562e+01 2.845780563354492188e+01 8.132273674011230469e+00 8.268173510628274991e-01 -4.841599202134811986e-01 2.862904812254931097e-01
-5.452215957641601562e+01 -2.548301506042480469e+01 6.754729747772216797e-01 8.971878946849165537e-01 3.831004022472790926e-01 2.197452239044571654e-01
-3.288414764404296875e+01 -3.953101730346679688e+01 -1.452349185943603516e+01 -3.808761174428032525e-01 -3.114403217280400371e-01 -8.705965248975157111e-01
-1.955760955810546875e+01 -5.299479961395263672e-01 -2.421943664550781250e+01 8.215533146005511711e-02 1.212982307686580156e-02 -9.965457184217954012e-01
-2.098799896240234375e+01 -4.647373962402343750e+01 -8.287089347839355469e+00 1.495691409218609935e-01 3.432633919763625197e-01 9.272536415742881344e-01
-1.101717758178710938e+01 -5.536338043212890625e+01 -1.173648643493652344e+01 -2.174548374581093957e-01 -5.199656160628935986e-01 -8.260442795506804936e-01
-5.491663360595703125e+01 3.883217620849609375e+01 1.381084537506103516e+01 -7.572043876063406787e-01 5.809760495655976742e-01 -2.985102095755833851e-01
-1.490538692474365234e+01 2.867211914062500000e+01 -1.490291690826416016e+01 9.698430828536717951e-02 -1.529469729372854025e-01 9.834639126148605470e-01
-4.660535812377929688e+01 -4.089052200317382812e+01 -7.395978927612304688e+00 -6.030132977444619957e-01 -4.789430790478964028e-01 -6.379564952059579852e-01
-6.270028305053710938e+01 9.493167877197265625e+00 1.347998237609863281e+01 9.490672163819772189e-01 -1.580072835100025663e-01 2.725896497425296383e-01
-5.446497344970703125e+01 3.138558197021484375e+01 -2.756823062896728516e+00 -8.081289892572343092e-01 5.145865313022859322e-01 -2.865802479661891389e-01
4.578880071640014648e-01 -4.876195907592773438e+01 -1.482004928588867188e+01 8.693708884576479834e-01 -1.515027792682650809e-01 -4.703628027133426870e-01
-6.332948303222656250e+01 -5.332251071929931641e+00 -2.380537033081054688e+00 -9.568731272907192720e-01 -5.200818128330464418e-02 -2.858128187266654185e-01
-2.081395149230957031e+01 4.863858032226562500e+01 -1.324841213226318359e+01 -2.295485287861685486e-01 5.106622108434638596e-01 -8.285720121682673689e-01
-1.595816612243652344e+01 -6.400608062744140625e+01 1.142536258697509766e+01 3.405278082662264727e-01 9.207929273345388799e-01 1.902135556896269175e-01
-2.889859580993652344e+01 1.076217460632324219e+01 -1.445527839660644531e+01 1.350239366522675843e-01 3.299949778255778770e-03 9.908368416961419456e-01
-3.956484222412109375e+01 -3.173893737792968750e+01 -8.451411247253417969e+00 3.512230457842280829e-01 2.720207431529140241e-01 8.959057357806043953e-01
3.990119993686676025e-01 4.360741043090820312e+01 -1.891570281982421875e+01 -1.081523494186768242e-01 3.235125833073598800e-01 -9.400227006604782165e-01
-3.415419006347656250e+01 -5.327643203735351562e+01 7.065573215484619141e+00 5.827773041373734975e-01 7.780754286209571324e-01 2.344552007499284552e-01
2.812690138816833496e-01 1.526357460021972656e+01 -2.376158523559570312e+01 -2.725731281644787340e-02 2.376883641334843686e-02 -9.993458266854280403e-01
-1.461931896209716797e+01 -9.149188995361328125e+00 -2.358757972717285156e+01 5.347326791782276018e-02 -2.597566284810193804e-01 -9.641924618966704053e-01
-6.027698898315429688e+01 2.998992919921875000e+00 -8.705806732177734375e+00 -7.547519492770512484e-01 3.620286190422174200e-02 -6.550105707944225975e-01
-4.690974426269531250e+01 -5.140379333496093750e+01 2.093842124938964844e+01 -6.848895822284190027e-01 -7.213040471470353321e-01 -1.031830011401531355e-01
-6.250692367553710938e+01 -8.478343963623046875e+00 1.249076938629150391e+01 9.483968134539045858e-01 1.306981237050090505e-01 2.888970139867662601e-01
-4.280908203125000000e+01 -2.469134092330932617e+00 -1.809593200683593750e+01 -3.484761700575293442e-01 -6.023467502410658619e-02 -9.353802129758658213e-01
-3.394653701782226562e+01 -5.516086959838867188e+01 1.457038688659667969e+01 5.134844169224621613e-01 8.170929081573540254e-01 2.620933669835180391e-01
-4.862000274658203125e+01 3.661994934082031250e+00 -9.550485610961914062e+00 4.411993364695221964e-01 -1.268713848814754554e-02 8.973194425709474231e-01
-2.287933731079101562e+01 -5.939982986450195312e+01 -7.021298885345458984e+00 -2.941196120351677323e-01 -6.568424361855995652e-01 -6.942994079228708149e-01
-2.798554992675781250e+01 -5.586803913116455078e+00 -1.422648143768310547e+01 1.712208499466874589e-01 5.954419308377620346e-02 9.834317005331564276e-01
-1.042827796936035156e+01 6.162624740600585938e+01 -1.794661045074462891e+00 -1.982723443942008557e-01 9.275150278318610164e-01 -3.168658242766005939e-01
-5.503016281127929688e+01 2.275246238708496094e+01 -9.294727325439453125e+00 -6.443371656747058918e-01 2.689025726971240871e-01 -7.159057363418416253e-01
-4.826071166992187500e+01 -4.548540115356445312e+01 5.990262031555175781e+00 -7.578379834057428210e-01 -6.295214203775677531e-01 -1.714187043275229028e-01
-1.713951873779296875e+01 -6.585515594482421875e+01 1.893104553222656250e+01 3.731673412068152729e-01 8.432745630116096347e-01 3.868257318667090994e-01
-6.276325607299804688e+01 2.424179458618164062e+01 1.191021060943603516e+01 -9.083546598528975391e-01 3.394758632481594818e-01 -2.442292983969035491e-01
-1.500563025474548340e+00 -5.098311614990234375e+01 -8.022537231445312500e+00 2.064652400133457077e-02 2.964695671051086334e-01 9.548191016245809459e-01
-2.477991294860839844e+01 -6.431742095947265625e+01 2.343807601928710938e+01 3.836806705594848488e-01 6.887695211776376780e-01 6.151306281886408378e-01
-3.122813796997070312e+01 5.435980987548828125e+01 -9.025179743766784668e-01 -4.674981938538639303e-01 8.338911250932101726e-01 -2.933786465204225591e-01
-4.389811992645263672e+00 -3.652828979492187500e+01 -1.996911239624023438e+01 6.027504855571218928e-02 -3.676487099878569809e-01 -9.280093450854205450e-01
-4.655958557128906250e+01 -2.160169219970703125e+01 -8.117610931396484375e+00 4.171407776469469586e-01 1.944016892590448575e-01 8.878071608391826519e-01
1.006695175170898438e+01 4.729930496215820312e+01 -1.702533340454101562e+01 1.728521842294767075e-01 4.307642636882244580e-01 -8.857563274040105572e-01
-1.607919692993164062e+01 4.911759185791015625e+01 -7.476308822631835938e+00 1.585070165299495848e-01 -3.978363179732565813e-01 9.036602181197622707e-01
-1.689498519897460938e+01 2.402400779724121094e+01 -2.193885421752929688e+01 -1.379935856407452366e-01 5.178380745356675474e-02 -9.890784638276288732e-01
-2.779532432556152344e+01 2.439388036727905273e+00 -1.455989837646484375e+01 1.549648562528871676e-01 -3.358014218224081911e-03 9.879142761733085143e-01
-5.816758346557617188e+01 -2.239963912963867188e+01 9.745791435241699219e+00 9.022071309563970409e-01 3.408481517402779382e-01 2.642817252604935940e-01
-4.417436218261718750e+01 1.088226699829101562e+01 -1.115503978729248047e+01 4.243959115557500716e-01 -9.581055197234486509e-02 9.003934964144946207e-01
-7.232435226440429688e+00 6.261109709739685059e-01 -2.396965217590332031e+01 4.308636175216785935e-02 1.658709154677067699e-01 -9.852057677626873122e-01
-4.711822891235351562e+01 3.445173263549804688e+01 -9.655650258064270020e-01 7.324668589590260792e-01 -5.896500216279915163e-01 3.403015611495302517e-01
-5.452035903930664062e+01 3.515196990966796875e+01 6.197966098785400391e+00 -7.971639578513151081e-01 5.942873450369654531e-01 -1.065465899582968834e-01
-6.201984405517578125e+01 1.952557373046875000e+01 4.311372756958007812e+00 -9.162094820012884888e-01 3.442186590956555214e-01 -2.051187456604576520e-01
-3.748164367675781250e+01 4.151868438720703125e+01 -4.401444911956787109e+00 4.947581169359000497e-01 -6.017725253255081785e-01 6.269643000118928500e-01
-3.317260360717773438e+01 5.688514709472656250e+01 1.047451496124267578e+01 -4.625235583019981500e-01 8.157129738753425841e-01 -3.473964626577286108e-01
-1.303584766387939453e+01 3.688852071762084961e+00 -2.392935752868652344e+01 -1.263811477961414992e-02 -1.381523604892082591e-01 -9.903303506134086831e-01
-5.398710632324218750e+01 -4.213598251342773438e+01 1.619338989257812500e+01 -7.507480841369720270e-01 -5.923683896477515143e-01 -2.923645072692575009e-01
-2.129903411865234375e+01 4.319118118286132812e+01 -1.643046379089355469e+01 -2.481269941529083700e-01 4.480456080865656276e-01 -8.588877271488878362e-01
-2.633510589599609375e+01 5.953966903686523438e+01 2.106567192077636719e+01 4.044603353517191580e-01 -7.673333638335999574e-01 4.976056127848509369e-01
-4.600923538208007812e+01 4.095528793334960938e+01 -5.428750038146972656e+00 -6.824212071162362170e-01 6.450788849729972574e-01 -3.437652225575089093e-01
-3.180020523071289062e+01 1.397362947463989258e+00 -2.155310058593750000e+01 -2.331119363660977273e-01 7.713090782132013545e-02 -9.693862224017356644e-01
-6.528211975097656250e+01 -2.879279136657714844e+00 4.616196155548095703e+00 -9.681790266703688141e-01 -4.568193524825745616e-02 -2.460539231704933216e-01
-1.408419322967529297e+01 -3.890160751342773438e+01 -1.853833961486816406e+01 -9.925217585582922497e-02 -4.493566799862372396e-01 -8.878218175623022734e-01
-3.128081893920898438e+01 -4.608096313476562500e+01 -1.205465221405029297e+01 -2.891181740467425598e-01 -3.999014019352665761e-01 -8.697640773026243943e-01
-4.320061111450195312e+01 -4.180071258544921875e+01 -1.942630052566528320e+00 6.658222992514440941e-01 6.080510280727539074e-01 4.323824847044426822e-01
-1.029139709472656250e+01 -1.438978672027587891e+01 -1.500902175903320312e+01 8.638481569937264681e-02 1.016124154913638777e-01 9.910663855840313730e-01
5.025600194931030273e-01 -4.397893905639648438e+00 -2.189003372192382812e+01 9.900615688904872425e-01 -2.670641276687631214e-03 1.406092368277354065e-01
-6.420054626464843750e+01 -2.862838363647460938e+01 2.037753677368164062e+01 -8.373642415625083268e-01 -4.146758834037302388e-01 -3.561811879869306030e-01
-2.668909645080566406e+01 -1.269818878173828125e+01 -2.316537094116210938e+01 -4.503204575713076752e-01 -1.553134505795568943e-01 -8.792549218297499580e-01
1.335113525390625000e+01 5.764746093750000000e+01 2.392030060291290283e-01 -5.097630592991610199e-02 -9.645707464809120113e-01 2.588526439250634081e-01
9.932379722595214844e-01 5.882765769958496094e+00 -1.855835151672363281e+01 1.870378239079852623e-01 8.481745225433981461e-02 9.786842454136309710e-01
-6.970593261718750000e+01 -8.749610185623168945e-01 1.822403335571289062e+01 -9.272784713380863852e-01 -3.167541660565527384e-02 -3.730298976969003699e-01
5.749130249023437500e+00 3.858621978759765625e+01 -1.332579326629638672e+01 -5.589133234568530173e-02 -1.979462044638158891e-01 9.786181375322007270e-01
-4.131065750122070312e+01 -5.257482910156250000e+01 5.772155761718750000e+00 -6.711171352420439717e-01 -7.184728491001366457e-01 -1.827527178743016123e-01
-4.133729171752929688e+01 -5.532365798950195312e+01 1.685501098632812500e+01 -6.351352630159118329e-01 -7.479349686778431483e-01 -1.928638906135165809e-01
1.196786999702453613e+00 3.131019020080566406e+01 -2.216144180297851562e+01 -3.733652974179597211e-02 2.956415203425127869e-01 -9.545690519791679707e-01
-3.293426513671875000e+01 4.816698074340820312e+01 -9.597650527954101562e+00 -3.674550752140042231e-01 5.671309672363274990e-01 -7.371154819301098948e-01
-5.317205810546875000e+01 -3.538617324829101562e+01 -3.372638940811157227e+00 -7.464692629441640470e-01 -5.941414418709872747e-01 -2.996324190254796571e-01
-5.720283508300781250e+01 2.976143455505371094e+01 2.650288105010986328e+00 -8.501031414211941417e-01 4.938425689992834156e-01 -1.828774616785937002e-01
-2.796381950378417969e+01 3.145019721984863281e+01 -1.899442672729492188e+01 -2.261744810891424540e-01 2.811303977007543198e-01 -9.326364798744860574e-01
-2.019136428833007812e+01 -4.002788162231445312e+01 -1.665825271606445312e+01 -1.506137314765216284e-01 -3.335799657762585357e-01 -9.306126532147670494e-01
-6.037171840667724609e+00 -6.660768127441406250e+01 1.047999572753906250e+01 5.442417840890347858e-01 3.239112914826635659e-01 7.738748966736272994e-01
-7.545193195343017578e+00 2.988083076477050781e+01 -2.195389556884765625e+01 -5.451368770652607193e-02 2.787073276325943705e-01 -9.588276609362774705e-01
-6.729159951210021973e-01 -6.482726287841796875e+01 3.539359092712402344e+00 4.461242847797076277e-02 9.475975161187276674e-01 3.163363378919900604e-01
-2.633871078491210938e+00 1.827805519104003906e+01 -1.700835227966308594e+01 2.200207649889210013e-02 -1.927885760397192172e-01 9.809936154625646942e-01
-1.721625137329101562e+01 3.718858337402343750e+01 -1.289270591735839844e+01 1.094071203452453012e-01 -2.225801083757071308e-01 9.687559947547265127e-01
-8.320060729980468750e+00 -1.524834990501403809e+00 -1.621474075317382812e+01 2.328694964654243471e-01 1.556523454562878661e-01 9.599709083976951662e-01
-7.094690203666687012e-01 5.844820785522460938e+01 2.702240049839019775e-01 1.152271665161638953e-01 -9.354757784649717633e-01 3.340774880203861708e-01
-8.761268615722656250e+00 1.041425132751464844e+01 -1.723965644836425781e+01 7.134923135503516700e-02 1.960896328768877220e-02 9.972586303180472900e-01
-6.095151519775390625e+01 -2.943712425231933594e+01 1.269955253601074219e+01 -8.695072089434038309e-01 -4.603746141589953322e-01 -1.789201727961606536e-01
-9.509908676147460938e+00 6.363224411010742188e+01 4.318768978118896484e+00 -2.643196300415515676e-01 9.214928637465104044e-01 -2.845804547732549428e-01
-4.742916107177734375e+01 4.420568847656250000e+01 2.023949623107910156e+01 6.291896686601748945e-01 -6.552419209640979458e-01 4.180650497979685465e-01
-6.359750366210937500e+01 -1.467199325561523438e+01 3.821800947189331055e+00 -9.605933868583230728e-01 -2.122722976373418446e-01 -1.794458603028213362e-01
-3.956004714965820312e+01 -1.626445388793945312e+01 -1.180633163452148438e+01 2.136519269518098452e-01 1.186674955057047259e-01 9.696756569184266095e-01
-3.473040771484375000e+01 -4.507766723632812500e+01 -5.606591224670410156e+00 3.255180442041964994e-01 4.309139916384198687e-01 8.416359870559949607e-01
-3.924927520751953125e+01 2.757504653930664062e+01 -1.693702316284179688e+01 -3.196889348467332193e-01 2.316852896254390504e-01 -9.187605300118947271e-01
-1.671669769287109375e+01 -1.437742948532104492e+00 -1.575159358978271484e+01 3.662405657207395970e-02 4.923296968142569507e-02 9.981156211464448091e-01
-6.305668258666992188e+01 7.179059982299804688e-01 -3.816004991531372070e+00 -9.552631369606182643e-01 3.214033249195178549e-02 -2.940056771415578418e-01
-3.292805480957031250e+01 -5.087998580932617188e+01 -2.300369977951049805e+00 4.904342137907812260e-01 6.956469901483351981e-01 5.249281351203995971e-01
-5.529086303710937500e+01 1.225483703613281250e+01 -4.957099914550781250e+00 6.830435555884852850e-01 -1.692029783778937757e-01 7.105081655245699679e-01
-6.727461242675781250e+01 -4.454516887664794922e+00 1.148833465576171875e+01 -9.678016727044738143e-01 -7.074008924604703596e-02 -2.415693732323777043e-01
-2.915103530883789062e+01 -2.503606796264648438e+01 -1.205441379547119141e+01 1.525635178506793421e-01 1.017449468999988005e-01 9.830423891172455075e-01
-1.987837600708007812e+01 -6.053351211547851562e+01 3.832679033279418945e+00 3.801080177005369265e-01 8.956030033916990707e-01 2.311128624623395855e-01
-1.723128509521484375e+01 -6.169529724121093750e+01 -6.934016227722167969e+00 -2.504329289013949023e-01 -6.969320767068911682e-01 -6.719888604574399960e-01
-2.138501548767089844e+01 2.605531883239746094e+01 -1.451146984100341797e+01 1.743169589085226123e-01 -1.874348518672325214e-01 9.666859749382905598e-01
-6.030012130737304688e+01 1.982970237731933594e+01 -1.753654956817626953e+00 -9.371270054126727977e-01 2.475573259582612984e-01 -2.459844427817977353e-01
-5.935459899902343750e+01 9.818090438842773438e+00 -8.818487167358398438e+00 -7.467577802551305099e-01 1.029265965567936481e-01 -6.570836578013985463e-01
-1.231161785125732422e+01 -2.038673973083496094e+01 -2.332326507568359375e+01 3.610120458592378651e-02 -4.481051686539886530e-02 -9.983429874575675544e-01
-4.764079666137695312e+01 2.985128593444824219e+01 -4.807040214538574219e+00 6.000473086962885283e-01 -4.057028871930587477e-01 6.894551433193875090e-01
-4.885054016113281250e+01 7.352108955383300781e+00 -1.598681449890136719e+01 -4.716787448868768329e-01 6.121033312972237045e-02 -8.796433690650371506e-01
-6.127260589599609375e+01 3.173332595825195312e+01 1.712638092041015625e+01 -7.985022130014974850e-01 4.319709846577614587e-01 -4.192794822615522055e-01
-8.556465148925781250e+00 5.604151535034179688e+01 -2.919663906097412109e+00 1.356065671032189446e-01 -8.180498194426818470e-01 5.589323321013696111e-01
-4.575157165527343750e+01 4.801120376586914062e+01 1.132954692840576172e+01 -6.473913537588836808e-01 7.314070772026690648e-01 -2.143084750916046666e-01
-5.967708587646484375e+01 -1.788844680786132812e+01 -6.332355022430419922e+00 -8.619912198303584239e-01 -2.565529046759675302e-01 -4.372090392909261380e-01
1.308781027793884277e+00 -1.631564903259277344e+01 -1.815587234497070312e+01 9.959250290452742460e-01 1.023773568034634304e-02 8.960203842161806875e-02
-3.551638412475585938e+01 4.892133331298828125e+01 7.836811065673828125e+00 5.470892633311839059e-01 -7.770586148022792239e-01 3.112446740256055167e-01
-2.488660430908203125e+01 4.460714817047119141e+00 -2.290275955200195312e+01 -2.368909585367547643e-01 1.423174507892316365e-01 -9.610558864938043566e-01
-2.448030090332031250e+01 -5.700219345092773438e+01 -7.706320285797119141e-01 4.085984238598915907e-01 8.067452513821777860e-01 4.268599622727797249e-01
9.626216888427734375e+00 6.205944061279296875e+01 -2.927359104156494141e+00 1.556178831966515685e-01 8.990000483036321155e-01 -4.093677901098965455e-01
-6.588243865966796875e+01 2.884836912155151367e+00 7.858600139617919922e+00 -9.507656200705587590e-01 2.812004914638093975e-02 -3.086324651229207516e-01
-3.769682312011718750e+01 -1.449685287475585938e+01 -1.868725204467773438e+01 -2.448343744732892624e-01 -1.607254593051272717e-01 -9.561503311757147960e-01
-4.504201126098632812e+01 -2.979996490478515625e+01 -1.296018505096435547e+01 -3.979496372025958517e-01 -3.051747899634029704e-01 -8.651615073621313767e-01
-3.118796157836914062e+01 -5.878050613403320312e+01 2.046476554870605469e+01 5.277985715518755949e-01 7.881465482048569671e-01 3.166286253966447695e-01
-3.576741790771484375e+01 8.178606986999511719e+00 -1.998013305664062500e+01 -2.298341848740558524e-01 8.003171796991982723e-02 -9.699335913257470798e-01
-1.077284240722656250e+01 3.985598373413085938e+01 -1.933798217773437500e+01 -1.037632005044782924e-01 3.449693709648933293e-01 -9.328608316984657867e-01
-1.255529594421386719e+01 5.701182937622070312e+01 1.446282982826232910e+00 2.371442050834140225e-01 -9.345093979783007931e-01 2.654332516577176948e-01
-5.404663848876953125e+01 -3.319844436645507812e+01 1.373929977416992188e+01 8.483745307901380261e-01 4.962884302909433276e-01 1.842781849974778063e-01
-5.175359725952148438e+01 2.607449340820312500e+01 -2.596817970275878906e+00 7.271676269322178143e-01 -5.550646332055925170e-01 4.038941634959681837e-01
-5.174206542968750000e+01 -2.515227508544921875e+01 -4.631216049194335938e+00 6.566479284224668866e-01 3.029410484848040208e-01 6.906809822496999818e-01
-4.910789871215820312e+01 -4.028725433349609375e+01 1.346875858306884766e+01 7.674027247396909557e-01 6.000857882286612099e-01 2.258098864710853526e-01
-5.707029342651367188e+01 -4.800510108470916748e-01 -4.628584861755371094e+00 7.195610532365604994e-01 -9.735110702541642860e-03 6.943609423669373504e-01
-4.599238586425781250e+01 1.887268638610839844e+01 -1.603847503662109375e+01 -4.564686795345112569e-01 1.928275695884491270e-01 -8.685930422301524345e-01
-6.578592681884765625e+01 1.416538429260253906e+01 1.113641548156738281e+01 -9.386018989700748438e-01 2.057136500556970560e-01 -2.769627582014076994e-01
-2.689382171630859375e+01 -6.410773468017578125e+01 1.254221343994140625e+01 -4.607819721613532482e-01 -8.805202991787851596e-01 -1.111934209618391511e-01
-3.802947998046875000e+00 6.357353210449218750e+01 1.083570003509521484e+00 -8.602016374328640136e-02 9.411683507823593864e-01 -3.268067730558716910e-01
-2.882957839965820312e+01 -5.383135223388671875e+01 -9.064748764038085938e+00 -2.929613420328065487e-01 -4.949622003917094060e-01 -8.180379405979494312e-01
-4.971019744873046875e+00 -5.450240707397460938e+01 -1.258532238006591797e+01 -6.250589272511918038e-02 -4.679291924288414006e-01 -8.815527688388984373e-01
-4.627958679199218750e+01 4.432248306274414062e+01 2.523189067840576172e+00 -7.282214243639372198e-01 6.540729276956130933e-01 -2.046513189623945794e-01
-3.689213562011718750e+01 3.169633102416992188e+01 -9.613084793090820312e+00 3.828231160210027739e-01 -3.427941779648616683e-01 8.578686457688989853e-01
9.083904266357421875e+00 4.934902954101562500e+01 -8.693112373352050781e+00 -3.523277364525001509e-02 -5.463427155188816942e-01 8.368203444352420028e-01
-1.147152900695800781e+01 6.188464355468750000e+01 1.417710781097412109e+01 2.502126272582281818e-01 -9.083516818145128680e-01 3.350982890217151788e-01
-5.337385177612304688e+00 -1.126375865936279297e+01 -2.308547401428222656e+01 2.890551898714792747e-02 3.079194843778707696e-02 -9.991077654004538733e-01
-5.458315277099609375e+01 -4.375878906250000000e+01 2.202177047729492188e+01 -7.939458857433490113e-01 -5.969128340397134025e-01 -1.155205569147187000e-01
-3.423692321777343750e+01 -3.563313674926757812e+01 -8.953384399414062500e+00 2.347507449661369039e-01 2.446280112262912143e-01 9.407705479346774036e-01
1.454872512817382812e+01 6.803972625732421875e+01 1.487623119354248047e+01 1.662644421638944658e-01 8.576999762019178464e-01 -4.865253190689654561e-01
-5.941699981689453125e+00 6.075020599365234375e+01 8.105183601379394531e+00 1.987221607085783437e-01 -9.206504830998715194e-01 3.360240926054069432e-01
-1.684858131408691406e+01 6.829411029815673828e+00 -1.609186172485351562e+01 1.659314077691880218e-01 -1.474937865105870223e-02 9.860269893593902601e-01
-6.057971954345703125e+01 -1.251696968078613281e+01 8.326275825500488281e+00 9.357573921806455752e-01 1.950768969573046796e-01 2.937739049895120580e-01
-3.294331359863281250e+01 -5.866053390502929688e+01 4.415431976318359375e+00 -5.343799253119518866e-01 -8.328631694008782338e-01 -1.441424173486653137e-01
-3.095433235168457031e+01 5.531705856323242188e+01 1.754440879821777344e+01 4.668605661259667139e-01 -8.123575035066835648e-01 3.494517109600843718e-01
-5.729470443725585938e+01 -3.054675483703613281e+01 1.479683995246887207e+00 -8.633474894345816164e-01 -4.390738252507837003e-01 -2.486871296763251415e-01
-2.884200859069824219e+01 1.614687919616699219e+01 -2.026012039184570312e+01 -2.145851249542891082e-01 8.125036199582287566e-02 -9.733198872025065063e-01
-2.580975055694580078e+00 9.865346908569335938e+00 -2.373687553405761719e+01 -3.198141664808980961e-02 -1.618338918881782537e-02 -9.993574370081730329e-01
-1.388895034790039062e+00 6.898603820800781250e+01 2.305925178527832031e+01 -2.322137182822574808e-01 3.173846534536034492e-01 9.194257831895211730e-01
-5.399940490722656250e+01 1.090964126586914062e+01 -1.244191265106201172e+01 -4.960597609234947414e-01 1.277435802262820719e-01 -8.588400848257471409e-01
9.704303741455078125e+00 6.690353393554687500e+01 2.083568572998046875e+01 -7.303211289796175676e-02 -8.534063754092513499e-01 5.161045135401386430e-01
-6.153195571899414062e+01 -2.054599952697753906e+01 1.661927938461303711e+00 -9.290240904937488997e-01 -2.863300969519615435e-01 -2.343700383191991143e-01
-2.927008438110351562e+01 -2.195257949829101562e+01 -2.022297096252441406e+01 -3.279595254656226810e-01 -1.710392356328114538e-01 -9.290791836708576223e-01
-5.654082489013671875e+01 -8.172690272331237793e-01 -1.155981540679931641e+01 -5.058857434022092647e-01 -8.219012857924392484e-03 -8.625613383696461023e-01
-3.762908172607421875e+01 -5.802112579345703125e+01 2.477854919433593750e+01 5.365572714161909867e-02 1.958609927972479112e-02 9.983673911240835697e-01
-5.321972656250000000e+01 -3.794243621826171875e+01 2.558242082595825195e+00 -8.100402690584144194e-01 -5.474206512516224254e-01 -2.101556401503921201e-01
-2.007844924926757812e+00 4.878822326660156250e+01 -1.656730842590332031e+01 -4.158866177794545704e-02 5.225588620266167217e-01 -8.515882919163267895e-01
-1.995838928222656250e+01 -2.890994453430175781e+01 -2.056354904174804688e+01 -2.621964301564379540e-01 -2.156516446211738103e-01 -9.406101212433358727e-01
-2.450530242919921875e+01 6.430973815917968750e+01 1.836206626892089844e+01 -3.648077331062964390e-01 8.330537769315551344e-01 -4.158566130361713298e-01
-2.018803405761718750e+01 -2.065972900390625000e+01 -1.351729297637939453e+01 9.507437775287372328e-02 1.421233569785689821e-01 9.852724567834251213e-01
-3.150227737426757812e+01 4.955202865600585938e+01 2.511420965194702148e+00 5.187956036160887852e-01 -8.183380025437830829e-01 2.473338538519737895e-01
-3.197035408020019531e+01 2.897496414184570312e+01 -1.237080955505371094e+01 2.995220433099176627e-01 -2.794470674386647646e-01 9.122477087235583149e-01
-4.251297760009765625e+01 -1.065412521362304688e+01 -1.162985134124755859e+01 3.493702431121418761e-01 1.112926907400760557e-01 9.303517454251357677e-01
9.664100646972656250e+00 5.931301879882812500e+01 -8.071755409240722656e+00 1.500753119628719656e-01 7.606639106990263910e-01 -6.315598274900884324e-01
-3.602127075195312500e+01 1.969292831420898438e+01 -1.921295928955078125e+01 -1.085921044248782802e-01 -8.610540284836587510e-02 -9.903502483752386620e-01
-3.284521102905273438e+01 -3.172054481506347656e+01 -1.645792770385742188e+01 -2.125517160670262473e-01 -2.135357568448583432e-01 -9.535325104817641284e-01
-3.233021163940429688e+01 2.272928810119628906e+01 -1.325799179077148438e+01 1.337549145738347878e-01 -7.059042645645914604e-02 9.884971494749196230e-01
-6.514588928222656250e+01 2.569145011901855469e+01 1.862108421325683594e+01 -8.121865768581437717e-01 3.448962913237927363e-01 -4.705310963183453321e-01
-2.559347915649414062e+01 -4.277047729492187500e+01 -8.790431022644042969e+00 1.756952471504549806e-01 3.158772150333313822e-01 9.323908864588537071e-01
5.446949005126953125e+00 5.877305603027343750e+01 7.906640172004699707e-01 1.447699843405768523e-02 -9.532849040360326098e-01 3.017255512106199467e-01
1.279322814941406250e+01 6.082441711425781250e+01 7.298216819763183594e+00 -1.941462749451883241e-01 -9.232062767204549658e-01 3.316585511469017367e-01
-1.178058433532714844e+01 -6.105547332763671875e+01 -1.911803960800170898e+00 2.271064128193052145e-01 8.236533258354349352e-01 5.196324432679066962e-01
-1.964817619323730469e+01 5.229692077636718750e+01 -3.893505096435546875e+00 2.874404601079533217e-01 -7.419239242457871253e-01 6.057448906302549396e-01
-5.312875366210937500e+01 4.475295257568359375e+01 2.018358612060546875e+01 -7.004448554369169244e-01 6.268013095296283144e-01 -3.413167485839211368e-01
-1.155666351318359375e+01 -2.791625404357910156e+01 -2.230076408386230469e+01 -1.399347066183463106e-01 -3.081484583986102144e-01 -9.409903322936942205e-01
-3.125076484680175781e+01 -1.029347705841064453e+01 -1.332050514221191406e+01 1.863451969796552365e-01 8.276206222159074311e-02 9.789922924208561694e-01
-3.605576324462890625e+01 3.715318679809570312e+01 -7.757136821746826172e+00 2.441379464700461910e-01 -2.782214112997316025e-01 9.289722866629415154e-01
-3.531639099121093750e+00 -4.488530731201171875e+01 -1.597079944610595703e+01 -1.446064274016744394e-02 -3.521747486270250249e-01 -9.358225452728914373e-01
-5.769283294677734375e+01 -3.859426116943359375e+01 2.468057060241699219e+01 -7.317431760239785365e-01 -1.172574589825645386e-01 6.714183588905601185e-01
-4.025746917724609375e+01 4.665827941894531250e+01 1.119958877563476562e+01 6.344709331790940876e-01 -7.311723147791887589e-01 2.506664737281241173e-01
9.800109863281250000e-01 6.059110641479492188e+01 5.447318077087402344e+00 6.041678637004751357e-02 -9.240684036008877111e-01 3.774220414750881769e-01
-4.410454559326171875e+01 -4.537381362915039062e+01 1.126441097259521484e+01 7.274910355911543558e-01 6.559112831686965128e-01 2.013384755741027821e-01
-4.728118896484375000e+01 4.963970947265625000e+01 1.876673698425292969e+01 -6.327962963642912442e-01 6.753466988928409354e-01 -3.787818417007057792e-01
-6.055453491210937500e+01 -1.884590339660644531e+01 1.342388439178466797e+01 9.033127991741708440e-01 3.272763566452297490e-01 2.773376520221305652e-01
-9.593614578247070312e+00 6.610857391357421875e+01 2.144268035888671875e+01 1.893228504777144661e-01 -7.949594024682610227e-01 5.763648208507338166e-01
-3.735267257690429688e+01 5.292898178100585938e+01 2.094741249084472656e+01 5.308858181925548703e-01 -7.325530256645600424e-01 4.260590482922758659e-01
-4.940843963623046875e+01 4.301278305053710938e+01 8.718857765197753906e+00 -6.681437247861314876e-01 6.218668063812452518e-01 -4.084919070803055274e-01
-1.668171882629394531e+01 -6.902719879150390625e+01 1.408645153045654297e+01 -2.936775132716697434e-01 -9.228212546524625637e-01 -2.493079424330940097e-01
-5.637626647949218750e+01 -2.336504745483398438e+01 -8.209609985351562500e+00 -6.994831813664437181e-01 -3.185491795867586573e-01 -6.397262689385841972e-01
-4.266437530517578125e+01 -3.733414077758789062e+01 -1.135206699371337891e+01 -3.780221897642682127e-01 -3.044861424196943500e-01 -8.742925214824848190e-01
-6.280385208129882812e+01 1.476562690734863281e+01 1.631218528747558594e+01 9.016904926121602770e-01 -1.823879294537725515e-01 3.920317572881124035e-01
3.458734989166259766e+00 6.544170379638671875e+01 6.772016048431396484e+00 -1.805309097178987160e-02 9.395471885805148915e-01 -3.419432209253673860e-01
6.457611083984375000e+00 2.301788711547851562e+01 -1.995822334289550781e+01 9.527846468191898399e-01 -2.930295460787198381e-01 -7.959335343187146083e-02
-2.638594245910644531e+01 4.408207702636718750e+01 -7.705911159515380859e+00 1.847492011875968010e-01 -3.508332032891944285e-01 9.180325681207543997e-01
-5.255225372314453125e+01 -1.186785030364990234e+01 -1.303034019470214844e+01 -5.053682169418390879e-01 -1.371835221215887968e-01 -8.519293671210904639e-01
-6.644926452636718750e+01 -1.241102504730224609e+01 1.209390258789062500e+01 -9.597235391201083265e-01 -1.734441718167529789e-01 -2.210154920397539580e-01
-9.859338760375976562e+00 -6.652486419677734375e+01 -1.818393945693969727e+00 -2.148349582381794409e-01 -9.063340522852336711e-01 -3.638743277383373886e-01
-3.926340103149414062e+01 -5.044504547119140625e+01 1.244241619110107422e+01 6.450948222245255215e-01 7.380989499180365954e-01 1.976426332272452902e-01
-4.808373260498046875e+01 -4.912611007690429688e+00 -9.695649147033691406e+00 4.239365433594471932e-01 5.123636639552425764e-02 9.042414732597853222e-01
-1.663837432861328125e+01 5.848603820800781250e+01 -6.092737197875976562e+00 -2.638433024591321230e-01 8.616276387220997979e-01 -4.335718209681500568e-01
-4.969993209838867188e+01 1.671806907653808594e+01 -7.812915802001953125e+00 2.950285452045715573e-01 -1.278817080188995592e-01 9.468919823658045187e-01
-2.459261703491210938e+01 9.948331832885742188e+00 -2.208456802368164062e+01 -2.043236064135914576e-01 2.169172320969636192e-01 -9.545673251696477069e-01
-5.912679290771484375e+01 3.444079875946044922e+00 -7.975940108299255371e-01 9.654665755104764324e-01 -3.316411010554386196e-02 2.584074948080665179e-01
8.070549964904785156e-01 -4.000737380981445312e+01 -1.151049900054931641e+01 9.771893905467259334e-01 1.570806186617792199e-01 1.429215667551647362e-01
-3.816479873657226562e+01 4.609757614135742188e+01 -8.161506652832031250e+00 -5.005166002838202788e-01 5.988618357993554797e-01 -6.251780822000658766e-01
-3.767710876464843750e+01 1.309293985366821289e+00 -1.301455402374267578e+01 7.282629826869141398e-02 2.414551271043129110e-02 9.970523178331366365e-01
-7.937860012054443359e+00 1.255546569824218750e+01 -2.367888450622558594e+01 1.417784640813435013e-02 -2.413762904449616442e-02 -9.996081049768142934e-01
-2.030035781860351562e+01 1.270003414154052734e+01 -1.524780845642089844e+01 1.637776202585872753e-01 -6.855041320229489366e-02 9.841126622253310030e-01
-4.595218658447265625e+01 -1.751852607727050781e+01 -1.571811866760253906e+01 -3.841521199315468538e-01 -1.904042036928690618e-01 -9.034231500067855247e-01
-4.494300079345703125e+01 -4.182452011108398438e+01 3.492467880249023438e+00 7.489755522730114912e-01 6.406807678400320283e-01 1.690082122775236062e-01
-1.799280548095703125e+01 5.926378631591796875e+01 1.214770698547363281e+01 2.251408213404797465e-01 -9.514121108311415220e-01 2.100633379006575652e-01
-4.518897247314453125e+01 4.263644409179687500e+01 1.250543689727783203e+01 6.733121318276502620e-01 -7.065237895069669261e-01 2.178873745640620696e-01
-4.185375976562500000e+01 2.239278984069824219e+01 -1.028751659393310547e+01 3.909094021631597804e-01 -1.985471814130465307e-01 8.987596208405090881e-01
-2.434198379516601562e+01 -3.216655731201171875e+01 -1.899085617065429688e+01 -1.555901142832953332e-01 -2.835072642282629451e-01 -9.462638889163618172e-01
-4.524739456176757812e+01 3.560893249511718750e+01 -1.063518238067626953e+01 -4.904082545752498357e-01 3.618410974511496181e-01 -7.928245480809764656e-01
-5.737972259521484375e+01 2.542034721374511719e+01 1.181804466247558594e+01 8.503882524828219047e-01 -4.267915599160718165e-01 3.077154276659174181e-01
-3.832443237304687500e+01 -5.363898468017578125e+01 2.114745712280273438e+01 6.275109115208985511e-01 7.146360789039508665e-01 3.090717241207890931e-01
-1.979550170898437500e+01 6.495693969726562500e+01 1.558351325988769531e+01 -3.211210584990007444e-01 8.753162318319058777e-01 -3.615283669092572150e-01
-1.612860107421875000e+01 -4.294388961791992188e+01 -1.019456195831298828e+01 9.697762807344519065e-02 3.074934208260010071e-01 9.465955502758146567e-01
-2.706795692443847656e+01 6.005064392089843750e+01 1.042448139190673828e+01 -3.863852939077246917e-01 8.393076017740460637e-01 -3.824515057574496280e-01
-2.200763702392578125e+01 3.787289810180664062e+01 -1.823272514343261719e+01 -9.629806048988615030e-02 3.226964342988676293e-01 -9.415910443694135434e-01
-6.632263183593750000e+01 -8.330744743347167969e+00 2.235789489746093750e+01 8.290517036616988911e-01 1.698966535487106688e-01 5.327367077352412883e-01
3.386931896209716797e+00 -6.392085647583007812e+01 -1.149590015411376953e-01 3.139879120633490284e-01 8.431201812787880723e-01 4.365317296583630102e-01
-6.669017028808593750e+01 -1.849406051635742188e+01 2.452776336669921875e+01 2.424526868718322736e-01 8.156193898817083732e-02 9.667286820701654904e-01
-2.694742202758789062e+01 3.102220344543457031e+01 -1.303560638427734375e+01 1.456427688026694089e-01 -1.859435668672639874e-01 9.717063207760725518e-01
-6.617536926269531250e+01 8.090163230895996094e+00 9.446597099304199219e+00 -9.248625850881102561e-01 1.039497422401950144e-01 -3.658191490235783716e-01
-4.292285919189453125e+00 -3.138545989990234375e+01 -2.218050765991210938e+01 -2.138587384980342263e-03 -4.410778265656378205e-01 -8.974663098724821042e-01
-2.111524200439453125e+01 -6.354306030273437500e+01 -5.418000221252441406e-01 -4.134538437780092002e-01 -8.703709491527187314e-01 -2.674141543302918644e-01
6.073479175567626953e+00 4.403357315063476562e+01 -1.874351310729980469e+01 5.627426437644830054e-02 2.607815163273131676e-01 -9.637563011004994795e-01
-4.999415874481201172e+00 -3.297618865966796875e+01 -1.210309982299804688e+01 4.392891654416948566e-02 2.793903564223502167e-01 9.591721842450642299e-01
-4.783610534667968750e+01 3.055505943298339844e+01 -1.135071086883544922e+01 -4.532391087175869915e-01 3.545218411717358520e-01 -8.178560841988581354e-01
-5.818950653076171875e+01 2.036860084533691406e+01 8.116600990295410156e+00 8.964332824894635232e-01 -3.040598387094292643e-01 3.224205088532076102e-01
-6.797791004180908203e+00 -4.919416046142578125e+01 -8.616493225097656250e+00 1.945643400431582362e-02 3.179897971399817669e-01 9.478944751873539243e-01
-1.193558502197265625e+01 3.457294464111328125e+01 -2.095987129211425781e+01 -3.396006516512560525e-02 1.654318983090490858e-01 -9.856363431792908303e-01
-1.431889343261718750e+01 -6.318812942504882812e+01 5.967491149902343750e+00 2.612852802852547729e-01 9.221669634195918119e-01 2.851983413060904526e-01
-2.777262115478515625e+01 -6.240764999389648438e+01 7.466314792633056641e+00 -4.640878526760183198e-01 -8.523802892519715124e-01 -2.409778153550400925e-01
3.551311016082763672e+00 4.447383499145507812e+01 -1.178539276123046875e+01 -3.864723227198863659e-02 -3.877483619791425862e-01 9.209547215907015749e-01
-3.351447296142578125e+01 -5.626305007934570312e+01 -2.464004039764404297e+00 -5.585997366081681959e-01 -7.812814151010581964e-01 -2.785061663212737293e-01
-3.922030639648437500e+01 -5.016538238525390625e+01 -5.621291160583496094e+00 -5.817848451134430832e-01 -6.381240385620760014e-01 -5.043055674941069322e-01
4.915053844451904297e+00 6.531288909912109375e+01 1.739116859436035156e+01 -3.916336472628399734e-02 -9.120923567302564594e-01 4.081099896566642848e-01
-4.024897766113281250e+01 3.663720703125000000e+01 -1.268156337738037109e+01 -3.793637643242452895e-01 3.940698356733123853e-01 -8.371332623484428748e-01
-2.489021682739257812e+01 -6.681541442871093750e+01 1.864303016662597656e+01 -4.665055139917713145e-01 -8.446804492632242756e-01 -2.624643671962937908e-01
-5.089471054077148438e+01 -2.925140380859375000e+01 -1.020747280120849609e+01 -4.848140457512257195e-01 -3.035046974725177371e-01 -8.202683948894069488e-01
1.698809027671813965e+00 -6.249443435668945312e+01 -9.060679435729980469e+00 2.911376750830672600e-01 -4.976259013118022323e-01 -8.170724059046682308e-01
-6.037555694580078125e+01 -1.139783477783203125e+01 -7.561273097991943359e+00 -7.870319816148930725e-01 -1.222549003726149386e-01 -6.046771032958140335e-01
-4.906762695312500000e+01 3.500561523437500000e+01 5.752688884735107422e+00 7.573941695568885413e-01 -5.552845295570291162e-01 3.435304399261587260e-01
-2.112669944763183594e+01 -4.535888671875000000e+01 -1.504395961761474609e+01 -1.786116607566937131e-01 -2.890987743658584019e-01 -9.404891138667657025e-01
-2.139614486694335938e+01 -1.543595123291015625e+01 -1.409299945831298828e+01 9.696444105396542779e-02 1.228489436376710847e-01 9.876770900543357934e-01
-1.278126001358032227e+00 6.724407958984375000e+01 1.179330825805664062e+01 -8.990895552347058506e-02 9.523301012591696146e-01 -2.915197385296204868e-01
-6.758188247680664062e+00 5.587120437622070312e+01 -1.119939422607421875e+01 -7.383138766572082401e-02 5.450426574859981166e-01 -8.351511406421924244e-01
-2.681437301635742188e+01 -7.101816177368164062e+00 -2.402974319458007812e+01 -6.047210473985926288e-02 -2.164315031473753800e-02 -9.979352176332816349e-01
-5.153958892822265625e+01 -3.471693420410156250e+01 8.576655387878417969e+00 8.212998720893861515e-01 5.084345778916236069e-01 2.587678498386618564e-01
-3.488260269165039062e+01 -5.885718536376953125e+01 9.804890632629394531e+00 -6.043947439409240729e-01 -7.742821934725759858e-01 -1.876008485265491244e-01
-5.249852371215820312e+01 3.399953079223632812e+01 1.242720985412597656e+01 7.746561232372987105e-01 -5.679593929314091794e-01 2.780827551502325634e-01
-3.893947982788085938e+01 5.085295867919921875e+01 3.645694017410278320e+00 -5.921795748894601585e-01 7.853535426180663359e-01 -1.803972399483745881e-01
-1.749206161499023438e+01 6.178894805908203125e+01 5.036308765411376953e+00 -2.909349165908957091e-01 9.403845376994003358e-01 -1.761641154268749621e-01
-6.451775360107421875e+01 -1.319409656524658203e+01 2.074058532714843750e+01 8.877173990589761754e-01 1.680876648599803069e-01 4.286074618224527955e-01
-6.463119506835937500e+01 9.291269779205322266e-01 1.697385215759277344e+01 9.173179823677510836e-01 -1.820801050052966259e-03 3.981512324585903539e-01
-5.842532348632812500e+01 1.954631423950195312e+01 -6.728438854217529297e+00 -8.242315134285728151e-01 2.954830602843146470e-01 -4.830446908478142620e-01
-1.769768142700195312e+01 -5.255491256713867188e+01 -6.505178928375244141e+00 8.012670516892871075e-02 2.995168645613514036e-01 9.507204420659675081e-01
-5.512623596191406250e+01 -1.404790592193603516e+01 -5.118624210357666016e+00 6.788392718129780956e-01 1.515332638291195244e-01 7.184809760861590178e-01
-4.739573287963867188e+01 -4.954209518432617188e+01 1.598902893066406250e+01 -6.906838086355349127e-01 -7.034602765739796926e-01 -1.676291018026753177e-01
-3.835548400878906250e+01 6.961137771606445312e+00 -1.293482589721679688e+01 2.094059740531491187e-01 -9.144938342998780445e-02 9.735430901101023160e-01
-2.078067398071289062e+01 2.045126914978027344e+01 -2.146380805969238281e+01 -1.813847416746861008e-01 6.995780628090859932e-02 -9.809207311643332039e-01
-2.911614036560058594e+01 -3.569877624511718750e+01 -1.030850505828857422e+01 2.191228553221401809e-01 2.817302023907253261e-01 9.341377132609266498e-01
-3.540921020507812500e+01 -2.090118789672851562e+01 -1.832292747497558594e+01 -3.907600474730384410e-01 -2.860449211084560850e-01 -8.749199325692185170e-01
-6.057866287231445312e+01 2.083164787292480469e+01 1.530953121185302734e+01 8.634635731723255825e-01 -3.047655360214621134e-01 4.019311207881653969e-01
-2.030730438232421875e+01 6.205794525146484375e+01 2.065131378173828125e+01 3.269830857194178653e-01 -8.317435542247019198e-01 4.486476587023139895e-01
-1.921002006530761719e+01 1.194578361511230469e+01 -2.310564041137695312e+01 -2.330798938691499289e-01 1.569159512738534934e-01 -9.597140966505426363e-01
8.310680389404296875e+00 6.355957031250000000e+01 1.353248977661132812e+01 -1.124916458002900993e-01 -9.277183632817536107e-01 3.559273353578877863e-01
-4.413392639160156250e+01 -3.341714096069335938e+01 -6.381121158599853516e+00 3.529758816082669282e-01 2.639210711473117810e-01 8.976378418980131002e-01
1.082678985595703125e+01 3.973778533935546875e+01 -1.413007259368896484e+01 9.769190338946907026e-01 -2.085571903391677251e-01 -4.618549092622246943e-02
-2.794351005554199219e+01 -5.296871566772460938e+01 -3.507847070693969727e+00 3.543723567733805258e-01 6.108367566856423014e-01 7.080244977658931571e-01
-6.278263854980468750e+01 4.103874206542968750e+00 1.203480625152587891e+01 9.553878893139506889e-01 -5.565422389067593845e-02 2.900630764426265218e-01
-4.015675067901611328e+00 4.083798599243164062e+01 -1.965242004394531250e+01 -9.556401176112938600e-02 4.082702746229814328e-01 -9.078451974402872438e-01
-4.960072708129882812e+01 -3.132781791687011719e+01 -3.478446006774902344e+00 6.761212454824639950e-01 3.966567416660031764e-01 6.209053798270323110e-01
-4.051914596557617188e+01 4.325068283081054688e+01 3.476584911346435547e+00 6.594037055638645173e-01 -6.957455227197664183e-01 2.848243681710597164e-01
-2.676406860351562500e+00 -6.468300628662109375e+01 -7.068857192993164062e+00 -1.016990605970164857e-01 -7.191224959290093421e-01 -6.874010015431432086e-01
-3.893138122558593750e+01 4.923097991943359375e+01 1.567590904235839844e+01 5.918188351309999762e-01 -7.472164094374665888e-01 3.023542687834365195e-01
-1.338481807708740234e+01 -5.067699813842773438e+01 -1.384160900115966797e+01 -8.374536935077503408e-02 -4.089879182530070101e-01 -9.086889433878755362e-01
-6.081584548950195312e+01 1.759070992469787598e+00 5.640048980712890625e+00 9.472149716481333970e-01 -9.219344801214007660e-04 3.205977971266180115e-01
-2.094603347778320312e+01 -2.233871650695800781e+01 -2.207132911682128906e+01 -1.836493556455687515e-01 -2.373859411611967396e-01 -9.538977036925816444e-01
3.075608968734741211e+00 5.861063385009765625e+01 -9.517200469970703125e+00 4.140085186206014789e-02 6.641830447105075974e-01 -7.464227036901913692e-01
-2.624714660644531250e+01 5.667649078369140625e+01 1.459287929534912109e+01 4.107850345155272809e-01 -8.501894799323708174e-01 3.292924287474615075e-01
4.873366832733154297e+00 1.613628196716308594e+01 -2.142955207824707031e+01 9.481428260688794518e-01 -1.941353948668444740e-01 -2.516676972398578238e-01
1.373365020751953125e+01 5.649667739868164062e+01 -1.011783313751220703e+01 3.565288005693696416e-01 5.794233117219116380e-01 -7.329091623098861197e-01
9.146479964256286621e-01 -3.592604446411132812e+01 -1.765718078613281250e+01 9.691059976486585681e-01 -1.566095371744895270e-01 1.905440059077956605e-01
-3.704700469970703125e+01 -5.006264114379882812e+01 4.110228061676025391e+00 6.360050285560067129e-01 7.498986114308674455e-01 1.820705254167463150e-01
-2.990737915039062500e+01 6.327573394775390625e+01 2.210135650634765625e+01 -4.560025894104484667e-01 8.519786841140506439e-01 -2.572818692917490657e-01
-5.687311553955078125e+01 3.942845535278320312e+01 1.867532730102539062e+01 -7.046731853972214576e-01 5.899885700875574512e-01 -3.941436146231122040e-01
-7.799966812133789062e+00 -6.873220062255859375e+01 4.246435165405273438e+00 -1.462118453930235373e-01 -9.678010588980944240e-01 -2.048980396745999077e-01
-3.634203720092773438e+01 -9.494987487792968750e+00 -2.004460525512695312e+01 -2.662033114723766358e-01 -1.880163772790187648e-01 -9.454023687488912753e-01
-6.306722640991210938e+01 1.190790081024169922e+01 4.146279990673065186e-01 -9.265621730744854068e-01 1.829231607929950598e-01 -3.286664824301183119e-01
-1.108891677856445312e+01 2.274528884887695312e+01 -1.522007465362548828e+01 9.957802783191600782e-02 -1.030731577030147977e-01 9.896767858923617434e-01
7.297206878662109375e+00 6.399738693237304688e+01 1.762143015861511230e+00 -1.715965281098462501e-03 9.286619046234824149e-01 -3.709233375837112101e-01
2.490010976791381836e+00 5.290809631347656250e+01 -1.365298080444335938e+01 -1.471827969479019838e-02 6.164240957261459819e-01 -7.872767661064493661e-01
-5.091170883178710938e+01 2.508563804626464844e+01 -1.143813514709472656e+01 -4.708429128492483406e-01 2.738002143929891274e-01 -8.386539179053469351e-01
7.984825134277343750e+00 3.014160728454589844e+01 -1.845971488952636719e+01 9.702810199060234453e-01 -2.064000084462997431e-01 -1.263082694184919641e-01
-3.041490173339843750e+01 -6.379885864257812500e+01 1.937386131286621094e+01 -4.955442773806394419e-01 -8.436655936188756089e-01 -2.065532263098547594e-01
-1.734002876281738281e+01 1.695614624023437500e+01 -1.528565406799316406e+01 8.203573090972114679e-02 -6.481210215344462844e-02 9.945197485563367357e-01
-6.769290161132812500e+01 -1.411875009536743164e+00 2.295113563537597656e+01 7.657675765723674921e-01 4.174786796367742359e-02 6.417609634365202265e-01
-5.388799285888671875e+01 -2.888811302185058594e+01 5.051323890686035156e+00 8.548534287466053039e-01 4.575157690153334733e-01 2.447548497220854435e-01
-4.505875110626220703e+00 -5.404660224914550781e+00 -1.623858451843261719e+01 1.466276116427068892e-02 1.507139206880409588e-01 9.884686730220024753e-01
-4.117492675781250000e+01 -5.134603118896484375e+01 7.474240064620971680e-01 -6.340249008585976398e-01 -7.330620168790176194e-01 -2.462366839049623390e-01
-4.802998352050781250e+01 -3.762294006347656250e+01 2.575581073760986328e+00 8.107938453082603747e-01 5.656440605420994805e-01 1.505328442024870261e-01
-3.411496734619140625e+01 4.538386535644531250e+01 -3.011641025543212891e+00 4.524430744366834678e-01 -7.231344750303466684e-01 5.218925132791872867e-01
-5.909439086914062500e+01 1.533913040161132812e+01 6.393605232238769531e+00 9.061241724733007930e-01 -2.552806965057201616e-01 3.372991996004883197e-01
-5.197376632690429688e+01 -4.240570449829101562e+01 9.590328216552734375e+00 -7.482804376862637330e-01 -5.872113545534721757e-01 -3.086409105409231302e-01
-3.095806884765625000e+01 5.173456573486328125e+01 7.715918064117431641e+00 4.377600335687686361e-01 -8.606607349759820558e-01 2.600562483011569781e-01
-5.723202514648437500e+01 -3.260523605346679688e+01 2.087637329101562500e+01 4.690580683119525141e-01 2.178129832144065081e-01 8.558866939582016053e-01
-6.235676574707031250e+01 -2.124595832824707031e+01 6.685803890228271484e+00 -9.216108143029144717e-01 -3.097534739270682014e-01 -2.338510045948745675e-01
-4.262566375732421875e+01 2.658380031585693359e+00 -1.842994880676269531e+01 -3.307975147152166784e-01 -9.114190055831318180e-03 -9.436577429332428935e-01
-2.633459281921386719e+01 -5.751574325561523438e+01 4.097503185272216797e+00 4.670921368948539043e-01 8.651543072258029987e-01 1.825731643468997967e-01
-5.819184875488281250e+01 -3.367193984985351562e+01 1.075278568267822266e+01 -8.264019989188056137e-01 -5.102965850637807277e-01 -2.380275854921983236e-01
-2.172101593017578125e+01 5.941321563720703125e+01 1.236968994140625000e+00 -3.244387182228078426e-01 8.954562735896607339e-01 -3.047910435148317165e-01
-1.342782688140869141e+01 -5.946255874633789062e+01 -9.542516708374023438e+00 -1.248613416551248578e-01 -4.364112865664635521e-01 -8.910414324359366978e-01
-3.088677597045898438e+01 -3.778540134429931641e+00 -2.253220939636230469e+01 -2.522202523979488187e-01 1.492205292224632052e-01 -9.560952766010732962e-01
-5.978665924072265625e+01 3.097352790832519531e+01 2.196652603149414062e+01 6.428602461881243180e-01 -4.202569044832789591e-01 6.404020909593256539e-01
-1.984334754943847656e+01 2.700824975967407227e+00 -1.568825626373291016e+01 1.542452701374992796e-01 1.812544750240009314e-02 9.878663192927712444e-01
-2.254072761535644531e+01 5.621446228027343750e+01 8.483160972595214844e+00 3.681074286773082793e-01 -8.737594662960264102e-01 3.178699671416970740e-01
7.752274036407470703e+00 5.145697021484375000e+01 -1.458279323577880859e+01 1.120771874919220951e-01 6.374163328246551519e-01 -7.623248144277274818e-01
-5.667176055908203125e+01 -2.200252342224121094e+01 4.118100166320800781e+00 9.134743020604535468e-01 3.602920433550928503e-01 1.890881883412580677e-01
-2.103673934936523438e+00 2.146094703674316406e+01 -2.398986625671386719e+01 1.527382403547986045e-01 -3.037822009388361777e-01 -9.404187388212106313e-01
-5.884366989135742188e+01 -1.325113868713378906e+01 2.658777952194213867e+00 9.510565090906204500e-01 2.233772544832686724e-01 2.135277937315883112e-01
-5.215373229980468750e+01 -3.723454284667968750e+01 1.630750465393066406e+01 7.856297335499033974e-01 5.430519888015843399e-01 2.964463850697995340e-01
8.428879976272583008e-01 -3.084888458251953125e+01 -1.601347351074218750e+01 9.973636569666529672e-01 -5.371014982619164158e-02 4.879503630240034084e-02
1.192072033882141113e+00 3.588671493530273438e+01 -1.405922126770019531e+01 -3.382164525078541067e-02 -2.501178590674731916e-01 9.676244896074270851e-01
-5.876188659667968750e+01 -2.443325805664062500e+01 1.437813091278076172e+01 8.960915325109070073e-01 3.450184062057864987e-01 2.792530478642498148e-01
-4.575339508056640625e+01 -7.128355979919433594e+00 -1.685275077819824219e+01 -2.891800490033509807e-01 -6.264018627476895806e-02 -9.552230662635203817e-01
-5.222543334960937500e+01 -7.722799777984619141e-01 -1.420483493804931641e+01 -5.589629765656655147e-01 -1.177956797946290955e-02 -8.291089389260426490e-01
-6.089473724365234375e+01 2.891045570373535156e+01 1.283630943298339844e+01 -8.267608447023114815e-01 4.713349251384825744e-01 -3.070991599008717765e-01
-2.172800254821777344e+01 -1.425608921051025391e+01 -2.378314781188964844e+01 2.831563633414121636e-02 -2.012084393197461490e-02 -9.993965060867773254e-01
-1.553729629516601562e+01 6.784586334228515625e+01 1.868841934204101562e+01 -2.729580461812031733e-01 8.739315360342808647e-01 -4.021661041779906465e-01
-6.115699768066406250e+01 -5.602033138275146484e+00 7.164341926574707031e+00 9.418289525504580650e-01 7.200483080020002313e-02 3.282887882324671547e-01
-1.060247611999511719e+01 -4.562163925170898438e+01 -1.558387565612792969e+01 -1.753067748007289001e-03 -2.752751670512322280e-01 -9.613638796826033950e-01
-4.184149932861328125e+01 -2.053634452819824219e+01 -1.024768447875976562e+01 3.489213446848154487e-01 1.848751120646178470e-01 9.187355920842705803e-01
-3.914379882812500000e+01 -4.269618606567382812e+01 -4.788280963897705078e+00 4.537547308159033399e-01 4.664913398600938343e-01 7.592710149200492253e-01
-2.736573600769042969e+01 -5.911574554443359375e+01 1.299168395996093750e+01 4.675372017897770349e-01 8.683199416558335937e-01 1.656183681401156016e-01
-6.551179504394531250e+01 -1.882100296020507812e+01 1.429954433441162109e+01 -9.138644737738131907e-01 -2.588161800267332335e-01 -3.128352737951411999e-01
-6.335560989379882812e+01 2.095500373840332031e+01 2.054822349548339844e+01 8.088571809318535477e-01 -2.740795107072618864e-01 5.202215707421624646e-01
-3.505713939666748047e+00 3.003984260559082031e+01 -1.508729743957519531e+01 -2.094105679191810010e-02 2.404622978795889834e-02 9.994914961986530733e-01
-4.988960266113281250e+01 -1.505134677886962891e+01 -7.768696784973144531e+00 3.313780677916944861e-01 1.051789303468052411e-01 9.376171760360115792e-01
-8.279731750488281250e+00 -5.873395538330078125e+01 -4.667041778564453125e+00 1.155104067567218340e-01 4.592198150632789133e-01 8.807806238696129775e-01
-6.963171386718750000e+01 1.544029712677001953e+01 2.355471229553222656e+01 -7.951035172229212744e-01 1.708418204980010902e-01 5.819136269831360897e-01
-4.109275817871093750e+00 -1.916308784484863281e+01 -1.463746833801269531e+01 3.984805299241096083e-02 1.444755638593961944e-01 9.887056913562415339e-01
-5.750033569335937500e+01 -2.782505416870117188e+01 -2.775576114654541016e+00 -8.824859617643773246e-01 -3.737114338048899143e-01 -2.855841233897557507e-01
-5.399137496948242188e+01 3.434552383422851562e+01 1.246456980705261230e+00 -7.692773623793839333e-01 5.597300185514257898e-01 -3.080822066641281665e-01
-6.461956787109375000e+01 8.444199562072753906e+00 4.099860191345214844e+00 -9.756023244713786235e-01 1.218786458835577069e-01 -1.826080506539431714e-01
-1.264137268066406250e+01 -6.753990936279296875e+01 3.568657875061035156e+00 -2.417610465194812430e-01 -9.448794592542997250e-01 -2.208039942236258435e-01
-2.308983612060546875e+01 -5.383071899414062500e+01 -1.043810653686523438e+01 -2.163781290274001123e-01 -4.349985628413431948e-01 -8.740461976374976905e-01
-1.691265106201171875e+01 3.465190124511718750e+01 -2.060402107238769531e+01 -1.871533500841951470e-01 4.038655746336937136e-01 -8.954698326454436641e-01
-2.966609191894531250e+01 -5.946715927124023438e+01 -2.503669857978820801e-01 -4.743961484455286870e-01 -8.427030053052326775e-01 -2.545583217841775325e-01
-2.249184417724609375e+01 -6.202146148681640625e+01 1.467329120635986328e+01 4.307678845699931536e-01 8.799279280428122796e-01 2.004142486785214505e-01
-2.305823516845703125e+01 -6.463510990142822266e+00 -1.481868743896484375e+01 1.351184585047672249e-01 6.889807010430337719e-02 9.884311094391949881e-01
-1.070113372802734375e+01 5.126282882690429688e+01 -7.080410957336425781e+00 9.738851181267790813e-02 -4.906706745907051803e-01 8.658855391237424426e-01
-2.741217994689941406e+01 -2.976777648925781250e+01 -1.166415691375732422e+01 1.486687736578621299e-01 4.442370359657609596e-02 9.878887236413983475e-01
-6.101545715332031250e+01 1.184013843536376953e+01 9.438584327697753906e+00 9.198179745975035848e-01 -1.755063864662894935e-01 3.509022683267974396e-01
-1.146666717529296875e+01 -5.187850952148437500e+01 -7.404802799224853516e+00 1.050301884667305397e-01 4.075980888960756832e-01 9.071011285622513354e-01
-3.320076370239257812e+01 1.303471660614013672e+01 -1.346567344665527344e+01 1.337640705545793118e-01 -1.929310459298306385e-02 9.908253880194196617e-01
-3.189925003051757812e+01 3.517031860351562500e+01 -1.706292915344238281e+01 -2.376185872193742055e-01 3.319408969117590424e-01 -9.128815081735885961e-01
-2.093039035797119141e+00 -1.680591011047363281e+01 -2.310057640075683594e+01 -3.493760057723751394e-02 1.380265615300776266e-02 -9.992941762809524064e-01
-9.690540313720703125e+00 -8.821675300598144531e+00 -2.319312095642089844e+01 1.467440386535034946e-01 2.300597888402194230e-02 -9.889069279033527726e-01
1.430212783813476562e+01 6.542963409423828125e+01 8.536367416381835938e+00 6.533027343079923499e-01 6.617269789252054890e-01 -3.678490759920719499e-01
-2.342005538940429688e+01 5.203200912475585938e+01 -1.048202896118164062e+01 -2.395345038214253541e-01 4.969456152173152841e-01 -8.340673096311278512e-01
-1.352194404602050781e+01 4.327506256103515625e+01 -1.093066596984863281e+01 2.103289646948856562e-01 -5.181210587193925132e-01 8.290429995614662095e-01
-4.557841110229492188e+01 -8.086689710617065430e-01 -1.085794639587402344e+01 4.368230590148337034e-01 2.107117464200452747e-02 8.993006286621451073e-01
-3.689010620117187500e+01 5.934267425537109375e+01 2.317018318176269531e+01 -6.262804057728961205e-01 7.755213262472072655e-01 -7.962113965970007978e-02
-2.837411689758300781e+01 2.657454109191894531e+01 -2.044937896728515625e+01 -2.224968802885338437e-01 1.023252419146130632e-01 -9.695487007515330991e-01
-5.613282012939453125e+01 2.946045684814453125e+01 1.436991786956787109e+01 8.187573330332704735e-01 -4.543704351365289162e-01 3.509756932867110768e-01
-3.610715484619140625e+01 -2.721945381164550781e+01 -1.070142459869384766e+01 2.160255171271506791e-01 1.933854565861090891e-01 9.570449525131666801e-01
-5.023146057128906250e+01 -4.769621276855468750e+01 1.962507820129394531e+01 -7.106628931967261531e-01 -6.660954184909450015e-01 -2.264401592002432961e-01
-3.060368728637695312e+01 5.669226074218750000e+01 6.277832031250000000e+00 -4.740162901277064633e-01 8.730078637197609126e-01 -1.147424358161593244e-01
-4.226463699340820312e+01 -4.195204925537109375e+01 -9.690333366394042969e+00 -3.761158214180138626e-01 -3.972069112252980538e-01 -8.371162156797053999e-01
-6.146175384521484375e+01 -2.599474525451660156e+01 9.111419677734375000e+00 -8.365749979177652396e-01 -3.774111337390668730e-01 -3.971185074869759690e-01
-4.946292495727539062e+01 3.936815261840820312e+01 1.520560169219970703e+01 7.459880550400111998e-01 -6.244244161823364614e-01 2.315080348777761310e-01
-8.432922363281250000e+00 -5.927774810791015625e+01 -1.015435791015625000e+01 -7.739221082291383724e-02 -3.998405192918764728e-01 -9.133115595657070873e-01
-2.062941074371337891e+00 6.243921661376953125e+01 1.116927909851074219e+01 7.839804831458052625e-02 -9.118580405019858226e-01 4.029499472544243455e-01
-5.878873825073242188e+01 -2.974645233154296875e+01 6.430365085601806641e+00 -8.725132768646775006e-01 -4.486621302904104103e-01 -1.934499277284267293e-01
2.404453039169311523e+00 2.599009895324707031e+01 -2.396203613281250000e+01 -1.378627400543548376e-01 1.602610040357350940e-01 -9.773997521434939495e-01
-4.231846237182617188e+01 -1.447803497314453125e+01 -1.695856094360351562e+01 -2.102085182928795926e-01 -9.625815915176092266e-03 -9.776091869991193617e-01
-5.005065917968750000e+01 -3.739593124389648438e+01 -6.546356201171875000e+00 -7.104716511325553929e-01 -4.886635594103321822e-01 -5.063970365645965588e-01
-1.469795799255371094e+01 -1.188841438293457031e+01 -1.504406547546386719e+01 6.831459762153639648e-02 1.129737098339195916e-01 9.912467183492558176e-01
-1.477555942535400391e+01 -3.126079559326171875e+01 -2.079598426818847656e+01 -1.822189157910072410e-01 -2.990918703359591868e-01 -9.366644649109345799e-01
-1.338520145416259766e+01 -5.036735057830810547e+00 -1.574474143981933594e+01 1.058841843849462755e-01 5.553908274161981767e-02 9.928262435015274834e-01
-2.989382028579711914e+00 -5.738831710815429688e+01 -5.860074996948242188e+00 3.904394957706189967e-02 3.645407816474079965e-01 9.303685229613696261e-01
4.951000213623046875e-03 -6.795345306396484375e+01 -1.071266055107116699e+00 -2.374694963682423554e-02 -9.370068357261911451e-01 -3.485029012581344343e-01
4.586589813232421875e+00 6.781307220458984375e+01 1.255432319641113281e+01 3.182672313156972160e-02 9.317889894608275547e-01 -3.616024596352685472e-01
-6.551687240600585938e+00 6.770666503906250000e+01 1.423146057128906250e+01 -1.487919405482876489e-01 9.057444150038816977e-01 -3.968475943194705868e-01
-3.603147983551025391e+00 4.263472080230712891e+00 -2.362298011779785156e+01 7.405264657876471646e-02 -5.249229352306526014e-02 -9.958718615642120353e-01
-7.022702789306640625e+01 7.839584827423095703e+00 2.008331108093261719e+01 -9.098446565321413049e-01 7.815244075895250164e-02 -4.075228790918714594e-01
-6.368705368041992188e+01 1.996675872802734375e+01 9.693328857421875000e+00 -8.854181643878399344e-01 2.719164316775153356e-01 -3.769564011339180953e-01
-5.801766872406005859e+00 2.195820999145507812e+01 -1.569773864746093750e+01 9.283795113696950707e-02 -1.759779279281157571e-01 9.800065732998001211e-01
-1.809683990478515625e+01 -5.127859115600585938e+00 -2.400313949584960938e+01 6.009385342059817697e-02 -2.498328338381829855e-02 -9.978800350404990471e-01
-4.996636867523193359e+00 -6.519385528564453125e+01 5.961160182952880859e+00 1.609072991064909863e-01 9.636435533997085301e-01 2.133071566671811969e-01
-4.192836761474609375e+01 4.772763824462890625e+01 1.134603977203369141e+00 -5.436342714783589658e-01 7.650364411608135962e-01 -3.452260456138713796e-01
-2.882897186279296875e+01 -1.488300228118896484e+01 -1.326566410064697266e+01 1.405623320177189772e-01 1.411200822639398500e-01 9.799629346049570922e-01
-5.903639984130859375e+01 2.526911735534667969e+01 1.264914989471435547e+00 -8.678082498436267000e-01 4.080235010561710229e-01 -2.835941890963323830e-01
-1.001159095764160156e+01 4.817124176025390625e+01 -1.600429344177246094e+01 -1.286624148646526578e-01 5.463025468028464005e-01 -8.276469720586910883e-01
-2.698048973083496094e+01 5.660474014282226562e+01 -5.973020195960998535e-01 -4.068956277363036111e-01 8.575002281389333403e-01 -3.148480695045733357e-01
-3.803398132324218750e+01 5.502141189575195312e+01 1.416008663177490234e+01 -5.211452067954955858e-01 8.133826385848386131e-01 -2.584886006825947158e-01
-4.955140686035156250e+01 3.845877456665039062e+01 -2.514986038208007812e+00 -7.445626515898341458e-01 6.047177332019230134e-01 -2.827417921154262714e-01
-2.245184326171875000e+01 -6.565817260742187500e+01 9.359387397766113281e+00 -4.044771899500966827e-01 -8.829202465670878963e-01 -2.384324663547020828e-01
-1.680304050445556641e+00 5.009039306640625000e+01 -8.415426254272460938e+00 1.836925933183276849e-02 -5.323012279292349547e-01 8.463557012607811902e-01
-1.317911148071289062e+01 -2.054330062866210938e+01 -1.411993026733398438e+01 7.088101470652573288e-02 1.393999813228021523e-01 9.876960701356342076e-01
-2.571901130676269531e+01 2.035377883911132812e+01 -2.056747627258300781e+01 -1.498866916850850883e-01 8.508144049493517047e-02 -9.850355973968690781e-01
-2.929610061645507812e+01 -2.898330879211425781e+01 -1.847781944274902344e+01 -4.211995538652719695e-01 -3.623094896719775693e-01 -8.314582187442295380e-01
1.176621246337890625e+01 6.478394317626953125e+01 1.704653167724609375e+01 -9.870464876354266559e-02 -9.189212932027618352e-01 3.818914102346759321e-01
-4.218764495849609375e+01 -5.068597412109375000e+01 2.211564064025878906e+01 6.382145658152695855e-01 6.854762528951169331e-01 3.504346939132834682e-01
-5.459067916870117188e+01 -1.964730834960937500e+01 -1.066282653808593750e+01 -4.765250885380101775e-01 -2.315081683812192925e-01 -8.481319519783550032e-01
-2.390356445312500000e+01 6.238830184936523438e+01 1.318343162536621094e+01 -3.657651484167650513e-01 8.592568428768093680e-01 -3.576220549309563901e-01
-6.400489807128906250e+01 -1.024764633178710938e+01 2.019613027572631836e+00 -9.498814915442089779e-01 -1.553076503498726502e-01 -2.713018351662049299e-01
-6.388855361938476562e+01 -9.220438957214355469e+00 1.707303047180175781e+01 9.356194948476090900e-01 1.405851857635528335e-01 3.238085335579224400e-01
-1.610884094238281250e+01 6.525838470458984375e+01 2.307675170898437500e+01 2.592893134638660224e-01 -6.820558847571447370e-01 6.837900423314056120e-01
-1.575767421722412109e+01 -6.140358734130859375e+01 1.587756991386413574e+00 2.722921706512171358e-01 9.173506847680017451e-01 2.903871466813344182e-01
-1.361863970756530762e+00 -2.767246437072753906e+01 -2.280975532531738281e+01 5.538324384501924769e-02 -5.675219950057259349e-02 -9.968509839254062754e-01
-6.189789772033691406e-01 6.595133972167968750e+01 1.900507926940917969e+01 4.025590082404425368e-02 -8.924327500112603229e-01 4.493809621648252595e-01
-6.828880310058593750e+01 7.630423069000244141e+00 1.565559673309326172e+01 -9.119453401433222917e-01 9.253887447129116595e-02 -3.997402322789974094e-01
-2.494484710693359375e+01 5.028140258789062500e+01 -3.364241123199462891e+00 3.714561027168166718e-01 -7.178785267394506286e-01 5.887875547265155607e-01
-2.339159965515136719e+01 -3.660096740722656250e+01 -1.750037574768066406e+01 -2.385083480506649534e-01 -4.542238845334746200e-01 -8.583673051960120093e-01
-5.172533798217773438e+01 3.907201385498046875e+01 6.811933040618896484e+00 -7.886272919642176582e-01 5.828226268978506930e-01 -1.959203408150196890e-01
-4.573556900024414062e+01 -4.680051803588867188e+01 2.103663063049316406e+01 6.711724541541889133e-01 6.715080510985040885e-01 3.140134934911744669e-01
-1.715544891357421875e+01 -3.666851806640625000e+01 -1.142045879364013672e+01 3.382433318944617906e-02 1.803392016385746421e-01 9.830227295625726391e-01
-4.712963104248046875e+00 4.177127075195312500e+01 -1.281451416015625000e+01 4.999050838978791322e-02 -3.053661331188713413e-01 9.509219073167671787e-01
1.255406188964843750e+01 4.749103927612304688e+01 -1.149230766296386719e+01 9.747326165982191926e-01 -1.597913844065129152e-01 -1.560866413535732800e-01
-3.557446670532226562e+01 5.197901916503906250e+01 -9.054300189018249512e-02 -5.088926204610765280e-01 7.968971139371605616e-01 -3.255507497132863470e-01
-1.693748855590820312e+01 5.528741836547851562e+01 -1.911659985780715942e-01 2.954130356127457890e-01 -8.892549877595878893e-01 3.492230020126936285e-01
-8.348752975463867188e+00 6.398379898071289062e+01 1.718449211120605469e+01 1.770866930040304599e-01 -9.029355239978262837e-01 3.915964027716127283e-01
-3.211237716674804688e+01 5.212607955932617188e+01 -5.334145069122314453e+00 -4.693107607177728902e-01 7.995256527297912585e-01 -3.748414871669176196e-01
-4.125355529785156250e+01 3.852918243408203125e+01 -4.042158126831054688e+00 5.460758750097551850e-01 -5.476724519696740678e-01 6.339211497385580651e-01
-5.860476684570312500e+01 -4.685560226440429688e+00 -2.258520126342773438e+00 8.990620298252355314e-01 6.623230748567508763e-02 4.327825643110526643e-01
-6.943365478515625000e+01 -5.860052108764648438e+00 1.821637725830078125e+01 -9.145993437596988684e-01 -9.915557187708556874e-02 -3.920155774456626774e-01
-6.862157821655273438e+00 6.235359573364257812e+01 1.259717750549316406e+01 1.382241721166667936e-01 -9.221066762846364950e-01 3.614046980795386221e-01
-6.560484313964843750e+01 1.136112976074218750e+01 2.050421142578125000e+01 8.607310393418734495e-01 -1.282378698604325074e-01 4.926430012160095129e-01
-2.547744369506835938e+01 1.401020145416259766e+01 -1.476859569549560547e+01 8.118058879208758793e-02 -3.505465545155772578e-02 9.960827692187744775e-01
-2.299811744689941406e+01 -4.390110015869140625e+00 -2.429649734497070312e+01 4.502466523487590189e-03 -9.099528039825519055e-02 -9.958411453341580177e-01
-5.609337615966796875e+01 3.638026428222656250e+01 2.215881347656250000e+01 6.283926187027605303e-01 -4.933045200244677297e-01 6.014759906125233258e-01
-5.474665069580078125e+01 -2.196850395202636719e+01 -2.620562076568603516e+00 8.281235765694946460e-01 3.049429915879000030e-01 4.703414863810869706e-01
-1.318129634857177734e+01 6.354419326782226562e+01 7.622401237487792969e+00 -2.147050703146994033e-01 8.998744373034528454e-01 -3.796415807955632049e-01
-6.274891281127929688e+01 -1.779714965820312500e+01 1.894567108154296875e+01 8.891284230829342716e-01 2.542778792868253812e-01 3.805172891886111075e-01
-2.612851333618164062e+01 2.101464080810546875e+01 -1.429900074005126953e+01 1.918649540994561697e-01 -1.198259430433778472e-01 9.740788380630074350e-01
-5.760428619384765625e+01 -3.888475036621093750e+01 1.967252731323242188e+01 -7.744054829758453273e-01 -5.566802111935542641e-01 -3.006713993755433245e-01
-3.506697463989257812e+01 4.404782867431640625e+01 -1.125064945220947266e+01 -3.522936289068608895e-01 4.931396079618180495e-01 -7.954260029008980437e-01
9.912799835205078125e+00 5.916924667358398438e+01 2.991720914840698242e+00 -1.216785146036212101e-01 -9.290675742692707795e-01 3.493247508054210804e-01
-1.108696937561035156e+01 -6.524572753906250000e+01 1.063429069519042969e+01 2.636962689556386352e-01 9.405209806366984226e-01 2.142068223027889795e-01
-5.901354980468750000e+01 2.929878044128417969e+01 8.417055130004882812e+00 -8.084563551303822759e-01 4.307779196739233707e-01 -4.010345443608368532e-01
-1.958521652221679688e+01 2.841108512878417969e+01 -2.127111244201660156e+01 -9.786478373435202049e-02 3.100856444644082416e-02 -9.947165189316999889e-01
-2.858423614501953125e+01 4.157973098754882812e+01 -1.521143913269042969e+01 -2.595821812176250520e-01 4.667303730569629661e-01 -8.454465388541184678e-01
8.743739724159240723e-01 1.525397968292236328e+01 -1.735736846923828125e+01 1.996967848965016182e-02 -6.282013359879225212e-02 9.978250561875312563e-01
-1.600984764099121094e+01 -6.811412048339843750e+01 9.263812065124511719e+00 -2.833368079147304264e-01 -9.332349712961753863e-01 -2.208907911854136596e-01
-4.595724487304687500e+01 3.800667572021484375e+01 4.059815883636474609e+00 7.386524000667886725e-01 -6.176436633615014493e-01 2.700165494649484632e-01
-3.389359951019287109e+00 3.264818191528320312e+01 -2.149662971496582031e+01 -6.916877453777819929e-02 2.133574971233738460e-01 -9.745225800617405287e-01
-3.549316406250000000e+01 2.427602386474609375e+01 -1.877860069274902344e+01 -2.803035237636031796e-01 2.090293994361628327e-01 -9.368760028611385904e-01
-1.030972480773925781e+01 1.969238090515136719e+01 -2.360737228393554688e+01 -1.968923283822348880e-01 1.260698088611833523e-01 -9.722858706768945369e-01
-2.546038627624511719e+01 5.396483993530273438e+01 5.694507122039794922e+00 2.020575447891157228e-01 -9.693467514042246602e-01 1.397842056023169410e-01
-5.122077941894531250e+01 -4.149338531494140625e+01 4.983116149902343750e+00 -7.918733317270382210e-01 -5.946261451148027177e-01 -1.391271865791497420e-01
-4.351376342773437500e+01 5.088160705566406250e+01 1.417692947387695312e+01 -5.908982393951238699e-01 7.456877765580439688e-01 -3.078782398476121451e-01
-2.458244705200195312e+01 -6.109875106811523438e+01 -2.904299020767211914e+00 -4.031021006449066468e-01 -8.415149103016709153e-01 -3.596683919885569347e-01
-9.202346801757812500e+00 -3.486794662475585938e+01 -1.182952404022216797e+01 -3.731521315401754857e-02 1.325689170939078898e-01 9.904711288512244582e-01
-7.037773132324218750e+00 -6.539102935791015625e+01 -5.286160945892333984e+00 -1.305335745925839119e-01 -8.577352447035279104e-01 -4.972436383680151617e-01
-5.791474151611328125e+01 -1.217976379394531250e+01 -1.752592086791992188e+00 9.230357493653857937e-01 1.642926633025507677e-01 3.478691221974657410e-01
-1.722445678710937500e+01 5.139152145385742188e+01 -1.238339710235595703e+01 -1.515257678244424644e-01 5.010351502222590847e-01 -8.520585190742308024e-01
-3.849451065063476562e+01 -4.703603744506835938e+01 -8.919763565063476562e+00 -4.006320239813817019e-01 -4.621327587411494520e-01 -7.911556703069733132e-01
-5.360412597656250000e+01 -6.267333984375000000e+00 -7.148869037628173828e+00 4.460200499492179560e-01 5.903427369383983103e-02 8.930739440677564200e-01
-3.081832885742187500e+00 -1.298334002494812012e+00 -2.348634719848632812e+01 1.309284419640960317e-01 2.229265661252338368e-02 -9.911411506672550553e-01
-6.179988861083984375e+01 -1.696578025817871094e+01 -1.213840961456298828e+00 -9.371208602034984958e-01 -2.352333622426414916e-01 -2.578172970525393071e-01
7.356659770011901855e-01 -4.417873382568359375e+01 -1.434362030029296875e+01 9.910850058635263249e-01 5.778329002593481784e-02 -1.200483342086525601e-01
-3.744828033447265625e+01 -5.267239761352539062e+01 1.621085739135742188e+01 5.861048700641501297e-01 7.293042998818505263e-01 3.529820384395347954e-01
-3.735594034194946289e+00 5.640645599365234375e+01 -3.328162908554077148e+00 9.881430679328886968e-02 -8.204423312969407744e-01 5.631253091355445939e-01
-3.810928344726562500e+01 -4.696545124053955078e+00 -1.270333290100097656e+01 1.168306229147693109e-01 6.333934495035335732e-02 9.911300282660228111e-01
-1.339684772491455078e+01 6.230345916748046875e+01 2.260184049606323242e+00 -2.222306841172610181e-01 9.280460597935605849e-01 -2.989047238476186807e-01
-4.734539794921875000e+01 -4.327767562866210938e+01 -3.542356014251708984e+00 -7.154128368971512941e-01 -6.153258545371264043e-01 -3.309963225489446215e-01
-3.086331558227539062e+01 -1.916871070861816406e+01 -1.242674541473388672e+01 1.164827951491696073e-01 1.041431462178742107e-01 9.877175525068281337e-01
-7.683987140655517578e+00 -2.644104957580566406e+01 -1.338788604736328125e+01 3.742552029534514796e-02 1.722828925663102695e-01 9.843362918025566621e-01
-6.154412841796875000e+01 -3.203553009033203125e+01 1.859078788757324219e+01 -7.893911749254665100e-01 -4.738447011745314796e-01 -3.902983117035102589e-01
-1.019732284545898438e+01 6.066331863403320312e+01 9.809962272644042969e+00 1.786254194770702242e-01 -9.325063468972542013e-01 3.138867192363806735e-01
-3.082975387573242188e+01 3.876879119873046875e+01 -8.868500709533691406e+00 2.665316281992425873e-01 -4.435842202784283650e-01 8.556833121485072358e-01
-5.271540451049804688e+01 3.001399993896484375e+00 -7.635906219482421875e+00 3.410724091772115441e-01 -2.146309434250064790e-02 9.397919702143117116e-01
-4.065217971801757812e+00 5.883952713012695312e+01 -9.006885528564453125e+00 -8.060284915648995019e-02 6.984872030081008543e-01 -7.110687786295895041e-01
-5.352330398559570312e+01 2.670514106750488281e+01 3.376357078552246094e+00 8.356495703992649071e-01 -4.638278023338902045e-01 2.941998730007162055e-01
-2.138548851013183594e+01 -6.390232467651367188e+01 1.891679382324218750e+01 5.485508430879685315e-01 7.441637856254551542e-01 3.811984164592901458e-01
-6.222463607788085938e+01 -2.556115722656250000e+01 2.312115859985351562e+01 7.564658065446921986e-01 2.878798287271675527e-01 5.872688377061265896e-01
-2.499806976318359375e+01 -3.825508499145507812e+01 -1.048293685913085938e+01 2.016724652063112966e-01 2.619004112790585537e-01 9.437883191423110940e-01
-7.868906021118164062e+00 3.161087608337402344e+01 -1.493696784973144531e+01 5.314806667692769521e-02 -1.592305136470092974e-01 9.858097821244290460e-01
-5.734869003295898438e+00 -6.344585037231445312e+01 6.519579887390136719e-01 1.409020408523524170e-01 9.417907485360086373e-01 3.052487524227195936e-01
-3.778020095825195312e+01 -5.759724044799804688e+01 1.471632575988769531e+01 -6.134717696727663983e-01 -7.672877840906214830e-01 -1.868738724377167482e-01
-4.346910095214843750e+01 5.421878814697265625e+01 2.181876564025878906e+01 -5.700205757902711001e-01 7.817620997366813151e-01 -2.528330725815411961e-01
-6.210308456420898438e+01 1.655763053894042969e+01 8.911359906196594238e-01 -9.188813115212846050e-01 2.542030927807618634e-01 -3.017249127228631700e-01
-4.530700683593750000e+01 -4.542499160766601562e+01 1.586115837097167969e+01 7.259668128576104440e-01 6.620524643734019277e-01 1.861685286144480478e-01
-1.252279853820800781e+01 7.898872852325439453e+00 -1.685915565490722656e+01 1.348557705243857985e-01 1.360452511666241336e-02 9.907718395537009615e-01
-2.109395980834960938e+01 3.902150726318359375e+01 -1.148742103576660156e+01 1.897502202755658451e-01 -4.543786643689559090e-01 8.703647989617101510e-01
-5.175773239135742188e+01 -3.336597442626953125e+01 -7.646549224853515625e+00 -6.681389487898425905e-01 -4.078733185959597662e-01 -6.222778327142329813e-01
-4.525418853759765625e+01 -4.903510665893554688e+01 6.718554973602294922e+00 -7.215389477208616897e-01 -6.756655548678212053e-01 -1.511873172161964929e-01
2.947720050811767578e+00 2.657441329956054688e+01 -1.511681938171386719e+01 -2.272113149984839389e-02 -1.181783288892414713e-01 9.927324074312838809e-01
-3.720629119873046875e+01 -5.333378982543945312e+01 -2.911787986755371094e+00 -6.140315291621466498e-01 -6.965613527344362010e-01 -3.711705309848402079e-01
-6.704746246337890625e+01 -1.495703697204589844e+01 1.604045104980468750e+01 -9.243460725100018927e-01 -1.809172427677938066e-01 -3.359364367028878084e-01
-2.136388778686523438e+01 5.383224487304687500e+01 1.835920065641403198e-01 3.601991694800396049e-01 -8.779485774547237664e-01 3.153773194938351287e-01
-3.379548263549804688e+01 5.562611770629882812e+01 2.151382637023925781e+01 4.764082304679879143e-01 -7.570312538723914519e-01 4.471452544786264083e-01
-1.901566028594970703e+00 3.696562576293945312e+01 -2.060828018188476562e+01 -3.301814013018179728e-02 1.855321882153393998e-01 -9.820833007226889011e-01
-3.080301094055175781e+01 4.483759689331054688e+01 -1.242498111724853516e+01 -2.837936064707300421e-01 4.571098870470552966e-01 -8.429185844968450914e-01
-1.695362472534179688e+01 3.251095199584960938e+01 -1.379337120056152344e+01 9.591165485094035881e-02 -1.490089846744346580e-01 9.841733978065290156e-01
-1.166718292236328125e+01 4.395066452026367188e+01 -1.772835922241210938e+01 -1.088863946455984194e-01 3.239924377869968231e-01 -9.397726604439619047e-01
-3.557371902465820312e+01 -3.951591873168945312e+01 -7.040203094482421875e+00 2.376649366833834542e-01 4.398438679631137549e-01 8.660558582946772388e-01
-2.041133880615234375e+00 -8.099613189697265625e+00 -2.223568725585937500e+01 6.789397281754724900e-02 9.492397506082797531e-02 -9.931665758641403663e-01
6.286579966545104980e-01 -1.247739696502685547e+01 -1.584485816955566406e+01 6.568365518277632376e-01 -3.196348383934759230e-02 7.533552149443619728e-01
-3.328041839599609375e+01 5.821340560913085938e+01 1.475252151489257812e+01 -4.656306327064072548e-01 8.306300706628517716e-01 -3.053552023399250803e-01
-3.061319160461425781e+01 -5.774203872680664062e+01 1.614640235900878906e+01 5.649637623721960322e-01 7.915212040670691618e-01 2.330453404779206095e-01
-2.476622962951660156e+01 5.490938949584960938e+01 -7.200406074523925781e+00 -3.718577551086474919e-01 7.857158486991160373e-01 -4.943403838132029993e-01
-3.859280776977539062e+01 -2.360259628295898438e+01 -1.670867538452148438e+01 -2.503364971487291868e-01 -2.013010546475731410e-01 -9.470002764482591262e-01
-5.967688369750976562e+01 1.104723453521728516e+01 5.245617866516113281e+00 9.327015722402618447e-01 -1.820935755980263859e-01 3.113032394088913191e-01
5.077716827392578125e+00 3.367161560058593750e+01 -1.453175354003906250e+01 -4.143407320861192122e-02 -1.875553934322366501e-01 9.813797389246541325e-01
-1.066066741943359375e+01 -6.999739074707031250e+01 1.250308322906494141e+01 6.238315141978726386e-01 -4.019639919146338336e-01 6.702679994581582923e-01
-4.660979843139648438e+01 -1.029712486267089844e+01 -9.879283905029296875e+00 3.357992295604986244e-01 9.152657121610952018e-02 9.374762739333717398e-01
-3.780654144287109375e+01 -5.552572631835937500e+01 5.813922882080078125e+00 -5.929377514064209098e-01 -7.869721983984814262e-01 -1.705859956296487678e-01
-6.390986251831054688e+01 2.471941375732421875e+01 2.288966560363769531e+01 6.094167863911608141e-01 -2.498890345469186591e-01 7.524404633443627644e-01
-3.351179122924804688e+01 -5.242036056518554688e+01 2.451515913009643555e+00 5.947935390626960528e-01 7.824453298949798352e-01 1.843907579430416055e-01
-5.158683776855468750e+00 6.586672973632812500e+01 1.966990852355957031e+01 1.338724522596549116e-01 -8.490129704755748907e-01 5.111312380301431535e-01
-6.478653717041015625e+01 -2.457426834106445312e+01 1.758681869506835938e+01 -8.787017480180955298e-01 -3.381134837967675333e-01 -3.369903709377412016e-01
7.235149741172790527e-01 -2.566788864135742188e+01 -1.426258945465087891e+01 9.547013420838018627e-01 1.442184008310439247e-01 2.602813867435088691e-01
-3.847449493408203125e+01 4.352932739257812500e+01 -5.476760268211364746e-01 6.268897680812582918e-01 -7.004996151260080017e-01 3.410417978537831907e-01
-6.422031402587890625e+01 -1.868366956710815430e+00 2.785780131816864014e-01 -9.655907253023362502e-01 -2.248679634329911123e-02 -2.590924452783661680e-01
1.465729904174804688e+01 6.174216079711914062e+01 -1.219894051551818848e+00 9.990922295439083056e-01 -3.372666674294907962e-02 2.602362033600144273e-02
-1.783800125122070312e+01 5.766033935546875000e+01 7.597796916961669922e+00 2.925401635901305197e-01 -8.960957042941485318e-01 3.338154301889499909e-01
6.397719860076904297e+00 3.968641281127929688e+01 -2.048107528686523438e+01 8.414320679120547430e-02 2.539929231514195251e-01 -9.635390577137438184e-01
5.640204906463623047e+00 7.030558776855468750e+01 1.837156677246093750e+01 2.575125449567513061e-02 9.233250566531240322e-01 -3.831549460054041734e-01
-5.119466018676757812e+01 1.436433315277099609e+01 -1.373886680603027344e+01 -6.062946158730077029e-01 1.587289459039255834e-01 -7.792380640700443672e-01
-5.756186676025390625e+01 9.114368438720703125e+00 -2.791337013244628906e+00 8.672748103505478756e-01 -1.515295618541571132e-01 4.742079662086123859e-01
-6.021582794189453125e+01 -2.963493728637695312e+01 2.227258682250976562e+01 6.657627110636183954e-01 1.161081841850855056e-01 7.370745566918336378e-01
-6.795735836029052734e+00 -7.068631744384765625e+01 8.910845756530761719e+00 -1.696997174718084811e-01 -3.492708589766337912e-01 -9.215269247068761382e-01
-1.440806961059570312e+01 -2.917095565795898438e+01 -1.262936019897460938e+01 9.158109806125318275e-02 1.794746322295172614e-01 9.794905608855936086e-01
-2.770191001892089844e+01 4.896300125122070312e+01 -1.105750942230224609e+01 -1.877359106275700851e-01 5.162777113946893648e-01 -8.355911395999235936e-01
-6.761232757568359375e+01 -8.068419456481933594e+00 1.403233909606933594e+01 -9.360433282565997493e-01 -1.108679278698354864e-01 -3.339628575098678720e-01
-2.053565025329589844e+01 -6.876181793212890625e+01 1.797920608520507812e+01 -4.367809023419518821e-01 -8.334252371707756568e-01 -3.385628706698159407e-01
-3.779066085815429688e+00 -5.001234817504882812e+01 -1.451700401306152344e+01 -1.580811513157304171e-02 -2.929285337648311893e-01 -9.560036493666607127e-01
-1.310557460784912109e+01 1.862984275817871094e+01 -1.553000736236572266e+01 9.824651503109914363e-02 -1.268572045803070536e-01 9.870435005258452188e-01
-3.900115203857421875e+01 4.588177490234375000e+01 6.688866138458251953e+00 6.005501147937729600e-01 -7.395031586382281308e-01 3.040964287611248595e-01
4.714221954345703125e+00 5.317797851562500000e+01 -6.597350120544433594e+00 -4.890642988707454702e-02 -5.288727225066721660e-01 8.472908618084354915e-01
-7.168896198272705078e+00 6.115463638305664062e+01 -4.741243839263916016e+00 -1.461246732910549684e-01 9.272669444101938607e-01 -3.447079831680213147e-01
-6.951741027832031250e+01 4.027678966522216797e+00 1.789660263061523438e+01 -9.189986095900785079e-01 3.869237853979107938e-02 -3.923575606693923135e-01
-1.866657257080078125e+01 1.647473907470703125e+01 -2.238193511962890625e+01 -2.338756944383893477e-01 2.161652255849909054e-01 -9.479318302487533821e-01
-4.143816375732421875e+01 -4.527828216552734375e+01 1.670686960220336914e+00 6.952717177167330176e-01 6.837133638045148620e-01 2.216602686507856690e-01
-6.874426269531250000e+01 -1.436244869232177734e+01 2.025117492675781250e+01 -9.359811071774704061e-01 -1.605156978705032378e-01 -3.133274289684542246e-01
-2.308755874633789062e+01 -6.416392517089843750e+01 4.970366001129150391e+00 -3.990640360706890211e-01 -8.929627748046365943e-01 -2.082435543496498065e-01
-1.752724075317382812e+01 -1.279798316955566406e+01 -2.364990806579589844e+01 1.003530155728347417e-01 -4.251227257226250500e-02 -9.940432480260503745e-01
-3.470760726928710938e+01 -6.158331298828125000e+01 2.229527091979980469e+01 -5.699807941676627854e-01 -8.195890719583575068e-01 -5.827218381388117596e-02
-6.461238861083984375e+00 2.208885002136230469e+01 -2.341365432739257812e+01 3.033626913268132053e-01 7.055791750123671657e-02 -9.502592581968571928e-01
-6.840097808837890625e+01 1.895548248291015625e+01 2.063340568542480469e+01 -8.973320932024335672e-01 2.508287759188646548e-01 -3.631529150096183822e-01
-3.730146026611328125e+01 -3.899476623535156250e+01 -1.302802562713623047e+01 -3.877128486722777323e-01 -3.878058008897226072e-01 -8.362328669519683011e-01
-3.056014823913574219e+01 5.398691177368164062e+01 1.335768795013427734e+01 4.473621451610090283e-01 -8.591320406466549375e-01 2.485140797042587335e-01
-3.907040786743164062e+01 -4.944245910644531250e+01 8.168286323547363281e+00 6.561941476564363551e-01 7.110258258508720397e-01 2.526885742461035256e-01
-5.616616821289062500e+01 -2.531440544128417969e+01 6.988423824310302734e+00 8.823791416843987934e-01 3.862805837971061140e-01 2.686900833705453961e-01
1.612124919891357422e+00 -5.397775650024414062e+01 -7.237432003021240234e+00 9.641049002474155749e-01 1.724798469070167872e-01 2.018723451338819974e-01
-5.772607421875000000e+01 3.572039413452148438e+01 1.520913219451904297e+01 -7.933602207018317642e-01 5.054782193357540976e-01 -3.392216531784138511e-01
-8.776628494262695312e+00 -3.771073532104492188e+01 -1.930963897705078125e+01 -8.909745683990648313e-02 -3.999548243107057810e-01 -9.121939386420265805e-01
-5.089169311523437500e+01 -3.910883331298828125e+01 -2.600590944290161133e+00 -7.749941668516254767e-01 -5.670258194842541233e-01 -2.790443717120361655e-01
3.538586139678955078e+00 -6.183246994018554688e+01 -3.964817047119140625e+00 9.965395634161040572e-01 2.440805782336854732e-02 -7.945530353432478377e-02
-1.844127273559570312e+01 -6.232587432861328125e+01 8.181611061096191406e+00 3.216303008263777796e-01 9.102398187760059045e-01 2.608014990466076544e-01
-1.917551803588867188e+01 -2.775848960876464844e+01 -1.253139877319335938e+01 8.504080022941411243e-02 1.471049275087830677e-01 9.854583718244910306e-01
-4.908194065093994141e+00 -9.729992866516113281e+00 -1.577982425689697266e+01 2.109080681812501579e-02 8.316524899182857478e-02 9.963125610107943508e-01
-5.038528060913085938e+01 -4.309624481201171875e+01 2.300313186645507812e+01 7.073098138940597801e-01 5.297477777505062990e-01 4.680599525034699337e-01
-2.457346534729003906e+01 -4.844811248779296875e+01 -6.782646179199218750e+00 1.358003544640186411e-01 2.584920512339329290e-01 9.564204740470169108e-01
-5.380991744995117188e+01 4.197819137573242188e+01 1.685971832275390625e+01 -7.298801311918376999e-01 5.966212971575043378e-01 -3.336435551145602862e-01
-1.521277618408203125e+01 5.617213058471679688e+01 -9.626518249511718750e+00 -1.713560444954317086e-01 6.469744813295421615e-01 -7.430081604688130170e-01
-3.232715988159179688e+01 6.058967208862304688e+01 1.895828247070312500e+01 -4.653413434197627430e-01 7.899124767151325388e-01 -3.993691440685618876e-01
-5.400943374633789062e+01 -3.808576965332031250e+01 6.839351177215576172e+00 -8.183160144580640116e-01 -5.472666996907895598e-01 -1.756646233338417795e-01
-5.499823760986328125e+01 -3.424385452270507812e+01 5.562009811401367188e-01 -8.285345483528686605e-01 -5.137177549804532450e-01 -2.227657298678384357e-01
1.348271965980529785e+00 -4.803427505493164062e+01 -9.558136940002441406e+00 9.744954828349443599e-01 1.758256340048981736e-01 1.394413868299666237e-01
-7.285816192626953125e+00 6.903790283203125000e+01 2.367858505249023438e+01 2.469297930428674126e-01 1.887061635871435661e-01 9.504818047348559951e-01
-3.338888549804687500e+01 -1.280394744873046875e+01 -2.048192787170410156e+01 -3.562061111552044523e-01 -1.652904380434741805e-01 -9.196718313980714044e-01
-4.871628570556640625e+01 -2.118025970458984375e+01 -1.346521472930908203e+01 -4.993211239853979633e-01 -1.910923173645578399e-01 -8.450811448530857195e-01
-5.678568649291992188e+01 -2.854010581970214844e+01 1.408901500701904297e+01 8.569260771597356774e-01 4.306613673261283082e-01 2.832110255205760874e-01
-4.405670166015625000e+01 -5.242872619628906250e+01 1.511011314392089844e+01 -6.643174663094575383e-01 -7.171419146310376025e-01 -2.106888184871526792e-01
-5.576645660400390625e+01 1.927859115600585938e+01 -4.407860040664672852e-01 8.910186854340532703e-01 -3.517630922522615999e-01 2.869641600208959753e-01
-1.145476341247558594e+01 1.508910179138183594e+01 -2.377940368652343750e+01 6.936831185754056307e-03 -2.702554895009047498e-02 -9.996106742512539389e-01
8.931999802589416504e-01 1.272086024284362793e+00 -1.897118759155273438e+01 9.836265335015413891e-01 -1.554644215250863548e-01 9.115731584251043906e-02
-3.943870925903320312e+01 1.099055480957031250e+01 -1.911865425109863281e+01 -1.692524791257596917e-01 9.622821893961584772e-02 -9.808637663760924053e-01
-3.247165679931640625e+01 -5.471995544433593750e+01 -6.373136997222900391e+00 -4.597470708704803344e-01 -6.424858864943561176e-01 -6.130615927307592194e-01
-5.710293579101562500e+01 1.907622909545898438e+01 4.007789134979248047e+00 9.079979035342180538e-01 -3.080984790873670942e-01 2.839280443378496277e-01
-4.715165710449218750e+01 4.179614639282226562e+01 -1.157014966011047363e+00 -7.043262299282503358e-01 6.478940091467746409e-01 -2.900998358268694899e-01
-4.652030181884765625e+01 -4.919079208374023438e+01 2.463505744934082031e+01 2.967997695543515002e-01 2.775896202501784149e-01 9.137033980027904345e-01
-4.683742904663085938e+01 1.389422512054443359e+01 -9.559011459350585938e+00 4.452737827555590666e-01 -1.083431644656248638e-01 8.888155135370500171e-01
-5.187386322021484375e+01 3.184309577941894531e+01 7.066040039062500000e+00 7.934712962514933743e-01 -4.942872595887624620e-01 3.550822538978911092e-01
-4.550352478027343750e+01 -4.274925613403320312e+01 7.891911983489990234e+00 7.388317280750333893e-01 6.474221667688453419e-01 1.870085975723932425e-01
-3.713602447509765625e+01 3.963758087158203125e+01 -1.268145275115966797e+01 -3.674227504068555139e-01 4.144827636167821572e-01 -8.325890709996476291e-01
-5.603377532958984375e+01 2.396612167358398438e+01 6.399243831634521484e+00 8.509346583230364969e-01 -4.097863152702976297e-01 3.286112948178279702e-01
-4.733321380615234375e+01 5.116940307617187500e+01 2.378269386291503906e+01 -6.332843189093871894e-01 7.236230647762640356e-01 2.744460448745447145e-01
-2.959110832214355469e+01 -4.993526077270507812e+01 -1.075464534759521484e+01 -2.296819648679438164e-01 -3.969367608330859887e-01 -8.886435747327148249e-01
-2.831492424011230469e+01 5.468378067016601562e+01 -4.221178054809570312e+00 -4.339353288978682888e-01 8.396499494640771166e-01 -3.266314325034740951e-01
-3.514925384521484375e+01 -5.540984344482421875e+01 1.882806587219238281e+01 6.091026598609574627e-01 7.464563058758574288e-01 2.679494974215760883e-01
-2.429768085479736328e+00 5.225830078125000000e+01 -1.404645633697509766e+01 -5.450861478077899391e-02 6.305100697655764419e-01 -7.742647240052258351e-01
-3.937721014022827148e+00 -4.048414993286132812e+01 -1.832287597656250000e+01 3.742349943749222196e-02 -3.885975674817253034e-01 -9.206472789495104836e-01
9.106548309326171875e+00 6.195821380615234375e+01 9.311401367187500000e+00 -7.189599934150515959e-02 -9.452402361714772328e-01 3.183580707335315063e-01
1.151652145385742188e+01 6.986132049560546875e+01 1.815861320495605469e+01 1.063576236097408950e-01 9.161213618334411724e-01 -3.865355175045754321e-01
-2.877050590515136719e+01 1.188459682464599609e+01 -2.083049201965332031e+01 -1.754734320574666828e-01 4.021092201972943647e-02 -9.836626232567224903e-01
-4.202108764648437500e+01 -3.346892166137695312e+01 -1.312109756469726562e+01 -4.320789656658418076e-01 -3.109894506001889547e-01 -8.465183571810649399e-01
-1.382436561584472656e+01 -3.370747756958007812e+01 -1.194587993621826172e+01 -2.641149844994136742e-02 1.021609304363088194e-01 9.944172047194359543e-01
-2.208908081054687500e+01 4.430928802490234375e+01 -8.669905662536621094e+00 2.226972859224263246e-01 -4.799828114824361003e-01 8.485413481523461643e-01
-6.709785461425781250e+01 2.733694076538085938e+00 2.189809608459472656e+01 8.399365838062755607e-01 -5.171456065823610941e-03 5.426599222588698312e-01
-6.480635070800781250e+01 -1.313368797302246094e+01 7.956043243408203125e+00 -9.346306181768732069e-01 -1.590182715874052244e-01 -3.180861469282654230e-01
-6.737510681152343750e+01 1.665610694885253906e+01 1.713592910766601562e+01 -8.952987808836443406e-01 1.723438779542743327e-01 -4.107769232563370787e-01
-1.351611995697021484e+01 3.933427429199218750e+01 -1.277210235595703125e+01 1.121451919493694216e-01 -2.652677525072252851e-01 9.576306570919732586e-01
-4.687816238403320312e+01 -3.001475095748901367e+00 -1.677790260314941406e+01 -3.452856952225914489e-01 -4.632698125930765493e-02 -9.373535082785210415e-01
-4.054189682006835938e+01 4.983185577392578125e+01 1.959316444396972656e+01 5.856129616373364488e-01 -7.283163052651936420e-01 3.558269504228210312e-01
-6.490243911743164062e+00 1.470921707153320312e+01 -1.724824905395507812e+01 7.119396926642074241e-02 -6.040496484647289721e-02 9.956317888466540422e-01
-1.913511657714843750e+01 -1.185970020294189453e+01 -1.471174526214599609e+01 6.255578559221368351e-02 1.029977517720072067e-01 9.927125650553905167e-01
-9.456901550292968750e+00 5.919179916381835938e+01 5.415515899658203125e+00 1.450693979995881511e-01 -9.176991140815938808e-01 3.698421362931689771e-01
-3.307029962539672852e+00 -2.287261772155761719e+01 -2.335073661804199219e+01 4.131162554868439973e-01 1.203584855553177513e-01 -9.026897553464086066e-01
-5.014012145996093750e+01 2.995425033569335938e+01 -1.350913047790527344e+00 7.877011931258014465e-01 -5.269800263899406811e-01 3.190907114509071718e-01
-5.231514739990234375e+01 3.641349029541015625e+01 1.634094047546386719e+01 7.385204040578485785e-01 -5.982215346381869470e-01 3.109961547758503531e-01
-3.185696411132812500e+01 1.385408043861389160e+00 -1.382242298126220703e+01 1.969676272128129402e-01 3.087917198110726874e-02 9.799235840451618884e-01
-5.246474456787109375e+01 -2.868300628662109375e+01 -1.237545967102050781e+00 8.384341422723139425e-01 4.221661744314055831e-01 3.446794311212101336e-01
-6.002598190307617188e+01 -1.660429954528808594e+01 9.566463470458984375e+00 9.369747294335939447e-01 2.522691108264848436e-01 2.417408780609062724e-01
1.157248687744140625e+01 5.588001632690429688e+01 -3.578521013259887695e+00 -1.426953461306934012e-01 -8.035661192995521285e-01 5.778577074907796929e-01
-1.715887069702148438e+00 7.050069427490234375e+01 1.909897804260253906e+01 -1.006717131909443119e-01 9.168606270425248006e-01 -3.863053154467184780e-01
-3.565177536010742188e+01 -5.322289657592773438e+01 1.119403171539306641e+01 6.262251357451706912e-01 7.430650297827888773e-01 2.360009340550277834e-01
-4.199059009552001953e+00 -2.336841583251953125e+01 -1.403831481933593750e+01 4.272205796463998326e-03 1.980404247259061334e-01 9.801845430489176669e-01
-1.824582672119140625e+01 -6.397419357299804688e+01 1.500006675720214844e+01 3.592660472299324392e-01 8.983940642442919122e-01 2.526183141389463094e-01
5.321125030517578125e+00 3.266557312011718750e+01 -2.197042846679687500e+01 -4.851591935355513419e-02 3.135490813249318109e-01 -9.483317874929483304e-01
-6.193472671508789062e+01 -7.237088203430175781e+00 -5.905953884124755859e+00 -8.931929922606436367e-01 -6.203811167213971189e-02 -4.453734963787503998e-01
-5.236375427246093750e+01 4.092224884033203125e+01 1.092655086517333984e+01 -7.490299765685968225e-01 6.080171618676584178e-01 -2.631904729963545075e-01
-4.034765625000000000e+01 -5.733779144287109375e+01 2.158860397338867188e+01 -5.814600784667905975e-01 -7.985348071883581200e-01 -1.557123593618870705e-01
-4.215905761718750000e+01 -4.910961532592773438e+01 -2.758463859558105469e+00 -6.436953660611733907e-01 -6.922747810198814911e-01 -3.262083740115311881e-01
-1.283864974975585938e+01 5.999695587158203125e+01 -4.987817764282226562e+00 -1.725060387226097225e-01 9.154189379328933063e-01 -3.636617036175885387e-01
5.642679929733276367e-01 6.250049972534179688e+01 -2.838954925537109375e+00 -1.953915795155952706e-02 9.446719316973258840e-01 -3.274342113612850880e-01
3.452948093414306641e+00 5.714323806762695312e+01 -2.693931102752685547e+00 3.264891504437004294e-02 -8.248942900841457204e-01 5.643433870729759327e-01
-3.156749963760375977e+00 5.992100906372070312e+01 4.872079849243164062e+00 1.770066646279105094e-01 -8.735123080518224503e-01 4.534808577650003558e-01
-2.515053176879882812e+01 3.502514648437500000e+01 -1.228806591033935547e+01 2.104677197544751188e-01 -3.396867768522246478e-01 9.166876417695936086e-01
-1.158759117126464844e+01 6.967975616455078125e+01 2.038055992126464844e+01 -1.932978845431310155e-01 9.092291832089433035e-01 -3.686980068190607862e-01
-2.830396080017089844e+01 -1.636600685119628906e+01 -2.184001541137695312e+01 -3.558620968307685817e-01 -1.481386362411213631e-01 -9.227226628255260632e-01
9.782745361328125000e+00 3.706335830688476562e+01 -1.739172172546386719e+01 9.681858218176063735e-01 -1.985182664875543845e-01 -1.523374947350214781e-01
-4.623003387451171875e+01 4.557719421386718750e+01 7.670989036560058594e+00 -6.452254797819636511e-01 6.717781907711977141e-01 -3.638655557267151952e-01
-2.934936714172363281e+01 -6.078303527832031250e+01 3.827241897583007812e+00 -4.353994804408800601e-01 -8.786162489460519476e-01 -1.961142001992228767e-01
-6.972262573242187500e+01 1.268698024749755859e+01 2.036445045471191406e+01 -8.958949828219280320e-01 1.938617886508851307e-01 -3.997371469548169909e-01
-4.314852142333984375e+01 -2.942341804504394531e+01 -7.620553016662597656e+00 3.793997664975509165e-01 2.595215112321975215e-01 8.880903120681817864e-01
1.269412994384765625e+00 -2.217184257507324219e+01 -1.885778427124023438e+01 9.990666418625053780e-01 -2.994084156576838629e-02 -3.113504655383901934e-02
1.141975021362304688e+01 4.388325881958007812e+01 -1.495413970947265625e+01 9.519263615788308153e-01 -2.984561979114477293e-01 6.899347838406141853e-02
-3.709447479248046875e+01 4.934645843505859375e+01 1.189001369476318359e+01 5.468854069268369589e-01 -8.044746091567495094e-01 2.318123269210741744e-01
-5.406977844238281250e+01 -2.681419372558593750e+01 -8.910662651062011719e+00 -5.967950027182641337e-01 -2.693940639047755492e-01 -7.558191338298977380e-01
-4.273082733154296875e+01 2.541149330139160156e+01 -1.597226715087890625e+01 -4.248246255604836707e-01 2.816803600863315160e-01 -8.603372665757479387e-01
-5.464841461181640625e+01 3.732948303222656250e+01 9.794297218322753906e+00 -7.411208887665425848e-01 5.598935204132808874e-01 -3.704849174165026904e-01
-3.136542510986328125e+01 -6.113193893432617188e+01 9.429117202758789062e+00 -4.015544326304413825e-01 -8.479230103438701871e-01 -3.460933489164931820e-01
-5.772750091552734375e+01 6.373857021331787109e+00 -1.059546375274658203e+01 -5.475525720734820689e-01 7.257848006827681553e-02 -8.336177451606300304e-01
-5.244941711425781250e+01 4.194403839111328125e+01 2.324444198608398438e+01 4.836238456649345485e-01 -4.748267055107089907e-01 7.352874102268488476e-01
-2.119287490844726562e+01 6.478404998779296875e+01 2.430101013183593750e+01 1.909950630871885546e-01 -4.735652602501718711e-01 8.598004595023822638e-01
-3.987715148925781250e+01 5.641732406616210938e+01 2.040044212341308594e+01 -5.573366109609396712e-01 7.649111865096699381e-01 -3.229346355455595119e-01
-6.387189483642578125e+01 6.121840953826904297e+00 1.569385337829589844e+01 9.205330003953606788e-01 -6.844656652809379127e-02 3.846219737789692839e-01
-6.342194366455078125e+01 -2.005861043930053711e+00 1.391228294372558594e+01 9.500088881112952466e-01 3.964206738716563594e-02 3.096960106343185082e-01
-6.875778961181640625e+01 6.307772159576416016e+00 2.379716110229492188e+01 5.285798080951129574e-01 -1.320961335259467941e-02 8.487808271804968552e-01
-8.097311019897460938e+00 3.684803771972656250e+01 -1.375432586669921875e+01 3.378202448158701410e-02 -1.648354587619255407e-01 9.857423833622409592e-01
-7.007524108886718750e+01 -1.015970230102539062e+01 2.196135902404785156e+01 -9.711883576491718850e-01 -1.750058314743434540e-01 -1.617594909632132372e-01
-5.206498718261718750e+01 3.511007690429687500e+01 -2.594886064529418945e+00 -7.742831656882391833e-01 5.583320483794776967e-01 -2.979108978942788810e-01
-4.644417953491210938e+01 7.131227016448974609e+00 -1.042542076110839844e+01 3.679313403005612382e-01 -3.825515698263644987e-02 9.290656983167909777e-01
-3.740658044815063477e+00 1.410394477844238281e+01 -2.367941284179687500e+01 1.741527581706311945e-02 2.814393705921894653e-02 -9.994521634250547182e-01
-5.088957977294921875e+01 6.885974884033203125e+00 -8.139554023742675781e+00 3.977899114102980693e-01 -3.727584081584844194e-02 9.167189853339237082e-01
-4.036177825927734375e+01 1.627197074890136719e+01 -1.208612537384033203e+01 3.145088951823324930e-01 -1.871638680675598299e-01 9.306201380483755115e-01
-2.269538879394531250e+01 5.758014297485351562e+01 1.244233131408691406e+01 3.581579913406140458e-01 -8.862000470935705865e-01 2.938916973482064710e-01
-6.365176773071289062e+01 7.552498817443847656e+00 -1.674430072307586670e-01 -9.630571698811117853e-01 1.186172734649868499e-01 -2.417660645672091990e-01
-6.816668701171875000e+01 -1.470034003257751465e+00 1.426375007629394531e+01 -9.429424126623037195e-01 -3.236977181986092772e-02 -3.313786418508651854e-01
-9.308691024780273438e+00 -2.364367485046386719e+01 -2.306609535217285156e+01 5.076932886182080468e-02 -1.843941795170936371e-02 -9.985401659986052891e-01
-4.161608886718750000e+01 -6.533830165863037109e-01 -1.245696926116943359e+01 2.099341510439077796e-01 4.054116391112450729e-02 9.768746420366356542e-01
-5.463017272949218750e+01 1.879559898376464844e+01 -1.081578063964843750e+01 -5.477838281403915044e-01 1.359130129344221782e-01 -8.255062268347499455e-01
-2.683533477783203125e+01 6.579144001007080078e+00 -1.473305130004882812e+01 1.537532710926463320e-01 -6.286334299844440702e-04 9.881090711294587825e-01
-9.533636093139648438e+00 -4.516836166381835938e+00 -2.369568634033203125e+01 1.032221854181811088e-01 -2.512457218536541248e-01 -9.624036407286347128e-01
-3.354480361938476562e+01 -6.133697128295898438e+01 1.787662887573242188e+01 -5.300024624298712572e-01 -8.198256945087163405e-01 -2.167561312663933426e-01
-5.005535507202148438e+01 4.651808166503906250e+01 1.766426086425781250e+01 -6.793807470252106739e-01 6.636266892946154350e-01 -3.131156620600995533e-01
-3.339540481567382812e+01 -6.741036891937255859e+00 -1.315671443939208984e+01 2.415669821393697236e-01 8.112876134431924735e-02 9.669868237069283445e-01
-1.817351913452148438e+01 -6.545287322998046875e+01 1.997146010398864746e+00 -3.856081600094147799e-01 -8.968689797841118416e-01 -2.166388239331996923e-01
-6.248242855072021484e+00 4.869092559814453125e+01 -8.990103721618652344e+00 9.345320849523382212e-02 -5.256644572248809766e-01 8.455432432657820074e-01
-6.701464843750000000e+01 -3.058719933032989502e-01 1.024701499938964844e+01 -9.293643773171805789e-01 -4.063279308829098949e-03 -3.691413603690426593e-01
-4.911022186279296875e+01 4.174409103393554688e+01 4.786481857299804688e+00 -7.255388925484371754e-01 6.661274618147847715e-01 -1.728222208391614612e-01
-3.631983184814453125e+01 5.435670089721679688e+01 9.370079040527343750e+00 -4.993253143371508274e-01 7.623952560069404694e-01 -4.116159667459672322e-01
1.095201015472412109e+00 -5.877397537231445312e+01 -1.076970291137695312e+01 2.928826138578246360e-03 -3.217455147310465113e-01 -9.468216546572558734e-01
-3.103660202026367188e+01 -5.667711257934570312e+01 1.205996513366699219e+01 5.439684308605866603e-01 8.208616004357894846e-01 1.740246510040036887e-01
-5.644853973388671875e+01 -3.845891571044921875e+01 1.565726184844970703e+01 -7.718680212899440285e-01 -5.718087923444143961e-01 -2.779468702964092985e-01
-6.436421871185302734e+00 -6.264112854003906250e+01 -8.491185188293457031e+00 -1.119932885043676829e-01 -6.243181434851319267e-01 -7.731004844425176659e-01
1.017856216430664062e+01 6.478327178955078125e+01 5.479458808898925781e+00 4.998537501939024491e-02 9.633655208193526720e-01 -2.634925721545643418e-01
-3.927658843994140625e+01 4.867027282714843750e+01 -1.904664039611816406e+00 -5.851851332027784292e-01 7.198602793988225779e-01 -3.733089042901275856e-01
-1.057206344604492188e+01 1.421864795684814453e+01 -1.689470291137695312e+01 1.342443136310557950e-01 -9.559664605448166264e-02 9.863263889407302143e-01
-1.401990413665771484e+01 6.026700592041015625e+01 1.136606502532958984e+01 2.446486325108110371e-01 -9.151281714750800766e-01 3.204488670338319078e-01
-4.236254119873046875e+01 4.364587783813476562e+01 -6.802875995635986328e+00 -5.835879811708426512e-01 6.494943607137787511e-01 -4.874239875446632064e-01
-1.721344375610351562e+01 4.365340042114257812e+01 -1.699849891662597656e+01 -1.216684964934366536e-01 4.014175842475084521e-01 -9.077778913467331456e-01
-4.425753021240234375e+01 3.968701171875000000e+01 -8.939230918884277344e+00 -6.029807777039275507e-01 4.630157785087848921e-01 -6.496388000816072372e-01
-5.220137119293212891e+00 -4.270647048950195312e+01 -1.050924682617187500e+01 -2.024190107640368164e-02 2.010854286690545445e-01 9.793645469475580345e-01
-4.360454940795898438e+01 -5.426001739501953125e+01 2.063536643981933594e+01 -6.344886083185338199e-01 -7.414079058622572438e-01 -2.184914713185678037e-01
-5.608229446411132812e+01 -3.146560859680175781e+01 1.708650398254394531e+01 8.187545958568084314e-01 5.092040599479539242e-01 2.652397728393597331e-01
