6.134993076324462891e+00 2.167769622802734375e+01 1.100009977817535400e-01 6.439056269256364651e-01 -2.064964317724637399e-01 7.367121332506634257e-01
-2.382538032531738281e+01 -1.927386474609375000e+01 7.769515991210937500e+00 -5.569008361897442860e-01 -8.146590426527156037e-01 1.618397444243052929e-01
1.519787406921386719e+01 -1.817836952209472656e+01 -5.504855155944824219e+00 5.609528455254908508e-01 -7.041208403404175531e-01 -4.353685189528048172e-01
-2.573375129699707031e+01 1.441306304931640625e+01 8.502793312072753906e+00 -7.403279854180699893e-01 6.401839328509576488e-01 2.051316799675325930e-01
-8.157552719116210938e+00 -1.782684087753295898e+00 -8.932017326354980469e+00 -9.292207266633279936e-03 4.152849024243695369e-02 -9.990941093722341959e-01
1.851081848144531250e+01 4.289391994476318359e+00 -8.006651878356933594e+00 8.025509254558056416e-01 2.505427776829222131e-01 -5.414243516881704910e-01
-5.490036964416503906e+00 -2.254462051391601562e+01 -6.627265930175781250e+00 -6.112290669360372075e-02 -9.764961670141121264e-01 -2.066862987333032975e-01
-1.238625335693359375e+01 1.757282638549804688e+01 -5.920361995697021484e+00 -3.014258867298359457e-01 5.648497855191290107e-01 -7.681713055094716580e-01
-2.624403762817382812e+01 -2.206087112426757812e+00 -1.731769084930419922e+00 -9.067710119441528827e-01 -8.223752152366735346e-02 -4.135254792046327288e-01
-8.724252700805664062e+00 2.670109748840332031e+01 9.371623039245605469e+00 -7.945885182698964044e-02 3.275189139718798770e-01 9.414975580727847904e-01
3.212102890014648438e+00 9.096672058105468750e+00 -8.891976356506347656e+00 9.714667369435428176e-03 9.665676108236165298e-02 -9.952703631551420571e-01
6.563266754150390625e+00 -5.402680873870849609e+00 -5.290482997894287109e+00 -1.113713248303596116e-02 4.666521875172990885e-02 9.988484978408430637e-01
-1.844321060180664062e+01 -1.467185211181640625e+01 -5.792420864105224609e+00 -2.907088246103021745e-01 -4.394964583136141689e-01 -8.499007250399814861e-01
1.716635513305664062e+01 1.493165397644042969e+01 -7.502170205116271973e-01 8.794432862784631322e-01 1.214835040766304997e-01 4.602404420050461020e-01
2.080591773986816406e+01 -7.022233963012695312e+00 -2.156647920608520508e+00 3.612357859806294980e-01 6.688512805340214307e-01 6.497281519643092196e-01
-1.850545501708984375e+01 6.221501827239990234e+00 -7.730676174163818359e+00 -3.560620367299974220e-01 1.323844074765158085e-01 -9.250374017610195621e-01
-2.893823051452636719e+01 -8.026647567749023438e+00 8.887057304382324219e+00 -2.056978736234015281e-01 1.135149339907087773e-01 9.720096422093230659e-01
-1.760565567016601562e+01 2.141945838928222656e+01 3.880415916442871094e+00 -5.830562932392269193e-01 7.254563040587710399e-01 -3.657301051534049829e-01
4.003133773803710938e+00 -1.618719291687011719e+01 -9.007428169250488281e+00 3.123698614161794784e-02 -9.255252108530195865e-02 -9.952177055989021026e-01
-2.990211486816406250e+01 3.548071861267089844e+00 8.025118827819824219e+00 -9.804548938391171031e-01 1.876062530711083698e-01 -5.926293070330691110e-02
-4.808085918426513672e+00 2.450077438354492188e+01 -1.113294959068298340e+00 -1.470434244183430605e-01 9.172696284001301548e-01 -3.701278970167123927e-01
-5.215057849884033203e+00 -1.164811420440673828e+01 -5.547349929809570312e+00 -1.036643491985937346e-02 -7.215993652846530715e-02 9.973392003662846506e-01
-7.060629844665527344e+00 8.220479011535644531e+00 -5.113699913024902344e+00 -7.892046161088558942e-02 -6.674566801307615926e-02 9.946439446056126732e-01
-2.527480888366699219e+01 8.342632293701171875e+00 -6.362000014632940292e-03 -8.010920308063236295e-01 2.947501146639592839e-01 -5.209356275819339022e-01
-1.843521499633789062e+01 -4.420431137084960938e+00 -8.149621963500976562e+00 -1.805780536663955937e-01 -4.063225523188995075e-02 -9.827210114619646664e-01
2.651849985122680664e-01 1.863802719116210938e+01 -7.636929988861083984e+00 -1.575446517743976996e-02 2.989190057929525524e-01 -9.541484291255347694e-01
1.000967788696289062e+01 1.628617286682128906e+01 -7.608156204223632812e+00 1.994189966649982104e-01 3.620933338192863782e-01 -9.105605314160942765e-01
6.894379854202270508e-01 2.788229560852050781e+01 6.450403213500976562e+00 8.509629411401947729e-01 3.005697786846888153e-01 4.307201886926902423e-01
-2.513756561279296875e+01 -1.215636539459228516e+01 8.601750135421752930e-01 -8.290152977922525812e-01 -3.475492637542683672e-01 -4.381131649360569535e-01
1.448787689208984375e+01 -8.945053100585937500e+00 -8.776079177856445312e+00 1.427217661695973638e-01 -8.266618022168616131e-02 -9.863046183147408108e-01
-1.082570031285285950e-01 1.319751977920532227e+00 -4.923243999481201172e+00 8.928487295981714367e-02 -1.914218242313767485e-02 9.958221670120769309e-01
9.667392730712890625e+00 3.492130041122436523e+00 -5.264353752136230469e+00 -2.485698285831354493e-02 3.581670624754074769e-03 9.996846012811828608e-01
-1.807221794128417969e+01 1.366685199737548828e+01 -3.840689957141876221e-01 5.414816786069082122e-01 -6.186613501681704763e-01 5.692589266240287715e-01
-1.233553123474121094e+01 -1.962763786315917969e+01 -2.642663002014160156e+00 1.513529370379087247e-01 -4.239235133719488902e-01 8.929620054965283771e-01
-7.956359982490539551e-01 -5.666148185729980469e+00 -9.268502235412597656e+00 -3.927508013662894815e-02 2.360711704273254705e-02 -9.989495343135169625e-01
-1.247263526916503906e+01 -1.006352996826171875e+01 -8.851028442382812500e+00 -1.087136231635919131e-01 -2.619442465877152779e-02 -9.937279307010750129e-01
-1.881171226501464844e+01 -1.721462059020996094e+01 1.806563019752502441e+00 6.785779223543351169e-01 5.708915735563847571e-01 4.621848272451065109e-01
1.543628120422363281e+01 -2.173161029815673828e+00 -5.174246788024902344e+00 -1.578630878656199776e-01 -1.621841831760992628e-02 9.873278120243582645e-01
1.589789009094238281e+01 1.142736434936523438e+01 -7.554814815521240234e+00 4.045510186700599919e-01 2.976689556323682817e-01 -8.647147889019545230e-01
-1.391062068939208984e+01 8.772180080413818359e-01 -4.892673015594482422e+00 -1.059907027168955074e-01 1.721128105985627321e-01 9.793585407630047701e-01
-1.074020195007324219e+01 2.042443847656250000e+01 9.084330201148986816e-01 3.205924437758005396e-01 -8.151000632454509232e-01 4.825270685579431951e-01
8.115498542785644531e+00 -1.991679191589355469e+01 -4.081361770629882812e+00 1.084663736689961272e-01 -6.600075016030616526e-01 7.433876133019586829e-01
1.293372726440429688e+01 2.071809387207031250e+01 -2.322576045989990234e+00 3.914584214157259545e-01 7.609459669020430805e-01 -5.174181478825639058e-01
8.971762657165527344e+00 -1.228748893737792969e+01 -5.448660850524902344e+00 -9.284643021640640037e-02 3.308080847078481712e-02 9.951307454334777924e-01
-5.430504798889160156e+00 1.528809165954589844e+01 -4.739192008972167969e+00 7.979503420076083930e-02 -1.878961277102867977e-01 9.789421830263415059e-01
-9.541196823120117188e+00 -1.664878845214843750e+01 -8.579154968261718750e+00 -2.970927614163526020e-01 -4.630805455582319707e-01 -8.350402980931497243e-01
-2.646679306030273438e+01 -2.204087972640991211e+00 5.430452823638916016e+00 9.458586898851569780e-01 -2.769422153837464845e-02 3.233950662303273771e-01
1.046748042106628418e+00 -2.085701179504394531e+01 -4.486911773681640625e+00 1.528901759258876891e-01 -2.229851624138552979e-01 9.627576078373090152e-01
-1.284954929351806641e+01 1.067257690429687500e+01 -8.223572731018066406e+00 -1.218796435233653330e-01 1.127231291514760453e-01 -9.861231407126177517e-01
-2.310325813293457031e+01 -8.302227020263671875e+00 -4.666262149810791016e+00 -8.209249237313764880e-01 -2.103155238395252591e-01 -5.308951403325704588e-01
-2.159647369384765625e+01 2.820554971694946289e+00 -2.541101932525634766e+00 7.147332031741084890e-01 -1.287120890454017119e-01 6.874515593218528675e-01
1.951062965393066406e+01 -1.285381221771240234e+01 -5.633925914764404297e+00 6.109263862245341015e-01 -3.671386185938401159e-01 -7.014115663087101549e-01
1.939463973045349121e+00 -1.068852138519287109e+01 -5.521666049957275391e+00 5.535145240059150679e-02 -6.112167903168721356e-02 9.965943794089412444e-01
5.005661010742187500e+00 -5.268000066280364990e-02 -9.118866920471191406e+00 -1.256706456465211778e-02 3.440643547924337325e-02 -9.993289078605904763e-01
-2.806793928146362305e+00 -1.687567329406738281e+01 -9.086265563964843750e+00 -3.090303936732443496e-02 -1.649993331239716088e-01 -9.858094249024536015e-01
8.736457824707031250e+00 1.012580108642578125e+01 -4.997272014617919922e+00 -1.442081362824877699e-01 1.026121734262763416e-02 9.894941742368061899e-01
-2.141409873962402344e+01 1.946627044677734375e+01 9.043530464172363281e+00 -1.580002077038064334e-01 5.291446799783231514e-01 8.336916948226076318e-01
-1.482320499420166016e+01 2.393107414245605469e+01 9.394362449645996094e+00 4.297698204350958867e-02 1.372739178791967940e-01 9.896003488704555595e-01
-2.534582519531250000e+01 8.066082954406738281e+00 6.725710868835449219e+00 8.345062448346391992e-01 -3.194870665400469933e-01 4.489179676128200458e-01
-2.476109504699707031e+01 -1.282685375213623047e+01 7.427374839782714844e+00 7.697982580096519589e-01 2.450522147056339306e-01 5.893725935545096606e-01
-2.333013057708740234e+00 5.855062961578369141e+00 -8.955934524536132812e+00 -9.409523269848106899e-03 1.703707786945907535e-02 -9.998105814850650752e-01
1.166195988655090332e+00 2.350863647460937500e+01 -3.519149065017700195e+00 2.140558265401644109e-02 8.053405890503617659e-01 -5.924258068815524414e-01
-2.237171554565429688e+01 1.662394714355468750e+01 3.434544086456298828e+00 -7.099412690856744534e-01 6.110939029158758418e-01 -3.500680451970220042e-01
4.490656852722167969e+00 1.494028186798095703e+01 -4.725241184234619141e+00 4.887315012073042975e-02 -1.760879772643946795e-01 9.831604342426573107e-01
-4.540070056915283203e+00 2.455690193176269531e+01 5.196292877197265625e+00 1.543179664763506542e-01 -9.356039440608903135e-01 3.175393283993501181e-01
-2.786935997009277344e+01 2.979614973068237305e+00 2.102123975753784180e+00 -7.136489717300874558e-01 1.915856904946454387e-01 -6.737952718343154235e-01
-1.173614120483398438e+01 -5.070978164672851562e+00 -4.966657161712646484e+00 2.887468538244328600e-02 -1.699654613495912570e-01 9.850269003901799270e-01
-1.084579277038574219e+01 4.653995990753173828e+00 -8.777401924133300781e+00 2.708686902517409151e-02 8.873132760214019060e-03 -9.995937019816765190e-01
1.060157775878906250e+01 -2.671594142913818359e+00 -9.148356437683105469e+00 7.877282635018015289e-02 4.980649913929575436e-03 -9.968801507479417845e-01
1.856316375732421875e+01 8.113677024841308594e+00 -3.153266906738281250e+00 3.285385351247729901e-01 -3.008767484604300546e-01 8.952852133113488042e-01
-1.324254989624023438e+00 1.078600978851318359e+01 -5.105671882629394531e+00 3.480298137556441223e-03 3.734712219031851958e-03 9.999869696398622221e-01
-2.125790023803710938e+01 1.059461498260498047e+01 -4.553708076477050781e+00 -7.228231650223795324e-01 3.215885346356803232e-01 -6.116432673527156805e-01
5.979615211486816406e+00 2.070073318481445312e+01 -5.895733833312988281e+00 1.734026134180677858e-01 5.942467506124842203e-01 -7.853676419653972118e-01
-7.376403808593750000e+00 2.097011375427246094e+01 -5.303182125091552734e+00 -2.783673589111094748e-01 6.901043311773817912e-01 -6.680326530814734154e-01
-5.200787067413330078e+00 -5.525731086730957031e+00 -5.177787780761718750e+00 -6.998240205825689841e-02 -2.525685860105634020e-02 9.972284364656689437e-01
-1.673313522338867188e+01 -9.075692176818847656e+00 -4.686059951782226562e+00 1.921943581176980276e-01 1.025799138790211146e-01 9.759808860711867151e-01
-1.162732887268066406e+01 2.510358619689941406e+01 4.428549766540527344e+00 -3.826843864769891024e-01 8.483843577866635455e-01 -3.657822327692270559e-01
9.828169941902160645e-01 2.360208511352539062e+01 2.407504081726074219e+00 -1.057937190992460086e-01 -8.866538356440685220e-01 4.501695955268535942e-01
-1.597158908843994141e+01 1.929612922668457031e+01 -1.563358068466186523e+00 -5.320052328968631894e-01 6.693016033290044575e-01 -5.186576866793535245e-01
-5.917503833770751953e+00 2.281701087951660156e+00 -5.049231052398681641e+00 -1.730837877086183474e-01 3.088378632385165370e-02 9.844227720724163522e-01
-2.426133155822753906e+01 -6.391520977020263672e+00 1.889600038528442383e+00 8.565446176594418981e-01 2.517128015727354562e-01 4.505241208670686670e-01
1.937838363647460938e+01 -5.824349880218505859e+00 -7.674294948577880859e+00 5.519942107503881257e-01 -1.357096011702403626e-01 -8.227303904975616922e-01
1.319400024414062500e+01 6.356451988220214844e+00 -8.766067504882812500e+00 1.376858898876670914e-02 2.672947890503445806e-02 -9.995478782503235404e-01
-1.687483215332031250e+01 1.394915962219238281e+01 -5.926891803741455078e+00 -2.300825844652144569e-01 1.212255335465327877e-01 -9.655912045695973500e-01
4.214326858520507812e+00 4.862997055053710938e+00 -5.283942222595214844e+00 5.897301660623383013e-03 3.864699366932627250e-02 9.992355236446744948e-01
-2.283468055725097656e+01 -1.258288025856018066e+00 -6.163607120513916016e+00 -6.788564639527242539e-01 -6.164416200300205928e-02 -7.316788220527851161e-01
1.042939758300781250e+01 -1.697479438781738281e+01 -8.232838630676269531e+00 2.444624134285979800e-01 -2.893444109087702776e-01 -9.254825445660883609e-01
-1.289570426940917969e+01 -1.421265792846679688e+01 -4.868536949157714844e+00 2.760565413202578644e-01 1.461662490205289378e-01 9.499622169547403683e-01
6.231644153594970703e+00 -9.363902091979980469e+00 -9.279566764831542969e+00 3.970256345080368232e-02 -2.021726424809556014e-02 -9.990069913077473940e-01
-2.007143020629882812e+01 -1.209359455108642578e+01 -1.216292977333068848e+00 6.413817914860838743e-01 4.134970373693919177e-01 6.462581509248740419e-01
1.494010353088378906e+01 1.667476654052734375e+01 -5.342875957489013672e+00 4.985481922287254841e-01 5.937204819798961308e-01 -6.316214762838813224e-01
-2.240059089660644531e+01 1.127668952941894531e+01 3.466525077819824219e+00 7.702425148589484571e-01 -3.931514153015809310e-01 5.021537941210105771e-01
-2.611845016479492188e+00 1.977113914489746094e+01 -2.999408960342407227e+00 4.858437804524242537e-02 -7.071894229039457080e-01 7.053528750510209555e-01
1.426905059814453125e+01 -1.267679214477539062e+01 -4.660306930541992188e+00 -3.163030837338204337e-01 1.939331794288891020e-01 9.286238641867212706e-01
-1.535529971122741699e+00 -1.168436813354492188e+01 -9.400494575500488281e+00 -2.351225021888351391e-02 -1.176167201053238132e-02 -9.996543588466773045e-01
-7.566056251525878906e+00 -8.110911369323730469e+00 -9.290914535522460938e+00 -5.703669852595696227e-02 -1.635069233384750173e-02 -9.982381829410569285e-01
-7.828795909881591797e+00 1.234346485137939453e+01 -8.416481018066406250e+00 -3.519730765646073012e-02 1.052332627168901941e-01 -9.938244864923053701e-01
-1.758007431030273438e+01 -1.915335464477539062e+01 -3.088982105255126953e+00 -5.504153025337484850e-01 -6.094347474181881497e-01 -5.706419922999107497e-01
-1.837041664123535156e+01 8.520770072937011719e-01 -8.166536331176757812e+00 -1.596993993691689651e-01 3.319896320483670810e-02 -9.866072829060459348e-01
-2.665977954864501953e+00 -6.961560249328613281e-01 -9.025878906250000000e+00 -6.156395213153677271e-02 4.422620700243231479e-02 -9.971228221298136241e-01
1.408035087585449219e+01 1.213207960128784180e+00 -8.907105445861816406e+00 5.962940585945214478e-02 9.456170447769274637e-03 -9.981757935340405119e-01
-1.401998138427734375e+01 6.647237777709960938e+00 -5.113784790039062500e+00 1.429036643880038648e-01 -9.687768216251942122e-02 9.849838868749573040e-01
7.839813232421875000e+00 6.662313938140869141e+00 -8.948503494262695312e+00 2.391886218815327675e-02 4.230594208042268850e-02 -9.988183494992030065e-01
1.475602984428405762e+00 -3.625628948211669922e+00 -5.073831081390380859e+00 7.460029180809750471e-02 -6.126431669585847423e-02 9.953298347592802742e-01
-2.397666358947753906e+01 -1.667275238037109375e+01 3.283946037292480469e+00 -7.501956725573639684e-01 -5.315702707078896472e-01 -3.932422919470200395e-01
1.171155643463134766e+01 -6.179646015167236328e+00 -5.396152019500732422e+00 -4.943847372408109730e-02 -8.931957953717860332e-02 9.947752761438811708e-01
-3.709810018539428711e+00 2.798080825805664062e+01 9.171950340270996094e+00 1.772497769163960610e-02 5.101233091641285133e-01 8.599186209248348423e-01
1.926187705993652344e+01 1.041576027870178223e+00 -4.128747940063476562e+00 6.403317115070560062e-02 -2.888390833667313085e-01 9.552338650363328965e-01
-1.373564243316650391e+01 -2.489377021789550781e+00 -8.793670654296875000e+00 -1.229131308838920661e-01 -3.304108926906163847e-03 -9.924119331812361056e-01
-5.926388740539550781e+00 -1.764127349853515625e+01 -5.217681884765625000e+00 1.458151518258578860e-01 2.322370159353307761e-01 9.616672553058334127e-01
-2.779652976989746094e+01 -9.482184410095214844e+00 4.170533180236816406e+00 -8.497074603975222074e-01 -2.701097938826471090e-01 -4.528111427443755610e-01
-2.995508003234863281e+01 -1.404665946960449219e+00 8.942852020263671875e+00 -7.224417431275681478e-01 2.835584833390325521e-02 6.908501093957107875e-01
1.470591068267822266e+00 1.385887145996093750e+01 -8.578449249267578125e+00 -3.495179780722160873e-02 1.295786447671901098e-01 -9.909529487570747364e-01
5.185419917106628418e-01 -1.563311386108398438e+01 -5.455222129821777344e+00 4.007233885210365748e-02 6.005934157976182408e-02 9.973901358785977056e-01
8.849532127380371094e+00 1.789768981933593750e+01 -2.894160985946655273e+00 -2.783134231571283701e-01 -6.021970488917486319e-01 7.482648948043932879e-01
4.712852954864501953e+00 -2.095159339904785156e+01 -7.842930793762207031e+00 1.030793730575634976e-01 -4.272265121896497986e-01 -8.982494921414243549e-01
6.612550735473632812e+00 1.280472946166992188e+01 -8.577352523803710938e+00 -5.662392765920654623e-03 9.977504548453985933e-02 -9.949939083264391915e-01
-2.177328300476074219e+01 -4.170803070068359375e+00 -2.443368911743164062e+00 7.004281398604901288e-01 1.013734684588321056e-01 7.064869714185816330e-01
1.683246803283691406e+01 -8.610840797424316406e+00 -4.584084987640380859e+00 -3.453555358433534339e-01 1.320802321056036288e-01 9.291309736249674378e-01
-1.062076091766357422e+01 1.327905559539794922e+01 -4.666431903839111328e+00 8.013274677559746595e-02 -1.157949134472489178e-01 9.900354947747793677e-01
1.483000755310058594e+01 3.917943000793457031e+00 -5.049540996551513672e+00 -1.041354932167056768e-01 -7.093326577051424497e-02 9.920303779923490550e-01
-9.967759132385253906e+00 -2.106775856018066406e+01 -6.533384799957275391e+00 -4.062735823854400907e-01 -5.545507361917398903e-01 -7.262336106549325265e-01
4.066308975219726562e+00 -4.698259830474853516e+00 -9.226228713989257812e+00 -1.678040389357046691e-02 4.019120374975644443e-03 -9.998511212758528499e-01
8.221326828002929688e+00 -9.877510070800781250e-01 -5.333045005798339844e+00 3.074524552649315554e-02 -7.416008588966008230e-02 9.967722967349933461e-01
1.266833496093750000e+01 1.262684917449951172e+01 -4.328773021697998047e+00 -1.913521598500231291e-01 -2.240534343064407852e-01 9.556068278827963836e-01
-3.255105018615722656e+00 1.343797779083251953e+01 -8.511320114135742188e+00 -5.998812629875688307e-02 7.605767691540984976e-02 -9.952972694051739344e-01
1.599209070205688477e+00 3.190336942672729492e+00 -9.088828086853027344e+00 -2.305714348639631775e-02 4.147650671221441571e-02 -9.988733991478597751e-01
1.872973632812500000e+01 -9.871129989624023438e-01 -8.275979995727539062e+00 2.971759748273736235e-01 -9.381386495843958145e-03 -9.547766385772202824e-01
-1.764283752441406250e+01 1.687570381164550781e+01 2.845479011535644531e+00 5.947701735755687169e-01 -6.681240762731928129e-01 4.470555438969309736e-01
-1.371120071411132812e+01 -1.829373550415039062e+01 -6.785594940185546875e+00 -5.092978654962402318e-01 -4.677165674847375554e-01 -7.223966339216071342e-01
2.340208053588867188e+00 1.897652816772460938e+01 -3.600501060485839844e+00 -4.839377016857276254e-02 -4.277214216672424185e-01 9.026142190636176066e-01
-2.351718330383300781e+01 6.643680095672607422e+00 -4.057044982910156250e+00 -7.785643561412849412e-01 3.169562786132916754e-01 -5.416421888977260846e-01
1.200631523132324219e+01 -1.273929500579833984e+01 -8.814076423645019531e+00 1.113991807844556259e-01 -6.991370972215908697e-02 -9.913134195164704510e-01
1.146978187561035156e+01 1.132528972625732422e+01 -8.474988937377929688e+00 6.341701420549271384e-02 4.927490768918259961e-02 -9.967699161699669075e-01
-9.500459671020507812e+00 -9.743333816528320312e+00 -5.519240856170654297e+00 4.833009832957631258e-02 -7.046072229731678571e-02 9.963430574901367409e-01
-8.769701957702636719e+00 2.454112434387207031e+01 9.691600203514099121e-01 -3.255673980091054465e-01 8.609234239870933170e-01 -3.909178013136777596e-01
1.430041122436523438e+01 8.357152938842773438e+00 -4.732456207275390625e+00 -1.055565222961350746e-02 -2.086173694469469209e-01 9.779403720938426581e-01
-2.251248168945312500e+01 1.276654434204101562e+01 -7.376490235328674316e-01 -7.147061400144391063e-01 3.753053175883371839e-01 -5.902042460162231219e-01
-1.425516510009765625e+01 1.529085540771484375e+01 -2.575398921966552734e+00 5.290510306148621389e-01 -5.913845288706588432e-01 6.085797778580726014e-01
-2.415465354919433594e+01 8.702089786529541016e-01 7.221159934997558594e-01 8.982538052941861917e-01 -8.890864176097344751e-02 4.303897706669304046e-01
1.006650030612945557e-01 6.570480823516845703e+00 -5.213837146759033203e+00 -1.409840705778885039e-02 3.593911164643859074e-04 9.999005479328723078e-01
6.393497943878173828e+00 -1.587176704406738281e+01 -5.261400222778320312e+00 -9.531297589448160801e-02 1.519078431451123812e-01 9.837883125028158426e-01
-1.386453986167907715e+00 -2.103020668029785156e+01 -8.163746833801269531e+00 -2.963600104633248161e-02 -4.008519409556878799e-01 -9.156633818571316974e-01
-1.190466046333312988e+00 -7.592329025268554688e+00 -5.308570861816406250e+00 -4.050300956405084724e-02 -1.552809243911189019e-01 9.870396854921761332e-01
-8.621780276298522949e-01 1.545484924316406250e+01 -4.811845779418945312e+00 1.114935076017839650e-02 -1.759514574106436635e-01 9.843357032093760228e-01
-1.868542861938476562e+01 -1.688817977905273438e+00 -4.585870742797851562e+00 2.586122043336959719e-01 3.607677334185552948e-02 9.653073055741924202e-01
-4.130070209503173828e+00 1.877838516235351562e+01 -7.445964813232421875e+00 -8.615800516792017361e-02 3.623964916648374501e-01 -9.280331788112438085e-01
-1.694884681701660156e+01 9.744735717773437500e+00 -4.023623943328857422e+00 4.102817216019175595e-01 -2.003464279276054860e-01 8.896798400188775657e-01
-7.703698158264160156e+00 -1.249902057647705078e+01 -9.201651573181152344e+00 -1.053876671072195154e-01 -1.063697360635537104e-01 -9.887259068475285906e-01
-9.469911575317382812e+00 1.812419128417968750e+01 -2.695502042770385742e+00 2.652845699842236726e-01 -6.295284698975462945e-01 7.302862469721990157e-01
1.460853195190429688e+01 -4.568055152893066406e+00 -8.871808052062988281e+00 8.241855995102567722e-02 1.932090623653042946e-02 -9.964104995220585126e-01
-2.087647056579589844e+01 -1.632526969909667969e+01 -1.962854981422424316e+00 -6.907807670726996419e-01 -5.779690738973580766e-01 -4.344809333684078734e-01
4.541467189788818359e+00 2.565951919555664062e+01 9.819239974021911621e-01 1.187979853890680781e-01 8.976272458006848698e-01 -4.244435960923142459e-01
-9.636013984680175781e+00 -2.830699980258941650e-01 -5.128324031829833984e+00 1.772303146596752588e-01 3.760092882900973720e-03 9.841622210119347347e-01
9.302552223205566406e+00 1.471843004226684570e+00 -9.102155685424804688e+00 -1.630051394648885169e-02 4.465090893153494944e-02 -9.988696559494977256e-01
-3.580908060073852539e+00 -1.506585001945495605e+00 -4.860608100891113281e+00 -1.456327148120476755e-01 -1.309913275917542509e-02 9.892520028271006849e-01
-6.454234123229980469e+00 4.501877784729003906e+00 -8.840139389038085938e+00 -5.921404471698415301e-02 -6.817580370125775682e-03 -9.982220281611461354e-01
-1.713117980957031250e+01 2.050988006591796875e+01 8.095321655273437500e+00 5.488259150071649328e-01 -6.180232166528480953e-01 5.628831305827303177e-01
-8.209024429321289062e+00 1.708169746398925781e+01 -7.527856826782226562e+00 -1.226518388189029585e-01 2.458217174342016142e-01 -9.615238996884275524e-01
-2.129478454589843750e+01 -1.997701454162597656e+01 4.042640209197998047e+00 4.651347214446725498e-01 -7.919134199546211672e-01 3.956296578902585570e-01
-2.103848266601562500e+01 8.372545242309570312e+00 -8.138599991798400879e-01 7.666062153627415388e-01 -3.175569534826307438e-01 5.580972064632148122e-01
9.912250518798828125e+00 -6.983600139617919922e+00 -9.225758552551269531e+00 2.279143065896878720e-02 6.211160468103560373e-02 -9.978089492745914058e-01
-2.827837753295898438e+01 -5.342501163482666016e+00 3.084794998168945312e+00 -9.484432423429925985e-01 -9.936320719171716498e-02 -3.009690500873589136e-01
-2.457075881958007812e+01 5.646405220031738281e+00 3.270133972167968750e+00 8.253227539141817504e-01 -2.483310045471146532e-01 5.071233223310989136e-01
-1.501287269592285156e+01 3.693258047103881836e+00 -8.524835586547851562e+00 -1.377040003370728627e-01 4.133050952722431420e-02 -9.896107301729237804e-01
-2.152333259582519531e+01 1.545915412902832031e+01 7.467547893524169922e+00 6.669419669504811354e-01 -5.806342190052523611e-01 4.669607225885105684e-01
-1.330225944519042969e+01 2.116345024108886719e+01 4.397894859313964844e+00 3.907967510409206535e-01 -8.512067016570059597e-01 3.503213530889341398e-01
-2.201482057571411133e+00 2.643885040283203125e+01 2.140144109725952148e+00 -6.267445655939649085e-02 9.183368777714169262e-01 -3.908059511062107472e-01
-2.157807159423828125e+01 3.275353908538818359e+00 -6.796658992767333984e+00 -4.197035317002489885e-01 1.122843249974876251e-01 -9.006892781854333174e-01
-2.585764884948730469e+01 4.141753196716308594e+00 -1.452654004096984863e+00 -8.772172763543295559e-01 1.934253038481155429e-01 -4.394047131025750064e-01
4.238193035125732422e+00 1.069903182983398438e+01 -5.103648185729980469e+00 5.320756658115102859e-05 -1.105498908389415322e-02 9.999388903254589067e-01
-1.780438995361328125e+01 3.207118034362792969e+00 -4.689538955688476562e+00 2.604387407025877677e-01 -6.446637811380842575e-02 9.633357402453922580e-01
-1.120368766784667969e+01 -5.909699916839599609e+00 -9.068900108337402344e+00 5.556678403489939688e-02 1.475843427230854321e-01 -9.874873134856030354e-01
1.957056999206542969e+00 -8.848225593566894531e+00 -9.359875679016113281e+00 -3.468331615458378550e-03 2.785913716096014014e-02 -9.996058418959206104e-01
7.240860939025878906e+00 -1.351218605041503906e+01 -9.087684631347656250e+00 1.408577670793195388e-02 -5.433223709425907128e-02 -9.984235568669578287e-01
-5.131700038909912109e+00 9.019990921020507812e+00 -8.758488655090332031e+00 -7.480182179273374421e-02 6.599999041738362215e-02 -9.950119038088907075e-01
-6.409324169158935547e+00 2.057728767395019531e+01 -1.221608042716979980e+00 2.027651508147302051e-01 -7.778328772679977687e-01 5.948632688745102426e-01
-2.016802978515625000e+01 -1.073875999450683594e+01 -6.394406795501708984e+00 -5.614056751597378270e-01 -3.150350711158699246e-01 -7.652297510326280250e-01
1.137341785430908203e+01 -1.710478401184082031e+01 -4.162796020507812500e+00 -2.613548485006664812e-01 4.841623593099152467e-01 8.350332047246086242e-01
-1.611727142333984375e+01 -1.193539524078369141e+01 -8.024670600891113281e+00 -2.330163175157844990e-01 -1.502014868663549552e-01 -9.608032624395690391e-01
1.321581840515136719e+01 1.655815887451171875e+01 -1.537663936614990234e+00 -4.623333373373014199e-01 -5.778684381966748829e-01 6.725443876226229190e-01
-2.652479743957519531e+01 2.196964979171752930e+00 5.968094825744628906e+00 9.271205986540013155e-01 -5.556099113944618084e-02 3.706216019271522111e-01
8.774288177490234375e+00 2.208182907104492188e+01 -3.151920080184936523e+00 3.009843627524921850e-01 8.368815616811806635e-01 -4.572063703586646821e-01
-4.880928993225097656e+00 -4.307665824890136719e+00 -9.138190269470214844e+00 -2.441380130965020885e-03 6.167613557765498633e-02 -9.980932290939875662e-01
-2.617841911315917969e+01 1.200065803527832031e+01 5.177351951599121094e+00 -8.256257915632905231e-01 4.512800002710666836e-01 -3.386567785543881381e-01
-2.867293167114257812e+01 7.345776081085205078e+00 9.063688278198242188e+00 -7.436655764234638699e-01 2.386423317405595990e-01 6.245088854005086398e-01
-2.844895553588867188e+01 5.993360996246337891e+00 4.983573913574218750e+00 -8.714576845755160894e-01 2.977718782171860923e-01 -3.897350542834062681e-01
3.823946952819824219e+00 -2.488169968128204346e-01 -5.171385765075683594e+00 7.478455585200097233e-02 1.168831238010015205e-02 9.971312118070140285e-01
-1.545613384246826172e+01 -7.232470989227294922e+00 -8.528583526611328125e+00 -1.256663717298051319e-01 -3.108950313904176518e-02 -9.915852993115790159e-01
1.772634315490722656e+01 1.250869655609130859e+01 -4.050004005432128906e+00 8.704956241536018213e-01 2.422383066680001140e-01 -4.284366593932539269e-01
1.924804878234863281e+01 -3.416577100753784180e+00 -4.385138988494873047e+00 8.287889420758733916e-01 1.833324892645963045e-01 5.286757871066173342e-01
-8.709920883178710938e+00 -1.407629394531250000e+01 -5.536273956298828125e+00 7.155490753757906552e-02 8.636530607680090177e-02 9.936905600404730698e-01
-2.803789329528808594e+01 -1.145645976066589355e+00 1.836683034896850586e+00 -8.945642867329844927e-01 1.739284047602418157e-02 -4.466007456353853766e-01
-9.145027160644531250e+00 8.406807899475097656e+00 -8.706294059753417969e+00 -7.877517433881849052e-02 9.056025697160019483e-02 -9.927705232152728154e-01
1.214199447631835938e+01 1.933220028877258301e-01 -5.339186191558837891e+00 -4.713737464033644631e-02 -9.474081631186152819e-02 9.943853607312300724e-01
4.223094940185546875e+00 1.736097717285156250e+01 -7.972638130187988281e+00 5.938882631939530754e-02 2.898849067632750520e-01 -9.552171000035813986e-01
-8.011169433593750000e+00 2.671811294555664062e+01 5.304087162017822266e+00 -2.313487920092046346e-01 9.261992482539754823e-01 -2.977124266295451682e-01
-1.590815162658691406e+01 -4.607147216796875000e+00 -4.980311870574951172e+00 1.106491504404603747e-02 -1.153965887317595224e-01 9.932578693190108332e-01
2.127832603454589844e+01 -9.150776863098144531e+00 -5.549761772155761719e+00 6.824237261302581459e-01 -3.459392434323239618e-01 -6.439129583010156921e-01
-2.523683357238769531e+01 -8.732231140136718750e+00 -1.282057046890258789e+00 -8.453424935787936523e-01 -2.582404270409440761e-01 -4.676622182640992609e-01
1.334164023399353027e+00 -1.755497932434082031e+00 -9.208130836486816406e+00 -1.043062640733300600e-03 -1.924193827745675558e-02 -9.998143126759359012e-01
-3.830208063125610352e+00 5.804770946502685547e+00 -5.133255004882812500e+00 -2.585917927994775198e-02 3.598211021402276943e-02 9.990178129500562054e-01
-7.450891017913818359e+00 -2.099894142150878906e+01 -3.450449943542480469e+00 4.331581762489204734e-02 -2.463205803677653294e-01 9.682199706837152364e-01
-1.130093193054199219e+01 6.549339890480041504e-01 -8.860609054565429688e+00 -4.254721108292814497e-02 7.983759687631063195e-02 -9.958994391775106703e-01
-7.927610278129577637e-01 9.716691017150878906e+00 -8.896319389343261719e+00 -4.363126969731813409e-02 4.865413555674300700e-02 -9.978622587300444158e-01
-1.703158950805664062e+01 -1.536390876770019531e+01 -2.007843971252441406e+00 5.921907429212770468e-01 5.296182482263187552e-01 6.073011074780213514e-01
-2.941282987594604492e+00 -2.018722152709960938e+01 -4.619425773620605469e+00 3.978798537247017764e-02 4.221065765693928218e-01 9.056726529143227511e-01
-2.139811325073242188e+01 -1.387168121337890625e+01 2.060324907302856445e+00 7.397485415097193595e-01 4.712625659328515959e-01 4.802954187628981075e-01
-1.245134925842285156e+01 2.078557205200195312e+01 -2.639554977416992188e+00 -4.126443634791044923e-01 7.471395181071273095e-01 -5.210634987902856841e-01
-2.635784339904785156e+01 -6.289980888366699219e+00 6.388958930969238281e+00 8.787766723869886443e-01 1.894140067269795835e-01 4.380341243831157860e-01
-9.000864982604980469e+00 4.745628833770751953e+00 -5.303983211517333984e+00 -1.703158092908263130e-02 -6.784624850545452161e-03 9.998319329350776608e-01
-1.095361423492431641e+01 9.164327621459960938e+00 -5.130598068237304688e+00 5.962264557665216541e-02 -4.446466802342592672e-02 9.972301807667111051e-01
-2.490838050842285156e+01 1.149009943008422852e+00 -3.875522136688232422e+00 -8.240830784449384439e-01 3.520032408477986874e-02 -5.653742273972524046e-01
8.652864456176757812e+00 1.412464427947998047e+01 -4.640061855316162109e+00 -7.421857210516388803e-02 -1.722893360386317241e-01 9.822463989458235512e-01
1.780673217773437500e+01 7.983273029327392578e+00 -7.014270782470703125e+00 9.162096570180344735e-01 2.178506648712748295e-01 -3.363048501018667258e-01
5.582696914672851562e+00 -9.301187515258789062e+00 -5.457466125488281250e+00 2.882455376343805858e-02 -7.471445800940637594e-02 9.967882898914388612e-01
-1.116848945617675781e+01 2.395058250427246094e+01 8.105530738830566406e+00 3.214625857345846383e-01 -7.402398361143084360e-01 5.905140057630271500e-01
-1.841102004051208496e+00 2.222626495361328125e+01 1.379349976778030396e-01 1.948489359545709648e-02 -8.770627656346552392e-01 4.799804621636838409e-01
-3.697655916213989258e+00 -8.317622184753417969e+00 -9.329958915710449219e+00 -7.016806896979187538e-03 3.830859616876761825e-02 -9.992413201427114977e-01
2.227751016616821289e+00 -1.276053619384765625e+01 -9.343437194824218750e+00 1.794488694032024892e-02 -4.416491555575892403e-02 -9.988630743333400952e-01
-2.189864349365234375e+01 -4.984827041625976562e+00 -6.563174247741699219e+00 -5.404900394160345733e-01 -8.292106387029893333e-02 -8.372542113711169964e-01
-2.715677833557128906e+01 1.087368583679199219e+01 9.256958961486816406e+00 -2.950166951648551805e-01 1.416487246312212178e-01 9.449342772830052750e-01
1.641441726684570312e+01 1.866558265686035156e+01 -1.259252071380615234e+00 7.221334016498917041e-01 6.758960380742351504e-01 1.472681090294433170e-01
-2.981630706787109375e+01 -4.665415763854980469e+00 6.922901153564453125e+00 -9.438585835557182779e-01 -1.240472824821212822e-01 -3.061751883432000110e-01
-9.730573654174804688e+00 -1.769410896301269531e+01 -4.692152023315429688e+00 2.323190352983482143e-01 3.847032104939306918e-01 8.933259795134737002e-01
-2.062174797058105469e+01 1.953719139099121094e+01 5.314002990722656250e+00 -6.601538189236033638e-01 6.484063035195937186e-01 -3.791651367368034098e-01
1.639376640319824219e+01 -1.218020915985107422e+01 -7.782720088958740234e+00 5.458167825607347368e-01 -3.258670995170293572e-01 -7.719421437694707899e-01
-2.414180564880371094e+01 -1.053834819793701172e+01 4.170401096343994141e+00 8.690327912077552286e-01 3.808942338261428473e-01 3.157555865596898270e-01
-1.422061634063720703e+01 2.194262695312500000e+01 6.768010258674621582e-01 -4.287399323805967111e-01 7.741570581752743596e-01 -4.656854299413780707e-01
1.116979885101318359e+01 -2.024790954589843750e+01 -6.319935798645019531e+00 3.123824542539882509e-01 -8.821093688555305956e-01 -3.525624251838990197e-01
-1.919451141357421875e+01 6.601713180541992188e+00 -3.710979938507080078e+00 5.445543271077800673e-01 -2.051179042154781251e-01 8.132571734687883414e-01
4.967312812805175781e+00 2.323005485534667969e+01 -3.148950099945068359e+00 2.417301124767058940e-01 7.994739579984182498e-01 -5.499163056359964719e-01
-1.793608474731445312e+01 1.631566619873046875e+01 -3.168230056762695312e+00 -6.516168459287360326e-01 5.957860454068479861e-01 -4.695044985943747085e-01
-3.252618074417114258e+00 -1.498824691772460938e+01 -5.583127021789550781e+00 -1.163508610244845670e-01 -7.963424438650666334e-03 9.931762487142304918e-01
-1.252982902526855469e+01 -1.383993721008300781e+01 -8.612208366394042969e+00 -1.362999870531399760e-01 -7.989264347779538589e-02 -9.874408736969743083e-01
-5.126619815826416016e+00 1.145902156829833984e+01 -5.053568840026855469e+00 1.084764131458680753e-01 -5.211537920949214919e-02 9.927320157227014219e-01
-2.957028007507324219e+01 4.129699990153312683e-02 5.432945251464843750e+00 -9.478772936356691936e-01 3.886848092620277806e-02 -3.162560314055825050e-01
1.173921871185302734e+01 1.885376358032226562e+01 -5.361972808837890625e+00 4.085001872766954589e-01 6.331804149076327715e-01 -6.574269230662086461e-01
1.697371292114257812e+01 -1.518521499633789062e+01 -4.032339096069335938e+00 4.545955123677401510e-01 -7.201284587963708850e-01 5.241735618730455348e-01
5.303813934326171875e+00 3.707120895385742188e+00 -9.105783462524414062e+00 1.372298485428528891e-02 1.504411119101611329e-02 -9.997926557067527975e-01
-1.307600212097167969e+01 -8.549275398254394531e+00 -5.239873886108398438e+00 -1.026953330541793691e-01 2.927648290954449478e-02 9.942819298958108787e-01
-1.658534240722656250e+01 9.415590286254882812e+00 -7.753507137298583984e+00 -2.539421728091042496e-01 2.364738606360783091e-01 -9.378664543019222810e-01
-1.948949050903320312e+01 -6.687780857086181641e+00 -3.967090129852294922e+00 5.741745486383864616e-01 9.131721128951614253e-02 8.136244555187676086e-01
-2.027635383605957031e+01 1.659223365783691406e+01 1.852679997682571411e-01 -6.705005136204308380e-01 5.823946907287670394e-01 -4.596144965573674690e-01
-2.819220733642578125e+01 -1.142905521392822266e+01 7.403625965118408203e+00 -9.478543779409503989e-01 -2.732386753617066510e-01 -1.640509204629887752e-01
-5.627149105072021484e+00 2.281620407104492188e+01 2.077382087707519531e+00 1.636949405004735347e-01 -8.500678164132753345e-01 5.005883278232845512e-01
7.189739942550659180e-01 -1.808911514282226562e+01 -8.929053306579589844e+00 3.425998205121771195e-02 -6.183825407393560292e-02 -9.974980120095165992e-01
-2.248976135253906250e+01 -1.601278114318847656e+01 6.657041072845458984e+00 7.445417114543487758e-01 4.667821704030670205e-01 4.772546964655575152e-01
-2.154461479187011719e+01 -8.636625289916992188e+00 -1.305536985397338867e+00 7.073879313128987878e-01 2.768195180045175396e-01 6.503639512493019081e-01
7.516438961029052734e+00 6.510931015014648438e+00 -5.187410831451416016e+00 4.128151567422959356e-03 -5.252886797704312688e-02 9.986108733604330823e-01
-1.116945028305053711e+00 2.159797859191894531e+01 -5.832109928131103516e+00 -1.261196209234019712e-02 6.297983218674781947e-01 -7.766563024820499761e-01
-2.472331809997558594e+01 -2.729773998260498047e+00 1.671217918395996094e+00 8.657515672444693333e-01 3.233825821239746934e-02 4.994281338386269975e-01
-9.310029029846191406e+00 2.261396980285644531e+01 -2.174429893493652344e+00 -3.102461984450286536e-01 7.669802092876667476e-01 -5.616837677122729078e-01
-2.574672317504882812e+01 -1.616019630432128906e+01 8.582788467407226562e+00 -6.849568781727710665e-01 -5.436550669475732622e-01 4.850497327347384480e-01
4.011230945587158203e+00 -1.874810600280761719e+01 -4.911936759948730469e+00 -6.809585349627636508e-02 3.129374737438510579e-01 9.473294528639075729e-01
-7.147500038146972656e+00 -1.945085144042968750e+01 -8.214629173278808594e+00 -1.180454844618616522e-01 -3.041962801010407169e-01 -9.452670981108215464e-01
1.182070732116699219e+01 -9.995638847351074219e+00 -5.419819831848144531e+00 -3.317335493941167557e-02 7.306818365545549206e-03 9.994229029432118994e-01
-1.338074874877929688e+01 1.438076305389404297e+01 -7.385904788970947266e+00 -2.496452653793476972e-01 2.758790847652606293e-01 -9.282068584441494075e-01
-2.608667373657226562e+01 -1.364352416992187500e+01 4.130164146423339844e+00 -8.175132284572574903e-01 -4.142475119946283368e-01 -4.000888902527188207e-01
-2.884957075119018555e+00 2.778197860717773438e+01 5.630936145782470703e+00 -1.779038428846478059e-01 9.391597621937686213e-01 -2.938182495404571548e-01
1.944577217102050781e+01 4.761143207550048828e+00 -4.529819965362548828e+00 9.931847573434607890e-01 5.206042183062363493e-02 1.042772758535084054e-01
2.450535058975219727e+00 2.180766487121582031e+01 -5.804370045661926270e-01 -9.453043202228771091e-02 -8.269674236543718138e-01 5.542462247378240336e-01
-1.407420539855957031e+01 1.213460159301757812e+01 -4.338695049285888672e+00 2.175370079421032332e-01 -2.236452140306749437e-01 9.500844533075839538e-01
-2.680426025390625000e+01 8.917986869812011719e+00 3.389535903930664062e+00 -8.571301982762060678e-01 3.390116223709803700e-01 -3.878130259550180425e-01
1.446691703796386719e+01 -1.528723144531250000e+01 -7.527683258056640625e+00 3.240490210171478314e-01 -1.624976763632886290e-01 -9.319800089885834637e-01
-1.541775035858154297e+01 2.374725914001464844e+01 5.739475250244140625e+00 -5.004739663650384918e-01 7.970455873146179426e-01 -3.380002081850573825e-01
-2.275979995727539062e+01 5.280920028686523438e+00 -2.051999978721141815e-02 8.373647877027718955e-01 -1.740871222922730222e-01 5.181832553908769512e-01
-8.378211021423339844e+00 2.326184272766113281e+01 4.344687938690185547e+00 2.308128496897840776e-01 -9.170393386829345239e-01 3.252142059105770922e-01
2.022361183166503906e+01 -1.055110549926757812e+01 -2.404940128326416016e+00 6.222089033369974237e-02 -7.191883571732544667e-01 6.920236034359790178e-01
2.800423145294189453e+00 -6.948895931243896484e+00 -5.289393901824951172e+00 -3.476586035150622950e-02 -8.720593392385990461e-02 9.955834771843530273e-01
-2.515422058105468750e+01 -5.433659076690673828e+00 -2.825139999389648438e+00 -8.193222344986561545e-01 -1.458002354293256864e-01 -5.544847765312246324e-01
2.063349008560180664e+00 2.698469543457031250e+01 3.272459983825683594e+00 2.557275346015702375e-02 9.443093934779264176e-01 -3.280637189172503909e-01
-1.642359018325805664e+00 -1.174922943115234375e+01 -5.495687961578369141e+00 2.788515234222337796e-02 3.124082002197357127e-03 9.996062516763760675e-01
-8.231880187988281250e+00 -3.645450115203857422e+00 -5.235352993011474609e+00 -3.227912890396066742e-02 -5.326069982223122917e-02 9.980587937048838176e-01
7.157604217529296875e+00 -1.841149139404296875e+01 -8.374696731567382812e+00 1.205415639247926496e-01 -3.110656954442468924e-01 -9.427130340057636726e-01
-2.334697341918945312e+01 -1.155617904663085938e+01 -2.515048027038574219e+00 -7.295106138358449233e-01 -4.075213944594325843e-01 -5.493091819355365724e-01
-4.412940979003906250e+00 2.266870117187500000e+01 -4.138414859771728516e+00 -1.006256987526797236e-01 8.050044194153941346e-01 -5.846728602151968213e-01
-2.225445938110351562e+01 -6.619870066642761230e-01 -2.140645027160644531e+00 8.122527727291591892e-01 -2.712693149788916042e-02 5.826744912739030280e-01
-2.010690879821777344e+01 1.388146305084228516e+01 2.513993024826049805e+00 7.106211940963429452e-01 -5.603661150527425860e-01 4.254495688113739682e-01
1.102628231048583984e+01 6.917026042938232422e+00 -5.185573101043701172e+00 -5.336943542622757386e-02 -3.619468149546515440e-02 9.979186582050300069e-01
-1.475277137756347656e+01 1.855456542968750000e+01 1.734242916107177734e+00 4.839925523581499744e-01 -7.051856483913130358e-01 5.181355137073377914e-01
-5.747787952423095703e+00 1.053724050521850586e+00 -8.876202583312988281e+00 -1.335054009423766036e-02 7.498214188586447247e-03 -9.998827630593369875e-01
-9.751719832420349121e-01 2.487125015258789062e+01 5.041703224182128906e+00 1.121954799555381493e-01 -8.955729379405658053e-01 4.305360462331230265e-01
1.327326202392578125e+01 1.443319606781005859e+01 -7.476077079772949219e+00 3.129894199819943101e-01 3.998323675853757697e-01 -8.614938774073834793e-01
7.076666831970214844e+00 -2.894325971603393555e+00 -9.188320159912109375e+00 2.274961536762458783e-02 -4.958943191909107907e-03 -9.997288951926139866e-01
-7.768300175666809082e-02 2.516899681091308594e+01 -5.334219932556152344e-01 -1.123370954552074530e-01 9.372229322762477555e-01 -3.301417153287348194e-01
3.675751924514770508e+00 -1.370868492126464844e+01 -5.562014102935791016e+00 4.298799423982598011e-02 -7.830096791120714009e-03 9.990449048643802454e-01
-1.334888267517089844e+01 7.202684879302978516e+00 -8.473661422729492188e+00 -9.440296237795411938e-02 9.559983918400583036e-02 -9.909332729514430671e-01
1.829396629333496094e+01 -9.171953201293945312e+00 -7.679741859436035156e+00 3.798369590400864082e-01 -1.326669488550793197e-01 -9.154907783416845746e-01
1.544548988342285156e+00 1.298109340667724609e+01 -5.062753200531005859e+00 -1.585961567314645923e-02 -6.733054537343440005e-02 9.976046663134731096e-01
-2.024462318420410156e+01 1.375289630889892578e+01 -3.132673978805541992e+00 -7.005722118730404180e-01 5.193816916342366419e-01 -4.893273284279906488e-01
-1.539858055114746094e+01 -1.523105430603027344e+01 -7.288794994354248047e+00 -3.536907843195824519e-01 -3.047069576408320546e-01 -8.843395835609003663e-01
-4.513673782348632812e+00 -1.377819824218750000e+01 -9.257798194885253906e+00 -4.589166620564565438e-03 -5.843198091526125709e-02 -9.982808438290535769e-01
-1.624514770507812500e+01 -1.245065784454345703e+01 -4.253480911254882812e+00 4.028084434901215705e-01 2.650493919277703836e-01 8.760674504236445337e-01
5.709146976470947266e+00 1.950847625732421875e+01 -2.519350051879882812e+00 -1.759791881373903022e-01 -6.836277580273801835e-01 7.082968401715221685e-01
6.370422840118408203e+00 2.042092084884643555e+00 -5.253849029541015625e+00 5.248594535235941855e-02 -6.172195937316678205e-02 9.967124085068902462e-01
-2.320481300354003906e+01 1.254574012756347656e+01 6.838871002197265625e+00 7.354441227493281330e-01 -5.126130283697430956e-01 4.431137838739301893e-01
-1.870635795593261719e+01 -7.911086082458496094e+00 -7.755733966827392578e+00 -3.037579774539602151e-01 -7.112008599999043723e-02 -9.500910611622621627e-01
-1.277686595916748047e+01 1.787392997741699219e+01 -9.319869875907897949e-01 4.690608920903390766e-01 -6.700123923179006624e-01 5.753827192850500261e-01
1.532584762573242188e+01 -5.639470100402832031e+00 -5.161749839782714844e+00 -1.173914165384703501e-01 1.075256115690898483e-02 9.930275110749240408e-01
-1.422552394866943359e+01 -1.684689331054687500e+01 -3.140043020248413086e+00 4.375019172136746515e-01 5.074541379049130052e-01 7.423492239893165756e-01
-6.061973094940185547e+00 2.612622070312500000e+01 2.622463941574096680e+00 -1.021444743103067376e-01 8.780789066476839544e-01 -4.674868341122338511e-01
9.327433586120605469e+00 -1.068053245544433594e+01 -9.132184028625488281e+00 4.923432331981246468e-02 -2.105926245984934483e-02 -9.985652151321351422e-01
-2.114115142822265625e+01 -1.361078262329101562e+01 -4.021514892578125000e+00 -6.790323440874548311e-01 -4.018381216612789686e-01 -6.143624334729717029e-01
8.744031906127929688e+00 -7.955406188964843750e+00 -5.424440860748291016e+00 1.977019735407668094e-02 -2.907041891258121610e-02 9.993818339557848374e-01
-2.682357978820800781e+01 -5.131260871887207031e+00 6.010499969124794006e-02 -9.087790222226490577e-01 -1.641966568121360215e-01 -3.836145808748198660e-01
2.649904966354370117e+00 2.151245880126953125e+01 -5.746606826782226562e+00 6.521195173230337483e-02 6.701518496778217093e-01 -7.393537040717779174e-01
9.316440224647521973e-01 6.517012119293212891e+00 -9.021932601928710938e+00 -4.526472115015816450e-03 2.060345432004713137e-02 -9.997774796024730959e-01
-5.773231029510498047e+00 2.562946510314941406e+01 8.084124565124511719e+00 2.080201243157292768e-01 -7.588359341236747824e-01 6.171674432131999399e-01
1.640604972839355469e+00 -2.217335319519042969e+01 -7.474707126617431641e+00 3.813756042339196128e-02 -9.939001055428067222e-01 -1.034799820590910358e-01
8.505165100097656250e+00 9.889539718627929688e+00 -8.734550476074218750e+00 3.999486401819376397e-02 7.003970440048218338e-02 -9.967421184336795470e-01
-5.695022106170654297e+00 1.843999099731445312e+01 -3.626533985137939453e+00 1.139639052163271965e-01 -6.097229092343932066e-01 7.843788639825731712e-01
-1.211097717285156250e+01 3.619324922561645508e+00 -5.197027206420898438e+00 -5.645896270631076824e-02 7.183620883939419166e-02 9.958172245094528696e-01
-1.632966423034667969e+01 -1.816330528259277344e+01 -2.300209999084472656e-01 6.559352112010614633e-01 3.920530833321326375e-02 7.537983433950464773e-01
-1.788458633422851562e+01 1.961760711669921875e+01 1.096948981285095215e+00 -6.064220272551814617e-01 7.426760685656136340e-01 -2.840503160350995593e-01
1.040934562683105469e+01 4.657160758972167969e+00 -8.997121810913085938e+00 6.099125822386616130e-02 1.337778233247173716e-02 -9.980486467903930681e-01
-2.194395828247070312e+01 -1.753570747375488281e+01 8.876039981842041016e-01 -6.961424338777191245e-01 -5.140542200040555398e-01 -5.011326876694709442e-01
-2.662657928466796875e+01 5.084361076354980469e+00 7.512639045715332031e+00 8.269713258524939992e-01 -2.151434392597242617e-01 5.194532960346534001e-01
-1.753493070602416992e+00 2.662631034851074219e+00 -9.010158538818359375e+00 -2.562213232824109288e-02 1.352618740440187164e-02 -9.995801861728027538e-01
-2.307858276367187500e+01 -1.427575492858886719e+01 -7.479580044746398926e-01 -7.532601790302119182e-01 -4.516014890665144832e-01 -4.781790436230762276e-01
-2.100269699096679688e+01 7.738284111022949219e+00 -6.152050018310546875e+00 -4.640894036642522202e-01 2.562652373662971383e-01 -8.479086940963361796e-01
-1.674152970314025879e+00 -4.382941246032714844e+00 -5.085014820098876953e+00 -2.362022976541385336e-02 -1.143371964142705782e-01 9.931611602665266769e-01
-6.403279781341552734e+00 -8.636202812194824219e+00 -5.463997840881347656e+00 -3.621085260639127223e-02 -5.423667272536234624e-02 9.978713130886167626e-01
-1.509601783752441406e+01 4.761730134487152100e-01 -8.616231918334960938e+00 -9.029205391123461266e-02 1.400503893333822011e-02 -9.958168525813199112e-01
-1.926330184936523438e+01 -1.956748390197753906e+01 -3.424589931964874268e-01 -3.353133660223128198e-01 -9.329893052861346625e-01 -1.307513012879118475e-01
-2.437124824523925781e+01 1.528907585144042969e+01 5.573676109313964844e+00 -7.637515315257163984e-01 5.634512738227877016e-01 -3.149702527534953278e-01
-3.996219933032989502e-01 -1.475065040588378906e+01 -9.275224685668945312e+00 1.770217825457297278e-02 -5.266677353680630086e-02 -9.984552287660504177e-01
-1.893659210205078125e+01 1.089529705047607422e+01 -1.766880989074707031e+00 6.036889753060716846e-01 -4.511378356205742457e-01 6.572931418822873795e-01
-2.570168685913085938e+01 -9.490098953247070312e+00 6.811299800872802734e+00 8.182862614133435963e-01 2.808501968599008136e-01 5.015284252222679262e-01
7.344388961791992188e+00 1.804527473449707031e+01 -7.388496875762939453e+00 1.711321926480865452e-01 4.946790117598549030e-01 -8.520601199233251988e-01
-2.356798171997070312e+01 1.394285774230957031e+01 2.135006904602050781e+00 -7.500830213818929781e-01 4.910194523202998651e-01 -4.430297489759391638e-01
-1.606224441528320312e+01 1.613168525695800781e+01 -7.137499749660491943e-02 5.433247922042011568e-01 -6.111035983389250248e-01 5.756305779521093680e-01
-1.323744678497314453e+01 -2.229402065277099609e+00 -4.614583969116210938e+00 -2.450620186543059787e-03 -2.776175658101245197e-02 9.996115642249433497e-01
1.099474143981933594e+01 -3.076761960983276367e+00 -5.372631072998046875e+00 2.717461445736103764e-02 -4.064633454598996082e-02 9.988039926917939848e-01
-2.558207511901855469e+01 2.575950026512145996e-01 3.499912977218627930e+00 9.202372579211961501e-01 -6.599781610024640921e-02 3.857559816823015186e-01
-2.302715873718261719e+01 -9.490891456604003906e+00 1.379893064498901367e+00 8.346088812240574084e-01 4.240157591695943307e-01 3.516228823011374738e-01
-2.688615226745605469e+01 -8.113623619079589844e+00 1.383103966712951660e+00 -9.174704584244232075e-01 -1.652078778480471910e-01 -3.618761045101257512e-01
1.608601379394531250e+01 9.338480234146118164e-01 -5.029013156890869141e+00 -8.253901074633186730e-02 2.574325496902592561e-02 9.962552868259302308e-01
7.725579261779785156e+00 -2.133557701110839844e+01 -6.921714782714843750e+00 2.084272457906987674e-01 -6.732242105322518988e-01 -7.094555980224060976e-01
1.716451072692871094e+01 -1.175099754333496094e+01 -3.763387918472290039e+00 -4.334260979273633074e-01 2.555939266607053922e-02 9.008265843557244912e-01
-5.420412063598632812e+00 1.572892379760742188e+01 -8.190570831298828125e+00 -7.530059713161611767e-02 1.594762404863570571e-01 -9.843257330741483901e-01
-1.481534004211425781e+00 1.607445907592773438e+01 -8.277445793151855469e+00 -3.033634248637701383e-02 1.734156779104730206e-01 -9.843813839053440207e-01
-1.743597984313964844e+01 1.870941162109375000e+01 5.505712985992431641e+00 6.842385994034027030e-01 -6.851932153228470490e-01 2.496553559649947185e-01
-2.488206672668457031e+01 1.110865116119384766e+01 1.517596006393432617e+00 -8.191991463861155731e-01 3.831350684510410054e-01 -4.267555247249597006e-01
-1.042834854125976562e+01 1.996389770507812500e+01 -5.077564239501953125e+00 -3.578588066924537348e-01 7.065748681302652656e-01 -6.104826207185192199e-01
-1.536406803131103516e+01 1.668869972229003906e+01 -5.174993991851806641e+00 -4.821154003498102636e-01 5.588647536942161764e-01 -6.747109957780776934e-01
-8.393394470214843750e+00 1.110026931762695312e+01 -5.093540191650390625e+00 2.910098046190898874e-02 -1.051514426074550701e-01 9.940303350772181634e-01
-2.295198059082031250e+01 8.489048957824707031e+00 2.136209011077880859e+00 7.867149564940284501e-01 -3.854112311579619976e-01 4.822216918865251389e-01
-2.012104034423828125e+01 -1.705199003219604492e+00 -7.701618194580078125e+00 -3.343809500520131817e-01 -5.026179467065856887e-03 -9.424245952659968673e-01
-1.881700992584228516e+00 2.393569374084472656e+01 -2.774755954742431641e+00 -1.125883384292866024e-01 8.460027309805606688e-01 -5.211556823283858275e-01
-1.173956871032714844e+01 2.372341346740722656e+01 1.623060941696166992e+00 -4.418493884518879811e-01 7.898717687406278110e-01 -4.252901443382445246e-01
-6.347452163696289062e+00 -1.629589271545410156e+01 -8.989178657531738281e+00 -8.143227249316030425e-02 -1.024643078951334718e-01 -9.913979274762334537e-01
-8.098372459411621094e+00 -5.039374828338623047e+00 -9.115148544311523438e+00 -1.404320336043459773e-02 2.575656470317780333e-02 -9.995696012855075363e-01
-1.477023792266845703e+01 -2.029173278808593750e+01 -4.475872993469238281e+00 -4.945998344934560698e-01 -6.343065247606022306e-01 -5.941601100420436099e-01
-1.864577102661132812e+01 1.117972469329833984e+01 -6.214138984680175781e+00 -7.143585990464653701e-01 4.286304651511483321e-01 -5.531434861884224619e-01
-9.076659202575683594e+00 -6.656486034393310547e+00 -5.325573921203613281e+00 9.775491496867792784e-02 -3.807076489532327385e-02 9.944820729705243778e-01
-2.336290359497070312e+01 1.005694103240966797e+01 -2.009179115295410156e+00 -7.851726612294039898e-01 3.897810154791420123e-01 -4.812220402579087120e-01
1.543869209289550781e+01 -1.578002929687500000e+00 -8.837503433227539062e+00 8.005698111884639034e-02 1.384548016694932444e-02 -9.966941268278264321e-01
-2.355071830749511719e+01 1.715086746215820312e+01 9.098030090332031250e+00 -6.468121805895709064e-01 4.422383803952518178e-01 6.213366381812269745e-01
-1.970031929016113281e+01 1.630712509155273438e+01 5.109208106994628906e+00 6.799489034691392764e-01 -6.049606523452457640e-01 4.143574517070131580e-01
-1.029116058349609375e+01 1.481995773315429688e+01 -7.894206047058105469e+00 -1.827677650472175064e-01 2.484682639863263209e-01 -9.512410135456031979e-01
1.535135078430175781e+01 4.138193130493164062e+00 -8.704294204711914062e+00 9.512026744992345406e-02 7.235680641918691702e-02 -9.928326280320722841e-01
-1.934571838378906250e+01 -9.838096618652343750e+00 -3.212811946868896484e+00 6.848316470484103746e-01 3.175613183072504286e-01 6.558661634174479671e-01
6.923140048980712891e+00 -5.975192070007324219e+00 -9.268412590026855469e+00 -9.552204618245697942e-02 2.782485107916167835e-02 -9.950383491883812992e-01
1.127680492401123047e+01 1.540719699859619141e+01 -3.645524978637695312e+00 -2.845680607165564369e-01 -3.415741588484154656e-01 8.957388641936977480e-01
-6.646693229675292969e+00 -1.019111990928649902e+00 -5.009626865386962891e+00 -6.594698248364967708e-02 9.881432540406671558e-03 9.977741993017511524e-01
1.515165138244628906e+01 1.356467342376708984e+01 -2.628047943115234375e+00 -5.392523860106686051e-01 -4.986360764414275448e-01 6.786522875912962549e-01
-2.300172424316406250e+01 -1.356917572021484375e+01 4.665056228637695312e+00 8.533515573626959672e-01 3.872308506322847954e-01 3.490607223181354524e-01
-1.651015472412109375e+01 -1.762369155883789062e+01 -5.528327941894531250e+00 -5.160124539530127619e-01 -4.660132516547079162e-01 -7.187230319445703230e-01
-2.072813034057617188e+01 -1.685713958740234375e+01 4.294744014739990234e+00 7.154828281569963755e-01 5.770700315280697934e-01 3.937949991107789760e-01
-8.444349288940429688e+00 1.571915340423583984e+01 -4.395628929138183594e+00 1.252653148402446404e-01 -2.423031087124293270e-01 9.620799365989641805e-01
2.945806026458740234e+00 7.700479030609130859e+00 -5.223787784576416016e+00 -1.534881118717657845e-02 -7.229449434966472854e-02 9.972652205315629681e-01
-2.800578498840332031e+01 8.761050105094909668e-01 8.336855888366699219e+00 7.248023856683791788e-01 1.236642301047985622e-02 6.888458269535731038e-01
-2.891547918319702148e+00 2.901803016662597656e+00 -4.934166908264160156e+00 -1.805787989251707998e-02 3.786752500936751975e-02 9.991195942045437706e-01
-8.564197540283203125e+00 2.291202068328857422e+00 -8.802248001098632812e+00 -3.666422805348178854e-02 -1.144216852239523900e-02 -9.992621333567820452e-01
-2.669289207458496094e+01 5.822577953338623047e+00 1.101184010505676270e+00 -8.367484272083016705e-01 2.037305235100252687e-01 -5.082774275479526871e-01
-2.645076942443847656e+01 8.332840204238891602e-01 -1.278676033020019531e+00 -8.885621032307549072e-01 5.438014387540419936e-02 -4.555218860320847662e-01
1.395139312744140625e+01 9.262067794799804688e+00 -8.469673156738281250e+00 1.120827370863127503e-01 1.608776804576508290e-01 -9.805895328718363668e-01
2.079123497009277344e+01 -6.214698791503906250e+00 -5.055277824401855469e+00 8.038424239983081865e-01 5.869839861077673637e-01 -9.636989900150626231e-02
-2.102821540832519531e+01 -1.862451171875000000e+01 6.752613067626953125e+00 5.289325156372068903e-01 -6.515916698983753585e-01 5.437450593989268111e-01
-1.509762048721313477e+00 2.613814926147460938e+01 7.717815876007080078e+00 4.373298122731968940e-01 -1.797911625493057997e-01 8.811457161935585258e-01
8.883022308349609375e+00 2.003853607177734375e+01 -5.614606857299804688e+00 2.916764753786169617e-01 6.295232699484318850e-01 -7.201564318286276523e-01
1.136468410491943359e+01 -1.402231025695800781e+01 -5.022146224975585938e+00 -1.496165658010664423e-01 1.467099828346311863e-01 9.777990919276604576e-01
1.955390357971191406e+01 1.647048950195312500e+00 -7.086421012878417969e+00 9.579919318860837807e-01 -2.752544236165661573e-01 8.053856666641867612e-02
-2.456486511230468750e+01 -2.882184982299804688e+00 -4.252573966979980469e+00 -7.981816794517602176e-01 -1.849655318276592630e-02 -6.021327794663935418e-01
1.651958656311035156e+01 6.371498107910156250e+00 -4.580818176269531250e+00 -5.109196234521043989e-01 -4.599066451768319547e-02 8.583973422307304979e-01
-1.150580310821533203e+01 1.597268581390380859e+01 -3.565186023712158203e+00 3.063617492767692907e-01 -6.051566576196785174e-01 7.347978622169889507e-01
-4.188903808593750000e+00 -1.950705337524414062e+01 -8.569349288940429688e+00 -1.245612142536501876e-01 -2.924432562527344293e-01 -9.481357739142395324e-01
4.476621150970458984e+00 -3.292142868041992188e+00 -5.163537979125976562e+00 -5.088177520145639038e-02 -5.575855187329103319e-02 9.971469444597130805e-01
-6.504020094871520996e-01 -1.840155220031738281e+01 -5.226985931396484375e+00 -1.337756438599969067e-01 2.102615443584469612e-01 9.684493585489352130e-01
-2.377223968505859375e+01 3.711476087570190430e+00 -4.845368862152099609e+00 -7.491057881208234015e-01 1.828789085451427154e-01 -6.367070150494789083e-01
-6.682799756526947021e-02 2.088640403747558594e+01 -1.962507963180541992e+00 -1.893844509158198325e-02 -7.976783113860128616e-01 6.027857387512348675e-01
-2.920417976379394531e+01 -2.913630962371826172e+00 4.545994758605957031e+00 -9.103647722999036462e-01 -1.460905243024631373e-01 -3.871608710399022657e-01
-2.019226264953613281e+01 1.841524124145507812e+01 2.518976926803588867e+00 -6.070488770234094833e-01 6.496202418890326680e-01 -4.576955344250718261e-01
1.408688545227050781e+01 -1.584313392639160156e+01 -4.022089958190917969e+00 -3.562993868719854240e-01 1.665221616334151278e-01 9.194134633556232394e-01
3.003439903259277344e+00 2.463699150085449219e+01 -1.331297993659973145e+00 7.874255818372088989e-02 8.558639427409961975e-01 -5.111717138560389895e-01
1.700965118408203125e+01 1.510426998138427734e+00 -8.610618591308593750e+00 1.439886981606030569e-01 2.579885661506392189e-02 -9.892429801617852458e-01
1.651739692687988281e+01 -6.808773040771484375e+00 -8.549606323242187500e+00 2.094432170405710059e-01 -6.193043384019769615e-02 -9.758576536565469750e-01
-1.221843910217285156e+01 -1.137551689147949219e+01 -5.343616008758544922e+00 1.632979922492505398e-01 8.265866022112000611e-02 9.831079857359582563e-01
-8.328645706176757812e+00 2.432908058166503906e+01 7.099380016326904297e+00 2.650394773930230263e-01 -9.065601227957511554e-01 3.284856453176999147e-01
-2.835771083831787109e+00 2.359696006774902344e+01 2.629561901092529297e+00 8.212205825764809508e-02 -8.821059826390441616e-01 4.638372591113544829e-01
-1.658125305175781250e+01 1.268097782135009766e+01 -2.889380931854248047e+00 6.103350529947242364e-01 -4.834775095513038079e-01 6.274875463656599539e-01
-3.891713142395019531e+00 8.786336898803710938e+00 -5.126791954040527344e+00 9.491258564574495474e-03 -2.621836852599979117e-02 9.996111809912368029e-01
-2.772424316406250000e+01 9.785758018493652344e+00 6.577589988708496094e+00 -8.709259552377249802e-01 4.268683258695633032e-01 -2.434572095103626488e-01
1.612491416931152344e+01 1.405912971496582031e+01 -6.273365020751953125e+00 4.888901719227082276e-01 3.866647023406045158e-01 -7.819698253521273346e-01
-2.901893615722656250e+01 -7.526185035705566406e+00 5.986941814422607422e+00 -9.027142334623786679e-01 -2.801498098260570280e-01 -3.265319230318136090e-01
-5.102212905883789062e+00 -1.090883445739746094e+01 -9.376778602600097656e+00 -3.586908115499697763e-02 3.354822865536422755e-02 -9.987932345441590254e-01
-1.690918540954589844e+01 -1.929141044616699219e+00 -8.384015083312988281e+00 -1.247589590741146198e-01 1.483742120321395949e-02 -9.920761326948561720e-01
1.747797012329101562e+01 -3.776278018951416016e+00 -8.547617912292480469e+00 2.187435516276425573e-01 -4.444655146335348833e-02 -9.747695946654985066e-01
1.296123981475830078e+00 3.899682998657226562e+00 -5.236178874969482422e+00 1.220749224720596438e-01 8.829062794780147272e-02 9.885861006103734416e-01
1.170668125152587891e+01 9.752672195434570312e+00 -4.944185256958007812e+00 -5.358811334394119469e-02 -1.013694975161027467e-01 9.934045193583376232e-01
9.442663192749023438e+00 1.352853393554687500e+01 -8.422909736633300781e+00 6.997735156079590291e-02 1.358390416828607894e-01 -9.882565077059795033e-01
-1.348983383178710938e+01 2.225312423706054688e+01 7.349219799041748047e+00 4.488755047976317747e-01 -7.128117877234534383e-01 5.388971483271791652e-01
-1.997290229797363281e+01 8.835560083389282227e-01 -4.071135997772216797e+00 4.794403707869565046e-01 -3.533618132714363286e-02 8.768627516030550462e-01
1.072148132324218750e+01 7.913928031921386719e+00 -8.752423286437988281e+00 3.895680080619858682e-02 6.985024671965454901e-02 -9.967965242235495849e-01
-1.941639709472656250e+01 1.794904327392578125e+01 7.496756076812744141e+00 6.383498620555498881e-01 -6.061451116637504022e-01 4.744444722196687336e-01
-1.946559333801269531e+01 -1.490412902832031250e+01 1.527709960937500000e-01 7.398479047003764242e-01 4.411782517761281275e-01 5.079240376968016113e-01
-6.829599738121032715e-01 -1.654874086380004883e+00 -4.933161735534667969e+00 8.314504126716774912e-02 -1.760826373945022921e-02 9.963818801848831619e-01
-3.061363935470581055e+00 1.349312877655029297e+01 -5.007895946502685547e+00 -3.785009162278268890e-02 -9.902129974359777376e-02 9.943652009001701098e-01
3.827275991439819336e+00 6.200113773345947266e+00 -9.013293266296386719e+00 -2.076146115160122999e-02 5.746454431081936959e-02 -9.981316485704680996e-01
-2.096653747558593750e+01 1.095918178558349609e+01 9.190729856491088867e-01 7.470996167778153341e-01 -3.836520399925629210e-01 5.428197443166437042e-01
3.801807880401611328e+00 2.296022987365722656e+01 1.733748912811279297e+00 -1.593127527454270831e-01 -8.565420154425542609e-01 4.908719003918248225e-01
-2.914132881164550781e+01 3.101838111877441406e+00 5.150658130645751953e+00 -9.430961580748323803e-01 1.510553272626586618e-01 -2.962295136039991283e-01
6.352177143096923828e+00 1.704940032958984375e+01 -4.049339771270751953e+00 -9.524724962171554621e-02 -3.573501689661366942e-01 9.291010807115511749e-01
-1.499177265167236328e+01 3.940757989883422852e+00 -5.232241153717041016e+00 8.903419361729658643e-02 -4.762436492746838224e-02 9.948893567790205728e-01
-3.203766107559204102e+00 1.725266265869140625e+01 -4.437139987945556641e+00 1.868176203058070917e-02 -2.621824286128555670e-01 9.648374815968218110e-01
-1.046561431884765625e+01 2.644025611877441406e+01 6.861795902252197266e+00 -2.704283886440349005e-01 9.384696639377868577e-01 -2.148096284710917792e-01
-1.090085601806640625e+01 -2.903321981430053711e+00 -8.958845138549804688e+00 -4.979776579851620533e-02 6.485117922744464136e-02 -9.966516478059352924e-01
-8.163707733154296875e+00 2.166018676757812500e+01 1.169757962226867676e+00 3.108977782725642069e-01 -8.374341292229846578e-01 4.494959962866464931e-01
1.926694989204406738e+00 1.631783676147460938e+01 -4.590861797332763672e+00 -8.198677445617041232e-03 -1.431792523315949806e-01 9.896628129771818383e-01
3.803519964218139648e+00 1.189781379699707031e+01 -8.736400604248046875e+00 2.263229759292109677e-02 8.360504184848802089e-02 -9.962419264833104471e-01
1.639962768554687500e+01 9.999185562133789062e+00 -3.656362056732177734e+00 -6.226779409574112467e-01 -2.954751774736265046e-01 7.245457896792775188e-01
1.680341911315917969e+01 1.650661468505859375e+01 -3.115576982498168945e+00 9.911017664108174863e-01 9.368169193906121517e-02 -9.455701567198755708e-02
-2.770607566833496094e+01 -3.023291110992431641e+00 7.947154998779296875e+00 7.885965946619191147e-01 8.765644045520724903e-02 6.086310535409340527e-01
-3.403999090194702148e+00 -9.399735450744628906e+00 -5.487906932830810547e+00 -2.167547642703841412e-02 -1.857068149074574126e-02 9.995925687552054129e-01
-1.729603576660156250e+01 2.335046005249023438e+01 7.989238739013671875e+00 -6.123428235851310353e-01 7.872545566417740170e-01 -7.257085813570741950e-02
-2.529864692687988281e+01 -1.629422950744628906e+01 5.774439811706542969e+00 -8.288115093922172605e-01 -4.557511260999526082e-01 -3.245957377379123932e-01
-2.274635696411132812e+01 1.780110931396484375e+01 6.413106918334960938e+00 -7.363369944767896857e-01 5.977651053289720906e-01 -3.169932324450019379e-01
-2.503063774108886719e+01 -7.846380233764648438e+00 4.202342033386230469e+00 7.987133087182570756e-01 2.788004894102225628e-01 5.332235343464825084e-01
-2.559882926940917969e+01 -4.721673965454101562e+00 3.757081031799316406e+00 8.538836787031903741e-01 1.777868382457953311e-01 4.891569312509738698e-01
-1.592567443847656250e+01 -1.142312049865722656e+00 -4.905438899993896484e+00 -6.755581989581298241e-02 7.138632155588145456e-02 9.951583815116690213e-01
-1.413063240051269531e+01 1.887000274658203125e+01 -3.858831882476806641e+00 -4.642180265403098027e-01 6.951804471093012694e-01 -5.488403864439390656e-01
6.648649215698242188e+00 1.216534614562988281e+01 -4.983880996704101562e+00 -2.214921872055725799e-02 -1.868632601534845061e-01 9.821362095528705094e-01
1.271296691894531250e+01 -6.719906806945800781e+00 -9.016357421875000000e+00 7.488280196052135573e-02 -3.330728970274373507e-02 -9.966359367508272893e-01
-3.324609994888305664e-01 1.815684318542480469e+01 -4.205474853515625000e+00 -2.189844015103792341e-02 -3.999628256572517748e-01 9.162697181568417726e-01
-1.515604114532470703e+01 1.219870090484619141e+01 -7.484916210174560547e+00 -2.344861472724826534e-01 2.049035787685450360e-01 -9.502793116474493873e-01
-1.342344379425048828e+01 2.525897026062011719e+01 7.027653217315673828e+00 -3.598859354960418644e-01 8.612382537577982777e-01 -3.588185944127715299e-01
-2.344951629638671875e+01 -4.420676231384277344e+00 -1.992290019989013672e-01 8.561627143156764763e-01 1.396853149300406050e-01 4.974670033364110844e-01
1.400468635559082031e+01 -8.243156433105468750e+00 -5.292889118194580078e+00 -1.649768749559825942e-01 2.533482371813837453e-02 9.859719962741989585e-01
-1.977386093139648438e+01 2.127069091796875000e+01 7.562168121337890625e+00 -6.453286219289339209e-01 7.239787213396414733e-01 -2.437330112371338953e-01
1.819527983665466309e+00 2.492345809936523438e+01 5.167644977569580078e+00 4.381799856816923633e-01 -6.907915376483919623e-01 5.751568061506027174e-01
1.293896675109863281e+01 -1.778117370605468750e+01 -7.101428985595703125e+00 3.496445930504858413e-01 -4.153917144072874490e-01 -8.397609077304890590e-01
-2.484716796875000000e+01 2.956834077835083008e+00 2.573230981826782227e+00 8.389775286232569185e-01 -1.301484094204770903e-01 5.283730670563480114e-01
6.286307811737060547e+00 2.429051399230957031e+01 -8.400179743766784668e-01 2.599511437577674555e-01 8.548928522386630702e-01 -4.489806388367674761e-01
6.169514179229736328e+00 -1.247597122192382812e+01 -5.531898021697998047e+00 -4.547610083027148198e-02 9.668193130832573997e-04 9.989649591020152153e-01
-8.193330168724060059e-01 -8.982818603515625000e+00 -9.392542839050292969e+00 -1.537075088061574425e-02 5.263539448669365788e-03 -9.998680088740905525e-01
-2.157605552673339844e+01 1.379829597473144531e+01 4.968980789184570312e+00 7.747735106481157263e-01 -5.536070081905744011e-01 3.053609138057383210e-01
1.458283042907714844e+01 1.878815078735351562e+01 -3.448538064956665039e+00 4.533521220559575959e-01 6.068464397655518594e-01 -6.528470356609076264e-01
1.798026275634765625e+01 -5.960611820220947266e+00 -4.422111988067626953e+00 -5.059387059379250040e-01 1.103528810878651456e-01 8.554813074927267724e-01
-1.040824222564697266e+01 -1.199453544616699219e+01 -9.006285667419433594e+00 -1.549347986762547036e-01 -1.635878629109862314e-01 -9.742865180568623940e-01
-1.530559444427490234e+01 2.272184371948242188e+01 3.088979005813598633e+00 -3.656892423691529559e-01 8.969916515984885930e-01 -2.483492600715581367e-01
1.177626228332519531e+01 -9.318668365478515625e+00 -9.037206649780273438e+00 5.856825684906702412e-02 -2.839454960079072776e-02 -9.978795061742825601e-01
5.563035964965820312e+00 -2.105904197692871094e+01 -5.231880187988281250e+00 1.755463149713496207e-01 -8.964734446393756162e-01 4.068400845005222255e-01
-1.070432853698730469e+01 2.194386482238769531e+01 3.440655946731567383e+00 3.587420367778700880e-01 -8.026724243823673000e-01 4.764673443003182851e-01
4.753609180450439453e+00 -1.167741394042968750e+01 -9.288558959960937500e+00 2.702094669044021510e-03 -6.555298234425997912e-03 -9.999748630587957932e-01
-2.700119590759277344e+01 -1.372612190246582031e+01 8.737806320190429688e+00 -7.485170487474722689e-01 -3.390454444468976036e-01 5.698863170266330602e-01
1.359948039054870605e+00 1.022629356384277344e+01 -5.141826152801513672e+00 1.041675171386124803e-02 -2.471798440862180146e-02 9.996401915341873723e-01
-1.118295860290527344e+01 6.434000968933105469e+00 -5.240087985992431641e+00 3.081827402623672774e-02 -5.371040559025969802e-02 9.980808716318402274e-01
1.164640808105468750e+01 -3.306600078940391541e-02 -9.083762168884277344e+00 1.332168809191739550e-02 2.258050969236972960e-02 -9.996562675282011368e-01
-2.393589591979980469e+01 9.929441452026367188e+00 5.297598838806152344e+00 8.485905439058264443e-01 -3.855539443323433013e-01 3.622737153084470418e-01
-6.044561862945556641e+00 -1.467539596557617188e+01 -5.651441097259521484e+00 1.024699054824228066e-02 6.473192630245633294e-02 9.978500773672754898e-01
6.508759021759033203e+00 1.558789634704589844e+01 -8.248195648193359375e+00 6.306487791319309588e-02 2.120460384421264111e-01 -9.752226918785239507e-01
-1.878208732604980469e+01 -1.690600585937500000e+01 -4.062676906585693359e+00 -6.333472340204947537e-01 -5.401813665811532328e-01 -5.541438191995886609e-01
9.103041648864746094e+00 -1.554340362548828125e+01 -5.071504116058349609e+00 -1.372917807774317878e-01 1.338966769502115961e-01 9.814390693428972634e-01
-1.904307746887207031e+01 3.554539918899536133e+00 -7.877159118652343750e+00 -3.466379572267511699e-01 7.338241447515259086e-02 -9.351241349978419715e-01
-1.573957252502441406e+01 -4.524276733398437500e+00 -8.541007041931152344e+00 -1.460307739785978443e-01 1.065589490145317335e-02 -9.892226569155504468e-01
1.119202804565429688e+01 1.862145614624023438e+01 -1.710461974143981934e+00 6.415106033741713176e-02 3.816542687850124627e-01 9.220762769835055828e-01
-5.341053009033203125e+00 -1.632372975349426270e+00 -8.972887992858886719e+00 -2.956886442310369470e-02 5.511311007542576273e-02 -9.980421971813326909e-01
-1.225736331939697266e+01 -2.125974845886230469e+01 -5.098577976226806641e+00 -1.292863632209510505e-01 -9.907330463426406997e-01 -4.163012334513704199e-02
-6.700855255126953125e+00 2.323497772216796875e+01 -2.580484867095947266e+00 -2.041084740182257939e-01 8.345742094919792464e-01 -5.116889872615877355e-01
-5.526158809661865234e+00 2.757312583923339844e+01 6.214172840118408203e+00 -1.213344370631425639e-01 9.546127960744901220e-01 -2.720153744798522455e-01
-2.113290023803710938e+01 -7.724335193634033203e+00 -6.568314075469970703e+00 -5.346224139162143452e-01 -2.281852418942842131e-01 -8.137016467477787840e-01
-1.022803688049316406e+01 -8.586419105529785156e+00 -9.144022941589355469e+00 -1.087196563251208309e-01 7.542216682291321556e-03 -9.940438377134405146e-01
-1.675636863708496094e+01 5.953698158264160156e+00 -4.680333137512207031e+00 2.166949398028573115e-01 -1.079996714485438186e-01 9.702470685505021342e-01
-1.116136169433593750e+01 -1.859539413452148438e+01 -7.622731208801269531e+00 -2.352277231515944034e-01 -3.396933656887411446e-01 -9.106461088523752911e-01
4.270507812500000000e+00 -7.461581230163574219e+00 -9.277746200561523438e+00 -2.385423304601425390e-02 4.460781511593108623e-02 -9.987197396649217795e-01
5.763476848602294922e+00 1.004807090759277344e+01 -8.820172309875488281e+00 4.277844970335849956e-02 6.733811022441482663e-02 -9.968127121743490804e-01
-2.350576782226562500e+01 -1.856761169433593750e+01 5.142098903656005859e+00 -7.698769115039700850e-01 -5.685648594682625179e-01 -2.898681453884563441e-01
-5.635129809379577637e-01 2.735869789123535156e+01 4.071482181549072266e+00 4.467025296130834600e-02 8.924122868418898902e-01 -4.490043193489358098e-01
-1.425111675262451172e+01 9.307220458984375000e+00 -4.794220924377441406e+00 1.403009481657199742e-01 -1.458007552987092004e-01 9.793149563333166663e-01
-2.308877944946289062e+00 -3.348797082901000977e+00 -9.154178619384765625e+00 -3.814999636014856921e-02 1.685268665301200425e-02 -9.991299038314768177e-01
-1.532564735412597656e+01 2.065967369079589844e+01 6.076752185821533203e+00 6.410971964508170862e-01 -6.765434010917572571e-01 3.623305274774678564e-01
-1.046691799163818359e+01 1.192991161346435547e+01 -8.330018043518066406e+00 -5.312965786093938603e-02 9.618439713778062505e-02 -9.939445664637547306e-01
9.826359748840332031e+00 -1.427695655822753906e+01 -8.838617324829101562e+00 6.934713081289101133e-02 -1.102373194041481458e-01 -9.914830855131153697e-01
5.533197879791259766e+00 8.374893188476562500e+00 -5.205984115600585938e+00 -4.291717983664387198e-02 -1.395816756921652024e-01 9.892800773723468000e-01
-1.591084957122802734e+01 6.507650852203369141e+00 -8.240333557128906250e+00 -1.177276581047754650e-01 8.623410429509334452e-02 -9.892946364827760464e-01
-2.490130996704101562e+01 1.057362174987792969e+01 7.880712985992431641e+00 7.799125747941855202e-01 -3.786766843415322881e-01 4.983375807763321674e-01
-1.821308135986328125e+01 1.781647109985351562e+01 -9.578300118446350098e-01 -5.884596575257106110e-01 6.463047749049639634e-01 -4.858038383954652595e-01
-2.444278717041015625e+01 -1.460219001770019531e+01 1.693727970123291016e+00 -8.069747882117542792e-01 -3.626367514494623912e-01 -4.661397619692779215e-01
1.689490699768066406e+01 -1.468353462219238281e+01 -6.633529186248779297e+00 4.492527181317459983e-01 -4.334693343522484366e-01 -7.812018506298207265e-01
1.783369827270507812e+01 1.048635292053222656e+01 -5.828290939331054688e+00 8.168549438247294514e-01 3.509367397619035378e-01 -4.578115392106059667e-01
-2.120699119567871094e+01 5.558864116668701172e+00 -2.146187067031860352e+00 7.570782694507819377e-01 -3.434227758583707768e-01 5.557816936056282353e-01
-1.168662452697753906e+01 2.248155975341796875e+01 -7.642760276794433594e-01 -3.873993523793512472e-01 8.118781595707623699e-01 -4.367786576608922444e-01
2.435966014862060547e+00 6.869159936904907227e-01 -9.148418426513671875e+00 4.862203969203517800e-02 6.877626004781213498e-02 -9.964465481449678030e-01
1.233916282653808594e+01 3.085074901580810547e+00 -5.263916015625000000e+00 -4.435704304445539647e-02 -3.622557724773275284e-02 9.983587332644617840e-01
-1.170377969741821289e+00 -2.184579086303710938e+01 -5.669013977050781250e+00 -8.286943260468053463e-02 -8.867674217633538802e-01 4.547265077372905084e-01
1.971277618408203125e+01 -3.278913974761962891e+00 -7.098579883575439453e+00 9.998033024405355018e-01 2.735060551823368779e-03 -1.964372349573337631e-02
3.181240081787109375e+00 -1.894364929199218750e+01 -8.608475685119628906e+00 7.437596887513044097e-02 -8.502701222346266408e-02 -9.935988236940687113e-01
-6.450062751770019531e+00 5.365200996398925781e+00 -5.276606082916259766e+00 -8.482159945120310018e-02 -8.892258276545701723e-02 9.924203094157536542e-01
-7.914019823074340820e-01 1.233229446411132812e+01 -8.712653160095214844e+00 -2.767971113075793493e-02 7.653278290849528653e-02 -9.966827813963673455e-01
-9.992940902709960938e+00 -2.039043617248535156e+01 -3.655891895294189453e+00 1.311823299473252047e-01 -6.405972769046558435e-01 7.565886102314326456e-01
-3.662856101989746094e+00 2.103272247314453125e+01 -6.071060180664062500e+00 -1.019766756449026340e-01 6.125389170295943986e-01 -7.838346973365148962e-01
-2.093091773986816406e+01 7.437559962272644043e-01 -7.267251968383789062e+00 -6.988204052903508323e-01 -2.784913075727202258e-03 -7.152917484558244388e-01
7.955659866333007812e+00 3.711302995681762695e+00 -9.038016319274902344e+00 3.014239244575517632e-02 -8.049731331851613103e-03 -9.995132005146960541e-01
1.573158264160156250e+01 6.897984027862548828e+00 -8.453845024108886719e+00 1.804197920076321959e-01 9.471005575219931805e-02 -9.790192561902640866e-01
-3.291688919067382812e+00 -1.767795181274414062e+01 -5.256120204925537109e+00 5.989527252411630531e-02 2.725019796132464034e-01 9.602891374144162384e-01
9.153227806091308594e+00 -5.114519119262695312e+00 -5.398283004760742188e+00 -3.628406695333658005e-02 2.434302590874343544e-02 9.990449857613680207e-01
4.032341957092285156e+00 1.480043125152587891e+01 -8.439848899841308594e+00 2.080026272649033656e-02 7.124064199780895390e-02 -9.972422574270752849e-01
1.944832229614257812e+01 -1.070999026298522949e+00 -5.633010864257812500e+00 9.998853798000570947e-01 1.365324025600626531e-02 6.543415973874681761e-03
1.955013036727905273e+00 2.589146995544433594e+01 9.198240041732788086e-01 1.078835318558078044e-02 8.949563879404757172e-01 -4.460231777834867128e-01
-4.398768901824951172e+00 2.187252235412597656e+01 -7.344199717044830322e-02 9.921256772562418724e-02 -8.239262533984760273e-01 5.579447959843686355e-01
3.492336988449096680e+00 2.311151027679443359e+00 -5.252802848815917969e+00 3.475719909894865040e-02 4.501117629100688522e-02 9.983816560412636099e-01
1.772592067718505859e+00 -5.936534881591796875e+00 -9.288348197937011719e+00 7.500341847538719020e-02 3.348808021046388583e-02 -9.966208083824175112e-01
3.138315916061401367e+00 -1.636395645141601562e+01 -5.382450103759765625e+00 -2.055793583764108784e-02 1.016999236649040322e-01 9.946026828843003154e-01
1.285605812072753906e+01 3.515491008758544922e+00 -8.911033630371093750e+00 3.207180804509573990e-02 5.080459865932577396e-02 -9.981935142465029331e-01
1.736761283874511719e+01 3.135926008224487305e+00 -4.699891090393066406e+00 -2.271977997702228635e-01 -1.049628486187029891e-01 9.681755833470584438e-01
-2.318877410888671875e+01 1.289826035499572754e+00 -5.778244018554687500e+00 -7.021679570548147176e-01 7.199723849550157539e-03 -7.119749462319288069e-01
-2.207309722900390625e+01 -1.085481929779052734e+01 -4.677752971649169922e+00 -6.896245016275410755e-01 -3.579708158903865400e-01 -6.295037265384031411e-01
1.343149375915527344e+01 -3.870678901672363281e+00 -5.361189842224121094e+00 -3.186412561032402058e-02 -7.183011448802295584e-02 9.969077751485977412e-01
2.776736974716186523e+00 1.936973953247070312e+01 -7.316193103790283203e+00 9.470977145561602917e-02 4.826974738788170627e-01 -8.706510253263552990e-01
-5.122498989105224609e+00 1.169002532958984375e+01 -8.607869148254394531e+00 -6.542498590042133966e-02 5.990918755291700648e-02 -9.960574584162698031e-01
6.048560142517089844e-01 -1.297239589691162109e+01 -5.551817893981933594e+00 -1.134908942242816333e-02 -3.592386137231363963e-02 9.992900851871715506e-01
1.086127471923828125e+01 2.071557998657226562e+01 -3.841849088668823242e+00 3.868451405918177377e-01 7.656833913999537833e-01 -5.138869343880634322e-01
1.872668981552124023e+00 1.636301231384277344e+01 -8.248349189758300781e+00 6.756638097181290499e-03 1.659167494839067503e-01 -9.861166158636199830e-01
-1.115885925292968750e+01 2.282308387756347656e+01 5.794932842254638672e+00 3.384092218021749199e-01 -8.749633891678443298e-01 3.462921688620256844e-01
-9.200357437133789062e+00 2.553954315185546875e+01 3.276365041732788086e+00 -3.196843384311771619e-01 8.721201888997435203e-01 -3.704163871581499512e-01
-1.287127971649169922e+00 2.866340827941894531e+01 7.997148990631103516e+00 2.912541532087279880e-02 9.965612776608251400e-01 -7.757145125244624406e-02
-2.496437263488769531e+01 6.475860118865966797e+00 -1.925171017646789551e+00 -8.284271807499704598e-01 3.349010408313104481e-01 -4.489428683527123543e-01
-8.863046646118164062e+00 1.996483802795410156e+01 -9.554659724235534668e-01 2.442609345374959773e-01 -7.291187788582764728e-01 6.393140090558668831e-01
-1.850323677062988281e+01 -4.222702026367187500e+00 -4.557089805603027344e+00 2.762887612056970088e-01 3.866021740070112178e-02 9.602967812202390929e-01
-2.360930061340332031e+01 -5.752138137817382812e+00 -4.855165004730224609e+00 -7.133483948471956992e-01 -1.770572712019037043e-01 -6.780743250436969127e-01
-8.716541290283203125e+00 2.228674888610839844e+00 -5.222094058990478516e+00 -8.934630825444385416e-03 5.823191753827947070e-02 9.982630996645261989e-01
-1.496193313598632812e+01 -9.726881980895996094e+00 -8.530274391174316406e+00 -1.373883300291474652e-01 1.579124600371510482e-04 -9.905172496405385552e-01
-1.521348190307617188e+01 -7.038589000701904297e+00 -5.098972797393798828e+00 1.422899026108424836e-01 -2.804430267706623306e-02 9.894276631984544323e-01
-1.070508003234863281e+01 -2.762773036956787109e+00 -4.860371112823486328e+00 2.516847787617359500e-01 -4.361888953529226287e-02 9.668258191708390958e-01
-2.638952016830444336e+00 2.528023338317871094e+01 -6.249700114130973816e-02 -6.950562227650662617e-02 8.542052821173602428e-01 -5.152691573098051592e-01
1.435613036155700684e+00 1.090329933166503906e+01 -8.814462661743164062e+00 -2.647884855334545207e-02 2.774477674181576731e-02 -9.992642783282287278e-01
-3.468070030212402344e-01 5.717629790306091309e-01 -9.156208038330078125e+00 -6.963355222891857987e-02 5.716917532832305193e-02 -9.959331572933306509e-01
-1.208217716217041016e+01 -1.660672760009765625e+01 -4.450335025787353516e+00 3.803025225314123348e-01 2.776573861418896727e-01 8.821997320772083651e-01
-7.920022010803222656e+00 -2.233997344970703125e+01 -5.789559841156005859e+00 -9.137904082575554199e-02 -8.382841886376004581e-01 5.375216181494143486e-01
-2.177422904968261719e+01 -1.155871963500976562e+01 6.629099845886230469e-01 8.172139904205852901e-01 3.439921845102124620e-01 4.624182855994726782e-01
-6.683639049530029297e+00 1.900580978393554688e+01 -6.965191841125488281e+00 -1.820108870451831173e-01 5.261477462605246291e-01 -8.306868158951340453e-01
-1.479768466949462891e+01 -1.930313873291015625e+01 -1.872151017189025879e+00 1.847830894315386774e-01 -8.143747227929066801e-01 5.501354567159915110e-01
-2.655575752258300781e+01 -1.100188159942626953e+01 2.596815109252929688e+00 -8.665536468241487045e-01 -3.238632399878565993e-01 -3.797332997780638042e-01
-2.222337341308593750e+01 5.538977146148681641e+00 -5.921220779418945312e+00 -6.952307030460018744e-01 2.696982146044069051e-01 -6.662710728985291597e-01
-4.170329093933105469e+00 3.465944051742553711e+00 -8.884576797485351562e+00 -2.840827037255388987e-02 3.397640586469809838e-04 -9.995963458990955175e-01
6.596724987030029297e+00 -1.601861000061035156e+01 -8.860847473144531250e+00 2.645664585365945648e-02 -5.504634236651402557e-02 -9.981332306271756272e-01
-7.214575767517089844e+00 1.330495071411132812e+01 -4.959125041961669922e+00 9.473109334761305178e-02 -1.225872716725750766e-01 9.879263033126711724e-01
1.243215942382812500e+01 1.678118705749511719e+01 -6.580353736877441406e+00 3.313845941185635247e-01 4.527899605231088809e-01 -8.277472454985015382e-01
-4.788221836090087891e+00 6.544018745422363281e+00 -8.849831581115722656e+00 -5.234896169891118528e-02 5.614727156537333008e-02 -9.970491813871620312e-01
-1.817994880676269531e+01 -1.280135822296142578e+01 -2.686266899108886719e+00 6.467726857725581979e-01 3.464856357954605448e-01 6.794356460519032082e-01
-2.297141456604003906e+01 -6.915771961212158203e+00 -1.828770041465759277e-01 8.523104598155706313e-01 1.858483053007794206e-01 4.889041700638265264e-01
-1.262377548217773438e+01 -1.627076148986816406e+01 -8.065192222595214844e+00 -2.246134998763852919e-01 -2.779940875158846691e-01 -9.339529233208125891e-01
-5.086740016937255859e+00 -2.141578865051269531e+01 -4.354701042175292969e+00 1.459294741105385540e-01 -8.367416005262149348e-01 5.277954930980841564e-01
1.311698246002197266e+01 -2.441400051116943359e+00 -9.024591445922851562e+00 1.028253335152558845e-01 -1.135254806615413128e-02 -9.946346416850169181e-01
-2.372629165649414062e+01 -1.435230970382690430e+00 -1.997469961643218994e-01 8.245725953562296207e-01 -5.914476117737895930e-03 5.657252459982180515e-01
3.774168968200683594e+00 -2.215065002441406250e+00 -9.179346084594726562e+00 9.604152861075378883e-03 6.314884653310317078e-03 -9.999339390577942632e-01
-2.584792137145996094e+01 4.516347885131835938e+00 5.224882125854492188e+00 9.105696393277908918e-01 -2.292821434798151259e-01 3.439369573275868897e-01
-2.316891670227050781e+01 2.873739004135131836e+00 -4.683260023593902588e-01 8.260151335077176027e-01 -2.984829634716396618e-01 4.781285598386852964e-01
8.972607612609863281e+00 -4.586277961730957031e+00 -9.170862197875976562e+00 1.421567605043554117e-02 4.978382359658427986e-03 -9.998865586972904840e-01
-2.805490684509277344e+01 -5.595911979675292969e+00 8.392333030700683594e+00 5.620999575108212021e-01 -7.563620865195005982e-02 8.236035464391174843e-01
-1.452540779113769531e+01 -1.054355144500732422e+01 -5.009110927581787109e+00 2.231010176034180781e-01 9.763432232032970282e-02 9.698935379975315296e-01
-2.737058448791503906e+01 -1.175269794464111328e+01 5.077802181243896484e+00 -8.904913422374781673e-01 -3.199781582727347362e-01 -3.234797484054965366e-01
-7.665374755859375000e+00 -1.141576290130615234e+01 -5.643898963928222656e+00 -1.825645270727548758e-02 1.575044265678925137e-02 9.997092704835051080e-01
-1.556003570556640625e+01 1.944635200500488281e+01 3.948925018310546875e+00 5.156131882857025728e-01 -7.199405557194985539e-01 4.645736069732678830e-01
8.757394790649414062e+00 -9.246180057525634766e-01 -9.164975166320800781e+00 7.674795134524760136e-03 2.204883387214939122e-02 -9.997274360767145485e-01
-1.113866519927978516e+01 2.618212509155273438e+01 9.205835342407226562e+00 -2.035761095405450027e-01 6.003992359781372690e-01 7.733547213673716003e-01
1.032694625854492188e+01 1.198240184783935547e+01 -4.807110786437988281e+00 -7.082232621919704041e-02 -1.276500615423466212e-01 9.892874505911498639e-01
6.441542148590087891e+00 -1.828585243225097656e+01 -4.844015121459960938e+00 -1.458184953155008956e-01 3.405638102959371860e-01 9.288451203191175898e-01
1.330019569396972656e+01 6.021747112274169922e+00 -5.021890163421630859e+00 -8.983723327366605060e-02 -3.137123239144301023e-01 9.452586150583027758e-01
1.893555259704589844e+01 -8.267831802368164062e+00 -3.383263111114501953e+00 -6.165033883997911301e-01 1.624602665855788830e-01 7.704091340791064946e-01
-3.089473962783813477e+00 -2.260517692565917969e+01 -7.059648990631103516e+00 -7.333348268315623142e-02 -6.801674276954925435e-01 -7.293795106936141748e-01
-7.312382221221923828e+00 6.785646915435791016e+00 -8.873291015625000000e+00 4.915028710195422368e-02 1.219248351390636587e-02 -9.987169732329366223e-01
-2.870219993591308594e+01 7.498139739036560059e-01 3.221664905548095703e+00 -9.046284580745675985e-01 1.204933333045288685e-01 -4.088137833669434618e-01
-6.727012157440185547e+00 2.784051132202148438e+01 8.468557357788085938e+00 -2.180246997916043261e-01 9.750275066136081525e-01 4.226809231123698080e-02
-1.832449340820312500e+01 -1.220705795288085938e+01 -7.029026031494140625e+00 -4.206212942649827924e-01 -2.566704256401876605e-01 -8.701712586683931772e-01
-1.514431953430175781e+01 -1.460627746582031250e+01 -3.983872890472412109e+00 4.092199605276182206e-01 3.983313946794940219e-01 8.208965366710130329e-01
-1.882012557983398438e+01 8.640191078186035156e+00 -7.196631908416748047e+00 -4.953853572461653920e-01 2.647911995016892228e-01 -8.273324413393601251e-01
-2.048953437805175781e+01 -1.929712104797363281e+01 1.853302001953125000e+00 3.578393069927342518e-01 -9.251311258354337763e-01 -1.268204651522082949e-01
-2.084040451049804688e+01 -2.095715999603271484e+00 -3.545068025588989258e+00 7.063794650043407897e-01 -3.208004626907182133e-02 7.071060189614818414e-01
9.340681076049804688e+00 -1.921964645385742188e+01 -7.688911914825439453e+00 2.451063735835059265e-01 -3.933535068080896702e-01 -8.861127943498621207e-01
4.738020002841949463e-01 -5.831903934478759766e+00 -5.184877872467041016e+00 -8.249087396981455086e-03 -1.967258350796105559e-02 9.997724451170072468e-01
-1.275868797302246094e+01 2.010810279846191406e+01 2.209788084030151367e+00 4.424469133741817384e-01 -7.373401620742114915e-01 5.104607861903152077e-01
9.879894256591796875e+00 1.055665016174316406e+00 -5.326972007751464844e+00 4.671739868753682981e-03 -1.638478844725739167e-02 9.998548462422619520e-01
2.192688560485839844e+01 -8.897543907165527344e+00 -3.189295053482055664e+00 9.205833179677892497e-01 2.859173442397651699e-01 2.660406490412618452e-01
-2.926524162292480469e+01 5.806884765625000000e+00 7.249897956848144531e+00 -9.287716565043528938e-01 2.680523463793231254e-01 -2.559905265331121060e-01
-7.852114200592041016e+00 1.479160976409912109e+01 -8.200368881225585938e+00 -6.161064256763376656e-02 1.587526844481018107e-01 -9.853941921398383652e-01
-4.033473968505859375e+00 2.692897415161132812e+01 3.689976930618286133e+00 -6.758082532734395464e-02 9.235378011328913006e-01 -3.775059760145517695e-01
1.411286544799804688e+01 -1.158365058898925781e+01 -8.615451812744140625e+00 2.222087947153919274e-01 -1.038316927072009815e-01 -9.694546049922555531e-01
2.114636611938476562e+01 -1.134172821044921875e+01 -4.553869247436523438e+00 5.877018046261897055e-01 -7.065523158873023846e-01 3.941959078344287049e-01
-5.738435745239257812e+00 -6.545276165008544922e+00 -9.210884094238281250e+00 4.594469089552812024e-02 1.416366828955706314e-01 -9.888519279633598558e-01
-1.283067893981933594e+01 -7.693451881408691406e+00 -8.867283821105957031e+00 -8.491653220063952179e-02 1.685825197840148254e-02 -9.962454425989863971e-01
1.457985043525695801e+00 -5.583069920539855957e-01 -4.967507839202880859e+00 5.666972328026480266e-02 1.935601391651384229e-02 9.982053331798032003e-01
-1.527207016944885254e+00 8.401320457458496094e+00 -5.181819915771484375e+00 2.486249050198655747e-02 -3.844107892128945797e-02 9.989515203539187649e-01
-1.998543930053710938e+01 4.093304157257080078e+00 -3.769912958145141602e+00 4.903643514482735610e-01 -2.569050404716368141e-01 8.327920526812083724e-01
-2.196796226501464844e+01 1.494643020629882812e+01 6.692810058593750000e-01 -7.431625544530111593e-01 4.805379209789213957e-01 -4.656100559052941956e-01
-1.745941162109375000e+01 8.502429723739624023e-01 -4.891033172607421875e+00 2.508052612845325657e-01 2.076770620491029742e-02 9.678147670349858123e-01
1.538035392761230469e+01 -1.049830055236816406e+01 -4.765773773193359375e+00 -3.416120928277277535e-01 1.555599294189222159e-01 9.268777084346347950e-01
-1.350458431243896484e+01 -5.343531131744384766e+00 -8.777555465698242188e+00 -9.797252690194610536e-02 8.210983673161951352e-03 -9.951552460393136013e-01
3.218674898147583008e+00 -2.160860252380371094e+01 -5.774854183197021484e+00 4.900322702214289505e-02 -8.820756582741591245e-01 4.685522562336301156e-01
-2.432859039306640625e+01 7.884346961975097656e+00 4.049430847167968750e+00 8.284797768605063339e-01 -3.042182838559744917e-01 4.701834696167990213e-01
-1.247010612487792969e+01 2.728098869323730469e+00 -8.812008857727050781e+00 -3.740792722800478920e-02 -3.757222170075566210e-03 -9.992930152172929681e-01
-2.996428298950195312e+01 -2.258491039276123047e+00 6.725709915161132812e+00 -9.420383713770849043e-01 -5.479186516662218343e-02 -3.310008434502428321e-01
-1.168771982192993164e+00 4.531611919403076172e+00 -5.073881149291992188e+00 7.070373186538897459e-02 2.444275836760257878e-02 9.971978408839894392e-01
-2.784433364868164062e+01 -3.577929973602294922e+00 1.555253982543945312e+00 -9.120490808131263005e-01 -1.052565444419317764e-01 -3.963426977251819361e-01
-2.341712570190429688e+01 1.474764442443847656e+01 8.876968383789062500e+00 5.507063925830283369e-01 -3.826507951368788851e-01 7.418226460208003914e-01
-2.856750965118408203e+00 8.374054908752441406e+00 -8.863806724548339844e+00 -1.295511771576478462e-02 1.603601847904203431e-02 -9.997874829364041815e-01
-2.678048706054687500e+01 1.244172191619873047e+01 7.526349067687988281e+00 -8.677983925807188914e-01 4.495000778553511767e-01 -2.118386882567810103e-01
-1.948553848266601562e+01 8.730098724365234375e+00 -2.561531066894531250e+00 7.414527577961449456e-01 -3.589486566268197398e-01 5.669247479712740123e-01
-1.812987327575683594e+01 2.210995292663574219e+01 6.080041885375976562e+00 -5.310808723519010455e-01 7.354580116078253127e-01 -4.207785880766838904e-01
1.223443412780761719e+01 -1.521470069885253906e+01 -8.300080299377441406e+00 2.086251235029038809e-01 -2.268266520652176543e-01 -9.513281388439441821e-01
-2.678373908996582031e+01 -1.400693893432617188e+01 6.401426792144775391e+00 -8.638390960565776044e-01 -4.248038157658798331e-01 -2.707835560644393236e-01
6.769402027130126953e+00 1.518734931945800781e+00 -9.108768463134765625e+00 8.251306617186322367e-04 1.577342886017311235e-02 -9.998752512695692207e-01
-7.885868072509765625e+00 -1.632684135437011719e+01 -5.261500835418701172e+00 -1.765301055611867564e-01 2.008394132048733072e-01 9.635873867657661629e-01
-5.358809947967529297e+00 -3.176769018173217773e+00 -5.028439044952392578e+00 -7.282355069199537845e-02 -3.008370219489340039e-02 9.968910177782018822e-01
-4.081988811492919922e+00 8.087369799613952637e-01 -4.919631958007812500e+00 -9.842915860296794217e-02 4.146005927984619185e-03 9.951354236341689585e-01
-6.453767776489257812e+00 2.498105621337890625e+01 5.029199719429016113e-01 -2.047410836475623275e-01 9.012507820116349988e-01 -3.818744775318694273e-01
-2.667924118041992188e+01 8.581134796142578125e+00 8.844286918640136719e+00 5.906047690546458728e-01 -2.646258496457478682e-01 7.623379607950626635e-01
1.720780944824218750e+01 1.279996871948242188e+01 -1.745084047317504883e+00 2.227621743887169270e-01 -4.287544814519931302e-01 8.755264749260547319e-01
-1.025359535217285156e+01 -1.436876106262207031e+01 -8.826622962951660156e+00 -1.049303512747328804e-01 -9.420295357027101690e-02 -9.900077903329844720e-01
-2.747384452819824219e+01 9.080209732055664062e-01 8.256469964981079102e-01 -8.692260035319840927e-01 1.865000103712491364e-01 -4.578907084833009900e-01
-8.496114730834960938e+00 -1.025785827636718750e+01 -9.269146919250488281e+00 -7.486647441810362347e-02 -3.974176505517543201e-02 -9.964013263331711334e-01
-1.929746985435485840e+00 1.954877281188964844e+01 -7.258527755737304688e+00 -4.836489939853669956e-02 4.664273782450758521e-01 -8.832362862391889280e-01
1.691344022750854492e+00 -1.586223602294921875e+01 -9.127246856689453125e+00 2.914468644286380070e-02 -1.069007595666025823e-01 -9.938424497153613979e-01
-2.128505897521972656e+01 -6.583230972290039062e+00 -2.389497041702270508e+00 7.638037597559164116e-01 2.257850315440301237e-01 6.046692782946621048e-01
-3.064700067043304443e-01 4.534235000610351562e+00 -8.991848945617675781e+00 1.425298094029229211e-02 1.277098143223127100e-03 -9.998976055350108361e-01
-1.141004753112792969e+01 1.223163008689880371e+00 -4.956094741821289062e+00 4.439595244889370934e-02 9.499059780600688230e-02 9.944877001424465846e-01
1.889004135131835938e+01 7.004851818084716797e+00 -5.196327209472656250e+00 9.984894597158133767e-01 -4.925390960599564105e-02 2.434853640257875901e-02
7.991985797882080078e+00 1.991097450256347656e+01 -2.093209028244018555e+00 -8.378923246762955482e-03 1.579809179874483716e-01 9.874066149247067159e-01
-3.018349885940551758e+00 1.069981193542480469e+01 -8.726089477539062500e+00 1.483083080099282386e-02 4.202232502592464364e-02 -9.990065918987560689e-01
-1.827745056152343750e+01 1.517700004577636719e+01 1.387470960617065430e+00 5.885778853733808491e-01 -6.328969364943006770e-01 5.030084896157603902e-01
6.785072803497314453e+00 -3.037448883056640625e+00 -5.297902107238769531e+00 8.020186885368316143e-02 -2.887958183644510207e-02 9.963601908874765156e-01
3.465374946594238281e+00 2.037679481506347656e+01 -2.107625007629394531e+00 -1.283389999728142272e-01 -7.137690381664886230e-01 6.885222300266445883e-01
7.749444961547851562e+00 -1.014476490020751953e+01 -5.483147144317626953e+00 -1.487013210854782296e-02 -5.481616795835683731e-02 9.983857305177371577e-01
-2.268040847778320312e+01 8.861072540283203125e+00 -3.939344882965087891e+00 -7.482730990650692249e-01 3.630816510486448156e-01 -5.552108463343878864e-01
1.535160064697265625e+01 1.656418418884277344e+01 -6.195030212402343750e-01 -5.456720654637339102e-02 3.344665572781328478e-01 9.408265206892495458e-01
1.372711563110351562e+01 1.222029685974121094e+01 -8.024014472961425781e+00 1.976035834299293692e-01 2.074259587249103753e-01 -9.580852234862526906e-01
1.383772468566894531e+01 1.063080120086669922e+01 -4.543288230895996094e+00 -2.133407865080382271e-01 -2.002643277722407633e-01 9.562321411843800467e-01
-2.960674667358398438e+01 -3.729609966278076172e+00 9.080980300903320312e+00 -2.576698918899587021e-01 -1.931259007634506322e-02 9.660399839954658674e-01
-2.479626464843750000e+01 1.356861782073974609e+01 4.072660923004150391e+00 -7.919621019078008084e-01 4.934397921164095924e-01 -3.596014470186301160e-01
-2.695562171936035156e+01 -1.484079957008361816e-01 6.540156841278076172e+00 9.111794979920920801e-01 -1.258952125591774641e-02 4.118172244982304941e-01
3.203947067260742188e+00 2.498274040222167969e+01 3.005913972854614258e+00 8.183827306116158162e-01 5.561696890274467342e-02 5.719759251985579995e-01
4.750441074371337891e+00 -1.399387550354003906e+01 -9.180295944213867188e+00 1.715636760111775502e-02 -7.949042955622138973e-02 -9.966879805935772163e-01
7.330218791961669922e+00 4.150869846343994141e+00 -5.284993171691894531e+00 -6.916500631212519658e-03 4.488350555593300859e-03 9.999660077864190866e-01
-1.725044631958007812e+01 -9.693695068359375000e+00 -8.004085540771484375e+00 -3.198604954585273497e-01 -1.049612950886746054e-01 -9.416328318290170252e-01
4.081352233886718750e+00 1.745724868774414062e+01 -4.233478069305419922e+00 -4.174768285464135892e-02 -3.430044897899804379e-01 9.384055897958959447e-01
1.399264907836914062e+01 1.892710685729980469e+01 -1.217532992362976074e+00 -2.530687779370959234e-01 -4.723098796001052452e-02 9.662946897348377862e-01
-1.971411514282226562e+01 1.558196449279785156e+01 -1.826876997947692871e+00 -6.542146373552408800e-01 5.639095883764869699e-01 -5.039932384538622356e-01
1.971710968017578125e+01 -1.061216354370117188e+01 -6.418525218963623047e+00 5.776881711695187605e-01 -3.007529822442399636e-01 -7.588306929493645603e-01
1.322387313842773438e+01 -1.949693870544433594e+01 -5.583507061004638672e+00 3.893603570321189644e-01 -6.958374405032151655e-01 6.034971157890941518e-01
-1.022984504699707031e+01 1.807972526550292969e+01 -6.560761928558349609e+00 -3.028018774995555606e-01 5.471903238356853327e-01 -7.803164566272724478e-01
-1.335205268859863281e+01 2.388564682006835938e+01 3.468637943267822266e+00 -4.384431070205464520e-01 8.318941310895183738e-01 -3.401761258010103095e-01
-2.728857612609863281e+01 -9.649663925170898438e+00 8.556496620178222656e+00 3.760122592237131744e-01 5.133226488237070395e-01 7.714367369513147610e-01
-1.615647506713867188e+01 1.781527709960937500e+01 -3.318119049072265625e+00 -4.699286603121631822e-01 7.077566770834341492e-01 -5.274917442586481986e-01
-9.927931785583496094e+00 -1.212180709838867188e+01 -5.582922935485839844e+00 6.521255179659334045e-02 -9.560302898181825479e-03 9.978255978359503731e-01
1.761301994323730469e+00 -1.834755325317382812e+01 -5.170216083526611328e+00 -3.141273458625729043e-02 1.809608926331669754e-01 9.829885021927881050e-01
9.181589126586914062e+00 -1.791395568847656250e+01 -4.452057838439941406e+00 -2.283798891452989421e-01 4.271371997794521369e-01 8.748693838502690223e-01
1.204968452453613281e+01 -4.520845890045166016e+00 -9.089428901672363281e+00 2.770507358519463600e-02 7.308367480503208391e-02 -9.969409237134521096e-01
-1.770409941673278809e-01 -9.799711227416992188e+00 -5.483045101165771484e+00 -2.475567759110642793e-02 -4.033611443626541893e-02 9.988794493326959012e-01
-1.624318313598632812e+01 2.115863800048828125e+01 1.543719053268432617e+00 -4.994493980169949499e-01 7.315392152861865949e-01 -4.641127829729875809e-01
-3.015130996704101562e+01 4.564619958400726318e-01 7.616065979003906250e+00 -9.793089520870056353e-01 2.042757620007573313e-02 -2.013372556007480552e-01
6.588510274887084961e-01 -1.101600170135498047e+01 -9.385352134704589844e+00 2.028578319128819356e-03 -1.239470450277262333e-02 -9.999211249745112440e-01
5.658263206481933594e+00 7.578165054321289062e+00 -8.965077400207519531e+00 3.101611027113303568e-02 5.538808692283307689e-02 -9.979830463142534969e-01
-7.521651268005371094e+00 1.002440834045410156e+01 -8.685948371887207031e+00 -1.623805501500407908e-02 3.898180082443229721e-02 -9.991079745321893579e-01
-2.286951828002929688e+01 -1.192243480682373047e+01 2.859729051589965820e+00 8.145959080803570895e-01 4.188158749828839178e-01 4.012814092392764098e-01
-1.938770675659179688e+01 -1.811204147338867188e+01 -2.105966091156005859e+00 -6.919191784558408331e-01 -5.382859975971010513e-01 -4.811403488337762657e-01
1.695084953308105469e+01 -3.979977130889892578e+00 -4.918881893157958984e+00 -1.675293774494920063e-01 -1.390122510048450583e-02 9.857690721624874364e-01
-1.497631072998046875e+00 -1.873224639892578125e+01 -8.873727798461914062e+00 -4.460012314125728905e-02 -2.086548977706013386e-01 -9.769718330904554326e-01
-2.832985877990722656e+01 4.962930202484130859e+00 9.150606155395507812e+00 5.120024695859053399e-01 -1.443326979437553614e-01 8.467712462301792975e-01
-3.434077978134155273e+00 -6.962452888488769531e+00 -5.263837814331054688e+00 4.855996073087340270e-02 -1.066606691814334651e-01 9.931089728038836606e-01
3.933719992637634277e-01 2.257695007324218750e+01 4.606299996376037598e-01 -3.567039197503779537e-03 -9.076280954277322621e-01 4.197600703039667813e-01
-1.851146316528320312e+01 1.448068046569824219e+01 -4.411912918090820312e+00 -5.936873761439868113e-01 5.372885621094269926e-01 -5.990461588505953117e-01
-1.391861915588378906e+01 -1.193709945678710938e+01 -8.580749511718750000e+00 -9.507182164325694851e-02 -4.653960462454981989e-02 -9.943819255853473260e-01
-1.293476867675781250e+01 1.415537738800048828e+01 -4.025385856628417969e+00 3.284066553059714622e-01 -2.805937983675980130e-01 9.018958859360589608e-01
-2.585827255249023438e+01 -9.992639541625976562e+00 6.538349986076354980e-01 -8.157929315557552741e-01 -2.164002426125043732e-01 -5.363327584820042349e-01
1.923418807983398438e+01 -1.254635524749755859e+01 -3.318717002868652344e+00 5.267376736583251340e-01 -6.467279130641802043e-01 5.516252619420779491e-01
-1.930136489868164062e+01 -1.853427505493164062e+01 3.614053010940551758e+00 6.000997915481880440e-01 -6.505487521013274543e-01 4.654745549686112871e-01
-7.849136829376220703e+00 -1.893443679809570312e+01 -4.585464954376220703e+00 1.384087298975457125e-01 4.337573473450535566e-01 8.903356598004658062e-01
-1.699816513061523438e+01 2.634350061416625977e+00 -8.338420867919921875e+00 -1.639949400528775969e-01 3.783782359072902085e-02 -9.857352376490201573e-01
-2.787275123596191406e+01 5.038866043090820312e+00 3.015356063842773438e+00 -8.843513452363211957e-01 1.581729317945737290e-01 -4.392084036379746426e-01
-1.741635131835937500e+01 -6.274263858795166016e+00 -4.743197917938232422e+00 2.165229170819826798e-01 8.518392467536002599e-02 9.725541246404805218e-01
-9.233396530151367188e+00 7.634912014007568359e+00 -5.198309898376464844e+00 -1.424813940000278431e-02 -4.467270508876778484e-02 9.989000650433905726e-01
4.114497184753417969e+00 -1.126364326477050781e+01 -5.523670196533203125e+00 3.623173736131181117e-03 -2.809974996312334175e-02 9.995985577541054434e-01
-1.212658977508544922e+01 1.113059806823730469e+01 -4.845780849456787109e+00 1.006002304061572733e-01 -1.641454098991007304e-01 9.812929623977154625e-01
-2.167658424377441406e+01 1.206742095947265625e+01 -2.744068145751953125e+00 -7.127636483723971406e-01 5.408261708191712813e-01 -4.466262805925581558e-01
-1.843979263305664062e+01 2.188774490356445312e+01 9.278774261474609375e+00 -2.070386851144877804e-01 1.525776287558778255e-01 9.663617594199894745e-01
-1.421860313415527344e+01 2.074148368835449219e+01 -1.211838006973266602e+00 -4.982470312803721213e-01 7.082739899009354856e-01 -5.000978414771509728e-01
-1.113372230529785156e+01 6.977212905883789062e+00 -8.670578956604003906e+00 -2.258058039410764176e-02 4.207312337691680726e-02 -9.988593342800455854e-01
-3.019764900207519531e+00 -5.880816936492919922e+00 -9.247792243957519531e+00 -1.337521422031947606e-02 5.641558306650725635e-02 -9.983177778802831970e-01
-8.326719999313354492e-01 1.296569824218750000e+01 -5.085227966308593750e+00 4.028389421850443047e-02 -1.316863554614270369e-02 9.991014937955227104e-01
-3.548176050186157227e+00 2.545149612426757812e+01 7.113437175750732422e+00 1.221619511300984090e-01 -9.193018528876151230e-01 3.741130323491621001e-01
-1.629775238037109375e+01 1.444944190979003906e+01 -1.560378074645996094e+00 5.857562118260304374e-01 -6.285723854063143268e-01 5.116506783068253128e-01
6.021810054779052734e+00 -6.315079927444458008e-01 -5.264927864074707031e+00 1.969100310654715164e-02 4.874459905329733833e-02 9.986171581040409473e-01
-1.091738700866699219e+01 -7.911664962768554688e+00 -5.267571926116943359e+00 1.185151477011659321e-01 -4.567432731427449599e-02 9.919012126163369025e-01
1.330994606018066406e+01 1.481215000152587891e+01 -2.955476999282836914e+00 -3.459453521132058729e-01 -3.486188169139109450e-01 8.710836549062408452e-01
1.633857154846191406e+01 9.310777664184570312e+00 -8.085748672485351562e+00 2.192050969327563048e-01 6.754594753968297394e-02 -9.733379014759815373e-01
6.856287956237792969e+00 2.195229339599609375e+01 -4.270071029663085938e+00 1.795365392844310848e-01 7.610782493871504073e-01 -6.233189627883627404e-01
9.806999936699867249e-03 2.643199348449707031e+01 1.919144988059997559e+00 5.082056149481854572e-03 8.666923464265728905e-01 -4.988171502172862870e-01
-2.132305526733398438e+01 1.724814605712890625e+01 8.769296646118164062e+00 5.591122323804016414e-01 -5.137318352794782994e-01 6.507481179557745854e-01
-2.358803558349609375e+01 -1.720600318908691406e+01 8.545637130737304688e+00 4.968219381826384229e-01 3.419169747573637674e-01 7.976595414794579453e-01
-2.747920989990234375e+01 3.003150939941406250e+00 7.977099895477294922e+00 7.962009598291209800e-01 -1.530998977203033573e-01 5.853413131543161452e-01
-2.531935501098632812e+01 -9.920160174369812012e-01 -3.342696905136108398e+00 -8.495651119364459047e-01 2.569239810060646237e-02 -5.268576859648668176e-01
1.392654037475585938e+01 1.507174015045166016e+00 -5.244504928588867188e+00 -9.014878384618849050e-02 -6.113574115819782329e-02 9.940501083567624407e-01
-2.844354629516601562e+01 7.690515995025634766e+00 6.410113811492919922e+00 -9.004422799073351635e-01 3.120663243931505737e-01 -3.030153622096231070e-01
-4.434237003326416016e+00 2.567292213439941406e+01 1.176815032958984375e+00 -8.755559145423262579e-02 8.841979590598495475e-01 -4.588332895502417741e-01
1.692253875732421875e+01 1.456463241577148438e+01 -4.243484020233154297e+00 9.078530135846710758e-01 2.903289810499153911e-01 -3.025094849550157283e-01
-2.041065025329589844e+01 5.136871814727783203e+00 -7.126982212066650391e+00 -5.284874552185783170e-01 2.017291959686824676e-01 -8.246249700138965633e-01
-1.070041656494140625e+01 -1.503293418884277344e+01 -5.163606166839599609e+00 2.412711171204756089e-01 1.113018290445414588e-01 9.640540186601461725e-01
-2.444345474243164062e+01 -7.608294963836669922e+00 -3.014400005340576172e+00 -8.087233073373802927e-01 -2.845968272827754664e-01 -5.147535896619540585e-01
1.731975936889648438e+01 -1.051985025405883789e+00 -4.887479782104492188e+00 -1.792828336945961332e-01 1.932419806024964631e-02 9.836077678179265815e-01
1.804244041442871094e+01 1.088804435729980469e+01 -2.468847036361694336e+00 7.715597676558031415e-01 1.559660352264645722e-01 6.167415348350232529e-01
-1.792264366149902344e+01 -1.645728492736816406e+01 -1.291079968214035034e-01 6.826247994319518675e-01 5.259081391310795883e-01 5.073894090303543436e-01
-1.080332946777343750e+01 1.892738342285156250e+01 -1.087041974067687988e+00 5.499306889322583825e-01 -6.605512065075505035e-01 5.111245845700548296e-01
8.235780000686645508e-01 -2.036790275573730469e+01 -8.438621520996093750e+00 3.229533627014465665e-03 -3.789557390954247929e-01 -9.254091624352939194e-01
-2.011211013793945312e+01 -5.863443851470947266e+00 -7.507501125335693359e+00 -4.569525743107809568e-01 -1.095504002972092772e-01 -8.827191255577684359e-01
5.704370141029357910e-01 2.572337341308593750e+01 6.874842166900634766e+00 2.616759666442706744e-01 -5.020642450044225935e-01 8.242919278804843319e-01
-8.117721557617187500e+00 -1.484739875793457031e+01 -9.030888557434082031e+00 -1.091777927162793094e-01 -8.315492718228947866e-02 -9.905379688143758354e-01
3.818937063217163086e+00 1.287730407714843750e+01 -5.049819946289062500e+00 -4.774698132608445195e-02 -7.770679786996718963e-02 9.958322546187398094e-01
-8.659015655517578125e+00 4.496851921081542969e+00 -8.784235954284667969e+00 1.237940883711717045e-02 -2.639219310302806654e-02 -9.995750108821528368e-01
9.486449956893920898e-01 2.048416709899902344e+01 -6.671108245849609375e+00 5.094996428710883013e-02 5.991540440546433421e-01 -7.990109715342519348e-01
9.758811950683593750e+00 1.828037261962890625e+01 -6.582820892333984375e+00 2.573925897373008920e-01 5.122809612864833717e-01 -8.193395336804650819e-01
-2.258681488037109375e+01 -1.847070884704589844e+01 3.130239963531494141e+00 -6.908520509238272878e-01 -5.675455890748724030e-01 -4.479011588018026457e-01
-1.990885925292968750e+01 -1.294487953186035156e+01 -5.694486141204833984e+00 -5.407904390249693716e-01 -3.551228188051305246e-01 -7.625178585600990155e-01
-1.538406181335449219e+01 2.205119895935058594e+01 8.443919181823730469e+00 3.856979673505349093e-01 -6.469295721527219545e-01 6.578139605207249385e-01
-1.438128757476806641e+01 9.101755142211914062e+00 -8.199687957763671875e+00 -9.103293416111252201e-02 8.346986999874324298e-02 -9.923435824856284837e-01
-6.667132854461669922e+00 2.426595497131347656e+01 5.545709133148193359e+00 1.777420821869563350e-01 -9.062045200724676564e-01 3.836679814893002582e-01
-1.364063978195190430e+00 -1.390343856811523438e+01 -5.603425979614257812e+00 2.214287522488356599e-02 -2.830752541805236708e-02 9.993539798697365084e-01
7.924950122833251953e-01 -4.000505924224853516e+00 -9.188990592956542969e+00 1.405154240514781827e-01 -7.314287040063378875e-03 -9.900514717976681700e-01
8.158651351928710938e+00 -8.369955062866210938e+00 -9.233883857727050781e+00 -9.990315516891105918e-03 -2.099431283441748064e-03 -9.999478916344385349e-01
-2.688154983520507812e+01 2.926938056945800781e+00 1.729689985513687134e-01 -9.146453708471904420e-01 1.721004914741633696e-01 -3.657940218513103803e-01
-9.188489913940429688e+00 2.138184356689453125e+01 -4.004389762878417969e+00 -3.523387473254879776e-01 7.472614537309328897e-01 -5.634338709210147123e-01
5.263074874877929688e+00 -7.160774230957031250e+00 -5.337823867797851562e+00 5.030814937774684414e-02 -6.909976492844205342e-02 9.963404601806655769e-01
-4.728726863861083984e+00 2.001255607604980469e+01 -2.461851119995117188e+00 1.327794225026469044e-01 -6.922426626589125442e-01 7.093445713859821700e-01
2.000502777099609375e+01 -8.006663322448730469e+00 -6.871100902557373047e+00 4.653902877050045128e-01 -1.479800540873116577e-01 -8.726475713036561110e-01
-1.100000572204589844e+01 9.494876861572265625e+00 -8.482632637023925781e+00 -4.938386190540498821e-02 8.230996748139879360e-02 -9.953824910236864776e-01
-2.412804222106933594e+01 -1.493291854858398438e+01 7.843108177185058594e+00 6.623116773566508630e-01 3.395718840811795536e-01 6.678579022356309070e-01
-1.284694766998291016e+01 2.487742614746093750e+01 9.406368255615234375e+00 -1.099906312174022023e-02 -1.585887944729807986e-02 9.998137409303395895e-01
-2.527038955688476562e+01 1.231518745422363281e+01 9.101103782653808594e+00 4.927738414885741713e-01 -2.763832519745886840e-01 8.250977149238413189e-01
6.666188240051269531e+00 1.496762180328369141e+01 -4.648705005645751953e+00 -6.638285376380087532e-02 -2.175915185744027869e-01 9.737798764457289424e-01
-2.793679618835449219e+01 -7.530493736267089844e+00 3.276355981826782227e+00 -9.159784321900210635e-01 -1.228827825933588858e-01 -3.819467678941976252e-01
4.049642086029052734e+00 -9.596931457519531250e+00 -9.336488723754882812e+00 5.622327429769567037e-02 -3.148457971485243978e-02 -9.979216726113453451e-01
-1.987689018249511719e+01 1.239641475677490234e+01 -4.752715110778808594e+00 -6.404012130981321382e-01 4.693459557895092171e-01 -6.079479089909535228e-01
-1.324355888366699219e+01 4.899341106414794922e+00 -8.645217895507812500e+00 -9.513205657120238357e-02 6.154824670631829642e-02 -9.935601165203399310e-01
7.289608001708984375e+00 -1.134008407592773438e+01 -9.215460777282714844e+00 3.477407050541067579e-02 -5.814161923040070401e-02 -9.977025188570748382e-01
-3.497860908508300781e+00 1.682248306274414062e+01 -8.053503990173339844e+00 -6.326177104057743861e-02 2.096671121856242825e-01 -9.757241671663926530e-01
1.984326744079589844e+01 -5.286183834075927734e+00 -3.372183084487915039e+00 -4.029589865342364519e-01 3.400486794928251899e-01 8.497005065000766688e-01
-2.631566619873046875e+01 -1.159535980224609375e+01 8.418970108032226562e+00 6.196752412939962040e-01 1.663128310379775598e-01 7.670349650174760336e-01
7.411499977111816406e+00 2.258813667297363281e+01 -1.477055072784423828e+00 7.512371526033464475e-01 -1.878474594215354425e-03 6.600297053024321015e-01
-2.559652137756347656e+01 -1.920733928680419922e+00 3.500094890594482422e+00 9.134699436937739891e-01 1.517406052184153836e-02 4.066231791909716842e-01
4.542255878448486328e+00 2.201032638549804688e+01 -4.899021148681640625e+00 1.424674748019603976e-01 7.385944621544409117e-01 -6.589243045284829403e-01
-2.036851501464843750e+01 -1.571929550170898438e+01 2.327820062637329102e+00 6.963212568782851664e-01 5.339859850579268263e-01 4.795786431662286131e-01
-1.918757247924804688e+01 1.969430732727050781e+01 8.871799468994140625e+00 3.437919852114185715e-01 -4.993564210924327784e-01 7.952673988151085505e-01
-2.857046127319335938e+01 -9.560379028320312500e+00 6.452137947082519531e+00 -8.963662170727824119e-01 -3.087535308434756209e-01 -3.181176858999140711e-01
-2.589560699462890625e+01 -6.709739208221435547e+00 -1.156793951988220215e+00 -8.129093808958210987e-01 -1.781283122184135759e-01 -5.544805161931232185e-01
-9.233609199523925781e+00 -1.949607849121093750e+01 -7.768767833709716797e+00 -2.102199913635512951e-01 -3.791464003904653213e-01 -9.011412554655686691e-01
-7.645377159118652344e+00 1.759832572937011719e+01 -3.771866083145141602e+00 1.160004194223678980e-01 -4.944115872899392250e-01 8.614528919489895520e-01
-2.463828849792480469e+01 4.849352836608886719e+00 -3.257941007614135742e+00 -8.112135656288450569e-01 2.015908731842705748e-01 -5.489022415590403270e-01
-2.465074348449707031e+01 -1.089014053344726562e+01 -9.715440273284912109e-01 -7.997302708497436852e-01 -3.582676566855948486e-01 -4.817424416216701810e-01
-2.665060615539550781e+01 -4.195797920227050781e+00 6.152123928070068359e+00 8.995943442799484435e-01 2.012183695660363369e-01 3.876095761055390887e-01
-8.027301788330078125e+00 2.381405258178710938e+01 -9.768700003623962402e-01 -2.724149351362601390e-01 8.794360637531900560e-01 -3.903617718027758698e-01
-1.920825195312500000e+01 1.996302032470703125e+01 3.581507921218872070e+00 -6.236109375361286178e-01 7.249971042277988387e-01 -2.923843317392657015e-01
-9.015121459960937500e+00 2.228450030088424683e-01 -8.862006187438964844e+00 2.976721948934203318e-02 3.251415630402926249e-02 -9.990278986513392301e-01
-1.583373069763183594e+00 -1.628360557556152344e+01 -5.477622985839843750e+00 1.829767819223319936e-02 4.937778034911985414e-02 9.986125523848413676e-01
-2.626535892486572266e+00 -1.473429298400878906e+01 -9.255055427551269531e+00 -3.771975574764462047e-02 -7.291532451175343488e-02 -9.966245910460387325e-01
-2.595810890197753906e+01 1.087547206878662109e+01 3.400286912918090820e+00 -8.460013475107726055e-01 3.734818523107425459e-01 -3.805167880718192119e-01
-8.637635231018066406e+00 1.946229553222656250e+01 -6.081795215606689453e+00 -2.490295042138071235e-01 6.258446055971784716e-01 -7.391230179584028503e-01
-2.908837890625000000e+01 -5.528685092926025391e+00 5.138743877410888672e+00 -9.200604804909322532e-01 -1.801488658694186396e-01 -3.479009893127024133e-01
-1.955141830444335938e+01 1.219060039520263672e+01 -9.914299845695495605e-02 6.230386665506326693e-01 -4.339344378771445854e-01 6.507870032561006157e-01
-2.301357984542846680e+00 2.268595314025878906e+01 -4.467938899993896484e+00 -8.773193400945634990e-02 7.695562251558170086e-01 -6.325237735286239893e-01
1.680175209045410156e+01 -1.681462287902832031e+01 -5.359467983245849609e+00 6.660151854637759161e-01 -5.597953060551804638e-01 -4.930040446591074654e-01
-2.708206748962402344e+01 -7.543481826782226562e+00 7.918434143066406250e+00 5.395191790025937184e-01 1.252146766297307368e-01 8.326105573705387952e-01
-8.445281982421875000e+00 2.721209907531738281e+01 7.304427146911621094e+00 -3.253694249916355141e-01 9.264600421389519447e-01 -1.892261282183406446e-01
-2.902775049209594727e+00 2.113402748107910156e+01 -1.356022000312805176e+00 3.231475335092026668e-02 -8.135517227490792758e-01 5.805939640815037661e-01
-1.698223495483398438e+01 -1.385157203674316406e+01 -7.158716201782226562e+00 -2.785462675608512684e-01 -2.166207954011656611e-01 -9.356748408649689930e-01
-1.731227874755859375e+01 -6.271119117736816406e+00 -8.287599563598632812e+00 -1.768925172511379984e-01 3.145748980851755579e-03 -9.842251478213229765e-01
-2.707515716552734375e+01 -1.054811954498291016e+00 -1.790490001440048218e-01 -9.028555257086098296e-01 -3.867230640947243864e-02 -4.282012989405818981e-01
-3.424635887145996094e+00 1.264567017555236816e+00 -8.944267272949218750e+00 -8.638341211672720052e-03 -1.940176923820252641e-02 -9.997744497693158428e-01
4.867605209350585938e+00 1.918943786621093750e+01 -7.159961223602294922e+00 1.094303913915723736e-01 4.917844908022735995e-01 -8.638130608217473583e-01
-1.393276023864746094e+01 -5.323561191558837891e+00 -4.997760772705078125e+00 -8.863893051268620371e-02 -2.340576697882572332e-01 9.681736141885185498e-01
-2.456172943115234375e+01 1.601941299438476562e+01 7.534744262695312500e+00 -7.971027641957608711e-01 5.959325561000237137e-01 9.742469857058429217e-02
-2.300861549377441406e+01 -3.372328996658325195e+00 -5.803769111633300781e+00 -6.572259876992180283e-01 -1.548480049976310169e-01 -7.376151411413955916e-01
1.955868339538574219e+01 2.776890993118286133e+00 -5.271792888641357422e+00 9.897544850138906281e-01 -8.024978588096276511e-02 1.180933159029242951e-01
-8.770020008087158203e-01 -1.777507066726684570e+00 -9.208474159240722656e+00 -2.796579560918450655e-02 -5.315771037549260961e-03 -9.995947463118349807e-01
1.076079010963439941e+00 8.606853485107421875e+00 -8.934672355651855469e+00 1.208886698734999016e-02 5.932009886624833167e-02 -9.981658104570906298e-01
4.202919006347656250e+00 1.926125049591064453e+00 -9.089908599853515625e+00 1.398341234897195785e-02 3.381977981717969057e-03 -9.998965078466920398e-01
9.232560157775878906e+00 1.603210449218750000e+01 -4.000026226043701172e+00 -1.573115397283514627e-01 -2.867065659013888768e-01 9.450145102258101781e-01
-2.568681144714355469e+01 1.371713733673095703e+01 6.278499126434326172e+00 -8.181613981984432460e-01 4.985790335750136526e-01 -2.864103241459248217e-01
-2.066766023635864258e+00 2.519820034503936768e-01 -4.843455791473388672e+00 2.240646614675710635e-02 5.338531552350011394e-02 9.983225722987889572e-01
-1.165706443786621094e+01 -8.771129846572875977e-01 -4.781766891479492188e+00 7.709396922827223275e-02 7.588724607888841511e-02 9.941316038589620430e-01
-1.199331855773925781e+01 1.592621040344238281e+01 -7.201758861541748047e+00 -2.276095263736323537e-01 3.964213284057920283e-01 -8.894065627647225192e-01
1.645486831665039062e+01 -9.968080520629882812e+00 -8.253153800964355469e+00 2.529831633435921101e-01 -1.129302189014108199e-01 -9.608570573834325224e-01
4.161048889160156250e+00 -5.351535797119140625e+00 -5.225364208221435547e+00 1.089392485561177862e-02 -2.129853401602491494e-02 9.997138064716364347e-01
-3.514930009841918945e+00 -1.284759998321533203e+01 -5.564786911010742188e+00 -2.731217833253534594e-02 -2.919766622777331469e-02 9.992004509614591523e-01
1.085489082336425781e+01 -1.914707183837890625e+01 -4.390780925750732422e+00 3.348631963040424875e-01 -7.517825749464586149e-01 5.680577433394538023e-01
8.946356773376464844e+00 8.018653869628906250e+00 -5.159224987030029297e+00 1.262267192169228176e-02 -1.316435384698866687e-02 9.998336701378627289e-01
-1.609764289855957031e+01 7.946214199066162109e+00 -4.610879898071289062e+00 2.196519335481126600e-01 -7.483744938908225286e-02 9.727036466763718803e-01
1.282442092895507812e+01 -1.764508008956909180e+00 -5.312298774719238281e+00 -4.101568555840887087e-02 -2.824773576785250678e-02 9.987591195889844453e-01
-2.230548477172851562e+01 7.317307949066162109e+00 4.423609972000122070e-01 7.473860516519890140e-01 -3.743428184038050666e-01 5.488911951430323066e-01
3.227462053298950195e+00 -9.068077087402343750e+00 -5.453032016754150391e+00 6.606139371284062978e-02 -7.123729388147391484e-02 9.952693807312478214e-01
-2.306168937683105469e+01 -1.579054832458496094e+01 7.094799876213073730e-01 -6.988203098430995075e-01 -5.013774518467080110e-01 -5.101674483250537850e-01
1.048930263519287109e+01 -1.051197052001953125e+00 -5.357985019683837891e+00 1.077206832595676601e-02 -2.673325462308251757e-02 9.995845615260562367e-01
1.153084993362426758e+00 -8.222352981567382812e+00 -5.361735820770263672e+00 -3.224280099321946702e-02 -6.326187445107346596e-02 9.974759831820755318e-01
7.584415912628173828e+00 -1.419002914428710938e+01 -5.405690193176269531e+00 -6.650939139743008988e-02 6.018400664548134715e-02 9.959690688972423489e-01
1.126712131500244141e+01 1.457139205932617188e+01 -7.924413204193115234e+00 2.265476709981132097e-01 2.565319264768780028e-01 -9.396103040427942199e-01
-1.321092510223388672e+01 -3.228119909763336182e-01 -8.837501525878906250e+00 -1.080682748154066786e-01 1.107648984393207192e-02 -9.940817669342694174e-01
-3.121066093444824219e+00 -1.036240386962890625e+01 -9.356751441955566406e+00 -7.866302289641323442e-03 4.018015391528609315e-02 -9.991614867075450102e-01
-2.388789176940917969e+01 4.520686149597167969e+00 1.519801974296569824e+00 8.617548420850410507e-01 -2.323191893593201662e-01 4.510059715773331868e-01
-6.663532257080078125e+00 -3.298583984375000000e+00 -9.027606964111328125e+00 -6.614395760340291419e-02 4.564227680794352704e-02 -9.967656492076490959e-01
-1.917289733886718750e+01 1.556950473785400391e+01 3.246500015258789062e+00 6.722672158895279804e-01 -6.365041871123566786e-01 3.780465715075070898e-01
-2.383843612670898438e+01 -9.567642211914062500e+00 -2.959970951080322266e+00 -7.907398591892461637e-01 -3.206836772959827386e-01 -5.214330773985260681e-01
1.053637504577636719e+01 2.178770637512207031e+01 -2.124943971633911133e+00 -4.380957859602849225e-02 3.244473829520557739e-01 9.448886794320273674e-01
-7.029079914093017578e+00 -6.690304756164550781e+00 -5.372289180755615234e+00 -1.783880797262770226e-02 -7.187273567125630758e-02 9.972542738926946093e-01
9.098329544067382812e+00 -2.020175361633300781e+01 -5.853147029876708984e+00 2.600831468090321619e-01 -9.307859079528826296e-01 2.568936556286266493e-01
-5.743950843811035156e+00 1.372256851196289062e+01 -8.422677993774414062e+00 -8.582531118103570167e-02 6.080579792214951124e-02 -9.944529505711817707e-01
-2.121541023254394531e+01 1.433226966857910156e+01 -1.225458979606628418e+00 -6.708663068252134210e-01 5.278190203193166008e-01 -5.209083222178885197e-01
1.343831253051757812e+01 -1.770755577087402344e+01 -4.545633792877197266e+00 4.389684478965106829e-01 -7.566727809818353245e-01 4.845131621251830834e-01
9.784793853759765625e+00 -9.835541725158691406e+00 -5.415765762329101562e+00 4.677654149649981830e-02 -2.745798438693781152e-01 9.604258766330143748e-01
-2.726811027526855469e+01 6.979763984680175781e+00 2.820677995681762695e+00 -8.622636117005211265e-01 2.758036731673749187e-01 -4.247749966800737909e-01
1.176340866088867188e+01 -1.204514598846435547e+01 -5.316479206085205078e+00 -1.075464204774652655e-01 5.741824365668760782e-02 9.925406353081296373e-01
-2.969782066345214844e+01 1.808066010475158691e+00 9.071308135986328125e+00 -4.346853830386985251e-01 1.452798435684622864e-02 9.004651883571220816e-01
-2.976062202453613281e+01 -6.533898830413818359e+00 7.771042823791503906e+00 -9.751804475121856886e-01 -2.191182577778346685e-01 3.178496340000374482e-02
-5.705996036529541016e+00 -2.092658615112304688e+01 -7.842533111572265625e+00 -1.199057735498296473e-01 -3.090384576957283524e-01 -9.434605646949227875e-01
-1.779929351806640625e+01 -1.099347496032714844e+01 -3.854713916778564453e+00 5.633547883478250418e-01 3.375702605031893899e-01 7.541072216000758166e-01
-2.306214332580566406e+01 8.732680082321166992e-01 -9.935309886932373047e-01 8.112463504774730660e-01 -1.058550795058766508e-01 5.750426601390418169e-01
-2.391594886779785156e+01 1.109042167663574219e+01 -2.715989947319030762e-01 -7.969077805631646916e-01 4.334170793960008816e-01 -4.208178044780562232e-01
-2.185766983032226562e+01 -1.453086090087890625e+01 -2.356137990951538086e+00 -7.501409928951435768e-01 -4.167106796912600220e-01 -5.134595409665071442e-01
-2.409694862365722656e+01 -1.213757801055908203e+01 5.603565216064453125e+00 8.795639706223568055e-01 3.457188613864470850e-01 3.268725905680872068e-01
-2.527636146545410156e+01 6.479708194732666016e+00 5.171030998229980469e+00 9.216440582684961580e-01 -2.626534832299204369e-01 2.856315416853796307e-01
5.199870109558105469e+00 -1.895874786376953125e+01 -8.384612083435058594e+00 1.437981496962641992e-01 -1.000914581522864555e-01 -9.845322707503699755e-01
9.334226608276367188e+00 5.607141017913818359e+00 -5.224853992462158203e+00 -9.886223737644448534e-03 -9.682671223070385413e-02 9.952521541693851725e-01
-9.741650223731994629e-01 2.326532554626464844e+01 1.793882012367248535e+00 7.071032413448155585e-02 -8.101539814163809528e-01 5.819369179352542609e-01
1.857209396362304688e+01 6.104331016540527344e+00 -7.051883220672607422e+00 7.363309608230154124e-01 3.567996337013439323e-01 -5.749006327392949256e-01
1.090247726440429688e+01 -8.039007186889648438e+00 -5.457993030548095703e+00 5.757559830497765291e-02 -5.220053842201168026e-02 9.969755033441273229e-01
-2.016512298583984375e+01 9.630407333374023438e+00 -6.046875953674316406e+00 -5.072917661269117362e-01 3.052554591683993568e-01 -8.058996021017310607e-01
-7.642407894134521484e+00 1.914935302734375000e+01 -2.465977907180786133e+00 2.584368289889547587e-01 -7.314912274475565690e-01 6.309762195117982753e-01
-1.413862419128417969e+01 -1.252985095977783203e+01 -4.894256114959716797e+00 1.278793573882335832e-01 1.284153301969870875e-01 9.834410876734666074e-01
-2.017582511901855469e+01 -1.546648979187011719e+01 -3.759344100952148438e+00 -6.688191437793223892e-01 -5.164493706066632939e-01 -5.347532145899409617e-01
-1.726186370849609375e+01 4.637313842773437500e+00 -8.186086654663085938e+00 -1.395835212053292695e-01 7.630017861266392629e-03 -9.901809043984629577e-01
-2.030521965026855469e+01 -3.849430084228515625e+00 -7.581666946411132812e+00 -3.883936441179093313e-01 -1.618886685154368246e-02 -9.213513432990011465e-01
-1.573831748962402344e+01 2.061147928237915039e+00 -5.193524837493896484e+00 1.099861798180950673e-01 2.095881933790808699e-02 9.937121153236395665e-01
1.101632022857666016e+01 2.539416074752807617e+00 -9.021301269531250000e+00 3.003150906450226948e-02 5.355719519956465141e-02 -9.981130874333150604e-01
-1.573914432525634766e+01 -1.701273345947265625e+01 -1.811660051345825195e+00 5.393818855742472662e-01 5.008904362897981244e-01 6.768869568456651331e-01
1.535263824462890625e+01 -1.404119873046875000e+01 -3.640290975570678711e+00 -5.101297652099265889e-01 2.998414476448085786e-01 8.061406384255358493e-01
2.029414892196655273e+00 5.780458927154541016e+00 -5.265482902526855469e+00 -6.713936217190999423e-02 1.175424440730414161e-01 9.907956801926849355e-01
-1.000846481323242188e+01 2.347868537902832031e+01 -2.500700056552886963e-01 -1.628466341985367605e-01 8.935888447640925047e-01 -4.183060485378886639e-01
-2.532511711120605469e+01 2.916166067123413086e+00 -2.965286970138549805e+00 -8.514127357398331153e-01 1.787636529590709011e-01 -4.930921919892282124e-01
-2.182351493835449219e+01 -1.501868057250976562e+01 3.904026031494140625e+00 7.495468305648502749e-01 4.818993070945302160e-01 4.538200156581893574e-01
8.799145698547363281e+00 -2.998888969421386719e+00 -5.380640983581542969e+00 2.847020078846165467e-02 -1.389190272094372597e-02 9.994981054038354351e-01
-5.066983222961425781e+00 -1.944783020019531250e+01 -4.775452136993408203e+00 1.369681472233662545e-01 3.810643148231461774e-01 9.143466052950405265e-01
1.822611999511718750e+01 -1.182177352905273438e+01 -7.015998840332031250e+00 4.353049127645717276e-01 -3.176767267881703827e-01 -8.423723227766820587e-01
-7.593410015106201172e-01 7.709176063537597656e+00 -8.965612411499023438e+00 3.023094984296476398e-02 2.618258938030838812e-02 -9.991999608111152842e-01
1.870596694946289062e+01 9.864898681640625000e+00 -4.129975795745849609e+00 9.948399771445798345e-01 -9.167094148473273196e-02 -4.347250121944144091e-02
-2.263965225219726562e+01 -2.556900978088378906e+00 -1.603556990623474121e+00 8.014041190344211030e-01 3.998161500905881433e-02 5.967854794278517616e-01
-1.699537277221679688e+01 -2.839613914489746094e+00 -4.907917976379394531e+00 1.337403734868150007e-01 -8.044552360312993977e-02 9.877459340497563023e-01
-2.025240707397460938e+01 -4.792850017547607422e+00 -3.758466958999633789e+00 6.371810382353074731e-01 5.622556184448253280e-02 7.686605302138571627e-01
1.143537616729736328e+01 4.868393898010253906e+00 -5.261192798614501953e+00 6.741348994674212225e-02 -6.330885010014720982e-02 9.957145227785912933e-01
-5.594081878662109375e+00 2.051913070678710938e+01 -6.100458145141601562e+00 -2.019469949386930863e-01 6.066668102779521066e-01 -7.688776187030071929e-01
-1.227083396911621094e+01 1.925089454650878906e+01 -4.785037994384765625e+00 -3.676894588127614938e-01 6.663418395721479870e-01 -6.486856054465709454e-01
-9.215597152709960938e+00 -6.690733909606933594e+00 -9.178631782531738281e+00 -3.506199393323677915e-02 -6.604087445588912794e-03 -9.993633186236307031e-01
-9.475017547607421875e+00 2.500011444091796875e+01 8.585265159606933594e+00 3.039200612789403899e-01 -6.907652309078273767e-01 6.561066926354747197e-01
-2.163321876525878906e+01 1.932739448547363281e+01 7.046402931213378906e+00 -7.348174206586108870e-01 6.162222334021497661e-01 -2.833963961617936844e-01
6.325510978698730469e+00 1.019996643066406250e+01 -5.103137016296386719e+00 1.702337782885716055e-03 4.100736278678429603e-02 9.991573941293464545e-01
6.425579786300659180e-01 2.224179840087890625e+01 -5.160517215728759766e+00 7.173899644630277184e-02 7.725064047113939791e-01 -6.309416542508136105e-01
2.940575122833251953e+00 -2.026700973510742188e+00 -5.091922760009765625e+00 3.188243947873786732e-02 -6.092762484901829978e-02 9.976328656290058827e-01
-2.412064933776855469e+01 -3.351989984512329102e-01 -4.963318824768066406e+00 -7.642520725878301224e-01 2.278494302768447818e-02 -6.445150238097102635e-01
-1.452066612243652344e+01 1.738450241088867188e+01 -9.270700067281723022e-02 5.139043035059732700e-01 -6.988611252870023938e-01 4.974891902349489192e-01
-1.504669189453125000e+01 1.491118049621582031e+01 -6.449721813201904297e+00 -4.371820644780353149e-01 4.630544758966658736e-01 -7.710073896213880396e-01
6.097770214080810547e+00 5.519808769226074219e+00 -9.024888992309570312e+00 2.067771333212052934e-02 9.539717165154452949e-02 -9.952245032213788978e-01
-1.739225769042968750e+01 -1.959650611877441406e+01 -1.088348984718322754e+00 4.782773226130525579e-01 -7.183273363204215611e-01 5.052292950422588858e-01
1.726922416687011719e+01 1.232269763946533203e+01 -6.283000946044921875e+00 9.517169666664552219e-01 1.954645535519734800e-01 2.367032396565977304e-01
-1.142730331420898438e+01 1.750555038452148438e+01 -2.325748920440673828e+00 3.352666753469509819e-01 -6.242730681943772231e-01 7.056056921035859242e-01
1.509949874877929688e+01 1.187471485137939453e+01 -3.642359018325805664e+00 -5.009610221181054479e-01 -3.602832374872435017e-01 7.869142539718628759e-01
-5.769578933715820312e+00 2.371782112121582031e+01 3.823803901672363281e+00 2.167709249088231593e-01 -9.048296780790849869e-01 3.664609389573090792e-01
2.907738924026489258e+00 2.287193870544433594e+01 -4.183841228485107422e+00 7.297492359055861300e-02 7.821559903828957383e-01 -6.187945274766929460e-01
-6.220876216888427734e+00 2.689413452148437500e+01 4.501645088195800781e+00 -2.951216907190187810e-01 8.672354752250521770e-01 -4.010060076586458022e-01
6.757143974304199219e+00 -9.497380256652832031e-01 -9.171559333801269531e+00 -1.067813158540249427e-02 -1.182392451229418752e-02 -9.998730781029022685e-01
-5.576829910278320312e+00 -8.903028488159179688e+00 -9.348073959350585938e+00 -1.236713671629880752e-02 3.077693484289298342e-02 -9.994497657266806501e-01
-7.958872795104980469e+00 -2.103443908691406250e+01 -7.260293006896972656e+00 -2.185733249795858701e-01 -5.094691306683288845e-01 -8.322661272113780484e-01
8.697106361389160156e+00 -1.587981605529785156e+01 -8.702036857604980469e+00 1.159128090380436293e-01 -1.894238426128966590e-01 -9.750296552160219177e-01
-3.304061889648437500e+00 1.072840023040771484e+01 -5.082812786102294922e+00 4.211498785854880106e-02 -3.652920540282213885e-02 9.984447630942397955e-01
-1.243507862091064453e+01 1.920855140686035156e+01 4.670769870281219482e-01 4.003236714410213781e-01 -6.542478401989411108e-01 6.416390898932219367e-01
-2.611833572387695312e+01 -4.260754108428955078e+00 -1.580232024192810059e+00 -8.794538384608231452e-01 -1.473154767977853663e-01 -4.526136280674340484e-01
1.841075897216796875e+01 -1.015818786621093750e+01 -3.387175083160400391e+00 -3.939305207981014800e-01 1.149497165993782211e-01 9.119239592408234785e-01
-1.048767471313476562e+01 2.676179885864257812e+00 -8.806831359863281250e+00 2.348974794859763279e-02 3.502404152476763788e-02 -9.991103784150091593e-01
-4.661434173583984375e+00 3.788257122039794922e+00 -5.030404090881347656e+00 -5.725842086124218605e-02 5.435862050765633696e-02 9.968784347236032684e-01
-4.695527076721191406e+00 -1.737704086303710938e+01 -8.930984497070312500e+00 -6.612188047497181975e-02 -1.210778517405086407e-01 -9.904383124356391788e-01
1.117722988128662109e+01 -1.860331726074218750e+01 -7.388988018035888672e+00 3.019909917009007128e-01 -4.786374217098019468e-01 -8.244438485855175580e-01
1.350283050537109375e+01 1.799058532714843750e+01 -5.135590076446533203e+00 4.258243274215259278e-01 5.570461020315310430e-01 -7.130030030704513910e-01
-3.968679904937744141e-01 1.446034336090087891e+01 -8.499238967895507812e+00 -1.773468765788067947e-02 1.493578897753870816e-01 -9.886241457781217434e-01
-1.558588123321533203e+01 2.426221275329589844e+01 7.623181819915771484e+00 -5.155304669856483057e-01 8.270299720030175328e-01 -2.241645891264887336e-01
-9.229224205017089844e+00 6.411211013793945312e+00 -8.780382156372070312e+00 8.783270167956840416e-03 1.619570847941309566e-02 -9.998302621905412746e-01
-2.391127204895019531e+01 8.095853805541992188e+00 -2.627327919006347656e+00 -7.871898999987619883e-01 3.615714187202037633e-01 -4.995980089077598496e-01
-2.473896026611328125e+01 -7.772909998893737793e-01 1.681867003440856934e+00 8.827737990600104112e-01 -6.104836829748580551e-02 4.658148950187948611e-01
-2.578877830505371094e+01 9.391757965087890625e+00 1.710638999938964844e+00 -8.263857949861885821e-01 3.281766916094279729e-01 -4.575877805725752090e-01
1.463706970214843750e+01 -3.458879888057708740e-01 -5.289136886596679688e+00 -1.560856914495482028e-01 -5.290866225944723666e-02 9.863254687894013051e-01
-9.811491966247558594e+00 -4.786180019378662109e+00 -5.152451992034912109e+00 1.433625570900652901e-01 -1.066929106331972604e-01 9.839023325743335713e-01
-2.493319702148437500e+01 -1.766238021850585938e+01 7.210353851318359375e+00 -7.978106088577994193e-01 -5.819226167409318196e-01 -1.576841796735931334e-01
-1.918429946899414062e+01 1.816238212585449219e+01 6.957229971885681152e-01 -6.133484673974659573e-01 6.423991234447152809e-01 -4.594856077600701361e-01
-1.249120712280273438e+01 7.869853019714355469e+00 -5.146513938903808594e+00 7.918931510421832465e-02 -6.554274605356404104e-02 9.947025690190424152e-01
1.849339675903320312e+01 -1.450470924377441406e+01 -5.499265193939208984e+00 6.899255465767338835e-01 -7.228032517255245093e-01 3.947403546387311113e-02
8.351328849792480469e+00 1.193445968627929688e+01 -8.585159301757812500e+00 3.955654518693346722e-02 9.775918965571293862e-02 -9.944236625154956322e-01
-2.222227478027343750e+01 -1.984678268432617188e+01 5.830932140350341797e+00 3.789000739826726138e-01 -8.635733309105286803e-01 3.326797800829195961e-01
1.284592819213867188e+01 1.955589294433593750e+01 -3.871073961257934570e+00 3.785209879519065290e-01 6.958851980575324614e-01 -6.102996418189522432e-01
-2.758576869964599609e+00 2.448792839050292969e+01 4.396255970001220703e+00 7.111532150807675645e-03 -8.839566467846650122e-01 4.675147834193896235e-01
-2.800414657592773438e+01 -1.131242036819458008e+00 8.219879150390625000e+00 7.741780603077558220e-01 -5.120233272199477964e-02 6.308935346490299745e-01
8.400306701660156250e+00 1.519428253173828125e+01 -8.165383338928222656e+00 1.229230833236517745e-01 2.506256564934482567e-01 -9.602482470139868109e-01
5.586704254150390625e+00 6.402821063995361328e+00 -5.250142097473144531e+00 -1.715595321264392834e-02 -1.738967019994860225e-02 9.997015917961231679e-01
-7.269945144653320312e+00 8.084040284156799316e-01 -5.110640048980712891e+00 2.792667352504250508e-02 4.307972898118611615e-02 9.986812493767633914e-01
-2.353262519836425781e+01 6.581221103668212891e+00 1.933597087860107422e+00 8.749816628159661214e-01 -2.475942593149313142e-01 4.160578955987946914e-01
-1.706341552734375000e+01 1.213194274902343750e+01 -6.782893180847167969e+00 -4.676161370893225921e-01 4.124761422495325514e-01 -7.817919035194745847e-01
-5.110725879669189453e+00 7.289093017578125000e+00 -5.127726078033447266e+00 2.070970697863743024e-03 -3.835289181507010869e-02 9.992621111449137006e-01
-6.935030221939086914e-01 -1.664996910095214844e+01 -9.105164527893066406e+00 1.574219639968543055e-02 -1.439002750032570555e-01 -9.894669747427149442e-01
-1.817749977111816406e+00 6.366888999938964844e+00 -5.188664913177490234e+00 2.365216448428052870e-02 4.544981154931981848e-02 9.986865823396947617e-01
-2.740351676940917969e+01 -6.246119022369384766e+00 1.624994993209838867e+00 -8.545925862553485075e-01 -1.939865447060081238e-01 -4.817060638920988014e-01
-2.117657852172851562e+01 -1.055336475372314453e+01 -8.727779984474182129e-01 7.186205607440343535e-01 2.997860268872134526e-01 6.274653996509357290e-01
-2.050708770751953125e+01 -1.810608673095703125e+01 -5.045499801635742188e-01 -7.138247328174821549e-01 -5.419783612184220223e-01 -4.435241896323625088e-01
-2.407185554504394531e+01 -8.275593757629394531e+00 2.589529991149902344e+00 8.552187172268481685e-01 2.725416663079054946e-01 4.408196749590182484e-01
-2.356825065612792969e+01 1.513706779479980469e+01 3.683634996414184570e+00 -7.368745006367368733e-01 5.182340042477562303e-01 -4.341076907320303158e-01
-3.537603855133056641e+00 -3.923430919647216797e+00 -4.945216178894042969e+00 -4.557067954242684932e-02 -1.575912629722932279e-02 9.988368050409383025e-01
-2.056830596923828125e+01 -1.330314826965332031e+01 1.951279938220977783e-01 7.504619331445002706e-01 4.559822143300474862e-01 4.784214743462987252e-01
2.595439910888671875e+00 -1.087545776367187500e+01 -9.355432510375976562e+00 -4.925018210556168612e-03 -2.874925775226355729e-02 -9.995745216712557113e-01
-1.697814941406250000e+01 -1.584972953796386719e+01 -6.176149845123291016e+00 -6.022161098208173025e-01 -4.957923220728800984e-01 -6.257201694414704640e-01
1.463292884826660156e+01 -1.337188148498535156e+01 -8.154658317565917969e+00 3.008325244981407964e-01 -2.405440748955331443e-01 -9.228425327414897517e-01
-1.701766204833984375e+01 1.569027805328369141e+01 -4.732017040252685547e+00 -5.457544880577527291e-01 5.520655667187757132e-01 -6.303773860222917635e-01
-1.110123634338378906e+01 -1.855020713806152344e+01 -3.658786058425903320e+00 3.651761567326080038e-01 5.803752830623952752e-01 7.278811066130554952e-01
-1.803048706054687500e+01 8.165656089782714844e+00 -3.899826049804687500e+00 4.345624681143936963e-01 -2.603472091020943013e-01 8.621918533708590182e-01
-1.240957164764404297e+01 1.253162288665771484e+01 -8.065340995788574219e+00 -1.573862770946510559e-01 2.082496256202569507e-01 -9.653298157683252168e-01
1.147948026657104492e+00 2.452676773071289062e+01 -1.858794927597045898e+00 1.590005245900903696e-01 8.961773480429391370e-01 -4.142281907774999494e-01
3.773159980773925781e-01 -7.247031211853027344e+00 -9.362709999084472656e+00 -1.535640409891707824e-02 1.180950121176142092e-02 -9.998123406591260531e-01
-2.977660369873046875e+01 2.050301074981689453e+00 6.618848800659179688e+00 -9.349687009541344240e-01 8.358566868898414937e-02 -3.447418805801723551e-01
1.988781166076660156e+01 -4.713222026824951172e+00 -5.843080997467041016e+00 9.364158454716425828e-01 3.355489627970988931e-01 1.026267894626933103e-01
-2.697843551635742188e+01 -3.075392007827758789e+00 -1.947990059852600098e-01 -8.948015573526231226e-01 -1.523132101025538032e-01 -4.196794717252391727e-01
-1.225718116760253906e+01 -1.967984580993652344e+01 -6.493185997009277344e+00 -4.502615893999070695e-01 -6.284452184121293028e-01 -6.342878751529155146e-01
-2.936342954635620117e+00 1.538526630401611328e+01 -4.787353992462158203e+00 7.221789123752755599e-04 -1.415140082368570307e-01 9.899359898146734560e-01
1.346570396423339844e+01 -1.092930126190185547e+01 -5.163241863250732422e+00 -9.017019542628862405e-02 8.694504223690589784e-02 9.921239315162233563e-01
-1.020123958587646484e+00 -2.019015884399414062e+01 -4.673138141632080078e+00 -4.634414942317430924e-02 4.292487722483351309e-01 9.019965140384630375e-01
1.460876655578613281e+01 -6.544950008392333984e+00 -8.905754089355468750e+00 1.270130944873583689e-01 -4.148273732868298924e-02 -9.910332266541141966e-01
-2.166514778137207031e+01 1.808545684814453125e+01 4.654340744018554688e+00 -6.932366832482693697e-01 6.520050858946202510e-01 -3.071030266319225710e-01
5.329080104827880859e+00 2.355009078979492188e+01 6.319739818572998047e-01 7.178908462048047001e-01 2.738148422813821425e-01 6.400454398570240011e-01
-2.176686668395996094e+01 9.116512298583984375e+00 7.821019887924194336e-01 7.858341067753958908e-01 -3.778136041871490436e-01 4.896137632048675470e-01
7.903998851776123047e+00 9.120839834213256836e-01 -5.301781177520751953e+00 1.803574993622972938e-02 -1.961447229209373980e-03 9.998354186809971234e-01
-6.266571044921875000e+00 2.184769248962402344e+01 5.667229890823364258e-01 1.615015067662989856e-01 -8.742797959045850442e-01 4.577686116208189437e-01
2.306709051132202148e+00 5.053393840789794922e+00 -9.044564247131347656e+00 3.246321968605466162e-03 1.600526973241815296e-02 -9.998666374744527019e-01
-3.778832912445068359e+00 2.379736518859863281e+01 -2.677695035934448242e+00 -1.579167446385132401e-01 8.512830733954013240e-01 -5.003792868547364270e-01
-1.480509185791015625e+01 1.365457344055175781e+01 -3.379491090774536133e+00 3.747263577895062481e-01 -4.807570920027697259e-01 7.927501341954168446e-01
-2.774982070922851562e+01 7.728805065155029297e+00 4.535451889038085938e+00 -8.545631168327106897e-01 3.185632924941007027e-01 -4.101698526518990917e-01
-9.782533645629882812e+00 2.606981658935546875e+01 5.063587188720703125e+00 -2.784709589696917065e-01 8.822374691511292166e-01 -3.796195108741259316e-01
-3.827537059783935547e+00 2.813488578796386719e+01 7.284297943115234375e+00 -1.013195384352788969e-01 9.702740515780817754e-01 -2.197785612054009297e-01
1.773299932479858398e+00 1.531331062316894531e+00 -5.063746929168701172e+00 1.234814290535069109e-01 -9.901347826155913745e-02 9.873948894953080702e-01
-2.123483848571777344e+01 1.678762626647949219e+01 1.810390949249267578e+00 -6.978237145571919431e-01 5.587299565554634251e-01 -4.481773076017265822e-01
1.154789161682128906e+01 1.686137771606445312e+01 -2.387298107147216797e+00 -3.846119577725307659e-01 -7.164457075308052758e-01 5.820474122432508501e-01
1.005975008010864258e+00 8.366247177124023438e+00 -5.242904186248779297e+00 2.370119670755556698e-02 -2.402363784242669137e-02 9.994303968258348991e-01
-6.385558128356933594e+00 2.222539138793945312e+01 -4.152272224426269531e+00 -1.832789027012139971e-01 8.041096918682941741e-01 -5.655231624505896448e-01
-2.516417121887207031e+01 -1.529755783081054688e+01 4.085220813751220703e+00 -8.035702110236465634e-01 -4.844965135409233237e-01 -3.457427429782178874e-01
-2.906095886230468750e+01 -1.074069976806640625e+00 3.989118099212646484e+00 -9.165076995908210122e-01 -1.307341059642854186e-01 -3.780505655708778501e-01
5.077889919281005859e+00 2.080574035644531250e+01 -1.197654008865356445e+00 -1.169517934616172566e-01 -7.380079319232296653e-01 6.645799955043101281e-01
-5.298827171325683594e+00 1.341544055938720703e+01 -4.989364147186279297e+00 -8.075681862408429224e-02 -9.423140889110774576e-02 9.922695086639081730e-01
-2.690971946716308594e+01 6.742063045501708984e+00 8.455196380615234375e+00 7.138551124987509988e-01 -2.345796365584492671e-01 6.598357920509477781e-01
1.637166023254394531e+00 2.680811882019042969e+01 5.131753921508789062e+00 8.614625166153629943e-01 2.284727919351322578e-01 4.535223432335955263e-01
-7.355223178863525391e+00 3.541512012481689453e+00 -5.242937088012695312e+00 -7.405304070274611183e-02 6.595545690728796262e-02 9.950708642437624540e-01
-2.576686477661132812e+01 2.866609096527099609e+00 4.222859859466552734e+00 8.923676172709394949e-01 -1.284417019934007420e-01 4.326462352028785929e-01
5.909680128097534180e-01 1.959489631652832031e+01 -3.240816116333007812e+00 -8.295798064533506377e-02 -6.174503506736410685e-01 7.822231381774933379e-01
1.056167984008789062e+01 1.386069869995117188e+01 -4.462778091430664062e+00 -1.589794737588446638e-01 -2.486175289931034926e-01 9.554657770955086171e-01
-1.337702751159667969e+01 2.463304519653320312e+01 5.203867912292480469e+00 -4.144678321903408347e-01 8.377143751999236443e-01 -3.555995523940389536e-01
-1.498909950256347656e+01 -1.344763565063476562e+01 -8.082545280456542969e+00 -2.617188098072947278e-01 -2.001020326586451792e-01 -9.441728873034490599e-01
2.070022964477539062e+01 -8.880029678344726562e+00 -1.670216083526611328e+00 2.893774193015435370e-01 -3.463879558269805092e-01 8.923430356406579778e-01
2.667242050170898438e+00 1.449220848083496094e+01 -4.897477149963378906e+00 -6.223373240630401815e-02 -1.601228698739442236e-01 9.851333052405204516e-01
9.958638191223144531e+00 1.999331665039062500e+01 -2.131577014923095703e+00 1.657916335960809770e-02 1.687375968748878463e-01 9.855215648290925889e-01
-2.034657287597656250e+01 -8.145808219909667969e+00 -2.867209911346435547e+00 6.927896925407097672e-01 2.650184583405796879e-01 6.706770151482241982e-01
-1.513519668579101562e+01 -1.700009918212890625e+01 -6.702930927276611328e+00 -5.391330959557389946e-01 -3.657258397919431747e-01 -7.586699644467664871e-01
1.709591293334960938e+01 1.683187675476074219e+01 -1.269713044166564941e+00 9.578802797522769641e-01 2.870675707530967458e-01 -7.588114628503399468e-03
-1.847756958007812500e+01 -1.429996299743652344e+01 -1.447301983833312988e+00 6.626651885766924321e-01 4.108140501988790660e-01 6.261842093248675134e-01
-2.171586036682128906e+01 -9.279379844665527344e+00 -5.640546798706054688e+00 -5.181727880991214841e-01 -2.462689675370241249e-01 -8.190534520419475717e-01
1.716828727722167969e+01 5.696660995483398438e+00 -8.290051460266113281e+00 2.228211968247838237e-01 1.242733548590672504e-01 -9.669058110889825475e-01
-2.116529846191406250e+01 1.228038501739501953e+01 2.466223955154418945e+00 6.997010302084257782e-01 -5.913963624908062933e-01 4.008351416204803397e-01
-1.605377960205078125e+01 -2.026576614379882812e+01 -3.102962970733642578e+00 1.373395701150376125e-01 -8.540504795513260694e-01 5.017326188905467665e-01
-6.758332252502441406e+00 1.017480278015136719e+01 -5.054934978485107422e+00 -1.728060846455928973e-02 4.706282535000995415e-02 9.987424447980416398e-01
1.208853721618652344e+01 9.460783004760742188e+00 -8.602313995361328125e+00 2.107717219945703241e-02 8.401602231173128932e-02 -9.962414671187850290e-01
-2.839899063110351562e+01 9.031242370605468750e+00 8.158972740173339844e+00 -9.453078377733687976e-01 3.233417626295791991e-01 -4.293246305344427388e-02
3.742898941040039062e+00 -2.051114273071289062e+01 -4.325705051422119141e+00 -9.347804682022123335e-02 -7.075192173606469070e-02 9.931042343748869294e-01
-1.378945350646972656e+01 1.635601806640625000e+01 -6.185177803039550781e+00 -4.360306517793288705e-01 5.328977393064275869e-01 -7.251877482080019144e-01
-1.837599563598632812e+01 -8.265597343444824219e+00 -4.286689758300781250e+00 4.434967027269572926e-01 1.327265723229823502e-01 8.863940047573138914e-01
1.719049453735351562e+01 -1.351734924316406250e+01 -3.138055086135864258e+00 5.526804655117394383e-01 -1.541527094340358894e-01 8.190123596233895853e-01
1.639566040039062500e+01 8.235857009887695312e+00 -4.290000915527343750e+00 -3.977925260839788590e-01 -1.785207842340915396e-01 8.999396845278977430e-01
-2.695303535461425781e+01 1.020195293426513672e+01 4.923431873321533203e+00 -8.562084437673871395e-01 3.904567187385197258e-01 -3.383055595366080137e-01
2.185059934854507446e-01 -1.283325004577636719e+01 -9.383830070495605469e+00 2.676285376456134096e-02 -3.616796601202097727e-02 -9.989873011670018510e-01
-2.161221313476562500e+01 -2.532009124755859375e+00 -6.938743114471435547e+00 -4.980454450349676709e-01 -3.889105723617503757e-02 -8.662783734729694318e-01
-2.367604637145996094e+01 1.257203960418701172e+01 8.394370079040527344e-01 -7.534944190393870755e-01 4.761309365928712567e-01 -4.533712515099427298e-01
-7.553131103515625000e+00 2.271713256835937500e+01 2.761691093444824219e+00 2.558926460399926772e-01 -8.401200676951359192e-01 4.782438975654275115e-01
-5.643634796142578125e+00 1.751949691772460938e+01 -7.715072154998779297e+00 -1.317927975022908649e-01 3.460520879241588132e-01 -9.289125959797565057e-01
-2.154709243774414062e+01 9.829329848289489746e-01 -2.847198009490966797e+00 7.086552680289327499e-01 -7.186554959432403522e-02 7.018853566476132011e-01
-2.305693244934082031e+01 1.160961151123046875e+01 5.178040981292724609e+00 8.730350740659720277e-01 -3.625723075195348977e-01 3.261151349915895614e-01
-2.573209190368652344e+01 -1.279776287078857422e+01 2.504692077636718750e+00 -8.215039163779468412e-01 -3.837941999891310574e-01 -4.217028899953121357e-01
-8.242847442626953125e+00 -8.349878311157226562e+00 -5.447984218597412109e+00 -4.709135949167609671e-03 -1.486414104456460980e-02 9.998784332855767953e-01
1.357474899291992188e+01 -6.432972908020019531e+00 -5.355549812316894531e+00 -9.661836974650699073e-02 -3.400708696142043519e-02 9.947403724911971779e-01
-2.446695709228515625e+01 -4.569077014923095703e+00 1.555361032485961914e+00 8.744749961623708989e-01 1.713655902925114716e-01 4.537921501640597710e-01
-3.636435031890869141e+00 -2.178551483154296875e+01 -5.481656074523925781e+00 1.274513877777877502e-02 -9.394286106795984859e-01 3.425075865935446884e-01
-1.618892288208007812e+01 1.720521163940429688e+01 1.439200043678283691e+00 6.084964843353179997e-01 -6.363519976806477629e-01 4.741183012702702704e-01
1.939077758789062500e+01 4.273213863372802734e+00 -6.355082988739013672e+00 8.187183492369923821e-01 3.437760976957295322e-01 -4.599111428045101757e-01
-1.026272106170654297e+01 3.250062942504882812e+00 -5.151452064514160156e+00 3.999904229685320722e-02 3.274455650161071929e-02 9.986630415885267009e-01
-1.246516990661621094e+01 -6.799242019653320312e+00 -5.195782184600830078e+00 -5.387890287442735626e-02 -1.926826300000058223e-01 9.797808264715782700e-01
4.826255798339843750e+00 -1.709648895263671875e+01 -5.177512168884277344e+00 -4.439215306336218719e-02 1.979674366955694043e-01 9.792028547520603698e-01
-1.559195232391357422e+01 1.099017620086669922e+01 -4.181235790252685547e+00 3.484924415325098557e-01 -2.975572995217261596e-01 8.888265700889279586e-01
-1.075212287902832031e+01 2.144742584228515625e+01 -2.940191030502319336e+00 -3.848358034682533013e-01 7.321232690315179203e-01 -5.620470828245153205e-01
-1.145499706268310547e+01 -1.312940025329589844e+01 -5.321473121643066406e+00 1.674510088674487640e-01 2.636812149139161274e-02 9.855277174175716137e-01
-7.044165134429931641e+00 -2.619970142841339111e-01 -8.905922889709472656e+00 -7.142878160643783940e-03 2.574806426206118631e-02 -9.996429444948525811e-01
-6.326422214508056641e+00 -1.412512397766113281e+01 -9.193367958068847656e+00 -8.442464455614684393e-02 -7.846075843735708655e-02 -9.933359898730151905e-01
-8.291876792907714844e+00 -1.800340843200683594e+01 -8.488265037536621094e+00 -1.751656302781525454e-01 -3.446864241264798734e-01 -9.222300531820452063e-01
-1.509323883056640625e+01 -2.782151937484741211e+00 -4.767345905303955078e+00 -1.297400945566224983e-01 -3.846600396658516469e-02 9.908016322167022549e-01
-3.573172092437744141e+00 -1.219594478607177734e+01 -9.371767997741699219e+00 -1.667598797995765644e-02 4.608358733049653863e-03 -9.998503260261906167e-01
-1.665687942504882812e+01 2.261574935913085938e+01 4.975356101989746094e+00 -5.090028921125380190e-01 7.742930336196752750e-01 -3.760137682440794493e-01
-1.806289672851562500e+01 -1.836031150817871094e+01 5.736740231513977051e-01 1.980911086975311597e-01 -8.449168493567321692e-01 4.968656059017126370e-01
1.123233509063720703e+01 -1.107931041717529297e+01 -9.001465797424316406e+00 6.757439430968983918e-02 -4.318687406341752133e-02 -9.967791105065900714e-01
6.467847824096679688e+00 -2.033915519714355469e+01 -7.823041915893554688e+00 1.223442101026845086e-01 -4.838651780655274237e-01 -8.665485466550421068e-01
