-1.549309730529785156e+01 3.419101715087890625e+01 -8.647400140762329102e-02 2.066888922842776144e-01 -3.076601003640845322e-01 9.287760572119954094e-01
3.820097351074218750e+01 1.700433969497680664e+00 -1.202488613128662109e+01 8.303780279808803400e-01 -5.048559080576389135e-01 -2.357813452033067914e-01
-7.210121917724609375e+01 4.762387084960937500e+01 2.253575325012207031e+01 -9.863110202957988681e-01 1.646997025296370043e-01 -8.036120314511702167e-03
-2.883416366577148438e+01 7.971469116210937500e+01 1.857638359069824219e+01 -2.540704821146637649e-01 8.818060843582585795e-01 3.973238222241124995e-01
-8.146614074707031250e+00 -9.203863143920898438e+00 -1.963444328308105469e+01 -2.983416062823708303e-01 -7.661283564100956900e-01 -5.692447869460205423e-01
-4.313087463378906250e+01 4.540894985198974609e+00 -3.463840007781982422e+00 -6.830582396814385282e-01 -7.273609666355245196e-01 -6.616241696257664506e-02
2.240406227111816406e+01 3.506344223022460938e+01 -2.594589948654174805e+00 9.746032116055621808e-01 1.978950614968135457e-01 1.048147153948156413e-01
-4.222018814086914062e+01 5.117732238769531250e+01 8.932586669921875000e+00 -2.310433639255239646e-01 3.159495403391733848e-01 -9.202145684270832682e-01
1.065286064147949219e+01 1.363546180725097656e+01 -1.933123779296875000e+01 6.480732076256071617e-01 7.613442014526639046e-01 1.887126048419233634e-02
-5.715504455566406250e+01 2.704809570312500000e+01 6.852673053741455078e+00 -8.460256828116248240e-01 -1.278589120877070551e-01 -5.175834644024784881e-01
-1.727029800415039062e+01 5.802093505859375000e+01 1.007982635498046875e+01 7.962355227921638079e-01 4.684124184095517784e-01 -3.828822253952309795e-01
-1.795515823364257812e+01 9.117851257324218750e+00 -4.903667926788330078e+00 4.853308010413995982e-02 -1.319515637585868401e-02 9.987344131368567357e-01
-4.919795989990234375e+01 6.786804199218750000e+01 2.546491241455078125e+01 -2.198449597350320972e-01 5.378762466638210560e-01 8.138533878739722116e-01
-3.651870727539062500e+01 2.620586776733398438e+01 -2.982661008834838867e+00 -4.275262789118789430e-01 3.055040612374854692e-01 -8.508164017031905058e-01
1.126486015319824219e+01 -6.094193935394287109e+00 -8.784500122070312500e+00 2.081779358754621556e-01 -9.275064532118257876e-01 3.104733905909671243e-01
2.960798025131225586e+00 4.552992248535156250e+01 -5.163736820220947266e+00 5.382206956222387872e-02 9.860422510683000130e-01 -1.575559073351382178e-01
2.493093013763427734e+00 2.510251045227050781e+01 -4.401587963104248047e+00 6.017943428568977432e-02 -2.686272294845277187e-01 9.613624952475113838e-01
2.542289543151855469e+01 1.553446006774902344e+01 -5.766376972198486328e+00 -1.572592511412281846e-01 1.036610535194545241e-02 9.875029477375409925e-01
-7.827154159545898438e+00 1.287995910644531250e+01 -1.996231269836425781e+01 -2.979798423070153524e-01 2.566078000557966976e-01 -9.194348538799312909e-01
-5.632885742187500000e+01 4.216259765625000000e+01 1.629589462280273438e+01 2.268048500258303124e-01 -2.533478069847589498e-01 9.404118505744033518e-01
-2.708814620971679688e+01 4.682489395141601562e+01 1.596879959106445312e+00 -3.398486181795066230e-01 4.946286730470584869e-01 -7.999033644892277195e-01
-3.251911544799804688e+01 6.302856445312500000e+01 1.638747215270996094e+01 2.777026509325800641e-01 -3.909259555640828832e-01 8.775295635654256632e-01
-6.062822723388671875e+01 5.870119476318359375e+01 1.728455734252929688e+01 -3.645547688629141581e-01 4.903420158912081273e-01 -7.916214549587785587e-01
-2.513150930404663086e+00 3.292397022247314453e+00 -7.240048885345458984e+00 2.216241323949891817e-01 -1.417341733819336702e-01 9.647767451778199721e-01
-4.325322723388671875e+01 3.488753128051757812e+01 8.638452529907226562e+00 3.977873216833517356e-01 -2.892548920525482847e-01 8.706875755009109152e-01
2.273811912536621094e+01 2.869696140289306641e+00 -1.490072727203369141e+01 2.350094765751563064e-01 -1.373957421308297511e-01 -9.622333168022138006e-01
2.490367889404296875e+00 1.184465050697326660e+00 -2.441741371154785156e+01 6.681926912334044122e-01 -1.399754748050854695e-02 -7.438565695393106747e-01
-1.531062316894531250e+01 2.335268974304199219e+01 -1.103574180603027344e+01 -2.407041125990500574e-01 2.964193254110448761e-01 -9.242278472870014694e-01
-4.577321624755859375e+01 1.692912101745605469e+01 4.693862915039062500e+00 2.940408191751581191e-01 -1.601415155133775470e-01 9.422816413726209372e-01
-2.985624694824218750e+01 1.575273990631103516e+00 -9.849417686462402344e+00 -3.952517380146292059e-01 -8.246171528307781884e-01 -4.047006484473133492e-01
1.559230613708496094e+01 2.577592849731445312e+01 -1.222379684448242188e+01 2.663886394023566931e-02 2.109299140397048467e-01 -9.771381387967499332e-01
-3.124606895446777344e+01 1.319176101684570312e+01 -1.527485013008117676e+00 2.207793144637447968e-01 -1.644727445674864508e-01 9.613559229543224838e-01
-5.435235023498535156e+00 3.497552871704101562e+01 -8.997155189514160156e+00 -1.477756870389378141e-01 2.782939492627771183e-01 -9.490599686657827938e-01
-1.322289466857910156e+01 4.678654479980468750e+01 3.996810913085937500e+00 8.554704014535317036e-01 4.542204219473566229e-01 2.487050472404989943e-01
-1.687930679321289062e+01 -1.683489084243774414e+00 -1.273830795288085938e+01 -8.809510025223268315e-01 -2.983555001733437795e-01 -3.673000499199816082e-01
1.247519493103027344e+01 7.269749164581298828e+00 -7.888393878936767578e+00 -1.352583108159565450e-01 -8.098797418109519863e-02 9.874948796795133266e-01
-4.037799835205078125e+01 7.351030731201171875e+01 1.765388488769531250e+01 -3.597021250426636341e-01 5.381525960440194378e-01 -7.622376037764566625e-01
-2.387285614013671875e+01 2.401791191101074219e+01 -1.072926044464111328e+00 2.211559223618633496e-01 -2.357025942887179815e-01 9.463267644158868119e-01
-6.406252861022949219e+00 1.577739334106445312e+01 -5.469906806945800781e+00 1.030246662326319562e-01 -2.105034672238935076e-02 9.944560327387641507e-01
-3.096536254882812500e+01 3.503795242309570312e+01 4.124166011810302734e+00 2.322109881744885695e-01 -3.116087373916368031e-01 9.214000497895674657e-01
-2.181665611267089844e+01 6.961106109619140625e+01 1.577911281585693359e+01 9.376555422414382113e-01 3.266730996375403762e-01 -1.186876997717794258e-01
-4.762242889404296875e+01 5.698798370361328125e+01 1.868467903137207031e+01 1.184675619752615511e-01 -2.187965798493629599e-01 9.685522667393116070e-01
1.194217491149902344e+01 3.752682876586914062e+01 -8.890513420104980469e+00 7.146454837770664648e-02 3.683337299624188654e-01 -9.269428686262937145e-01
1.344578361511230469e+01 -3.263472080230712891e+00 -2.060177612304687500e+01 1.150507060120273262e-02 -1.586755425999432645e-01 -9.872637466913667392e-01
3.459945917129516602e+00 -9.158830642700195312e+00 -1.719255828857421875e+01 2.635232514194701947e-01 -9.606557755337671312e-01 -8.772671711016616358e-02
-2.812472534179687500e+01 5.362474060058593750e+01 1.106179141998291016e+01 2.101195823250057715e-01 -3.711042343051288994e-01 9.045061682511453816e-01
1.572010040283203125e+00 1.840990066528320312e+01 -1.386839103698730469e+01 9.932982003178268335e-03 2.619376411526355697e-02 -9.996075342803286690e-01
2.686881828308105469e+01 2.552658081054687500e+01 -1.096357536315917969e+01 4.384922978816673811e-01 5.934354235364756036e-01 -6.749510373282929798e-01
2.915832328796386719e+01 4.841969013214111328e+00 -5.871455192565917969e+00 -3.722824803337921318e-01 -2.028563234439235696e-01 9.056793399848170889e-01
-2.451984405517578125e+01 1.691287803649902344e+01 -9.758518218994140625e+00 -3.759560143689905654e-01 1.667600241492299129e-01 -9.115087325997111023e-01
-6.335199737548828125e+01 3.541207885742187500e+01 1.088687038421630859e+01 -8.099902746038651902e-01 -1.198029710534887909e-01 -5.740757817343558056e-01
-9.124684333801269531e+00 1.816125988960266113e+00 -2.020379447937011719e+01 -1.703522231848840218e-01 2.778830144340832531e-02 -9.849913351694307151e-01
1.061053085327148438e+01 1.803700447082519531e+01 -6.478471755981445312e+00 7.681541378115712415e-03 -1.687764888991275247e-01 9.856244166602911028e-01
-5.056346893310546875e+00 4.067477416992187500e+01 3.703190088272094727e-01 1.283512693281248784e-01 -2.805304313466415178e-01 9.512248045285228715e-01
-8.586174964904785156e+00 2.634772109985351562e+01 -2.892548084259033203e+00 1.595610647045856423e-01 -1.716832503402694887e-01 9.721446025067151941e-01
3.316412353515625000e+01 1.225338745117187500e+01 -1.265246391296386719e+01 5.236040312708989397e-01 2.679219360548157902e-01 -8.087376920964562954e-01
-4.632231903076171875e+01 2.733768081665039062e+01 1.558275938034057617e+00 -5.531437498183375823e-01 2.716931527831852322e-01 -7.875371881807494701e-01
-2.531973266601562500e+01 3.392546463012695312e+01 -4.864807128906250000e+00 -1.996947148729827093e-01 3.247004510912507302e-01 -9.244953422883949168e-01
-3.434624481201171875e+01 4.385860824584960938e+01 9.028080940246582031e+00 3.508391200231480433e-01 -3.423322819948362294e-01 8.716194815202280566e-01
4.089316844940185547e+00 3.538331222534179688e+01 -2.163274049758911133e+00 8.857443377505737347e-02 -2.564360634291588670e-01 9.624942155952858069e-01
-6.438884735107421875e+01 4.904718017578125000e+01 1.540401554107666016e+01 1.847672716250565450e-01 8.797822648878112980e-03 -9.827429234814523129e-01
-4.923334503173828125e+01 4.347301483154296875e+01 8.432074546813964844e+00 -3.110324475208269823e-01 3.472321988610654886e-01 -8.846969066653920244e-01
1.969880485534667969e+01 1.281887817382812500e+01 -1.428662586212158203e+01 5.949551228046984219e-01 4.953922581764182431e-01 -6.329414762735295907e-01
-7.324903011322021484e+00 -5.312451839447021484e+00 -1.011358165740966797e+01 -1.044950547965501908e-01 -8.459466847774484988e-01 5.229292399905651756e-01
-4.085755920410156250e+01 1.493141365051269531e+01 -4.224863052368164062e+00 -4.519056986263039755e-01 2.563588034303825314e-01 -8.544363074289472726e-01
1.124019145965576172e+01 4.243929290771484375e+01 -1.988739967346191406e-01 2.757488375763200161e-01 5.868049564471170543e-01 7.613294435816896355e-01
-5.487998962402343750e+00 2.524913024902343750e+01 -1.235110473632812500e+01 -1.925941886496431443e-01 4.362467424539703265e-01 -8.789745492314808839e-01
-5.253749084472656250e+01 3.396509170532226562e+01 1.220970153808593750e+01 4.549913525550876026e-01 2.952798014882944133e-01 8.401146992721443274e-01
1.160782814025878906e+01 2.908417129516601562e+01 -3.760899066925048828e+00 4.879313299604494392e-02 -2.013518485430882410e-01 9.783029506552208820e-01
-1.271397972106933594e+01 7.654160022735595703e+00 -1.317828845977783203e+01 -5.377687337866710049e-01 5.345694383750312362e-01 -6.519511519407601430e-01
-2.563578796386718750e+01 6.303625488281250000e+01 9.189942359924316406e+00 -8.668208170205571328e-02 2.571614224739240395e-01 -9.624729707908612486e-01
3.339590072631835938e+00 1.113015365600585938e+01 -7.285480976104736328e+00 1.250546809498727548e-02 -1.621469360981422081e-01 9.866873792553091382e-01
-1.938035774230957031e+01 4.266459655761718750e+01 -2.628862857818603516e+00 -2.464707845215568516e-01 4.182520460871523293e-01 -8.742524682957658611e-01
-5.351145935058593750e+01 5.112269592285156250e+01 1.383810901641845703e+01 -4.338195895787392287e-01 5.793352086772030063e-01 -6.900516500122840791e-01
-6.476322174072265625e+01 5.373439788818359375e+01 2.438091087341308594e+01 -1.657043217721530792e-01 -5.285467802466307236e-02 9.847580721968923756e-01
1.716218948364257812e+00 1.049110984802246094e+01 -2.072002410888671875e+01 -2.256300906825177421e-02 3.296253495289147573e-02 -9.992018724518412220e-01
-4.200473785400390625e+01 6.417239379882812500e+01 1.585785675048828125e+01 7.589028221032657721e-03 2.393129003599448468e-01 -9.709128397399899857e-01
-5.635665893554687500e+01 6.150212097167968750e+01 2.534778594970703125e+01 -1.806301259868167697e-01 1.664137504945411294e-01 9.693705283493651015e-01
-1.186154460906982422e+01 1.787976980209350586e+00 -5.346269130706787109e+00 -1.394781861523993610e-02 -9.920566385481590643e-01 1.250163360061541107e-01
-1.594254875183105469e+01 1.817312240600585938e+01 -3.089540004730224609e+00 2.529494856063246866e-01 -2.717679273738588530e-01 9.285250407944917184e-01
6.190713882446289062e+00 3.045831108093261719e+01 -1.138166713714599609e+01 -1.416597918990384133e-02 3.028947424182787951e-01 -9.529187268854336645e-01
2.042167091369628906e+01 -3.838171005249023438e+00 -8.676589012145996094e+00 8.272176115298496279e-02 -7.882676765817390185e-01 6.097468165461592537e-01
1.846204996109008789e+00 -5.619963169097900391e+00 -7.989328861236572266e+00 2.011991775403686178e-02 -3.517028942929946722e-01 9.358954338255430772e-01
-3.394505691528320312e+01 4.159880161285400391e+00 -1.926864981651306152e+00 1.971796451755509771e-01 -4.465792595046427227e-01 8.727469006010440955e-01
1.569458580017089844e+01 5.719649791717529297e+00 -2.023786926269531250e+01 7.796059530094947565e-01 2.420663567747254052e-01 -5.775971233913554936e-01
-2.035883522033691406e+01 5.305410003662109375e+01 2.958098888397216797e+00 -1.566728744250986960e-01 3.677426042322411437e-01 -9.166345986552473235e-01
-5.245137786865234375e+01 6.474561309814453125e+01 1.746822166442871094e+01 -2.681573626046747094e-01 4.040158075169678620e-01 -8.745643807961296368e-01
2.042458152770996094e+01 2.506023788452148438e+01 -4.513001918792724609e+00 -2.574029720608631694e-02 -1.011114024903527059e-01 9.945420661722540467e-01
-6.651367187500000000e+01 4.050319671630859375e+01 1.777309989929199219e+01 -7.472242752665687604e-01 -6.014296612390529484e-01 2.827335230110311626e-01
-3.061709022521972656e+01 7.092078399658203125e+01 2.046663856506347656e+01 1.778443673925163004e-01 -3.621321995305776809e-01 9.150036344462799676e-01
-3.608487701416015625e+01 5.778857421875000000e+01 9.564073562622070312e+00 -2.629305729667392733e-01 3.171981194192662334e-01 -9.111821260517916077e-01
-3.916898727416992188e+01 3.468045806884765625e+01 5.050590038299560547e-01 -5.069765542741270226e-01 2.461353178752301585e-01 -8.260703231025748883e-01
-2.216179656982421875e+01 5.800590991973876953e+00 -1.208865547180175781e+01 -2.337028562776801988e-01 8.213149347674045253e-02 -9.688330056036148497e-01
-1.408258533477783203e+01 3.185254478454589844e+01 -8.571247100830078125e+00 -2.072492280466191328e-01 2.906041637311246872e-01 -9.341289940346645393e-01
3.012616157531738281e+01 -1.856764078140258789e+00 -1.327973365783691406e+01 9.801145907623970421e-02 -9.860746133140115832e-01 1.343525618191507842e-01
-2.290144157409667969e+01 1.810431003570556641e+00 -4.260232925415039062e+00 1.533382862574546868e-01 -6.263845447861698945e-01 7.642838294904908958e-01
-1.132773399353027344e+01 4.064809417724609375e+01 -5.917853832244873047e+00 -1.418390715118642009e-01 3.513101858068820027e-01 -9.254527708862221314e-01
1.889535331726074219e+01 4.218489074707031250e+01 -6.422853946685791016e+00 4.580093853835693896e-01 8.889316824070081502e-01 5.278912161703754741e-03
-4.146069717407226562e+01 4.221168518066406250e+01 4.475521087646484375e+00 -2.378506586703607595e-01 2.330389359978649877e-01 -9.429315555643784652e-01
2.114985084533691406e+01 7.476533889770507812e+00 -7.596817016601562500e+00 8.165541283854148291e-02 -1.291655619516105524e-01 9.882553572634413808e-01
-3.171544075012207031e+01 1.998018646240234375e+01 -6.588864803314208984e+00 -3.640883262945827648e-01 2.270630092892262086e-01 -9.032619113349849016e-01
-9.451908111572265625e+00 1.759382820129394531e+01 -1.312134552001953125e+01 -2.346504148865257988e-01 6.654767727343798012e-02 -9.697992521357663431e-01
5.993071079254150391e+00 1.896302938461303711e+00 -8.262408256530761719e+00 8.783627029099184969e-02 2.170901718847831341e-02 9.958983422990913548e-01
-5.325009918212890625e+01 2.052727890014648438e+01 3.329385042190551758e+00 -6.037673700817385303e-01 -9.593281020756343203e-02 -7.913670821750553586e-01
-2.305329513549804688e+01 3.741596603393554688e+01 2.714638948440551758e+00 1.789961740971452997e-01 -3.994771429544017871e-01 8.990986497129070942e-01
-3.788731384277343750e+01 1.963615036010742188e+01 1.985856056213378906e+00 3.442493769689958238e-01 -1.928096673803127159e-01 9.188671278379434426e-01
-2.972923088073730469e+01 1.015939140319824219e+01 -9.120998382568359375e+00 -3.620261811503646121e-01 8.922712888212661064e-02 -9.278876891268337257e-01
1.921251869201660156e+01 3.285869979858398438e+01 -9.898975372314453125e+00 1.071569905342693307e-01 2.897734785531415058e-01 -9.510776574532967542e-01
-4.753762435913085938e+01 1.132358551025390625e+01 -1.139124035835266113e+00 -8.591399877461132206e-01 -4.971780305884629381e-01 1.212125709478435176e-01
-1.694833374023437500e+01 1.449230003356933594e+01 -1.199604892730712891e+01 -3.087817754560594485e-01 2.706054258808194835e-01 -9.118259256185162753e-01
-3.328329467773437500e+01 5.093464279174804688e+01 5.276535987854003906e+00 -3.643947997698939734e-01 5.296022629098198209e-01 -7.659881676771888026e-01
9.332614898681640625e+00 2.089077758789062500e+01 -1.388711071014404297e+01 5.747201307245089485e-02 1.608127113880757630e-01 -9.853102250405278983e-01
-4.626269531250000000e+01 4.750208282470703125e+01 1.482113170623779297e+01 3.389823209652743641e-01 -3.114591876222618239e-01 8.877410436150152684e-01
-2.106608200073242188e+01 2.794039154052734375e+01 -7.927508831024169922e+00 -2.907593022258576632e-01 2.362861103984739419e-01 -9.271612061566707474e-01
-4.040494537353515625e+01 5.490345001220703125e+01 1.567635154724121094e+01 3.128732623223314246e-01 -2.693515546598610477e-01 9.108018784159908066e-01
-1.972409009933471680e+00 -4.418291091918945312e+00 -2.107596206665039062e+01 -2.319471849307835343e-01 -5.151464242303598340e-01 -8.251210002207912675e-01
-5.008146667480468750e+01 3.351152420043945312e+01 4.598671913146972656e+00 -4.198044133741408168e-01 2.686635289504060164e-01 -8.669395381014223245e-01
-4.950656127929687500e+01 2.662170791625976562e+01 8.681702613830566406e+00 3.542894413787125996e-01 -2.308764141222105770e-01 9.061871071305468428e-01
-3.902863311767578125e+01 2.755393791198730469e+01 4.404627799987792969e+00 3.571725751663871185e-01 -2.630469061767776728e-01 8.962332713640110970e-01
1.773520851135253906e+01 1.497267723083496094e+01 -6.774569988250732422e+00 3.843493970074337573e-01 -2.808821941194483696e-01 8.794206809295915805e-01
2.150850105285644531e+01 2.027119827270507812e+01 -1.292769718170166016e+01 1.330668117200148326e-01 2.338154350752182364e-01 -9.631321643156023349e-01
-1.656509017944335938e+01 2.648340606689453125e+01 -1.735655069351196289e+00 1.145282131208503335e-01 -1.227236203741637194e-01 9.858104287344515715e-01
7.887506008148193359e+00 5.888402938842773438e+00 -2.102582931518554688e+01 1.894161229627932402e-02 -8.916193341467561206e-02 -9.958370172640572671e-01
-3.368213653564453125e+01 4.175698471069335938e+01 1.512959957122802734e+00 -4.369088187539489354e-01 4.823449806144930463e-01 -7.592456807720628920e-01
-3.028629302978515625e+01 2.776280212402343750e+01 1.693220019340515137e+00 2.924654680682163832e-01 -4.222372345174179586e-01 8.580091303562696892e-01
-2.727442979812622070e+00 3.191778373718261719e+01 -2.463910102844238281e+00 7.829349439054672510e-02 -1.481740484845499584e-01 9.858572818069639698e-01
-2.042640876770019531e+01 4.452461242675781250e+01 4.954832077026367188e+00 1.832908221351219336e-01 -4.042360216807329709e-01 8.961013967720198314e-01
1.084890007972717285e+00 3.884194183349609375e+01 -8.324957847595214844e+00 -3.498246249559177484e-02 3.855276153142869755e-01 -9.220329089288644697e-01
-4.708204650878906250e+01 7.004082489013671875e+01 1.853592491149902344e+01 -4.087114018192915532e-01 6.177862178772334234e-01 -6.717850690688599302e-01
-2.911374664306640625e+01 2.703334808349609375e+01 -5.726850032806396484e+00 -2.718803232654155577e-01 2.000578834201315048e-01 -9.413065032722074399e-01
-3.921887207031250000e+01 9.497568130493164062e+00 7.496669888496398926e-01 2.631147492617881833e-01 -5.417263124701672539e-02 9.632424174343034995e-01
1.485340690612792969e+01 3.587174606323242188e+01 -2.160167932510375977e+00 -2.483620477936072934e-01 -3.589278301780634006e-01 8.997150137345899523e-01
-1.032701110839843750e+01 9.391773223876953125e+00 -5.067685127258300781e+00 6.008777072206895192e-02 5.680758040619959121e-02 9.965753150756069267e-01
-2.390361213684082031e+01 1.370676803588867188e+01 -2.955474853515625000e+00 1.998406133462867496e-01 -1.485329364172655875e-01 9.685048766302853940e-01
-7.155185699462890625e+01 4.551726150512695312e+01 1.537897682189941406e+01 -5.609910740004140361e-01 4.868566752261450220e-02 -8.263889645135271689e-01
2.971122169494628906e+01 5.583981037139892578e+00 -1.390776252746582031e+01 1.443638861276951013e-01 7.685583085268384018e-02 -9.865354781486845859e-01
3.024426078796386719e+01 1.888576698303222656e+01 -1.092375946044921875e+01 9.973491052218177444e-01 6.583234742038372028e-03 -7.246670500009372295e-02
-5.639704895019531250e+01 3.955028152465820312e+01 9.308798789978027344e+00 -1.918941456658144473e-01 2.743538360059742942e-01 -9.422879652887402591e-01
-5.855589294433593750e+01 5.178778457641601562e+01 1.917027473449707031e+01 1.327742434006717320e-01 -9.843424605097465807e-02 9.862462671634074640e-01
7.491250038146972656e-01 1.792660140991210938e+01 -6.148147106170654297e+00 1.164458830662767758e-01 -1.502725985948830389e-01 9.817629563333788445e-01
-3.672383117675781250e+01 9.103004455566406250e+00 -6.616559028625488281e+00 -3.596866877683415620e-01 8.349210875357003514e-02 -9.293301643754611208e-01
-1.333466339111328125e+01 -4.042364120483398438e+00 -1.903917312622070312e+01 -9.403798928467532736e-01 -9.810740767998511747e-02 -3.256694546435724980e-01
1.074412536621093750e+01 -8.928007125854492188e+00 -1.689065551757812500e+01 5.995843665403604028e-01 -5.554141100650499263e-01 5.762063464949368496e-01
1.563446998596191406e+01 6.682260036468505859e-01 -1.488611793518066406e+01 1.101846617420060709e-01 -2.797488048022219939e-02 -9.935173608845077053e-01
-4.433379745483398438e+01 2.091899108886718750e+01 -1.221663951873779297e+00 -2.344841115726948588e-01 1.130110341717005251e-01 -9.655287191872682362e-01
3.156961631774902344e+01 1.170139694213867188e+01 -5.507887840270996094e+00 3.122531612114024524e-01 1.891107360253548031e-01 9.309860862727403763e-01
-3.561791992187500000e+01 5.042328262329101562e+01 1.209667205810546875e+01 4.980005313972386549e-01 4.399455434089163952e-03 8.671655640764059925e-01
-2.872267913818359375e+01 6.859933471679687500e+01 1.379025459289550781e+01 -2.649804119281531367e-01 5.878731161861977528e-01 -7.643236098406980261e-01
-4.113898086547851562e+01 4.402563858032226562e+01 1.136848926544189453e+01 3.404707660044948292e-01 -3.915251249573786230e-01 8.548612367065322459e-01
-2.712385177612304688e+01 7.349962234497070312e+00 -3.129765987396240234e+00 1.626546721414874885e-01 -5.008676674526209988e-02 9.854109667684599616e-01
-3.648551940917968750e+00 1.368797492980957031e+01 -1.431781768798828125e+01 -6.772877220456086089e-01 7.121074302228156405e-01 -1.848901008375729293e-01
-3.055877923965454102e+00 5.179534912109375000e+00 -2.138531875610351562e+01 -2.744082970544577393e-01 3.793215902642748105e-01 -8.836374922257735909e-01
1.181715393066406250e+01 8.300825119018554688e+00 -1.490694427490234375e+01 8.920014644355734879e-01 2.253479026778209826e-01 3.918567470434821121e-01
6.107614994049072266e+00 -3.541333913803100586e+00 -2.069507408142089844e+01 5.090520352706040530e-02 -9.956788903215800512e-02 -9.937277774760794324e-01
-4.751215362548828125e+01 5.456522750854492188e+01 1.213101100921630859e+01 -4.901698793523119324e-01 5.314901393929183371e-01 -6.908340763916008820e-01
-4.107244968414306641e+00 4.512253952026367188e+01 -4.915482997894287109e+00 -1.424362527348177476e-01 5.733121017063733671e-01 -8.068612941168289421e-01
-3.684801483154296875e+01 3.766705322265625000e+01 7.174320220947265625e+00 2.972243840478241417e-01 -2.527276412432578612e-01 9.207531726141434669e-01
1.782446026802062988e+00 2.526210975646972656e+01 -1.288949871063232422e+01 1.080548172141815137e-02 1.608859672929809637e-01 -9.869138498840565044e-01
-2.806824493408203125e+01 4.127125549316406250e+01 5.612219810485839844e+00 2.437080183316271687e-01 -3.485798156644376866e-01 9.050406145097676935e-01
-3.479936981201171875e+01 7.657439422607421875e+01 2.036549758911132812e+01 -3.574158143489256090e-01 8.502131982814044031e-01 3.865119055364266698e-01
-1.888644981384277344e+01 3.635452270507812500e+01 -5.712768077850341797e+00 -1.658633645158359704e-01 2.969831606246484679e-01 -9.403671339518843153e-01
-2.925575017929077148e+00 -8.292814254760742188e+00 -1.471000862121582031e+01 -1.768116152282345199e-01 -7.913621220757057761e-01 5.852210218919161600e-01
-2.005439376831054688e+01 6.331855773925781250e+01 1.360223674774169922e+01 4.210047557667525031e-01 -2.091560905104597745e-01 8.826147094990868247e-01
-3.135667419433593750e+01 2.093404006958007812e+01 2.374649941921234131e-01 2.595465476130208726e-01 -1.955089947643037507e-01 9.457334839099296175e-01
2.166699028015136719e+01 -4.024977207183837891e+00 -1.544316101074218750e+01 2.357491447319130518e-01 -8.483175312611168639e-02 -9.681042890204143436e-01
-2.155421066284179688e+01 3.081276321411132812e+01 1.790850013494491577e-01 2.380758868520049809e-01 -2.641042193176518782e-01 9.346490429237300779e-01
-1.182060050964355469e+01 3.988732910156250000e+01 1.153694987297058105e+00 1.099859576911477871e-01 -2.945784295183598300e-01 9.492769026860695680e-01
-3.195665550231933594e+01 3.319233322143554688e+01 -2.391601085662841797e+00 -3.594302424751292246e-01 3.730592599512789764e-01 -8.553576382770389230e-01
-3.691188049316406250e+01 6.758518218994140625e+01 1.896803855895996094e+01 2.145178495975984534e-01 -1.313340665454705847e-01 9.678499135551192900e-01
-2.536316299438476562e+01 4.805711364746093750e+01 8.090743064880371094e+00 2.284066606714308667e-01 -7.486063463076532143e-01 6.224298640239168678e-01
1.347977447509765625e+01 4.889160096645355225e-01 -8.406433105468750000e+00 -6.245824430950587536e-02 -2.930532921800623261e-02 9.976172439353673260e-01
4.502695083618164062e+00 1.665786743164062500e+01 -1.980439949035644531e+01 2.329408271418902387e-01 8.853356118374912098e-01 -4.023921289771794085e-01
9.296735763549804688e+00 4.344105529785156250e+01 -6.745309829711914062e+00 -6.002191985043006835e-03 4.258447127510948671e-01 -9.047763559650042753e-01
-5.437648010253906250e+01 5.767892456054687500e+01 1.978686332702636719e+01 1.906715857441904360e-01 -5.819575301218921082e-01 7.905503017039604563e-01
3.364247894287109375e+01 -6.278000026941299438e-02 -7.321885108947753906e+00 2.770903837837118133e-01 -8.331777342626454086e-01 4.785768301365626032e-01
2.645147514343261719e+01 1.265219688415527344e+01 -1.370722770690917969e+01 3.443503634853578577e-02 1.519618666376197913e-01 -9.877863227235358368e-01
2.659733390808105469e+01 -1.468176007270812988e+00 -7.361268997192382812e+00 -1.986982949821068656e-01 -1.719217162334974458e-01 9.648636748569884292e-01
-2.788975524902343750e+01 3.931348419189453125e+01 -1.583334922790527344e+00 -3.021087884783175137e-01 3.097966439170455888e-01 -9.015299880436027369e-01
3.504935455322265625e+01 6.895615100860595703e+00 -8.710003852844238281e+00 8.817690576622766452e-01 3.933531667425760325e-01 2.603010087628704339e-01
2.657026481628417969e+01 2.213632583618164062e+01 -5.145242214202880859e+00 7.963851627001843347e-01 5.256579401205486723e-01 2.990892887069385164e-01
-5.863581085205078125e+01 3.123983383178710938e+01 1.325350475311279297e+01 -7.404476307827307924e-01 -6.632419208034407987e-01 1.088460406133507502e-01
-2.460053634643554688e+01 5.714871215820312500e+01 6.167368888854980469e+00 -2.622208536092792697e-01 5.697726282321642355e-01 -7.788448985836863292e-01
1.779245018959045410e+00 4.141828155517578125e+01 -2.307699993252754211e-02 4.221048179733347810e-02 -2.699798987503902459e-01 9.619402941436469012e-01
-1.536052322387695312e+01 5.223440170288085938e+01 7.400659084320068359e+00 7.390863477399786108e-01 -2.074594422227412915e-01 6.408681224846565216e-01
1.523663520812988281e+01 1.770242881774902344e+01 -1.382543659210205078e+01 2.726692745504175064e-01 5.832438014842954432e-01 -7.651654296596891447e-01
-9.161984443664550781e+00 3.311374664306640625e+01 -1.559946060180664062e+00 1.359085132397338247e-01 -2.097248910334257588e-01 9.682687365137753188e-01
6.349065780639648438e+00 1.356143569946289062e+01 -1.432120418548583984e+01 -7.449744899502110107e-02 6.386227300220110870e-01 -7.659054372391332910e-01
-3.352696895599365234e+00 9.719234466552734375e+00 -6.214008808135986328e+00 2.637434808694905097e-01 -9.451777120159843282e-02 9.599509191755206672e-01
-1.999474048614501953e+00 1.610842132568359375e+01 -2.018255805969238281e+01 -1.301437267920399488e-01 5.049158158864555102e-01 -8.533010191277130563e-01
-2.422920799255371094e+01 7.565222930908203125e+01 1.636328506469726562e+01 5.102156312669610116e-01 6.331897272920403719e-01 -5.820230054410976406e-01
-2.207390069961547852e-01 3.138516044616699219e+01 -1.082535457611083984e+01 -8.689243404176860697e-02 3.926489979490622173e-01 -9.155743931084432408e-01
1.556252098083496094e+01 -5.823427200317382812e+00 -1.384293842315673828e+01 2.940187174880570242e-01 -9.541412338619988942e-01 5.628054380494544595e-02
-1.202933502197265625e+01 7.779860019683837891e+00 -1.962969207763671875e+01 -2.788412404137209366e-01 8.230443558993826014e-02 -9.568038161121428242e-01
-1.707190704345703125e+01 4.867156982421875000e+01 -8.691030144691467285e-01 -1.317086526489099907e-01 3.425939443182648980e-01 -9.302054719973767982e-01
-3.961487054824829102e+00 2.208499908447265625e+01 -4.604550838470458984e+00 1.653175564691590493e-01 -2.692867266123196157e-01 9.487648625415510129e-01
-6.573170471191406250e+01 5.481720733642578125e+01 1.809613227844238281e+01 -7.805114350040966986e-01 6.154781729108482757e-01 1.094920933134885671e-01
1.407841873168945312e+01 2.328668594360351562e+01 -5.066896915435791016e+00 -3.905042292149035754e-02 -3.064109921814208715e-01 9.510979804100364587e-01
1.262191390991210938e+01 3.141407775878906250e+01 -1.075234794616699219e+01 8.159974576746883285e-03 2.260104268361298463e-01 -9.740907051072078549e-01
-1.139566612243652344e+01 1.347490072250366211e+00 -1.400224494934082031e+01 -6.870260330817612449e-01 -2.230898564600895528e-01 -6.915389691207252110e-01
-5.489393615722656250e+01 4.555343627929687500e+01 1.072190570831298828e+01 -3.295076817303951300e-01 3.231725051112849245e-01 -8.871213105436918100e-01
-5.086323547363281250e+01 4.028974914550781250e+01 1.368967437744140625e+01 3.942463718600660583e-01 -3.498580087615306700e-01 8.498053730005425965e-01
-6.169995117187500000e+01 4.117474365234375000e+01 1.289163494110107422e+01 -5.343257652443064165e-01 4.512057159726028388e-01 -7.147792515663399238e-01
-2.808135223388671875e+01 5.937833786010742188e+01 1.381790256500244141e+01 2.586807175144022475e-01 -4.007298994796477665e-01 8.789196971562678318e-01
-3.792963409423828125e+01 2.524820089340209961e+00 -6.487454891204833984e+00 -4.072732762807442786e-01 -3.977642148280070566e-01 -8.221387400127837530e-01
-4.280615234375000000e+01 2.256963920593261719e+01 4.652628898620605469e+00 1.558242301121059714e-01 5.893863119287690022e-02 9.860248714221561128e-01
2.388338279724121094e+01 2.973415756225585938e+01 -7.244772911071777344e+00 8.599756778115773548e-01 2.677559797047847634e-01 4.344520329160043159e-01
-2.140211486816406250e+01 5.275188827514648438e+01 9.159125328063964844e+00 2.429982498924564693e-01 -3.958283721744877415e-01 8.855911869090041799e-01
-6.600991058349609375e+01 4.846172714233398438e+01 2.141989707946777344e+01 7.516041998492793974e-01 -6.037473391774593745e-01 2.656694886603696570e-01
1.811978340148925781e+01 3.066607666015625000e+01 -3.442074060440063477e+00 -2.955607005877890908e-02 -2.080181836026759046e-01 9.776783080406989956e-01
-3.766339111328125000e+01 2.016738891601562500e+01 -4.523077964782714844e+00 -3.749485792555677932e-01 2.314585108622489729e-01 -8.976862038951368694e-01
-4.692446899414062500e+01 6.311954116821289062e+01 1.958204078674316406e+01 -3.581204685956033452e-03 -1.003032614146573548e-01 9.949504664668388232e-01
-4.666100692749023438e+01 3.897972869873046875e+01 4.751660823822021484e+00 -1.523153219285639237e-01 3.958829307149723253e-01 -9.055808897466434138e-01
-3.830984497070312500e+01 4.748737716674804688e+01 5.463413238525390625e+00 -4.302699162205252392e-01 5.091806182923829249e-01 -7.453877495310535783e-01
-2.109494590759277344e+01 2.194946861267089844e+01 -9.685035705566406250e+00 -3.690063426252831319e-02 4.236887013581434602e-01 -9.050559250855568783e-01
-3.163204765319824219e+01 6.294453048706054688e+01 1.036556816101074219e+01 -2.383685521756964409e-01 3.841362705941545608e-01 -8.919752008591252945e-01
6.253880023956298828e+00 -7.334494113922119141e+00 -1.199240398406982422e+01 -3.718847248473688971e-02 -9.623309253396538088e-01 2.693254678807371350e-01
-1.760517120361328125e+01 5.907570123672485352e-01 -6.967822074890136719e+00 2.779812738354155155e-02 -4.993983591285992563e-01 8.659264073890060587e-01
-3.082843589782714844e+01 7.474256134033203125e+01 1.573368835449218750e+01 3.215677066551407299e-03 -1.022084822575143881e-01 -9.947578024703395139e-01
-5.960617828369140625e+01 5.690609359741210938e+01 2.312529182434082031e+01 4.418420084586887620e-01 -6.380762455698989477e-01 6.305825436852927623e-01
-1.040637397766113281e+01 2.042590141296386719e+01 -3.949205875396728516e+00 1.787941326476223669e-01 -2.780335882428434657e-01 9.437849235602322473e-01
-8.568095207214355469e+00 3.002709007263183594e+01 -1.032349777221679688e+01 -1.764068714590183162e-01 3.282846980403040238e-01 -9.279600059995193329e-01
1.887334251403808594e+01 4.009442520141601562e+01 -7.926200032234191895e-01 1.046635594814482734e-01 -8.927937409015344883e-02 9.904921668941879531e-01
-6.157247161865234375e+01 4.431180191040039062e+01 1.821025085449218750e+01 1.251111146686443021e-01 -2.229432231652567764e-01 9.667696355549526555e-01
-3.431886291503906250e+01 1.454665565490722656e+01 -6.821060180664062500e+00 -3.508628702411157874e-01 8.963519397885202911e-02 -9.321270183223634431e-01
-4.423981475830078125e+01 2.924119186401367188e+01 7.053556919097900391e+00 3.814430477625102012e-01 -2.934522130987268218e-01 8.765768648219657289e-01
-1.273422622680664062e+01 -3.131764888763427734e+00 -8.781038284301757812e+00 -4.703773238817288704e-01 -6.257521397371068606e-01 6.222374408473789753e-01
1.801373481750488281e+01 7.103417873382568359e+00 -1.500241470336914062e+01 -8.117583368891773121e-02 4.556937315965790825e-02 -9.956575296027971866e-01
-3.789448547363281250e+01 6.008834838867187500e+01 1.686885833740234375e+01 1.751945909211757857e-01 -4.432229341590193661e-01 8.791247271846193145e-01
-4.455076599121093750e+01 7.599730014801025391e+00 2.346652030944824219e+00 -6.239778235750760293e-01 -6.599859783895324350e-01 4.184138908015875846e-01
8.126108169555664062e+00 2.321466064453125000e+01 -5.224653244018554688e+00 5.680192960285750797e-02 -2.225140918967741244e-01 9.732733530210030404e-01
6.265970230102539062e+00 3.607449340820312500e+01 -9.345842361450195312e+00 1.424928192074668455e-03 3.057120005316202871e-01 -9.521229659611211149e-01
9.083539962768554688e+00 1.242110824584960938e+01 -7.280505180358886719e+00 2.441717603934394701e-02 -8.925194874288520930e-02 9.957097424249001794e-01
-5.670004272460937500e+01 3.282112121582031250e+01 7.937696933746337891e+00 -2.776253033899049316e-01 1.742878952501900613e-01 -9.447475432552985275e-01
1.926048851013183594e+01 1.850419998168945312e+00 -7.821605205535888672e+00 -6.962146952463485472e-02 7.111384324645668442e-02 9.950355130747587928e-01
-2.741516113281250000e+01 5.215000152587890625e+01 4.040932178497314453e+00 -1.112673453843863736e-01 3.135846096634860580e-01 -9.430187009987186508e-01
-5.062770080566406250e+01 1.582325935363769531e+01 1.008625984191894531e+00 -8.192125831214949194e-01 -5.244053064148178622e-01 -2.321418063585033442e-01
-4.533630371093750000e+01 3.995077133178710938e+01 1.121393394470214844e+01 2.574321686580399726e-01 -2.625571070478440738e-01 9.299421724379884902e-01
-4.114023590087890625e+01 5.945229339599609375e+01 1.204371356964111328e+01 -4.630900522719805235e-01 6.055867988456055118e-01 -6.471570385545278858e-01
-4.950482940673828125e+01 4.907821273803710938e+01 1.014812374114990234e+01 -3.035919945980988244e-01 3.334701467679706544e-01 -8.925410702205787139e-01
-5.993199157714843750e+01 3.637564468383789062e+01 1.563949966430664062e+01 2.584077363410222095e-01 -2.733569683595577504e-01 9.265535114867249344e-01
-1.762135314941406250e+01 3.935908508300781250e+01 2.142718076705932617e+00 1.938348385589978851e-01 -3.929802974293625795e-01 8.988851657431758957e-01
-2.204984283447265625e+01 1.178993988037109375e+01 -1.150599288940429688e+01 -1.477359443205525924e-01 1.084585017350517822e-01 -9.830619737112723522e-01
-2.292037200927734375e+01 5.767263793945312500e+01 1.183812141418457031e+01 2.014241379057460368e-01 -4.369211486278207213e-01 8.766574168685694612e-01
-4.428067779541015625e+01 3.299864196777343750e+01 2.671228885650634766e+00 -4.109439130558113495e-01 2.518046907528661005e-01 -8.761960385879584701e-01
5.469233989715576172e+00 2.994887924194335938e+01 -3.418606996536254883e+00 1.030754073612838995e-01 -1.934597070589314516e-01 9.756786367149676842e-01
-5.868119812011718750e+01 4.758646011352539062e+01 1.452805423736572266e+01 -3.527899396957523970e-01 3.913481828619665981e-01 -8.499328551245116659e-01
2.128458595275878906e+01 2.663052558898925781e+01 -1.142773723602294922e+01 7.049038044909995693e-02 2.550678835402196420e-01 -9.643502895994038315e-01
-4.919753265380859375e+01 2.105748367309570312e+01 7.313910007476806641e+00 5.102847575916195089e-01 -1.759198273488647435e-01 8.418204562228264187e-01
-1.333714103698730469e+01 4.455525970458984375e+01 -2.163878917694091797e+00 4.744497490401828332e-01 6.241723132753876913e-01 6.207305043061429606e-01
-8.858365058898925781e+00 1.193581771850585938e+01 -1.281768226623535156e+01 -4.994216880361259103e-01 5.869540705699244354e-01 -6.372306462816604844e-01
-5.729440307617187500e+01 6.281839752197265625e+01 1.976324844360351562e+01 -6.252387820072148328e-01 7.324512230142661284e-01 2.694284160571047693e-01
-3.102514982223510742e+00 -2.518084049224853516e+00 -7.508237838745117188e+00 1.265688164992472275e-01 -2.327362072066501558e-03 9.919550988203877928e-01
-2.664740180969238281e+01 2.229895973205566406e+01 -7.725954055786132812e+00 -2.861492609449567404e-01 2.566059532301638302e-01 -9.231857804513099452e-01
-4.136600494384765625e+01 2.917267227172851562e+01 -5.411440134048461914e-01 -2.977354065453072240e-01 2.034679907002292232e-01 -9.327134632081345300e-01
-4.124887943267822266e+00 1.956094932556152344e+01 -1.341948604583740234e+01 -1.110502394941157850e-01 5.596137040005132873e-02 -9.922379600334023664e-01
-2.268732452392578125e+01 6.770581054687500000e+01 1.049129486083984375e+01 1.229246381072986172e-01 4.938997828164629622e-01 -8.607860000488160024e-01
-5.162953186035156250e+01 4.622964477539062500e+01 1.614081764221191406e+01 2.017854071283166073e-01 -3.229641928542814622e-01 9.246495442079889493e-01
-5.114502716064453125e+01 6.265428543090820312e+01 2.332702064514160156e+01 5.241884500286437820e-01 -8.325573387442292139e-01 1.790942393258212195e-01
-4.109804534912109375e+01 1.489459991455078125e+01 2.247051954269409180e+00 3.727178605366499586e-01 -2.640203974375130436e-01 8.895923932756619745e-01
-2.619934463500976562e+01 1.889302444458007812e+01 -1.599808931350708008e+00 1.676595297713225630e-01 -1.551554067880048515e-01 9.735589770636947637e-01
-1.005668640136718750e+01 -6.361649990081787109e+00 -1.493158149719238281e+01 -4.920379112948973233e-01 -3.772540135450349608e-01 7.845878555730501080e-01
-5.410871124267578125e+01 2.821825599670410156e+01 1.178806972503662109e+01 4.513831175089284553e-01 -3.934228567600168702e-01 8.009193074253537770e-01
2.120719718933105469e+01 1.925215721130371094e+01 -5.524401187896728516e+00 -2.086546413435073216e-02 -1.757921892079218062e-01 9.842061464042705099e-01
-3.573466491699218750e+01 3.214027404785156250e+01 4.801602840423583984e+00 4.701213785693444391e-01 -2.804416426238794391e-01 8.368622195406358877e-01
2.631957054138183594e+01 9.867191314697265625e+00 -6.263576030731201172e+00 -2.576210292532955526e-01 -1.298603036706151292e-01 9.574798727999708214e-01
-3.082619476318359375e+01 4.817425918579101562e+01 9.698201179504394531e+00 1.806409086410189768e-01 -4.157240317633287274e-01 8.913710739864683097e-01
-3.283612823486328125e+01 5.553661346435546875e+01 1.351985168457031250e+01 2.145248080540017588e-01 -2.629317512907753951e-01 9.406625329482191100e-01
9.748184204101562500e+00 2.627976989746093750e+01 -1.243868446350097656e+01 1.282076660779389241e-02 2.225396807241258879e-01 -9.748393295547694848e-01
-5.210975646972656250e+01 2.615616226196289062e+01 3.781108856201171875e+00 -2.866358408485217835e-01 1.385455179540898141e-01 -9.479688993821968612e-01
-7.392545223236083984e+00 -3.490834951400756836e+00 -2.030957221984863281e+01 -1.808130772779379392e-01 -4.596029421726726544e-02 -9.824430174013882855e-01
-2.959086894989013672e+00 2.613120079040527344e-01 -2.395287322998046875e+01 -7.324107675362022674e-01 -1.995628033271669155e-01 -6.509601793698547301e-01
-6.934417724609375000e+01 5.050445556640625000e+01 1.750544929504394531e+01 -8.019584767656657842e-01 5.970009973351453336e-01 -2.126994886065425999e-02
9.400388717651367188e+00 3.742544555664062500e+01 -1.602005958557128906e+00 -9.810002563049527446e-02 -6.424874666081054064e-01 7.599909474610831994e-01
-2.522716903686523438e+01 6.447393798828125000e+01 1.514517116546630859e+01 1.822357673028210390e-01 -2.552744947593027502e-01 9.495393922533887920e-01
-3.068380737304687500e+01 5.778549194335937500e+01 8.445446014404296875e+00 -1.868895875345028268e-01 3.303085998057468942e-01 -9.251856629701684653e-01
-1.681155204772949219e+01 4.001459121704101562e+00 -1.272990512847900391e+01 1.554642634282792091e-01 4.009762617954583386e-02 -9.870273771134557839e-01
-2.642950248718261719e+01 3.262213897705078125e+01 1.963410973548889160e+00 2.384119978959646502e-01 -2.428327538381107875e-01 9.403148264930497602e-01
-1.435760498046875000e+01 2.169229984283447266e+00 -1.859856605529785156e+01 -9.835864995982821490e-01 1.023292372236443287e-01 -1.486146864116243971e-01
-5.760245800018310547e+00 4.008164978027343750e+01 -7.023665904998779297e+00 -7.893349225044381245e-02 3.894579538146812347e-01 -9.176557121337123313e-01
-5.155028533935546875e+01 5.299907684326171875e+01 1.858072662353515625e+01 3.713541877210210229e-01 -3.252078516798936891e-01 8.696757559388493819e-01
9.684516906738281250e+00 7.399389743804931641e-01 -2.084626770019531250e+01 1.489017185514083901e-02 -2.084805870945598619e-02 -9.996717667465513379e-01
-5.383446502685546875e+01 2.334479713439941406e+01 9.197229385375976562e+00 -7.236837715620784151e-01 -6.559787604395859173e-01 2.144147024572468363e-01
-2.847842025756835938e+01 2.240552902221679688e+00 -4.418687820434570312e+00 -2.426912183392348765e-01 -9.669512422826070930e-01 7.814261058565080686e-02
2.324987220764160156e+01 8.201477050781250000e+00 -1.394581031799316406e+01 -5.735289507694501382e-02 4.245143904949734426e-02 -9.974510117037928003e-01
-2.041127967834472656e+01 6.199308013916015625e+01 8.121417999267578125e+00 2.221172658294567892e-01 4.383654461003649860e-01 -8.709188572339414680e-01
-4.797499084472656250e+01 3.222188568115234375e+01 9.610398292541503906e+00 3.179856515059691358e-01 -2.744648559287696243e-01 9.074988530551010291e-01
-4.295759582519531250e+01 9.943822860717773438e+00 -4.109749794006347656e+00 -5.627044985578634195e-01 1.539550365638558127e-01 -8.121954777141802140e-01
7.070507049560546875e+00 7.255997180938720703e+00 -7.956286907196044922e+00 1.715458800688383634e-01 2.959570114977898014e-01 9.396709308990593978e-01
-1.167855072021484375e+01 1.482850074768066406e+01 -4.876720905303955078e+00 8.989426962491260664e-02 -9.216443170906959970e-02 9.916777388932090931e-01
-4.214592742919921875e+01 6.838776397705078125e+01 1.988292312622070312e+01 2.123126218167740997e-01 -3.676555836994153115e-01 9.054019673006733493e-01
-5.158398437500000000e+01 3.806380462646484375e+01 7.439680099487304688e+00 -4.100724112901099616e-01 3.361965358551568528e-01 -8.478281115755169628e-01
-4.449501800537109375e+01 4.626407241821289062e+01 7.829758167266845703e+00 -3.767306968549847257e-01 3.935206762984836404e-01 -8.385794293760976403e-01
-1.341848015785217285e+00 3.717242050170898438e+01 -1.242975950241088867e+00 1.189509830999592732e-01 -3.106705880660600716e-01 9.430453060856840430e-01
-3.332216262817382812e+01 5.348031997680664062e+00 -8.286022186279296875e+00 -3.657907994710637989e-01 6.365955383890188612e-02 -9.285173946821630997e-01
-3.505473327636718750e+01 2.474143600463867188e+01 2.241661071777343750e+00 3.028266274777469125e-01 -1.585573147194656307e-01 9.397635934847690109e-01
-1.255488038063049316e+00 -9.511075973510742188e+00 -1.969330024719238281e+01 -1.520056925734773190e-01 -5.954132383169964404e-01 -7.889089586651459873e-01
-3.656665039062500000e+01 6.306824493408203125e+01 1.265952491760253906e+01 -4.717643923272941131e-01 6.969638539849287717e-01 -5.400738323327041179e-01
-2.223813247680664062e+01 4.666104125976562500e+01 -6.068450212478637695e-01 -2.869909415012145137e-01 3.645798046133863490e-01 -8.858429689083227032e-01
-3.624333953857421875e+01 1.399705314636230469e+01 3.157050013542175293e-01 3.625695696764918430e-01 -1.109148380766395298e-01 9.253330242885727808e-01
-4.145070648193359375e+01 4.984421920776367188e+01 1.400096607208251953e+01 3.767975703960630418e-01 -2.622189582559191212e-01 8.884057681458424893e-01
-3.558023071289062500e+01 7.189492034912109375e+01 1.618247795104980469e+01 -6.646592823366341551e-02 -1.371177007176681006e-01 -9.883223242110529272e-01
-7.287021160125732422e+00 4.663928985595703125e+00 -5.531953811645507812e+00 2.793428996395412311e-01 -1.175462668816138617e-01 9.529692647526306626e-01
-2.100292968750000000e+01 1.940127944946289062e+01 -2.154061079025268555e+00 9.390383145963417111e-02 -1.660165869884226431e-01 9.816417693241847875e-01
-4.878129959106445312e+01 2.270216560363769531e+01 1.619724988937377930e+00 -5.393688220024264179e-01 2.674346957697762983e-01 -7.984735169999328530e-01
2.065245628356933594e+01 3.743575668334960938e+01 -7.723869800567626953e+00 7.844826993601063947e-01 4.447918867796514242e-01 -4.321424208055473226e-01
-2.145031356811523438e+01 6.586059927940368652e-01 -1.180373859405517578e+01 -3.981528862713943351e-01 -9.036527943140389985e-01 1.577526750397188204e-01
-4.287632751464843750e+01 5.913902282714843750e+01 1.801070594787597656e+01 2.420961842442239664e-01 -4.276353256204614151e-01 8.709290819899567770e-01
-1.002359771728515625e+01 2.270946121215820312e+01 -1.239659976959228516e+01 -2.327467067609395243e-02 7.964309754154051679e-02 -9.965516879313927046e-01
6.088975906372070312e+00 4.399502944946289062e+01 -1.292551994323730469e+00 1.950947118006797487e-01 8.408779080434504172e-01 5.048389814504030682e-01
-2.714889907836914062e+01 5.940684795379638672e+00 -1.072044658660888672e+01 -4.134940236472761654e-01 1.137339897777690512e-01 -9.033754878106978747e-01
-1.761990165710449219e+01 9.406122207641601562e+00 -1.262217903137207031e+01 -2.167703457664558464e-01 8.631750146786362765e-02 -9.723990467583957242e-01
-8.074453353881835938e+00 -1.594106912612915039e+00 -6.607330799102783203e+00 2.588848235018628152e-01 -3.178848439853347863e-01 9.121008026116568246e-01
1.215646934509277344e+01 1.363366317749023438e+01 -1.440011882781982422e+01 -3.291640083883259904e-02 2.356096313178531187e-01 -9.712901791874984925e-01
2.429310417175292969e+01 3.430583953857421875e+00 -7.278180122375488281e+00 -1.311565887730367919e-01 -4.492161863290414919e-02 9.903433734825615176e-01
6.888278961181640625e+00 -3.463850021362304688e+00 -8.272882461547851562e+00 8.930091030657225093e-02 1.040443866462463507e-01 9.905554568149245176e-01
1.425054168701171875e+01 4.330652618408203125e+01 -4.249680995941162109e+00 3.049178070477201463e-01 9.181956875250778527e-01 2.528671792771038374e-01
-6.910004425048828125e+01 4.447181701660156250e+01 1.974589920043945312e+01 2.201522876031988540e-01 -9.541750605509281558e-01 2.026892303150585328e-01
-3.510538101196289062e+00 1.021625900268554688e+01 -2.057691192626953125e+01 -6.684091468854048979e-02 7.763177771041139541e-02 -9.947389603373945066e-01
2.213545083999633789e+00 5.674552917480468750e+00 -7.873033046722412109e+00 1.067211786474145108e-01 -8.190174814648693014e-02 9.909100330901167153e-01
-4.526766586303710938e+01 5.271258544921875000e+01 1.632665634155273438e+01 2.945252372008161368e-01 -2.510875204853231235e-01 9.220682955770334033e-01
-8.202886581420898438e+00 4.378401184082031250e+01 -2.161998987197875977e+00 3.629576832096104155e-02 8.071827461123762815e-01 5.891847177078458619e-01
5.449038028717041016e+00 1.608000946044921875e+01 -6.702560901641845703e+00 -4.759783811107660273e-02 -2.283037704647896682e-01 9.724257473960221665e-01
-1.059776306152343750e+01 3.550959014892578125e+01 -8.065896034240722656e+00 -1.766456549092299544e-01 3.378305829669072113e-01 -9.244819142708682325e-01
2.572289943695068359e+00 5.572748184204101562e+00 -2.156670188903808594e+01 1.747349542871521055e-01 4.010335200825427271e-01 -8.992440222322701793e-01
-2.916451454162597656e+01 1.539419746398925781e+01 -8.454290390014648438e+00 -3.191320803230612291e-01 1.341107005251670481e-01 -9.381732437632850363e-01
-1.967544937133789062e+01 5.764226913452148438e+01 5.165256977081298828e+00 8.167525091223474254e-01 4.139704093972482735e-01 -4.019251659025896983e-01
-2.637873077392578125e+01 7.100977325439453125e+01 1.775399589538574219e+01 2.348159694793553742e-01 -1.745873388964607198e-01 9.562325666774389443e-01
-3.513722896575927734e+00 2.693582916259765625e+01 -3.413842916488647461e+00 1.204710224468292096e-01 -2.072409879301492786e-01 9.708439141655836879e-01
-2.267815208435058594e+01 3.880735778808593750e+01 -3.536293029785156250e+00 -3.270887229668573148e-01 4.506883240608589025e-01 -8.305979784848533942e-01
1.208425998687744141e+00 3.569199889898300171e-02 -8.011658668518066406e+00 1.220462004378092269e-02 1.161390176592214975e-02 9.998580721959284823e-01
-3.433810806274414062e+01 9.079217910766601562e+00 -1.141525030136108398e+00 3.515448831491087001e-01 -1.096586096459841037e-01 9.297264030144509750e-01
1.663494682312011719e+01 9.973085403442382812e+00 -7.348718166351318359e+00 -5.790354359601080497e-02 -1.503805720353136588e-01 9.869310326427864766e-01
-4.512092590332031250e+01 1.564937210083007812e+01 -1.743730068206787109e+00 -3.683897190034345903e-01 1.021866501448972370e-01 -9.240383668791760652e-01
-1.901586151123046875e+01 1.397613906860351562e+01 -3.860485076904296875e+00 2.347945479340735886e-01 -1.995281604931710973e-01 9.513464318694033750e-01
2.565427970886230469e+01 1.752013587951660156e+01 -1.304790878295898438e+01 4.228932611257019136e-02 2.229133265763542371e-01 -9.739205623312449100e-01
1.238276100158691406e+01 9.304510116577148438e+00 -2.117577362060546875e+01 1.151100647317953307e-01 8.477645970431461604e-05 -9.933527398715895629e-01
-4.632223892211914062e+01 1.200535964965820312e+01 3.786169052124023438e+00 -3.907200672319166013e-01 -6.249873315911962379e-01 6.758170347163517944e-01
-3.440809249877929688e+01 3.709828186035156250e+01 -5.661060214042663574e-01 -2.819274676743253605e-01 2.305842457305846693e-01 -9.313150962974880986e-01
6.650140762329101562e+00 1.088896751403808594e+01 -2.083792686462402344e+01 -4.746710145919301460e-02 6.436540773540364024e-02 -9.967968542115880348e-01
2.500417137145996094e+01 -2.838361978530883789e+00 -1.198785877227783203e+01 2.189454342279162913e-01 -9.752017707461945184e-01 3.231722705053644007e-02
-5.108208465576171875e+01 6.005630493164062500e+01 1.671372032165527344e+01 -8.402865040199372637e-02 6.773349151249742628e-02 -9.941586191544817819e-01
-3.755247116088867188e+01 5.302906799316406250e+01 8.368798255920410156e+00 -2.462028937181970911e-01 3.406007334574379097e-01 -9.074002840494604927e-01
3.455702972412109375e+01 4.905775070190429688e+00 -1.321490669250488281e+01 1.546684466361402110e-01 -4.398818911084749483e-02 -9.869866821968328319e-01
-3.370285034179687500e+01 4.636983108520507812e+01 3.553906917572021484e+00 -1.772858036855357033e-01 3.321979082447729659e-01 -9.263985608631800650e-01
-1.923586654663085938e+01 4.893138885498046875e+01 7.013091087341308594e+00 1.438126264249790787e-01 -8.144591508822351944e-01 5.621158421757367352e-01
2.185626792907714844e+01 1.222436141967773438e+01 -6.691704750061035156e+00 -4.846801682224629038e-01 -4.161958820776386347e-01 7.693283579028277197e-01
-4.537959289550781250e+01 6.996980285644531250e+01 2.318042755126953125e+01 3.018779232437756588e-01 8.014355311322102215e-01 5.163049572654295760e-01
-3.886434936523437500e+01 4.972531795501708984e+00 -1.044921994209289551e+00 -2.253036069031249256e-01 -9.480390668496906370e-01 2.246335069467823575e-01
-3.413295364379882812e+01 6.735427093505859375e+01 1.483911800384521484e+01 -2.411997908784070388e-01 5.031876040441830567e-01 -8.298342581603190826e-01
-4.071127319335937500e+01 3.934020614624023438e+01 9.824905395507812500e+00 4.334662997978607768e-01 -5.776879800243727159e-01 6.916527775371911213e-01
-1.244660472869873047e+01 2.913291358947753906e+01 -1.909193992614746094e+00 1.760519931916559588e-01 -1.877725724029498111e-01 9.663059333080927793e-01
-1.568217563629150391e+01 4.692803859710693359e+00 -4.658453941345214844e+00 2.878860009943417370e-02 -5.417790444701573761e-03 9.995708399363257834e-01
-3.799024963378906250e+01 3.948686599731445312e+01 2.466974973678588867e+00 -3.700297436918890126e-01 3.587956616931961551e-01 -8.569385403478223528e-01
-5.486942291259765625e+01 3.765047836303710938e+01 1.438381290435791016e+01 3.666495577208871981e-01 -1.869151180031108361e-01 9.113895108486607111e-01
-2.239914512634277344e+01 7.217695236206054688e+00 -4.130239009857177734e+00 1.808996172220217469e-01 5.887970670364854608e-02 9.817374947649795125e-01
1.492208003997802734e+00 -7.467607021331787109e+00 -1.298669052124023438e+01 -9.941599869656617128e-02 -9.201914208608180656e-01 3.786346632009716107e-01
-1.292222785949707031e+01 2.746494293212890625e+01 -1.031599140167236328e+01 -2.266489119418359233e-01 3.489041359367737738e-01 -9.093383169325898185e-01
-6.682804870605468750e+01 4.448609924316406250e+01 1.509887695312500000e+01 1.584894832403975495e-01 -3.383052469585078048e-02 -9.867809175804908017e-01
1.571240425109863281e+01 8.955169916152954102e-01 -1.980916404724121094e+01 9.904690154665996005e-01 -1.216537734021348460e-01 -6.458706385683388174e-02
-4.045613861083984375e+01 2.364019775390625000e+01 -1.968327999114990234e+00 -3.016375755404200887e-01 2.039518212842221789e-01 -9.313530091307731240e-01
4.936461925506591797e+00 4.161088562011718750e+01 -7.476566791534423828e+00 -1.336430065210216303e-02 3.356557109974789288e-01 -9.418899294200235861e-01
-6.144879913330078125e+01 5.418960571289062500e+01 1.598983097076416016e+01 5.136725389211950488e-02 1.082601693285289712e-01 -9.927946116717901726e-01
7.150288105010986328e+00 -8.254743576049804688e+00 -2.006760787963867188e+01 1.421688458473635008e-01 -8.026811519621727953e-02 -9.865825099571122747e-01
-3.842914962768554688e+01 7.392868804931640625e+01 2.197679519653320312e+01 -1.595697691725388723e-01 -3.284533144502246316e-01 9.309435584356789972e-01
3.010707283020019531e+01 1.615955352783203125e+01 -7.027721881866455078e+00 8.578521235295898384e-01 4.898709943173720216e-01 1.552937316258538036e-01
-1.467372035980224609e+01 1.866899299621582031e+01 -1.199670696258544922e+01 -1.530681863127232589e-01 9.631090757467075658e-02 -9.835112299415177395e-01
-3.639259719848632812e+01 3.133142852783203125e+01 -1.414788007736206055e+00 -3.133666117017311903e-01 2.326999870405080384e-01 -9.206802282562192019e-01
-1.601124572753906250e+01 4.030649566650390625e+01 -4.971549987792968750e+00 -2.181965395125928242e-01 4.148112553555289295e-01 -8.833583036203938033e-01
-4.029946899414062500e+01 3.176028823852539062e+01 6.331784248352050781e+00 3.400980516007952037e-01 -3.185289552566034077e-01 8.848008928343593649e-01
-5.053084564208984375e+01 6.771607208251953125e+01 2.078364562988281250e+01 -5.042204032999187957e-01 7.260579986459695379e-01 4.675484654004078977e-01
-7.483819961547851562e+00 6.657183170318603516e+00 -2.028427124023437500e+01 -1.229271818072655703e-01 4.786156794607443477e-02 -9.912609032372187157e-01
1.572965812683105469e+01 -3.827386856079101562e+00 -8.144102096557617188e+00 -4.574415470797776190e-02 6.436117982283083572e-02 9.968776809829107410e-01
-3.270355987548828125e+01 3.981454849243164062e+01 6.464059829711914062e+00 3.528854567397232689e-01 -2.565020837905571116e-01 8.998213908508170267e-01
-2.457897186279296875e+01 2.576002120971679688e+00 -8.631800651550292969e+00 1.159978110873631368e-01 -9.922495657284265969e-01 4.455678550669112808e-02
-5.694200897216796875e+01 5.550191497802734375e+01 1.643799781799316406e+01 1.162375577581190311e-01 3.924451892142743342e-02 -9.924458161033546943e-01
-4.557611846923828125e+01 5.830817031860351562e+01 1.422973442077636719e+01 -4.943138261912823350e-01 5.941540922553288917e-01 -6.345350706559730325e-01
-2.556456756591796875e+01 2.826695251464843750e+01 4.443989992141723633e-01 1.242885540261164518e-01 -2.676036020008591976e-01 9.554792868159219799e-01
-4.874978637695312500e+01 3.663040161132812500e+01 1.149879455566406250e+01 4.104131673373632161e-01 -2.567627209010946432e-01 8.750051069745707899e-01
-4.216293716430664062e+01 3.757397460937500000e+01 3.398344039916992188e+00 -2.461149133551502610e-01 2.665016178613541786e-01 -9.318821476460783515e-01
-2.122669410705566406e+01 3.235021209716796875e+01 -6.429866790771484375e+00 -2.580017142211986636e-01 3.521451190943343246e-01 -8.996826832594700951e-01
9.040611267089843750e+00 3.297005081176757812e+01 -2.895848989486694336e+00 2.176851766010010070e-02 -1.623271998685871798e-01 9.864968382218493037e-01
-5.454244995117187500e+01 4.931029891967773438e+01 1.803894996643066406e+01 1.937243969920582065e-01 -3.634561854267390757e-01 9.112466511790907608e-01
-2.475678253173828125e+01 4.285338592529296875e+01 -1.269428968429565430e+00 -2.528182211915391275e-01 3.106119462888618510e-01 -9.162986226423083247e-01
-2.257081031799316406e+00 -6.179468154907226562e+00 -1.063645267486572266e+01 -5.454253400893401688e-02 -8.998850498644713758e-01 4.327031419048192329e-01
3.390232849121093750e+01 4.058736801147460938e+00 -5.276293754577636719e+00 -1.385467140822459753e-01 -9.707226551922130964e-02 9.855870247136871987e-01
2.492881202697753906e+01 2.634362030029296875e+01 -4.322503089904785156e+00 9.023062877257636005e-01 3.964694222504531740e-01 1.692789424321385072e-01
2.715330696105957031e+01 1.646551012992858887e+00 -1.461787509918212891e+01 1.764118071608065386e-01 3.825117486566063235e-02 -9.835729367543899482e-01
-2.499861526489257812e+01 2.951911544799804688e+01 -6.165167808532714844e+00 -3.086642747772863071e-01 2.888027859504192496e-01 -9.062666915999331163e-01
1.649307441711425781e+01 1.944943046569824219e+01 -5.769475936889648438e+00 -1.696785944376711930e-01 -2.942380783432030911e-01 9.405493755473742779e-01
4.705237865447998047e+00 2.179421997070312500e+01 -1.353470802307128906e+01 -1.023864439280237904e-01 5.499102013372543230e-01 -8.289244757907647809e-01
-5.354514312744140625e+01 3.018307304382324219e+01 5.412747859954833984e+00 -5.677510288355702706e-01 2.530403790753251725e-01 -7.833449660357607591e-01
-9.271699786186218262e-01 1.358386421203613281e+01 -6.473137855529785156e+00 1.321511307124297041e-01 -1.068636304820113209e-01 9.854523038339452201e-01
-1.439659976959228516e+01 2.244226264953613281e+01 -2.575119018554687500e+00 1.227379343674333545e-01 -2.124218467743626826e-01 9.694391979284645577e-01
-3.284236907958984375e+01 2.446664619445800781e+01 -5.181145191192626953e+00 -2.428635249516718497e-01 2.469308420061981091e-01 -9.381057869527074100e-01
4.356173992156982422e+00 2.068896675109863281e+01 -5.787858009338378906e+00 2.485223216851349670e-02 -2.046597370446923414e-01 9.785176332540154176e-01
-5.040821075439453125e+01 1.706590270996093750e+01 5.477773189544677734e+00 -1.984488714899889095e-01 -8.877633296953257869e-01 4.153243501802155735e-01
-6.477564239501953125e+01 3.796514892578125000e+01 1.438066196441650391e+01 -7.233466331255378190e-01 -6.785884935611559143e-01 1.276217252365358656e-01
2.242767095565795898e+00 -6.017304897308349609e+00 -2.042561531066894531e+01 -6.376934697850927813e-02 -2.842293317080522574e-01 -9.566332407891378065e-01
-1.647448730468750000e+01 5.070015335083007812e+01 3.221756935119628906e+00 7.539580221208913580e-01 5.195682480253933644e-01 -4.019902194374594395e-01
-3.290475082397460938e+01 2.901092910766601562e+01 -3.911247968673706055e+00 -2.666238166773714502e-01 5.735715662741226462e-01 -7.745498039133708046e-01
-6.108066558837890625e+01 3.195769691467285156e+01 8.996952056884765625e+00 -5.674653164745103728e-01 -6.954167114711958808e-01 -4.408840119635449306e-01
-4.335541534423828125e+01 5.547434234619140625e+01 1.054607963562011719e+01 -3.388805780143703816e-01 2.566461369681692362e-01 -9.051478963263197564e-01
3.409725952148437500e+01 2.918109893798828125e-01 -1.344530105590820312e+01 2.658285785845006521e-01 -5.729282058435891146e-03 -9.640032894834118515e-01
-4.431779980659484863e-01 4.474046325683593750e+01 -2.314744949340820312e+00 -8.356425044590599926e-02 8.982443286106198688e-01 4.314790170637162192e-01
-1.978471183776855469e+01 1.790274047851562500e+01 -1.119028854370117188e+01 -3.256539528829918151e-01 2.157773765397784094e-01 -9.205376835009486669e-01
1.453376579284667969e+01 -7.078287124633789062e+00 -1.844172286987304688e+01 9.639954045757729295e-01 -2.339195943777646058e-01 -1.264692979459202393e-01
-4.757689666748046875e+01 4.334624481201171875e+01 1.366935539245605469e+01 3.506921717165681351e-01 -4.003943883755964328e-01 8.465809674532313034e-01
-1.611204719543457031e+01 4.339653396606445312e+01 3.483370065689086914e+00 2.660261856970020378e-01 -4.264388228384164425e-01 8.645114220758970403e-01
-6.278036499023437500e+01 5.175993347167968750e+01 2.066712570190429688e+01 7.089343317858258775e-01 -6.702940900691319870e-01 2.193580316144790876e-01
1.313616180419921875e+01 1.426905822753906250e+01 -6.976799011230468750e+00 -5.009869429873496649e-02 -1.569694360296276514e-01 9.863319507052900059e-01
-5.668964862823486328e+00 3.586022949218750000e+01 -1.157971978187561035e+00 1.546728467792045092e-01 -3.526120179040991842e-01 9.228981933554838424e-01
-1.052177429199218750e+01 1.108156204223632812e+01 -1.690519142150878906e+01 -6.952637502602024844e-01 6.512628741685583256e-01 3.040805589047538837e-01
1.565169334411621094e+01 1.087339782714843750e+01 -1.482541847229003906e+01 -1.736609467649116723e-01 8.271983464211238313e-02 -9.813252796731042338e-01
-2.387943649291992188e+01 5.003118133544921875e+01 2.362380027770996094e+00 -2.917676298149180503e-01 4.821815700234931557e-01 -8.260584626537423869e-01
1.485488128662109375e+01 4.070269012451171875e+01 -7.810016155242919922e+00 1.138011843406814411e-03 3.372185444695375844e-01 -9.414257050850538544e-01
-1.280268096923828125e+01 -2.911638021469116211e+00 -1.397480583190917969e+01 -2.280417478215733262e-01 -1.774120448155414309e-01 -9.573515172625205460e-01
-3.238599896430969238e-01 4.291080856323242188e+01 -6.563769817352294922e+00 -5.727344225402970779e-02 4.169638520582310548e-01 -9.071168055378182604e-01
1.417592811584472656e+01 4.626850128173828125e+00 -1.622567367553710938e+01 5.802928899294426124e-01 2.544887344518504887e-02 8.140101453530581566e-01
1.065533041954040527e+00 2.960656738281250000e+01 -3.215595960617065430e+00 7.428373051419427664e-02 -2.243954295558124312e-01 9.716628111517683353e-01
-1.980704116821289062e+01 3.476624298095703125e+01 1.076120972633361816e+00 1.844876766457450579e-01 -2.978800870050307137e-01 9.366065080554000222e-01
-4.218009948730468750e+00 2.954738044738769531e+01 -1.116233062744140625e+01 -8.661188772745892495e-02 3.545921246903574464e-01 -9.310009699306784903e-01
-6.851564025878906250e+01 5.171951293945312500e+01 2.301909637451171875e+01 -7.737972668631983852e-01 6.307830828750398133e-01 -5.788343591827319057e-02
-1.338587379455566406e+01 1.209462928771972656e+01 -1.299167919158935547e+01 -1.461615710313655947e-02 6.507978815225573532e-02 -9.977730148313261882e-01
-4.599819183349609375e+01 2.484180831909179688e+01 6.640217781066894531e+00 4.668235113248005996e-01 -1.356392396792495680e-01 8.738866093113104583e-01
-5.069254302978515625e+01 5.591910552978515625e+01 1.530600261688232422e+01 -3.622941453106542919e-01 4.363500425977597796e-01 -8.236149540887147680e-01
1.286713027954101562e+01 -2.811543941497802734e+00 -1.554034233093261719e+01 7.860216047828909591e-01 -3.586666082694650037e-01 5.035159390992572925e-01
1.712200355529785156e+01 2.158269882202148438e+01 -1.304806900024414062e+01 9.213002752033050413e-02 2.589660328232651354e-01 -9.614825281162848736e-01
-5.938343048095703125e+01 3.616485977172851562e+01 9.194191932678222656e+00 -2.776071709315657277e-01 2.341613602335942124e-01 -9.317202992427101593e-01
1.645446205139160156e+01 3.677872085571289062e+01 -8.895921707153320312e+00 5.266620917161715654e-02 2.991815649225775253e-01 -9.527416552360712387e-01
-2.383348083496093750e+01 4.148332214355468750e+01 4.549191951751708984e+00 2.998110983562334853e-01 -4.845693893791656603e-01 8.217699265482591997e-01
5.653425216674804688e+00 3.958954238891601562e+01 -7.966480255126953125e-01 8.714644749450907446e-02 -3.533561275074633135e-01 9.314209273159026470e-01
-3.310504150390625000e+01 1.696669578552246094e+01 -1.558970063924789429e-01 2.816037380455264638e-01 -2.139860598026344651e-01 9.353658647443413576e-01
9.994178771972656250e+00 3.589632034301757812e+00 -8.376432418823242188e+00 5.851532732378942475e-02 -6.961347037234481838e-02 9.958563757946766737e-01
-3.069070434570312500e+01 6.698582458496093750e+01 1.744314765930175781e+01 1.976396027092456043e-01 -2.764720663667004641e-01 9.404795499955640459e-01
1.652083015441894531e+01 5.197088241577148438e+00 -7.805980205535888672e+00 -4.993742201212347104e-02 -1.189433561574766568e-01 9.916444584168153664e-01
5.594189167022705078e+00 2.142565011978149414e+00 -2.156568527221679688e+01 3.781288026192803908e-01 2.150642550818186727e-02 -9.255031508814923757e-01
2.246321296691894531e+01 3.074805450439453125e+01 -3.310035943984985352e+00 3.783007666913226763e-02 -2.214677856164896652e-01 9.744336330573448723e-01
-2.983704376220703125e+01 4.364447021484375000e+01 6.920480132102966309e-01 -3.848627589149634098e-01 5.273014657224307511e-01 -7.575181984925107859e-01
-4.583764648437500000e+01 6.630831146240234375e+01 1.680668067932128906e+01 -3.394133317595044580e-02 -7.827362405565859577e-03 -9.993931750317345264e-01
-3.789994430541992188e+01 4.684701919555664062e+01 1.126552963256835938e+01 3.057325547947160049e-01 -3.129522655878522186e-01 8.992154827415541618e-01
-6.179759979248046875e+01 4.013626098632812500e+01 1.723578453063964844e+01 2.227089289018068519e-01 -2.967085690776030682e-01 9.286359663632092198e-01
-3.018378448486328125e+01 7.584746551513671875e+01 1.984617424011230469e+01 3.870458712851954641e-01 -4.141797303333354385e-01 8.238025518909791733e-01
1.043267440795898438e+01 -7.163286209106445312e+00 -1.291836929321289062e+01 2.949868852423408461e-01 -9.158821350551491491e-01 2.722914839319132696e-01
-2.803146743774414062e+01 2.359247207641601562e+01 -8.838400244712829590e-02 3.662881943595911460e-01 -1.895616555162027150e-01 9.109881104771602178e-01
-1.472169876098632812e+01 3.578837203979492188e+01 -7.035016059875488281e+00 -2.223099020354618038e-01 4.308330604632530925e-01 -8.746205928680449437e-01
-5.568341827392578125e+01 6.023707199096679688e+01 1.664577102661132812e+01 1.110612338877701999e-02 1.032594961386603116e-01 -9.945924444115104013e-01
2.547181129455566406e+01 2.168665313720703125e+01 -1.215336608886718750e+01 8.930273938479101059e-02 2.938198883076215129e-01 -9.516800376036418374e-01
-2.872764968872070312e+01 3.139525985717773438e+01 -4.643695831298828125e+00 -2.608644005527734899e-01 2.739083211860548484e-01 -9.257018937591513508e-01
-2.717846679687500000e+01 3.690462112426757812e+01 3.682594060897827148e+00 3.215462798809386458e-01 -3.631206862202852048e-01 8.745006330092838231e-01
6.242877960205078125e+00 1.789029312133789062e+01 -1.416286468505859375e+01 2.931375976960245988e-01 3.129013064954102585e-01 -9.034174678466588837e-01
-4.372079849243164062e+01 7.256029510498046875e+01 2.008400917053222656e+01 -4.526311651449843043e-01 8.562526732307323973e-01 2.489104013992158027e-01
2.276530981063842773e+00 3.469649887084960938e+01 -9.709134101867675781e+00 -6.668129383654200493e-02 3.905049383573229171e-01 -9.181827150250804204e-01
-2.612538146972656250e+01 1.290677452087402344e+01 -1.003879833221435547e+01 -3.712080701418605244e-01 1.268824782626232772e-01 -9.198398802897657101e-01
-5.859175872802734375e+01 4.401691055297851562e+01 1.225210475921630859e+01 -5.790355506525156626e-01 4.475420471518559151e-01 -6.814865714830075083e-01
-3.061716461181640625e+01 5.407378387451171875e+01 6.408734798431396484e+00 -3.528401045147470105e-01 5.486300776041700411e-01 -7.579636525547017722e-01
-2.903632736206054688e+01 4.494525146484375000e+01 7.474699020385742188e+00 3.179083477400010405e-01 -4.353742248986490759e-01 8.422491120393794661e-01
1.566929054260253906e+01 2.730735397338867188e+01 -4.222029209136962891e+00 3.428789019022580181e-02 -1.456575377915674818e-01 9.887407255043160204e-01
2.955431175231933594e+01 9.793434143066406250e+00 -1.348201370239257812e+01 1.336270593017716557e-01 1.444783882771327188e-01 -9.804436772926850008e-01
1.507179021835327148e+00 -2.594118118286132812e+00 -2.280482292175292969e+01 1.990821243269522700e-01 -7.849240253856121230e-01 -5.867372343271857194e-01
-4.896759033203125000e+01 5.012874603271484375e+01 1.671635627746582031e+01 2.466099198178604568e-01 -1.294260772329027531e-01 9.604334635879422377e-01
-3.404201507568359375e+01 5.918102264404296875e+01 1.540729808807373047e+01 2.328513540993072117e-01 -4.126149652009307722e-01 8.806413216436949076e-01
-1.460505485534667969e+01 1.179870986938476562e+01 -5.018998146057128906e+00 8.633209406726911894e-02 -2.045882514320578605e-01 9.750335465561855708e-01
-5.572853851318359375e+01 2.354998779296875000e+01 4.996325969696044922e+00 -7.516096440623100117e-01 -6.181463930138564322e-01 2.301694587830593053e-01
-1.700270462036132812e+01 2.836718940734863281e+01 -8.913062095642089844e+00 -2.650025151068054474e-01 3.655970012181158357e-01 -8.922513657526046638e-01
-6.462936878204345703e+00 3.000048255920410156e+01 -2.414235115051269531e+00 9.015736742845910368e-02 -2.078695316676850702e-01 9.739927653235557203e-01
-3.730803680419921875e+01 4.341973114013671875e+01 3.746109008789062500e+00 -3.312144112871671653e-01 2.781780506296790412e-01 -9.016174276840299706e-01
-4.946220397949218750e+01 2.949849700927734375e+01 3.578316926956176758e+00 -2.478170931192812398e-01 1.093753194751367896e-01 -9.626129688756647207e-01
1.185141372680664062e+01 4.336074829101562500e+00 -2.107884216308593750e+01 2.838876917054497170e-02 -1.227350777634491907e-01 -9.920333555235840706e-01
2.860101890563964844e+01 2.224185752868652344e+01 -9.081739425659179688e+00 4.657298545149896052e-01 4.463041854748357462e-01 7.641389118747259346e-01
1.970616722106933594e+01 -1.643200069665908813e-01 -1.510101699829101562e+01 -3.098662667615819169e-02 -7.344048369799029141e-02 -9.968180999166484924e-01
-2.064441490173339844e+01 2.683428192138671875e+01 -1.002150058746337891e+00 1.816953348905791243e-01 -2.261130709252713866e-01 9.570055822385487021e-01
-1.854099988937377930e+00 2.303365707397460938e+01 -1.313548278808593750e+01 -4.380629016106540180e-02 7.531241146996068281e-01 -6.564183702489273520e-01
1.449969291687011719e+01 3.994884872436523438e+01 -8.705430030822753906e-01 -1.077197543782854455e-01 -2.830837126029061013e-01 9.530267919505921448e-01
2.243744087219238281e+01 3.373987960815429688e+01 -7.106904029846191406e+00 9.456614267633964843e-01 3.205946908044823851e-01 5.425412573985086140e-02
1.691866111755371094e+01 2.952725410461425781e+01 -1.106229782104492188e+01 7.597078378250614328e-02 2.648943926814821825e-01 -9.612800844381310661e-01
-3.811509704589843750e+01 6.577834320068359375e+01 1.544474697113037109e+01 -3.162321997508439342e-01 3.874873584791428405e-01 -8.659392258464786440e-01
-6.284043884277343750e+01 5.672823333740234375e+01 2.035172843933105469e+01 -6.507474866772574584e-01 6.222595905569867636e-01 4.351099982108935782e-01
-4.001682281494140625e+01 6.222951889038085938e+00 -5.600018978118896484e+00 -3.747460261516858959e-01 -1.648776769084506601e-03 -9.271260418188488339e-01
-7.584509849548339844e-01 1.591870117187500000e+01 -1.625115776062011719e+01 -1.297817880778869282e-01 4.120230124495293245e-01 9.018834318776021153e-01
-4.674626159667968750e+01 6.614405059814453125e+01 2.238205146789550781e+01 6.737351106946813939e-01 -7.255902531523997778e-01 1.399992326674041609e-01
-3.025540542602539062e+01 4.870439147949218750e+01 3.445986986160278320e+00 -3.143601403673203509e-01 1.503762360375283380e-01 -9.373178168494528117e-01
-2.855776214599609375e+01 6.563546752929687500e+01 1.090476226806640625e+01 -2.466299238874745392e-01 4.800672177768312565e-01 -8.418486485463233526e-01
3.009741020202636719e+01 1.498670959472656250e+01 -1.295307064056396484e+01 9.875775060133065719e-02 1.418654707608709709e-01 -9.849472548832052254e-01
-2.749454689025878906e+01 1.139819908142089844e+01 -2.467406034469604492e+00 2.769505666681563172e-01 -1.598965460564026053e-01 9.474869277100448350e-01
-5.368538856506347656e+00 1.559736633300781250e+01 -1.753618812561035156e+01 -4.334649759444711425e-01 8.569765876657071679e-01 2.787458391120837820e-01
-1.849016571044921875e+01 2.284845924377441406e+01 -1.926795005798339844e+00 1.638615124843443571e-01 -6.457417614773904024e-02 9.843676043537717968e-01
-3.185424423217773438e+01 5.189624023437500000e+01 1.124640846252441406e+01 3.361681167692754935e-01 -3.911174822431504050e-01 8.567485700901856793e-01
-1.182314682006835938e+01 -7.806493759155273438e+00 -1.837339782714843750e+01 -7.913860319645326102e-01 -6.044764944846748866e-01 9.119383765885993864e-02
8.411752700805664062e+00 3.955183410644531250e+01 -8.228758811950683594e+00 -2.551097779139496844e-03 3.303106930228197347e-01 -9.438688139645815545e-01
2.127659034729003906e+01 3.943024826049804688e+01 -4.058468818664550781e+00 9.518298712886631430e-01 1.915409469286164512e-01 -2.394409358741652893e-01
-4.172743225097656250e+01 1.881759262084960938e+01 3.411402940750122070e+00 1.143371960572280993e-01 -2.657337873157919472e-01 9.572421636537833400e-01
-5.315499114990234375e+01 4.221354675292968750e+01 9.121040344238281250e+00 -2.974747045891260044e-01 2.255919659381621922e-01 -9.276944890607938810e-01
1.301532173156738281e+01 2.275532150268554688e+01 -1.319303703308105469e+01 6.429711867639431588e-02 1.128976796123762755e-01 -9.915240765952458846e-01
1.942327690124511719e+01 1.687249946594238281e+01 -1.380263614654541016e+01 -3.386621202935858332e-01 -2.174060980164819745e-01 -9.154466433514847346e-01
-1.739016532897949219e+01 3.036651611328125000e+01 -7.931479811668395996e-01 2.107097141719324884e-01 -2.419985090958345353e-01 9.471209732388866653e-01
-4.529111480712890625e+01 4.245765304565429688e+01 6.383293151855468750e+00 -4.788050109336622895e-01 4.481217811556196806e-01 -7.549388258387103035e-01
-3.163226318359375000e+01 7.065142059326171875e+01 1.577942848205566406e+01 -1.904031187699700978e-01 3.412318156389426704e-01 -9.204930745847136331e-01
-6.161016082763671875e+01 4.836104202270507812e+01 1.874961090087890625e+01 -3.193399127942520010e-02 -1.858733417562068724e-01 9.820546425863205808e-01
-3.241769409179687500e+01 7.817930603027343750e+01 1.723664283752441406e+01 -3.499864311778156378e-01 6.558482677227323032e-01 -6.688591389197784398e-01
-3.895898437500000000e+01 2.334709930419921875e+01 3.272572040557861328e+00 4.414978763857011490e-01 -1.535225945769508049e-01 8.840307902450441624e-01
-1.206540966033935547e+01 5.116250991821289062e+00 -1.628729248046875000e+01 -8.129120858814575801e-01 3.110164955751195670e-01 4.923846871177343654e-01
3.657483673095703125e+01 2.980332851409912109e+00 -8.528032302856445312e+00 9.008230108629223798e-01 2.483029471176081415e-01 3.561790975795314229e-01
2.262476921081542969e+01 -5.794579982757568359e-01 -7.682381153106689453e+00 -7.024454793114486006e-02 -7.531204174460844059e-02 9.946827634247048522e-01
3.336278533935546875e+01 8.082918167114257812e+00 -5.164593219757080078e+00 2.106312421544651037e-01 -3.045443868079481670e-02 9.770910945214396071e-01
9.114318847656250000e+00 3.339320755004882812e+01 -1.039201545715332031e+01 4.701063531124746731e-02 2.458161218363876799e-01 -9.681758282527771486e-01
-3.998342132568359375e+01 6.930829620361328125e+01 1.659496116638183594e+01 -1.226483876931168254e-01 -4.798632609531668092e-02 -9.912894055240139002e-01
-4.769645690917968750e+01 1.885472297668457031e+01 -3.937140107154846191e-01 -4.400208343187175242e-01 1.728258205906122447e-01 -8.811996942252313669e-01
-3.652667999267578125e+01 5.387345886230468750e+01 1.395588588714599609e+01 1.215823602793303093e-01 -4.363368084229727328e-01 8.915312217102444592e-01
3.224493026733398438e+00 1.544153594970703125e+01 -1.600382232666015625e+01 -6.748562055598527135e-03 7.579257563824506327e-01 6.523059134503318424e-01
-2.432918739318847656e+01 2.563315200805664062e+01 -7.580606937408447266e+00 -2.811855552641476241e-01 2.410795645137277510e-01 -9.288785319322782064e-01
-5.671382141113281250e+01 4.596170425415039062e+01 1.763629531860351562e+01 2.734908790740215867e-01 -3.204376910618141894e-01 9.069302206952265522e-01
3.026386833190917969e+01 -1.271440982818603516e+00 -9.112936973571777344e+00 2.077179946202759864e-01 -9.749817590963872904e-01 -7.914419839915674826e-02
-6.890459060668945312e+00 1.143252754211425781e+01 -5.439065933227539062e+00 1.592716356334402117e-01 3.137950831166812921e-02 9.867359690113493009e-01
1.022002410888671875e+01 -5.620225906372070312e+00 -2.034259605407714844e+01 -6.050009214853652520e-03 -1.666752274363936248e-01 -9.859932889972053971e-01
-3.421748733520507812e+01 2.882770729064941406e+01 3.155834913253784180e+00 3.422928170210786103e-01 -1.273043505611644033e-01 9.309292291812383269e-01
5.522148132324218750e+00 2.663240051269531250e+01 -1.260361385345458984e+01 -3.286276005091075952e-02 1.260538203595204798e-01 -9.914789323907017282e-01
-2.854164123535156250e+01 3.558238220214843750e+01 -2.838336944580078125e+00 -2.831188898007118149e-01 3.259598063818637814e-01 -9.019944006819057281e-01
-4.524548339843750000e+01 7.725389003753662109e+00 -1.580438971519470215e+00 -8.210137435067219602e-01 -5.603694628297445357e-01 1.091901923296327848e-01
3.326968383789062500e+01 1.055330467224121094e+01 -9.048157691955566406e+00 7.051249557287411207e-01 6.548830429846149714e-01 2.718951945506796197e-01
9.486112594604492188e+00 -3.569580018520355225e-01 -8.444349288940429688e+00 1.264650106946210890e-02 4.567254608606005628e-03 9.999095990118508359e-01
-2.489205551147460938e+01 6.965797424316406250e+01 1.315961170196533203e+01 -2.565537438037076567e-01 6.607039765681992360e-01 -7.054434292608230406e-01
-6.859354019165039062e+00 -8.653215408325195312e+00 -1.549444484710693359e+01 -1.142089783815879445e-01 -7.694175894344046363e-01 6.284527685721369439e-01
-3.795365142822265625e+01 4.228041458129882812e+01 9.541925430297851562e+00 2.614286028136332818e-01 -3.368723056775191349e-01 9.045286813022700434e-01
-3.226021575927734375e+01 2.670220851898193359e+00 -5.523094177246093750e+00 5.775289335817540559e-02 -9.842001879432863420e-01 1.673756056334348152e-01
-4.602279663085937500e+01 5.146514892578125000e+01 9.992012023925781250e+00 -1.899362706826054348e-01 2.978159346842874089e-01 -9.355372157895741614e-01
-1.195024967193603516e+01 3.595305633544921875e+01 -1.481940001249313354e-01 2.223545242824743473e-01 -3.985855079220838593e-01 8.897685420409113810e-01
-2.387339401245117188e+01 6.104204940795898438e+01 1.367077445983886719e+01 7.313353479278815461e-02 -6.013443089638365047e-01 7.956359143260929301e-01
-5.358390045166015625e+01 6.496148681640625000e+01 2.124614143371582031e+01 -5.046128632796057500e-01 6.747166347442574708e-01 5.386309692286009865e-01
-4.539014053344726562e+01 6.185617446899414062e+01 1.617597007751464844e+01 -3.752786995304658868e-01 3.741259584242766500e-01 -8.480540459851828583e-01
-1.972220230102539062e+01 4.356358051300048828e+00 -4.508828163146972656e+00 6.868744530797499248e-02 8.450447121632075065e-02 9.940528301863609251e-01
-3.335407257080078125e+01 1.081098937988281250e+01 -7.736208915710449219e+00 -3.150717570164207060e-01 1.559410107402828816e-01 -9.361688891967541171e-01
-4.657486915588378906e+00 -7.500207901000976562e+00 -2.013452148437500000e+01 -8.358844799084498567e-02 -2.340895887058605518e-01 -9.686150090835898840e-01
3.133699893951416016e-01 2.171028709411621094e+01 -5.260086059570312500e+00 1.240026278638443613e-01 -2.262853979950879557e-01 9.661357393953841077e-01
-4.420520782470703125e+01 2.483602142333984375e+01 -5.713719725608825684e-01 -3.960665051069511278e-01 2.619401054900261649e-01 -8.800674432497996857e-01
3.483896636962890625e+01 8.707075119018554688e+00 -1.235709857940673828e+01 9.045487692914138123e-01 3.829606453150400935e-01 1.874371044197929992e-01
-3.306225061416625977e+00 1.813956069946289062e+01 -5.674958229064941406e+00 1.859096400796343140e-01 -2.048108267327000132e-01 9.609839389805266974e-01
7.077206134796142578e+00 -9.108987808227539062e+00 -1.556676387786865234e+01 -2.922223394872635049e-01 -8.324426250664416216e-01 4.707922899507617776e-01
7.519845962524414062e+00 1.535111808776855469e+01 -1.770211029052734375e+01 5.164745595193132033e-01 7.937432480044610550e-01 3.212875435130655433e-01
1.908601951599121094e+01 -4.519957065582275391e+00 -1.256207180023193359e+01 3.021575775750223181e-01 -9.471657418538126372e-01 1.076004450386291444e-01
-5.720336151123046875e+01 5.109456253051757812e+01 1.558214569091796875e+01 -3.393154237336021839e-01 3.605169915121740343e-01 -8.688455225455770092e-01
-1.159079837799072266e+01 4.362995147705078125e+01 2.401803016662597656e+00 8.209758547426713182e-01 5.707322750195734651e-01 -1.622702007524817747e-02
-4.168594360351562500e+01 1.848126983642578125e+01 -2.701955080032348633e+00 -4.882578939355292635e-01 2.412456423037526998e-01 -8.386922970190505700e-01
-5.326093292236328125e+01 3.457793426513671875e+01 7.017464160919189453e+00 -4.368458364953777817e-01 2.791676967221272121e-01 -8.551205249808451203e-01
1.477581024169921875e+00 1.437714195251464844e+01 -2.069002151489257812e+01 -4.656103947475231236e-02 -1.555426964756735121e-02 -9.987943403417749444e-01
-4.279239654541015625e+01 1.126285934448242188e+01 2.346420049667358398e+00 3.714187251922370092e-01 -1.487592755291534119e-01 9.164708443374588454e-01
-1.165954208374023438e+01 5.755929946899414062e+00 -4.828351020812988281e+00 1.149362439414966519e-01 -5.093796487339406764e-02 9.920660177443726413e-01
-4.322466659545898438e+01 6.466957092285156250e+01 1.950575828552246094e+01 1.297443648402837046e-01 -1.224701635795863441e-02 9.914718404385064465e-01
-3.103423690795898438e+01 7.458631992340087891e+00 -2.363343000411987305e+00 2.049763862773732737e-01 -9.655822043740582006e-02 9.739923978833870954e-01
-9.321802139282226562e+00 2.641609382629394531e+01 -1.150961399078369141e+01 -1.294778631650745915e-01 2.867289951480665455e-01 -9.492217687619611821e-01
1.436588478088378906e+01 8.662385940551757812e+00 -1.791941642761230469e+01 7.896977740466927242e-01 3.769501034372085835e-01 4.840310374184452757e-01
-1.593703985214233398e+00 3.526054763793945312e+01 -9.313757896423339844e+00 -6.110619772815675810e-02 2.747322900863614636e-01 -9.595770950700683866e-01
-5.680611133575439453e+00 -1.554049998521804810e-01 -2.122516059875488281e+01 -5.012305017437502785e-01 -6.038095440644387218e-02 -8.632045669866880155e-01
-3.689287185668945312e+01 7.533566284179687500e+01 1.733032798767089844e+01 -3.972863784775801932e-01 6.399135674055324019e-01 -6.577797197592016865e-01
-5.117645263671875000e+01 3.013027191162109375e+01 1.017208290100097656e+01 3.490859783528811322e-01 -2.702134945085919449e-01 8.972868254370320873e-01
-2.472709655761718750e+01 8.892385482788085938e+00 -1.124281215667724609e+01 -2.436169286137545298e-01 1.285884686942960486e-01 -9.613094183516860403e-01
1.869629859924316406e+01 3.592711639404296875e+01 -1.978723049163818359e+00 -1.356452610821572702e-01 -3.287484564675846044e-01 9.346254947925045631e-01
1.445094871520996094e+01 3.177982521057128906e+01 -3.226873874664306641e+00 2.754318942308424823e-03 -2.502438582465237316e-01 9.681789220681566999e-01
2.593536567687988281e+01 5.533842086791992188e+00 -1.460226440429687500e+01 1.150219524389039238e-01 1.962848819755918205e-03 -9.933610107517071297e-01
-2.805764389038085938e+01 1.530600738525390625e+01 -1.838266015052795410e+00 1.302960636674349859e-01 1.006492506674177244e-02 9.914240430190164322e-01
-8.491655349731445312e+00 3.817696762084960938e+01 -3.645000047981739044e-03 1.237777154066005136e-01 -2.733319564870295149e-01 9.539228054364227161e-01
1.144813537597656250e+01 1.744651412963867188e+01 -1.424020862579345703e+01 4.108636466330584970e-03 1.509007268760127751e-01 -9.885403834617372265e-01
-6.222550272941589355e-01 3.565433979034423828e+00 -2.384597778320312500e+01 -1.825936782895447585e-01 8.545993133616883730e-01 -4.861271050357355850e-01
-1.753255081176757812e+01 3.296653366088867188e+01 -7.378623008728027344e+00 -2.744445941390816213e-01 3.137967661307617395e-01 -9.089619102656121274e-01
-5.792314147949218750e+01 2.937936401367187500e+01 1.000481605529785156e+01 -6.435476863971043571e-01 -6.721407471884183193e-01 3.661600624070419085e-01
-3.118138885498046875e+01 3.125707244873046875e+01 2.922522068023681641e+00 3.694896122314614284e-01 -2.427450275835788818e-01 8.969683818488206617e-01
-2.144118499755859375e+01 1.095199012756347656e+01 -3.887830018997192383e+00 3.137083425790008206e-01 -3.330986895508638024e-01 8.891750889537074487e-01
-3.950612640380859375e+01 5.612169265747070312e+01 9.755764007568359375e+00 -2.861388734638504738e-01 2.731655606453973206e-01 -9.184253489370403090e-01
-3.932459259033203125e+01 6.365866851806640625e+01 1.851295852661132812e+01 2.464462382226085824e-01 -2.662711201207025868e-01 9.318604735986990573e-01
-3.769824981689453125e+01 1.315987777709960938e+01 -5.766980171203613281e+00 -3.707549177363525517e-01 1.421639645062952872e-01 -9.177854859225891282e-01
-6.563219451904296875e+01 4.581995391845703125e+01 1.845222854614257812e+01 1.511589534274912772e-01 -2.872305954267309058e-01 9.458591627983053973e-01
-2.694394683837890625e+01 5.930833435058593750e+01 8.239207267761230469e+00 -2.298716582988359070e-01 3.829570831437477674e-01 -8.947082726682344944e-01
-3.540022659301757812e+01 7.282962036132812500e+01 1.985977935791015625e+01 4.175405997903325339e-01 -8.581964021793261344e-01 2.985946798139402225e-01
-1.767224073410034180e+00 4.259188461303710938e+01 6.564580202102661133e-01 9.342821919483724688e-03 3.975541256242893784e-01 9.175311596222156529e-01
-2.873919868469238281e+01 6.306469726562500000e+01 1.541421794891357422e+01 2.217203566611305188e-01 -3.184702748542109219e-01 9.216380892065737518e-01
-2.501991271972656250e+01 5.168497467041015625e+01 9.461119651794433594e+00 2.200300998845629019e-01 -3.210309652981584438e-01 9.211546419926037732e-01
2.782213020324707031e+01 1.839761352539062500e+01 -5.014078140258789062e+00 3.394626302967151260e-02 -5.819622725605519409e-02 9.977278438329171273e-01
-2.035290336608886719e+01 4.959105682373046875e+01 8.433970212936401367e-01 -3.227986976831959121e-01 6.377397277098362238e-01 -6.993490119208124467e-01
-3.417003250122070312e+01 5.466688537597656250e+01 8.063541412353515625e+00 -2.645768249890255719e-01 3.768099673491648316e-01 -8.877011615318793902e-01
-5.388536071777343750e+01 6.445816040039062500e+01 2.517378997802734375e+01 -4.462095358500383080e-01 3.673505395708319132e-01 8.160579827398982689e-01
-4.590857696533203125e+01 2.062393569946289062e+01 5.523733139038085938e+00 3.291532152547819723e-01 -1.438935611062349684e-01 9.332485220773754087e-01
4.785900115966796875e-01 3.404347229003906250e+01 -2.268291950225830078e+00 8.881437737912058206e-02 -2.551164955511087684e-01 9.628227147655378237e-01
-2.466595077514648438e+01 4.489406204223632812e+01 6.178249835968017578e+00 2.094663789499839335e-01 -2.962107384396064913e-01 9.318707177085481241e-01
-1.882992172241210938e+01 2.512435531616210938e+01 -9.449582099914550781e+00 -2.465776914764878647e-01 3.333875923191020885e-01 -9.099737113531346511e-01
-1.210839462280273438e+01 -6.045550107955932617e-01 -1.992707061767578125e+01 -6.685959178549494286e-02 8.796466008549554474e-03 -9.977236176276662594e-01
-1.586843967437744141e+00 2.680648612976074219e+01 -1.229400730133056641e+01 -5.688607134691334166e-02 3.216667611687039074e-01 -9.451425657782798195e-01
2.300948905944824219e+01 1.455938529968261719e+01 -1.397009181976318359e+01 1.501833512322362230e-01 1.760052879580422669e-01 -9.728654067359272517e-01
-5.855704498291015625e+01 6.049748992919921875e+01 2.242936897277832031e+01 -6.518185617874159288e-01 7.507829000354185878e-01 -1.070401771476070241e-01
-6.731740951538085938e+00 1.957096481323242188e+01 -4.843345165252685547e+00 1.476039687050432758e-01 -1.311493988319509529e-01 9.803126560483336194e-01
-5.225010681152343750e+01 6.088215255737304688e+01 2.022034645080566406e+01 2.768651526814623898e-01 -3.951880928673325855e-01 8.758835872914568776e-01
-3.155050659179687500e+01 3.950595855712890625e+01 -7.045360207557678223e-01 -1.920795754923215470e-01 2.706033229319621536e-01 -9.433341286611387488e-01
-6.149496459960937500e+01 4.485046768188476562e+01 1.451931381225585938e+01 -1.922979047221623494e-01 2.776724867682105469e-01 -9.412329711242717334e-01
-2.386532211303710938e+01 5.389656448364257812e+01 3.896439075469970703e+00 -1.931879965059967175e-01 3.082156583848373321e-01 -9.314942329034571200e-01
8.273672103881835938e+00 2.745936965942382812e+01 -4.113858222961425781e+00 2.980706529913653910e-02 -2.171095539078776171e-01 9.756920520636496175e-01
-1.791444396972656250e+01 5.437127685546875000e+01 9.071463584899902344e+00 4.628488640325090775e-01 -8.775470915768070201e-02 8.820827852783813539e-01
3.185391044616699219e+01 1.414387893676757812e+01 -9.628520965576171875e+00 8.391314862870239422e-01 5.243010546874496969e-01 1.447990081988065336e-01
-2.702446365356445312e+01 6.732164764404296875e+01 1.690222358703613281e+01 1.475375519516331502e-01 -5.315579243414189081e-01 8.340736441309972715e-01
-2.118095207214355469e+01 1.383787035942077637e+00 -7.707893848419189453e+00 -2.273760581149645021e-01 -8.904067725621344076e-01 -3.943043336961741252e-01
2.085569947957992554e-01 9.129249572753906250e+00 -7.191506862640380859e+00 2.084107274312786973e-01 -9.718553110426719766e-02 9.732008740417091852e-01
-2.526987075805664062e+01 7.900579833984375000e+01 1.780997085571289062e+01 7.723321109295543385e-01 6.018622275210833150e-01 2.031378091603287528e-01
2.508569955825805664e+00 2.874968147277832031e+01 -1.185034751892089844e+01 -3.482461668414745665e-02 2.987362402242469961e-01 -9.537001126399655693e-01
-4.236431884765625000e+01 5.673205852508544922e+00 5.963800102472305298e-02 6.559103313352311337e-01 -4.905601736134683755e-01 5.737005780997882498e-01
-3.382140350341796875e+01 6.958273315429687500e+01 1.857379150390625000e+01 1.857651431320426205e-01 -1.549477544543052809e-01 9.703002138445090408e-01
-5.682250213623046875e+01 3.453169250488281250e+01 1.409483242034912109e+01 3.202351880791696748e-01 -3.606303636290301706e-01 8.760109389412281677e-01
-4.272569274902343750e+01 2.615882301330566406e+01 5.564641952514648438e+00 3.424322034666246739e-01 -3.070712029257484654e-01 8.879456415584942031e-01
-5.525923919677734375e+01 5.343527221679687500e+01 1.909673881530761719e+01 6.100198164629616615e-02 -5.591849226999619227e-02 9.965700579775991219e-01
-2.757774734497070312e+01 1.871626472473144531e+01 -8.289798736572265625e+00 -3.172607286942414895e-01 1.720978372213490537e-01 -9.325920675472919585e-01
-1.672578048706054688e+01 4.667246246337890625e+01 5.115578174591064453e+00 1.487424367862547336e-01 -4.612943257375988759e-01 8.746903638094917222e-01
1.882061958312988281e+01 3.401715993881225586e+00 -1.509833717346191406e+01 -1.760993166110282615e-01 2.720478366896021509e-03 -9.843686452171177548e-01
-3.856191635131835938e+01 7.085320281982421875e+01 1.960687828063964844e+01 2.630318871699119931e-01 -5.011641291882635851e-01 8.244081161335108376e-01
-4.310138702392578125e+01 4.651320648193359375e+01 1.321246910095214844e+01 4.038122611706632115e-01 -3.118996671522488162e-01 8.600315432346377076e-01
3.020022010803222656e+01 1.304559946060180664e+00 -6.508182048797607422e+00 -2.372839588293456647e-01 -2.155885429120099339e-01 9.472158692966191618e-01
-4.343918228149414062e+01 7.041532897949218750e+01 1.711943054199218750e+01 -2.633712811609053017e-01 3.679745569555459284e-01 -8.917568579456134348e-01
2.334839820861816406e+01 -8.707489967346191406e-01 -1.464761543273925781e+01 7.144269665025595462e-01 -1.437618917105086547e-01 -6.847821756045979757e-01
-5.302147865295410156e+00 9.443299770355224609e-01 -6.910097122192382812e+00 2.556081186566769303e-01 -1.489758194983298034e-01 9.552333196039569652e-01
1.565901756286621094e+01 -2.264944076538085938e+00 -1.786518287658691406e+01 7.221817907059556729e-01 1.317775943216397683e-01 6.790347022115589271e-01
-1.768859100341796875e+01 5.419135284423828125e+01 5.175946235656738281e+00 7.757244575589897773e-01 3.623500754430364901e-01 -5.166759030293910371e-01
-5.813916015625000000e+01 5.589368438720703125e+01 1.986633300781250000e+01 5.534833393501323862e-01 -4.593441961093207571e-01 6.947367145635159336e-01
1.558188438415527344e+01 3.339315795898437500e+01 -9.974575996398925781e+00 1.335179854803316898e-02 3.523273706035663366e-01 -9.357815735518145717e-01
3.094596290588378906e+01 2.068265914916992188e+00 -1.388349151611328125e+01 1.828835475900451590e-01 1.082105630804186362e-02 -9.830750290599684638e-01
-5.962327957153320312e+00 1.641794013977050781e+01 -1.350610351562500000e+01 3.908758786119086170e-02 -1.411977654108006464e-01 -9.892094578592495191e-01
1.001657676696777344e+01 4.412468338012695312e+01 -3.242086887359619141e+00 2.073130851181761714e-01 8.843229172958332329e-01 4.183231558068122302e-01
-7.094897460937500000e+01 4.744871902465820312e+01 1.876486587524414062e+01 -7.737803181522181495e-01 5.478953562863860816e-01 3.179224713669450697e-01
-4.560783863067626953e+00 4.376123809814453125e+01 -1.485543012619018555e+00 -5.249735351866705035e-02 8.532201128274716773e-01 5.189021747306641341e-01
-1.097691154479980469e+01 -5.206944942474365234e+00 -1.161133098602294922e+01 -4.025811512678054149e-01 -8.603241028650960853e-01 3.126833137109427119e-01
-5.037331390380859375e+01 5.224672317504882812e+01 1.239162158966064453e+01 -5.510330871692498134e-01 5.348969091760829020e-01 -6.405059198778721985e-01
-6.852177429199218750e+01 4.769411849975585938e+01 1.504126071929931641e+01 -1.430197182155880931e-01 2.264279820881510696e-01 -9.634706685359040179e-01
-3.577441406250000000e+01 6.396044158935546875e+01 1.784398460388183594e+01 9.457979900240053028e-02 -4.013935993803641744e-01 9.110092425421056905e-01
2.191270256042480469e+01 3.048805618286132812e+01 -1.036394309997558594e+01 1.531171680298205884e-01 3.137683937388922040e-01 -9.370723173507171655e-01
-3.431831359863281250e+01 4.745924377441406250e+01 1.034384822845458984e+01 3.707621188315904370e-01 -3.612074660029164774e-01 8.556077475942240884e-01
-1.249282360076904297e+01 2.556375503540039062e+01 -2.462584972381591797e+00 9.188561059037535228e-02 -9.593726708370431400e-02 9.911372636274674575e-01
-3.967060470581054688e+01 3.519924545288085938e+01 7.235811233520507812e+00 4.122625182122133802e-01 -3.680517359370010788e-01 8.334131842916120414e-01
-7.576457023620605469e+00 1.311955070495605469e+01 -1.612173652648925781e+01 -2.374144355364232462e-01 4.941626404487384772e-01 8.363239029130115076e-01
-1.276371383666992188e+01 1.570557403564453125e+01 -1.274598503112792969e+01 -2.576573378782700749e-02 1.891118380852855815e-02 -9.994891165437144176e-01
1.132853889465332031e+01 2.559552001953125000e+01 -4.615246772766113281e+00 -7.589898843796517858e-02 -1.793087214858434253e-01 9.808607067026418047e-01
2.294095039367675781e+01 2.250068473815917969e+01 -4.749989986419677734e+00 -1.015517078100232062e-01 -1.771295820080365513e-01 9.789342990305966996e-01
-4.130450439453125000e+01 4.794339370727539062e+01 7.402416229248046875e+00 -3.550293372511514334e-01 4.442138269245941573e-01 -8.225741581523302592e-01
-4.936946868896484375e+01 6.663773345947265625e+01 1.738119125366210938e+01 -2.893182059958405161e-01 4.671197897297952872e-01 -8.355202437536388693e-01
-1.966617774963378906e+01 6.012802886962890625e+01 1.200879955291748047e+01 2.132566024809103289e-01 -4.335770234440549653e-01 8.755184671037455901e-01
-5.290194702148437500e+01 4.294580078125000000e+01 1.547165966033935547e+01 2.322662047029067922e-01 -2.864870953721374569e-01 9.295039291676735482e-01
-5.285021209716796875e+01 4.856946563720703125e+01 1.132647132873535156e+01 -4.107627452818708447e-01 5.236434217275756087e-01 -7.463722489280649741e-01
-2.341617584228515625e+01 7.259924316406250000e+01 1.462779331207275391e+01 -1.244533838753363458e-01 4.640884482254151733e-01 -8.770024329873344904e-01
-3.716721343994140625e+01 1.667550468444824219e+01 -5.373682975769042969e+00 -3.397543064498242393e-01 1.462160537368203395e-01 -9.290790477017712989e-01
-5.472682189941406250e+01 5.963246536254882812e+01 2.277217674255371094e+01 6.209046592401346043e-01 -7.731869312544668027e-01 1.290711953581923366e-01
-6.314694213867187500e+01 5.688970947265625000e+01 2.392793083190917969e+01 -6.618972666407471062e-01 7.493243046858137912e-01 2.012696749709631805e-02
-8.287580490112304688e+00 4.250091171264648438e+01 -5.619812965393066406e+00 -1.623297908205951212e-01 3.928710313337117621e-01 -9.051526897440715924e-01
-7.660398006439208984e+00 2.302364730834960938e+01 -3.813208103179931641e+00 1.932809057806195718e-01 -2.766922758430277463e-01 9.413202834048723933e-01
-2.700918006896972656e+01 7.469863891601562500e+01 1.839125633239746094e+01 1.085373484383902604e-01 2.026126558477755746e-01 9.732254392915724583e-01
-3.410810852050781250e+01 3.603577041625976562e+01 5.570206165313720703e+00 3.380273077457909836e-01 -4.727339485120450879e-01 8.137936797139330158e-01
-3.168501663208007812e+01 6.583417510986328125e+01 1.259770965576171875e+01 -3.711294924449945465e-01 6.864096327943093323e-01 -6.253836549228818376e-01
-4.716039657592773438e+01 3.541627883911132812e+01 3.882022857666015625e+00 -1.915425998700559795e-01 1.226160336992062755e-01 -9.737950198655230816e-01
-6.968650221824645996e-01 7.807954788208007812e+00 -2.094605636596679688e+01 -5.805483658669622488e-02 1.656893774172506217e-01 -9.844677070173383227e-01
-2.728804111480712891e+00 3.854106903076171875e+01 -8.072788238525390625e+00 -1.464296798262916532e-01 3.670435895533380455e-01 -9.186062008465707418e-01
-1.412223625183105469e+01 -1.215500012040138245e-01 -7.504189968109130859e+00 1.742048520058883387e-01 -3.046127834559314573e-01 9.364100179370341559e-01
2.829961967468261719e+01 1.307881355285644531e+01 -5.628386020660400391e+00 -1.514431309023992200e-01 -2.652528984227404268e-02 9.881100075908867408e-01
2.479662895202636719e+01 2.842636871337890625e+01 -1.048843574523925781e+01 3.105941185194912024e-01 4.151023202936569012e-01 -8.551148210783873216e-01
-2.530544853210449219e+01 4.344786167144775391e+00 -3.615902900695800781e+00 1.436913123567202522e-01 -7.429855378290624313e-02 9.868295352587355129e-01
6.653076171875000000e+00 4.528199386596679688e+01 -5.276281833648681641e+00 1.003737423112814331e-01 9.778032136423560061e-01 1.839184255182428063e-01
1.758001136779785156e+01 2.277548217773437500e+01 -4.957902908325195312e+00 5.127919466999088932e-02 -2.574295315643985727e-01 9.649354799532099403e-01
2.613243293762207031e+01 2.470910263061523438e+01 -7.537254810333251953e+00 9.008245859164717428e-01 2.615229254278998994e-01 3.465845133355648366e-01
2.960987281799316406e+01 8.716005325317382812e+00 -5.665414810180664062e+00 -1.496425218252029066e-01 2.263409703879171869e-02 9.884810637098881969e-01
-6.484075164794921875e+01 4.148690414428710938e+01 1.463078594207763672e+01 -3.623533983866553121e-01 3.173220576076835053e-01 -8.763599297282297362e-01
-6.066365051269531250e+01 5.055202865600585938e+01 1.598857116699218750e+01 8.844720764725781670e-02 6.243945906398692958e-02 -9.941219268335246273e-01
-2.343183517456054688e+01 6.019522857666015625e+01 7.848804950714111328e+00 -1.565396883763546521e-01 5.480593090117978905e-01 -8.216607084244350601e-01
-3.468689727783203125e+01 2.136726379394531250e+01 1.283077001571655273e+00 3.126245311603942922e-01 -1.788619386511386411e-01 9.328849390030369282e-01
-2.110551834106445312e+01 6.677943420410156250e+01 1.381889533996582031e+01 8.791615946005750803e-01 4.174500683621228392e-01 -2.298049847236414700e-01
-8.557865142822265625e+00 4.159260559082031250e+01 8.056349754333496094e-01 -1.704167971947956051e-01 8.491256719630599914e-01 4.999437052780538737e-01
-2.054163360595703125e+01 4.088129806518554688e+01 3.491344928741455078e+00 1.892966585484124054e-01 -3.944257429104417456e-01 8.992191659389562330e-01
-3.689144897460937500e+01 5.711206817626953125e+01 1.530657672882080078e+01 3.198361020276311306e-01 -3.700874813174255262e-01 8.722041756446108351e-01
-4.929904174804687500e+01 6.318072128295898438e+01 1.682353782653808594e+01 1.044081389112852393e-01 4.028637895294868987e-02 -9.937182438699316833e-01
-5.470573902130126953e+00 -6.773328781127929688e+00 -1.284624958038330078e+01 -1.163278867193353328e-01 -7.980248869379243937e-01 5.912902016769147062e-01
-4.450794982910156250e+01 5.603477478027343750e+01 1.740396881103515625e+01 3.206759398945887019e-01 -4.229743935576818492e-01 8.475019787394206805e-01
9.665107727050781250e+00 2.965184783935546875e+01 -1.151428699493408203e+01 8.874118116799806222e-02 2.156033944951163683e-01 -9.724403215864159122e-01
5.441184997558593750e+00 -6.635149002075195312e+00 -8.547429084777832031e+00 -2.755343508990062973e-01 -6.145257383257121120e-01 7.392150826450321066e-01
-3.990798568725585938e+01 6.216851806640625000e+01 1.390593242645263672e+01 -4.218253121533065420e-01 6.318556459372788314e-01 -6.502475288103367612e-01
-1.797474670410156250e+01 2.088543701171875000e+01 -1.098975276947021484e+01 -3.252518814241823764e-01 2.236899929853503888e-01 -9.187894212866425381e-01
-2.984062576293945312e+01 2.302470397949218750e+01 -6.511861801147460938e+00 -2.604610922650943960e-01 2.594073966661752939e-01 -9.299826998234705933e-01
-1.154702186584472656e+01 4.335390090942382812e+00 -1.994449234008789062e+01 -9.088788531248902236e-02 4.583443866912378928e-02 -9.948058084547506397e-01
-5.524945068359375000e+01 3.177779197692871094e+01 1.238662242889404297e+01 3.975707681577648755e-01 -2.121838349095109821e-01 8.927012403427800891e-01
1.212596130371093750e+01 1.125055503845214844e+01 -1.725272369384765625e+01 6.346145767935709170e-01 5.336562074949703360e-01 5.589949830930524000e-01
1.221089363098144531e+01 1.088363838195800781e+01 -7.402651786804199219e+00 -6.043682004547045600e-02 -1.097365900283173018e-01 9.921216012121439887e-01
-1.463959693908691406e+01 4.662825393676757812e+01 5.675290226936340332e-01 7.572534040868246219e-01 6.200950720122685444e-01 -2.050594637294648470e-01
-2.617686653137207031e+01 5.643659210205078125e+01 1.185878181457519531e+01 2.555885886186803901e-01 -3.997090867856741836e-01 8.802880888146069616e-01
1.291767692565917969e+01 2.796880149841308594e+01 -1.182039070129394531e+01 4.635049153883178535e-02 3.074048105532641850e-01 -9.504493223643332156e-01
-1.356309509277343750e+01 -8.030340075492858887e-01 -1.663740158081054688e+01 -9.519703822116791780e-01 -3.411378238807289548e-02 3.042838169257917058e-01
1.995831108093261719e+01 2.354936981201171875e+01 -1.234600448608398438e+01 -2.123555964336580962e-02 5.570181086871827530e-02 -9.982215982799502729e-01
3.527318954467773438e+00 -2.573851108551025391e+00 -8.191159248352050781e+00 1.435567921354152510e-01 4.901343964811341603e-02 9.884276049188680524e-01
-6.864981842041015625e+01 4.647327423095703125e+01 2.255395507812500000e+01 5.200730730166714944e-01 -5.817523187317485966e-01 6.253704808937098347e-01
-6.591278839111328125e+01 5.216240310668945312e+01 1.585856819152832031e+01 -2.343867751054215520e-01 3.366552579903598907e-01 -9.119901736987765517e-01
1.215357589721679688e+01 -2.751786947250366211e+00 -8.433459281921386719e+00 1.658240777694976187e-02 6.389167104932810815e-02 9.978190608135542039e-01
-3.474917221069335938e+01 2.091367959976196289e+00 -7.870925903320312500e+00 -2.874442367269851029e-01 -7.136925758735657155e-01 -6.387634287554319057e-01
-1.697298049926757812e+01 4.510741806030273438e+01 -2.109258890151977539e+00 -1.934162186973884257e-01 3.632808770287399569e-01 -9.113820114145514406e-01
1.976254940032958984e+00 3.816184234619140625e+01 -1.185477972030639648e+00 5.002196179600699316e-02 -3.406266598901633302e-01 9.388670203549328575e-01
-1.415120887756347656e+01 8.367345809936523438e+00 -4.966217994689941406e+00 -6.249523654566486314e-02 1.514268902822523133e-01 9.864908728967278773e-01
-4.850115966796875000e+01 1.469057083129882812e+01 3.704485893249511719e+00 -6.020753985759264015e-01 -6.921414552281661692e-01 3.980520322574369607e-01
-5.916030883789062500e+00 3.330059051513671875e+00 -2.080502510070800781e+01 -3.753181751588735016e-01 2.845323035039311610e-01 -8.821437726686959246e-01
-3.420270156860351562e+01 6.065312194824218750e+01 1.008606910705566406e+01 -2.065255198816880744e-01 2.805933628542382485e-01 -9.373444267502464289e-01
-6.357264995574951172e+00 8.021150588989257812e+00 -5.544012069702148438e+00 2.495728283848119844e-01 -8.332984407917783110e-02 9.647639817166397957e-01
-2.666280364990234375e+01 1.300837039947509766e+00 -1.113735675811767578e+01 -1.527575435734925269e-01 -4.829871656402771052e-01 -8.621998206379795082e-01
-5.274645233154296875e+01 2.114920806884765625e+01 6.688956260681152344e+00 -5.803385303392278871e-01 -7.503173735254528021e-01 3.165928445015320780e-01
-5.382971191406250000e+01 5.419725418090820312e+01 1.570828533172607422e+01 -2.972727145759890832e-01 3.981454128158025685e-01 -8.678186235742793020e-01
-3.646387481689453125e+01 5.025370025634765625e+01 6.426396846771240234e+00 -3.826510050155073062e-01 5.170233745420534932e-01 -7.656794620059818035e-01
1.483879983425140381e-01 -9.356882095336914062e+00 -1.585385131835937500e+01 1.279028188608013761e-01 -9.566452977626643817e-01 2.616689572647931117e-01
-3.149953842163085938e+01 2.427924346923828125e+01 1.044543981552124023e+00 2.327929067711038968e-01 -2.159605781771360977e-01 9.482449531795342779e-01
-2.320662879943847656e+01 3.375992965698242188e+01 1.542453050613403320e+00 1.077350559886062209e-01 -2.946771574344909661e-01 9.495043604941791893e-01
2.109525871276855469e+01 1.563871002197265625e+01 -6.425454139709472656e+00 -1.263255383237323337e-01 -1.932823462971598183e-01 9.729767689811941178e-01
-5.091422271728515625e+01 5.776992797851562500e+01 1.931818580627441406e+01 1.196110393892329815e-01 -1.790342228655062151e-01 9.765449023466210576e-01
-2.247427368164062500e+01 6.448625946044921875e+01 9.300609588623046875e+00 -2.217037318611729257e-01 2.616021368219808019e-01 -9.393677540180963570e-01
-6.737452983856201172e+00 2.185845565795898438e+01 -1.292736244201660156e+01 -1.053909113000537079e-01 -1.321155349923672506e-01 -9.856156660834003436e-01
-9.496859908103942871e-01 2.479548835754394531e+01 -4.214815139770507812e+00 1.036444642231170582e-01 -3.336200984562587846e-01 9.369927720862841758e-01
-6.001931762695312500e+01 3.942056655883789062e+01 1.046501731872558594e+01 -3.959546531001557068e-01 3.446355910541772927e-01 -8.511440665757312729e-01
-9.209554672241210938e+00 9.698114395141601562e+00 -1.998688888549804688e+01 -7.961414448591389026e-02 9.297051195738694970e-03 -9.967823999433575999e-01
-9.800069808959960938e+00 8.308347702026367188e+00 -1.484604167938232422e+01 -7.450696362997317745e-01 5.327476753499971185e-01 4.013117883558360299e-01
-1.505202102661132812e+01 3.742354965209960938e+01 9.386360049247741699e-01 1.769804357987523891e-01 -3.544151747388121221e-01 9.181872408497849802e-01
-6.588860321044921875e+01 5.322227859497070312e+01 2.111022567749023438e+01 -7.223862074480889017e-01 6.810706207104996190e-01 -1.195866919593539662e-01
2.498558235168457031e+01 6.742546081542968750e+00 -6.851477146148681641e+00 -2.903720163861812087e-01 -1.088279676255540507e-01 9.507052990082229815e-01
-8.891728401184082031e+00 3.834384155273437500e+01 -7.277204036712646484e+00 -1.708636297622469491e-01 3.359100646761139508e-01 -9.262667264205050044e-01
-2.236026382446289062e+01 3.557250976562500000e+01 -5.131855010986328125e+00 -1.944224961044229427e-01 3.507246429906942242e-01 -9.160742971001728518e-01
-3.024134063720703125e+01 6.429629802703857422e+00 -9.405611038208007812e+00 -4.127195988595184217e-01 8.990006815147001673e-02 -9.064107846134661362e-01
-5.858605957031250000e+01 3.963522720336914062e+01 1.609388160705566406e+01 2.468778182306405611e-01 -2.521299451897643928e-01 9.356718621420039295e-01
2.701322364807128906e+01 -2.182996988296508789e+00 -1.464108657836914062e+01 4.043787242887628142e-02 -3.966112144783221494e-01 -9.170955909955387231e-01
-2.745618057250976562e+01 5.513789749145507812e+01 5.794394969940185547e+00 -2.703554191041331878e-01 5.781831244042685558e-01 -7.698131084978655503e-01
-5.149671173095703125e+01 4.567472839355468750e+01 9.665058135986328125e+00 -2.405612249057166308e-01 2.704467482360181085e-01 -9.321957162744445302e-01
-3.589167022705078125e+01 2.318201065063476562e+01 -4.478259086608886719e+00 -3.685754393680262808e-01 2.533362871983713127e-01 -8.944120253458194281e-01
-2.830086326599121094e+01 7.697073364257812500e+01 1.624737548828125000e+01 2.579248784397806804e-01 1.289755249371331292e-01 -9.575176609593242238e-01
-1.474248218536376953e+01 1.191038012504577637e+00 -1.355891990661621094e+01 -2.367080635989069204e-01 -3.141743245299703086e-02 -9.710727251680570937e-01
7.704842090606689453e+00 1.997402572631835938e+01 -6.076183795928955078e+00 6.677034826625038999e-02 -2.139272247054186671e-01 9.745649609555234738e-01
-4.158876800537109375e+01 3.230821609497070312e+01 7.533199787139892578e-01 -5.114179806239541604e-01 4.139409024018647076e-01 -7.530634624075496220e-01
-4.599028110504150391e+00 1.376027488708496094e+01 -2.040301704406738281e+01 -1.031225527571322381e-01 6.669855947358974135e-02 -9.924298671830672491e-01
1.746731376647949219e+01 -3.002150058746337891e+00 -1.511528873443603516e+01 -1.063053234297908212e-01 -2.057638701618548158e-02 -9.941206116502402379e-01
-1.464806461334228516e+01 4.933601379394531250e+01 5.706726074218750000e+00 4.078128986931477962e-01 -2.776714812588509940e-01 8.698202044991872883e-01
-2.999930572509765625e+01 1.805053710937500000e+01 -8.826599717140197754e-01 2.445942996456981211e-01 -2.403630139848526304e-01 9.393610861053101058e-01
-4.449464035034179688e+01 4.326826095581054688e+01 1.232714080810546875e+01 3.818847152786376542e-01 -3.237252209494390631e-01 8.656593126385175863e-01
-4.914448547363281250e+01 4.030367279052734375e+01 6.861666202545166016e+00 -5.209434898870916042e-01 4.515058989726589700e-01 -7.244034121517850533e-01
-2.236906623840332031e+01 4.745046234130859375e+01 6.688899993896484375e+00 1.807435044617844710e-01 -3.845456740041728882e-01 9.052383167981508105e-01
-1.244902420043945312e+01 3.254164886474609375e+01 -1.179944038391113281e+00 1.334519334463966367e-01 -2.910703355035579309e-01 9.473482154146197765e-01
-1.512199938297271729e-01 -6.804410219192504883e-01 -2.553440856933593750e+01 1.514919643345200018e-01 -4.575716155911014327e-01 -8.761725865076001041e-01
1.746036338806152344e+01 4.189712524414062500e+01 -3.402080059051513672e+00 2.809941064772343289e-01 8.861323264397825694e-01 3.685265420067861397e-01
-4.194819927215576172e+00 -9.717767715454101562e+00 -1.765937232971191406e+01 -2.974520888840392202e-02 -9.709173694766669582e-01 2.375598539246363550e-01
-2.991585922241210938e+01 3.828251647949218750e+01 5.038096904754638672e+00 2.544730195263324446e-01 -3.844876506828837637e-01 8.873627943549964314e-01
1.151166152954101562e+01 4.087355422973632812e+01 -7.790843963623046875e+00 -4.517595375960111251e-03 3.371974763392998620e-01 -9.414231000365491653e-01
-2.343360137939453125e+01 1.710158920288085938e+01 -2.245703935623168945e+00 1.684444663042240220e-01 -2.856193344212745733e-01 9.434235833262983872e-01
1.106330108642578125e+01 2.126043319702148438e+01 -5.700626850128173828e+00 -1.171299740456635367e-02 -2.928964639171311446e-01 9.560724172972678847e-01
9.289752960205078125e+00 1.295872116088867188e+01 -1.598901462554931641e+01 4.491727534230206542e-01 6.944959058627097059e-01 5.620669660479225005e-01
-1.931008529663085938e+01 3.976007080078125000e+01 -4.282195091247558594e+00 -2.852635336844969172e-01 4.806304776905234721e-01 -8.292279905217944114e-01
3.570029449462890625e+01 -5.732899904251098633e-02 -9.954269409179687500e+00 4.183789754428837160e-01 -9.078151647622086928e-01 -2.882116470802415995e-02
7.317031860351562500e+00 2.382577896118164062e+01 -1.281230354309082031e+01 -3.859691546339111268e-02 -3.970984769802534120e-01 -9.169640547462450941e-01
-3.986571502685546875e+01 1.048100852966308594e+01 -5.240882873535156250e+00 -3.096954682825459049e-01 9.526224346105528762e-02 -9.460517014920597489e-01
1.422712516784667969e+01 -5.488192081451416016e+00 -1.061615753173828125e+01 2.470039606230453877e-01 -9.309647150150173189e-01 2.688749576169870981e-01
-2.782887268066406250e+01 4.988934707641601562e+01 9.516419410705566406e+00 1.531618334594797570e-01 -2.291779357082689705e-01 9.612590319762031044e-01
1.619095420837402344e+01 1.457856559753417969e+01 -1.448772621154785156e+01 -5.068481992127726876e-02 7.230672671220253478e-02 -9.960937638102722591e-01
-3.651821899414062500e+01 5.492062091827392578e+00 -7.043552875518798828e+00 -3.252751585731756823e-01 1.777398340255168310e-02 -9.454523556103721083e-01
-2.936680984497070312e+01 5.638382720947265625e+01 1.281803512573242188e+01 3.302440382129442353e-01 -5.630022631766924412e-01 7.576063139142452663e-01
-2.466836547851562500e+01 9.586307525634765625e+00 -3.364485979080200195e+00 2.298496953510260066e-01 -7.979421812631501409e-02 9.699494833756295842e-01
2.706036090850830078e+00 4.436812973022460938e+01 -1.315801978111267090e+00 1.575638019330908787e-02 9.186969273860629004e-01 3.946488212254167793e-01
-6.172942352294921875e+01 5.387895965576171875e+01 2.302906227111816406e+01 6.806074583312186066e-01 -5.413364185301481335e-01 4.936885350470180400e-01
2.450067710876464844e+01 1.888244056701660156e+01 -5.262539863586425781e+00 -3.366320039242163831e-01 -7.330217606400905861e-02 9.387788264113371417e-01
8.962190151214599609e-01 1.720788383483886719e+01 -1.897663116455078125e+01 -1.148822829921849337e-02 9.998556573615744458e-01 1.251739000746463458e-02
4.959403991699218750e+00 7.814807891845703125e+00 -2.099925613403320312e+01 9.797862104467182365e-02 1.303038446004017303e-01 -9.866210508095492049e-01
-1.079006004333496094e+01 3.218598175048828125e+01 -9.131725311279296875e+00 -2.176283476910047254e-01 2.697466733042780396e-01 -9.380163295607162333e-01
-4.570379638671875000e+01 3.682804870605468750e+01 1.015116405487060547e+01 1.882100192086967327e-01 -2.755082238083055302e-01 9.426941218038090708e-01
-5.342340087890625000e+01 5.754406738281250000e+01 1.661269950866699219e+01 -8.276787276445879415e-02 2.216517397910908738e-01 -9.716069089326345720e-01
-2.391733932495117188e+01 2.028983688354492188e+01 -9.161344528198242188e+00 -3.171940841343087181e-01 2.711369889777520692e-01 -9.087753551886601500e-01
-4.821908950805664062e+01 5.343803405761718750e+01 1.765117263793945312e+01 2.946158140297771011e-01 -3.857414340201588687e-01 8.743026182070160468e-01
-6.083869934082031250e+01 3.366911697387695312e+01 1.373872566223144531e+01 -6.976474566553605428e-01 -6.792542226037761033e-01 2.278195059630472030e-01
-3.683907318115234375e+01 3.583466053009033203e+00 -3.434441089630126953e+00 1.688841862971776353e-01 -9.590314342131541769e-01 2.274573362408888466e-01
1.795306587219238281e+01 -1.182687997817993164e+00 -8.069317817687988281e+00 -2.367871667399028962e-02 -3.224227149615827709e-02 9.991995567980607174e-01
-1.557744026184082031e+01 1.508862495422363281e+01 -4.239720821380615234e+00 1.554494480768545683e-01 -2.725562033018650299e-01 9.494991232930517500e-01
-5.153528594970703125e+01 6.613823699951171875e+01 2.356738471984863281e+01 -5.679291083734091528e-01 7.750949692163057181e-01 -2.769193322210612429e-01
-1.043228435516357422e+01 -5.312716007232666016e+00 -2.002476692199707031e+01 -1.833893418983222057e-02 -7.773486682686238380e-02 -9.968053842010441423e-01
2.040073585510253906e+01 9.579120635986328125e+00 -1.487424850463867188e+01 1.098737695273301063e-01 9.030185659298430034e-02 -9.898350011318629571e-01
1.171525001525878906e+01 3.490443038940429688e+01 -2.464397907257080078e+00 7.638858935672762250e-04 -2.087581163026407394e-01 9.779670062717427115e-01
-1.846110153198242188e+01 7.635000161826610565e-03 -1.009518814086914062e+01 -4.245019027506904963e-01 -9.004366194137227719e-01 9.493170692571450964e-02
-2.179085016250610352e+00 1.668913841247558594e+01 -1.338417434692382812e+01 2.420534560099515606e-02 -2.698604516425290867e-01 -9.625951578330459446e-01
1.355431938171386719e+01 3.816468954086303711e+00 -8.133339881896972656e+00 -1.222343931551231611e-01 -9.773121873681085703e-02 9.876777622353439812e-01
-5.581121063232421875e+01 4.789327239990234375e+01 1.295333099365234375e+01 -5.342681924776739866e-01 5.250987253935260890e-01 -6.624415650430861557e-01
2.107603263854980469e+01 5.910458087921142578e+00 -1.509191226959228516e+01 8.003573382392473179e-02 -3.616290158801301405e-03 -9.967854351648367528e-01
-5.062693023681640625e+01 1.931852722167968750e+01 1.759238004684448242e+00 -5.254394446460343149e-01 2.372958545807448416e-01 -8.170704176561901511e-01
-1.087381744384765625e+01 -3.841840028762817383e-01 -7.931180953979492188e+00 -3.610492994437406455e-01 -4.077544597298083384e-01 8.386773538981698861e-01
-3.807936859130859375e+01 6.015791320800781250e+01 1.107649326324462891e+01 -3.299767055102464930e-01 5.005167364020690624e-01 -8.003738941282541042e-01
-4.868730545043945312e+01 6.018311309814453125e+01 1.942511558532714844e+01 7.566459597005255333e-02 -1.585222401260876768e-01 9.844519126407829113e-01
-5.580566406250000000e+01 3.644096374511718750e+01 8.438179969787597656e+00 -2.320081986901399718e-01 1.243360474411825539e-01 -9.647345453788106484e-01
-4.471231842041015625e+01 1.247271728515625000e+01 -2.459088087081909180e+00 -4.827031704015067315e-01 2.088909463909054964e-01 -8.505070380662619334e-01
7.132003784179687500e+00 1.434317398071289062e+01 -2.079782485961914062e+01 1.594263357467888553e-01 2.181129100326509029e-01 -9.628135862914694032e-01
-2.177388191223144531e+01 1.504000091552734375e+01 -1.117780399322509766e+01 -2.093815214897902510e-01 1.877425750489046807e-01 -9.596416539378784805e-01
-2.566125869750976562e+01 3.705824279785156250e+01 -3.308193922042846680e+00 -4.167435484205391782e-01 4.534882786437066660e-01 -7.878281513011740067e-01
2.536282062530517578e+00 1.459570884704589844e+01 -6.786547183990478516e+00 1.067631858617559132e-01 -7.230308801706161748e-02 9.916520990790294032e-01
-2.062475585937500000e+01 5.588815307617187500e+01 1.034861183166503906e+01 2.097185704444758936e-01 -1.692588266448774581e-01 9.630002963725008414e-01
-1.116295528411865234e+01 4.361796569824218750e+01 -4.413279056549072266e+00 -1.901514032392879194e-01 5.404047353729082293e-01 -8.196372159880654928e-01
4.163115024566650391e+00 -7.204040288925170898e-01 -2.221255302429199219e+01 5.130995059549545712e-01 -3.065994144624328843e-01 -8.017017500542672481e-01
-4.837636184692382812e+01 1.450525665283203125e+01 -9.532189965248107910e-01 -3.817652895941206492e-01 1.086514229768881373e-01 -9.178508222724509613e-01
-6.956182861328125000e+01 4.929370117187500000e+01 2.110309410095214844e+01 -6.263434771585236760e-01 6.304854291616879269e-01 -4.584560744889002448e-01
1.269499778747558594e+01 -6.848505020141601562e+00 -1.530924415588378906e+01 2.268667253571615694e-01 -9.590968309705790729e-01 -1.693066972919579083e-01
2.319250679016113281e+01 2.400845909118652344e+01 -1.194593429565429688e+01 5.074252601684008102e-02 1.735518973892808958e-01 -9.835166165174896724e-01
-2.391199111938476562e+01 2.896760940551757812e+00 -1.182206344604492188e+01 -1.788172689942067184e-01 3.608825350162862128e-02 -9.832202308072468533e-01
-2.864556121826171875e+01 7.192185211181640625e+01 1.559159374237060547e+01 -1.894755791918209531e-01 3.386099907206643334e-01 -9.216519294582286026e-01
-3.084720420837402344e+01 6.056142044067382812e+01 1.509576702117919922e+01 1.650720719313369111e-01 -3.854525343821345040e-01 9.078422521598589201e-01
-3.561316013336181641e+00 6.278973102569580078e+00 -6.532304763793945312e+00 2.624994648517187112e-01 -2.094127584887230109e-01 9.419343541535710740e-01
-6.331901550292968750e+01 5.676134490966796875e+01 1.714121627807617188e+01 -4.757401855617285347e-01 5.059466377704603390e-01 -7.195062720855591731e-01
-4.089696121215820312e+01 4.526942443847656250e+01 5.624292850494384766e+00 -4.529607567137276525e-01 4.690251555250471438e-01 -7.581833263545384449e-01
-1.506693005561828613e+00 1.282288169860839844e+01 -2.056229019165039062e+01 -7.421116597413687788e-02 2.308680789653065960e-02 -9.969752765971219288e-01
-3.044667243957519531e+01 4.301352024078369141e+00 -2.748734951019287109e+00 2.856126668042192063e-01 -6.538275579677835236e-02 9.561121795089742026e-01
-4.285150527954101562e+01 6.081102752685546875e+01 1.446744537353515625e+01 -4.557307878283523017e-01 4.950112833635251230e-01 -7.397792092024113586e-01
1.810177421569824219e+01 3.942913818359375000e+01 -8.053181648254394531e+00 5.589465806241487172e-02 2.704172941495603943e-01 -9.611192819962128819e-01
1.188221359252929688e+01 -8.446016311645507812e+00 -1.987651634216308594e+01 2.709665072800059860e-01 -4.498801477689983730e-01 -8.509906019315481851e-01
-4.794312286376953125e+01 5.971003723144531250e+01 1.605749130249023438e+01 -2.576410715157081421e-01 4.507852359741406079e-01 -8.546424686943517868e-01
-5.564385986328125000e+01 2.621818161010742188e+01 9.779256820678710938e+00 -8.006727009547723872e-01 -5.511430876555044600e-01 2.348712900193345998e-01
9.202919006347656250e+00 8.883758544921875000e+00 -2.102060127258300781e+01 -1.466166839845231377e-02 -2.578923133199789372e-02 -9.995598786601422869e-01
-9.249268531799316406e+00 1.756037330627441406e+01 -4.789508819580078125e+00 1.746622960368056088e-01 -2.073193467393045497e-01 9.625548144447354515e-01
-3.408166503906250000e+01 1.770297241210937500e+01 -6.347013950347900391e+00 -3.156532824926659986e-01 2.072593790936539671e-01 -9.259625019563795245e-01
1.077031970024108887e+00 2.184985733032226562e+01 -1.363460540771484375e+01 5.089842082078468999e-02 8.414184360660888207e-02 -9.951530037699888309e-01
2.626691246032714844e+01 9.243131637573242188e+00 -1.414808559417724609e+01 1.067458273119651080e-01 2.547950088986962111e-02 -9.939598198045468402e-01
-4.065928936004638672e+00 1.284865188598632812e+01 -5.932435989379882812e+00 2.119792753832243082e-01 7.930457697892501732e-04 9.772738397636612229e-01
-3.552521514892578125e+01 4.086179351806640625e+01 8.022052764892578125e+00 3.066514630016712317e-01 -3.927923386445276721e-01 8.669942669597633378e-01
-4.714532470703125000e+01 2.911542129516601562e+01 8.371313095092773438e+00 4.257650968705792294e-01 -2.224262034405454225e-01 8.770693623139570461e-01
-3.240048980712890625e+01 7.352375793457031250e+01 1.901561164855957031e+01 1.456516325163962344e-01 1.366617334975842590e-01 9.798516074093790440e-01
-3.148516464233398438e+01 4.289975357055664062e+01 7.440907955169677734e+00 3.597588479640018710e-01 -4.233784658534876510e-01 8.314591066090751825e-01
-4.389921188354492188e+01 2.990451431274414062e+01 1.254984974861145020e+00 -5.608013852727964377e-01 4.220644106597328804e-01 -7.122944893304771208e-01
-3.997252655029296875e+01 3.383238077163696289e+00 -4.147655010223388672e+00 5.766527307242189787e-02 -8.543700931960860334e-01 5.164556710247204530e-01
-3.460943937301635742e+00 4.235342025756835938e+01 -6.430262088775634766e+00 -1.047511820130918453e-01 3.908869859360637466e-01 -9.144586125641114283e-01
-1.109705829620361328e+01 4.278404235839843750e+01 -7.484769821166992188e-01 1.497829538789594572e-01 8.274269292214878613e-01 5.412298435289691900e-01
8.737003326416015625e+00 4.051716613769531250e+01 -6.430439949035644531e-01 5.228487438619119909e-02 -2.835003305282443598e-01 9.575457453828492005e-01
-3.225688934326171875e+00 3.241284179687500000e+01 -1.018157005310058594e+01 -6.696922273734834397e-02 3.213141474695889732e-01 -9.446016842256035329e-01
2.064513206481933594e+01 2.819775199890136719e+01 -3.891942024230957031e+00 -1.858365097996200060e-02 -2.110920025007574641e-01 9.772895243460225645e-01
-2.588362884521484375e+01 6.736531066894531250e+01 1.118434238433837891e+01 -2.263837853658309807e-01 6.305424872357431321e-01 -7.424059223322508894e-01
-6.867401123046875000e+01 4.272261428833007812e+01 1.700203132629394531e+01 -7.936041040675474445e-01 -5.829092909957693802e-01 1.743825807755888802e-01
-4.791619873046875000e+01 4.657019805908203125e+01 8.996938705444335938e+00 -2.513968228993345710e-01 2.413237718091088835e-01 -9.373166351857550316e-01
-9.541556358337402344e+00 -3.980340957641601562e+00 -8.266288757324218750e+00 9.194357870255380483e-02 7.879813714378057499e-02 9.926415425107077972e-01
-4.255605316162109375e+01 6.715213775634765625e+01 1.680340576171875000e+01 -1.039918285693640504e-01 1.411522377999895883e-01 -9.845109168286836354e-01
-2.581583976745605469e+01 1.286180019378662109e+00 -6.010251045227050781e+00 -3.837416129665248699e-01 -8.666413249903495153e-01 3.188654705307889525e-01
-3.883224487304687500e+01 5.160819244384765625e+01 1.369692134857177734e+01 2.956181366185017811e-01 -3.589810199662116230e-01 8.852923497953788523e-01
2.335434150695800781e+01 1.142537879943847656e+01 -1.431532001495361328e+01 -7.690534860439983411e-02 1.587009703586081955e-01 -9.843269626314580245e-01
-4.882937622070312500e+01 6.474459838867187500e+01 2.445579719543457031e+01 4.155218527379988536e-01 -7.607021860318033957e-01 4.986720105075244103e-01
-1.234417724609375000e+01 1.792414855957031250e+01 -4.105041980743408203e+00 2.525476743609730290e-01 -2.746848273396480522e-01 9.277757906974354318e-01
-4.717220306396484375e+01 3.198526382446289062e+01 3.468498945236206055e+00 -2.174937031475003280e-01 1.814334863859850544e-01 -9.590507698286956373e-01
-5.564140319824218750e+01 6.281153869628906250e+01 2.255613899230957031e+01 -5.810287390784171224e-01 8.089403544414013325e-01 -8.956063488589634247e-02
2.720025444030761719e+01 2.178446054458618164e+00 -7.009942054748535156e+00 -1.836342626554979263e-01 -1.348617747855864746e-01 9.736995220706712306e-01
-3.926197052001953125e+01 2.703967857360839844e+01 -1.550845026969909668e+00 -2.857282960892342238e-01 2.137184698694028495e-01 -9.341754420078832721e-01
2.866958045959472656e+01 1.902025985717773438e+01 -7.994661808013916016e+00 8.548719217525944103e-01 4.347621351970160086e-01 2.831534622743603347e-01
-5.820852661132812500e+01 5.888907623291015625e+01 2.514897155761718750e+01 1.624679678988189824e-01 -5.589841153487030700e-01 8.131057238727668057e-01
-3.621007537841796875e+01 1.719287300109863281e+01 8.965449929237365723e-01 3.518917114701917148e-01 -1.729798656631163778e-01 9.199185776326888053e-01
1.490886116027832031e+01 7.647378921508789062e+00 -1.486625671386718750e+01 2.088967575598768833e-01 9.548746826208293070e-02 -9.732647574457155004e-01
-4.400562286376953125e+01 1.410853195190429688e+01 3.391900062561035156e+00 3.777235795626265880e-01 -1.580166105309734059e-03 9.259170591999458244e-01
-1.359390926361083984e+01 4.410277843475341797e+00 -1.362587547302246094e+01 -1.769632305410410722e-01 5.449409266913991801e-02 -9.827076925010027608e-01
-8.493339538574218750e+00 1.757905960083007812e+00 -5.648099899291992188e+00 2.919551314347115789e-01 -1.779997823232724319e-01 9.397224477056018710e-01
-1.892071723937988281e+01 1.715408515930175781e+01 -2.875731945037841797e+00 1.163735165660205878e-01 -2.541978479679534164e-01 9.601253349071251497e-01
-4.995738220214843750e+01 6.327151107788085938e+01 2.040861511230468750e+01 4.493259585234567477e-01 -6.357330671286267609e-01 6.276540849514212761e-01
-1.557789802551269531e+01 -1.799207925796508789e+00 -9.733015060424804688e+00 -5.910961098383268331e-01 -7.836340689168692641e-01 1.911100075003606680e-01
-5.245481109619140625e+01 2.638755035400390625e+01 9.755424499511718750e+00 2.119003574382967159e-01 -2.059387116675404916e-01 9.553467881111211701e-01
-6.423043823242187500e+01 4.262754821777343750e+01 1.817488098144531250e+01 -9.917064591074472094e-03 -1.568165857310709899e-01 9.875779514901829037e-01
-4.481748962402343750e+01 3.203479003906250000e+01 8.365133285522460938e+00 4.175724478212812785e-01 -3.514946084197805853e-01 8.379050012217187371e-01
-5.844396209716796875e+01 4.869597625732421875e+01 1.863913345336914062e+01 1.950511452950232094e-01 -2.627965112721455387e-01 9.449301796335476400e-01
-1.291140747070312500e+01 2.153019332885742188e+01 -1.204520416259765625e+01 -2.068444383256630159e-01 9.000254178015111572e-02 -9.742252926335126517e-01
5.791100025177001953e+00 2.558106994628906250e+01 -4.455111026763916016e+00 3.737974297320373340e-02 -2.888744027117072788e-01 9.566369919009047873e-01
2.886721134185791016e+00 3.182315826416015625e+01 -1.079409694671630859e+01 -3.142706393432781464e-02 3.891995727552962081e-01 -9.206172017834354238e-01
-4.894420623779296875e+01 2.567326736450195312e+01 2.586720943450927734e+00 -3.997891875851111720e-01 3.424534914435404809e-01 -8.502318576060097222e-01
1.280237388610839844e+01 1.254580020904541016e+00 -2.089809226989746094e+01 -5.878121429851904806e-02 3.599607815507916558e-02 -9.976216974399889637e-01
-2.402721214294433594e+01 6.731926727294921875e+01 1.601391410827636719e+01 1.494947226352125458e-01 -4.038618499060908640e-01 9.025225393831729503e-01
1.202421188354492188e+01 3.448455429077148438e+01 -9.604188919067382812e+00 -2.119791902019763086e-02 5.890292078137310261e-02 -9.980386235775829951e-01
-1.477702140808105469e+01 4.065533065795898438e+01 2.168014049530029297e+00 1.035251770051284353e-01 -2.369634213434188841e-01 9.659869950839288233e-01
-3.391829299926757812e+01 7.510317993164062500e+01 1.602488517761230469e+01 -8.774097660698626511e-02 1.300385058355783829e-01 -9.876191108034021449e-01
9.947185516357421875e+00 -2.520818948745727539e+00 -2.062641716003417969e+01 9.301728053702298937e-02 -8.721859524939014341e-02 -9.918370340757698411e-01
-2.010496711730957031e+01 3.377831935882568359e+00 -1.254391860961914062e+01 -3.608634852870991061e-01 5.018395811819820890e-02 -9.312674778676846010e-01
2.432851600646972656e+01 -2.990694046020507812e+00 -8.869657516479492188e+00 2.525172291288528270e-01 -9.445845383272377660e-01 -2.097500868800908913e-01
2.189679527282714844e+01 -3.648558139801025391e+00 -1.152682971954345703e+01 1.992508009277812187e-01 -9.787734805509984426e-01 4.797491114865914952e-02
8.902780532836914062e+00 1.564766311645507812e+01 -1.420515346527099609e+01 2.683307568663444165e-02 -2.505676051767232598e-02 -9.993258451584025037e-01
-5.651251983642578125e+01 4.276322937011718750e+01 1.029877376556396484e+01 -3.516852344748235271e-01 3.378382039504813084e-01 -8.730308378310019934e-01
-1.229176521301269531e+01 2.463336944580078125e+01 -1.145205974578857422e+01 -2.208322645449403987e-01 2.587276695052040942e-01 -9.403686000544465573e-01
-9.650812149047851562e+00 -9.306310653686523438e+00 -1.671016502380371094e+01 -2.596903096282885196e-02 -9.992709538186762552e-01 2.798517974150958876e-02
1.492797851562500000e+01 1.677165031433105469e+01 -6.515881061553955078e+00 -8.320892337166467534e-02 -2.046715119194177090e-01 9.752875715807866053e-01
-5.931602954864501953e+00 -3.795485019683837891e+00 -7.721707820892333984e+00 -4.170982518047672283e-01 -8.555900389031249054e-01 3.065856057794563161e-01
-3.940035247802734375e+01 5.043910980224609375e+01 7.851614952087402344e+00 -3.109044388118495927e-01 4.421240963343155972e-01 -8.413469637240357235e-01
6.537572860717773438e+00 1.065428924560546875e+01 -7.504130840301513672e+00 7.835848165364381335e-02 -1.658374290024707820e-01 9.830350428620466818e-01
-1.568542385101318359e+01 6.929299831390380859e+00 -1.264066600799560547e+01 3.772836716231789400e-01 -9.705670951049416573e-02 -9.209978427040581561e-01
1.805325031280517578e+00 -9.100130081176757812e+00 -1.998739433288574219e+01 1.265547732003577397e-01 -1.630487854748572940e-01 -9.784676708687823909e-01
4.161476135253906250e+00 3.853504943847656250e+01 -8.566159248352050781e+00 5.698205483246636741e-03 2.888840252210435611e-01 -9.573471420683086208e-01
-2.054484176635742188e+01 8.497119903564453125e+00 -1.213894939422607422e+01 -1.943905338216547762e-01 1.518927724220441866e-01 -9.690928263311401336e-01
-6.285340118408203125e+01 3.691113281250000000e+01 1.656952285766601562e+01 8.603677598802644821e-02 -3.832141100473770989e-01 9.196437457179724717e-01
-5.151114654541015625e+01 3.720324325561523438e+01 1.277863693237304688e+01 4.192174240361490334e-01 -3.292939177038321508e-01 8.460628033117620905e-01
3.259995937347412109e+00 3.203571701049804688e+01 -2.839391946792602539e+00 8.172052719398754939e-02 -1.933416914411456300e-01 9.777222232238630406e-01
-2.371923065185546875e+01 7.290714263916015625e+01 1.769084358215332031e+01 1.795918198248197817e-01 1.155992434571747815e-02 9.836732925118638615e-01
-2.878849029541015625e+01 6.211301040649414062e+01 9.490601539611816406e+00 -2.117357354212708875e-01 4.823720706910181732e-01 -8.499912727568871285e-01
-6.269973754882812500e+01 3.840560913085937500e+01 1.197204017639160156e+01 -6.051723201665173413e-01 4.081086761957837816e-01 -6.835303733690252237e-01
-1.175323963165283203e+00 -4.902964115142822266e+00 -7.817186832427978516e+00 -2.816409215809614203e-02 -3.929222335217473772e-01 9.191403061106565575e-01
-3.664710998535156250e+01 7.138631820678710938e+00 -5.094789862632751465e-01 3.486334658853685320e-01 -8.363297899436095140e-02 9.335203432648290223e-01
-1.232519054412841797e+01 3.785680007934570312e+01 -6.758134841918945312e+00 -1.647072329248142619e-01 3.765030729388253450e-01 -9.116561651685751722e-01
-3.152585220336914062e+01 3.646413421630859375e+01 -1.450458049774169922e+00 -3.063785511451497801e-01 3.135582294782502388e-01 -8.987844124842528926e-01
9.604263305664062500e+00 8.998666763305664062e+00 -7.773378849029541016e+00 -9.453730341921774347e-03 -9.347329250905089815e-02 9.955769033932735379e-01
2.988595962524414062e+00 2.552927017211914062e+00 -8.115099906921386719e+00 9.079570274329071267e-02 -3.125747893752392481e-02 9.953788778017254035e-01
-3.932822418212890625e+01 1.260676765441894531e+01 1.203395009040832520e+00 3.330086087678339468e-01 -1.661170135973373818e-01 9.281758477142214581e-01
-3.384840393066406250e+01 6.629101562500000000e+01 1.839212036132812500e+01 2.630518823684678820e-01 -2.361627296409574139e-01 9.354308484922537748e-01
2.762853431701660156e+01 -1.957750082015991211e+00 -1.053126525878906250e+01 3.178908086698712943e-01 -9.400988598624021586e-01 1.231241952202203893e-01
-5.962194061279296875e+01 6.089006042480468750e+01 1.923338317871093750e+01 -6.633229685866552927e-01 6.975412295369021187e-01 2.709960745869466892e-01
3.646306610107421875e+01 5.119578838348388672e+00 -1.077097606658935547e+01 9.388473368262266749e-01 2.737461706668161132e-01 2.088748720635294487e-01
-2.370384407043457031e+01 2.076722145080566406e+01 -1.682932019233703613e+00 8.183004093172573101e-02 -1.221667948478218912e-01 9.891304861532285164e-01
7.146956920623779297e+00 3.539691543579101562e+01 -2.289858102798461914e+00 -8.185643987580630554e-02 -1.209337546354670168e-01 9.892798139255783996e-01
-4.915277862548828125e+01 3.733686065673828125e+01 5.412055015563964844e+00 -6.508812006260851213e-01 3.194718840602159271e-01 -6.886881572718974720e-01
1.688287162780761719e+01 3.357968902587890625e+01 -2.803502082824707031e+00 -7.692357437658278729e-02 -2.204937448235602671e-01 9.723503855086463865e-01
-2.377803993225097656e+01 5.497015380859375000e+01 1.066632461547851562e+01 1.846093627575793317e-01 -4.642031105092359611e-01 8.662764312710986569e-01
-6.559422302246093750e+01 5.069577789306640625e+01 2.345692062377929688e+01 4.289925697042024644e-01 -4.700204064350833044e-01 7.713923727087169668e-01
-1.240380287170410156e+01 8.668487548828125000e+00 -1.673542976379394531e+01 -6.377856949298262856e-01 3.052390339145253928e-01 7.071481736650430117e-01
4.446690082550048828e+00 -8.303808212280273438e+00 -1.424309062957763672e+01 1.163548659036492839e-03 -8.650247568926850983e-01 5.017278307182782005e-01
-4.561768341064453125e+01 6.007939147949218750e+01 1.894008636474609375e+01 1.432689892825367017e-01 -2.686132379789332170e-01 9.525339495747294771e-01
-3.496212387084960938e+01 3.400828933715820312e+01 -1.188684940338134766e+00 -1.651068313146600020e-01 1.631132389480977329e-01 -9.726940965859168786e-01
-5.621758937835693359e+00 3.291316223144531250e+01 -1.895751953125000000e+00 -2.767553424681397367e-02 -4.475998983871299353e-01 8.938055693314873595e-01
-3.720978546142578125e+01 3.700026702880859375e+01 6.129789948463439941e-01 -4.823865540603354818e-01 4.551137300618193215e-01 -7.484481980544895885e-01
-3.477785873413085938e+01 2.052957153320312500e+01 -5.451197147369384766e+00 -3.199313732001795030e-01 1.082109307386556474e-01 -9.412408357646417922e-01
-1.790032982826232910e+00 3.423559963703155518e-01 -7.660272121429443359e+00 1.394876972958869199e-01 -6.141966227490756880e-02 9.883171593112847209e-01
-4.813937377929687500e+01 3.998254776000976562e+01 1.238919448852539062e+01 3.402448562903969131e-01 -3.717629588340252145e-01 8.637278160432821927e-01
8.394252777099609375e+00 -6.598917007446289062e+00 -9.623618125915527344e+00 1.350616743422831945e-01 -9.449258072523446517e-01 2.981166934479917985e-01
3.274330139160156250e+01 -7.566589713096618652e-01 -1.094377422332763672e+01 2.944328340832821356e-01 -9.537718522662697040e-01 6.023753014737408956e-02
-5.088369750976562500e+01 2.352262687683105469e+01 8.550588607788085938e+00 3.887366549335116162e-01 -1.915418833894233785e-01 9.012189079345462872e-01
3.230011749267578125e+01 7.391590118408203125e+00 -1.333871269226074219e+01 1.920901192717322514e-01 8.402014883757739916e-02 -9.777740028592921684e-01
-3.693182373046875000e+01 3.478249740600585938e+01 6.026854991912841797e+00 2.420627389993703082e-01 -2.854543081831690254e-01 9.273195071429215508e-01
-6.041817474365234375e+01 5.390985107421875000e+01 2.024650001525878906e+01 6.493300374319259660e-01 -5.992145777153133901e-01 4.683080101195284395e-01
-2.784229278564453125e+01 2.998624801635742188e+01 1.534892082214355469e+00 2.695995105990176000e-01 -2.981306167570471066e-01 9.156605480399561126e-01
-4.017919921875000000e+01 5.780342102050781250e+01 1.647924041748046875e+01 2.960386792466705996e-01 -3.282745112928145970e-01 8.969932807024535437e-01
1.989255332946777344e+01 3.303437423706054688e+01 -2.853141069412231445e+00 -7.877198761996738463e-02 -3.304851299529575348e-01 9.405182363178166138e-01
2.090970039367675781e+01 3.788765716552734375e+01 -1.383159995079040527e+00 2.092891668370100433e-01 -1.303053026183264851e-01 9.691328973645547684e-01
1.314210891723632812e+01 1.975193405151367188e+01 -1.294967651367187500e+01 4.077113431232353702e-01 6.626754702743793413e-01 -6.281979638499931573e-01
-3.154760360717773438e+01 1.320252799987792969e+01 -8.057854652404785156e+00 -2.314161924924272029e-01 1.148036097817529549e-01 -9.660572845506559814e-01
-3.040811729431152344e+01 5.153032684326171875e+01 4.473941802978515625e+00 -2.568471619012185903e-01 4.355540375697501965e-01 -8.627411058828587942e-01
2.327331352233886719e+01 9.587635040283203125e+00 -6.997771263122558594e+00 -2.127009234105006752e-01 -1.212961634173732040e-01 9.695594659021932182e-01
-4.790268707275390625e+01 6.899867248535156250e+01 2.148629760742187500e+01 -4.492163169370825826e-01 7.524315873101218299e-01 4.817171441992209591e-01
1.233046245574951172e+01 4.350756835937500000e+01 -6.596891880035400391e+00 3.766849657136205759e-02 4.640742783594571375e-01 -8.849949991560418505e-01
-1.243437767028808594e+01 -5.470460891723632812e+00 -1.653656196594238281e+01 -8.237768229951262233e-01 -1.892879348548817398e-01 5.343798495587485098e-01
-3.645364379882812500e+01 6.902201843261718750e+01 1.624872207641601562e+01 -2.344794825623504331e-01 1.579933601861326364e-01 -9.591962627087260440e-01
1.873780632019042969e+01 1.209844398498535156e+01 -7.073351860046386719e+00 -5.361946001803599704e-02 -1.164643618230605110e-01 9.917464423593974621e-01
-5.175998687744140625e+01 2.312868118286132812e+01 3.183213949203491211e+00 -3.481590041461999352e-01 1.672151306392068160e-01 -9.224014353399713206e-01
-6.164363861083984375e+01 4.774172592163085938e+01 1.561406898498535156e+01 -1.464357729959440690e-01 2.395533031194279627e-01 -9.597764215439197333e-01
4.322865009307861328e+00 1.277354431152343750e+01 -2.084556007385253906e+01 -3.189945373437955145e-02 -1.038570677536731629e-01 -9.940805472038254376e-01
-4.220631408691406250e+01 6.191996002197265625e+01 1.890196037292480469e+01 1.288606469139709776e-01 -3.192138387870316896e-01 9.388809609336850048e-01
3.281599044799804688e+00 -6.829415798187255859e+00 -1.061062049865722656e+01 -2.752697137648684178e-01 -8.931211261235174614e-01 3.557544641401807484e-01
1.236398506164550781e+01 3.783135986328125000e+01 -1.547889947891235352e+00 -9.477182957088438331e-02 -3.176482630200400670e-01 9.434605881117338333e-01
2.853011512756347656e+01 2.135165214538574219e+01 -1.193663787841796875e+01 1.194688442880475904e-01 2.566258753160346462e-01 -9.590987203425711538e-01
-9.647494316101074219e+00 3.017502593994140625e+01 -2.051393032073974609e+00 1.069662991677309272e-01 -1.670201522048339049e-01 9.801339090143924571e-01
-6.760251045227050781e+00 3.239152145385742188e+01 -9.708248138427734375e+00 -1.337199723813795871e-01 3.900609031376933711e-01 -9.110276948752601411e-01
2.089151573181152344e+01 4.343807220458984375e+00 -7.624725818634033203e+00 -9.877242709000880194e-02 1.266530124669665303e-02 9.950294456904676954e-01
-4.608032226562500000e+01 9.945713043212890625e+00 1.072667956352233887e+00 -8.433799439266740361e-01 -5.049687001459577385e-01 1.836215729568342336e-01
-4.435149002075195312e+01 4.908852386474609375e+01 8.886505126953125000e+00 -2.400062192327469812e-01 3.265548532466414078e-01 -9.141985246928957531e-01
9.126070022583007812e+00 1.537419891357421875e+01 -6.856580734252929688e+00 8.975625857698439625e-02 -1.452688307186672800e-01 9.853125295396850669e-01
-2.193558120727539062e+01 4.996079254150390625e+01 8.249801635742187500e+00 2.080687779519927172e-01 -4.806154875045100527e-01 8.518897445164875792e-01
4.284884929656982422e+00 8.345144271850585938e+00 -7.787183761596679688e+00 5.354979286814329914e-02 -7.881156715345088992e-02 9.954502280709950357e-01
-1.585813999176025391e+00 -2.257874965667724609e+00 -2.313846397399902344e+01 -3.047158032784180737e-01 -7.521052093303028929e-01 -5.843680632363558169e-01
-5.491904449462890625e+01 2.641716194152832031e+01 4.924871921539306641e+00 -5.443919620368644630e-01 2.454440914605457158e-01 -8.021188126685225850e-01
-1.910732078552246094e+01 1.203850173950195312e+01 -1.187435150146484375e+01 -1.627543326478773922e-01 1.355217363633242356e-01 -9.773151416904445332e-01
-4.883760070800781250e+01 4.592122650146484375e+01 1.516241741180419922e+01 3.732840982613704339e-01 -3.218857538406988961e-01 8.700853656162713667e-01
6.995532989501953125e+00 -5.151960253715515137e-01 -2.101970672607421875e+01 3.079748633999538909e-01 -1.671960482549763594e-01 -9.365879376554555602e-01
-5.678948974609375000e+01 5.768249511718750000e+01 2.189236068725585938e+01 5.922149115874861813e-01 -8.040881094158359721e-01 5.219014073072128501e-02
1.612227821350097656e+01 3.487269878387451172e+00 -1.832647514343261719e+01 9.126414129124507113e-01 1.250117808944309905e-01 3.891756750810207999e-01
-6.069644927978515625e+01 5.868952560424804688e+01 2.095851516723632812e+01 -6.108455650553494820e-01 6.987522890322362956e-01 3.723075801329069345e-01
-5.170114898681640625e+01 4.907209396362304688e+01 1.715922927856445312e+01 3.659357360569074347e-01 -4.093154007433973396e-01 8.357941970310402979e-01
2.500660133361816406e+01 1.252411842346191406e+01 -6.221959114074707031e+00 -1.428283550895478593e-01 -1.406083850986114547e-01 9.797088052183540174e-01
-5.518441772460937500e+01 6.334029769897460938e+01 1.774837112426757812e+01 -3.456623889314976994e-01 4.958616785291144469e-01 -7.966421459127425164e-01
1.965000061318278313e-03 4.551592254638671875e+01 -5.176084041595458984e+00 -6.848481561046926291e-02 6.582868188393251607e-01 -7.496454456429395563e-01
-5.864667510986328125e+01 4.363995742797851562e+01 1.739105033874511719e+01 2.755765040575113844e-01 -1.761966314615858176e-01 9.449933002265310522e-01
-1.846142768859863281e+01 5.159400939941406250e+01 8.034812927246093750e+00 2.036043489061958867e-02 -1.141956660822500691e-01 9.932496174371758801e-01
-2.926134872436523438e+01 6.983394622802734375e+01 1.807702636718750000e+01 2.515846992576104557e-01 -3.190987332981868319e-01 9.137183031476112660e-01
-3.987843704223632812e+01 6.660606384277343750e+01 1.924280738830566406e+01 1.139019907767364198e-01 -1.359536427537497150e-01 9.841457938329473132e-01
-3.184895706176757812e+01 4.552746200561523438e+01 8.881232261657714844e+00 2.868894912294694399e-01 -3.934081757123703560e-01 8.734554522726164505e-01
-1.902243041992187500e+01 5.886830139160156250e+01 7.763113975524902344e+00 6.925726283750758272e-01 5.209044107348882457e-01 -4.990007508036216621e-01
-6.460150146484375000e+01 4.861326599121093750e+01 1.885153198242187500e+01 2.538836738976718577e-01 -4.565797684529895872e-01 8.526886859620191883e-01
-2.625294113159179688e+01 7.365053558349609375e+01 1.565608024597167969e+01 -3.323550957162345054e-01 3.162174320307685749e-01 -8.885643623459804630e-01
-9.236301422119140625e+00 -1.159917950630187988e+00 -2.013879966735839844e+01 -1.433482120670114823e-01 2.488885584153881572e-02 -9.893593052840258251e-01
-3.062786865234375000e+01 1.034847545623779297e+01 -2.077991008758544922e+00 1.681753771220862448e-01 -2.057756310803375566e-01 9.640401610842428415e-01
-9.876211166381835938e+00 1.228425979614257812e+01 -5.225359916687011719e+00 9.038368724407061516e-02 -2.779220802947305214e-03 9.959031403765601365e-01
-1.788523292541503906e+01 1.274621963500976562e+00 -1.267625522613525391e+01 3.489201658949599438e-01 -9.512970244669645414e-02 -9.323116740362293875e-01
-4.099973678588867188e+01 7.365260314941406250e+01 2.059847450256347656e+01 -3.936423776727183133e-01 6.937674419516070001e-01 6.031023254706388004e-01
-4.787696075439453125e+01 1.281569671630859375e+01 1.440079927444458008e+00 -6.923567491281088504e-01 -6.505110006321740412e-01 3.122139810983556862e-01
-3.675562286376953125e+01 1.092296028137207031e+01 6.181199848651885986e-02 2.662063063064303847e-01 -1.929543606929595978e-01 9.444060658277552145e-01
-1.474238204956054688e+01 2.527566909790039062e+00 -6.428022861480712891e+00 4.057766663194761203e-01 -4.524618267307082276e-01 7.941181224617425150e-01
-3.061115646362304688e+01 4.596399688720703125e+01 2.487113952636718750e+00 -3.434481338439689391e-01 3.707670437489496984e-01 -8.628876975764341317e-01
-2.980267047882080078e+00 3.483730697631835938e+01 -1.889142036437988281e+00 4.877936971732880350e-02 -1.949759635874107888e-01 9.795942765824743326e-01
-1.008025264739990234e+01 1.456601905822753906e+01 -1.319486045837402344e+01 -1.128834717257476833e-01 1.447839045625855595e-02 -9.935027418285963252e-01
-1.501280593872070312e+01 4.284243011474609375e+01 -3.839877128601074219e+00 -2.105219700242468017e-01 5.297116025650161486e-01 -8.216362444811649013e-01
-3.144941711425781250e+01 1.696303939819335938e+01 -7.360783100128173828e+00 -3.267579588530577506e-01 2.319391130994850059e-01 -9.162060271253446020e-01
1.605012702941894531e+01 2.311089992523193359e+00 -8.049196243286132812e+00 -4.438084729767455966e-02 -1.001443782619367701e-01 9.939826175017703047e-01
-2.023466873168945312e+01 3.800463104248046875e+01 2.263350963592529297e+00 3.485262395955903703e-01 -2.358867928087979016e-01 9.071311268453620125e-01
-5.667826080322265625e+01 2.999453544616699219e+01 7.229955196380615234e+00 -4.633010651185402451e-01 1.792748690527944944e-01 -8.678782428348630340e-01
2.174486351013183594e+01 3.647142028808593750e+01 -5.058771133422851562e+00 9.725250286200081140e-01 1.781492370464436148e-01 -1.498596611747887442e-01
-1.228134036064147949e+00 1.978666687011718750e+01 -1.359000778198242188e+01 -6.419236506279464571e-02 9.395835425546181230e-02 -9.935044881293945140e-01
-6.771822357177734375e+01 5.124660110473632812e+01 1.998271942138671875e+01 -7.449981512771733927e-01 6.181594740509689379e-01 2.507122239433560162e-01
-2.213998794555664062e+01 5.620002746582031250e+01 4.611931800842285156e+00 -1.606567304533226825e-01 5.107980293842788733e-01 -8.445559709913760260e-01
-4.497586441040039062e+01 6.704656982421875000e+01 2.026118469238281250e+01 5.124708705334591885e-01 -5.990595430060472459e-01 6.152245693956511774e-01
9.461169838905334473e-01 1.545078659057617188e+01 -1.394427490234375000e+01 -4.588526117762681267e-02 3.825857750922159184e-01 -9.227798586357145449e-01
-4.175659942626953125e+01 3.490709686279296875e+01 2.318722009658813477e+00 -4.711315601025190536e-01 4.096037306675141543e-01 -7.811912934093805383e-01
-3.895824050903320312e+01 1.689736366271972656e+01 1.791284084320068359e+00 3.045852053319947905e-01 -1.358732468533900284e-01 9.427440339150305881e-01
-2.229805374145507812e+01 6.438893127441406250e+01 1.510169982910156250e+01 3.163336914851092030e-01 -1.493984546885632203e-01 9.368100647239401280e-01
-2.176360511779785156e+01 4.396635818481445312e+01 -1.575001001358032227e+00 -2.185787525356803762e-01 3.807338592882995032e-01 -8.984793026727900811e-01
-2.834438514709472656e+01 1.918817996978759766e+00 -7.299697875976562500e+00 -8.577787388593913209e-02 -9.961933286690766165e-01 -1.552444095073374740e-02
-4.419086456298828125e+01 4.961992645263671875e+01 1.492271995544433594e+01 2.399014222651638106e-01 -3.185862008209177088e-01 9.170333364941786192e-01
5.745707035064697266e+00 3.313901138305664062e+01 -1.037119293212890625e+01 4.549956042699331710e-02 2.934970309255947596e-01 -9.548765798985807685e-01
-1.879549026489257812e+00 3.981657409667968750e+01 -1.847849935293197632e-01 1.316196828212826964e-01 -3.313011780042728893e-01 9.342996246103313362e-01
-3.786611938476562500e+01 3.018365097045898438e+01 4.812304973602294922e+00 2.968124742635085966e-01 -3.457154906561247243e-01 8.901590614277703484e-01
1.061553764343261719e+01 1.089569473266601562e+01 -1.445712089538574219e+01 1.239945397614741346e-01 3.187127604455282093e-01 -9.397060872626779027e-01
-2.723101234436035156e+01 4.934415817260742188e+01 3.005410909652709961e+00 -2.686105459055876388e-01 4.320634072357760758e-01 -8.609120667966702056e-01
-4.302147865295410156e+00 -2.692292928695678711e+00 -2.110873413085937500e+01 -4.313792110734240293e-01 -2.852722015593818772e-01 -8.558806851840585761e-01
-2.605783843994140625e+01 3.948168563842773438e+01 4.344562053680419922e+00 2.256632415143160486e-01 -4.215315708235921055e-01 8.782865342405327125e-01
1.683151817321777344e+01 3.813672637939453125e+01 -1.370108962059020996e+00 -6.949588039088730115e-03 -3.285641985042667690e-01 9.444560713380669714e-01
1.841074180603027344e+01 2.677763366699218750e+01 -1.162844657897949219e+01 -2.111664682339121912e-02 1.885571201881225123e-01 -9.818351692892743898e-01
-1.755443763732910156e+01 2.447088003158569336e+00 -4.762471199035644531e+00 -8.880233197766819464e-02 -9.343388933696648024e-01 3.451448654870564181e-01
-4.265431976318359375e+01 5.216166687011718750e+01 1.524189758300781250e+01 3.053937746923330865e-01 -3.007252975908363268e-01 9.034926329351398167e-01
-1.071197700500488281e+01 2.340047454833984375e+01 -3.120116949081420898e+00 1.923026742826755564e-01 -2.555058139368235892e-01 9.474895569388679384e-01
5.501642227172851562e+00 4.854447841644287109e+00 -8.173089981079101562e+00 5.050756088104661756e-02 -6.374416250930106664e-02 9.966873471855831612e-01
-2.519813919067382812e+01 4.556152343750000000e+01 -1.640119999647140503e-01 -3.081241471974944801e-01 3.703690177122949123e-01 -8.762912190776800392e-01
-1.928579521179199219e+01 4.658208465576171875e+01 -1.261821031570434570e+00 -1.727159548527794353e-01 2.443192685742080761e-01 -9.541893386234499008e-01
-3.393395233154296875e+01 1.189714431762695312e+01 -7.851099967956542969e-01 4.487511893922448425e-01 -1.500448756562104968e-01 8.809704338446086025e-01
-3.442943572998046875e+01 6.495562744140625000e+01 1.329598999023437500e+01 -3.080081254932668378e-01 6.813881461932622674e-01 -6.639587252664380657e-01
-6.242856025695800781e+00 9.388275146484375000e+00 -2.033816337585449219e+01 -8.732746083173692497e-02 5.923749725347635803e-02 -9.944168308631072817e-01
2.244271659851074219e+01 1.733357048034667969e+01 -1.353559398651123047e+01 1.030826536329346593e-01 2.063228758268161600e-01 -9.730389701499856381e-01
-5.354773712158203125e+01 4.022354125976562500e+01 1.468605613708496094e+01 3.587845484659530348e-01 -3.387678908503689024e-01 8.697758124429966209e-01
1.317985725402832031e+01 1.935689544677734375e+01 -5.976435184478759766e+00 8.917217768050914387e-03 -1.381776021797130050e-01 9.903673225036970784e-01
-2.946356582641601562e+01 7.307451629638671875e+01 1.898009490966796875e+01 -5.042248868574848719e-02 6.678341834203296301e-01 7.426002128265499769e-01
-6.480120182037353516e+00 2.778115653991699219e+01 -1.146657371520996094e+01 -1.581770087556935434e-01 3.448488101567614428e-01 -9.252347442863174676e-01
1.768568611145019531e+01 -4.680615901947021484e+00 -1.004596424102783203e+01 6.938142158207120935e-02 -9.947697522871962184e-01 -7.496237905590549810e-02
-6.451683044433593750e+00 1.362860870361328125e+01 -1.311806964874267578e+01 -2.388381951454121577e-01 4.449223237140165765e-01 -8.631340813573530335e-01
-4.989309692382812500e+01 3.394795989990234375e+01 1.083947563171386719e+01 3.161231327779732148e-01 -2.160036768865265799e-01 9.238011563611192578e-01
5.396409988403320312e+00 1.324586486816406250e+01 -7.064063072204589844e+00 7.191631928741862301e-02 -1.231579181199284195e-01 9.897778388226899926e-01
-4.113328552246093750e+01 2.902513504028320312e+01 5.656753063201904297e+00 3.882927075683530460e-01 -2.407689611491221626e-01 8.895274479162572634e-01
-3.309762191772460938e+01 3.313832092285156250e+01 4.143410205841064453e+00 3.231341276624399295e-01 -3.873694403434351785e-01 8.634403582343412875e-01
-3.409023284912109375e+01 5.306249237060546875e+01 1.257932281494140625e+01 2.968363852818456383e-01 -4.800532073643997699e-01 8.254920220522790064e-01
-5.384934902191162109e+00 2.480106353759765625e+01 -3.689219951629638672e+00 1.197631133991666208e-01 -2.747633471450321441e-01 9.540240561613720915e-01
-2.761833190917968750e+01 7.729850769042968750e+01 1.947116851806640625e+01 1.783732783727919602e-01 4.458611176889416827e-02 9.829522125718391790e-01
-4.263136291503906250e+01 4.163931274414062500e+01 1.091719722747802734e+01 3.952174129833478933e-01 -4.332992613764954926e-01 8.099721887604124371e-01
2.848742485046386719e+01 1.761373710632324219e+01 -1.277261161804199219e+01 8.095689196029912105e-02 1.617430428846047263e-01 -9.835065682152598354e-01
