-1.201427555084228516e+01 5.853694915771484375e+01 7.225547790527343750e+00 8.988342504372509589e-02 -3.754759693828543798e-01 9.224634227536693265e-01
2.234071016311645508e+00 -1.605720138549804688e+01 -1.506420898437500000e+01 1.866472672653629872e-01 -9.435297589406927976e-01 -2.737049353148204855e-01
5.541924285888671875e+01 5.534016036987304688e+01 1.323246860504150391e+01 9.967713470836474521e-01 -4.109144082742562792e-02 6.898097653539936314e-02
-3.931664657592773438e+01 1.019040775299072266e+01 -4.685930252075195312e+00 -8.236713573790718224e-01 5.343636044902405624e-01 1.897920789430245225e-01
2.176834106445312500e+01 2.700127029418945312e+01 -6.297416210174560547e+00 1.746470655421260842e-01 2.171535163576636951e-01 -9.603867725198146355e-01
2.220301818847656250e+01 7.486837768554687500e+01 1.418868064880371094e+01 2.708854152325124720e-01 9.303811960818453297e-01 2.470059144871322721e-01
-1.154011726379394531e+01 2.856430816650390625e+01 -7.485493183135986328e+00 1.848106896673368596e-02 1.208216648378876296e-01 -9.925021790382366760e-01
1.390352821350097656e+01 5.232516098022460938e+01 8.962140083312988281e-01 1.507962993663483076e-01 4.877054128985212067e-01 -8.598859844926521889e-01
-1.389669418334960938e+01 2.218111038208007812e+00 -4.193991184234619141e+00 1.242999698619176308e-01 4.799936097072209085e-02 9.910830332715461211e-01
1.507602024078369141e+01 2.826472043991088867e+00 -4.484137058258056641e+00 3.994892436772465305e-01 -1.098100131854200384e-01 9.101374100598212946e-01
3.603955841064453125e+01 4.286008834838867188e+01 5.487687110900878906e+00 -2.372554158249620404e-01 -3.107768458248488241e-01 9.203953605711420183e-01
-1.008306026458740234e+00 7.796569824218750000e+01 1.418842124938964844e+01 2.812386203390495817e-02 9.469534170350301094e-01 3.201378989591488478e-01
4.467470049858093262e-01 1.320221614837646484e+01 -1.560157489776611328e+01 -3.029175437380611166e-02 -1.168133825128099129e-01 -9.926918168711138524e-01
3.744662857055664062e+01 6.302430343627929688e+01 8.210040092468261719e+00 9.213000709355567697e-02 -1.668856926249422676e-03 -9.957455883454875423e-01
5.218120098114013672e+00 3.546075820922851562e+01 -1.499053955078125000e+00 -7.720782874264298101e-02 -2.432291392574628397e-01 9.668911712271036629e-01
-1.774904060363769531e+01 4.446777725219726562e+01 -2.146722078323364258e+00 -7.454457115271226897e-01 -4.953340993640728551e-01 -4.460435193711533852e-01
-2.334246253967285156e+01 1.670331001281738281e+01 -3.097045898437500000e+00 8.348931985952666446e-02 -6.737889166907139182e-02 9.942281520993263566e-01
8.991547584533691406e+00 6.516273498535156250e+01 1.030137062072753906e+01 -4.339670637083262866e-02 -2.431760924192616635e-01 9.690108946507579590e-01
-1.286545658111572266e+01 -9.885288238525390625e+00 -1.508425903320312500e+01 -5.685579993820274458e-01 -5.381300114393687828e-01 -6.222201315667720278e-01
-1.732630014419555664e+00 4.988957595825195312e+01 -1.576410055160522461e+00 -4.406264131792153593e-02 4.173934653633497582e-01 -9.076569719404254943e-01
6.671900153160095215e-01 -4.331700801849365234e+00 -4.233958244323730469e+00 6.468491310270337025e-02 1.850314967036315733e-02 9.977341807661858075e-01
7.891529083251953125e+00 2.014620590209960938e+01 -3.712094068527221680e+00 -5.686418795923610381e-02 -6.247420311049435571e-02 9.964253299035734646e-01
2.187776565551757812e+01 3.971188354492187500e+01 1.725818991661071777e+00 -1.567056075805487447e-01 -4.092892595133835743e-01 8.988468471323673992e-01
2.297259902954101562e+01 5.983603668212890625e+01 1.009435081481933594e+01 -1.726733837782878367e-01 -3.639111529390500754e-01 9.152882471118742869e-01
1.399818134307861328e+01 -7.013590812683105469e+00 -1.561000919342041016e+01 5.468077287600885406e-01 -2.402986447831889638e-01 -8.020335835135560254e-01
-1.274287986755371094e+01 7.294226837158203125e+01 7.483493804931640625e+00 -8.044214783568619520e-01 7.380750078463466091e-02 -5.894561374573062951e-01
-7.938189983367919922e+00 1.517599868774414062e+01 -4.202065944671630859e+00 9.207242182064050151e-02 -6.740985961485485012e-02 9.934679561851944563e-01
-2.757643318176269531e+01 2.904139041900634766e+00 -7.784420013427734375e+00 -3.979227281676663286e-01 -5.083514878185446673e-01 -7.636990685081878061e-01
-1.262100315093994141e+01 9.417575836181640625e+00 -1.552460384368896484e+01 -2.237309735864722315e-01 1.657560196218870463e-01 -9.604527023321647317e-01
2.290019989013671875e+01 1.378729248046875000e+01 -3.888023853302001953e+00 6.363837575111713774e-01 -5.964889345018832278e-01 4.890978063667540954e-01
3.293146514892578125e+01 3.300155639648437500e+01 -2.674399852752685547e+00 8.076767400758354531e-01 -3.458047482538260664e-01 -4.775744545362318183e-01
1.313670158386230469e+01 1.022495460510253906e+01 -1.505252265930175781e+01 5.191518620918899041e-01 3.818672586677382963e-01 -7.646298064057598376e-01
2.888946056365966797e+00 8.333458900451660156e+00 -3.628804922103881836e+00 4.058468501608611390e-03 7.457625390238889485e-02 9.972070553236714874e-01
4.449678421020507812e+01 5.231184005737304688e+01 7.185379981994628906e+00 1.535755712792004901e-01 1.277648332062996384e-01 -9.798421767315559361e-01
4.225626945495605469e+00 1.043830990791320801e+00 -1.513452053070068359e+01 1.379955990223976914e-01 -1.060971746859309083e-02 -9.903760137168540201e-01
-7.015241146087646484e+00 3.819376373291015625e+01 -6.408420205116271973e-01 6.971413347967690688e-02 -2.623957453604979229e-01 9.624387837207551977e-01
1.076958274841308594e+01 7.739729309082031250e+01 1.029005432128906250e+01 1.310936932537914157e-01 9.461124694746247954e-01 -2.961176095636797734e-01
2.702235794067382812e+01 5.075540161132812500e+01 2.922481060028076172e+00 2.782743256328325532e-01 5.136999290077276514e-01 -8.115884317996702180e-01
-2.500101089477539062e+00 6.615701293945312500e+01 6.257771015167236328e+00 5.831398241456385578e-02 1.627463131239588467e-01 -9.849432049714907933e-01
4.609839630126953125e+01 6.214017486572265625e+01 1.631505775451660156e+01 1.924679055017297080e-01 2.150928086829335395e-01 9.574399140440429390e-01
3.259384155273437500e+01 6.992450714111328125e+01 1.627848243713378906e+01 3.359184880493207292e-01 2.967500333484810460e-01 8.939229201079551546e-01
-6.545200198888778687e-02 2.744002914428710938e+01 -7.828038215637207031e+00 -2.449271884103045374e-02 1.549371670676362445e-01 -9.876206665440073751e-01
4.348917961120605469e+00 5.560850143432617188e+01 6.165591239929199219e+00 -3.842712778068827634e-02 -4.856516443494181545e-01 8.733074121929992328e-01
-7.005735874176025391e+00 -2.899680137634277344e-01 -1.480563926696777344e+01 1.392503593587448608e-02 -4.946290213604739687e-03 -9.998908078321889770e-01
-2.209815979003906250e+01 2.669868659973144531e+01 -6.757925033569335938e+00 -5.119153590539248233e-01 8.434789837550578095e-01 -1.627447975458089502e-01
1.292091751098632812e+01 4.256464385986328125e+01 -3.414530038833618164e+00 8.584124749564348011e-02 3.234604036247702985e-01 -9.423399850984209847e-01
-9.439547538757324219e+00 -7.400131225585937500e+00 -5.347311019897460938e+00 -7.434563480765038479e-01 -5.528975699309758296e-01 3.762671068126607343e-01
-1.988226127624511719e+01 5.348497390747070312e+01 2.622318029403686523e+00 -8.120420342752586729e-01 5.754504357289021987e-01 -9.718297479248397264e-02
1.161432361602783203e+01 2.934309387207031250e+01 -6.942973136901855469e+00 7.492377910067284097e-02 1.242837149735988300e-01 -9.894139606441960666e-01
3.452396774291992188e+01 5.322298812866210938e+01 9.513051033020019531e+00 -2.682656130075311007e-01 -4.901609271747843222e-01 8.293225104558837879e-01
-1.055640316009521484e+01 4.898857498168945312e+01 3.527408123016357422e+00 6.028778011329293668e-02 -3.916673160075085369e-01 9.181296733797931209e-01
-1.710663986206054688e+01 -8.155100047588348389e-02 -1.359655761718750000e+01 -9.982340430193751279e-01 -4.362878560393151917e-02 -4.031531252413495664e-02
-1.824352979660034180e+00 -1.399893569946289062e+01 -6.016409873962402344e+00 3.887974687801910023e-01 -8.898157170707913233e-01 2.388818074360410104e-01
1.812771224975585938e+01 6.830399322509765625e+01 7.606286048889160156e+00 8.903754717924701467e-02 1.579122827306789212e-01 -9.834307429377473486e-01
-1.989294815063476562e+01 9.157724380493164062e+00 -8.710106849670410156e+00 -5.604883049389070698e-02 2.402735832653725076e-02 -9.981388754337321423e-01
7.242840766906738281e+00 -9.985347747802734375e+00 -9.092652320861816406e+00 4.377145893682405364e-01 -5.624813166558703115e-01 7.014418768987712438e-01
-1.562646484375000000e+01 1.954268836975097656e+01 -8.508394241333007812e+00 -7.781390185951873872e-02 6.409699019194790848e-02 -9.949053083212143767e-01
-3.245768356323242188e+01 1.685988235473632812e+01 -6.519935131072998047e+00 -6.927692470120434542e-01 5.811397649176661684e-01 -4.270214795836456134e-01
6.304541110992431641e+00 4.648611450195312500e+01 2.414407968521118164e+00 -7.828280340097820700e-02 -2.443961234860675680e-01 9.665103918306655606e-01
1.334383583068847656e+01 1.229776382446289062e+01 -4.345961093902587891e+00 -1.694445216279487354e-02 -6.634094517515765066e-02 9.976531283638465641e-01
2.764017486572265625e+01 6.803517150878906250e+01 8.330226898193359375e+00 1.082259507785141850e-01 1.774019126377912037e-01 -9.781695686181104410e-01
-4.344559907913208008e-01 -7.072926998138427734e+00 -1.520737171173095703e+01 1.739028162880217401e-02 1.811011511341526214e-01 -9.833107093705203416e-01
1.680730247497558594e+01 1.739665031433105469e+00 -1.363720798492431641e+01 9.990603086360293483e-01 4.198371071672976629e-02 -1.076418796452632831e-02
-4.758835792541503906e+00 3.200730085372924805e+00 -3.980323076248168945e+00 -5.864904708275674866e-02 6.502826795362645282e-03 9.982574830773641716e-01
1.425981426239013672e+01 5.813877868652343750e+01 7.938207149505615234e+00 -6.642962135818900049e-02 -3.518380445401634304e-01 9.337007528219957164e-01
1.584567737579345703e+01 2.033418464660644531e+01 -8.096678733825683594e+00 -5.329219620653359926e-03 1.178121791229820581e-01 -9.930215958721789749e-01
3.179452896118164062e+00 7.308576202392578125e+01 7.674170970916748047e+00 6.361512322145049074e-03 1.953790297075207183e-01 -9.807071764352104370e-01
-4.010682106018066406e+00 5.732405853271484375e+01 3.103161096572875977e+00 -4.976286083920369689e-03 4.194521450611609636e-01 -9.077638099089442303e-01
3.017907524108886719e+01 4.153950500488281250e+01 -1.263388037681579590e+00 1.092504999871606736e-01 3.439886990158449454e-01 -9.325964310471823726e-01
1.813454818725585938e+01 3.507098770141601562e+01 -4.896107196807861328e+00 8.599240693614743081e-03 2.497726102702272910e-01 -9.682663353738425460e-01
-8.756219744682312012e-01 1.859895324707031250e+01 -8.565100669860839844e+00 1.384271073854658612e-02 4.008522892029040517e-03 -9.998961501594217927e-01
-3.087302207946777344e+01 9.125059127807617188e+00 -2.628107070922851562e+00 8.979218745653538836e-02 -1.172521252529754900e-02 9.958915013509287428e-01
-8.859899640083312988e-02 4.184594345092773438e+01 -4.417787075042724609e+00 -9.108927324888467861e-03 2.817791357948762343e-01 -9.594360562714341345e-01
-9.537217140197753906e+00 7.656816864013671875e+01 1.462751483917236328e+01 -1.816070022790297611e-01 4.062013434373807907e-01 8.955553390566612926e-01
-7.496642112731933594e+00 1.604928207397460938e+01 -1.352012825012207031e+01 -4.103572628958527813e-01 9.113532093231563325e-01 3.228381397863703400e-02
-6.196255207061767578e+00 -1.514345645904541016e+01 -1.353517436981201172e+01 -3.559346138981375196e-01 -8.872740043377622676e-01 2.933519930997852687e-01
6.979566097259521484e+00 1.348229217529296875e+01 -1.003007984161376953e+01 2.282903206015253761e-01 3.843969782819335324e-01 8.944956638281549299e-01
2.486148643493652344e+01 3.195318794250488281e+01 -1.324789971113204956e-01 -1.033062241430133393e-01 -2.199780013648978405e-01 9.700193312345988250e-01
9.116795539855957031e+00 -3.141318082809448242e+00 -4.335704803466796875e+00 1.376574118235622812e-01 -1.968507324399032532e-01 9.707214977056558558e-01
-6.030163764953613281e+00 2.337207984924316406e+01 -3.567553043365478516e+00 3.080132063460624611e-02 -1.938736847913005434e-01 9.805428460769104460e-01
4.914341354370117188e+01 5.896406555175781250e+01 9.204854011535644531e+00 2.974806089032218659e-01 3.371011783135832718e-01 -8.932346180630048593e-01
2.031464958190917969e+01 4.737929916381835938e+01 -8.414109945297241211e-01 1.827026153633290184e-01 3.413363582871772328e-01 -9.220136901644396810e-01
2.689855575561523438e+01 2.066297531127929688e+01 -5.951128005981445312e+00 8.540394821549954774e-01 -5.148274597200768188e-01 -7.462740541248742698e-02
-4.823669910430908203e+00 7.471002960205078125e+01 7.706604003906250000e+00 2.825647649827074670e-02 2.098285929597397403e-01 -9.773297975158838913e-01
4.001432800292968750e+01 6.719648742675781250e+01 1.460230445861816406e+01 4.729257393662550379e-01 8.477386811904187303e-01 2.401673863338034121e-01
2.001382255554199219e+01 5.271610641479492188e+01 6.439176082611083984e+00 -1.746093091947571174e-01 -5.505176358956488381e-01 8.163589417103211954e-01
-9.830101013183593750e+00 6.581222534179687500e+01 9.713422775268554688e+00 2.731670086486378754e-02 -1.472463268065651310e-01 9.887225683152144340e-01
3.032042503356933594e+01 5.966434097290039062e+01 7.009573936462402344e+00 1.260129840548813440e-01 1.405408978500882200e-01 -9.820229039493302281e-01
-4.956624984741210938e+00 7.359844207763671875e+00 -1.483153629302978516e+01 9.499305271358605973e-02 -6.623882364638247755e-02 -9.932717343094472628e-01
-5.179807186126708984e+00 3.343809509277343750e+01 -6.683691024780273438e+00 -7.106385498270795069e-03 2.791992453434248289e-01 -9.602068947288453504e-01
-8.181574821472167969e+00 4.556928253173828125e+01 -3.160780906677246094e+00 -1.348991179177797504e-02 3.949580365308171248e-01 -9.186001152076848086e-01
4.123717117309570312e+01 5.741936874389648438e+01 1.217443561553955078e+01 -1.581141617930860721e-01 -1.020193004546279814e-01 9.821364335850788496e-01
-1.371041107177734375e+01 1.001599025726318359e+01 -4.077498912811279297e+00 4.667986183807582706e-02 1.313600922855576690e-02 9.988235258344316803e-01
-2.133852577209472656e+01 3.552762985229492188e+00 -3.512866020202636719e+00 1.214578661374442897e-01 1.199383271912833615e-02 9.925241229965365841e-01
5.611280918121337891e+00 2.724691581726074219e+01 -2.965911865234375000e+00 -8.049867342480117316e-02 -1.258568954837055720e-01 9.887770251356222673e-01
8.598968505859375000e+00 -1.223254871368408203e+01 -1.607594680786132812e+01 2.215855241157683453e-01 -2.779295770601175053e-01 -9.346951405124157564e-01
-1.601210975646972656e+01 2.463222122192382812e+01 -2.995380878448486328e+00 1.271673221324108038e-01 -1.233244313161122319e-01 9.841847168200841267e-01
-2.666328620910644531e+01 1.213157558441162109e+01 -7.973403930664062500e+00 -1.124269373005376410e-01 -1.764115759197683667e-02 -9.935033836520316131e-01
6.003644943237304688e+00 8.274725914001464844e+00 -1.522209358215332031e+01 4.341362466145070979e-03 -1.324859254034814193e-01 -9.911753791039811246e-01
-1.277836418151855469e+01 3.984337997436523438e+01 -4.785441875457763672e+00 -3.045426542277235304e-01 -1.941707558411466528e-01 -9.324974473595146751e-01
1.511705112457275391e+01 7.529951477050781250e+01 1.578456115722656250e+01 -3.771127861901955869e-02 -2.438697603135487890e-01 9.690745066657830975e-01
2.917580604553222656e+01 2.673644638061523438e+01 -2.700989961624145508e+00 8.814140795190967825e-01 -2.668150791619113837e-01 3.897677949206763137e-01
1.574116611480712891e+01 2.513472175598144531e+01 -2.689528942108154297e+00 -4.572846807628652005e-02 -1.053515861220671729e-01 9.933830834622465744e-01
3.878443002700805664e+00 6.281140136718750000e+01 5.815666198730468750e+00 5.265258501003187985e-02 2.197340893238575177e-01 -9.741378933604710744e-01
-1.526752185821533203e+01 -3.867408990859985352e+00 -7.738512039184570312e+00 -5.589723914912932967e-01 -7.992262008262517314e-01 2.208785762887389426e-01
1.229438114166259766e+01 3.597151947021484375e+01 -8.019869923591613770e-01 -1.268038699616842457e-01 -3.094712555902993656e-01 9.424162140615491845e-01
-2.690492630004882812e+01 2.141279029846191406e+01 -7.067780017852783203e+00 -3.480676309959673809e-01 7.113456934516335650e-01 -6.106031679091336040e-01
1.872612571716308594e+01 1.055824851989746094e+01 -8.633213043212890625e+00 4.211912089451142482e-01 -2.505815097760217269e-01 -8.716690154328777806e-01
5.880822181701660156e+00 7.660354614257812500e+01 1.535468769073486328e+01 -1.320941218160927577e-01 -2.129566595273387486e-01 9.680912168512801896e-01
4.194872665405273438e+01 4.576560592651367188e+01 8.038507461547851562e+00 2.250826856344855798e-01 -7.162582329609066267e-01 6.605391194647648456e-01
7.065956115722656250e+00 -5.388661861419677734e+00 -1.544053554534912109e+01 -1.688541472735945737e-01 9.582821961848429770e-02 -9.809715741412993184e-01
1.453457355499267578e+01 4.553027725219726562e+01 2.726686000823974609e+00 -8.491675061502135247e-02 -3.249773988097491295e-01 9.419017123499857647e-01
3.644994735717773438e+01 3.867960739135742188e+01 -1.068589985370635986e-01 7.310759603034020504e-01 -6.592017514611155926e-01 -1.760141787955060155e-01
3.186554145812988281e+01 6.412998199462890625e+01 1.227624034881591797e+01 -1.364497004385628598e-01 -1.419502153239310949e-01 9.804242018737174824e-01
8.183034896850585938e+00 3.747371912002563477e+00 -3.813868045806884766e+00 8.088498579101691122e-02 -3.532725218939500311e-02 9.960971861853309406e-01
4.411624145507812500e+01 6.408181762695312500e+01 9.884945869445800781e+00 3.679405454485555338e-01 5.248673365476296260e-01 -7.675506719692302138e-01
1.328521823883056641e+01 -2.920930862426757812e+00 -9.914690017700195312e+00 6.526315474118359328e-01 -2.503679115406155509e-01 7.151139574876321792e-01
1.175042152404785156e+01 7.099570465087890625e+01 7.818466186523437500e+00 6.261963666151824925e-02 1.968091826083251672e-01 -9.784400475989433188e-01
2.062353515625000000e+01 2.025651168823242188e+01 -3.029129981994628906e+00 -1.032657489659399991e-01 -1.429543508972718480e-01 9.843273026031754691e-01
3.377556610107421875e+01 4.917772293090820312e+01 3.852824926376342773e+00 2.000226201581908059e-01 3.243932926942752482e-01 -9.245322834168736570e-01
4.959449005126953125e+01 5.189199447631835938e+01 1.181569671630859375e+01 7.961717241172845683e-02 -5.208136943172408939e-01 8.499495288949742156e-01
1.726827621459960938e+01 7.502515411376953125e+01 9.245983123779296875e+00 1.434629628645399391e-01 4.452981524295664961e-01 -8.838144226753386068e-01
3.164170980453491211e+00 1.522106552124023438e+01 -4.207899093627929688e+00 -1.836866454832046178e-02 1.118563227047942865e-01 9.935546060653497324e-01
7.129733085632324219e+00 5.299289321899414062e+01 4.468289911746978760e-01 -4.814975660080305503e-03 4.931425310816346941e-01 -8.699352045111129472e-01
-3.263283014297485352e+00 4.392189025878906250e+01 1.337864995002746582e+00 -8.240256283362359241e-03 -4.485459785568093327e-01 8.937217706293716368e-01
2.675939559936523438e+01 4.405004501342773438e+01 4.045357227325439453e+00 -2.422900405407348301e-01 -3.714383063161919574e-01 8.962862940242520837e-01
-1.416050148010253906e+01 5.754025936126708984e+00 -9.955703735351562500e+00 -5.334991220319381666e-01 1.540847177878117424e-01 8.316469121781199236e-01
-3.692873001098632812e+00 9.871561050415039062e+00 -3.965055942535400391e+00 -3.636388107588089946e-02 1.695496027852957943e-02 9.991947745435084682e-01
-2.422820031642913818e-01 3.155994796752929688e+01 -2.494895935058593750e+00 2.036572685190942908e-02 -1.751883901955987310e-01 9.843242682726398574e-01
-1.000045967102050781e+01 1.125105571746826172e+01 -9.542848587036132812e+00 -5.525459247152469944e-01 5.268992787037253267e-01 6.458096865037460388e-01
-1.229435729980468750e+01 4.269163513183593750e+01 1.343147993087768555e+00 1.525561527299781894e-01 -3.279868674077071611e-01 9.322828085255604469e-01
3.544038772583007812e+01 6.944713592529296875e+01 1.021616172790527344e+01 3.334479927145871381e-01 6.766915035998319894e-01 -6.564305333471405213e-01
1.285925579071044922e+01 7.340160846710205078e+00 -8.983599662780761719e+00 5.441357377179308896e-01 5.714085839092039043e-01 -6.143358439591827258e-01
1.050224304199218750e+01 3.260273933410644531e+00 -1.550369453430175781e+01 -1.317438319978847805e-01 5.588491083228944167e-02 -9.897072493782088642e-01
6.269645214080810547e+00 4.359583282470703125e+01 -3.613137960433959961e+00 3.136243352008118157e-02 2.675132961324473424e-01 -9.630436304529779168e-01
-8.995512008666992188e+00 2.023241615295410156e+01 -8.594643592834472656e+00 -3.244444417298368577e-02 1.659053512553256837e-01 -9.856078187936382351e-01
-1.009306907653808594e+01 3.255054855346679688e+01 -2.351294994354248047e+00 -2.705670072369655288e-01 3.720401548535225977e-01 8.879074376146416370e-01
2.830648040771484375e+01 7.319496154785156250e+01 1.241292572021484375e+01 4.286343168429715966e-01 9.034704804316298077e-01 3.703162594176842570e-03
1.151342988014221191e+00 2.248328971862792969e+01 -3.689424991607666016e+00 -2.597296001136518637e-02 -1.161094967262923799e-01 9.928967671002938422e-01
-6.983228206634521484e+00 -6.913516998291015625e+00 -1.531788063049316406e+01 1.169391236529643274e-01 9.302341943338325592e-02 -9.887729187210768655e-01
2.438261985778808594e+00 6.720037078857421875e+01 1.044448184967041016e+01 -1.165599189134809283e-01 -2.654294208114759690e-01 9.570585185194097066e-01
2.631784820556640625e+01 5.456396865844726562e+01 8.163812637329101562e+00 -1.531960249732634560e-01 -4.180354497774617650e-01 8.954202034027076706e-01
-1.698275184631347656e+01 4.773630142211914062e+01 3.522436141967773438e+00 1.199605978594839167e-01 -3.419142445000256103e-01 9.320429734562520885e-01
-1.348037338256835938e+01 5.459695434570312500e+01 2.163686990737915039e+00 -7.954633673215372180e-02 5.348796854763644415e-01 -8.411754290141861823e-01
-5.808046817779541016e+00 6.092614364624023438e+01 8.151584625244140625e+00 3.857482729151509582e-02 -5.198200269669348561e-01 8.534044306561366922e-01
2.950663757324218750e+01 3.597298431396484375e+01 1.933587074279785156e+00 -1.036873885650961419e-01 -2.259580003276056848e-01 9.686030701688387312e-01
1.850131988525390625e+00 1.974421024322509766e+00 -3.663450002670288086e+00 9.762980008119283293e-02 -9.320729442042588464e-02 9.908485365599175587e-01
2.541036415100097656e+01 3.757814025878906250e+01 -3.210720062255859375e+00 2.006676435933070490e-01 2.956992004648869576e-01 -9.339670656180206754e-01
-5.920569896697998047e-01 5.187044525146484375e+01 4.427537918090820312e+00 -8.126402211227177694e-03 -2.818810478082079407e-01 9.594149448875851638e-01
2.247105979919433594e+01 6.600983428955078125e+01 1.173888492584228516e+01 -6.432748456464407183e-02 -1.910912699460688702e-01 9.794621489776845769e-01
-1.707869529724121094e+01 1.551773357391357422e+01 -3.712466955184936523e+00 6.823005573971693827e-02 -1.123895411468503330e-01 9.913189449085271221e-01
4.408818244934082031e+00 3.210198593139648438e+01 -6.846500873565673828e+00 8.646813736496418434e-02 3.094526692769341558e-01 -9.469753464045482794e-01
-2.054330635070800781e+01 -4.185119867324829102e-01 -8.317909240722656250e+00 -3.908951186283909918e-01 -4.091525683280664016e-01 -8.244969266546984255e-01
-2.314434432983398438e+01 9.707874298095703125e+00 -3.362093925476074219e+00 8.179140654408817435e-02 -3.487999479029756794e-02 9.960389308550988696e-01
-1.233526039123535156e+01 -3.507110118865966797e+00 -1.578881359100341797e+01 1.363659119578399248e-01 8.232012879218855717e-02 -9.872323609219585405e-01
4.976168441772460938e+01 5.718644714355468750e+01 1.516681957244873047e+01 -5.585667436720463952e-01 -6.014203550682688526e-01 5.712239047634157796e-01
-1.212293052673339844e+01 3.163636922836303711e+00 -1.558357429504394531e+01 2.180106557339019646e-01 6.157902651972223251e-02 -9.740017338174288275e-01
9.053464889526367188e+00 5.939454650878906250e+01 4.668663978576660156e+00 1.160207504437467674e-01 5.532855013335976624e-01 -8.248723170773155644e-01
5.444363117218017578e+00 2.376538848876953125e+01 -8.083575248718261719e+00 -1.918934651702198374e-02 5.908891240717643184e-02 -9.980682689128967944e-01
-5.367401123046875000e+00 -2.924464941024780273e+00 -4.099249839782714844e+00 -6.148875545231322071e-02 1.825370778275983014e-02 9.979408474980403509e-01
1.502965831756591797e+01 6.371386718750000000e+01 1.040783882141113281e+01 -7.407898833073886524e-02 -2.163111330227816265e-01 9.735100396083723462e-01
2.300012207031250000e+01 7.203215026855468750e+01 8.776542663574218750e+00 6.284378660891266899e-02 2.908537059070913089e-01 -9.547014089466741016e-01
-6.869363784790039062e+00 5.267164993286132812e+01 2.730849981307983398e-01 -6.168123326734675088e-02 5.229631038641627816e-01 -8.501205899514375774e-01
-4.839538097381591797e+00 6.944754791259765625e+01 1.086299037933349609e+01 -1.966188964598861513e-02 -1.796113219990561893e-01 9.835411445919790552e-01
1.056756591796875000e+01 4.795557022094726562e+01 -1.806411981582641602e+00 7.712101593524192666e-02 2.953349720973420522e-01 -9.522760120665533234e-01
2.670501947402954102e+00 -1.005340576171875000e+01 -4.912835121154785156e+00 2.225294947612893315e-01 -3.174187898134300800e-01 9.218058015844025066e-01
1.905237197875976562e+01 3.009547996520996094e+01 -1.510591030120849609e+00 -9.282615296569479701e-02 -1.711341756639474243e-01 9.808651279586866334e-01
-9.036181449890136719e+00 -1.076092433929443359e+01 -1.035405921936035156e+01 -3.983156020400186459e-01 -5.787094986971981214e-01 7.116459774980360420e-01
1.870443725585937500e+01 4.088634872436523438e+01 -3.254760980606079102e+00 6.406637919066004994e-02 2.867734034707840607e-01 -9.558538141992118931e-01
-2.093147468566894531e+01 1.517844295501708984e+01 -8.393213272094726562e+00 -1.325388858381662260e-01 7.752074219939958377e-02 -9.881416792493027401e-01
-1.714078330993652344e+01 2.990317344665527344e+01 -5.640306949615478516e+00 -6.251651210021825777e-01 7.522194801889098281e-01 2.081692222847860985e-01
7.383265018463134766e+00 7.196445465087890625e+01 1.180089092254638672e+01 -1.162372256609164461e-01 -1.944239305977310261e-01 9.740062846725281442e-01
-1.660678982734680176e+00 2.340524911880493164e+00 -1.535953521728515625e+01 -2.007648713053147849e-01 8.900235434883306540e-02 -9.755880520845493509e-01
3.466283035278320312e+01 5.890011978149414062e+01 1.149760341644287109e+01 -2.113226480161620457e-01 -2.590156169187406987e-01 9.424720943495576986e-01
-3.501082992553710938e+01 1.349113178253173828e+01 -2.222851037979125977e+00 -3.143343752021575122e-01 6.652454680838051360e-01 6.772313989769143117e-01
1.024959087371826172e+01 5.354767227172851562e+01 5.475164890289306641e+00 -7.793960309066211289e-02 -4.578662372471334896e-01 8.855980617973493452e-01
-1.335979652404785156e+01 4.839268112182617188e+01 -1.660871982574462891e+00 -1.310481186780408092e-01 5.431683193788046093e-01 -8.293338094001420080e-01
8.946244239807128906e+00 3.847748947143554688e+01 -4.957493782043457031e+00 4.486902355350680383e-02 2.310174957696565778e-01 -9.719144444721826703e-01
-2.154171180725097656e+01 2.230866622924804688e+01 -2.850220918655395508e+00 1.312076409716617376e-01 -4.920407046541506318e-02 9.901330791364795214e-01
4.496088981628417969e+00 1.713963317871093750e+01 -1.393532657623291016e+01 2.493374967509721651e-01 9.448643333806103772e-01 -2.122786004739378452e-01
-1.224354743957519531e+01 2.009818840026855469e+01 -3.686969995498657227e+00 1.524882214201204456e-01 -1.525180763761589953e-01 9.764658615162357114e-01
-3.495415925979614258e+00 -8.469177246093750000e+00 -4.585916042327880859e+00 1.232126345764836088e-02 -1.188524987806142130e-01 9.928354697533783302e-01
2.821099996566772461e+00 -1.379984855651855469e+01 -9.638153076171875000e+00 5.390608512005558017e-01 -7.967340800028921421e-01 2.731816327370445441e-01
-3.425140082836151123e-01 5.889867401123046875e+01 7.397365093231201172e+00 5.921357862188453280e-02 -2.807267803004168116e-01 9.579594077668172059e-01
3.892590713500976562e+01 5.096619796752929688e+01 5.988794803619384766e+00 1.979214424183205756e-01 2.423200682955928276e-01 -9.497937076714452198e-01
1.056522750854492188e+01 1.784054374694824219e+01 -8.450936317443847656e+00 1.132952783266318736e-02 8.763806209033660199e-02 -9.960879538836614477e-01
-3.465394973754882812e+01 7.224030017852783203e+00 -6.665750980377197266e+00 -3.803085740158738126e-01 -2.443407342310703334e-01 -8.919994361687871853e-01
-1.544088077545166016e+01 1.326300907135009766e+01 -8.851583480834960938e+00 -6.035686949649590738e-02 8.300724065188348419e-03 -9.981423477062659755e-01
1.961706161499023438e+01 5.845972442626953125e+01 5.511207103729248047e+00 1.127974537755110224e-01 3.814955141896507751e-01 -9.174627551431913108e-01
2.016643333435058594e+01 1.641568374633789062e+01 -8.316183090209960938e+00 8.006644676250082582e-02 1.966828236720991052e-01 -9.771925250303532540e-01
2.461230009794235229e-01 3.622012329101562500e+01 -5.963360786437988281e+00 4.251034007357133021e-02 2.128435987379284355e-01 -9.761610899145269915e-01
2.217132759094238281e+01 4.757170486450195312e+01 4.701313018798828125e+00 -1.084207757365184127e-01 -3.592669045907487813e-01 9.269154366254093169e-01
2.476062011718750000e+01 4.364241409301757812e+01 -1.504514932632446289e+00 1.346854210727601864e-01 3.012887973014985454e-01 -9.439729328593431390e-01
-2.871924209594726562e+01 1.450914955139160156e+01 -2.762714862823486328e+00 8.536969137041368338e-02 -7.331173082070632785e-02 9.936485323892912946e-01
-5.836322784423828125e+00 2.725771903991699219e+01 -7.865519046783447266e+00 2.004130858501722203e-03 1.423224211731349831e-01 -9.898183226688211933e-01
2.593879938125610352e+00 4.241796493530273438e+01 6.865180134773254395e-01 -3.449883517629145913e-02 -4.110056233450570806e-01 9.109798065545801071e-01
3.562395095825195312e+00 7.817051696777343750e+01 1.034018993377685547e+01 3.918598509851074080e-02 9.767393091322167376e-01 -2.108193078628695372e-01
3.826776123046875000e+01 5.700366973876953125e+01 7.280309200286865234e+00 1.438875354220740463e-03 1.088669807227539837e-01 -9.940552852563213637e-01
1.119866275787353516e+01 2.368800926208496094e+01 -7.879480838775634766e+00 6.068549291544820395e-02 1.542075116005276747e-01 -9.861730650933345776e-01
9.102676391601562500e+00 4.063280868530273438e+01 4.031150043010711670e-01 -6.002888035213457124e-02 -2.834802960302544861e-01 9.570974115973088781e-01
-8.297686576843261719e+00 5.441745758056640625e+01 5.545257091522216797e+00 4.520477392827371849e-02 -5.038056892391210573e-01 8.626333844133253770e-01
7.693809032440185547e+00 1.144017791748046875e+01 -3.993453979492187500e+00 7.871334518384288936e-02 6.417923378960274650e-02 9.948292492886148253e-01
-1.335763645172119141e+01 6.384847259521484375e+01 5.724670886993408203e+00 -5.561070361628438485e-01 3.580571564060872070e-01 -7.500266909094396306e-01
-4.489508152008056641e+00 1.420867347717285156e+01 -9.079224586486816406e+00 -9.912300709213411887e-02 7.894737541292325966e-01 -6.057275138262325775e-01
8.427540779113769531e+00 1.340383243560791016e+01 -1.557388496398925781e+01 1.366170100491482242e-01 1.944700384452915376e-01 -9.713481336330027638e-01
-9.684454917907714844e+00 6.034249782562255859e+00 -4.093239784240722656e+00 -1.685287268617069456e-02 6.915045766633073909e-02 9.974638814948443288e-01
-2.058480978012084961e+00 -1.240797519683837891e+01 -1.624241065979003906e+01 -1.319819089830313180e-02 1.223994537414407613e-01 -9.923931587232999174e-01
-2.134602928161621094e+01 4.859673309326171875e+01 4.234699904918670654e-02 -7.145667844777122690e-01 -6.053574701523471713e-02 -6.969431353091083414e-01
9.468400001525878906e+00 3.128944969177246094e+01 -2.108129978179931641e+00 -5.798574283529671358e-02 -2.040277182195882055e-01 9.772463066320318248e-01
-9.575366973876953125e+00 7.732053375244140625e+01 9.068782806396484375e+00 -1.477324883413523027e-01 7.241349533831145102e-01 -6.736495239939733759e-01
3.721885919570922852e+00 4.883724594116210938e+01 -1.918740987777709961e+00 4.728956135963188756e-02 3.746589905765805861e-01 -9.259559050875756370e-01
1.342829132080078125e+01 1.794952011108398438e+01 -3.693646907806396484e+00 1.982469140947805061e-02 -4.566297017871655956e-02 9.987601687917758708e-01
-5.390449047088623047e+00 2.943488693237304688e+01 -2.797842025756835938e+00 5.624090981359868013e-02 -1.005664521054006194e-01 9.933394932117975973e-01
1.554263782501220703e+01 7.049181365966796875e+01 1.198123264312744141e+01 -1.296359016657055718e-01 -1.787464229595383813e-01 9.753175120331273318e-01
-2.671348571777343750e+01 5.522752761840820312e+00 -3.006858110427856445e+00 1.142968181568742442e-01 -3.247966748235463913e-02 9.929155596320616839e-01
-6.122589707374572754e-01 7.300639343261718750e+01 1.164611339569091797e+01 5.426519491993518282e-04 -2.562060160533017883e-01 9.666220475795890277e-01
2.428296852111816406e+01 2.431594085693359375e+01 -2.121602058410644531e+00 -1.411077699430690058e-01 -2.448980264053498557e-01 9.592254969111582152e-01
1.311584568023681641e+01 -1.593363046646118164e+00 -1.594907855987548828e+01 -7.607213822322599073e-02 5.782376096232468704e-02 -9.954242524945423609e-01
3.095463371276855469e+01 5.370312118530273438e+01 5.371296882629394531e+00 1.888552914273111394e-01 3.893466132462475859e-01 -9.015225419553203334e-01
-2.208146095275878906e+00 1.767360496520996094e+01 -1.388747310638427734e+01 -1.545282717288490038e-01 9.796044008876632070e-01 -1.284376541284426021e-01
-2.101459503173828125e+01 2.069096183776855469e+01 -8.053630828857421875e+00 -7.847065557652330159e-02 8.808777066936056277e-02 -9.930170697787087386e-01
4.781398773193359375e+00 1.823539733886718750e+01 -8.489713668823242188e+00 -5.677940930931919469e-03 1.910291889562505327e-02 -9.998014000172493754e-01
4.987959861755371094e-01 7.455371856689453125e+00 -1.490608692169189453e+01 -4.634570443928660161e-02 6.273607490144723908e-02 -9.969534896804296276e-01
-1.494668960571289062e+00 3.772248840332031250e+01 -1.032076954841613770e+00 6.150597051625897836e-03 -4.020333852180479339e-01 9.156043508666967812e-01
1.526070594787597656e+01 4.020895004272460938e+01 8.867049813270568848e-01 -3.039134082033720027e-02 -3.009804286450381561e-01 9.531459216593182182e-01
6.513365745544433594e+00 6.884443664550781250e+01 7.082260131835937500e+00 7.108768426051967348e-02 1.466034159896290323e-01 -9.866377144457070258e-01
-8.185399055480957031e+00 7.004773712158203125e+01 6.638145923614501953e+00 5.069035626452737808e-02 1.602840735219094592e-01 -9.857684837511282439e-01
-1.675042533874511719e+01 5.822055816650390625e+01 4.513582229614257812e+00 -8.362471975730333407e-01 4.448230381079092410e-01 3.206603956208152195e-01
-1.089269638061523438e+01 -2.269388914108276367e+00 -4.259717941284179688e+00 -5.194660752091860567e-02 4.062852366703994036e-03 9.986415989721807440e-01
-2.221903085708618164e+00 1.551563358306884766e+01 -4.345390796661376953e+00 -1.531705036279092970e-02 4.725686375430132591e-02 9.987653261884350542e-01
3.261503934860229492e+00 -1.086958503723144531e+01 -1.612033843994140625e+01 -7.644889229389181806e-02 2.152307459042981930e-01 -9.735662755480576358e-01
1.698541641235351562e+01 2.941558456420898438e+01 -6.400135993957519531e+00 1.556848904125383293e-01 2.530968451807820152e-01 -9.548320280849251773e-01
-4.580566883087158203e+00 3.866611480712890625e+01 -5.370719909667968750e+00 2.847763139325568127e-02 1.930273251221535646e-01 -9.807800345981846357e-01
2.088709831237792969e+01 6.375206756591796875e+01 7.139170169830322266e+00 1.923378578723626206e-02 7.557824323042840187e-02 -9.969543573476635778e-01
2.255881118774414062e+01 3.212195968627929688e+01 -4.983178138732910156e+00 1.200681127713553314e-01 1.702847152688331811e-01 -9.780525364423618973e-01
-4.771308898925781250e+00 4.875043487548828125e+01 3.187433004379272461e+00 -8.218332683762921351e-03 -4.402929948113388225e-01 8.978165390144923208e-01
9.047409892082214355e-01 4.712752914428710938e+01 2.464663028717041016e+00 -8.806159425990649214e-02 -2.814679584596076478e-01 9.555212943608237808e-01
1.639797401428222656e+01 7.973201751708984375e+00 -4.597019195556640625e+00 3.360413772717048275e-02 9.405313691731330417e-03 9.993909655394997982e-01
2.615053558349609375e+01 6.303449249267578125e+01 7.309538841247558594e+00 5.711268351914409319e-02 1.441627053389726021e-01 -9.879044770475488013e-01
-1.572818660736083984e+01 -5.971424102783203125e+00 -1.257022666931152344e+01 -8.250159266532415270e-01 -3.991586438105973467e-01 4.000263714304067575e-01
3.132876968383789062e+01 4.107886886596679688e+01 3.890372991561889648e+00 -2.222776570664693752e-01 -3.204143072585103891e-01 9.208296883099990060e-01
1.183601379394531250e+01 -7.920022010803222656e+00 -1.080453395843505859e+01 4.647349803600949181e-01 -3.469326673561469732e-01 8.146527618260747117e-01
2.025665473937988281e+01 3.501664352416992188e+01 -6.304100155830383301e-02 -1.133615239603940339e-01 -2.844177793100829965e-01 9.519746276543813446e-01
-3.186131668090820312e+01 1.167153835296630859e+01 -7.189114093780517578e+00 -2.082561993459386418e-01 4.941192405941698118e-02 -9.768253770222858900e-01
-1.079804039001464844e+01 2.562361145019531250e+01 -3.187053918838500977e+00 3.278575170015406420e-03 1.865526697103556250e-03 9.999928853521893313e-01
1.500712299346923828e+01 1.502944946289062500e+01 -8.509870529174804688e+00 6.848947628450116620e-02 7.627464062197290839e-02 -9.947318084972772700e-01
-2.256233406066894531e+01 4.658909797668457031e+00 -8.494699478149414062e+00 -1.023770158247637729e-01 -5.405644105482808326e-02 -9.932758165843472709e-01
-9.235784530639648438e+00 7.241268920898437500e+01 1.132684803009033203e+01 -4.552243521762848466e-02 -2.140033060074045257e-01 9.757716397342965919e-01
1.783919143676757812e+01 1.505546283721923828e+01 -3.838428020477294922e+00 -2.378865779341442915e-02 -5.590870267628351292e-02 9.981524516452597862e-01
1.052617263793945312e+01 2.535818481445312500e+01 -2.983800888061523438e+00 -6.461183863004671402e-02 -1.307693784044781926e-01 9.893051500829010969e-01
2.815127754211425781e+01 3.160259819030761719e+01 -4.192759990692138672e+00 1.660354255436682358e-01 2.459999098095859427e-01 -9.549430778000375097e-01
1.285044288635253906e+01 3.420538330078125000e+01 -5.650586128234863281e+00 1.063895455484859254e-01 2.464874052008355076e-01 -9.632887540479987409e-01
3.950904464721679688e+01 6.231892776489257812e+01 1.293672084808349609e+01 -1.512746830012947630e-01 -2.192280037574829976e-01 9.638750192070374423e-01
4.434406280517578125e+01 5.744668579101562500e+01 7.998026847839355469e+00 1.333728035519871069e-01 7.979782682452535303e-02 -9.878481675372819959e-01
1.351958942413330078e+01 2.244466066360473633e+00 -9.600918769836425781e+00 6.888284880556359013e-01 -1.353152511499775834e-01 7.121833309262477485e-01
2.404520988464355469e+00 5.485220336914062500e+01 1.424147009849548340e+00 2.065570573110000563e-04 5.782791539719575047e-01 -8.158389408551537381e-01
4.057086944580078125e+01 5.248397827148437500e+01 1.064372920989990234e+01 -1.610859226088801610e-01 -2.306177039498972792e-01 9.596180491018931891e-01
-1.839910507202148438e+01 7.778969764709472656e+00 -3.871670007705688477e+00 7.465112097654830192e-02 2.097671382321678719e-04 9.972096901528245683e-01
3.051170158386230469e+01 4.613391494750976562e+01 1.204573035240173340e+00 2.697016910198782313e-01 4.673079060197782297e-01 -8.419526820626134223e-01
1.701907992362976074e+00 1.421375179290771484e+01 -9.398639678955078125e+00 2.597049931593021777e-01 9.519413296785120826e-01 1.623607753678001364e-01
1.184233760833740234e+01 6.348996734619140625e+01 6.357985019683837891e+00 1.029771658939541285e-01 2.598294532586158945e-01 -9.601480919752837240e-01
1.898794555664062500e+01 5.185963058471679688e+01 1.458049058914184570e+00 1.716661626190742196e-01 5.224729791347164642e-01 -8.351962132850792031e-01
-1.488394546508789062e+01 2.457365989685058594e+01 -7.987964153289794922e+00 -8.322503425107169450e-02 1.471600543131818262e-01 -9.856051501937524995e-01
-4.358322143554687500e+00 2.240167999267578125e+01 -8.431909561157226562e+00 5.572408579209096186e-02 3.565818214169380607e-02 -9.978092604846807712e-01
-7.927999019622802734e+00 1.143362331390380859e+01 -1.559675502777099609e+01 7.651218271461536491e-02 -1.036140253890267815e-01 -9.916703180185074684e-01
1.073462486267089844e+01 4.878075790405273438e+01 3.587614059448242188e+00 -1.135774247649184721e-01 -4.304041207511922762e-01 8.954621496323350582e-01
4.364789009094238281e+00 5.088696289062500000e+01 4.167642116546630859e+00 -8.210764981351890979e-03 -4.332558475514943774e-01 9.012335734430100276e-01
-9.413810729980468750e+00 3.622949600219726562e+01 -5.882715225219726562e+00 -2.796218955092621972e-01 5.500841748857718955e-02 -9.585330821402094914e-01
-3.573289489746093750e+01 8.127313613891601562e+00 -1.685513973236083984e+00 -9.187873097361226593e-02 -3.014662513471879635e-01 9.490397241914337867e-01
-5.235500812530517578e+00 7.827130126953125000e+01 1.145169448852539062e+01 -8.598873257660928637e-02 9.951944469591290643e-01 4.683962650984256626e-02
1.131538200378417969e+01 7.687223911285400391e+00 -4.098552227020263672e+00 9.675749126802780931e-02 4.118320301755943463e-02 9.944555956264372609e-01
4.590747070312500000e+01 5.530066680908203125e+01 1.227187061309814453e+01 -1.005494716398874361e-01 -1.935413476394628463e-01 9.759259964294628720e-01
-1.418283557891845703e+01 7.470999956130981445e-01 -9.503352165222167969e+00 -9.383600817373611847e-01 4.039618373422600162e-02 3.432907009249792085e-01
5.236003875732421875e+01 5.507469177246093750e+01 9.095812797546386719e+00 6.870239542071342465e-01 -3.504337117021921189e-01 -6.365487412981181148e-01
-1.421085000038146973e+00 7.097898864746093750e+01 7.129570960998535156e+00 5.576702118142580489e-02 1.949841962049779498e-01 -9.792196906613188645e-01
1.927843475341796875e+01 4.397616958618164062e+01 2.721496105194091797e+00 -1.386117776676319413e-01 -1.961660960860002190e-01 9.707242851799872119e-01
-1.634305953979492188e+00 -1.492807579040527344e+01 -1.153912830352783203e+01 -1.147819903857680290e-01 -7.692531725602608228e-01 6.285496409903158499e-01
2.223658752441406250e+01 2.211675643920898438e+01 -7.324279785156250000e+00 6.543954290679619701e-02 1.650952146584515612e-01 -9.841042812227926984e-01
-2.473322868347167969e+00 -2.570752143859863281e+00 -1.502567577362060547e+01 -7.715480113096438719e-02 -7.532440470237215975e-03 -9.969906714724083852e-01
1.564547634124755859e+01 5.605096817016601562e+01 3.638596057891845703e+00 1.562737508545599119e-01 3.869797340064397573e-01 -9.087492504878076360e-01
1.582385921478271484e+01 6.526579856872558594e+00 -1.291094779968261719e+01 9.433634908744912284e-01 2.995015588088069114e-01 1.427029794930302631e-01
2.951812553405761719e+01 4.767833328247070312e+01 5.937532901763916016e+00 -1.902212883417214173e-01 -4.249324128480905793e-01 8.850131671182726034e-01
-2.885524940490722656e+01 7.717648029327392578e+00 -7.812763214111328125e+00 -1.244072477601800980e-01 3.446139954481847872e-02 -9.916326177804708486e-01
1.587957954406738281e+01 4.996385955810546875e+01 4.770391941070556641e+00 -1.334883755246412951e-01 -3.111336939658706502e-01 9.409445669533058609e-01
1.414279842376708984e+01 2.975592803955078125e+01 -2.042651891708374023e+00 -3.989754416981569629e-02 -2.527248096350540041e-01 9.667152406805963327e-01
4.106223106384277344e+00 3.935962295532226562e+01 -4.980711936950683594e+00 8.777337265039956982e-02 2.859238802681136615e-01 -9.542239620476942186e-01
-1.321745991706848145e+00 2.671957969665527344e+01 -3.149620056152343750e+00 -5.104411510632326371e-02 -1.463212361022160068e-01 9.879193257440265219e-01
2.928453826904296875e+01 6.838671875000000000e+01 1.301288318634033203e+01 -2.139050484468719149e-01 -6.112896890093598712e-01 7.619511443391771000e-01
1.043124294281005859e+01 7.482566833496093750e+01 1.450932312011718750e+01 -1.484301675629450812e-01 -8.088621616606156417e-01 5.689556123204623228e-01
-1.128854370117187500e+01 1.593775463104248047e+01 -8.732233047485351562e+00 6.319672836653165982e-02 -6.001997925396402450e-02 -9.961946474530570805e-01
-2.538261413574218750e+01 8.839250206947326660e-01 -3.938168048858642578e+00 -1.914531364665138513e-01 -8.834974285439000097e-01 4.275254264876544030e-01
1.547178173065185547e+01 4.818158721923828125e+01 -1.229725003242492676e+00 1.218324214654859655e-01 3.658975977043948391e-01 -9.226460909113574083e-01
-8.107059478759765625e+00 4.509379577636718750e+01 1.843788027763366699e+00 5.348092353750397848e-02 -2.317774987618201887e-01 9.712975763818677555e-01
-3.124891281127929688e+01 4.557885169982910156e+00 -4.469223976135253906e+00 -5.387134488129972087e-01 -8.424050884760633240e-01 1.189482987024711828e-02
-1.635658645629882812e+01 5.092793941497802734e+00 -1.423967552185058594e+01 -8.825531741241523509e-01 2.977152434919052570e-01 -3.639581413238878738e-01
-1.038332939147949219e+00 7.744394683837890625e+01 8.986627578735351562e+00 5.548181594747883527e-02 5.694869554444115245e-01 -8.201258291736852613e-01
-3.318547010421752930e+00 4.542201614379882812e+01 -3.264512062072753906e+00 -1.189208519095952092e-02 3.869139134942469749e-01 -9.220391541872705599e-01
-8.339952468872070312e+00 -1.150978469848632812e+01 -1.598379421234130859e+01 -7.137811346542478896e-02 -7.226708763192406237e-02 -9.948279413865076526e-01
2.434543037414550781e+01 7.055799865722656250e+01 1.325838375091552734e+01 -2.567528994275527499e-01 -7.780284311704489530e-01 5.733669932303350203e-01
-8.282448768615722656e+00 5.940786361694335938e+01 4.300818920135498047e+00 -8.089390736699654527e-02 4.726688063732875644e-01 -8.775194443615202955e-01
4.025865936279296875e+01 4.447346496582031250e+01 3.714861869812011719e+00 4.633126990335766915e-01 2.156820550942611103e-01 -8.595479009482477339e-01
-1.228484439849853516e+01 -7.278779983520507812e+00 -9.469957351684570312e+00 -8.614747331422627497e-01 -4.900641904189481646e-01 -1.330352337784543870e-01
-2.547108459472656250e+01 1.689272117614746094e+01 -7.896843910217285156e+00 -1.040220502167570893e-01 8.566388488976771354e-02 -9.908789592550116820e-01
2.825128364562988281e+01 6.101484298706054688e+01 1.112296962738037109e+01 -7.152639531138950402e-02 -1.538700390086844283e-01 9.854988512774760512e-01
2.990424537658691406e+01 3.053184127807617188e+01 1.418469995260238647e-01 -1.210122332764172609e-01 -2.282074534711847624e-01 9.660628331416394321e-01
5.207821846008300781e+00 -5.917797088623046875e+00 -4.437933921813964844e+00 -6.159961815146293602e-03 -1.048043592330084178e-01 9.944737810300452452e-01
-4.754877090454101562e+00 3.409844589233398438e+01 -1.929203987121582031e+00 -4.150522236245162561e-02 -2.865783208497506562e-01 9.571573447117152078e-01
3.449222183227539062e+01 4.306518554687500000e+01 8.986089825630187988e-01 2.932191787180564169e-01 4.453156647697571469e-01 -8.460002789258275202e-01
-1.814351654052734375e+01 1.736800000071525574e-02 -4.188562870025634766e+00 -4.639547951078901722e-01 -7.720239721467271332e-01 4.344248318491764072e-01
2.380799293518066406e+01 5.438048553466796875e+01 4.052497863769531250e+00 1.794078203867050803e-01 3.717474074361479808e-01 -9.108329698954656939e-01
1.765903091430664062e+01 2.468854522705078125e+01 -7.372369766235351562e+00 6.859107547437973129e-02 7.109232607038122598e-02 -9.951086099211334801e-01
1.130654525756835938e+01 1.168142414093017578e+01 -1.089414691925048828e+01 4.500877499473273091e-01 4.713347642103298818e-01 7.584619683241506927e-01
-5.419500172138214111e-02 6.327897262573242188e+01 9.220934867858886719e+00 6.592128131523022905e-02 -3.869209977108982734e-01 9.197535138286568879e-01
2.611847877502441406e+00 -3.423480987548828125e+00 -1.515824890136718750e+01 -7.782001514804440245e-02 1.427642310263196358e-02 -9.968652010105242267e-01
-2.744074630737304688e+01 1.917364692687988281e+01 -2.917029857635498047e+00 -5.458247358932961646e-01 6.094418495665852031e-01 5.750269469197709649e-01
-7.080277919769287109e+00 6.490998840332031250e+01 5.907276153564453125e+00 -6.997896577043049605e-03 2.033656242186918095e-01 -9.790778581551309312e-01
4.001511001586914062e+01 6.667275238037109375e+01 9.895661354064941406e+00 3.383901871687112761e-01 5.862022520848354512e-01 -7.361107259635547573e-01
-1.364026165008544922e+01 2.940744590759277344e+01 -2.508209943771362305e+00 2.533038273798288859e-02 -1.174331515318072644e-01 9.927576877726280724e-01
3.536169433593750000e+01 6.638408660888671875e+01 1.461306571960449219e+01 -4.237237010946767191e-01 -7.810916322123963029e-01 4.586437476063570107e-01
3.055036926269531250e+01 5.584258651733398438e+01 9.790645599365234375e+00 -2.284958389928432032e-01 -4.685909474454190704e-01 8.533534880312854121e-01
7.050041198730468750e+00 2.814286231994628906e+01 -7.441679000854492188e+00 5.818352499798375155e-02 1.615330288914938184e-01 -9.851506270596130932e-01
-1.306870937347412109e+01 6.824579620361328125e+01 7.337410926818847656e+00 -8.521131796641481237e-01 4.201763952245725076e-01 -3.120175090259184603e-01
1.474696636199951172e+01 3.832642364501953125e+01 -4.459066867828369141e+00 1.049071278948943003e-01 2.637525405308738802e-01 -9.588686520480028674e-01
3.630411529541015625e+01 4.724278259277343750e+01 7.288760185241699219e+00 -1.829069746599957802e-01 -3.206669187203207705e-01 9.293641728941044455e-01
-1.638287925720214844e+01 5.370800781250000000e+01 5.725795745849609375e+00 6.221766477018457475e-02 -3.662530918466964103e-01 9.284328919761944965e-01
-8.341522216796875000e+00 1.050825500488281250e+01 -4.233306884765625000e+00 -8.861940258700105877e-02 6.171450688314710636e-02 9.941518601930456889e-01
1.833281326293945312e+01 6.043245315551757812e+01 9.545972824096679688e+00 -1.431562176147765930e-01 -4.277518551445018136e-01 8.924878978331682866e-01
6.097253799438476562e+00 -1.455021190643310547e+01 -1.288917827606201172e+01 3.578076432292912612e-01 -8.186366500404010926e-01 4.492301477609558780e-01
7.213707923889160156e+00 6.113762664794921875e+01 8.606851577758789062e+00 -8.442972242431409646e-02 -3.667152360059295901e-01 9.264942296919439491e-01
2.665319442749023438e+01 3.967786407470703125e+01 2.446889877319335938e+00 -1.490620630754699583e-01 -2.467615787142629635e-01 9.575433278040891283e-01
-1.735279846191406250e+01 2.014374351501464844e+01 -3.285964965820312500e+00 3.510080975495360328e-02 -7.762929519250585941e-02 9.963642033325271763e-01
4.790105819702148438e+01 6.244749069213867188e+01 1.204866504669189453e+01 6.322162334033607500e-01 7.711943060174302200e-01 -7.457866040337172986e-02
-1.801277160644531250e+01 3.510147094726562500e+00 -8.680181503295898438e+00 7.735935303477534108e-02 -3.984685778494329034e-02 -9.962066845904554713e-01
2.991754531860351562e+01 3.652285385131835938e+01 -2.669159889221191406e+00 1.925611633758921304e-01 2.428180094555411339e-01 -9.507679068223598984e-01
8.574818611145019531e+00 -9.982690215110778809e-01 -1.526468753814697266e+01 -1.902524006699153336e-01 3.708431583598752884e-02 -9.810345445285352239e-01
-1.650163269042968750e+01 5.121658706665039062e+01 4.231959879398345947e-01 -1.011055255478792020e-01 4.876165359523682019e-01 -8.671838251313847001e-01
-1.257728767395019531e+01 1.453698062896728516e+01 -4.075067996978759766e+00 -4.427024046238293292e-02 5.257494785315738883e-02 9.976352142279464319e-01
-1.150167179107666016e+01 1.335240364074707031e+01 -1.337178993225097656e+01 -5.735634923034473864e-01 8.184165706574900723e-01 3.491757680462647534e-02
-5.269712924957275391e+00 -1.142547798156738281e+01 -7.699820995330810547e+00 -4.610504064604405983e-01 -8.527222177872046949e-01 2.455551709794230320e-01
8.123180270195007324e-01 2.293374824523925781e+01 -8.286518096923828125e+00 -1.599110147994807843e-02 1.739983241723247753e-01 -9.846161017669173843e-01
2.509919166564941406e+01 5.855275726318359375e+01 6.219659805297851562e+00 9.047872357836947432e-02 2.759985835782937103e-01 -9.568899531515651091e-01
-1.031801939010620117e+00 5.876304149627685547e+00 -3.679239034652709961e+00 -3.302660479864853726e-02 1.748792819233256982e-02 9.993014638951619455e-01
7.290726184844970703e+00 7.502497100830078125e+01 8.363089561462402344e+00 6.902866231087724513e-02 3.084487412722770605e-01 -9.487330592886065173e-01
3.208275985717773438e+01 6.682866668701171875e+01 8.482756614685058594e+00 1.352017487912750837e-01 1.893882415586915224e-01 -9.725495262880382574e-01
9.328431129455566406e+00 1.572860622406005859e+01 -4.142193794250488281e+00 1.087095610382701229e-02 -2.241680875133544582e-01 9.744898618528535783e-01
1.310684490203857422e+01 -1.178503036499023438e+00 -5.557748794555664062e+00 6.652763317172921687e-01 -7.398148848116328224e-01 -1.004058696886479390e-01
-2.938647031784057617e+00 2.002283096313476562e+01 -4.003033161163330078e+00 3.863824699335410146e-02 -7.245573696356052973e-02 9.966229237030161947e-01
4.457583999633789062e+01 4.883552169799804688e+01 1.018216609954833984e+01 2.395701959670793746e-01 -5.786433415264337077e-01 7.796011829848759067e-01
-1.253664398193359375e+01 4.422533798217773438e+01 -3.346045970916748047e+00 -1.051624022282675597e-01 3.424857705377308825e-01 -9.336189619629394754e-01
-8.304712295532226562e+00 4.127105331420898438e+01 -4.664703845977783203e+00 4.502754561618502009e-03 3.012836270283402174e-01 -9.535239384965673581e-01
-1.154567623138427734e+01 3.859949111938476562e+01 -5.431010127067565918e-01 -5.446231611385146110e-01 -7.526222535562284710e-01 3.700612865505331084e-01
-4.045106887817382812e+00 1.392404174804687500e+01 -1.568858146667480469e+01 6.248115936762298206e-03 -8.352058842353855816e-02 -9.964864637096816358e-01
-9.015830159187316895e-01 3.193883132934570312e+01 -6.979803085327148438e+00 1.309209080405085990e-01 2.548938958283064049e-01 -9.580651427263791042e-01
4.952938079833984375e+00 -1.314908981323242188e+00 -4.089798927307128906e+00 -5.272581101814968751e-02 -1.025314309055075021e-02 9.985563889481871014e-01
2.467766189575195312e+01 4.771803283691406250e+01 4.811069965362548828e-01 2.109714833665110312e-01 4.553936100412602217e-01 -8.649321899083897147e-01
2.453769111633300781e+01 1.796924209594726562e+01 -3.087826013565063477e+00 2.560450926175954489e-01 -2.836138231340094573e-01 9.241234278351337927e-01
2.642133331298828125e+01 2.516240119934082031e+01 -6.016625881195068359e+00 1.578230175784996747e-01 1.605663149372426046e-01 -9.743255891281367154e-01
-2.255739927291870117e+00 5.381394958496093750e+01 7.102550268173217773e-01 -6.540789152986178911e-02 5.084811319766635584e-01 -8.585853167562026433e-01
1.994729995727539062e+01 7.124856567382812500e+01 1.259756183624267578e+01 -1.657691289103038479e-01 -3.675776227366266413e-01 9.150996050505154633e-01
8.358567237854003906e+00 3.411125183105468750e+01 -6.124609947204589844e+00 1.142345080906717741e-01 2.769840389096496769e-01 -9.540599139208081336e-01
4.134450912475585938e+01 6.079751968383789062e+01 8.198295593261718750e+00 5.256675597758730945e-02 1.160543839588689813e-01 -9.918508537728444319e-01
3.395211029052734375e+01 3.598866653442382812e+01 2.459298133850097656e+00 1.632894741739111533e-01 -7.399858802213480358e-01 6.525009154760200714e-01
3.382044982910156250e+01 5.681037521362304688e+01 6.818520069122314453e+00 1.293443322678146934e-01 2.769229701035961777e-01 -9.521468964078998454e-01
1.605246162414550781e+01 -3.693922996520996094e+00 -1.331904125213623047e+01 9.471436091190246209e-01 -3.075714542287900088e-01 9.120736948610906614e-02
9.015006065368652344e+00 -6.123633861541748047e+00 -7.755701065063476562e+00 5.582350516878011870e-01 -3.878296916025890662e-01 7.334587632434139692e-01
3.117481422424316406e+01 7.098812866210937500e+01 9.830390930175781250e+00 2.814700668791293436e-01 5.619274309106597753e-01 -7.778252784791737096e-01
2.010655021667480469e+01 2.582869148254394531e+01 -2.216332912445068359e+00 -7.568778715585119943e-02 -1.163675661199101707e-01 9.903181046667676179e-01
2.368647098541259766e+00 5.886516571044921875e+01 3.882869958877563477e+00 -2.883154038637309249e-02 4.393144540936593789e-01 -8.978705656737716589e-01
-1.301910495758056641e+01 3.239242935180664062e+01 -5.800560951232910156e+00 -3.489063272949374794e-01 9.061527176038225440e-01 -2.390640649549089225e-01
-9.424594879150390625e+00 2.467223548889160156e+01 -8.173960685729980469e+00 -4.372480308660894877e-02 1.097714355682216231e-01 -9.929946492949139891e-01
1.613525962829589844e+01 3.358472442626953125e+01 -1.081902980804443359e+00 -9.745349108509310243e-02 -2.698485351357697848e-01 9.579585508571897279e-01
5.257506561279296875e+01 5.860019683837890625e+01 1.195433616638183594e+01 6.690621290802826193e-01 7.400919625326082274e-01 -6.796877536922101004e-02
1.998383903503417969e+01 1.053322792053222656e+01 -4.396660804748535156e+00 6.758907874028824425e-01 -5.217534808240702482e-01 5.205237254457074636e-01
2.741009891033172607e-01 1.193269538879394531e+01 -3.907132148742675781e+00 -3.152908762796591963e-02 6.036665186946325867e-02 9.976781966022004733e-01
-7.888000011444091797e+00 4.063694000244140625e+00 -1.487333106994628906e+01 9.336933811750032508e-02 -5.367296677256668674e-02 -9.941837754345677070e-01
4.803563308715820312e+01 5.474631881713867188e+01 8.066406250000000000e+00 1.082097191809726355e-01 1.457550882576020834e-01 -9.833850267935716483e-01
1.172649478912353516e+01 6.840177917480468750e+01 1.142110157012939453e+01 -5.556111296277270462e-02 -2.020003067314806999e-01 9.778081809878284014e-01
1.031406593322753906e+01 4.454793167114257812e+01 2.113905906677246094e+00 -6.383876112907027611e-02 -3.471840746316498527e-01 9.356216280632200233e-01
2.435770988464355469e+01 1.743448829650878906e+01 -7.443892955780029297e+00 8.756201305325916895e-01 -3.647017950097700134e-01 -3.166733138784177393e-01
-1.956947088241577148e+00 -1.992139965295791626e-01 -3.880168914794921875e+00 -1.713096903132427587e-02 -1.414856164390009274e-01 9.897920742463660604e-01
2.449942016601562500e+01 3.621238327026367188e+01 8.901720046997070312e-01 -1.385586069438435319e-01 -3.407830844630558298e-01 9.298754764943676365e-01
3.645029067993164062e+00 7.416865539550781250e+01 1.221219444274902344e+01 -2.666647588222973222e-02 -4.587291696682787023e-01 8.881759104814057615e-01
-8.940561294555664062e+00 1.739953994750976562e+00 -4.070713043212890625e+00 -3.345138179239040555e-02 -1.590886806359262731e-02 9.993137209971225676e-01
1.386626434326171875e+01 6.725099182128906250e+01 7.208681106567382812e+00 6.655462369551976010e-02 1.558260298080593742e-01 -9.855398168004201320e-01
-4.942059040069580078e+00 6.509965515136718750e+01 9.682548522949218750e+00 -1.853645378929023868e-02 -1.875950896408012381e-01 9.820715260222023790e-01
-1.106623554229736328e+01 5.166015243530273438e+01 1.444999943487346172e-03 -8.490178767681398619e-02 5.360842893539489173e-01 -8.398841117423003766e-01
-1.375837612152099609e+01 9.903344154357910156e+00 -1.138625812530517578e+01 -6.382758014220185627e-01 3.635207150113063945e-01 6.785695919187274550e-01
4.374121093750000000e+01 6.505976867675781250e+01 1.417132472991943359e+01 5.223012298445708357e-01 8.171304890396609011e-01 2.439245563379254800e-01
4.084657192230224609e+00 3.124661445617675781e+01 -2.408471107482910156e+00 5.670675540433413537e-04 -2.042788026266798007e-01 9.789125850819362373e-01
2.672176361083984375e+01 6.496401214599609375e+01 1.195802021026611328e+01 -1.250133115800736439e-01 -1.853116824224263770e-01 9.746954664332614371e-01
1.595606136322021484e+01 6.209272384643554688e+01 6.348857879638671875e+00 8.606213032160532628e-02 2.663937357463758704e-01 -9.600144203498179873e-01
-1.650506210327148438e+01 4.372327041625976562e+01 1.916867017745971680e+00 4.795208896244483598e-02 -3.082524639036230418e-01 9.500952666240808364e-01
1.220354652404785156e+01 -1.068672466278076172e+01 -1.424764823913574219e+01 7.334645770368772855e-01 -6.793566982276394439e-01 -2.245419349152232708e-02
2.322518157958984375e+01 6.775790405273437500e+01 7.874575138092041016e+00 1.003805803745628361e-01 2.507575201952969568e-01 -9.628314520980145730e-01
-5.939434051513671875e+00 4.904259490966796875e+01 -1.899030923843383789e+00 -5.635263856849490743e-02 3.090682311457723097e-01 -9.493688475101719204e-01
-2.700141906738281250e+00 6.178153991699218750e+01 5.254176139831542969e+00 6.145690027414892065e-03 3.104574038598747476e-01 -9.505674257424738816e-01
-7.813443183898925781e+00 1.948958778381347656e+01 -3.967555046081542969e+00 -2.805271779724506555e-03 -1.104100628727362754e-01 9.938821602517474707e-01
2.215106773376464844e+01 5.609780502319335938e+01 8.141391754150390625e+00 -1.365183183818232671e-01 -3.498024071507100929e-01 9.268230816600157018e-01
-2.065957069396972656e+01 1.319282054901123047e+01 -3.473140954971313477e+00 7.113198210885843253e-02 -2.754891719246996620e-02 9.970864046223814059e-01
-2.414250373840332031e+01 8.705410957336425781e+00 -8.356868743896484375e+00 -1.354400113357354107e-01 6.971848674998912254e-02 -9.883295684814187299e-01
3.316874694824218750e+01 6.271927642822265625e+01 7.860846996307373047e+00 1.871423769510365681e-02 2.126164434075332732e-01 -9.769565114682549067e-01
2.447870826721191406e+01 5.085554885864257812e+01 6.352358818054199219e+00 -2.139767591784572931e-01 -4.490731439799817148e-01 8.674948172106962119e-01
-3.602328872680664062e+01 1.239373302459716797e+01 -6.233991146087646484e+00 -2.187577026632440969e-01 8.891218730589527108e-02 -9.717199650485633944e-01
9.657080173492431641e-01 4.574138641357421875e+01 -3.090137958526611328e+00 -3.138164981197971107e-03 4.068817508221300727e-01 -9.134754472718293883e-01
1.825747871398925781e+01 6.661571502685546875e+01 1.149986267089843750e+01 -1.052027027535532427e-01 -2.776553354201697354e-01 9.549030872533926795e-01
1.644161415100097656e+01 2.094621276855468750e+01 -3.225773096084594727e+00 -7.586690064620227325e-02 -1.574827884713655701e-01 9.846031610357658392e-01
-1.245456886291503906e+01 7.513896942138671875e+01 1.126368713378906250e+01 -8.607857224403373531e-01 1.205315635792161000e-01 4.944897190276212884e-01
4.492707443237304688e+01 5.939886093139648438e+01 1.333092594146728516e+01 -3.715682663306564826e-01 -5.046281311198512753e-01 7.792865151781575017e-01
-5.373517990112304688e+00 7.408895874023437500e+01 1.187404632568359375e+01 1.136861542283206482e-02 -5.568953040525705944e-01 8.305048915614902105e-01
-1.503572273254394531e+01 4.125048446655273438e+01 -1.531340003013610840e+00 -5.124507269435968349e-01 -7.691372448989065580e-01 3.818666664744365669e-01
3.673514556884765625e+01 3.896131515502929688e+01 4.106122016906738281e+00 3.711865251161787227e-01 -7.921334816255358735e-01 4.845050163414028610e-01
1.829191017150878906e+01 7.614056396484375000e+01 1.318014144897460938e+01 1.885345298592871754e-01 9.598284659843454580e-01 2.078077162592277261e-01
-1.989280891418457031e+01 2.618843078613281250e+01 -3.241934061050415039e+00 -4.055595135162742837e-01 7.238033968587072042e-01 5.582384111580280805e-01
7.589737892150878906e+00 6.469333648681640625e+01 6.404889106750488281e+00 7.986308092189425833e-02 2.291240967411544982e-01 -9.701154759090346857e-01
1.005985355377197266e+01 7.420563220977783203e+00 -1.558716678619384766e+01 -1.424694050083194219e-01 -5.504089055291842142e-02 -9.882676606080547099e-01
1.647451996803283691e+00 6.630563354492187500e+01 6.451409816741943359e+00 6.286728955589804269e-02 2.199024633162141862e-01 -9.734940218262031486e-01
-9.881678581237792969e+00 6.178514480590820312e+01 8.706642150878906250e+00 4.506645430122020041e-02 -1.602981979782450994e-01 9.860393006476179112e-01
-5.043540954589843750e+00 1.829718208312988281e+01 -8.653612136840820312e+00 6.152158391320119296e-02 7.555199338213394733e-02 -9.952421770648574029e-01
-9.017645835876464844e+00 3.188244056701660156e+01 -6.864718914031982422e+00 -1.235186196835001277e-01 4.178225764063252523e-01 -9.000930203243792116e-01
6.800939083099365234e+00 5.642404174804687500e+01 2.858314990997314453e+00 8.315377786610503308e-02 5.644346084459228585e-01 -8.212788941736492987e-01
-4.654937744140625000e+00 5.266422653198242188e+01 4.658637046813964844e+00 -3.577342338698445007e-02 -2.951307351426083470e-01 9.547869455293988006e-01
1.668332481384277344e+01 4.438667297363281250e+01 -2.387964963912963867e+00 8.883219952074851433e-02 2.626121334833464993e-01 -9.608036780090045692e-01
3.222464752197265625e+01 5.037493133544921875e+01 7.596393108367919922e+00 -1.414853833522322912e-01 -3.028689596972116149e-01 9.424713680264248383e-01
2.333246040344238281e+01 2.825781631469726562e+01 -1.399551987648010254e+00 -1.188719493062235510e-01 -1.594384263652922351e-01 9.800249220638718173e-01
2.119932174682617188e+01 3.759164810180664062e+01 -3.812022924423217773e+00 1.169725523629210340e-01 2.309342592583824849e-01 -9.659124131589188478e-01
3.239307785034179688e+01 4.479164505004882812e+01 5.394549846649169922e+00 -1.128677232767190536e-01 -2.857701618248179587e-01 9.516282318494693193e-01
3.811386108398437500e+00 1.926682472229003906e+01 -3.908556938171386719e+00 -2.298932724182840143e-02 -3.406843280049941247e-02 9.991550593974320993e-01
2.599831104278564453e+00 3.853295898437500000e+01 -6.207000017166137695e-01 -4.524481358868236852e-02 -3.907900452142775705e-01 9.193671994392383917e-01
4.403304100036621094e+00 1.214932918548583984e+01 -1.557291126251220703e+01 -4.270967671689700207e-02 -5.393069625289331759e-02 -9.976308753824814080e-01
1.446059417724609375e+01 7.700669860839843750e+01 1.201337528228759766e+01 1.775668402224479803e-01 9.837428718411004303e-01 -2.683243103484836412e-02
5.150991916656494141e+00 2.322817611694335938e+01 -3.507003068923950195e+00 -4.252101311075731638e-02 -1.002092336267587230e-01 9.940573790983960878e-01
3.735102462768554688e+01 5.583425521850585938e+01 1.106689071655273438e+01 -1.449900878696965267e-01 -3.108794836802639128e-01 9.393251945126513958e-01
-2.704913902282714844e+01 1.077307796478271484e+01 -2.963737010955810547e+00 9.773191075183153276e-02 3.645040026890312979e-02 9.945450426908942765e-01
2.520358276367187500e+01 2.905375480651855469e+01 -5.349139213562011719e+00 1.668255887374769098e-01 2.339652283317839310e-01 -9.578253989501690491e-01
-1.896936798095703125e+01 2.418340492248535156e+01 -7.762858867645263672e+00 -1.526603505178666664e-01 1.706604510074844205e-01 -9.734319841887691949e-01
-1.422651195526123047e+01 5.061529159545898438e+01 4.251415252685546875e+00 8.406185567849348839e-02 -2.649778201331542404e-01 9.605833432125344684e-01
1.739413261413574219e+01 5.565219879150390625e+01 7.363314151763916016e+00 -1.009681484626747949e-01 -3.182091732167970921e-01 9.426284289563420238e-01
9.176527976989746094e+00 -1.205488395690917969e+01 -1.198380851745605469e+01 4.106327967854669359e-01 -6.131725042868036990e-01 6.748334507052795583e-01
3.655708312988281250e+01 4.624224472045898438e+01 3.391880989074707031e+00 2.643489993368264290e-01 3.439492701112928930e-01 -9.010097147864318812e-01
1.467042541503906250e+01 1.103634166717529297e+01 -8.711843490600585938e+00 -1.053136699261331306e-02 1.156865501369410375e-02 -9.998776207768833579e-01
-2.050754928588867188e+01 4.967267227172851562e+01 3.813077926635742188e+00 -4.632875667536646147e-01 -7.066864117512952626e-02 8.833858577348460139e-01
2.300365447998046875e+01 5.106648254394531250e+01 1.915658950805664062e+00 2.052486886946960354e-01 5.405535266623426871e-01 -8.158890001722122198e-01
-1.883211970329284668e+00 5.541203308105468750e+01 5.903152942657470703e+00 1.985526461434347981e-02 -4.891734007287004138e-01 8.719605223211729372e-01
1.575205612182617188e+01 7.149295806884765625e+01 8.056191444396972656e+00 9.607862802888669784e-02 1.819392018847953985e-01 -9.786046311220945038e-01
1.245565605163574219e+01 2.188213920593261719e+01 -3.314128875732421875e+00 -1.263852201775957432e-02 -1.112922583670590965e-01 9.937073517835953718e-01
-1.259672832489013672e+01 7.034832000732421875e+01 1.073248195648193359e+01 -4.001453858628767901e-01 -2.232448775653279871e-01 8.888449779424369979e-01
-1.469208908081054688e+01 6.123761177062988281e+00 -4.041779041290283203e+00 3.728666545127926751e-02 -1.598042524141322224e-02 9.991768264869976823e-01
6.890658855438232422e+00 7.540156841278076172e+00 -3.776060104370117188e+00 1.370961587055386788e-01 8.940768111832286813e-02 9.865145259068566208e-01
1.327420520782470703e+01 7.457847595214843750e+01 8.680359840393066406e+00 1.320420260907194110e-01 3.227177898374874454e-01 -9.372396339614886829e-01
6.539537906646728516e+00 4.290153026580810547e+00 -1.507349205017089844e+01 -5.316548120201756295e-02 -2.818595868120075953e-02 -9.981878497265830319e-01
-1.543828010559082031e+00 6.720828247070312500e+01 1.027093029022216797e+01 -4.249871450631199227e-02 -2.884388125016196791e-01 9.565547086852725922e-01
1.166797637939453125e+01 5.664262008666992188e+01 3.402653932571411133e+00 4.666260900300318176e-02 4.535773144411052171e-01 -8.899945060197997915e-01
-5.683300971984863281e+00 5.717224502563476562e+01 6.735373973846435547e+00 -1.732597971416266133e-02 -2.861573883089096881e-01 9.580259701820029727e-01
4.376273155212402344e+00 6.381528472900390625e+01 9.657402038574218750e+00 -5.609404111148781624e-02 -3.625073511203820154e-01 9.302912871436916920e-01
-2.330053091049194336e+00 1.032690525054931641e+01 -1.515720844268798828e+01 1.126051592169149962e-02 -1.807754583282229766e-01 -9.834599302703685986e-01
9.677105903625488281e+00 -8.294645309448242188e+00 -1.616593360900878906e+01 -4.704786736589255947e-02 4.601997248442979416e-02 -9.978319799990645889e-01
1.438142681121826172e+01 4.024669170379638672e+00 -1.581468677520751953e+01 9.971625399422187619e-02 9.194975303680011369e-02 -9.907582508391394871e-01
2.109054374694824219e+01 7.521520233154296875e+01 1.040059661865234375e+01 2.096857022601201215e-01 9.058826958154588826e-01 -3.679788685370359302e-01
3.553334426879882812e+01 6.264807128906250000e+01 1.245030593872070312e+01 -1.295189676320458727e-01 -1.188530284834380668e-01 9.844281561616592402e-01
3.613177061080932617e+00 5.930039215087890625e+01 7.614677906036376953e+00 -2.847423566995042898e-02 -3.250721251134293110e-01 9.452604568991822553e-01
-2.431914901733398438e+01 6.642820239067077637e-01 -7.782035827636718750e+00 -3.476191771267585495e-01 -8.417807408659950807e-01 -4.129964794048633370e-01
-1.334866333007812500e+01 4.629667282104492188e+01 2.543391942977905273e+00 8.019554871085533831e-02 -3.449974984823413471e-01 9.351713212069174830e-01
6.233040809631347656e+00 6.827931213378906250e+01 1.099840545654296875e+01 -3.140394616413191842e-02 -3.469907819325104281e-01 9.373426211472437597e-01
2.835552787780761719e+01 5.119692611694335938e+01 7.272100925445556641e+00 -1.460556809656092248e-01 -2.602891679099101907e-01 9.544198694109625736e-01
3.834615325927734375e+01 4.170054626464843750e+01 1.674409985542297363e+00 6.302762720996899493e-01 2.155077848829251574e-01 -7.458607212361920702e-01
-1.224728488922119141e+01 5.472342681884765625e+01 5.899453163146972656e+00 7.225983927557293185e-02 -4.037987818656765815e-01 9.119896158354349192e-01
-8.887183189392089844e+00 7.383422088623046875e+01 7.413917064666748047e+00 -3.633491295169450491e-02 3.095011507509081716e-01 -9.502046157458173825e-01
7.249917984008789062e+00 7.803910827636718750e+01 1.189041614532470703e+01 5.236123256012412130e-02 9.960164071044652623e-01 7.217768424864527688e-02
-3.214796066284179688e+01 1.639982223510742188e+01 -2.598506927490234375e+00 -7.260060469408589068e-01 5.508506056030748610e-01 4.116780661050976065e-01
1.099079966545104980e+00 1.723680496215820312e+01 -1.184155941009521484e+01 5.138153132394319977e-02 8.552854258083539829e-01 5.156033151935985881e-01
3.522181320190429688e+01 5.241697692871093750e+01 5.748348236083984375e+00 1.367293307064116059e-01 3.381047949654190643e-01 -9.311231055805502255e-01
4.105179977416992188e+01 5.416297149658203125e+01 7.131068229675292969e+00 1.310341883811758368e-01 1.501037438658317236e-01 -9.799484208634386961e-01
7.911025047302246094e+00 2.074798202514648438e+01 -8.263375282287597656e+00 -5.806521197629367984e-03 1.092182244311904332e-01 -9.940008369029069701e-01
4.252073669433593750e+01 4.913399887084960938e+01 6.093314170837402344e+00 1.997030818237182648e-01 2.793799338100519392e-01 -9.391834387883978286e-01
-9.533337593078613281e+00 5.500462722778320312e+01 1.895946979522705078e+00 4.237888093941839796e-02 5.756626998890682634e-01 -8.165883212529744251e-01
1.409617042541503906e+01 2.636985206604003906e+01 -7.336696147918701172e+00 1.369108094329322678e-01 2.269035385774732516e-01 -9.642459304769920303e-01
-2.430023956298828125e+01 2.369331741333007812e+01 -5.308286190032958984e+00 -6.223837690862482619e-01 6.208118143540204414e-01 4.766876704263126596e-01
1.099088668823242188e+01 6.024227523803710938e+01 8.502835273742675781e+00 -8.995571741259712761e-02 -3.543658889321855132e-01 9.307699961140167844e-01
2.307907485961914062e+01 4.318236160278320312e+01 2.980454921722412109e+00 -1.441474737551288743e-01 -3.650231247891037034e-01 9.197715065053998496e-01
1.289512038230895996e+00 3.504911804199218750e+01 -1.761469006538391113e+00 -2.243934257779363339e-02 -2.086137668746448903e-01 9.777406466824664077e-01
-4.526751995086669922e+00 7.649322509765625000e+01 1.486276340484619141e+01 -3.487368994780727649e-02 -3.358568056805902313e-01 9.412672478246837393e-01
-2.901285743713378906e+01 1.518548870086669922e+01 -7.579241752624511719e+00 -1.620787627058336566e-01 1.338427876472655931e-01 -9.776587251564602399e-01
1.569407176971435547e+01 5.100337982177734375e+00 -7.552329063415527344e+00 9.072795433377910390e-01 -2.449700064562210511e-01 -3.418091955720450326e-01
-1.626765966415405273e+00 -1.612427902221679688e+01 -1.524410343170166016e+01 -7.902004055107098024e-02 -8.551197286769238737e-01 -5.123729918904890157e-01
1.212240123748779297e+01 7.226969146728515625e+01 1.214670753479003906e+01 -1.264952998687416119e-01 -2.795303480921865757e-01 9.517676836321865563e-01
-9.055835723876953125e+00 7.757783889770507812e+00 -1.531238746643066406e+01 1.280097992116530081e-01 -7.946915984599148275e-02 -9.885839083958247731e-01
-1.481431293487548828e+01 -1.976750016212463379e+00 -4.409761905670166016e+00 -2.599370242087738481e-01 -6.236844159509666863e-01 7.371909472757982584e-01
-8.678821563720703125e+00 4.146392822265625000e+01 4.991309940814971924e-01 6.868748780509596752e-02 -3.933162190522397905e-01 9.168338894529779459e-01
1.414302730560302734e+01 5.330043411254882812e+01 5.840572834014892578e+00 -1.462120940343890341e-01 -5.009884052409406818e-01 8.530138576671646433e-01
2.087994766235351562e+01 4.378069305419921875e+01 -1.999697923660278320e+00 1.319908883950637879e-01 2.691620081374609397e-01 -9.540074521491388460e-01
1.079260444641113281e+01 -4.627959251403808594e+00 -1.590845680236816406e+01 -1.463171104981176029e-01 1.023764089622506146e-01 -9.839260002985363851e-01
2.902988433837890625e+01 7.125952148437500000e+01 1.562798881530761719e+01 -2.957828078396166904e-01 2.316086815213344932e-02 9.549744000615681960e-01
3.995129776000976562e+01 4.888629913330078125e+01 9.023030281066894531e+00 -2.141997057546566052e-01 -4.467900678525036917e-01 8.686179374863114422e-01
3.368848419189453125e+01 3.676025390625000000e+01 -1.913409948348999023e+00 1.522728626095085636e-01 1.963526856140601073e-01 -9.686374957458810941e-01
1.595677018165588379e+00 5.170854187011718750e+01 -5.860990285873413086e-01 4.015878408496681429e-03 5.831598533385636829e-01 -8.123474984110881092e-01
-1.719015502929687500e+01 1.168387317657470703e+01 -3.928739070892333984e+00 5.968692529780934841e-02 2.539047998607286277e-03 9.982139170457174915e-01
-3.821233034133911133e+00 -9.096849441528320312e+00 -1.559316253662109375e+01 4.485261816496546525e-03 2.590033266048700211e-01 -9.658660151563716045e-01
2.485253334045410156e+01 7.430522918701171875e+01 1.126079940795898438e+01 3.034140733008290902e-01 9.406475881778060266e-01 -1.520592482497392928e-01
2.690917205810546875e+01 7.167012786865234375e+01 9.221588134765625000e+00 1.670402377397202376e-01 4.212778362768107021e-01 -8.914160328588366378e-01
3.539505004882812500e+00 -7.151239871978759766e+00 -1.539072990417480469e+01 -1.027099099200830118e-01 1.671952883851853255e-01 -9.805592332674263334e-01
8.015522956848144531e+00 5.646223831176757812e+01 6.840095996856689453e+00 -6.396210829573661938e-02 -4.016936135918988682e-01 9.135376782059110301e-01
-1.160531997680664062e+01 5.775566864013671875e+01 3.529072999954223633e+00 -4.353246837470646502e-02 4.818228925206777813e-01 -8.751866226355453637e-01
-4.050206184387207031e+00 4.048409652709960938e+01 -4.115099832415580750e-02 -1.784510524583335714e-02 -3.137656675381762517e-01 9.493327436115788220e-01
4.584484481811523438e+01 6.080080413818359375e+01 8.895200729370117188e+00 2.958341852760015267e-01 2.787927020930512367e-01 -9.136502416580097874e-01
8.603763580322265625e+00 3.701266098022460938e+01 -8.568609952926635742e-01 -6.220098313026179576e-02 -3.514265407160339083e-01 9.341468964664981778e-01
-1.403595161437988281e+01 -1.117670014500617981e-01 -1.579855728149414062e+01 4.756077371117187202e-02 5.113599712526462754e-02 -9.975585609887770433e-01
4.840822219848632812e+00 3.577403259277343750e+01 -5.906828880310058594e+00 7.853744602015350074e-03 2.079584602565942297e-01 -9.781061279347106341e-01
2.642056274414062500e+01 5.794980239868164062e+01 9.904452323913574219e+00 -2.270330817107216459e-01 -4.455229417738584830e-01 8.660053626635922930e-01
1.851370620727539062e+01 3.828919982910156250e+01 5.718250274658203125e-01 -1.234258483765765663e-01 -3.308533492992614122e-01 9.355758233355452314e-01
1.001564598083496094e+01 6.747944641113281250e+01 7.049513816833496094e+00 3.536037829836536500e-02 1.454771822758360866e-01 -9.887295045075168431e-01
-6.012866020202636719e+00 6.777790069580078125e+00 -3.964504003524780273e+00 2.483310279345703198e-02 -2.028376312648677918e-02 9.994858107842642392e-01
5.182233047485351562e+01 5.431806182861328125e+01 1.360016441345214844e+01 -5.966994733346860924e-01 -7.245006955789741188e-01 3.450340282170601403e-01
1.144557285308837891e+01 1.839002013206481934e+00 -4.091013908386230469e+00 8.189255691340609211e-02 -1.041249382991354944e-01 9.911869684102921907e-01
-1.247810554504394531e+01 2.173939514160156250e+01 -8.409339904785156250e+00 -2.526919516882822694e-02 1.088167006976143852e-01 -9.937406067102246832e-01
1.877361059188842773e+00 3.985635995864868164e+00 -1.512310981750488281e+01 9.132869910914298561e-02 1.692836646396510270e-01 -9.813267089023929302e-01
4.522364139556884766e+00 4.661586761474609375e+00 -3.520796060562133789e+00 5.866063608027142356e-02 3.992763547153924814e-02 9.974791795823659823e-01
1.047573661804199219e+01 5.138619232177734375e+01 -2.430279999971389771e-01 5.899319655449741795e-02 5.541967854473784927e-01 -8.302925543205085246e-01
-1.435070133209228516e+01 6.126559829711914062e+01 8.227183341979980469e+00 -6.238753681576245658e-01 3.381245888259758470e-01 7.045929941728440449e-01
1.922659301757812500e+01 5.507047271728515625e+01 3.656749963760375977e+00 1.470832963110661196e-01 4.327128256853378097e-01 -8.894527050010481162e-01
2.586051177978515625e+01 7.331813049316406250e+01 1.522501945495605469e+01 2.958814142644089484e-01 7.117706096588278797e-01 6.370532065053858828e-01
-1.071232986450195312e+01 -1.240594387054443359e+01 -1.327892684936523438e+01 -5.898509154616151662e-01 -7.700238330138226006e-01 2.431855137951170753e-01
2.116048622131347656e+01 1.302297401428222656e+01 -7.071714878082275391e+00 6.236352251312453632e-01 -6.074536590097091571e-01 -4.920154043637425256e-01
7.332308769226074219e+00 4.972993087768554688e+01 -1.457284927368164062e+00 -1.270704053975416905e-03 3.994242233214773674e-01 -9.167653326425698745e-01
-8.679224967956542969e+00 -3.621296882629394531e+00 -1.519670104980468750e+01 1.641498925768691552e-01 1.062682771129094400e-01 -9.806945834695204312e-01
2.217458009719848633e+00 7.624738311767578125e+01 1.493322658538818359e+01 2.336041738513046015e-02 -5.109514759716259347e-01 8.592920807862768351e-01
-1.618463897705078125e+01 8.674318313598632812e+00 -8.875107765197753906e+00 3.761606751026939921e-02 -3.479149853279048937e-02 -9.986864288128209921e-01
-1.755521583557128906e+01 3.789791107177734375e+00 -3.894077062606811523e+00 5.484413261668629608e-02 -1.533032221212507311e-02 9.983772344852399616e-01
-1.600937461853027344e+01 -3.289752960205078125e+00 -1.509558582305908203e+01 -6.913671522540685288e-01 -1.505969045031903819e-01 -7.066342994351156870e-01
-1.072415351867675781e+01 -6.830444812774658203e+00 -1.584825229644775391e+01 1.493665559860693770e-01 9.937739419634471216e-02 -9.837752616708781428e-01
1.843844795227050781e+01 4.741625595092773438e+01 3.993705987930297852e+00 -2.253563805907466411e-01 -3.837011053082838297e-01 8.955378068581134610e-01
2.964082717895507812e+01 6.415537261962890625e+01 7.753677845001220703e+00 8.044426562899995026e-02 2.365270403152361922e-01 -9.682890474063649000e-01
-9.203306198120117188e+00 2.899572563171386719e+01 -2.789997100830078125e+00 2.313008676296575764e-02 -1.659428047044943788e-01 9.858640802124518654e-01
-1.575238800048828125e+01 -2.483294010162353516e+00 -1.112374973297119141e+01 -6.681063272833532851e-01 -1.373065140091781489e-01 7.312871232659550191e-01
2.588146209716796875e+01 4.763265609741210938e+01 5.237729072570800781e+00 -7.905990754910878493e-02 -2.832750061222897853e-01 9.557744513873255299e-01
9.832056045532226562e+00 4.455637741088867188e+01 -3.031409025192260742e+00 1.086730754959552708e-01 3.117404731696080122e-01 -9.439322221697060700e-01
-1.788290023803710938e+01 4.807929992675781250e+01 -1.098655939102172852e+00 -1.453626210358926751e-01 5.308537391324236188e-01 -8.349035968629554549e-01
-1.333952903747558594e+01 6.478520202636718750e+01 9.284970283508300781e+00 -6.919192394580392369e-01 -9.682740867036862542e-02 7.154524575385774465e-01
6.229658126831054688e+00 4.303181076049804688e+01 1.147549986839294434e+00 -9.262422133136752334e-02 -4.089750458961344814e-01 9.078326748123866086e-01
3.403932094573974609e+00 2.862657737731933594e+01 -7.511876106262207031e+00 5.505827412096257756e-02 1.501035751346620206e-01 -9.871360104780970701e-01
2.295479393005371094e+01 4.060655975341796875e+01 -2.654947996139526367e+00 1.592906922719408425e-01 3.222655313516232800e-01 -9.331513289162597369e-01
7.791059970855712891e+00 1.577988433837890625e+01 -1.277982234954833984e+01 4.804964245572729276e-01 8.499481428913686631e-01 2.161280647745463523e-01
2.856478691101074219e+01 5.651824951171875000e+01 6.013141155242919922e+00 1.205455315542311029e-01 2.794093287010266935e-01 -9.525750373892597489e-01
3.325874328613281250e+01 7.107308197021484375e+01 1.285609722137451172e+01 3.693191835862593142e-01 9.209892077432724200e-01 1.240250775270800992e-01
3.120202827453613281e+01 2.980447196960449219e+01 -3.234486103057861328e+00 8.249067818696520504e-01 -5.479054277922940086e-01 1.390267723181322079e-01
-4.692091941833496094e+00 4.219697952270507812e+01 -4.382153034210205078e+00 -3.645039317782045041e-02 3.356018480966138084e-01 -9.412984480977961699e-01
2.092205619812011719e+01 6.285387802124023438e+01 1.069465065002441406e+01 -8.995631812063163701e-02 -2.086123488891516997e-01 9.738525292471804651e-01
2.303977012634277344e+00 7.080152893066406250e+01 1.139540958404541016e+01 -2.702653954521931981e-02 -1.607322923197095632e-01 9.866279422182722136e-01
3.577730178833007812e+01 5.982682037353515625e+01 7.522606849670410156e+00 3.487659643031429391e-02 1.555038997802727918e-01 -9.872194083255068087e-01
-9.581664085388183594e+00 4.873773574829101562e+01 -1.892890930175781250e+00 -6.561112904190370167e-03 4.437857195606158545e-01 -8.961089146479488399e-01
-2.971207237243652344e+01 1.926277732849121094e+01 -6.150306224822998047e+00 -4.851606959848343004e-01 7.859091784899353561e-01 3.833612685663304598e-01
1.999130964279174805e+00 2.827861404418945312e+01 -2.786221981048583984e+00 -4.165908714983646011e-02 -1.970827064652849736e-01 9.795013666504812644e-01
-1.737701416015625000e+01 1.634617424011230469e+01 -8.643555641174316406e+00 -7.375807624933247708e-02 2.078301743373415014e-02 -9.970595831615816085e-01
-4.647108078002929688e+00 6.908110046386718750e+01 6.588177204132080078e+00 7.504476069655853510e-02 1.917559568869475761e-01 -9.785693316727063218e-01
2.771759986877441406e+01 2.342309951782226562e+01 -3.073667049407958984e+00 8.623389824965497219e-01 -4.971056364885265699e-01 9.621572344555805179e-02
3.242409133911132812e+01 3.301808929443359375e+01 9.834060072898864746e-01 9.420182116876838485e-01 -2.773038454968201894e-01 1.889557252940851917e-01
-4.291079938411712646e-01 5.678531265258789062e+01 2.768103122711181641e+00 -1.274757553395283651e-03 5.158603004415811544e-01 -8.566717722800848422e-01
2.122740000486373901e-01 1.822630119323730469e+01 -4.103452205657958984e+00 -4.596385178689135070e-02 -1.377056681211666911e-01 9.894061215174564383e-01
-1.214621353149414062e+01 -5.068744182586669922e+00 -6.333402156829833984e+00 -2.903934981237049073e-01 -7.469666617052261870e-01 5.980906474343399282e-01
-2.427477073669433594e+01 1.316692638397216797e+01 -3.201149940490722656e+00 1.248428224359777183e-01 3.051709094436050318e-02 9.917071023475190206e-01
-1.946498489379882812e+01 4.590863800048828125e+01 1.621173977851867676e+00 -7.430448957551843980e-01 -5.900993267984858681e-01 -3.157009144810019041e-01
-2.287867546081542969e+01 1.212627983093261719e+01 -8.386327743530273438e+00 -7.611940886360091252e-02 1.150006763254248915e-01 -9.904446880260152630e-01
1.940671730041503906e+01 7.215496826171875000e+01 8.418043136596679688e+00 8.910019727537397960e-02 1.917989084546384282e-01 -9.773813654664684769e-01
4.926970672607421875e+01 6.075364303588867188e+01 1.492346096038818359e+01 5.616500938164822321e-01 7.847528782956066928e-01 2.621299145894979699e-01
-7.797727108001708984e+00 1.391335201263427734e+01 -1.057446479797363281e+01 -3.499236519966902326e-01 5.656106869929240499e-01 7.467516243924023911e-01
-6.834931850433349609e+00 -9.855905532836914062e+00 -4.855618953704833984e+00 -3.705349376953253060e-01 -6.051931831784254090e-01 7.045885827782665256e-01
3.572221374511718750e+01 6.614765930175781250e+01 8.716648101806640625e+00 1.915626975687294287e-01 1.886346413844647574e-01 -9.631825917083145505e-01
8.957780003547668457e-01 -2.562510073184967041e-01 -1.557301235198974609e+01 6.246856199946385080e-02 -1.997724266504850854e-01 -9.778489946366440977e-01
-1.047485542297363281e+01 6.614944458007812500e+01 5.979928016662597656e+00 -1.135537579241386458e-03 1.057581316284912087e-01 -9.943912349517451954e-01
2.693062210083007812e+01 2.872314453125000000e+01 -7.314580082893371582e-01 -1.737249778171301162e-01 -2.471012768738019560e-01 9.532893532657198410e-01
4.123922824859619141e+00 1.176319217681884766e+01 -3.891069889068603516e+00 3.554079257972581063e-02 2.668618380887053873e-02 9.990118616195325929e-01
1.560139656066894531e+01 -3.449949920177459717e-01 -1.098205184936523438e+01 6.763927621307643800e-01 -1.243288887081060445e-01 7.259718718860411757e-01
1.943761634826660156e+01 1.995470809936523438e+01 -7.873372077941894531e+00 3.802654117878424139e-02 1.398529146377715804e-01 -9.894418347903519706e-01
1.257528400421142578e+01 5.975255203247070312e+01 5.225594043731689453e+00 4.580191041762377013e-02 4.621359555463961377e-01 -8.856255097914215169e-01
7.981739997863769531e+00 5.098558425903320312e+01 4.439126014709472656e+00 -6.274539595322732588e-02 -4.410954816261962730e-01 8.952640902971742420e-01
2.990948915481567383e+00 6.956116485595703125e+01 7.063230991363525391e+00 5.312327095765130569e-02 1.512449528168950397e-01 -9.870678205321936627e-01
1.031805229187011719e+01 1.415789413452148438e+01 -8.515789031982421875e+00 -2.304363814051650639e-02 -4.021788696890851722e-02 -9.989251785339104961e-01
-4.696948051452636719e+00 -1.325030708312988281e+01 -1.071686077117919922e+01 -2.304316983157730925e-01 -6.082024608291801693e-01 7.595992358162547697e-01
4.434738922119140625e+01 5.227914047241210938e+01 1.119627857208251953e+01 -1.976043707685169459e-01 -2.460610251399111270e-01 9.488975100400858231e-01
2.538173866271972656e+01 3.412017059326171875e+01 -4.063661098480224609e+00 1.594077039830550935e-01 1.926314874779507524e-01 -9.682366931401034105e-01
2.677500534057617188e+01 4.063078689575195312e+01 -2.006056070327758789e+00 1.481108626471614176e-01 2.703762040118102283e-01 -9.512937930366609507e-01
4.938940048217773438e+00 -1.400537776947021484e+01 -1.620411300659179688e+01 9.060236513393939151e-02 -3.314447638688767239e-01 -9.391142528659869315e-01
3.728720092773437500e+01 6.910279846191406250e+01 1.323210239410400391e+01 4.528811290959366964e-01 8.798023095222642365e-01 1.443834445775538100e-01
-8.349177360534667969e+00 6.896820068359375000e+01 1.058520889282226562e+01 -4.455175126562280902e-02 -2.736849547745263123e-01 9.607870143737538005e-01
3.874078750610351562e+01 4.464870452880859375e+01 6.996578216552734375e+00 -1.562702089182455845e-01 -3.332881681744314650e-01 9.297841785917738688e-01
-1.383436679840087891e+01 6.040144729614257812e+01 4.815049171447753906e+00 5.688655625154113299e-02 2.124535310385702869e-01 -9.755139244865157488e-01
2.095873069763183594e+01 1.675809860229492188e+01 -3.492527008056640625e+00 -4.476937875735328976e-02 -1.281503292556103735e-01 9.907437589192068517e-01
-8.025500178337097168e-01 -1.080729770660400391e+01 -4.861846923828125000e+00 1.421743124906380169e-02 -1.698233999949975703e-01 9.853719487903120910e-01
4.724441146850585938e+01 5.136577987670898438e+01 9.212667465209960938e+00 5.688389870783489011e-01 -8.189862005013630597e-01 -7.539104832816051482e-02
-7.773481845855712891e+00 5.107093811035156250e+01 4.189403057098388672e+00 -1.348737003810899539e-02 -3.130586526900834277e-01 9.496380209455205224e-01
3.048743820190429688e+01 5.061109924316406250e+01 3.734511852264404297e+00 1.803447864608417051e-01 4.052592233715644476e-01 -8.962369775169231056e-01
5.321504974365234375e+01 5.676519012451171875e+01 1.574337863922119141e+01 5.279167071951041956e-01 5.746445632747767540e-01 6.253699514391619640e-01
1.219884991645812988e+00 1.663139152526855469e+01 -1.535818481445312500e+01 3.222555179829166006e-02 4.792978847361106798e-01 -8.770604605720094815e-01
3.681477355957031250e+01 5.047617340087890625e+01 8.800958633422851562e+00 -2.410726871491774559e-01 -3.887823107333146511e-01 8.892312828345274589e-01
-1.992242050170898438e+01 1.774196052551269531e+01 -3.370695114135742188e+00 1.035533295484972471e-01 -3.349795787167079986e-02 9.940596535207775197e-01
-1.056384277343750000e+01 -3.355869948863983154e-01 -1.530034923553466797e+01 1.983909155206629860e-01 4.888254321106262623e-02 -9.789032340369969720e-01
-5.070857048034667969e+00 1.314523887634277344e+01 -4.259939193725585938e+00 -2.875580954356048158e-02 2.126362128218656916e-02 9.993602762905190451e-01
1.398868274688720703e+01 9.370828628540039062e+00 -1.175295829772949219e+01 7.851222567323391521e-01 4.488282745119903105e-01 4.267742049164974238e-01
-3.909548044204711914e+00 3.017670822143554688e+01 -7.358073234558105469e+00 -8.998214416062760845e-02 2.218757774194713150e-01 -9.709141842236940212e-01
-2.314040064811706543e-01 7.426757812500000000e+01 7.750666141510009766e+00 1.905246887431067543e-02 2.778424148912839176e-01 -9.604377105867788478e-01
3.810902786254882812e+01 5.907408523559570312e+01 1.215624809265136719e+01 -1.214880286059185771e-01 -1.290166438265094584e-01 9.841724262146297475e-01
-5.472400188446044922e-01 4.097878265380859375e+01 1.234399974346160889e-01 2.602036159335532894e-02 -2.802051575369862713e-01 9.595874167954808742e-01
-9.930305480957031250e+00 3.606471633911132812e+01 -2.330225944519042969e+00 -7.671623305658852310e-01 -6.391921691774279379e-01 -5.380826537785404068e-02
3.343126296997070312e+01 4.019253540039062500e+01 -1.012678980827331543e+00 2.016495551935206521e-01 2.995898877039016028e-01 -9.325145339756474305e-01
-1.974077939987182617e+00 1.598613834381103516e+01 -1.072760295867919922e+01 -7.626634823137015684e-02 6.060941048681796062e-01 7.917280973740236094e-01
-6.247684001922607422e+00 -6.290311813354492188e+00 -4.395987987518310547e+00 2.064640895864302758e-02 -1.118497200140219916e-01 9.935106269838773763e-01
2.803556823730468750e+01 4.432023239135742188e+01 -5.226240158081054688e-01 2.643869789349713173e-01 4.860005736366798113e-01 -8.330083839880948471e-01
-3.165461158752441406e+01 1.257837390899658203e+01 -2.444093942642211914e+00 2.406757959150439830e-01 -4.108187578971663617e-02 9.697357582054290104e-01
1.919342613220214844e+01 7.343825531005859375e+01 1.520734310150146484e+01 -2.419956227115432346e-01 -7.000495461303288813e-01 6.718398258150323210e-01
-1.024498081207275391e+01 6.212438964843750000e+01 5.239414215087890625e+00 1.774584206673309947e-02 2.078105753434418557e-01 -9.780081031692785531e-01
8.068407058715820312e+00 2.736290097236633301e-01 -3.957315921783447266e+00 5.684437995676960842e-02 -7.990713970145771339e-02 9.951801673526567971e-01
5.586254119873046875e+00 5.996981811523437500e+01 4.770864009857177734e+00 8.157487939966995283e-02 5.338191522456093852e-01 -8.416547105236851234e-01
3.171119308471679688e+01 6.073791503906250000e+01 1.154654598236083984e+01 -1.265646010332293070e-01 -3.904362042766648111e-01 9.118886840811929462e-01
8.311113357543945312e+00 7.172911834716796875e+01 7.765026092529296875e+00 1.433054117474028520e-02 1.227342755703642180e-01 -9.923360989049311298e-01
-2.518527984619140625e+00 2.344478034973144531e+01 -3.641283988952636719e+00 -6.304880777305409134e-02 -1.325351061272843911e-01 9.891710132642514974e-01
6.373373031616210938e+00 -9.344626426696777344e+00 -1.610191917419433594e+01 -1.129472200096571788e-01 1.366416063852678997e-01 -9.841605544302939323e-01
-2.833591461181640625e+01 2.665961980819702148e+00 -4.197143077850341797e+00 -5.421039077687798136e-01 -8.314093554956200061e-01 1.219911340064343541e-01
5.787303924560546875e+00 3.974021148681640625e+01 -3.328299894928932190e-02 -8.699322766060169076e-02 -3.141276129011661422e-01 9.453867045575613526e-01
3.944507217407226562e+01 4.772285079956054688e+01 4.916975021362304688e+00 2.443558497832606369e-01 3.767205396191203315e-01 -8.935165659940387251e-01
1.093073272705078125e+01 -3.295085906982421875e+00 -7.269158840179443359e+00 5.242757614351060136e-01 -5.966341468038626195e-01 6.075875417084083407e-01
-1.642084503173828125e+01 2.685419082641601562e+00 -1.165364646911621094e+01 -8.332351416536883937e-01 5.772426113774430101e-02 5.498973616862143921e-01
-1.688611221313476562e+01 5.525912857055664062e+01 2.693315029144287109e+00 -8.442973730333262761e-02 3.742551117188364640e-01 -9.234742718729155309e-01
2.233658599853515625e+01 6.058647155761718750e+01 6.492498874664306641e+00 1.075366618358584297e-01 2.552543884051802769e-01 -9.608751550337315539e-01
4.085436630249023438e+01 6.399672698974609375e+01 1.570040512084960938e+01 -4.179788711126433687e-01 -5.778887834928059242e-01 7.009552176969688908e-01
-1.710153007507324219e+01 -7.097089886665344238e-01 -8.426475524902343750e+00 -1.675789672312090195e-01 2.230741193846300444e-02 -9.856062444578611581e-01
-1.413178253173828125e+01 -6.445242881774902344e+00 -1.566722965240478516e+01 -3.654367961586347802e-01 -1.999287482840689800e-01 -9.091118982957365757e-01
-9.609421730041503906e+00 2.242704010009765625e+01 -3.556499004364013672e+00 8.589068955490097856e-02 -8.437655722650359846e-02 9.927252318936927722e-01
4.559130072593688965e-01 6.304111099243164062e+01 5.711763858795166016e+00 5.015071439021680233e-02 2.038991147810520488e-01 -9.777065289940813919e-01
5.248497962951660156e+00 -8.625695228576660156e+00 -6.657813072204589844e+00 5.802980842537409645e-01 -6.908204194067760762e-01 4.313018450483188104e-01
1.670202064514160156e+01 1.148821735382080078e+01 -4.218307018280029297e+00 -8.276154463426711738e-02 -1.664088293162192533e-01 9.825775431259130555e-01
1.146487331390380859e+01 1.304102134704589844e+01 -1.403021621704101562e+01 6.843740198005023867e-01 6.848391234465900368e-01 -2.502550219656090036e-01
-2.337636184692382812e+01 6.297132015228271484e+00 -3.344980001449584961e+00 1.031037648608639640e-01 1.112921646986459248e-02 9.946083421187873475e-01
1.323261451721191406e+01 4.578819656372070312e+01 -2.319834947586059570e+00 5.700524643520223783e-02 2.909028300089545049e-01 -9.550528495175768517e-01
-2.485028266906738281e+01 2.139665031433105469e+01 -2.753277063369750977e+00 -2.869861360893769531e-01 3.339566669855374981e-01 8.978373473343600475e-01
-1.878996276855468750e+01 1.253808212280273438e+01 -8.739912033081054688e+00 -1.075755611795701783e-01 4.966572908555630383e-02 -9.929555951759880816e-01
1.141947555541992188e+01 5.634896087646484375e+01 7.066442012786865234e+00 -1.174666260799362288e-01 -3.361374902980173718e-01 9.344587627999143553e-01
-2.649623870849609375e+00 -5.184134960174560547e+00 -4.265659809112548828e+00 -5.149850138769246355e-02 -5.790821324226755329e-02 9.969927498201327509e-01
-1.491712474822998047e+01 2.808290481567382812e+01 -7.470273017883300781e+00 -9.806718703794620184e-02 1.358036586585854300e-01 -9.858702719533675163e-01
-2.871109008789062500e+00 2.553117561340332031e+01 -8.087392807006835938e+00 5.393809242073083210e-02 3.937769696569057981e-02 -9.977675476621249429e-01
4.480088233947753906e+00 1.569120502471923828e+01 -1.072851943969726562e+01 2.480813480722067477e-01 6.467096792744274625e-01 7.212643312069741963e-01
-3.815716981887817383e+00 -5.693639755249023438e+00 -1.501607799530029297e+01 -1.648415453605072967e-01 2.342185381616424325e-02 -9.860419269417370902e-01
-5.165809154510498047e+00 1.736932945251464844e+01 -4.152463912963867188e+00 3.388534865343638403e-02 -1.240953593147114398e-01 9.916915472782793506e-01
-1.671637344360351562e+01 2.794571495056152344e+01 -2.763128995895385742e+00 -3.039468795985249550e-01 5.682144853579806920e-01 7.646885594879034853e-01
1.229076480865478516e+01 4.182889175415039062e+01 1.119353055953979492e+00 -6.858807397942771888e-02 -4.330106047561179672e-01 8.987755516682314205e-01
1.479922771453857422e+01 6.699493408203125000e+01 1.121249389648437500e+01 -1.135826250450294589e-01 -3.378880815047000108e-01 9.343075680229468993e-01
1.549511241912841797e+01 3.692543029785156250e+01 -1.207730025053024292e-01 -1.188576328851508046e-01 -2.897605391073793113e-01 9.496903143031099059e-01
1.595224189758300781e+01 3.263442611694335938e+01 -5.758565902709960938e+00 1.194189920402727728e-01 3.486108227462085818e-01 -9.296287423505670278e-01
2.787896537780761719e+01 3.328805160522460938e+01 5.954189896583557129e-01 -1.955371844290554328e-01 -2.938448220233369490e-01 9.356390490331358833e-01
2.746284103393554688e+01 5.370611190795898438e+01 4.503110885620117188e+00 2.179447158426219555e-01 4.223362003786412799e-01 -8.798478474634185975e-01
1.254800987243652344e+01 3.269472885131835938e+01 -1.606802940368652344e+00 -9.340441169906132934e-02 -1.875067390927173949e-01 9.778122716912320822e-01
-1.432296752929687500e+01 1.745525741577148438e+01 -3.820806026458740234e+00 5.798964835405627516e-02 -8.799472738364856605e-02 9.944315605593228025e-01
1.747848129272460938e+01 6.503830718994140625e+01 7.118816852569580078e+00 9.005316920453712570e-02 1.594821011968014235e-01 -9.830848824562771204e-01
-2.573965454101562500e+01 5.727228164672851562e+00 -8.199817657470703125e+00 -1.195794823273668844e-01 -4.197518325249191551e-02 -9.919369089802226869e-01
1.021931838989257812e+01 5.422955322265625000e+01 1.566163063049316406e+00 1.160428393546035913e-01 5.568838896796295401e-01 -8.224441578914691853e-01
1.925754928588867188e+01 3.173649215698242188e+01 -5.539971828460693359e+00 1.032290496463414003e-01 2.810610407964124757e-01 -9.541218238021551556e-01
1.457158088684082031e+01 -6.579401016235351562e+00 -1.233100414276123047e+01 7.716352273989404154e-01 -3.645692065276521787e-01 5.212181592085828319e-01
-5.338780879974365234e+00 -1.308060359954833984e+01 -1.609807586669921875e+01 -1.000289043283786178e-01 -1.141718876368498226e-01 -9.884123625149083825e-01
1.621041679382324219e+01 5.893515014648437500e+01 5.245040893554687500e+00 1.414669221119703169e-01 4.702046809795784599e-01 -8.711456066198454140e-01
-2.225191116333007812e+01 7.056670188903808594e-01 -5.112178802490234375e+00 8.885117624349305743e-01 -4.505430896932534068e-01 -8.693544929676511046e-02
9.794139862060546875e-01 -1.240308761596679688e+01 -7.219593048095703125e+00 5.145889905169844791e-01 -6.758017565837878271e-01 5.277216658779300129e-01
1.641500091552734375e+01 8.143751144409179688e+00 -8.776520729064941406e+00 3.501406101063668230e-01 -1.868991298480645047e-01 -9.178617915657985016e-01
6.101874828338623047e+00 1.681158447265625000e+01 -4.185004234313964844e+00 -5.134907114370133863e-02 -6.924311169856635362e-02 9.962774033244852223e-01
-1.234631919860839844e+01 -9.717738151550292969e+00 -1.175159358978271484e+01 -5.530886406250119514e-01 -5.562411259733549551e-01 6.202328315942897685e-01
2.437290573120117188e+01 6.276968383789062500e+01 1.105673694610595703e+01 -1.148162287116667596e-01 -2.634947787604638436e-01 9.578035994870788272e-01
3.674319982528686523e-01 -7.681254863739013672e+00 -4.529104232788085938e+00 5.700673663495910842e-03 2.604150147232685199e-03 9.999803601680350429e-01
1.168223857879638672e+01 6.323376083374023438e+01 9.965191841125488281e+00 -1.093213837288417867e-01 -2.862841434634901261e-01 9.518877162044834250e-01
-1.531912326812744141e+01 8.228574752807617188e+00 -1.385015487670898438e+01 -8.650481861243979331e-01 4.325526280985391714e-01 -2.541453513404006159e-01
-8.130332946777343750e+00 1.695746231079101562e+01 -8.767709732055664062e+00 2.805296153742947371e-02 3.170612120129111255e-02 -9.991034747348987999e-01
3.098012924194335938e+00 4.274876022338867188e+01 -4.085011005401611328e+00 3.111627222682349439e-02 2.589655102442802170e-01 -9.653852298987309899e-01
-1.061809921264648438e+01 1.723630905151367188e+01 -4.070902824401855469e+00 2.101932228347103138e-02 -2.035356439911939833e-02 9.995718686052516011e-01
-4.945804119110107422e+00 2.545351982116699219e+00 -1.478557777404785156e+01 -5.857418207920358361e-02 4.122294945455723392e-02 -9.974315683955562450e-01
-1.864094161987304688e+01 2.745493698120117188e+01 -7.290927886962890625e+00 -2.239759422691129081e-03 3.123051024093978500e-01 -9.499792137130075309e-01
6.211083889007568359e+00 4.674158096313476562e+01 -2.531189918518066406e+00 7.297062633053247316e-02 3.190523441127894322e-01 -9.449237479336964896e-01
4.312103652954101562e+01 6.179317474365234375e+01 1.473089122772216797e+01 -4.488064211500362721e-01 -7.257823177532368719e-01 5.213567143244975943e-01
2.534197998046875000e+01 2.119513130187988281e+01 -2.506425857543945312e+00 7.441752298889232897e-02 -1.598937854285664428e-01 9.843251544350174465e-01
1.341340065002441406e+00 5.435371017456054688e+01 5.428452014923095703e+00 -2.370156231275359626e-02 -4.225764167179184017e-01 9.060173331552652254e-01
3.238584899902343750e+01 6.729091644287109375e+01 1.329877185821533203e+01 -3.367273404859365549e-01 -7.265772554687321971e-01 5.989158455115315416e-01
1.255531978607177734e+01 2.058932685852050781e+01 -8.145529747009277344e+00 5.217843640567874919e-02 1.100915863938610878e-01 -9.925508820103590146e-01
7.598467826843261719e+00 1.640587425231933594e+01 -8.503346443176269531e+00 -4.411058510040199998e-03 -2.577361919397791468e-02 -9.996580731012303378e-01
-1.750771141052246094e+01 5.084721374511718750e+01 4.539515972137451172e+00 3.395977799623788734e-02 -3.285174693054729311e-01 9.438871785544995507e-01
-3.723069763183593750e+01 1.102573966979980469e+01 -2.144815921783447266e+00 -7.960769489138403987e-01 3.734050572298064363e-01 4.762668943389157250e-01
-3.303210067749023438e+01 6.345345973968505859e+00 -2.288327932357788086e+00 7.247478853024799141e-03 -1.801208003371664590e-01 9.836177973868577284e-01
-3.164972114562988281e+01 6.018683910369873047e+00 -7.378441810607910156e+00 -2.060137671336035314e-01 -4.760965201870841906e-02 -9.773902233939517625e-01
-1.476148891448974609e+01 5.666988372802734375e+01 6.680745124816894531e+00 5.539020231752546375e-02 -3.508901961949082993e-01 9.347769764502774636e-01
1.809721183776855469e+01 1.388616943359375000e+01 -8.513912200927734375e+00 -2.575049168592742632e-02 2.044190647705335442e-02 -9.994593741806199194e-01
8.888710021972656250e+00 1.116469860076904297e+01 -8.733177185058593750e+00 4.031739973401432531e-01 5.189028318924582273e-01 -7.537841726401246500e-01
8.788270950317382812e+00 2.811120223999023438e+01 -2.700216054916381836e+00 -6.185275380325592348e-02 -1.353901303619834962e-01 9.888598229514227178e-01
-1.242393302917480469e+01 8.378746986389160156e+00 -8.823960304260253906e+00 -4.477038995457393034e-01 3.518891385422835416e-01 -8.220311749000205337e-01
-1.331932258605957031e+01 6.229925155639648438e+00 -1.564468765258789062e+01 -3.108612163267576028e-02 5.236323544957022236e-02 -9.981441502183396874e-01
-7.175519943237304688e+00 2.639360809326171875e+01 -3.099062919616699219e+00 -4.081754360344261312e-02 -1.125603216342268564e-01 9.928061755084829354e-01
8.827169418334960938e+00 4.162931823730468750e+01 -4.094526767730712891e+00 1.088822659641940221e-01 2.589907097935344460e-01 -9.597231186124171032e-01
2.165398597717285156e+01 3.190336227416992188e+01 -7.711870074272155762e-01 -1.468079056643773195e-01 -2.784963393995944503e-01 9.491507929594039661e-01
-3.000369071960449219e+00 3.578227233886718750e+01 -6.102208137512207031e+00 9.524479431077630120e-02 2.631720778328011101e-01 -9.600358777701301083e-01
-1.308473300933837891e+01 2.325004577636718750e+01 -3.281272888183593750e+00 6.996288971601721807e-02 -3.617720040312854407e-02 9.968933765621961207e-01
1.696259975433349609e+00 -1.246912956237792969e+00 -4.051175117492675781e+00 3.880269928751689523e-02 -1.592523233497147583e-01 9.864750620445102980e-01
-3.943841934204101562e+00 -1.182592201232910156e+01 -4.779660224914550781e+00 3.482398177544438617e-02 1.400625402603485059e-02 9.992953092762227874e-01
2.784648323059082031e+01 4.794817352294921875e+01 1.406728982925415039e+00 2.150142356680091182e-01 4.577239122083210932e-01 -8.627037142917671764e-01
8.506037712097167969e+00 3.096138381958007812e+01 -6.852396011352539062e+00 1.023495607042230054e-01 1.617915969576595725e-01 -9.815029529133078023e-01
-1.079763889312744141e+01 5.211114883422851562e+01 4.611590862274169922e+00 3.027928639091706856e-02 -3.334713339602656257e-01 9.422738637160736896e-01
-8.951588630676269531e+00 5.746425247192382812e+01 6.786582946777343750e+00 -8.678148840745048345e-03 -3.365431499819865335e-01 9.416280571079539419e-01
1.589805412292480469e+01 3.739748001098632812e+00 -1.127732944488525391e+01 7.859493995207385009e-01 1.727123574309310794e-01 5.936783497683244537e-01
-4.989499971270561218e-02 4.417708206176757812e+01 1.400339961051940918e+00 4.164229838808460385e-03 -3.094584402262032241e-01 9.509038505351711246e-01
-1.370543003082275391e+00 3.891279602050781250e+01 -5.270401954650878906e+00 2.147784806574385558e-02 2.637730902047711323e-01 -9.643456117628629309e-01
4.172453880310058594e+00 -1.126325035095214844e+01 -8.196181297302246094e+00 4.343473261832650478e-01 -4.691370755745853938e-01 7.689296486407414255e-01
1.105517029762268066e+00 -1.324012660980224609e+01 -1.636758422851562500e+01 -4.964467911891878166e-02 2.255646740669257910e-02 -9.985121990307932460e-01
-6.277667999267578125e+00 5.536683654785156250e+01 1.946445941925048828e+00 -1.419144172092880463e-01 5.706800717738697015e-01 -8.088167616143465688e-01
1.626091766357421875e+01 7.319211578369140625e+01 1.365287494659423828e+01 -2.146991929811068733e-01 -9.048510234594224766e-01 3.676260081627755749e-01
-2.418062210083007812e+01 1.988318824768066406e+01 -7.787382125854492188e+00 -8.802510912272243360e-02 1.328420887825983998e-01 -9.872206235749986236e-01
-6.000044822692871094e+00 2.452239990234375000e-01 -4.035792827606201172e+00 9.682901234727760501e-03 -1.142475167641242711e-01 9.934051269934687234e-01
5.578874111175537109e+00 -2.125538110733032227e+00 -1.509101867675781250e+01 4.918430679245651416e-02 7.512561394143699167e-02 -9.959603637169842649e-01
3.351943969726562500e+01 4.618727874755859375e+01 2.308094024658203125e+00 3.672773463940295913e-01 4.798628604037187273e-01 -7.967678369706705510e-01
1.399460029602050781e+01 5.833620071411132812e+00 -4.286069869995117188e+00 1.280337538359706956e-03 7.769441056614227736e-02 9.969763985684754193e-01
1.625576210021972656e+01 -1.063251972198486328e+00 -1.512523365020751953e+01 7.770268052496863698e-01 -9.934210674726717816e-02 -6.215790293683342016e-01
1.334562873840332031e+01 7.105274200439453125e+00 -1.571519088745117188e+01 8.901426880651752693e-02 6.046706497796043578e-02 -9.941932377570228407e-01
-2.411642074584960938e+00 5.429079055786132812e+00 -1.485742759704589844e+01 -6.118001758239294263e-02 1.033587675779034931e-01 -9.927607821692974177e-01
2.081286907196044922e+00 2.000931739807128906e+01 -8.438475608825683594e+00 3.368285745701414535e-02 7.006040036827261563e-02 -9.969739241393266171e-01
8.405600547790527344e+00 2.522740173339843750e+01 -7.831629753112792969e+00 9.572116389986378565e-03 1.671250281971531915e-01 -9.858892430379374572e-01
1.184618663787841797e+01 3.965942382812500000e+01 -4.376193046569824219e+00 8.673403082810725306e-02 2.179425165869726955e-01 -9.720999266330834221e-01
-2.319715023040771484e+00 4.691205596923828125e+01 2.327509880065917969e+00 1.999068021840646331e-02 -2.829313363816496341e-01 9.589318180129905445e-01
-3.128057003021240234e+00 6.252096176147460938e+01 8.899976730346679688e+00 7.714478559636356661e-03 -1.787985027846851482e-01 9.838554681570396143e-01
2.773962020874023438e+00 2.547400474548339844e+01 -7.996189117431640625e+00 2.691721884758672967e-02 1.618034928667941019e-01 -9.864558241632599422e-01
1.888207054138183594e+01 2.291659736633300781e+01 -2.770967006683349609e+00 -1.126133407521475865e-01 -1.204669959971145510e-01 9.863092508742234976e-01
1.456634998321533203e+01 2.321138381958007812e+01 -7.757426261901855469e+00 6.028142066894989770e-02 9.938872867034925784e-02 -9.932210383068941217e-01
1.823519945144653320e+00 1.031978607177734375e+01 -1.516093635559082031e+01 -3.369985486681385811e-02 -1.166853273452427564e-01 -9.925970250631871439e-01
1.714094352722167969e+01 1.735859107971191406e+01 -8.308227539062500000e+00 7.819787533492904286e-02 5.432449393492198159e-02 -9.954566498104362449e-01
1.004586887359619141e+01 1.058389377593994141e+01 -1.568345355987548828e+01 4.165900177620322775e-02 -1.859628763219901837e-02 -9.989588107911711035e-01
1.811076927185058594e+01 1.827111816406250000e+01 -3.471286058425903320e+00 -1.910119613391102200e-02 -6.502279942219162112e-02 9.977009471086790704e-01
2.601993942260742188e+01 6.801206207275390625e+01 1.239698600769042969e+01 -1.233329121021328606e-01 -2.867032146620723809e-01 9.500475038095944624e-01
-4.771173000335693359e+00 1.664631080627441406e+01 -1.202657318115234375e+01 -2.575642709290949517e-01 8.259051154461627409e-01 5.015390180440844059e-01
-3.424031066894531250e+01 1.470215129852294922e+01 -5.025142192840576172e+00 -5.241808123250076834e-01 6.708236292958432712e-01 5.246238027088060418e-01
1.625321578979492188e+01 4.296600341796875000e+01 2.108644962310791016e+00 -1.791405271399458543e-01 -2.901651722297143299e-01 9.400600216799577247e-01
1.149239987134933472e-01 -1.018631458282470703e+01 -1.576625633239746094e+01 7.562238972916592028e-02 2.538671066637389062e-01 -9.642783552096522159e-01
3.362678527832031250e+01 3.894184875488281250e+01 3.636996984481811523e+00 -2.507134672008390353e-01 -3.147444853431531353e-01 9.154663654718329102e-01
4.111655044555664062e+01 6.386498260498046875e+01 8.824661254882812500e+00 1.995655567302749567e-01 2.958121282198600821e-01 -9.341674225560280265e-01
6.817862987518310547e+00 5.384860992431640625e+01 5.353994846343994141e+00 -5.770023145298584094e-02 -4.265232899769619834e-01 9.026342373284432785e-01
-6.551330089569091797e+00 6.186214065551757812e+01 5.250264167785644531e+00 2.398325906785645292e-02 2.209655084300025663e-01 -9.749866908674982291e-01
4.774889945983886719e+00 6.613360595703125000e+01 6.619813919067382812e+00 3.951091382685034681e-02 1.371827908107975946e-01 -9.897574296735175414e-01
3.802600097656250000e+01 6.475171661376953125e+01 1.435988807678222656e+01 -4.658829069961989422e-01 -7.718248428349520074e-01 4.327118313052839560e-01
-8.385679244995117188e+00 7.790336608886718750e+01 1.190980911254882812e+01 -9.867929138361040964e-02 9.890988380223257881e-01 1.092972372702691874e-01
6.810690164566040039e-01 7.841352081298828125e+01 1.154562759399414062e+01 -9.913344880832241496e-03 9.994592871449062832e-01 -3.135058106430342606e-02
3.421794891357421875e+00 4.517082595825195312e+01 1.929642915725708008e+00 -4.754367389705003305e-03 -3.231018267080117967e-01 9.463522629384206741e-01
7.393595218658447266e+00 7.468901062011718750e+01 1.334281253814697266e+01 -8.683845220708362456e-02 -9.557183530452847409e-01 2.811787916445451785e-01
5.868083000183105469e+00 -1.234128856658935547e+01 -1.068286991119384766e+01 3.950198450973316233e-01 -6.478557756611152962e-01 6.513387873617036972e-01
2.696753978729248047e+00 2.517497825622558594e+01 -3.294961929321289062e+00 -5.118470770765809474e-02 -2.125021061308055570e-01 9.758191331321871553e-01
3.357765579223632812e+01 5.603211975097656250e+01 1.055686855316162109e+01 -1.840226572275138195e-01 -3.225640754946746402e-01 9.284869836606169935e-01
3.793093490600585938e+01 5.395912933349609375e+01 6.661820888519287109e+00 1.738680311903147979e-01 2.738182012484063343e-01 -9.459352516927841403e-01
4.902173614501953125e+01 5.535102462768554688e+01 1.268352127075195312e+01 -1.434544647890388658e-01 -3.825132552013432163e-01 9.127455429238547913e-01
1.394299316406250000e+01 6.104218673706054688e+01 9.131250381469726562e+00 -6.836905277633963107e-02 -4.450613071908698370e-01 8.928863900094010653e-01
7.993030071258544922e+00 3.400185394287109375e+01 -1.644968986511230469e+00 -5.524401226323717717e-02 -1.632387984788314927e-01 9.850386762864932200e-01
1.458688974380493164e+00 -1.517302131652832031e+01 -1.208899021148681641e+01 1.526986716000985622e-01 -7.682798630644424032e-01 6.216342716591861661e-01
-7.523440122604370117e-01 5.958794403076171875e+01 4.185398101806640625e+00 4.515211494652711377e-02 5.113005344031392729e-01 -8.582150371759514895e-01
-3.680946731567382812e+01 8.213405609130859375e+00 -4.636006832122802734e+00 -5.267212933223205384e-01 -8.449330556571458262e-01 -9.302048494143962121e-02
-8.508769989013671875e+00 -9.539710998535156250e+00 -7.530143737792968750e+00 -1.702407660152252256e-01 -4.023546249991561408e-01 8.995158905368697555e-01
-1.230124282836914062e+01 7.594004058837890625e+01 8.257867813110351562e+00 -4.160602272972391824e-01 5.074446797501844797e-01 -7.545818605390687273e-01
1.900487709045410156e+01 6.138673782348632812e+01 6.395452022552490234e+00 8.528726281250632868e-02 2.709043013575664349e-01 -9.588205996472538573e-01
3.902255630493164062e+01 4.198548507690429688e+01 5.323113918304443359e+00 8.551357017797579507e-01 -4.967610994361728594e-01 -1.482273309096736602e-01
2.318809032440185547e+00 7.604727935791015625e+01 8.435339927673339844e+00 6.059369316253692545e-02 3.611875247770748310e-01 -9.305224211669133050e-01
-6.486787796020507812e+00 7.713330841064453125e+01 8.743352890014648438e+00 -4.987558754965515893e-04 5.898338882136644479e-01 -8.075244488913800867e-01
-2.215097618103027344e+01 2.357477188110351562e+01 -7.548601150512695312e+00 -1.406931332720200989e-01 1.063152479923510085e-01 -9.843284565095262728e-01
-2.283749103546142578e+00 7.509579467773437500e+01 1.323417186737060547e+01 2.327492349754944553e-02 -9.339530693670454742e-01 3.566369893267633540e-01
3.074471473693847656e+01 5.302600097656250000e+01 8.391584396362304688e+00 -1.745946652196534166e-01 -4.834699584448883258e-01 8.577724069694331321e-01
-1.785960912704467773e+00 7.020047760009765625e+01 1.105585956573486328e+01 -6.928435960870498768e-03 -1.688107156153310362e-01 9.856241368131037905e-01
1.676311302185058594e+01 2.800026702880859375e+01 -2.104188919067382812e+00 -9.859071137035239907e-02 -2.724231389236867473e-01 9.571131098310448060e-01
3.310895919799804688e+01 4.753005981445312500e+01 6.759573936462402344e+00 -2.368053812001515712e-01 -3.867110847057408929e-01 8.912787153300364418e-01
1.474694252014160156e+01 1.512291240692138672e+01 -3.854206085205078125e+00 -8.395072875394167522e-02 -1.425565402647183955e-01 9.862200099214353255e-01
8.343353271484375000e+00 2.320465469360351562e+01 -3.379488945007324219e+00 -9.711654967768100499e-02 -8.180255680698478304e-02 9.919055990761128649e-01
-5.656637191772460938e+00 -3.071546077728271484e+00 -1.483044052124023438e+01 3.556413588236843892e-02 5.870530298148223664e-02 -9.976416589341048358e-01
1.995954132080078125e+01 4.988583374023437500e+01 5.197812080383300781e+00 -1.721538432821764220e-01 -2.926535965445155041e-01 9.405939223026777984e-01
-1.158710002899169922e+00 2.789942979812622070e+00 -3.598231077194213867e+00 -1.134602253802023536e-01 -1.774064807588127471e-02 9.933841385196974239e-01
-8.814815521240234375e+00 -4.545128822326660156e+00 -4.358201980590820312e+00 -3.315203621006192897e-02 -7.582481482475636470e-02 9.965698871388388724e-01
1.190638351440429688e+01 3.887735748291015625e+01 1.493999958038330078e-01 -7.636509193298417209e-02 -2.841643332696271451e-01 9.557295665780645155e-01
-1.428514671325683594e+01 1.664168930053710938e+01 -8.788581848144531250e+00 -5.940917108561795390e-02 -7.009059588831010636e-03 -9.982091080903839897e-01
-1.601829975843429565e-01 8.826862335205078125e+00 -3.745872974395751953e+00 -5.073670552408453271e-02 6.517623872892056025e-02 9.965830846536143373e-01
-4.159380912780761719e+00 5.153178405761718750e+01 -6.408969759941101074e-01 -8.813368552334395478e-03 5.424267657065889869e-01 -8.400568602064090173e-01
-1.384274768829345703e+01 -4.758587837219238281e+00 -1.033812046051025391e+01 -5.493055356566669545e-01 -2.744832845479230343e-01 7.892543031246177510e-01
-7.752241134643554688e+00 -1.319430541992187500e+01 -1.171845054626464844e+01 -3.686241979382172129e-01 -5.959806386816896007e-01 7.133885890669765528e-01
-1.111066722869873047e+01 1.183217906951904297e+01 -4.171383857727050781e+00 1.096187646835958679e-01 -7.968935934455602388e-02 9.907741076736393815e-01
1.284984779357910156e+01 5.071072387695312500e+01 4.691910743713378906e+00 -9.715502280924162570e-02 -3.280707652883332326e-01 9.396438019303182676e-01
1.319933986663818359e+01 2.689926719665527344e+01 -2.635926008224487305e+00 -7.916216267645431737e-02 -1.558744208316646118e-01 9.845996734362548741e-01
4.712557792663574219e+00 5.145006942749023438e+01 -6.383550167083740234e-01 2.050247088301435441e-02 5.558303608418807551e-01 -8.310428741371143069e-01
1.906703948974609375e+01 4.105929946899414062e+01 1.762753009796142578e+00 -1.213510620706183818e-01 -3.639200394169923025e-01 9.234912693929854255e-01
-1.501364707946777344e+01 4.582278060913085938e+01 -2.518033027648925781e+00 -8.298015581494064263e-02 3.468058440491285088e-01 -9.342590648606519110e-01
4.094251155853271484e+00 7.807471466064453125e+01 1.335187149047851562e+01 2.337898598610286052e-02 9.874359825323628659e-01 1.562805279444907103e-01
2.222870635986328125e+01 5.676714706420898438e+01 5.133485794067382812e+00 2.365331785797512021e-01 4.777582304998925777e-01 -8.460491289638983892e-01
-7.018087863922119141e+00 3.208248901367187500e+01 -2.339914083480834961e+00 3.788716558318883793e-02 -1.881455872389543871e-01 9.814101083067062747e-01
2.820149612426757812e+01 2.861666679382324219e+01 -4.933892250061035156e+00 1.857307058225713681e-01 2.937120440920551467e-01 -9.376765647438971563e-01
1.809043121337890625e+01 4.938363265991210938e+01 -2.086839973926544189e-01 1.511673855962769597e-01 5.457575713717164323e-01 -8.241948160613680185e-01
1.072258949279785156e+01 1.068311500549316406e+01 -4.199564933776855469e+00 1.064287970123697635e-01 3.286741073160760057e-02 9.937769591202543218e-01
1.802066612243652344e+01 3.803402328491210938e+01 -4.160007953643798828e+00 4.365485917999615412e-02 2.847731491892107614e-01 -9.576003899178583412e-01
-1.725317955017089844e+00 3.449177169799804688e+01 -1.912521004676818848e+00 -1.177778332778072444e-02 -1.641802490363262201e-01 9.863600405765907686e-01
8.705692291259765625e+00 7.742907714843750000e+01 1.450590133666992188e+01 9.174036589878417636e-02 9.571782123909730045e-01 2.745789048502790819e-01
-3.434020996093750000e+00 5.913065338134765625e+01 7.480093002319335938e+00 -1.865314762945221583e-01 -3.624590556329044255e-01 9.131426182919561985e-01
3.676124572753906250e+01 4.920246505737304688e+01 4.758718013763427734e+00 2.674147443865452778e-01 4.288321962299224688e-01 -8.628976196289452893e-01
-1.959921455383300781e+01 6.121082782745361328e+00 -8.673799514770507812e+00 -8.975745293710739314e-02 -4.754286275672245377e-03 -9.959523062899406920e-01
-7.696463108062744141e+00 4.798720169067382812e+01 2.797462940216064453e+00 4.067653599341004150e-02 -4.120946478895764487e-01 9.102326189498719522e-01
4.252372741699218750e+01 6.608413696289062500e+01 1.157496738433837891e+01 5.213629060203172072e-01 8.373497849570068485e-01 -1.643960396679434444e-01
-3.390180206298828125e+01 1.054034423828125000e+01 -1.989223003387451172e+00 2.600854823341147148e-01 -4.695946634759685240e-02 9.644430259996594756e-01
-1.233256912231445312e+01 1.307014179229736328e+01 -8.824621200561523438e+00 2.293634861375341144e-02 3.891410528058920470e-03 -9.997293537935006968e-01
3.817000865936279297e+00 4.818523406982421875e+01 2.882709980010986328e+00 -4.293051186649857881e-02 -3.830397426705007824e-01 9.227337246929890879e-01
1.270546722412109375e+01 7.684348297119140625e+01 1.456830310821533203e+01 1.225357590666204949e-01 9.339193418074127617e-01 3.358268166004260147e-01
2.973048591613769531e+01 4.359097671508789062e+01 4.550302982330322266e+00 -2.170129215505713638e-01 -3.349066130140113118e-01 9.169203631938648291e-01
-1.955447959899902344e+01 5.092628097534179688e+01 8.143990039825439453e-01 -1.603053257642282070e-01 5.051248203355049871e-01 -8.480277816278476433e-01
1.740671992301940918e+00 3.363701629638671875e+01 -6.532007217407226562e+00 3.123995407036909283e-02 2.532594857321205373e-01 -9.668938401688073059e-01
1.384616851806640625e+01 1.785020446777343750e+01 -8.370325088500976562e+00 1.830259724729267970e-02 2.779410932349985625e-02 -9.994460978066385115e-01
-8.511896133422851562e+00 2.896458816528320312e+01 -7.532083988189697266e+00 -6.127053661975704474e-02 1.970145776859460462e-01 -9.784841222633892110e-01
1.567752933502197266e+01 4.130339050292968750e+01 -3.453119993209838867e+00 7.272289624802240338e-02 3.214969045045446006e-01 -9.441139342024853498e-01
-6.315662860870361328e+00 3.616305541992187500e+01 -6.001894950866699219e+00 -2.637106044995638290e-02 2.307172380144643098e-01 -9.726634172485987273e-01
4.133848953247070312e+01 5.769950103759765625e+01 7.717107772827148438e+00 1.442975912934015281e-01 2.134013823540539256e-01 -9.662494787353322900e-01
4.261637115478515625e+01 5.472511672973632812e+01 1.163838958740234375e+01 -2.231029321174198277e-01 -4.038716556881192798e-01 8.871937597911445650e-01
1.652837371826171875e+01 5.352900314331054688e+01 2.039160013198852539e+00 1.563983792312469423e-01 5.788340110428562557e-01 -8.003066503746408822e-01
5.341299057006835938e+00 1.670686960220336914e+00 -3.799433946609497070e+00 -4.868412268677165672e-02 -9.475840661154058542e-02 9.943091574428253310e-01
-1.573901462554931641e+01 2.364119052886962891e+00 -1.547427845001220703e+01 -4.490505395687730550e-01 2.562581826375244509e-02 -8.931388079975626226e-01
3.543919086456298828e+00 6.540958881378173828e+00 -1.496288108825683594e+01 2.095111717246856287e-03 3.254619902239595103e-02 -9.994680362253145489e-01
-1.084556674957275391e+01 8.815423011779785156e+00 -4.258863925933837891e+00 -4.402327477095473868e-02 2.592947839947809183e-02 9.986939538358946544e-01
1.019769477844238281e+01 7.402845764160156250e+01 8.274885177612304688e+00 6.559427651888923017e-02 2.735096867603463155e-01 -9.596300548316629708e-01
2.957690811157226562e+01 3.888802337646484375e+01 2.703094959259033203e+00 -1.310896144287065912e-01 -3.487411512737401131e-01 9.280059926515558111e-01
5.690837860107421875e+00 1.491351509094238281e+01 -1.558136749267578125e+01 2.342592987222148482e-01 2.940025562574574147e-01 -9.266526198507489820e-01
3.748210906982421875e+01 6.794564056396484375e+01 1.608156585693359375e+01 3.240684731915685068e-01 5.796297626425899185e-01 7.476690196485211715e-01
-6.126045227050781250e+00 4.296086502075195312e+01 1.059080958366394043e+00 8.759276515434077925e-02 -3.743217767958559872e-01 9.231525956790728182e-01
-7.616122245788574219e+00 6.376421356201171875e+01 9.317905426025390625e+00 -5.482817648224064255e-02 -3.138116385494766347e-01 9.479009054613910523e-01
2.307642745971679688e+01 5.336118698120117188e+01 7.253911018371582031e+00 -7.803354893405207993e-02 -3.296222513181739089e-01 9.408825307532793225e-01
5.023846817016601562e+01 6.055555343627929688e+01 1.194637775421142578e+01 6.158632049939226638e-01 7.848361204352654052e-01 -6.888234022400205325e-02
9.136330604553222656e+00 6.216878128051757812e+01 5.878818988800048828e+00 1.320666853706263244e-01 2.451511483175088657e-01 -9.604474504593277784e-01
-3.253751039505004883e+00 3.156426239013671875e+01 -2.523324012756347656e+00 4.027355243526814510e-02 -1.935886767710626177e-01 9.802558162032360967e-01
1.293332481384277344e+01 4.973692703247070312e+01 -8.237180113792419434e-01 1.968600153681676068e-01 5.230010703188621157e-01 -8.292864491806009042e-01
-1.855053901672363281e+01 2.302601242065429688e+01 -3.000560045242309570e+00 8.129606430237024117e-02 -1.401126589152321689e-01 9.867924770389407962e-01
1.803889465332031250e+01 6.367673492431640625e+01 1.062376213073730469e+01 -1.296095020331357595e-01 -2.123214618714762414e-01 9.685664529661771605e-01
-1.801756095886230469e+01 2.136790275573730469e+01 -8.134007453918457031e+00 -2.854189965328871037e-02 9.504358781557890878e-02 -9.950638554280443193e-01
-2.636756706237792969e+01 1.638389015197753906e+01 -3.062894105911254883e+00 1.961505285927993836e-01 1.122410070319334111e-02 9.805095561472972898e-01
1.993787384033203125e+01 5.807740020751953125e+01 8.512726783752441406e+00 -2.334260011866845230e-01 -5.459330414436971424e-01 8.046548429171531680e-01
1.043979740142822266e+01 1.857811164855957031e+01 -3.731205940246582031e+00 -3.182561157157193926e-02 -1.008219185758941622e-01 9.943953294252599884e-01
-1.117356014251708984e+01 7.053318786621093750e+01 6.659501075744628906e+00 1.373778960551166883e-02 1.830163699880269779e-01 -9.830138765313337634e-01
-5.819962024688720703e+00 7.182894897460937500e+01 7.049636840820312500e+00 2.223192961145126906e-02 1.667642436604158951e-01 -9.857461277337694616e-01
-2.954973793029785156e+01 6.392072200775146484e+00 -2.670085906982421875e+00 1.043279297770149938e-01 -1.397430900747813169e-02 9.944447705912106139e-01
1.702558135986328125e+01 5.253514480590820312e+01 5.869304180145263672e+00 -1.709283964823290203e-01 -4.365571733997076209e-01 8.832900529436734649e-01
2.202496528625488281e+01 6.901992034912109375e+01 1.219061088562011719e+01 -8.002055807287088152e-02 -1.803462462033814939e-01 9.803427674880126341e-01
-2.009428024291992188e+01 1.022040081024169922e+01 -3.637682914733886719e+00 1.228375513221043186e-01 1.342306329419953002e-02 9.923360103095066886e-01
1.793468952178955078e+00 1.703136825561523438e+01 -8.434093475341796875e+00 9.167228854560671714e-03 -3.318036073240529515e-02 -9.994073371637791636e-01
1.434973955154418945e+00 4.986511993408203125e+01 3.567807912826538086e+00 1.070184549540911974e-02 -4.170767475280465764e-01 9.088082620522430766e-01
-4.209063053131103516e+00 2.599662399291992188e+01 -3.235949039459228516e+00 1.591854801925166041e-02 -8.743073085835606495e-02 9.960434062482078632e-01
1.142821216583251953e+01 3.677558898925781250e+01 -5.166017055511474609e+00 8.169363115422566268e-02 1.916587643059869672e-01 -9.780557595012359107e-01
-9.204634666442871094e+00 1.415951347351074219e+01 -1.508158683776855469e+01 -2.882487320996672819e-01 5.326101842653461205e-01 -7.957631934562995335e-01
-5.280408859252929688e+00 4.598582077026367188e+01 2.081598997116088867e+00 -2.363146841669068205e-03 -2.456670576459657196e-01 9.693513874362477134e-01
2.081181144714355469e+01 6.951723480224609375e+01 8.001768112182617188e+00 5.685868411224150043e-02 1.865754277595115529e-01 -9.807939130099552205e-01
1.263602828979492188e+01 -4.236539900302886963e-01 -8.446805953979492188e+00 9.854367187497511393e-01 -9.920664237460188883e-02 1.381032781959992128e-01
1.300872707366943359e+01 1.368896007537841797e+00 -1.581754493713378906e+01 -2.607451222342850941e-02 3.622084283540764893e-02 -9.990035887606225629e-01
1.157703590393066406e+01 -5.308745861053466797e+00 -9.420436859130859375e+00 4.946566723526678033e-01 -3.675358462783774316e-01 7.875482069038202138e-01
5.445536422729492188e+01 5.657244110107421875e+01 1.071189689636230469e+01 7.337143456064927349e-01 5.215034983232192944e-01 -4.355426044463162061e-01
2.376500320434570312e+01 6.479199981689453125e+01 7.417470932006835938e+00 1.663714621773223351e-02 1.559259026994555541e-01 -9.876286337652881997e-01
3.753437805175781250e+01 5.299344253540039062e+01 1.017823410034179688e+01 -1.934419855695309887e-01 -3.184238401679399533e-01 9.280013233997135291e-01
-1.237070846557617188e+01 6.743627166748046875e+01 1.017050933837890625e+01 1.017936202182952443e-01 -3.758048171049078179e-01 9.210910912193214228e-01
-1.200359344482421875e+01 1.882921981811523438e+01 -8.614874839782714844e+00 -3.837114052063889807e-02 1.279930568733342044e-01 -9.910325085320687011e-01
-4.400778770446777344e+00 3.694654464721679688e+01 -1.223974943161010742e+00 2.489671545190792062e-02 -3.386998777073110811e-01 9.405650144465077522e-01
-1.364494419097900391e+01 2.639956665039062500e+01 -2.984040975570678711e+00 3.677130627603557994e-02 -1.264954520100706470e-01 9.912854138216308231e-01
5.025811386108398438e+01 5.299863815307617188e+01 8.921890258789062500e+00 5.670817531531732181e-01 -8.204524098182368608e-01 7.263696348396832259e-02
2.738063812255859375e+01 6.030265808105468750e+01 6.894145965576171875e+00 1.076278342917500463e-01 2.514325447785994427e-01 -9.618720937379486857e-01
2.281686592102050781e+01 4.582917404174804688e+01 -1.111521959304809570e+00 1.276658525674689015e-01 3.978838742319015798e-01 -9.085096877383497249e-01
-2.288193941116333008e+00 7.840673828125000000e+01 1.149876213073730469e+01 -1.792827371251821261e-02 9.991896942528714076e-01 -3.603514812710486431e-02
1.380639266967773438e+01 9.391903877258300781e+00 -4.491483211517333984e+00 8.046522072090139810e-02 2.825902177015231220e-02 9.963567513410698240e-01
8.957900047302246094e+00 6.949681091308593750e+01 1.150201892852783203e+01 -5.278039872506493264e-03 -1.061354827864094963e-01 9.943376698027687199e-01
-1.083228945732116699e+00 -1.375960731506347656e+01 -8.896694183349609375e+00 2.492631639276162714e-01 -8.586166662240971581e-01 4.479344768947928213e-01
3.009980583190917969e+01 3.365552520751953125e+01 -3.406554937362670898e+00 2.369283654524704519e-01 2.349163294164473004e-01 -9.426978666664753703e-01
4.734737396240234375e+01 5.767366790771484375e+01 1.333971214294433594e+01 -4.870989896591411128e-01 -5.904364712412686345e-01 6.435210545904480606e-01
2.113669204711914062e+01 3.465273284912109375e+01 -4.535017013549804688e+00 1.347386991346920804e-01 2.530568595605755533e-01 -9.580228122465717089e-01
-1.531970024108886719e+00 1.550524139404296875e+01 -1.573670959472656250e+01 -4.630782300001634599e-02 1.394540950297442905e-01 -9.891451566420543795e-01
-2.443022918701171875e+01 3.548480987548828125e+00 -3.182333946228027344e+00 1.266420318692851321e-01 7.546891816271958028e-03 9.919197750765595956e-01
-8.032852172851562500e+00 7.466168212890625000e+01 1.299313640594482422e+01 1.025310992277139177e-01 -9.035855127488261473e-01 4.159574435463290754e-01
-6.469144821166992188e+00 2.443019676208496094e+01 -8.279674530029296875e+00 -4.969697121183797722e-02 1.452672190726335133e-01 -9.881435351786060917e-01
2.991964340209960938e+01 5.857675170898437500e+01 1.071902561187744141e+01 -1.217565437983772203e-01 -2.666646802594525023e-01 9.560676191276419322e-01
1.869603991508483887e+00 5.707989501953125000e+01 6.795067787170410156e+00 -3.522126215851941605e-02 -3.927545960490865795e-01 9.189686011906389451e-01
-2.206446647644042969e+01 1.789808464050292969e+01 -8.139176368713378906e+00 -6.719479459539533239e-02 9.543002398896748006e-02 -9.931656307488433422e-01
1.462195682525634766e+01 -4.096280097961425781e+00 -1.590393257141113281e+01 2.969384004436209645e-01 -9.528229105651098152e-02 -9.501309758938534245e-01
-5.287713050842285156e+00 1.024987220764160156e+01 -1.521232986450195312e+01 7.819982534491176640e-02 -1.502106463696056271e-01 -9.855564666893776860e-01
-2.245462036132812500e+01 1.948198699951171875e+01 -3.013204097747802734e+00 8.090950149021741700e-02 -7.071064929069847960e-02 9.942100666586977109e-01
2.454019069671630859e+00 6.183032608032226562e+01 8.719995498657226562e+00 -6.780529506468947754e-02 -4.385575930055659044e-01 8.961415510835075704e-01
-1.132151699066162109e+01 3.578230857849121094e+00 -4.176567077636718750e+00 1.612549463141834186e-02 2.353413737181512394e-02 9.995929735652689940e-01
1.103220653533935547e+01 4.798397064208984375e+00 -4.053397178649902344e+00 6.353948710414780709e-02 2.113978370514653024e-02 9.977554024526459342e-01
2.208780670166015625e+01 7.195457458496093750e+01 1.442927169799804688e+01 -2.461304189529765485e-01 -8.183953610459437922e-01 5.192772379803601845e-01
1.152215003967285156e+01 9.880967140197753906e+00 -8.568367004394531250e+00 3.524914065903204247e-02 4.605334372104191026e-02 -9.983168773565392895e-01
2.136009788513183594e+01 5.320421600341796875e+01 2.983508110046386719e+00 1.401021333111169831e-01 5.919477605220965222e-01 -7.937060167685190404e-01
4.159973907470703125e+01 6.023379516601562500e+01 1.276836299896240234e+01 -1.726942910646992457e-01 -3.209691112528342272e-01 9.312118510066474952e-01
2.668813896179199219e+01 2.580017089843750000e+01 -1.488834977149963379e+00 -8.028800503879741923e-02 -1.463115681702369664e-01 9.859750307520247503e-01
6.111226081848144531e+00 1.386113166809082031e+01 -4.114828109741210938e+00 -6.852048506813649548e-03 3.894361691069408299e-02 9.992179162390821823e-01
-2.913017082214355469e+01 1.063468265533447266e+01 -7.753722190856933594e+00 -6.745424235491118137e-02 5.996358012246952307e-02 -9.959188191048611305e-01
-1.219282054901123047e+01 2.578107452392578125e+01 -7.918599128723144531e+00 -6.846834182624255555e-03 1.289451062879833909e-01 -9.916280958232558396e-01
7.452089786529541016e-01 4.851726531982421875e+01 -2.115494012832641602e+00 1.007365391509826812e-02 2.892312379425964197e-01 -9.572062538946306542e-01
1.354161453247070312e+01 4.812523269653320312e+01 3.609695911407470703e+00 -5.687129577626686555e-02 -4.173374305358836245e-01 9.069702998392146220e-01
2.362754821777343750e+01 2.472739791870117188e+01 -6.576242923736572266e+00 1.024463402319078231e-01 1.698484661966710718e-01 -9.801307289865603956e-01
2.047793006896972656e+01 6.658696746826171875e+01 7.459438800811767578e+00 3.335596944812611875e-02 1.350330943166065389e-01 -9.902794770878866615e-01
-2.071475219726562500e+01 2.446933031082153320e+00 -8.562298774719238281e+00 -7.518496376147765226e-02 -4.190281333845322087e-02 -9.962888012311029717e-01
1.892122840881347656e+01 2.722234535217285156e+01 -6.661350250244140625e+00 7.845640616090171493e-02 1.878258791261945282e-01 -9.790638546401291276e-01
-1.504119014739990234e+01 3.350215911865234375e+00 -8.626557350158691406e+00 -3.103011640698159421e-02 2.339380047663567469e-02 -9.992446457074606325e-01
-1.610762000083923340e+00 2.139180755615234375e+01 -8.449337959289550781e+00 -1.168642239803525940e-02 4.839563210986221747e-02 -9.987598762086018489e-01
-2.560394096374511719e+01 8.235275268554687500e+00 -3.131839990615844727e+00 1.310623467376996198e-01 5.651909560764483559e-02 9.897617153129842915e-01
-3.434918975830078125e+01 1.008257675170898438e+01 -6.723352909088134766e+00 -2.373721617883180757e-01 -1.448689753237441917e-02 -9.713107569711286748e-01
3.172827339172363281e+01 4.349324035644531250e+01 2.525210082530975342e-01 2.881449874164231928e-01 4.523197102542349524e-01 -8.440256784851477567e-01
9.741351127624511719e+00 1.396365547180175781e+01 -1.164614105224609375e+01 5.017383270190211020e-01 6.430019707298583187e-01 5.786251954743003578e-01
1.114127254486083984e+01 2.652987098693847656e+01 -7.507453918457031250e+00 9.983962150868098961e-02 6.760076419136118453e-02 -9.927044810303554678e-01
-8.005931854248046875e+00 -1.801473021507263184e+00 -4.171268939971923828e+00 -2.479299395559170574e-02 -8.018314364298850805e-02 9.964717612287093962e-01
2.049997520446777344e+01 2.443597221374511719e+01 -7.100506782531738281e+00 2.478720125663029863e-02 1.889461670303411722e-01 -9.816745594230328331e-01
3.863060379028320312e+01 5.986921691894531250e+01 7.772233009338378906e+00 3.434910893384314490e-02 1.523795257843531259e-01 -9.877249712532263359e-01
2.418026924133300781e+01 4.558438491821289062e+01 4.182326793670654297e+00 -2.222374218819242742e-01 -3.895909347181328863e-01 8.937725839947918693e-01
2.173522186279296875e+01 2.288380813598632812e+01 -2.531157970428466797e+00 -9.823832135446382285e-02 -1.433146207175952647e-01 9.847893945946152305e-01
4.472088813781738281e+00 1.370375919342041016e+01 -8.665863037109375000e+00 3.530381296602511099e-01 4.564049702446877355e-01 -8.167365439001351701e-01
-1.006702804565429688e+01 3.902642059326171875e+01 -5.189094066619873047e+00 -8.800927376898829910e-03 2.428070153431568234e-01 -9.700346885433812627e-01
6.848196029663085938e+00 3.023192024230957031e+01 -2.546716928482055664e+00 7.089029048310703908e-04 -1.762073314138746516e-01 9.843528197819482184e-01
3.522889709472656250e+01 6.952045440673828125e+01 1.517101573944091797e+01 4.148261727675169874e-01 8.596161057094164892e-01 2.982941454203069664e-01
1.392300033569335938e+01 1.632039070129394531e+00 -6.840039253234863281e+00 8.599845928955112129e-01 -3.427801362155319387e-01 -3.780585645087322644e-01
7.894599914550781250e+00 1.767886996269226074e+00 -1.506647491455078125e+01 -1.287728071288439802e-01 -5.671647120088683935e-02 -9.900509108316989382e-01
-4.611335754394531250e+00 5.980236053466796875e+01 4.368862152099609375e+00 -5.229034315662965671e-02 5.263107060558913641e-01 -8.486829565294161659e-01
-2.986071777343750000e+01 1.780394935607910156e+01 -3.547302961349487305e+00 -2.072145278532833146e-01 9.171944879614185586e-01 3.403181022216301144e-01
7.057572841644287109e+00 1.091022109985351562e+01 -1.558020019531250000e+01 -7.941521235738817353e-02 -1.365332745180665719e-01 -9.874471575712825411e-01
2.581566810607910156e+01 5.592338180541992188e+01 5.344937801361083984e+00 1.560098344982491225e-01 4.365157156329695365e-01 -8.860671315116397384e-01
-4.030379772186279297e+00 -1.421550065279006958e-01 -1.490887451171875000e+01 -8.505789378726963390e-02 -2.658109730735563610e-04 -9.963759752467941100e-01
-1.919658088684082031e+01 1.852784347534179688e+01 -8.353607177734375000e+00 -9.022040275359914652e-02 3.086763987019210467e-02 -9.954433523490036073e-01
4.196605682373046875e+01 4.632859039306640625e+01 5.253766059875488281e+00 6.895780176230809078e-01 -2.401464028882912272e-01 -6.832363154801099903e-01
1.857486534118652344e+01 8.859941482543945312e+00 -6.208837985992431641e+00 5.553922484357846079e-01 -7.352448504501558624e-01 -3.885285835868089177e-01
2.297957992553710938e+01 1.516539287567138672e+01 -6.368178844451904297e+00 6.880138048780880533e-01 -7.214546123632977759e-01 -7.835972560505596873e-02
-1.925631046295166016e+00 4.960407638549804688e+01 3.361322879791259766e+00 -2.329495606299303734e-03 -3.862359962316740947e-01 9.223970558632255123e-01
-1.113922500610351562e+01 7.743361663818359375e+01 1.240846824645996094e+01 -1.632883249870903664e-01 9.630012941669322535e-01 2.143954998495165576e-01
4.508210754394531250e+01 4.954044723510742188e+01 7.348375797271728516e+00 8.693460999002449174e-01 -4.822517346716227449e-01 -1.080306576599625590e-01
-1.149920463562011719e+01 5.231800079345703125e-01 -4.201766967773437500e+00 -3.156964583295886889e-02 -8.810044524248929199e-02 9.956112037387166991e-01
-7.408370018005371094e+00 4.209171772003173828e+00 -4.022795200347900391e+00 6.774367081229609733e-02 7.534887541141996325e-03 9.976743058406475351e-01
1.793717980384826660e+00 5.691189765930175781e+00 -3.535295963287353516e+00 -5.100031850800437055e-02 2.836042692330440623e-02 9.982958748271024696e-01
-8.613537788391113281e+00 -1.391565895080566406e+01 -1.451303291320800781e+01 -4.810438330932876871e-01 -8.237862703677429899e-01 -2.999550156215442520e-01
1.417154979705810547e+01 3.047820663452148438e+01 -6.502824783325195312e+00 1.278413508947029709e-01 1.717620576238991781e-01 -9.768082639710936599e-01
-4.214420020580291748e-01 6.822945404052734375e+01 6.650083065032958984e+00 4.285247495482157054e-02 1.859519568226898900e-01 -9.816239275527357533e-01
-1.448290443420410156e+01 5.697598266601562500e+01 3.323816061019897461e+00 -3.613097769706462292e-02 4.714235716567499734e-01 -8.811664817371616110e-01
-7.251127243041992188e+00 3.549098968505859375e+01 -1.626200914382934570e+00 5.478269415694253519e-02 -2.551506031462167368e-01 9.653481372722634291e-01
-4.704887866973876953e+00 1.656026268005371094e+01 -1.490620231628417969e+01 -2.346860173753073098e-01 6.444935840387705506e-01 -7.277022010282622189e-01
1.528282165527343750e+01 3.560753250122070312e+01 -5.018414020538330078e+00 9.143198587581381764e-02 2.579197509500128493e-01 -9.618303353651768139e-01
1.444247341156005859e+01 6.451753997802734375e+01 6.753826141357421875e+00 3.648207213154245482e-02 1.637576562230893817e-01 -9.858257901076180607e-01
-3.160747146606445312e+01 8.840406417846679688e+00 -7.346418857574462891e+00 -2.227837179385931399e-01 1.329809681687982130e-02 -9.747771928202394465e-01
1.348239994049072266e+01 5.470611190795898438e+01 2.425009965896606445e+00 1.236883987006389130e-01 5.942808155259009517e-01 -7.946895572012645514e-01
3.785439014434814453e+00 4.543279266357421875e+01 -3.128384113311767578e+00 2.659755350917608965e-03 3.086256518791464232e-01 -9.511798634872614677e-01
1.105182075500488281e+01 3.207432556152343750e+01 -6.370329856872558594e+00 9.425043303193803013e-02 2.458409146864853900e-01 -9.647171090736414989e-01
2.446500396728515625e+01 2.025017356872558594e+01 -7.337673187255859375e+00 1.791434832776313546e-01 2.192137245795152678e-01 -9.590896492795307759e-01
-1.074193954467773438e+01 1.160192680358886719e+01 -1.554127120971679688e+01 -1.617590335289381953e-01 9.337297729269583568e-02 -9.824029225237888019e-01
-1.102946853637695312e+01 4.203160095214843750e+01 -4.275319099426269531e+00 -9.488040774664015242e-02 3.001126363816572495e-01 -9.491733844297797207e-01
-1.455717086791992188e+01 -8.471531867980957031e+00 -1.313966083526611328e+01 -8.240696589683567108e-01 -5.291728054507133239e-01 2.022012342672467322e-01
2.009205055236816406e+01 1.336442279815673828e+01 -3.883921146392822266e+00 8.350734408639185272e-03 -1.121721184039498193e-01 9.936537027997262017e-01
2.075448608398437500e+01 4.982177734375000000e+01 6.489740014076232910e-01 2.568103077793411071e-01 5.101464428644754134e-01 -8.208526497800946453e-01
1.697996020317077637e+00 3.087944793701171875e+01 -7.193850994110107422e+00 5.223142597052291697e-02 3.275126295854456360e-01 -9.434020116594582506e-01
1.314953804016113281e+01 7.410494995117187500e+01 1.409393215179443359e+01 -1.736509842813457327e-01 -8.530519907163025550e-01 4.920849894002794489e-01
5.504485130310058594e+00 7.151558685302734375e+01 7.544936180114746094e+00 8.622256708037195905e-02 1.842774208763993393e-01 -9.790850326101473433e-01
-1.248209998011589050e-01 -4.109169960021972656e+00 -1.508885574340820312e+01 -5.339249838816044307e-03 6.079115560332028906e-02 -9.981362270810391069e-01
-1.010305786132812500e+01 3.364666366577148438e+01 -4.935428142547607422e+00 -6.512474435425120722e-01 6.627486709950752841e-01 3.696497888185572567e-01
3.398407936096191406e+00 -3.687052965164184570e+00 -4.245923042297363281e+00 -7.608691921783755641e-02 -3.506741339736670071e-02 9.964843487188127513e-01
6.349493980407714844e+00 5.870965957641601562e+01 7.487162113189697266e+00 -6.856018882089209843e-02 -3.160670472817504462e-01 9.462563723069131738e-01
-4.353415966033935547e+00 6.411855316162109375e+01 5.749926090240478516e+00 1.122677248965766456e-02 1.995820061992192862e-01 -9.798168106237820085e-01
6.119647026062011719e+00 7.734002685546875000e+01 9.426489830017089844e+00 8.190925566910216282e-02 6.496124182410258907e-01 -7.558403137586537923e-01
-1.352495384216308594e+01 1.140470504760742188e+01 -1.373730659484863281e+01 -7.895439761560973935e-01 5.801186487673944958e-01 -2.002065510114803548e-01
2.950490760803222656e+01 6.567342376708984375e+01 1.236623477935791016e+01 -5.961383043431625617e-02 -9.003264173762645650e-02 9.941530639909997857e-01
7.846158981323242188e+00 -5.455332756042480469e+00 -5.304309844970703125e+00 7.277385028114804477e-01 -6.796115918776213238e-01 9.232960365597951691e-02
3.882421016693115234e+00 5.672409057617187500e+01 2.884773015975952148e+00 6.642176532134135003e-02 5.578176105261900553e-01 -8.273014338670326984e-01
-1.053005218505859375e+01 4.638765716552734375e+01 2.368943929672241211e+00 6.875855732313342072e-02 -3.066474231385826754e-01 9.493364096448152489e-01
-1.104871368408203125e+01 4.649717330932617188e+01 -2.679188966751098633e+00 -1.789444734356397670e-01 4.032958582027924566e-01 -8.974025441145767612e-01
-1.383047962188720703e+01 5.071209716796875000e+01 -1.909340023994445801e-01 -1.270171166077415092e-01 4.812501844326724232e-01 -8.673320656312517585e-01
2.701588439941406250e+01 7.001816558837890625e+01 1.415965461730957031e+01 -3.441291052287174801e-01 -8.796226092910706118e-01 3.283888307455822275e-01
4.563781738281250000e+01 6.417602539062500000e+01 1.221295642852783203e+01 6.113571106498184582e-01 7.887288815109818607e-01 -6.441455369977415468e-02
2.140466308593750000e+01 2.972090339660644531e+01 -5.786244869232177734e+00 9.419263329290775144e-02 2.599170488983162386e-01 -9.610259494547158665e-01
-2.480728530883789062e+01 1.419503402709960938e+01 -8.154002189636230469e+00 -5.427423122242116399e-02 1.450408498295558367e-02 -9.984207226134793611e-01
4.310919940471649170e-01 1.470060539245605469e+01 -4.185572147369384766e+00 -5.951335901706183290e-02 1.026877360797261579e-01 9.929317141462078444e-01
1.131776046752929688e+01 2.922912216186523438e+01 -2.418699026107788086e+00 -1.404478463038829616e-01 -1.377277706406319913e-01 9.804618624214622713e-01
3.070059585571289062e+01 7.205113983154296875e+01 1.331415843963623047e+01 3.800023813666867367e-01 9.057461850569575867e-01 1.876753537639251623e-01
2.202392768859863281e+01 1.889885330200195312e+01 -7.788477897644042969e+00 2.429607269112516593e-02 1.475651270459902575e-01 -9.887538794521559815e-01
2.506212425231933594e+01 6.977970886230468750e+01 8.374690055847167969e+00 1.252507212174358286e-01 2.378671774051108190e-01 -9.631881761877260084e-01
4.644218921661376953e+00 2.107071685791015625e+01 -8.368641853332519531e+00 -1.476972673964714947e-02 5.253176577203569342e-02 -9.985100243647572205e-01
1.189686393737792969e+01 1.468241786956787109e+01 -4.167794227600097656e+00 -9.641978032737862081e-02 -1.193969757994488290e-01 9.881536257746392771e-01
-1.036527442932128906e+01 5.287014007568359375e+00 -1.530759811401367188e+01 2.067227278922667555e-01 -9.907541428652458237e-02 -9.733703180479325034e-01
5.202606964111328125e+01 5.312215042114257812e+01 1.104658603668212891e+01 4.294653600401568960e-01 -7.011652272249908613e-01 -5.691457007270680490e-01
9.564060211181640625e+00 -8.503170967102050781e+00 -9.327947616577148438e+00 4.311898631968697493e-01 -7.580225023395462669e-01 4.893640647035265578e-01
3.115020561218261719e+01 3.883424758911132812e+01 -1.791331052780151367e+00 1.747998870129589821e-01 2.234620433110681703e-01 -9.589106917223829685e-01
1.878609848022460938e+01 3.281936264038085938e+01 -9.757869839668273926e-01 -8.266581042273588031e-02 -2.284070775516786056e-01 9.700497774400310691e-01
4.210278701782226562e+01 5.022915267944335938e+01 1.021839046478271484e+01 -1.520730268539033647e-01 -3.123924189373879501e-01 9.377018561856106382e-01
1.804456138610839844e+01 6.932984161376953125e+01 1.196238708496093750e+01 -5.090493909653877325e-02 -2.150474138138881719e-01 9.752760106695622655e-01
-3.552803039550781250e+00 -1.588890457153320312e+01 -1.326828479766845703e+01 -2.379709159325421874e-01 -9.112684041895551257e-01 3.360948358663796154e-01
-6.611631870269775391e+00 7.157918548583984375e+01 1.122287845611572266e+01 -3.630870977796366722e-02 -2.385888924006836775e-01 9.704416613157509364e-01
-1.552016830444335938e+01 4.320063400268554688e+01 -3.409644126892089844e+00 -6.677835723663895495e-02 3.307500573737124361e-01 -9.413527768865729284e-01
5.404954910278320312e+01 5.397030258178710938e+01 1.518448543548583984e+01 2.053770152475251631e-01 -4.831519706472665043e-01 8.511077809935008176e-01
4.529555892944335938e+01 5.487723922729492188e+01 7.758624076843261719e+00 8.769048595312074756e-02 1.675497846723405515e-01 -9.819559299324781554e-01
9.941409826278686523e-01 7.488930511474609375e+01 1.283828735351562500e+01 -5.431359426151770309e-02 -8.844641910433694854e-01 4.634362180930544084e-01
1.362139940261840820e+00 3.939887619018554688e+01 -5.097508907318115234e+00 9.638480126891052838e-03 2.431509273063868770e-01 -9.699405787216492936e-01
1.066252613067626953e+01 -7.885640263557434082e-01 -4.244761943817138672e+00 1.383084600807448217e-01 -1.354363409789842432e-01 9.810849949990658736e-01
3.804175949096679688e+01 6.843867492675781250e+01 1.061673736572265625e+01 4.351348441985252169e-01 8.511167792759039008e-01 -2.936969448246570247e-01
-2.435684919357299805e+00 1.234708499908447266e+01 -4.023633956909179688e+00 -8.786669390026775883e-02 5.010051688677116116e-02 9.948715406074872813e-01
2.983014106750488281e+00 1.452800941467285156e+01 -1.577381706237792969e+01 1.875361004050826730e-02 -7.281507994071065304e-02 -9.971691261985984323e-01
1.704236030578613281e+01 5.836301040649414062e+01 8.295961380004882812e+00 -1.403963980955494906e-01 -2.988185377793063369e-01 9.439260208730521073e-01
1.238574504852294922e+01 6.580924224853515625e+01 1.068608379364013672e+01 -6.687738730990770708e-02 -1.731906869028669027e-01 9.826150828461335252e-01
1.298045349121093750e+01 1.318823242187500000e+01 -8.604562759399414062e+00 2.178471498367108919e-02 8.528775376923109636e-03 -9.997263056375230716e-01
5.157246780395507812e+01 5.769372940063476562e+01 9.573812484741210938e+00 3.429463143147820636e-01 4.006004257308950489e-01 -8.496511780737624475e-01
-1.402806568145751953e+01 1.085774040222167969e+01 -8.836415290832519531e+00 6.561825099791607219e-02 -7.656275589372761592e-02 -9.949032061190333787e-01
4.678683853149414062e+01 5.967855834960937500e+01 1.534001541137695312e+01 -5.177908952406050647e-01 -5.903411504530006182e-01 6.191848794082109864e-01
2.861371994018554688e+01 4.138525009155273438e+01 3.385737895965576172e+00 -2.174743557188990872e-01 -3.398851291530111673e-01 9.149770508517088841e-01
4.699644851684570312e+01 5.282510375976562500e+01 1.188554763793945312e+01 -1.544402412811173575e-01 -2.282901871145697204e-01 9.612657293070553388e-01
-2.215830612182617188e+01 2.476288032531738281e+01 -3.992700099945068359e+00 -6.358651101636346725e-01 7.212203621508822549e-01 2.748031129655172933e-01
-1.662574195861816406e+01 5.862174987792968750e+00 -8.656892776489257812e+00 1.231239294837311454e-01 -8.584664319301010815e-02 -9.886712556967443000e-01
-1.512405967712402344e+01 1.346473407745361328e+01 -4.026362895965576172e+00 1.138787339934065335e-01 -6.155276935231356050e-02 9.915860479701796848e-01
3.145264625549316406e+01 4.819721603393554688e+01 2.814427852630615234e+00 2.821748779250431993e-01 5.091439569065531190e-01 -8.131111667007929755e-01
2.189410400390625000e+01 3.716651153564453125e+01 7.522479891777038574e-01 -1.242483420431975544e-01 -3.441360292428069512e-01 9.306625289956131919e-01
4.704159545898437500e+01 5.730904388427734375e+01 8.357546806335449219e+00 2.076140837108145787e-01 1.740649429611218213e-01 -9.625994950532958949e-01
2.699003982543945312e+01 3.698235702514648438e+01 1.688189029693603516e+00 -1.307359909603917625e-01 -3.214992353773221123e-01 9.378413204372056944e-01
-1.346986961364746094e+01 4.038018035888671875e+01 5.178459882736206055e-01 -4.745576698454424813e-02 -5.375113518552848690e-01 8.419201249564074452e-01
2.895339775085449219e+01 2.603429985046386719e+01 -5.348109245300292969e+00 6.591263051731151013e-01 -1.936607660050806423e-01 -7.266691279662037539e-01
-3.858283996582031250e+00 7.771215820312500000e+01 9.136206626892089844e+00 7.595649747135072016e-03 6.806580733974314512e-01 -7.325618698948340723e-01
-1.028063583374023438e+01 -9.605361938476562500e+00 -1.599788475036621094e+01 -4.078162529990451285e-02 -7.011304524197134458e-02 -9.967050817191590584e-01
-7.009501934051513672e+00 6.761927795410156250e+01 6.313350200653076172e+00 -1.049815884470981474e-02 1.357362520255959160e-01 -9.906893855022952389e-01
-2.983295059204101562e+01 4.030600070953369141e+00 -6.777307987213134766e+00 -5.868371912245629041e-01 -7.294818514095560147e-01 -3.513948483682596824e-01
8.014331817626953125e+00 4.844494247436523438e+01 3.193417072296142578e+00 -6.485903708698161074e-02 -3.482835856758150772e-01 9.351426892495854348e-01
3.995961380004882812e+01 5.510979080200195312e+01 1.124628543853759766e+01 -1.096250655583873856e-01 -2.403731942482198458e-01 9.644703585327165651e-01
6.718492031097412109e+00 4.004238891601562500e+01 -4.709364891052246094e+00 8.135704528215660647e-02 2.265175386156479120e-01 -9.706033360144943334e-01
6.295637130737304688e+00 6.566587829589843750e+01 1.028775501251220703e+01 -3.576434666451348138e-02 -2.089274543188861522e-01 9.772769465916456566e-01
1.386973953247070312e+01 4.981164932250976562e+00 -9.848527908325195312e+00 9.112141419113011231e-01 3.990820263044355110e-01 1.020897833360283613e-01
3.300929641723632812e+01 5.953784561157226562e+01 7.276969909667968750e+00 5.663010615540001874e-02 1.129877580500451562e-01 -9.919812486169548027e-01
3.274567413330078125e+01 5.163865280151367188e+01 4.811158180236816406e+00 2.912726884617976020e-01 4.692990597378366990e-01 -8.336177862098546054e-01
-5.773800015449523926e-01 1.545867347717285156e+01 -8.472925186157226562e+00 2.423984552824589439e-02 8.342743659668801215e-02 -9.962189983691700501e-01
2.633362007141113281e+01 6.572590637207031250e+01 7.811298847198486328e+00 1.105627065379057999e-01 2.084756610526445064e-01 -9.717580906129239526e-01
-1.152306175231933594e+01 7.491989135742187500e+01 1.378991127014160156e+01 -1.785872148934045389e-01 -7.137546004968008395e-01 6.772451380012035616e-01
-7.394884109497070312e+00 3.872739028930664062e+01 -5.368521213531494141e+00 -1.563428829297458175e-02 2.539682193545498845e-01 -9.670861970824790044e-01
-7.132531166076660156e+00 6.664588928222656250e+01 9.948144912719726562e+00 2.289107777956773254e-02 -2.697140634821417193e-01 9.626683346397351126e-01
2.743698501586914062e+01 3.570402908325195312e+01 -3.327121019363403320e+00 1.724806882112869810e-01 2.560918986441100276e-01 -9.511400273582306664e-01
-2.672580337524414062e+01 9.414698600769042969e+00 -8.085531234741210938e+00 -4.362477686989137821e-02 -6.771439708810287131e-03 -9.990250379481597776e-01
-6.966933250427246094e+00 7.749719238281250000e+01 1.432644653320312500e+01 -1.643176268949649299e-01 8.187492088597214668e-01 5.501358472988169268e-01
-8.151120185852050781e+00 5.702644348144531250e+01 3.058779954910278320e+00 -7.057100295179986882e-02 4.459950252197200093e-01 -8.922489400507228607e-01
-3.154268455505371094e+01 1.434031295776367188e+01 -7.135230064392089844e+00 -1.957824451900501139e-01 5.005503396184572684e-02 -9.793690457281584161e-01
