-8.360800170898437500e+01 1.926087951660156250e+01 8.395775794982910156e+00 -3.416679871478530695e-01 8.841934798310634169e-02 -9.356521818820158209e-01
7.986528015136718750e+01 -1.771913146972656250e+01 1.365829849243164062e+01 9.748879134428848348e-01 -2.209047390126110122e-01 2.818958149296304019e-02
-2.119276237487792969e+01 -8.445865631103515625e+01 1.263478755950927734e+01 -1.942891097511229015e-01 -9.776101464628703663e-01 -8.080930246550546703e-02
1.683753585815429688e+01 8.386190795898437500e+01 1.407818031311035156e+01 2.520019280624262170e-01 9.655644634916662472e-01 6.465520160722212917e-02
-7.271550297737121582e-01 1.561830997467041016e+00 -1.862201309204101562e+01 3.316924266612910482e-02 6.527069125777213224e-03 -9.994284360120953004e-01
-7.616609191894531250e+01 -4.682904434204101562e+01 1.196520709991455078e+01 -8.356552122283346096e-01 -5.492038640067462563e-01 -7.448626428838788990e-03
-4.822737503051757812e+01 7.456234741210937500e+01 1.199761962890625000e+01 -5.371894815124637068e-01 8.426875641691676799e-01 3.612658504488350242e-02
4.341408157348632812e+01 -7.239149475097656250e+01 1.171980667114257812e+01 5.676863098475309899e-01 -8.232449526105415361e-01 -4.016167578294193197e-05
6.936000823974609375e+01 4.609506607055664062e+01 1.416018486022949219e+01 8.484559198979637618e-01 5.291234549108371210e-01 1.228500929260262567e-02
-2.931745910644531250e+01 -3.760918045043945312e+01 -4.145961761474609375e+00 -1.202300290115597553e-01 -2.129980699755200380e-01 -9.696270222671101724e-01
-1.050319766998291016e+01 4.492293548583984375e+01 2.129775047302246094e+00 1.556490654328351701e-03 -1.927316590854332712e-01 9.812502662027762224e-01
3.362224197387695312e+01 -2.593003273010253906e+01 1.785727024078369141e+00 -1.162099418288012470e-01 1.064197614146292908e-01 9.875070044311585749e-01
3.854683303833007812e+01 1.862569236755371094e+01 -4.140764236450195312e+00 1.772137084527539708e-01 1.123534270339329039e-01 -9.777382108571562869e-01
-4.118861389160156250e+01 5.948859214782714844e+00 8.542100191116333008e-01 2.398725080990488437e-02 -5.294391006579714232e-02 9.983093479405706905e-01
7.047091960906982422e+00 -5.742655944824218750e+01 -9.438779950141906738e-01 3.512410115679392986e-02 -3.693500668744750248e-01 -9.286263110733768977e-01
-5.439761734008789062e+01 4.008375167846679688e+01 1.499618053436279297e+00 -2.796343712501315193e-01 2.982812954493642699e-01 -9.125967823746655716e-01
3.527916717529296875e+01 5.420856094360351562e+01 3.384491920471191406e+00 1.305607321699524259e-01 3.220276285400488492e-01 -9.376844360829065250e-01
-7.077890014648437500e+01 -1.312746906280517578e+01 3.010185003280639648e+00 -3.171983631603875198e-01 -7.361813485483365005e-02 -9.454975243906598159e-01
-5.206299591064453125e+01 -7.050769042968750000e+01 1.649057388305664062e+01 -4.778313195896990995e-01 -6.845846629641164638e-01 5.504734955049823686e-01
6.603658294677734375e+01 -4.811336135864257812e+01 1.708327865600585938e+01 5.773472255743311576e-01 -4.045315189973817116e-01 7.092421527653960389e-01
-1.661355018615722656e+01 8.492396545410156250e+01 1.625077629089355469e+01 -1.062063761730676487e-01 9.582798255016311550e-01 2.653676349835224491e-01
6.970777130126953125e+01 1.326203346252441406e+01 6.642734050750732422e+00 4.828792700694360951e-01 8.552732437464369286e-02 -8.715002509021572141e-01
1.133154773712158203e+01 -8.455853271484375000e+01 1.685235214233398438e+01 1.630007362717947605e-01 -8.049248080967382757e-01 5.705495712778003714e-01
1.352970957756042480e+00 -2.556255722045898438e+01 -9.720039963722229004e-01 -6.896245055670879864e-02 2.018655107045808084e-01 9.769823417038776547e-01
9.351800918579101562e+00 2.304011154174804688e+01 -6.470959782600402832e-01 2.350242918190513508e-01 -3.660291012331579608e-01 9.004367158803554538e-01
-1.869726753234863281e+01 2.011503219604492188e+01 -7.941390991210937500e+00 -4.973554269623502860e-02 3.573977140021956239e-02 -9.981227602519495701e-01
5.641503906250000000e+01 -1.024059867858886719e+01 5.397239923477172852e-01 4.090537182345447831e-01 -9.240641159493950818e-02 -9.078194262597824027e-01
2.047104644775390625e+01 -1.969282984733581543e+00 -1.079347968101501465e+00 -2.463081554448715293e-01 1.681842903801210667e-02 9.690456299917143967e-01
-2.265943336486816406e+01 -1.157657051086425781e+01 -8.909729003906250000e+00 -9.364344148775202714e-02 -4.206449387688418473e-02 -9.947167859351784269e-01
-7.677774047851562500e+01 4.437364959716796875e+01 1.654320716857910156e+01 -6.715152241691855206e-01 5.042361589357933216e-01 5.429670337420918758e-01
-5.392454147338867188e+01 -3.368193054199218750e+01 5.219728946685791016e+00 1.926998440603752971e-01 1.467070530902211956e-01 9.702287414175535529e-01
1.003047466278076172e+01 6.155701828002929688e+01 1.622928023338317871e+00 9.958165320662090703e-02 3.571515300451137964e-01 -9.287229290434636519e-01
-1.834248542785644531e+01 -5.935237121582031250e+01 5.615663051605224609e+00 4.787155637743099879e-02 2.457633058072967447e-01 9.681470506119779218e-01
-3.390729522705078125e+01 5.582503128051757812e+01 1.194821000099182129e+00 -1.502431762785279845e-01 3.602763848845845773e-01 -9.206671029618870294e-01
3.225836181640625000e+01 -5.162856674194335938e+01 1.418009996414184570e+00 2.427193306737460421e-01 -3.187343134545920220e-01 -9.162400143761015858e-01
5.274133300781250000e+01 6.417462921142578125e+01 1.791216659545898438e+01 5.962373051748230957e-01 5.715257075122393005e-01 5.637902460760555456e-01
-8.984357452392578125e+01 -3.215749979019165039e+00 1.335493946075439453e+01 -9.348526762718313288e-01 -3.902013918576108936e-02 3.528851121899567178e-01
-6.164257812500000000e+01 1.752261734008789062e+01 2.150360047817230225e-01 -3.260838129268506802e-01 7.510922225170980904e-02 -9.423523500686088461e-01
4.929341506958007812e+01 3.587333679199218750e+01 7.570389747619628906e+00 -3.018047035128408884e-01 -2.016529599339941248e-01 9.317993371361589228e-01
-8.523062133789062500e+01 -2.583942604064941406e+01 1.630871582031250000e+01 -8.360956472971804443e-01 -2.651407652738863585e-01 4.802545607911357650e-01
5.539691543579101562e+01 -3.298231887817382812e+01 3.530208110809326172e+00 3.733978805596230854e-01 -2.167006674435650593e-01 -9.020060108020869771e-01
-4.360428237915039062e+01 -5.408616256713867188e+01 2.828300952911376953e+00 -2.140844437577756887e-01 -3.033830948398903438e-01 -9.285076998637618040e-01
-4.449443817138671875e+01 -1.588514995574951172e+01 -4.997610092163085938e+00 -2.612852023377138511e-01 -1.409193387468728187e-01 -9.549197783094055536e-01
-1.155922412872314453e+01 6.731119537353515625e+01 3.268605947494506836e+00 -4.428918986693599485e-02 4.336395293709770504e-01 -8.999973479004522714e-01
-3.310584640502929688e+01 3.358932495117187500e+01 2.081051111221313477e+00 1.296003443552766199e-01 -1.420283576206547993e-01 9.813417836689584117e-01
-6.273334503173828125e+01 5.892187881469726562e+01 8.761487960815429688e+00 -2.635276893950855293e-01 2.497324553483974419e-01 -9.317654520681414310e-01
1.853123092651367188e+01 4.233834838867187500e+01 -3.245311975479125977e+00 1.569828816353990575e-01 2.836015050041256202e-01 -9.460055820304874574e-01
2.277210044860839844e+01 -7.023847961425781250e+01 5.986203193664550781e+00 1.682751590683720100e-01 -3.597898932942414363e-01 -9.177334599565565298e-01
3.560013198852539062e+01 7.444338989257812500e+01 1.100416088104248047e+01 1.040200387939857196e-01 4.506906729440766646e-01 -8.865989785977157478e-01
-3.657843112945556641e+00 -7.452145385742187500e+01 5.740596771240234375e+00 8.509128334217604117e-02 -4.167854905052195691e-01 -9.050134410070963531e-01
-8.678386688232421875e+00 -4.369683837890625000e+01 -4.698534011840820312e+00 -2.825148632644298909e-03 -2.141647285146375534e-01 -9.767934723345846892e-01
1.774892616271972656e+01 -3.797278213500976562e+01 -4.941624164581298828e+00 8.472790456107064105e-02 -2.894220122656251948e-01 -9.534443250682266280e-01
8.153397369384765625e+01 1.714082956314086914e+00 1.777291107177734375e+01 5.754435434572889863e-01 -1.037501130168476046e-02 8.177756950617993681e-01
3.979423141479492188e+01 -1.048640966415405273e+00 -4.996109962463378906e+00 3.767243914695720397e-01 -6.653762927070161481e-02 -9.239326148388287141e-01
-3.469986343383789062e+01 -7.109138488769531250e+01 7.146914005279541016e+00 -1.314028771300416731e-01 -3.597075136417829944e-01 -9.237660897173016750e-01
7.669705200195312500e+01 2.822006797790527344e+01 1.716838073730468750e+01 5.406007425752376028e-01 -6.422082298391315093e-03 8.412547735294311213e-01
5.040952682495117188e+01 -5.464751815795898438e+01 7.465418815612792969e+00 3.079461845146340138e-01 -3.371564263797934280e-01 -8.896598741056527260e-01
-2.939185523986816406e+01 7.379884338378906250e+01 6.922185897827148438e+00 -1.092665951206532871e-01 4.100332742549062104e-01 -9.055018084987682681e-01
-1.156531524658203125e+01 2.984722137451171875e+00 -2.627202987670898438e+00 -3.142647447097903640e-02 -2.775036169483384441e-02 9.991207605330453267e-01
1.809292411804199219e+01 -1.941262435913085938e+01 -7.398941993713378906e+00 1.282104729682034990e-02 8.576046480218584012e-02 -9.962332876506013735e-01
5.156808471679687500e+01 9.031354904174804688e+00 5.296022891998291016e+00 -3.856018995160494511e-01 -3.936795262605412987e-02 9.218250047572192907e-01
-6.108797454833984375e+01 -5.679122543334960938e+01 8.021390914916992188e+00 -2.718196307213200380e-01 -2.589339678274442114e-01 -9.268588288729093794e-01
-5.814173507690429688e+01 -6.690329909324645996e-01 -1.779762029647827148e+00 -3.292485558753483477e-01 -4.089081705889383890e-03 -9.442344348014428679e-01
-7.275939941406250000e+01 4.436145782470703125e+00 7.952529907226562500e+00 3.640170771719610232e-01 -1.923102433337902512e-02 9.311937152012311758e-01
-5.391730070114135742e-01 8.078588867187500000e+01 8.756532669067382812e+00 2.390271259229915721e-02 3.308020154652149269e-01 -9.433974172610828379e-01
3.151045083999633789e+00 -7.564355850219726562e+00 -2.764985084533691406e+00 -2.116520829897792014e-02 2.450956241671953598e-02 9.994755201143256107e-01
-7.195772552490234375e+01 -3.078551292419433594e+01 5.385821819305419922e+00 -3.059709796454553321e-01 -1.508022197453212365e-01 -9.400215157828486490e-01
-7.053066253662109375e+01 3.212507247924804688e+01 5.313483238220214844e+00 -2.836418225232001933e-01 1.473662481837145488e-01 -9.475391841037357210e-01
-1.639345741271972656e+01 -2.583884811401367188e+01 -4.534560143947601318e-01 3.886170332999355770e-02 8.123609185831777435e-02 9.959369786255948265e-01
3.243979644775390625e+01 3.357396316528320312e+01 3.119802951812744141e+00 -1.505016510212665304e-01 -1.151487267870188319e-01 9.818808602672736141e-01
-5.062579154968261719e+00 3.093604469299316406e+01 -6.780413150787353516e+00 1.540965702106697477e-02 3.430037817926417931e-01 -9.392076171680246999e-01
7.166592407226562500e+01 -3.293877410888671875e+01 1.058837127685546875e+01 2.608749993074918616e-01 -1.000479686455567341e-01 -9.601742751741548787e-01
-4.501919937133789062e+01 2.227313232421875000e+01 -3.845790863037109375e+00 -3.194914165889369273e-01 1.462959894422330709e-01 -9.362279200061877082e-01
2.209858131408691406e+01 1.389976310729980469e+01 -8.106796264648437500e+00 1.189765676472043787e-01 1.498033614179536122e-01 -9.815312166501746205e-01
-6.917114257812500000e+00 -1.384133911132812500e+01 -1.498194122314453125e+01 -4.025337787596304229e-01 -7.876012183962727287e-01 -4.665306825260259194e-01
-2.714215850830078125e+01 5.224996089935302734e+00 -8.019835472106933594e+00 -8.784665780205480612e-02 2.282400692050790686e-02 -9.958724965682611563e-01
7.030922698974609375e+01 -3.723758935928344727e+00 6.819300174713134766e+00 5.034265116691480912e-01 -5.868541676840040300e-02 -8.620427885014479985e-01
6.426457214355468750e+01 2.895523262023925781e+01 6.266920089721679688e+00 4.300944626419868078e-01 1.892951700422893790e-01 -8.827151815865417195e-01
5.501300048828125000e+01 5.132443618774414062e+01 7.991948127746582031e+00 3.817717663160558605e-01 3.130761813344170585e-01 -8.696169404542313242e-01
1.340546703338623047e+01 -5.864655017852783203e+00 -1.530731964111328125e+01 6.186777989918916809e-01 -2.764510057897100470e-01 -7.353996345065763052e-01
-2.277826070785522461e+00 1.498098945617675781e+01 -8.558162689208984375e+00 -3.787061503090204811e-02 1.037336520011137159e-01 -9.938838694534151141e-01
2.380990600585937500e+01 6.349835586547851562e+01 9.459216117858886719e+00 -1.432011755715162649e-01 -2.490134382021047532e-01 9.578547545999352986e-01
-5.891241073608398438e+00 -8.551697540283203125e+01 1.702877235412597656e+01 -1.880879852334188529e-02 -6.502477965602715404e-01 7.594893232736191768e-01
-4.794707489013671875e+01 5.295069122314453125e+01 8.047823905944824219e+00 2.091902128637332103e-01 -2.195931208618105146e-01 9.528999507357508447e-01
4.128700637817382812e+01 -3.947526931762695312e+01 5.472970008850097656e+00 -2.039486137068292348e-01 1.414451616114758281e-01 9.687095690782486779e-01
-1.997882843017578125e+01 3.571437454223632812e+01 -6.261474132537841797e+00 -8.492226631827136385e-02 2.122681985381220104e-01 -9.735144685995935632e-01
3.841069936752319336e+00 4.790395355224609375e+01 -3.326766967773437500e+00 7.074146359143970719e-02 2.021658840791574208e-01 -9.767930183224252660e-01
-3.176547622680664062e+01 -2.288223075866699219e+01 5.419080257415771484e-01 8.048976573308894156e-02 1.017059265884978914e-01 9.915529749383072966e-01
6.477228546142578125e+01 -1.902309036254882812e+01 1.027952480316162109e+01 -2.354381400406878877e-01 6.269967929642659976e-02 9.698647495554763021e-01
3.017616844177246094e+01 -7.909186553955078125e+01 1.627160072326660156e+01 2.992604584933897804e-01 -6.325433897756287394e-01 7.143752781511151229e-01
-3.096590042114257812e+01 1.741158294677734375e+01 7.268720269203186035e-01 9.090729693623682273e-02 -7.069287563768994476e-02 9.933470595405319292e-01
-5.656900787353515625e+01 -1.873800086975097656e+01 3.997467041015625000e+00 2.449846841415325993e-01 5.769607442375188772e-02 9.678086936642811278e-01
9.368929862976074219e+00 8.000196456909179688e+00 -2.454489946365356445e+00 -8.469578942101203822e-02 -1.009785093991319299e-01 9.912769360243791628e-01
4.303473281860351562e+01 -1.563016700744628906e+01 -3.400398015975952148e+00 2.066516561914725214e-01 -9.418017774917658569e-02 -9.738712374397628935e-01
4.984105110168457031e+00 -4.258311080932617188e+01 1.022938966751098633e+00 -1.669568790539369130e-02 1.849619425646557569e-01 9.826038539554355911e-01
5.197300338745117188e+01 2.318090629577636719e+01 8.326300233602523804e-02 3.234301867329744118e-01 1.478439090464028494e-01 -9.346309928885048190e-01
-3.359450531005859375e+01 -6.746953010559082031e+00 -2.012349963188171387e-01 1.974315392797102164e-01 2.047230376210217723e-02 9.801028885154438042e-01
-2.942606353759765625e+01 -5.196417999267578125e+01 -6.655700206756591797e-01 -7.562506586409517562e-02 -2.777870065061853744e-01 -9.576613328465255481e-01
-1.500268459320068359e+01 -1.387434005737304688e+00 -1.625360298156738281e+01 -5.685005035862157330e-01 -5.329677885131096221e-02 -8.209547069030626032e-01
2.191619873046875000e+01 2.838262367248535156e+01 -5.751143932342529297e+00 1.019303874618910505e-01 1.690890223531888725e-01 -9.803158157611818746e-01
-8.319120788574218750e+01 3.127281951904296875e+01 1.653197097778320312e+01 -5.456492908417834853e-01 1.808105688649828402e-01 8.182752529501181593e-01
-1.982060432434082031e+01 5.557290649414062500e+01 5.087420940399169922e+00 8.872238021766913618e-02 -2.503411237494524988e-01 9.640838454244383682e-01
8.864679336547851562e+00 -6.801472473144531250e+01 8.753920555114746094e+00 -9.200232349156230172e-02 3.524445061195923823e-01 9.312993302790840700e-01
-4.113238143920898438e+01 -3.989041900634765625e+01 3.572338104248046875e+00 1.576881763636656386e-01 1.283636192954244470e-01 9.791104229230127576e-01
2.975212860107421875e+01 -1.114547157287597656e+01 -6.759572982788085938e+00 2.099785344514474572e-01 -8.763291469478554085e-02 -9.737707570736137130e-01
1.831826210021972656e+01 -4.970850753784179688e+01 3.302000999450683594e+00 -1.011894287931043718e-01 2.582764004567739691e-01 9.607569934523596533e-01
-6.421032714843750000e+01 -4.333473587036132812e+01 5.302271842956542969e+00 -2.771366449648490216e-01 -1.999165240260158960e-01 -9.398024597961971427e-01
-6.671645355224609375e+01 4.558753585815429688e+01 6.668210029602050781e+00 -3.422785532336586889e-01 2.436015057947016060e-01 -9.074710454724312925e-01
8.095261383056640625e+01 1.523749065399169922e+01 1.459357738494873047e+01 9.798892958440740264e-01 1.636319004661041798e-01 1.141996893168094190e-01
-8.373709106445312500e+01 -1.482810211181640625e+01 8.025134086608886719e+00 -3.433931995590002728e-01 -8.112822194761941386e-02 -9.356812075168821075e-01
3.097541046142578125e+01 7.963028907775878906e+00 7.433410286903381348e-01 -1.492032989575379220e-01 3.427750995029535354e-04 9.888064816158005366e-01
-2.835905075073242188e+00 5.669087600708007812e+01 5.026099205017089844e+00 -2.120497355747705953e-02 -1.848438745262086236e-01 9.825391041310089779e-01
1.046848964691162109e+01 7.201471710205078125e+01 1.067752265930175781e+01 -8.601517253292828569e-02 -2.689677968157684340e-01 9.593006381579249897e-01
-4.145050811767578125e+01 4.442854309082031250e+01 -6.997529864311218262e-01 -1.599859736557658063e-01 2.405046900940257526e-01 -9.573724365554888704e-01
3.380297851562500000e+01 -6.272242736816406250e+01 9.726401329040527344e+00 -1.524131235235779147e-01 2.519857693636946561e-01 9.556533952307046942e-01
-4.677049160003662109e+00 -6.070849227905273438e+01 5.471569061279296875e+00 6.874231726009595068e-04 2.910319147843285492e-01 9.567130980739989576e-01
8.748105049133300781e+00 1.113168811798095703e+01 -1.577746105194091797e+01 2.348171154301608443e-01 2.510719762012411094e-01 -9.390547295378804948e-01
-1.751941299438476562e+01 -7.307427215576171875e+01 6.005228996276855469e+00 -8.363617695934247309e-02 -3.827450713820802486e-01 -9.200604329262029868e-01
-3.959800720214843750e+01 6.451805877685546875e+01 9.694126129150390625e+00 1.267108645431134495e-01 -2.597634952061629310e-01 9.573229775603500080e-01
-3.338789367675781250e+01 -8.040203857421875000e+01 1.665409469604492188e+01 -2.161900795567951450e-01 -5.494249363044005907e-01 8.070898889641302532e-01
7.574350833892822266e+00 3.520727539062500000e+01 -6.112473011016845703e+00 4.170743133465185798e-02 2.380679713273428366e-01 -9.703525808692161636e-01
-8.868164825439453125e+01 9.763757705688476562e+00 1.623459625244140625e+01 -4.871538480164475660e-01 -5.810091401739512183e-03 8.732968402557468313e-01
-3.662916946411132812e+01 7.887629699707031250e+01 1.685662651062011719e+01 -1.747066963014673180e-01 4.233859098306227975e-01 8.889442848819731902e-01
3.090699768066406250e+01 -3.841125488281250000e+01 -2.735221862792968750e+00 1.950086823742938347e-01 -2.001788916276384112e-01 -9.601562503808283022e-01
4.312999343872070312e+01 6.350692367553710938e+01 8.646631240844726562e+00 2.827493140814301142e-01 4.018100436135850217e-01 -8.709773327921512820e-01
-5.373431396484375000e+01 2.718989181518554688e+01 4.781186103820800781e+00 2.004636639522615893e-01 -1.307576572063927911e-01 9.709360197854081109e-01
-1.076874732971191406e+01 -1.019746017456054688e+01 -2.874918937683105469e+00 8.638931222571203522e-03 2.094478264257130379e-02 9.997433095286945015e-01
5.262474060058593750e+01 -6.411534881591796875e+01 1.628673171997070312e+01 3.309589256451052064e-01 -3.291144108257125778e-01 8.843923869655831993e-01
-4.322793197631835938e+01 -2.882854843139648438e+01 -3.177659034729003906e+00 -1.572076506560439735e-01 -1.678046598320407645e-01 -9.732046807911788333e-01
1.851485061645507812e+01 5.224467468261718750e+01 5.271384239196777344e+00 -6.721773259387295307e-02 -1.876985817663898992e-01 9.799239862498644316e-01
-2.500406455993652344e+01 4.375915908813476562e+01 2.902739048004150391e+00 6.289012505351321281e-02 -1.790519728387927612e-01 9.818274915652390744e-01
5.068291091918945312e+01 -2.100309753417968750e+01 5.585525035858154297e+00 -2.386392491615957345e-01 7.119798282175565651e-02 9.684947888355945889e-01
-1.975699424743652344e+01 -4.387019348144531250e+01 1.820827960968017578e+00 4.973128024984227458e-02 1.249075557472241471e-01 9.909212391920790841e-01
4.084882736206054688e+01 4.291138076782226562e+01 1.041533946990966797e+00 2.778843227894235435e-01 3.665001458817714330e-01 -8.879515449710664310e-01
5.593743133544921875e+01 -4.357931137084960938e+01 1.057071113586425781e+01 -2.765373802037941475e-01 1.556507079730096443e-01 9.483142593347013705e-01
-5.605173492431640625e+01 6.587169647216796875e+01 1.698912048339843750e+01 -5.192300038587110977e-02 3.039334196718690775e-02 9.981884825998518229e-01
6.135050201416015625e+01 5.492888641357421875e+01 1.833576774597167969e+01 2.586211278750259468e-01 1.962966372406288462e-01 9.458238432312172650e-01
-7.098983764648437500e+01 1.969301414489746094e+01 8.426414489746093750e+00 3.809783928056429403e-01 -1.030030657129587246e-01 9.188285110231184660e-01
-1.205984497070312500e+01 1.078389263153076172e+01 -1.519418525695800781e+01 -6.175887650273225171e-01 6.085721835532927892e-01 -4.982208493401334981e-01
-4.690428161621093750e+01 -5.251684188842773438e+00 1.383934020996093750e+00 1.169510591610317674e-01 -1.354655892069712986e-03 9.931367552701526602e-01
-5.218191146850585938e+01 -4.606408309936523438e+01 7.089034080505371094e+00 2.071628466484899400e-01 1.709683561619486369e-01 9.632514605022798326e-01
-5.198666763305664062e+01 1.045780181884765625e+01 -3.176003932952880859e+00 -2.946719195482580544e-01 8.067383993392329700e-02 -9.521870569273983564e-01
-7.466817855834960938e+00 -3.163178825378417969e+01 -7.070685863494873047e+00 -2.416885162435949280e-02 -1.248731156883460397e-01 -9.918783048284928183e-01
-4.595920562744140625e+01 -6.542491149902343750e+01 7.101494789123535156e+00 -2.090634675936795250e-01 -2.776340218543709160e-01 -9.376629545986516767e-01
6.047539138793945312e+01 1.315171003341674805e+00 1.431514978408813477e+00 3.829894189195199861e-01 -3.120883469045327221e-02 -9.232253861506151127e-01
2.688959693908691406e+01 7.849071502685546875e+01 1.859945487976074219e+01 -7.170505615991236079e-03 4.276258218658918198e-02 9.990595304655004449e-01
2.748516654968261719e+01 1.982907485961914062e+01 1.114660978317260742e+00 -1.067840196996341640e-01 -7.589423243280357667e-02 9.913814798654572158e-01
4.427480101585388184e-01 6.935654449462890625e+01 4.295144081115722656e+00 6.586533198779434550e-02 4.059030921337986597e-01 -9.115395975153017805e-01
-8.170925140380859375e+01 -3.607426834106445312e+01 1.072218894958496094e+01 -7.771966337788071000e-01 -3.763789886735724455e-01 -5.042858805558106949e-01
6.073421478271484375e+01 4.063058853149414062e+01 7.374630928039550781e+00 3.701635999206011052e-01 2.322245755729064332e-01 -8.994724319254063793e-01
2.172775650024414062e+01 -2.799053955078125000e+01 5.992550253868103027e-01 -4.933392163989080287e-02 5.600326271668954609e-02 9.972110101381324032e-01
5.082293987274169922e+00 -1.458049488067626953e+01 -1.394052219390869141e+01 3.326424196534406019e-01 -8.429784903336019486e-01 4.227721436920668929e-01
-1.777629280090332031e+01 7.703353118896484375e+01 7.195426940917968750e+00 -9.175389393423304119e-02 4.342566893638517000e-01 -8.961039843068731026e-01
2.799542427062988281e+01 4.465821075439453125e+01 4.742874145507812500e+00 -1.826841506014527661e-01 -2.640644723974839292e-01 9.470461739199753648e-01
4.477487945556640625e+01 -2.967190170288085938e+01 -9.724199771881103516e-01 2.943691249962320788e-01 -1.807178512081413779e-01 -9.384497197525634160e-01
4.801765823364257812e+01 -2.283574104309082031e+00 3.598295927047729492e+00 -2.902998647863074821e-01 5.829686952302772819e-03 9.569179710168942421e-01
-2.872066688537597656e+01 2.667336845397949219e+01 -6.629340171813964844e+00 -8.350359816454655526e-02 1.475689211904954723e-01 -9.855204526503988927e-01
5.891756820678710938e+01 1.806646537780761719e+01 8.377889633178710938e+00 -3.352446514227515051e-01 -8.371166140813654510e-02 9.384047002422394312e-01
-1.417099189758300781e+01 2.761529159545898438e+01 1.395000070333480835e-01 6.594797517389804076e-02 -2.067968777259378832e-01 9.761587554969050062e-01
2.021520423889160156e+01 -8.116104888916015625e+01 9.737388610839843750e+00 1.034852834325318272e-01 -3.812488213703543738e-01 -9.186621426381975652e-01
-3.394819641113281250e+01 -5.937696838378906250e+01 7.325778961181640625e+00 9.325965545461824269e-02 2.462043476584597212e-01 9.647207139159799105e-01
1.083832550048828125e+01 -2.875802993774414062e+01 -7.155786991119384766e+00 8.786840736383180750e-02 -1.154275111436096762e-01 -9.894218678897973573e-01
-6.917666625976562500e+01 5.335678100585937500e+01 1.680812454223632812e+01 -1.141371351929025696e-01 7.859969948877874868e-02 9.903508477354026063e-01
4.307463836669921875e+01 3.093084907531738281e+01 -1.001286983489990234e+00 2.837389438156824317e-01 2.175399020104482606e-01 -9.338996749092729477e-01
-6.899275970458984375e+01 -5.489575958251953125e+01 1.640798187255859375e+01 -2.902923415370463611e-01 -2.991209696880154367e-01 9.089867996499401137e-01
-4.451812744140625000e+01 3.424601364135742188e+01 4.007174968719482422e+00 1.818854507034493861e-01 -1.439564091361044407e-01 9.727251590716884388e-01
5.816679000854492188e+00 8.442929840087890625e+01 1.772265625000000000e+01 7.895607647836538553e-03 5.643600058901208083e-01 8.254910315270386212e-01
2.190879249572753906e+01 7.494189453125000000e+01 8.739869117736816406e+00 1.117699798049558713e-01 3.638401469544398359e-01 -9.247312145042857479e-01
-8.037058258056640625e+01 -4.002047061920166016e+00 6.150220870971679688e+00 -3.836325232980380417e-01 -8.463997824121676297e-03 -9.234470465645627790e-01
-1.026260972023010254e+00 3.826309967041015625e+01 1.087059974670410156e+00 -2.177311709372756632e-03 -6.777871128601702100e-02 9.976980032104538765e-01
-4.338004302978515625e+01 -7.669369506835937500e+01 1.223394966125488281e+01 -4.994206145277634845e-01 -8.595608035320320139e-01 -1.083248577939451007e-01
6.521234035491943359e+00 -7.918552398681640625e+01 7.991490840911865234e+00 6.229982268958520614e-02 -5.078190395438278992e-01 -8.592080977095307714e-01
4.325490188598632812e+01 7.050248718261718750e+01 1.852475738525390625e+01 5.622246329949390914e-02 6.731753387762333353e-04 9.984180394281246818e-01
-2.729124641418457031e+01 8.359325408935546875e+01 1.231785202026367188e+01 -1.159407112219498076e-01 9.675380426024500213e-01 -2.245615452350829822e-01
2.392538261413574219e+01 -5.953023910522460938e+01 2.275135993957519531e+00 1.875995547761097892e-01 -3.381142127715454637e-01 -9.222175373357870409e-01
-1.129346561431884766e+01 -5.435894012451171875e+01 -1.804750919342041016e+00 -4.280819242111116169e-02 -3.242675296748255831e-01 -9.449963110299549607e-01
6.040082931518554688e+01 -5.680748367309570312e+01 1.237693214416503906e+01 7.271464988677387442e-01 -6.649699085157130263e-01 -1.705080348634460119e-01
-5.060950851440429688e+01 6.406072998046875000e+01 7.242391109466552734e+00 -1.613399921414821470e-01 2.931693340842054241e-01 -9.423487403760933967e-01
-1.799827194213867188e+01 -3.565166854858398438e+01 -5.744368076324462891e+00 -1.035176113357892669e-01 -1.433651774025322956e-01 -9.842410934581389270e-01
4.388017654418945312e+01 5.003721618652343750e+01 9.336509704589843750e+00 -2.139537076469651133e-01 -1.937763467752560975e-01 9.574312186337735620e-01
-6.224459075927734375e+01 7.424572944641113281e+00 5.145386219024658203e+00 2.665261791773416711e-01 -6.936839041919184989e-02 9.613281553266699309e-01
4.465418243408203125e+01 9.191513061523437500e+00 -3.610539913177490234e+00 2.862725970230226569e-01 2.913200378580431751e-02 -9.577052399089804879e-01
-3.331912994384765625e+01 -1.520178318023681641e+01 -7.580669879913330078e+00 -1.558297608445387561e-01 -1.310563950633780173e-01 -9.790512279488371439e-01
-2.136272621154785156e+01 -2.486656904220581055e+00 -2.332582950592041016e+00 1.772907451835950277e-01 -3.575128808431335403e-02 9.835089410231907525e-01
-2.002032852172851562e+01 1.087385749816894531e+01 -1.501131057739257812e+00 1.909692842347537611e-01 -1.312386689746278534e-01 9.727831948818986829e-01
-2.811384391784667969e+01 6.280103683471679688e+01 7.881953239440917969e+00 9.204863122728569602e-02 -2.223640675247992027e-01 9.706087115635269047e-01
8.622577667236328125e+00 -1.720732116699218750e+01 -1.885424017906188965e+00 -5.818140769101680376e-02 6.948969965775107782e-02 9.958845843974928336e-01
2.912386894226074219e+01 6.927909851074218750e-01 -7.542689800262451172e+00 1.885564924479572191e-01 -3.013628744356386391e-02 -9.815998437932039744e-01
-3.842586898803710938e+01 1.365129661560058594e+01 -6.557640075683593750e+00 -1.731697109446310445e-01 5.586247739301546805e-02 -9.833064806208020592e-01
-5.071039795875549316e-01 2.849838972091674805e+00 -2.923506975173950195e+00 -1.228619721421416178e-01 1.592813887294739980e-02 9.922959388173407946e-01
-6.566712188720703125e+01 -3.671024084091186523e+00 5.779493808746337891e+00 2.226543931550603317e-01 1.227085380292978860e-02 9.748202128370642150e-01
7.999063110351562500e+01 -7.047749042510986328e+00 1.112833118438720703e+01 5.401125991784451186e-01 -5.659411539508568678e-02 -8.396877314283875959e-01
-7.485077667236328125e+01 -2.104587936401367188e+01 9.653338432312011719e+00 3.556372979391984601e-01 5.923100562119947704e-02 9.327453030102094145e-01
7.188074493408203125e+01 3.568237686157226562e+01 1.074238681793212891e+01 3.918495265133535299e-01 1.473168760577719394e-01 -9.081584039141189502e-01
-5.658668041229248047e+00 8.509049224853515625e+01 1.741734313964843750e+01 -1.911968700387827597e-02 4.540261555460680110e-01 8.907831877897849360e-01
-6.055906677246093750e+01 -6.363969039916992188e+01 1.654092979431152344e+01 -4.033265649598680169e-01 -4.491274484357002938e-01 7.972529191287485162e-01
1.693282699584960938e+01 4.264999866485595703e+00 -9.316394805908203125e+00 1.120139564100842977e-01 -3.604754663280066579e-02 -9.930525907277598652e-01
-2.414876365661621094e+01 -2.218813705444335938e+01 -7.158510208129882812e+00 -3.495640251383395902e-02 -1.327181649579912137e-01 -9.905371969862991621e-01
-4.059769439697265625e+01 -1.796577930450439453e+00 -6.788989067077636719e+00 -1.863944843455530020e-01 2.982825708870102607e-02 -9.820220828905049659e-01
-6.233039855957031250e+01 -2.757704734802246094e+01 1.660494089126586914e+00 -3.182334179422250942e-01 -1.681190978905533484e-01 -9.329863132057594211e-01
-1.123164939880371094e+01 5.507840347290039062e+01 -1.559490919113159180e+00 -3.815329010154868694e-01 4.514645746563940021e-01 -8.066054694043600648e-01
1.508845996856689453e+01 3.295813751220703125e+01 1.288054943084716797e+00 -3.186149156345884081e-02 -7.393832408237280274e-02 9.967537156124584019e-01
-1.049709701538085938e+01 1.679394149780273438e+01 -1.783998966217041016e+00 4.680159039664427006e-02 -1.006313914772143103e-01 9.938223856332198958e-01
-8.270456695556640625e+01 8.493986129760742188e+00 7.312275886535644531e+00 -3.544407437706196262e-01 3.020077351661187501e-02 -9.345906443113628503e-01
-1.997424006462097168e+00 -5.077725982666015625e+01 2.386682987213134766e+00 8.701509871565170362e-03 1.710537636336557921e-01 9.852232709760343488e-01
-1.348927497863769531e+01 -1.903858184814453125e+01 -8.278907775878906250e+00 -7.901914353637233546e-02 -1.264399910608294542e-01 -9.888219777165733193e-01
-1.563904047012329102e+00 2.260054206848144531e+01 -9.528189897537231445e-01 -1.066875571640717862e-02 -1.867475920976150450e-01 9.823499959267096848e-01
4.078255081176757812e+01 -5.004957199096679688e+01 7.731284141540527344e+00 -2.038212881991678382e-01 2.065465371361880631e-01 9.569720008829313285e-01
2.547759628295898438e+01 -1.801866531372070312e+01 2.818709909915924072e-01 -1.406014102959227130e-01 7.065087996867334963e-02 9.875422505302999809e-01
2.599473953247070312e+00 -3.541251754760742188e+01 -6.588302135467529297e+00 4.506435829606988963e-02 -2.105001178667509354e-01 -9.765546088107144307e-01
7.598812866210937500e+01 5.180130004882812500e+00 9.434521675109863281e+00 4.420797825559346639e-01 4.607945456539784546e-02 -8.957913539001439718e-01
-1.159769630432128906e+01 -8.126873779296875000e+01 9.209577560424804688e+00 -5.699613676693066761e-02 -4.189909215663791819e-01 -9.061997837334776484e-01
7.607110595703125000e+01 -2.663920211791992188e+01 1.785708999633789062e+01 8.849962787972230627e-02 -7.440613713178489963e-02 9.932932812730974614e-01
3.645091247558593750e+01 -8.795231819152832031e+00 1.296328067779541016e+00 -1.212274373816038253e-01 4.217421319091817916e-02 9.917284125039557141e-01
-7.887913513183593750e+01 3.729663848876953125e+01 9.032904624938964844e+00 -2.998281847852451998e-01 1.658466060981008960e-01 -9.394668503220995337e-01
-5.506128692626953125e+01 -1.066943550109863281e+01 -2.455312967300415039e+00 -2.918887534054193655e-01 -8.508065778400650259e-02 -9.526606097170550180e-01
-2.567041397094726562e+01 -6.673121643066406250e+01 4.258633136749267578e+00 -8.339423630248662955e-02 -3.500721321472979874e-01 -9.330031637917256537e-01
6.961298370361328125e+01 2.222646141052246094e+01 1.211556625366210938e+01 -1.818101049605090336e-01 -5.995811586429156820e-02 9.815040041060723031e-01
-5.746921157836914062e+01 5.004775238037109375e+01 5.082549095153808594e+00 -2.338311259937384812e-01 2.272611837057398054e-01 -9.453440426094440463e-01
-8.350693702697753906e+00 7.408411407470703125e+01 1.040706729888916016e+01 -1.001289998923951367e-02 -2.991897103981470130e-01 9.541411106464695591e-01
6.511539459228515625e+01 4.675153732299804688e+00 1.012756061553955078e+01 -2.955998307535607217e-01 -1.738765648453425780e-02 9.551536051653901627e-01
1.431104946136474609e+01 -5.964843368530273438e+01 6.085583209991455078e+00 -8.183470700319954438e-02 3.003416489675067025e-01 9.503146713721615235e-01
-6.168859481811523438e+01 3.669467163085937500e+01 7.919157981872558594e+00 2.377154753539230947e-01 -1.550825783309920936e-01 9.588747293966350949e-01
4.407182693481445312e+01 -6.285447692871093750e+01 7.959470748901367188e+00 2.400740414531685185e-01 -2.788999679069203985e-01 -9.298275445058943323e-01
-2.591212272644042969e+01 -7.532112884521484375e+01 1.148263359069824219e+01 3.068556609677867975e-02 2.405433776833731385e-01 9.701532247464801362e-01
-5.089539337158203125e+01 -5.643510437011718750e+01 9.661686897277832031e+00 1.666483241184372743e-01 3.022995010980835673e-01 9.385325501570875861e-01
6.208322525024414062e+01 -2.912609672546386719e+01 1.029348945617675781e+01 -2.626405307521836874e-01 1.287615576130515527e-01 9.562637778810154643e-01
3.357156753540039062e+01 -7.287580108642578125e+01 8.899490356445312500e+00 1.414545927210538456e-01 -2.748622289971747734e-01 -9.510212159930110376e-01
1.237942695617675781e+01 1.695873832702636719e+01 -8.263886451721191406e+00 -4.922528619505987801e-02 5.106908463325682268e-02 -9.974812378153965486e-01
-2.502814054489135742e+00 -1.625232124328613281e+01 -2.375878095626831055e+00 -3.740775726319839345e-02 1.066281031890502912e-01 9.935950419093498853e-01
1.973928642272949219e+01 -9.461786270141601562e+00 -8.235501289367675781e+00 7.391809474259244950e-02 -9.953668293013995250e-02 -9.922845176767044473e-01
9.826044082641601562e+00 4.170504760742187500e+01 1.972903013229370117e+00 -5.950209942277444319e-02 -1.411918295478827301e-01 9.881924748920142276e-01
4.503829574584960938e+01 1.647826004028320312e+01 3.383032083511352539e+00 -2.443121506972132095e-01 -9.321894424427171200e-02 9.652055747122918472e-01
6.586074066162109375e+01 -4.121243286132812500e+01 9.733637809753417969e+00 3.527098463729533284e-01 -2.088372049247097795e-01 -9.121309040432751258e-01
6.197920608520507812e+01 -9.212235450744628906e+00 8.852729797363281250e+00 -3.010429243856819759e-01 1.379152998833995877e-02 9.535108554064275488e-01
3.336059188842773438e+01 6.465670013427734375e+01 6.785298824310302734e+00 1.721534721760163977e-01 3.565436413610723054e-01 -9.182809013709959389e-01
-8.790365600585937500e+01 -1.237348461151123047e+01 1.676588439941406250e+01 -4.030532330025977661e-01 -2.148161573596764698e-02 9.149243857016413628e-01
3.270059585571289062e+01 2.668343925476074219e+01 -4.052535057067871094e+00 2.412197186396672355e-01 2.270149372382125608e-01 -9.435450522418791230e-01
-3.508900833129882812e+01 -3.220880126953125000e+01 1.851849079132080078e+00 1.050935891852847193e-01 1.261794795208643627e-01 9.864248965126530821e-01
-1.832863235473632812e+01 4.821070098876953125e+01 -3.006879091262817383e+00 -6.184098865125400857e-02 3.130447883337139636e-01 -9.477228775437130937e-01
-5.262499237060546875e+01 -2.619165420532226562e+01 -1.410658955574035645e+00 -2.338844563031099166e-01 -1.890943768462679253e-01 -9.536987877442858474e-01
7.271085357666015625e+01 -1.328890895843505859e+01 8.413805007934570312e+00 3.984858123515960249e-01 -8.087241855827237424e-02 -9.136020519192281641e-01
-1.062769603729248047e+01 3.908177947998046875e+01 -5.853973865509033203e+00 -8.865439262059484704e-04 1.560331915110749479e-01 -9.877514146721001476e-01
8.468263626098632812e+00 5.216143417358398438e+01 4.289185047149658203e+00 -4.259921258350807954e-02 -2.718829697739809093e-01 9.613869969133895799e-01
-5.067397308349609375e+01 1.793066787719726562e+01 3.245146989822387695e+00 1.763367658507378477e-01 -8.868756370983042758e-02 9.803264053632936292e-01
-6.332339859008789062e+01 2.561997222900390625e+01 6.843019008636474609e+00 2.823739598314736754e-01 -8.219379157891570920e-02 9.557767142146615935e-01
-3.911560058593750000e+01 7.419135284423828125e+01 8.289963722229003906e+00 -1.358562296224784804e-01 3.142805980314397063e-01 -9.395588276280336659e-01
-2.524684906005859375e+01 -3.016025161743164062e+01 7.363389730453491211e-01 7.638370109373671113e-02 1.560676018591764247e-01 9.847885224032355556e-01
2.013921165466308594e+01 7.780538082122802734e+00 -7.264840006828308105e-01 -1.904213919296051660e-01 -9.153429041499315522e-02 9.774257860184656366e-01
1.796668624877929688e+01 1.814821624755859375e+01 -2.304899990558624268e-01 -1.250555177732371737e-01 -1.222670487009409890e-01 9.845871654030583509e-01
-3.731945419311523438e+01 2.481656455993652344e+01 1.707118034362792969e+00 1.382317413021577068e-01 -1.014857218476418743e-01 9.851865985475219967e-01
6.121789169311523438e+01 1.100189781188964844e+01 1.998633027076721191e+00 3.432907100890654206e-01 6.214921170903107972e-02 -9.371707228944422541e-01
1.114397144317626953e+01 -4.880271530151367188e+01 -3.187361955642700195e+00 6.501731357860332516e-02 -2.070706154839469237e-01 -9.761631570276153580e-01
-2.286810493469238281e+01 2.328798675537109375e+01 3.409900069236755371e-01 1.365995522597021894e-01 -1.498746449121844682e-01 9.792232396828087770e-01
-4.035531997680664062e+00 -3.687163162231445312e+01 3.909719884395599365e-01 1.569997816944978045e-02 1.087834138380712884e-01 9.939414869896586735e-01
-1.973447036743164062e+01 6.762879943847656250e+01 8.575624465942382812e+00 1.089802175850748123e-01 -1.786305963402645969e-01 9.778621693399491832e-01
4.878734970092773438e+01 -4.548819732666015625e+01 4.226302146911621094e+00 3.369179906545888281e-01 -2.862852422069596670e-01 -8.969543063432925400e-01
1.087000083923339844e+01 -1.546589970588684082e+00 -2.640085935592651367e+00 -7.217030901831629486e-02 -1.570107642478569404e-02 9.972687314336610154e-01
-7.882093048095703125e+01 2.776331710815429688e+01 7.615255832672119141e+00 -3.314105518848950438e-01 1.065831159768055175e-01 -9.374471107684018145e-01
5.475748825073242188e+01 2.791616821289062500e+01 8.002069473266601562e+00 -2.970569054796753372e-01 -1.208800758252583651e-01 9.471774924349285474e-01
-7.080335998535156250e+01 -3.891153717041015625e+01 1.082676506042480469e+01 2.843901459928076525e-01 1.560982196656064691e-01 9.459152132614304653e-01
-2.886416816711425781e+01 -4.224016189575195312e+00 -8.238472938537597656e+00 -1.878428451984842651e-01 5.756209622588451258e-02 -9.805109232363605765e-01
-2.680814361572265625e+01 1.481738471984863281e+01 -7.636099815368652344e+00 -7.473332190285970900e-02 3.131206353275540338e-02 -9.967118366281622066e-01
-2.634764099121093750e+01 -1.509666919708251953e+01 -7.960199713706970215e-01 2.025434825533948824e-01 1.417538583143963804e-01 9.689592258336388042e-01
1.040966033935546875e+01 -3.472731781005859375e+01 3.517990112304687500e-01 -4.510401701421731802e-02 8.924313843504660948e-02 9.949880853012482707e-01
2.331738471984863281e+01 -4.162384033203125000e+01 2.190366983413696289e+00 -1.591990905843401471e-01 1.923120358445753464e-01 9.683345137019716553e-01
-3.207125091552734375e+01 -4.335468292236328125e+01 2.957937955856323242e+00 1.340917320065473373e-01 2.113167861921225743e-01 9.681759257908228999e-01
2.618669509887695312e+01 5.714300918579101562e+01 2.408622980117797852e+00 2.028199514503076228e-01 3.178539601928793146e-01 -9.261927052635419155e-01
2.614613151550292969e+01 3.663134765625000000e+01 -3.343641042709350586e+00 1.743333162754557575e-01 2.138659192975710666e-01 -9.611811813593765796e-01
-3.165713500976562500e+01 7.740237236022949219e+00 -3.777899965643882751e-02 2.292329385667001840e-01 -6.996884284620664973e-02 9.708535527600639092e-01
-7.018579101562500000e+01 1.211525535583496094e+01 2.761817932128906250e+00 -3.475599152324410634e-01 5.727811718657319778e-02 -9.359066847796202460e-01
3.432585906982421875e+01 -1.926173400878906250e+01 -4.950146198272705078e+00 1.072252866363058305e-01 -6.783031317202792287e-02 -9.919182358041144232e-01
-3.228372192382812500e+01 4.159085083007812500e+01 -2.952337980270385742e+00 -1.644321003941144055e-01 2.557646188036521440e-01 -9.526523731814257046e-01
2.800143003463745117e+00 -8.632652282714843750e+01 1.299150085449218750e+01 5.776741309751490250e-02 -9.975214170861170793e-01 4.017397713104632617e-02
-7.526969909667968750e-01 1.088714599609375000e+01 -1.694641304016113281e+01 2.287809296086444275e-02 1.950275699056795986e-01 -9.805308969324522117e-01
-1.206217384338378906e+01 -6.607331085205078125e+01 2.765108108520507812e+00 -3.914081424878719517e-02 -3.807332083143071255e-01 -9.238561688632254132e-01
4.771709823608398438e+01 -1.185548305511474609e+01 3.884139060974121094e+00 -3.788685751197625740e-01 7.604312389456327481e-02 9.223210103294172679e-01
7.089529418945312500e+01 -3.931345367431640625e+01 1.749881935119628906e+01 2.586105379848551711e-01 -1.536024099505898521e-01 9.536911917914281389e-01
1.656648635864257812e+01 6.751228332519531250e+01 4.942717075347900391e+00 1.148856493543115864e-01 3.385519520088789425e-01 -9.339078452199744973e-01
-6.559242248535156250e+01 -2.028479576110839844e+01 6.605346202850341797e+00 2.637831857517649592e-01 7.874569705101805428e-02 9.613623386167148288e-01
1.614289045333862305e+00 -6.718856048583984375e+01 2.836760044097900391e+00 2.586906997443083611e-02 -3.420330419414747136e-01 -9.393317781481255180e-01
4.911720657348632812e+01 5.729725265502929688e+01 1.236747169494628906e+01 -2.086149322415408458e-01 -2.183573346681564331e-01 9.533099624164619312e-01
-3.419532775878906250e+01 4.709463119506835938e+01 4.643261909484863281e+00 8.105654565014658308e-02 -1.734771270123890707e-01 9.814965730000249078e-01
-1.033791255950927734e+01 8.320085144042968750e+01 9.432283401489257812e+00 3.301416118045095993e-02 3.331267201987298532e-01 -9.423039071611601925e-01
5.962578582763671875e+01 -2.313527488708496094e+01 3.510205030441284180e+00 3.983491461889632768e-01 -1.587326857614673459e-01 -9.033946491990503258e-01
-5.515971755981445312e+01 -6.544087982177734375e+01 9.141904830932617188e+00 -2.013965741712478164e-01 -3.275659416090095366e-01 -9.231142799295697365e-01
-3.561955928802490234e+00 -2.322752761840820312e+01 -8.546750068664550781e+00 -9.907170322701701337e-02 -4.454935766992192819e-02 -9.940825681757502474e-01
-4.924587631225585938e+01 1.648108005523681641e+00 -4.532266139984130859e+00 -2.735324396923033419e-01 -6.609261606282212757e-03 -9.618400709561836237e-01
9.008308410644531250e+00 8.120006561279296875e+01 9.593605995178222656e+00 1.129180625047965930e-01 3.742768332741794324e-01 -9.204164075212994955e-01
3.887157917022705078e+00 2.666615867614746094e+01 -7.292633056640625000e+00 3.682346342557665103e-02 2.482352158967168765e-01 -9.679996436621531863e-01
-4.804499819874763489e-02 -7.642561912536621094e+00 -1.735637283325195312e+01 3.444109361043713735e-02 -1.660688264893302735e-01 -9.855125346434584488e-01
4.945031738281250000e+01 4.459420776367187500e+01 4.300094127655029297e+00 3.148401148025699592e-01 2.775392110962396908e-01 -9.076605579263545831e-01
8.377005577087402344e+00 1.804903984069824219e+00 -1.701257514953613281e+01 1.900123211484675279e-01 3.772588103222421219e-02 -9.810566118793115908e-01
-1.788414955139160156e+01 5.654181003570556641e+00 -8.808340072631835938e+00 -4.885102580188716015e-02 1.868421145002606421e-02 -9.986313020933171858e-01
7.309696197509765625e+01 -2.296886444091796875e+01 9.838020324707031250e+00 4.386632856272910663e-01 -1.162813869741195216e-01 -8.910966058099675235e-01
-4.751309585571289062e+01 4.395573425292968750e+01 6.235495090484619141e+00 1.245933282682863685e-01 -1.327150227784439640e-01 9.832920345858334743e-01
-6.338371658325195312e+01 -3.450139999389648438e+01 7.669953823089599609e+00 3.325207259175065322e-01 2.236002644198909761e-01 9.162057021142410163e-01
3.114532089233398438e+01 1.357345581054687500e+01 -6.570254802703857422e+00 1.603683178247162500e-01 1.070652126402276416e-01 -9.812334293532674057e-01
-4.546677780151367188e+01 -2.162136840820312500e+01 2.091531991958618164e+00 1.481749713685948100e-01 1.025846852941373621e-01 9.836262299283294874e-01
-2.034049797058105469e+01 -5.268825531005859375e+01 -1.677634954452514648e+00 -1.066726662635420070e-01 -2.773022216649487226e-01 -9.548426153727694876e-01
-4.002184677124023438e+01 3.181139755249023438e+01 -3.583729982376098633e+00 -2.347379357248219889e-01 1.674239156533461337e-01 -9.575318971182894545e-01
4.282363891601562500e+00 1.560997676849365234e+01 -2.028906106948852539e+00 -4.075571212969505280e-02 -1.593708932068930162e-01 9.863771541997709003e-01
-8.596069335937500000e+01 2.256340789794921875e+01 1.653464126586914062e+01 -3.519458591735112329e-01 9.596226963027501555e-02 9.310882638171450454e-01
1.596231079101562500e+01 -7.322897338867187500e+01 1.120197200775146484e+01 -6.548903921536071426e-02 2.673856964379327517e-01 9.613615735419481778e-01
-4.968119049072265625e+01 -4.034455490112304688e+01 5.196599960327148438e-01 -2.301178789273080616e-01 -2.497746063173694742e-01 -9.405628144026320081e-01
4.204294967651367188e+01 -2.202441406250000000e+01 3.129904031753540039e+00 -2.259511504111058056e-01 1.203979091209699120e-01 9.666697580390091193e-01
-3.734783935546875000e+01 -1.571068382263183594e+01 4.748390018939971924e-01 1.417512353399117686e-01 6.772672120108401417e-02 9.875827451484557873e-01
-1.032369327545166016e+01 2.368823623657226562e+01 -7.680799007415771484e+00 4.272788959128900194e-02 1.075095497276565837e-01 -9.932854696251380844e-01
-4.227029037475585938e+01 1.511038112640380859e+01 1.448325991630554199e+00 1.184935676076402239e-01 -7.405826450491863333e-02 9.901891980294135198e-01
2.807837486267089844e+01 -2.581178665161132812e+01 -5.359773159027099609e+00 1.887958232347723142e-01 -1.373078787247613008e-01 -9.723696229156948423e-01
-2.432867622375488281e+01 3.223944091796875000e+01 8.234829902648925781e-01 3.713682492275509339e-02 2.395682341043716811e-03 9.993073185666045966e-01
-6.852497100830078125e+01 -5.048303222656250000e+01 8.555026054382324219e+00 -2.818559223524246815e-01 -2.437193538548469984e-01 -9.279860535543840161e-01
3.809395217895507812e+01 2.448202133178710938e+01 2.748736858367919922e+00 -1.793046653763560039e-01 -9.009781256710697184e-02 9.796592372579842056e-01
5.211678695678710938e+01 3.638139963150024414e+00 -1.811676979064941406e+00 2.460691160153383461e-01 5.191699754299570341e-02 -9.678608451164613102e-01
3.320289230346679688e+01 -4.315546035766601562e+01 4.488633155822753906e+00 -2.280227214128349167e-01 2.625505923106444817e-01 9.375888357893423786e-01
-2.590337371826171875e+01 5.248021316528320312e+01 -9.168639779090881348e-01 -5.013948387671023077e-02 2.792102805409469868e-01 -9.589200443190364354e-01
-8.113118743896484375e+01 -2.723576354980468750e+01 8.393660545349121094e+00 -3.485858555493174249e-01 -1.521446892238983994e-01 -9.248458762690753288e-01
5.765082931518554688e+01 5.976324844360351562e+01 1.183947181701660156e+01 5.392026298676414475e-01 5.373703007742336446e-01 -6.484548432925989481e-01
3.700387954711914062e+00 3.068314743041992188e+01 6.389979720115661621e-01 -3.894567428787723551e-02 -1.660472277087537696e-01 9.853484422398502973e-01
2.917849922180175781e+01 -3.798038005828857422e+00 2.149830013513565063e-01 -1.917014190707589105e-01 3.744121556270311058e-03 9.814461510852385828e-01
-6.196731948852539062e+01 -1.177891349792480469e+01 5.102923870086669922e+00 2.903140376696786151e-01 5.671661237702995545e-02 9.552491745154256808e-01
-9.987823486328125000e+00 -6.570113182067871094e+00 -1.094729518890380859e+01 -7.675967600292379345e-01 -6.398699745824553142e-01 3.690026585899497391e-02
1.308412075042724609e+01 2.830976486206054688e+01 -6.700502872467041016e+00 7.580790640621380694e-02 1.446180569384810932e-01 -9.865793323061481379e-01
-4.197721481323242188e+01 5.821585464477539062e+01 3.812872886657714844e+00 -2.031374791198046481e-01 3.132602279756013242e-01 -9.276870130305399087e-01
-4.892640113830566406e+00 4.908471298217773438e+01 -3.362184047698974609e+00 2.054789152013633199e-02 2.713860273761040665e-01 -9.622512189127604421e-01
-1.733389472961425781e+01 3.943750762939453125e+01 1.330353975296020508e+00 7.889159092288114405e-02 -1.702749665201239437e-01 9.822334512010001406e-01
5.175529003143310547e+00 -2.213729095458984375e+01 -8.277399063110351562e+00 8.574819503075870042e-02 -1.002956864097728495e-01 -9.912557804807795581e-01
3.914575576782226562e+01 4.892472267150878906e+00 1.668883085250854492e+00 -1.648246664889859714e-01 -4.797749516857861829e-02 9.851553122600230639e-01
1.115450382232666016e+01 -1.117232990264892578e+01 -8.633493423461914062e+00 9.708493627886348454e-02 -8.798337643728720847e-02 -9.913795643538471092e-01
-7.367792510986328125e+01 4.962484741210937500e+01 1.026490879058837891e+01 -5.843906183846744318e-01 3.984643991476474745e-01 -7.069043271588328903e-01
-3.779972839355468750e+01 -2.254972267150878906e+01 -5.994784832000732422e+00 -2.957022907482235174e-01 -2.788681943300511668e-01 -9.136698996012454499e-01
-7.694198131561279297e+00 -2.518629646301269531e+01 -1.057358980178833008e+00 2.855375794150250002e-02 1.950240516087609066e-01 9.803827325088509959e-01
4.567140197753906250e+01 -7.272994995117187500e+00 -3.310477018356323242e+00 2.192669376147734217e-01 -5.460393790783869133e-02 -9.741357297799910775e-01
-7.037808227539062500e+01 3.884059143066406250e+01 1.087406349182128906e+01 3.072427346872402820e-01 -1.799191370429358006e-01 9.344683012856194182e-01
-1.276418399810791016e+01 -3.824557495117187500e+01 7.178620100021362305e-01 1.457481191614078131e-02 1.176186292175056131e-01 9.929518784506146112e-01
-3.587746047973632812e+01 -5.099488067626953125e+01 5.346566200256347656e+00 1.437338336875769174e-01 2.088252089650363408e-01 9.673327334243274622e-01
1.386771965026855469e+01 -2.399102783203125000e+01 -5.591809749603271484e-01 -5.041540860534207691e-02 3.942140333737663427e-02 9.979500185550718161e-01
1.803102874755859375e+01 -1.370994091033935547e+01 -8.702160120010375977e-01 -1.410952882284534082e-01 1.383298877200597465e-01 9.802841229985750360e-01
1.419007396697998047e+01 4.983044815063476562e+01 -1.835723996162414551e+00 1.250064420990170400e-01 3.593019947277920623e-01 -9.248110434128555823e-01
-3.140586662292480469e+01 -2.916913986206054688e+01 -5.368947982788085938e+00 -1.363321265578523178e-01 -1.915570470010549697e-01 -9.719667941922961463e-01
6.095401382446289062e+01 4.783042144775390625e+01 1.321521568298339844e+01 -2.172360142652793591e-01 -1.498867917000740180e-01 9.645426189547011697e-01
-3.583266830444335938e+01 2.186592483520507812e+01 -6.324504852294921875e+00 -9.224063621618626418e-02 7.830963663044489265e-02 -9.926526410790640353e-01
-5.918292999267578125e+00 9.508746147155761719e+00 -2.548297882080078125e+00 1.027873746141709857e-02 -1.946433820939315329e-02 9.997577141959292923e-01
4.934891510009765625e+01 -3.753075408935546875e+01 7.649332046508789062e+00 -7.103546263732211929e-02 1.460513611487246344e-01 9.867233467160420046e-01
-1.773406791687011719e+01 -1.513592815399169922e+01 -1.936172962188720703e+00 1.172995790799555710e-01 1.066903832914930517e-01 9.873489610369676761e-01
-7.606178283691406250e+01 -1.088612174987792969e+01 9.374905586242675781e+00 3.286032519182147116e-01 8.042115480707431180e-03 9.444338130368741258e-01
5.400210189819335938e+01 1.488755226135253906e+01 -5.186399817466735840e-01 2.804206459461666134e-01 1.169788434281507639e-01 -9.527225259840070848e-01
-5.292544555664062500e+01 4.330782890319824219e+00 2.759374141693115234e+00 2.085579941625899103e-01 -2.591442104740755356e-02 9.776666128352010654e-01
2.834989166259765625e+01 7.014624786376953125e+01 1.230193138122558594e+01 -1.258260688100741598e-01 -3.258927590755952841e-01 9.369961099118279124e-01
-8.452363967895507812e+00 3.403654861450195312e+01 6.564170122146606445e-01 5.397605253074870719e-03 -2.145912755921556558e-01 9.766890243558915552e-01
-3.595709228515625000e+01 5.529188156127929688e+00 -7.053219795227050781e+00 1.001090456273685259e-01 -1.740079223980028553e-02 -9.948243017804725419e-01
3.594686126708984375e+01 6.449539184570312500e+00 -6.033692836761474609e+00 2.657511265279559054e-01 5.087757170203242862e-02 -9.626981933331063557e-01
-7.549569702148437500e+01 1.241543769836425781e+01 9.452937126159667969e+00 2.542091300192976244e-01 -2.341744444436961396e-03 9.671464389883203117e-01
1.410556316375732422e+01 -4.235408782958984375e+01 1.383095026016235352e+00 -8.330022781020117451e-02 1.926627032883481971e-01 9.777229437874485063e-01
-1.199917793273925781e+01 5.927047348022460938e+01 5.774020195007324219e+00 1.791249021458326748e-02 -3.352526901198528142e-01 9.419579483510472917e-01
5.582875442504882812e+01 -3.740534067153930664e+00 6.408140182495117188e+00 -3.613517675142678409e-01 3.680992102737507855e-03 9.324223026137106185e-01
3.702516174316406250e+01 -3.263240432739257812e+01 -2.565473079681396484e+00 2.277504577122669571e-01 -1.587759133224281305e-01 -9.606872219200595087e-01
2.618574714660644531e+01 2.814636993408203125e+01 1.636394977569580078e+00 -4.141546799244627541e-02 -5.616355541955263264e-02 9.975622356793591994e-01
5.710205459594726562e+01 -1.592528057098388672e+01 7.478477954864501953e+00 -3.820601960384263363e-01 7.249264645977158972e-02 9.212897605055304640e-01
3.789633178710937500e+01 -5.731895065307617188e+01 4.682843208312988281e+00 2.774285188855942219e-01 -3.193768705565480648e-01 -9.061080683132952673e-01
2.323683547973632812e+01 4.886777496337890625e+01 -7.899829745292663574e-01 1.733817941076709612e-01 3.027196604487332188e-01 -9.371763764894038840e-01
-4.838475799560546875e+01 -1.348591136932373047e+01 2.027180910110473633e+00 1.825341356034786700e-01 5.623244494711547581e-02 9.815901392509811529e-01
-4.870786666870117188e+01 2.965846633911132812e+01 -1.605669975280761719e+00 -2.476784505631116629e-01 1.122536969002177060e-01 -9.623172515646232217e-01
-5.461685562133789062e+01 5.732620620727539062e+01 1.056548690795898438e+01 2.172086093066065982e-01 -2.238397923600872197e-01 9.501137655035227780e-01
4.682648468017578125e+01 2.704290390014648438e+01 5.424419879913330078e+00 -2.342902021510835930e-01 -7.424902629859204961e-02 9.693271807133622131e-01
3.282413864135742188e+01 4.116688156127929688e+01 -1.115131974220275879e+00 1.951485566288627127e-01 2.257919160655155466e-01 -9.544291757302554302e-01
-1.408382701873779297e+01 -8.385766601562500000e+01 1.696761894226074219e+01 3.921315876433346254e-02 4.530151139919532111e-01 8.906400140767204432e-01
3.451353073120117188e+00 5.682724761962890625e+01 -4.753040075302124023e-01 8.143577961739068005e-02 3.371906938679899990e-01 -9.379075912726856368e-01
3.390083074569702148e+00 6.193387603759765625e+01 6.813053131103515625e+00 -5.269712837430545055e-02 -2.817374009323266315e-01 9.580433443101620261e-01
-4.720839023590087891e+00 -4.485702037811279297e+00 -2.715158939361572266e+00 2.831001230379139727e-02 -7.013924499871464213e-02 9.971354118244770692e-01
-6.240774154663085938e+01 6.037352752685546875e+01 1.694062995910644531e+01 -8.420819130585241452e-02 5.288828593908018877e-02 9.950436220223830563e-01
7.164143371582031250e+01 3.916062164306640625e+01 1.828771781921386719e+01 2.155391541622296049e-03 -1.448097481404522595e-02 9.998928220843157355e-01
4.042869567871093750e+01 3.574718475341796875e+01 5.227838993072509766e+00 -1.658005314328396262e-01 -1.808552294750407630e-01 9.694336334933496557e-01
3.597732543945312500e+01 4.661686706542968750e+01 6.673500061035156250e+00 -2.278363530777271218e-01 -2.951376909616520994e-01 9.278924181121783743e-01
-5.418990254402160645e-01 -4.560633468627929688e+01 -4.382866859436035156e+00 2.036809160435061258e-02 -2.644799071432779036e-01 -9.641760832762239497e-01
-1.023843765258789062e+01 -7.108362579345703125e+01 9.446353912353515625e+00 7.573336563875603111e-02 2.607159325659711424e-01 9.624404708008086340e-01
-2.215837287902832031e+01 6.305154037475585938e+01 2.104423046112060547e+00 -1.514244034156566054e-01 3.869863452465388542e-01 -9.095670501084233139e-01
-2.220530986785888672e+00 -7.975067901611328125e+01 1.199847984313964844e+01 -2.029234903788040487e-02 2.513088315472140066e-01 9.676942139730395631e-01
-2.532049369812011719e+01 -5.896107482910156250e+01 1.189676046371459961e+00 -9.558754992760952474e-02 -3.832478486603196344e-01 -9.186860763046719169e-01
-4.587520599365234375e+01 -3.312200927734375000e+01 3.421379089355468750e+00 1.529094511286914482e-01 1.132018750994096268e-01 9.817352164557916483e-01
7.783193206787109375e+01 2.233085060119628906e+01 1.136377143859863281e+01 5.465367761287156512e-01 8.897106084020103833e-02 -8.326954441281634312e-01
-5.993523406982421875e+01 3.162272262573242188e+01 1.670458078384399414e+00 -3.151878168047708706e-01 1.641569924231172650e-01 -9.347240886895121781e-01
-5.971818923950195312e+01 -4.867779922485351562e+01 9.662945747375488281e+00 2.242535123917750450e-01 2.619237521769598454e-01 9.386726320850600214e-01
1.841595840454101562e+01 5.980961227416992188e+01 2.037904977798461914e+00 1.227126323468164942e-01 3.178723663905214658e-01 -9.401589060088753058e-01
1.524455833435058594e+01 -6.763295745849609375e+01 3.616485118865966797e+00 1.920384189304158162e-01 -2.025735175950267863e-01 -9.602526832161851766e-01
6.205440902709960938e+01 -4.899091339111328125e+01 9.980120658874511719e+00 2.467778415985344143e-01 -1.553303244526365035e-01 -9.565423081084323265e-01
-1.786420440673828125e+01 -4.897861003875732422e+00 -9.314148902893066406e+00 -3.823909286207326230e-02 7.326036406319358374e-02 -9.965794954916612491e-01
-8.338066101074218750e+01 1.466601967811584473e+00 1.161564445495605469e+01 2.454787065621261699e-01 1.384439465201177041e-02 9.693031194426771080e-01
3.766342544555664062e+01 1.292021656036376953e+01 1.749362945556640625e+00 -1.416065117211851854e-01 -1.963908752771025695e-02 9.897281960615433860e-01
-6.800618743896484375e+01 2.946428060531616211e+00 1.484657049179077148e+00 -3.587263311159298862e-01 4.243412105363879305e-02 -9.324777556245025245e-01
-7.821211242675781250e+01 -4.042819213867187500e+01 1.664210510253906250e+01 1.556411457296721923e-01 6.547523750544637089e-02 9.856413277808313556e-01
3.697996902465820312e+01 -7.464107513427734375e+01 1.614912986755371094e+01 -1.523933156504726771e-01 2.963220282460260480e-01 9.428518085686725669e-01
2.462338829040527344e+01 -3.344390487670898438e+01 -4.681736946105957031e+00 1.487733507793238819e-01 -1.315686208541732294e-01 -9.800796845687715919e-01
-6.269781875610351562e+01 5.112577056884765625e+01 1.120145893096923828e+01 2.474008587663637515e-01 -2.315149216702164503e-01 9.408473075508583250e-01
-2.911051177978515625e+01 1.128979995846748352e-01 -1.139706969261169434e+00 1.260290597430461235e-01 -1.455349104755119215e-02 9.919197911114651101e-01
4.854206848144531250e+01 6.838977050781250000e+01 1.241407775878906250e+01 5.132899264538828277e-01 6.850890882715457986e-01 -5.169007569468531127e-01
-8.612833976745605469e+00 3.915976047515869141e+00 -1.775831985473632812e+01 -1.504772766356462510e-01 8.514409370123840470e-02 -9.849401365180088241e-01
-5.165801048278808594e+00 6.414601135253906250e+01 7.170918941497802734e+00 -1.527418295086453194e-02 -2.540728404498784898e-01 9.670644710053794002e-01
-3.941629028320312500e+01 -9.898838996887207031e+00 -7.060568809509277344e+00 -1.485845706132867539e-01 -3.900516656490740641e-02 -9.881301646832310048e-01
2.491732597351074219e+01 -4.879492950439453125e+01 -1.288877010345458984e+00 1.774543990388933457e-01 -2.601003073114059871e-01 -9.491352729712753122e-01
-1.238818836212158203e+01 -4.715163421630859375e+01 1.776052951812744141e+00 2.561952224515800028e-02 1.600453169587139068e-01 9.867771463707065704e-01
2.558236312866210938e+01 2.102562332153320312e+01 -6.626241207122802734e+00 2.245962868422582970e-01 1.702288488575589009e-01 -9.594678978232156208e-01
-4.053751373291015625e+01 -4.709014129638671875e+01 1.908999984152615070e-03 -2.143122312416942399e-01 -2.294786986257698891e-01 -9.494260342002580622e-01
6.384445571899414062e+01 3.472113418579101562e+01 1.187800884246826172e+01 -2.743033689877325543e-01 -1.042567242452924342e-01 9.559749982147132119e-01
3.698999404907226562e+01 5.830950164794921875e+01 1.014128589630126953e+01 -1.829049801184818302e-01 -3.064529199653105440e-01 9.341479412237617685e-01
4.879219818115234375e+01 -2.885580062866210938e+01 5.946569919586181641e+00 -2.787664247776598381e-01 1.228955552497558307e-01 9.524631031785617541e-01
-1.757171821594238281e+01 2.810045051574707031e+01 -7.137831211090087891e+00 -5.258326983329922929e-04 6.973276371835694654e-02 -9.975655693558057591e-01
-2.610423469543457031e+01 -4.502295303344726562e+01 -2.956461906433105469e+00 -1.240798999360867017e-01 -2.796641101896254478e-01 -9.520463034452136819e-01
9.789911270141601562e+00 -4.049783706665039062e+01 -5.164429187774658203e+00 7.574767550148993334e-02 -2.470806473789880220e-01 -9.660297321236552825e-01
-1.334640026092529297e+00 -1.252142333984375000e+01 -9.430685997009277344e+00 -9.890349407540106885e-02 -5.657353324322845767e-01 -8.186340039953200476e-01
1.482310581207275391e+01 -5.567046356201171875e+01 -8.272770047187805176e-01 1.370000574530083615e-01 -3.437111162134188214e-01 -9.290283380226882493e-01
5.420201110839843750e+01 4.380173492431640625e+01 1.066647434234619141e+01 -3.070033511946372862e-01 -2.117971438216444680e-01 9.278420728897002201e-01
-2.905842971801757812e+01 3.449509048461914062e+01 -5.230523109436035156e+00 -1.733907967830073116e-01 2.267049386396187693e-01 -9.584051869576668548e-01
5.658646774291992188e+01 3.460619735717773438e+01 4.117352962493896484e+00 3.762410797860913370e-01 1.998768530471848326e-01 -9.047054180767075682e-01
2.540198087692260742e+00 7.360391998291015625e+01 1.065923309326171875e+01 -3.840033292919312058e-02 -3.499421352254694639e-01 9.359839295761259725e-01
2.463240242004394531e+01 -7.502106475830078125e+01 1.212371444702148438e+01 -7.302688463267290042e-02 2.626621295583888571e-01 9.621204081697355415e-01
-7.301036834716796875e+01 -5.529448032379150391e+00 3.409888029098510742e+00 -3.305118501964507405e-01 -1.312166951122922462e-02 -9.437106223143602035e-01
2.954719543457031250e+01 -5.640728759765625000e+01 7.119297981262207031e+00 -1.478142073351572661e-01 2.547777329338085650e-01 9.556355303728445438e-01
-5.603435516357421875e+01 1.214307498931884766e+01 3.898626089096069336e+00 2.072400606683392765e-01 -6.317680760077752644e-02 9.762480464695216797e-01
-5.822063446044921875e+01 6.541818237304687500e+01 9.421360969543457031e+00 -3.092563125937530244e-01 3.414763429851077614e-01 -8.875553167563314805e-01
5.855035781860351562e+00 -6.109471130371093750e+01 5.933381080627441406e+00 -6.164347343579714561e-02 3.422660349942903135e-01 9.375788198717255328e-01
2.592454528808593750e+01 -6.349594497680664062e+01 8.785734176635742188e+00 -1.241047513601674784e-01 3.087121829026684972e-01 9.430242832596095193e-01
-4.472439575195312500e+01 8.581009864807128906e+00 -5.664707183837890625e+00 -2.624688806307332034e-01 7.631360418786468924e-02 -9.619180425152175085e-01
-1.051134943962097168e+00 -5.783293151855468750e+01 -9.581390023231506348e-01 -1.403105988836929677e-02 -3.245386559271059013e-01 -9.457683596776943480e-01
8.007632446289062500e+01 -1.108786201477050781e+01 1.788147735595703125e+01 1.008816568483005827e-01 -2.377263101252547958e-02 9.946143741804076566e-01
-6.965864181518554688e+00 -3.785145998001098633e+00 -1.764749336242675781e+01 -9.920552174428710901e-02 -1.277152341566414329e-01 -9.868369082172383511e-01
1.867638206481933594e+01 2.591481590270996094e+01 1.038261055946350098e+00 -7.545357916780892626e-02 -1.440620155329325469e-01 9.866878397301530601e-01
6.580381774902343750e+01 2.047846984863281250e+01 5.467131137847900391e+00 4.501090920511813254e-01 1.365062050837489993e-01 -8.824782497186514085e-01
-5.718276214599609375e+01 -4.097151184082031250e+01 2.740231990814208984e+00 -2.442586283554312454e-01 -2.218604929558000705e-01 -9.439892182325667624e-01
5.841379547119140625e+01 -3.605573654174804688e+01 1.011095046997070312e+01 -2.304736064529564199e-01 1.116113522926171497e-01 9.666565174703892760e-01
1.857616806030273438e+01 -2.739527130126953125e+01 -6.552515983581542969e+00 1.726374848845081134e-01 -1.639008109459510754e-01 -9.712532228950444546e-01
5.068271636962890625e+01 -1.704812812805175781e+01 -1.169708967208862305e+00 2.970451726936020886e-01 -1.302253297101144125e-01 -9.459416096574460031e-01
-3.381232452392578125e+01 6.754505157470703125e+01 5.305249214172363281e+00 -1.702789778412605315e-01 3.332781984228299077e-01 -9.273244912981476462e-01
6.022226810455322266e+00 -5.034867477416992188e+01 2.518399953842163086e+00 -4.638771249973570182e-02 1.741578876545903376e-01 9.836245270918841932e-01
5.923429870605468750e+01 2.393351745605468750e+01 2.886380910873413086e+00 4.130557287815255774e-01 1.683029568984937274e-01 -8.950190386913491336e-01
-5.113220214843750000e-01 4.942251205444335938e+01 3.105268001556396484e+00 3.047345881106432869e-02 -2.075054759720384723e-01 9.777590939232977396e-01
-5.233535003662109375e+01 -1.846827888488769531e+01 -2.575999021530151367e+00 -2.400694723320463964e-01 -7.037615099951009812e-02 -9.682013457048627147e-01
-3.868460083007812500e+01 -6.495651245117187500e+01 1.004848098754882812e+01 1.770506560259195450e-01 2.680228165783693495e-01 9.470041367355209738e-01
4.973786830902099609e+00 1.216054534912109375e+01 -9.040105819702148438e+00 2.000487216312110128e-01 4.454814946245108653e-01 -8.726549987943862385e-01
-8.778161621093750000e+01 -1.921614074707031250e+01 1.304877567291259766e+01 -9.533108171397567387e-01 -2.429376215458650679e-01 1.793872848391639963e-01
2.593505859375000000e+00 -7.261667633056640625e+01 9.964012145996093750e+00 -1.498363185285568056e-01 3.975460838656927898e-01 9.052658111587228440e-01
-3.362151336669921875e+01 7.970053100585937500e+01 9.655191421508789062e+00 -1.765800812392192554e-01 5.308912519689139575e-01 -8.288389189054949924e-01
2.498917961120605469e+01 -1.029597759246826172e+01 -3.773869872093200684e-01 -1.181939527592975187e-01 2.256711370320385601e-02 9.927340605168333276e-01
2.869281959533691406e+01 7.813885498046875000e+01 1.107074642181396484e+01 1.807012941745646251e-01 5.031371246265949893e-01 -8.451035889795519562e-01
3.769128799438476562e+01 6.708702850341796875e+01 1.284695625305175781e+01 -1.964681899520082931e-01 -4.125469869640405185e-01 8.894971803687032885e-01
4.445186614990234375e+01 2.323348999023437500e+01 -2.159713029861450195e+00 2.803080374615692372e-01 1.576829955051240739e-01 -9.468703591637951389e-01
3.384025573730468750e+01 7.509027099609375000e+01 1.852784919738769531e+01 -8.372612328622675709e-03 -4.671458385543018205e-02 9.988731886571030616e-01
-8.367133331298828125e+01 -8.105652809143066406e+00 1.189791488647460938e+01 2.029556929270570631e-01 5.280864993043960127e-03 9.791736818222920302e-01
-3.686452102661132812e+01 -3.823606109619140625e+01 -2.660760879516601562e+00 -1.798799706352179062e-01 -1.932455052148292496e-01 -9.645202801800170089e-01
-1.542397403717041016e+01 1.316884326934814453e+01 -8.654276847839355469e+00 -1.923990545093185942e-02 9.439483127565512222e-03 -9.997703347251924999e-01
2.889962768554687500e+01 -3.240723419189453125e+01 1.655420064926147461e+00 -1.332092899534728092e-01 9.508173615335607787e-02 9.865164714895312548e-01
-5.667301177978515625e+01 -6.116642951965332031e+00 3.546792030334472656e+00 1.775229936593102631e-01 6.930403622981051205e-03 9.840922498566173626e-01
-4.077338409423828125e+01 5.066106033325195312e+01 6.434136867523193359e+00 1.229221143413781886e-01 -2.127141925091195762e-01 9.693517556135328173e-01
2.245718383789062500e+01 3.951099014282226562e+01 2.760736942291259766e+00 -1.178569227682196296e-01 -1.846987410496004067e-01 9.757028855191002270e-01
-5.558519363403320312e+01 2.216721725463867188e+01 -8.705440163612365723e-01 -2.958623149640707828e-01 1.459814755067162240e-01 -9.440100102186327335e-01
2.425322151184082031e+01 6.562375068664550781e+00 -8.512120246887207031e+00 1.820909313947665087e-01 2.742896506145473673e-02 -9.828990510624394661e-01
-2.986070823669433594e+01 2.637676620483398438e+01 1.005720019340515137e+00 9.207537684341712825e-02 -6.629482851305688873e-02 9.935427120620267116e-01
7.421578979492187500e+01 1.211155605316162109e+01 1.271591758728027344e+01 -2.473768466395937227e-01 -3.766947718772692411e-02 9.681868137064530977e-01
-2.403967475891113281e+01 7.670137023925781250e+01 1.167687511444091797e+01 5.790818430593164257e-02 -2.751966997164836393e-01 9.596423389240107404e-01
3.693659210205078125e+01 -1.652898025512695312e+01 1.689105033874511719e+00 -1.845571821799379675e-01 4.933668945930136385e-02 9.815826697629689290e-01
-3.848928070068359375e+01 3.891371154785156250e+01 3.689229965209960938e+00 2.111166283280486444e-01 -1.263309008920326382e-01 9.692627470006283108e-01
-5.731816101074218750e+01 4.303442001342773438e+01 8.066091537475585938e+00 2.597483242807159254e-01 -1.969380902085787755e-01 9.453815085236000337e-01
-2.777363014221191406e+01 5.531717681884765625e+01 5.900515079498291016e+00 1.406803140571532273e-01 -2.491409085862266726e-01 9.581951037787711511e-01
7.974318981170654297e+00 6.831047058105468750e+01 4.440851211547851562e+00 8.638700430858746449e-02 4.127311216944407612e-01 -9.067471018268747907e-01
-3.518434047698974609e+00 4.170021057128906250e+01 -5.238492012023925781e+00 -1.143212946090563058e-02 1.986686467956584046e-01 -9.800000383654947633e-01
1.787513160705566406e+01 2.206354904174804688e+01 -7.036259174346923828e+00 4.035770245528909617e-01 -1.104760130921101646e-01 -9.082514166156345770e-01
2.216114997863769531e+01 -2.240742921829223633e+00 -8.480879783630371094e+00 -1.595295620971390327e-02 -3.488175689941148960e-02 -9.992641123465714204e-01
5.807695388793945312e+01 5.758553981781005859e+00 7.440401077270507812e+00 -3.827313842870306848e-01 -1.196010147816909015e-02 9.237822489387664815e-01
-3.615683364868164062e+01 -7.810327148437500000e+01 9.967752456665039062e+00 -1.610665892246018471e-01 -4.339579673712719576e-01 -8.864186575149167746e-01
2.284585762023925781e+01 -8.126705169677734375e+01 1.684766006469726562e+01 1.173435746095901067e-01 -1.778047870703589883e-01 9.770444939677557228e-01
3.963821411132812500e+01 -4.584005355834960938e+01 1.551308989524841309e+00 3.016379497573772883e-01 -2.648119065781117110e-01 -9.159089482042586106e-01
3.920061492919921875e+01 -2.507720565795898438e+01 -3.240207910537719727e+00 2.728923974158028454e-01 -1.548115803820383773e-01 -9.495067740739248086e-01
-2.483646202087402344e+01 4.142329406738281250e+01 -4.271575927734375000e+00 -1.320029811195966019e-01 3.306153539416350484e-01 -9.344884700806034283e-01
7.489664459228515625e+01 -1.662567019462585449e+00 1.253616428375244141e+01 -2.997818734790984596e-01 4.401684444788828837e-02 9.529917868157166128e-01
-2.418346405029296875e+01 -3.766370010375976562e+01 1.368313074111938477e+00 5.413852365303907510e-02 1.048443797104323116e-01 9.930139356020155628e-01
-1.306440162658691406e+01 -2.660678291320800781e+01 -7.169362068176269531e+00 -9.084626075881035989e-02 -1.148119847844735059e-01 -9.892245271201033363e-01
8.185412597656250000e+01 7.815600872039794922e+00 1.341418647766113281e+01 9.905843577657402754e-01 5.249379382898945734e-02 -1.264398345430567672e-01
-4.314506149291992188e+01 -5.860026550292968750e+01 8.787833213806152344e+00 1.816697065454402904e-01 2.905515677252393791e-01 9.394551102719592706e-01
-2.199768447875976562e+01 -2.929347610473632812e+01 -6.174817085266113281e+00 -1.718493809083757873e-01 -2.527413158825294603e-01 -9.521499973887388446e-01
5.185347747802734375e+01 1.839370727539062500e+01 5.963455200195312500e+00 -3.738583830423542476e-01 -7.652122631128756292e-02 9.243237589463840775e-01
-4.520744323730468750e+01 6.920352172851562500e+01 7.640658855438232422e+00 -1.568396254482149477e-01 2.811612216821638421e-01 -9.467574659391162495e-01
2.904130744934082031e+01 5.179812622070312500e+01 6.767848968505859375e+00 -2.236059203910345516e-01 -2.839528927837067229e-01 9.324007438037804629e-01
-3.649680328369140625e+01 1.859720051288604736e-01 1.828089952468872070e-01 5.905984400385726890e-02 -4.065213313442531118e-02 9.974263576314098545e-01
6.282271957397460938e+01 1.181353092193603516e+01 9.491761207580566406e+00 -3.771446459115845307e-01 -5.178701280721035444e-02 9.247053700313042635e-01
-4.465398406982421875e+01 2.536144256591796875e+01 2.930695056915283203e+00 1.744563760765782123e-01 -1.380889932462589231e-01 9.749340504826274900e-01
-4.863716506958007812e+01 -7.177523803710937500e+01 1.000249385833740234e+01 -3.246377400409211078e-01 -4.812957488570622777e-01 -8.142264671903285400e-01
-4.652961730957031250e+01 -8.718046188354492188e+00 -5.218546867370605469e+00 -3.269439712443761303e-01 -1.035886181038852966e-01 -9.393492629827757678e-01
7.345491027832031250e+01 2.830797386169433594e+01 1.023289108276367188e+01 3.198067953272845654e-01 6.834877378259242298e-02 -9.450143167089630758e-01
-5.856694412231445312e+01 7.356974124908447266e+00 -1.309108018875122070e+00 -3.384064388910944521e-01 6.544499825448830965e-02 -9.387214892184571058e-01
-2.823802185058593750e+01 -8.239398193359375000e+01 1.152375030517578125e+01 -2.146209162463627029e-01 -8.760890054261621929e-01 -4.317475151995318061e-01
-1.511172199249267578e+01 -1.183950328826904297e+01 -9.098687171936035156e+00 2.960767278457563864e-02 -1.387806877572100306e-01 -9.898804505686114030e-01
6.371603012084960938e+01 -1.472990798950195312e+01 4.214064121246337891e+00 4.733940893774706282e-01 -1.151175114832887758e-01 -8.732960521451875735e-01
-1.783560752868652344e+01 -7.781337738037109375e+01 1.169681739807128906e+01 4.863265811040468067e-02 2.585886289434031204e-01 9.647625539718504006e-01
1.279323005676269531e+01 -8.271204376220703125e+01 9.738602638244628906e+00 8.274230373590146792e-02 -3.143559335067035443e-01 -9.456923697702148690e-01
-3.467575454711914062e+01 5.936595153808593750e+01 7.681383132934570312e+00 9.763189926423170018e-02 -1.770906751585709649e-01 9.793400354411845310e-01
-2.024191665649414062e+01 8.356495666503906250e+01 9.945823669433593750e+00 -1.017509270606661437e-01 5.709888090098951263e-01 -8.146278468280817586e-01
5.424518585205078125e+01 -6.046196746826171875e+01 9.952952384948730469e+00 2.851351727894584354e-01 -2.432361616602365384e-01 -9.271106206376459324e-01
-3.890646743774414062e+01 -2.497437095642089844e+01 1.479126930236816406e+00 9.328057234922219887e-02 1.008480925363099689e-01 9.905192562762167308e-01
-7.033836841583251953e+00 6.100719833374023438e+01 5.857260227203369141e-01 -1.904415346685630478e-02 2.265054268587866071e-01 -9.738237067468884511e-01
-7.894031524658203125e+01 3.730984115600585938e+01 1.646726226806640625e+01 5.709122793863071754e-01 -3.222152364816356362e-01 7.551400602702884601e-01
1.855717468261718750e+01 3.508221435546875000e+01 -4.867578983306884766e+00 1.238060083171721310e-01 1.809912046961857646e-01 -9.756609329716917633e-01
-5.534942626953125000e+01 -5.262412261962890625e+01 5.199370861053466797e+00 -2.310007191128306825e-01 -2.618186773800635359e-01 -9.370643776946753212e-01
-4.061591720581054688e+01 -8.984018325805664062e+00 5.053759813308715820e-01 1.733761714783049745e-01 4.983481201857641735e-02 9.835940192348662237e-01
4.899306106567382812e+01 -6.768035888671875000e+01 1.078469085693359375e+01 4.790738949491974985e-01 -5.502505982811075613e-01 -6.838950813315507471e-01
5.390156555175781250e+01 -3.454187870025634766e+00 -9.918410181999206543e-01 3.665944401875450565e-01 -6.902387812060067906e-02 -9.278169111806342517e-01
-8.780332946777343750e+01 1.324244689941406250e+01 9.816975593566894531e+00 -6.563804697184238979e-01 7.537368534426568123e-02 -7.506553713454963139e-01
2.540553855895996094e+01 1.282905101776123047e+01 2.989659905433654785e-01 -2.041693112440208235e-01 -1.106166751088664968e-01 9.726658437171532556e-01
-4.502570343017578125e+01 -4.718188476562500000e+01 5.874283790588378906e+00 1.703922406332577799e-01 2.471303071002930452e-01 9.538831666637653806e-01
-1.769677352905273438e+01 1.811147499084472656e+01 -9.510809779167175293e-01 3.277871519705283926e-02 -6.869636771603071512e-02 9.970989744717694281e-01
-1.620166206359863281e+01 -4.265761184692382812e+01 -4.511171817779541016e+00 -2.159515560873104950e-02 -2.049063500884092115e-01 -9.785433240013857725e-01
1.698574066162109375e+01 4.535365295410156250e+01 3.258405923843383789e+00 -1.300395280670679776e-01 -1.993915683858973609e-01 9.712531717305773471e-01
-5.184743118286132812e+01 3.425183868408203125e+01 5.358579158782958984e+00 2.059536588897189491e-01 -1.549935984438016168e-01 9.662091258270016914e-01
1.183654212951660156e+01 9.617267608642578125e+00 -9.298060417175292969e+00 -4.164348892749210503e-03 1.414005005752393407e-01 -9.899437138723449214e-01
-4.706768035888671875e+01 3.974314117431640625e+01 -3.485200107097625732e-01 -2.500491396034476566e-01 1.980603517071461428e-01 -9.477592124929290485e-01
-9.785300254821777344e+00 -1.754968452453613281e+01 -2.149193048477172852e+00 2.641219673921633634e-02 1.701968978944140287e-01 9.850560450098906351e-01
-3.691790103912353516e+00 -6.758452606201171875e+01 8.050767898559570312e+00 -7.002671927206361412e-03 4.033539182296614345e-01 9.150172562496620143e-01
5.431568145751953125e+00 1.944872474670410156e+01 -8.143625259399414062e+00 3.935759294230994909e-02 1.084010916013583292e-01 -9.933278327004743113e-01
1.591905498504638672e+01 7.674130249023437500e+01 1.272218418121337891e+01 -1.345794841287212273e-01 -2.985956029047250881e-01 9.448433882806245299e-01
3.365343093872070312e+01 -4.944288253784179688e+00 -6.520872116088867188e+00 2.124360080567884446e-01 -3.838702130276756830e-02 -9.764206977918877817e-01
4.308708953857421875e+01 5.660694122314453125e+01 6.253448009490966797e+00 2.363235896038778094e-01 3.494293558175983749e-01 -9.066698882667473258e-01
3.682331848144531250e+01 -1.226877403259277344e+01 -5.216350078582763672e+00 3.425569095384997098e-01 -1.137689352652749564e-01 -9.325831829365344161e-01
2.967765617370605469e+01 5.870656585693359375e+01 8.996091842651367188e+00 -2.065515286725587707e-01 -3.162463667108394993e-01 9.259183017659939896e-01
2.622349858283996582e-01 8.641542053222656250e+01 1.338952827453613281e+01 4.286573804702121376e-02 9.977650055111874083e-01 5.125936284177130819e-02
4.629326629638671875e+01 -3.648530960083007812e+01 1.092162013053894043e+00 3.106381354801322492e-01 -2.132439708357992958e-01 -9.262996047109206543e-01
6.190880203247070312e+01 -5.767625808715820312e+00 2.442786931991577148e+00 4.031451755273003923e-01 -6.707690679926237021e-02 -9.126744523779030116e-01
2.587733650207519531e+01 2.838979005813598633e+00 -3.088740110397338867e-01 -1.006911883549856390e-01 -2.460820699288143384e-02 9.946133523818470046e-01
-1.448828887939453125e+01 5.079624557495117188e+01 3.688570976257324219e+00 3.313827089397346215e-02 -2.673831304746619453e-01 9.630203095157067184e-01
1.844014930725097656e+01 -4.606031036376953125e+01 -3.116547107696533203e+00 1.065187904255680829e-01 -1.801317829543170046e-01 -9.778580101711968897e-01
-2.639571762084960938e+01 -7.669929027557373047e+00 -1.593390941619873047e+00 1.046260839553748295e-01 5.586266085751522698e-02 9.929414613551400537e-01
4.083904266357421875e+01 -2.854393959045410156e+00 1.958630084991455078e+00 -1.711925822027534072e-01 8.896574257156489004e-04 9.852371837828789447e-01
3.884709930419921875e+01 -6.788407897949218750e+01 8.311389923095703125e+00 2.248078992176170687e-01 -3.381703355127743116e-01 -9.138392816182392409e-01
2.486141967773437500e+01 -1.678857803344726562e+01 -6.846151828765869141e+00 1.276310355912189942e-01 -1.191426589317548662e-01 -9.846397034329787967e-01
5.538255310058593750e+01 -5.148535537719726562e+01 1.170396995544433594e+01 -3.252722559227344545e-01 1.643002214944804251e-01 9.312375619270303329e-01
-8.533422851562500000e+01 2.676166534423828125e+01 1.064412879943847656e+01 -8.168994028875197211e-01 2.905836132611008815e-01 -4.982334084203270952e-01
1.317123889923095703e+01 -8.401721954345703125e+00 -2.193655014038085938e+00 -1.010420193437377850e-01 3.986874774686424011e-02 9.940829911431120491e-01
-4.313377380371093750e+01 7.568618011474609375e+01 1.702332115173339844e+01 -4.827834330743129704e-02 6.043427660519731792e-02 9.970039617668008392e-01
-6.279452133178710938e+01 -1.739703941345214844e+01 5.498600006103515625e-01 -2.447664164543049692e-01 -1.311472452569192870e-01 -9.606715367062975686e-01
-6.283801651000976562e+01 -6.759933948516845703e+00 -1.866219937801361084e-01 -2.791866297531352403e-01 -2.666888032878943562e-02 -9.598664472670636050e-01
-4.671319007873535156e+00 -4.411513137817382812e+01 1.367609024047851562e+00 -3.299672788470846968e-02 3.104735202655520276e-01 9.500091626730861050e-01
-1.955314636230468750e+01 -6.641990661621093750e+01 8.097951889038085938e+00 3.487041512589132003e-02 3.626516146129143969e-01 9.312721731951375537e-01
4.611010360717773438e+01 3.797090148925781250e+01 1.348827004432678223e+00 3.093630393609147489e-01 2.116273473187595677e-01 -9.270967456227005021e-01
5.019803619384765625e+01 3.188322257995605469e+01 1.263661026954650879e+00 2.558106606486426626e-01 1.951921525697560000e-01 -9.468162068076834137e-01
3.505143737792968750e+01 -3.625381851196289062e+01 3.357722043991088867e+00 -2.378402344753247633e-01 1.759972083050601599e-01 9.552261541297683012e-01
1.242340278625488281e+01 -1.439413070678710938e+00 -9.686366081237792969e+00 4.734552877833125284e-01 -1.044106799996911694e-01 -8.746076265229011382e-01
-6.249691963195800781e+00 1.502525043487548828e+01 -1.469787979125976562e+01 -3.557221094067508638e-01 8.805726568482746819e-01 -3.131350777067018476e-01
6.258024597167968750e+01 -1.971547007560729980e+00 8.963610649108886719e+00 -3.663816856496464602e-01 3.738073974793559157e-02 9.297134723754522101e-01
-1.417247295379638672e+01 -3.723661899566650391e+00 -2.888365983963012695e+00 4.685658772166877845e-02 -1.136513153390435703e-02 9.988369706675351845e-01
-7.604011535644531250e+01 -3.162579154968261719e+01 1.124680423736572266e+01 2.513640176516312441e-01 1.036351733756514099e-01 9.623283646809071001e-01
-8.901215362548828125e+01 5.730035781860351562e+00 1.028731822967529297e+01 -7.284588869352809359e-01 8.296595089825972713e-02 -6.800472785303675050e-01
1.415367007255554199e+00 -2.842003631591796875e+01 -7.742211818695068359e+00 2.614558287172326009e-02 -1.562963149612637825e-01 -9.873641022570283088e-01
-2.344135856628417969e+01 4.503623962402343750e+00 -1.598278999328613281e+00 1.620846693083577983e-01 -5.875585568220276916e-02 9.850260450354866304e-01
-1.142933654785156250e+01 -5.766168212890625000e+01 4.643481254577636719e+00 2.899737413022969099e-02 3.387671912519638062e-01 9.404232783299268927e-01
-4.608166503906250000e+01 4.943425750732421875e+01 1.753994941711425781e+00 -2.201738993321054882e-01 2.972157124356404889e-01 -9.290781852644429684e-01
-6.866108703613281250e+01 5.499294281005859375e+01 9.755069732666015625e+00 -4.741264889504771540e-01 4.035803878602194916e-01 -7.825132222589518127e-01
-1.147023296356201172e+01 -3.122415542602539062e+01 -1.713840067386627197e-01 5.691312062201955846e-03 9.465612831264956506e-02 9.954937600707850498e-01
4.623208236694335938e+01 4.765909194946289062e+00 3.120543003082275391e+00 -2.122825553536248910e-01 2.806155437086778337e-02 9.768053367272447884e-01
1.177002525329589844e+01 1.475673103332519531e+01 -1.454002022743225098e+00 -1.363518134523555858e-01 -1.662352558049527418e-01 9.766135482859716888e-01
5.545817565917968750e+01 -2.718078041076660156e+01 7.972325801849365234e+00 -2.638653844292991324e-01 1.152879340556983989e-01 9.576448982588208203e-01
-2.337107658386230469e+01 -2.327704620361328125e+01 -1.278489977121353149e-01 1.111543947596568549e-01 1.331689250424678839e-01 9.848404631861181757e-01
-6.509497070312500000e+01 1.621037673950195312e+01 6.340618133544921875e+00 2.703802264457038640e-01 -7.825476155477860407e-02 9.595679889623114356e-01
-8.184873199462890625e+01 -3.212171936035156250e+01 1.669017219543457031e+01 2.991135338585914627e-01 9.529910100551496066e-02 9.494467732370076574e-01
-4.686419677734375000e+01 1.539865016937255859e+01 -4.231821060180664062e+00 -2.928757489844091566e-01 1.186141279144258126e-01 -9.487647149403910518e-01
-6.545267486572265625e+01 -5.989989471435546875e+01 1.277212715148925781e+01 -7.042484639092014831e-01 -6.984664290371493944e-01 1.271957097925196789e-01
3.548040091991424561e-01 3.552378082275390625e+01 -6.152001857757568359e+00 7.463623559715187351e-03 1.771145944338259060e-01 -9.841619352331709702e-01
3.720282077789306641e+00 -3.235285949707031250e+01 -2.109899967908859253e-01 -1.170189606918686787e-02 1.387595257403609339e-01 9.902569664711761144e-01
-6.986840820312500000e+01 2.510586357116699219e+01 3.965574026107788086e+00 -3.200789316478251378e-01 6.484335078536870856e-02 -9.451692003943593656e-01
-5.036988449096679688e+01 6.791378021240234375e+01 1.326043128967285156e+01 6.138945507992472628e-01 -7.893505603670978310e-01 7.692421409355322710e-03
1.410080909729003906e+01 6.124491500854492188e+01 7.478968143463134766e+00 -8.643919228379401409e-02 -2.916304160721704397e-01 9.526174292227168605e-01
3.760977935791015625e+01 3.542962646484375000e+01 -1.418364048004150391e+00 1.978510041545237796e-01 2.167316702039324694e-01 -9.559719469135381509e-01
1.123536300659179688e+01 -7.407431793212890625e+01 5.963394165039062500e+00 7.754140549581590991e-02 -4.487169897827631426e-01 -8.903035400996837101e-01
-3.079297828674316406e+01 -6.549730682373046875e+01 9.035116195678710938e+00 1.254433068442595001e-01 3.298737330047761818e-01 9.356534064713656340e-01
-7.435904979705810547e+00 5.133455657958984375e+01 3.570227146148681641e+00 3.710249505717025387e-02 -2.399501641111194683e-01 9.700759370294572692e-01
-2.412844848632812500e+01 -4.935332489013671875e+01 3.278146982192993164e+00 1.166570104888042109e-01 1.510285028906113713e-01 9.816218891296361049e-01
-5.596173477172851562e+01 -2.691508102416992188e+01 4.782287120819091797e+00 2.407686580283797395e-01 1.106003245495904563e-01 9.642603494496382321e-01
-7.124779510498046875e+01 -2.384972381591796875e+01 4.237092018127441406e+00 -3.362347109202454831e-01 -1.398548150417190106e-01 -9.313360563631291056e-01
-7.841555118560791016e+00 1.043441104888916016e+01 -9.541479110717773438e+00 -2.424246058853615216e-01 3.477444025717332243e-01 -9.057064319863006308e-01
4.383309555053710938e+01 -5.609581375122070312e+01 9.974496841430664062e+00 -2.368947120274213225e-01 1.812500451428618042e-01 9.544785574066897427e-01
6.602231979370117188e+00 -5.274016857147216797e+00 -1.707977867126464844e+01 1.077579814524916441e-01 -1.051485599491278344e-01 -9.886010306356701749e-01
4.867364883422851562e+01 -2.379518890380859375e+01 -7.149680256843566895e-01 3.335638257321750233e-01 -1.938289901470876542e-01 -9.225863085595165103e-01
-3.492913007736206055e+00 2.188079833984375000e+01 -7.743836879730224609e+00 7.934562595755049715e-04 2.046069526142489936e-01 -9.788438922366908823e-01
2.060441970825195312e+01 -3.493620681762695312e+01 9.293239712715148926e-01 -1.126299082576708577e-01 9.157671852038681837e-02 9.894080090594105092e-01
7.823641204833984375e+01 2.080376052856445312e+01 1.822443580627441406e+01 1.377682426833850837e-01 -2.117447024905029229e-01 9.675660661035713206e-01
-4.713240814208984375e+01 9.867938041687011719e+00 1.884624958038330078e+00 2.051133874355362541e-01 -8.970201224154307484e-02 9.746189241413987236e-01
4.100240707397460938e+01 -3.253824615478515625e+01 4.229888916015625000e+00 -3.283263439269461514e-01 1.935506739862711267e-01 9.245214699957079452e-01
-7.179831981658935547e+00 2.705168151855468750e+01 -3.056899905204772949e-01 -7.992160653812835358e-03 -1.608771979514194705e-01 9.869420715256713716e-01
-6.769482135772705078e+00 -1.689916419982910156e+01 -8.631113052368164062e+00 -2.541196322498088730e-02 -3.521114432902684721e-02 -9.990567588681298350e-01
-4.163698959350585938e+01 -7.113404846191406250e+01 8.190038681030273438e+00 -1.801937945149978959e-01 -2.539999756097587880e-01 -9.502705976765402074e-01
-1.301186084747314453e+01 1.026527500152587891e+01 -2.296818017959594727e+00 3.354600332130211471e-02 -6.016715431741131298e-02 9.976244680251742381e-01
6.722485351562500000e+01 4.082604217529296875e+01 9.967061042785644531e+00 3.201798760725206860e-01 1.611759224994924744e-01 -9.335454830722620390e-01
4.389544677734375000e+01 4.150033187866210938e+01 7.162161827087402344e+00 -2.222732464613500492e-01 -2.113309163777192246e-01 9.518055724203791090e-01
4.653032302856445312e+01 -3.548110127449035645e-01 -3.313839912414550781e+00 6.741475339548654022e-02 -2.707264249928520439e-02 -9.973576705739680692e-01
1.368644142150878906e+01 6.025959014892578125e+00 -1.521666336059570312e+01 5.931619744581512199e-01 2.285915178884178889e-01 -7.719486964859625377e-01
-1.245213031768798828e+01 1.643622994422912598e+00 -1.049115562438964844e+01 -9.178205200589774071e-01 1.860950664245520358e-01 -3.506766590623184299e-01
-7.451782989501953125e+01 3.229154205322265625e+01 1.111023235321044922e+01 3.158661346376561152e-01 -1.690990550892205180e-01 9.336134609981793231e-01
7.356237888336181641e+00 4.203462219238281250e+01 -4.530030250549316406e+00 1.284682048297611512e-01 1.209548839267658160e-01 -9.843098274436160589e-01
-7.747092437744140625e+01 2.172533416748046875e+01 1.076735115051269531e+01 3.206391303760854905e-01 -1.125548184013186320e-01 9.404902768908958155e-01
-6.611972808837890625e+01 -2.747038269042968750e+01 7.462717056274414062e+00 2.795530863144307099e-01 1.031847250993659093e-01 9.545695283415687182e-01
-1.629642677307128906e+01 5.941839599609375000e+01 3.128890097141265869e-01 -3.540809801011959856e-02 2.688192142621259606e-01 -9.625396078285811674e-01
4.213605117797851562e+01 7.234130859375000000e+01 1.192208385467529297e+01 3.903211781119651502e-01 6.238058516650578644e-01 -6.771378274367186867e-01
-7.905239868164062500e+01 2.777333021163940430e+00 5.597319126129150391e+00 -3.418334990498656523e-01 3.672721986165494723e-02 -9.390425817014684817e-01
1.124343872070312500e+01 -1.878724288940429688e+01 -8.159358978271484375e+00 8.877516983810361528e-02 -9.379413578084201675e-02 -9.916257506304183567e-01
2.481250000000000000e+01 -5.173921203613281250e+01 4.970337867736816406e+00 -1.426706263163659838e-01 2.500739805621446377e-01 9.576576092906586846e-01
7.423966979980468750e+01 -3.326049423217773438e+01 1.706403541564941406e+01 8.941841550737582578e-01 -3.617280270316903801e-01 2.637944868165170154e-01
-1.863084030151367188e+01 -3.233355712890625000e+01 3.196080029010772705e-01 8.061666449426399539e-02 1.116138627263720401e-01 9.904762990870189521e-01
3.236974334716796875e+01 4.842625427246093750e+01 9.426310062408447266e-01 1.836029062640826548e-01 3.215873823934317088e-01 -9.289087836255630615e-01
-6.051548004150390625e+00 -4.991983032226562500e+01 -3.236913919448852539e+00 -2.837121489335063963e-03 -2.773038435275244629e-01 -9.607780852551316420e-01
2.348339462280273438e+01 8.196171569824218750e+01 1.369330406188964844e+01 3.124387312000254657e-01 9.478586867275261563e-01 -6.281679107760786140e-02
-1.197000122070312500e+01 3.213175582885742188e+01 -6.840036869049072266e+00 -1.373737143981206832e-01 1.724424861524272989e-01 -9.753932804576999072e-01
6.662396240234375000e+01 -2.503055572509765625e+01 7.092833995819091797e+00 4.326836805631046334e-01 -1.466467661819073065e-01 -8.895389584176480735e-01
-5.250292587280273438e+01 -4.343810081481933594e+00 -3.469295978546142578e+00 -2.573037169954978109e-01 -3.017836362427503416e-02 -9.658592359082465162e-01
-2.274484443664550781e+01 -7.808800041675567627e-02 -8.676978111267089844e+00 -8.438797169661538256e-02 3.588146596497431701e-02 -9.957867194500715780e-01
-5.384410023689270020e-01 6.315748596191406250e+01 1.289824962615966797e+00 1.514889646495365741e-02 3.638707456830118092e-01 -9.313262539905030613e-01
6.194009399414062500e+01 5.439887237548828125e+01 1.146023464202880859e+01 5.113112895748945785e-01 4.218579404248608555e-01 -7.487300202701590024e-01
-3.100967216491699219e+01 -2.193081855773925781e+01 -6.812483787536621094e+00 -8.301841360962315675e-02 -2.040418092921960358e-01 -9.754357400990126825e-01
-2.982707977294921875e+00 -3.935250473022460938e+01 -5.939706802368164062e+00 4.077444645881087709e-03 -1.553102543123459078e-01 -9.878573274266858606e-01
-4.595975494384765625e+01 5.941862869262695312e+01 9.267107009887695312e+00 1.617923895265838408e-01 -3.085429315617744805e-01 9.373497117269223855e-01
-1.104147624969482422e+01 -3.736287689208984375e+01 -5.894049167633056641e+00 -2.165026404723500650e-02 -2.039853686895421736e-01 -9.787345071199219371e-01
-2.540309715270996094e+01 6.849707794189453125e+01 4.711023807525634766e+00 -1.268676087784020301e-01 3.483896089116352845e-01 -9.287245502544057008e-01
2.300578117370605469e+00 9.077700614929199219e+00 -2.532230854034423828e+00 4.766421418325718362e-02 1.960528410783023839e-02 9.986709946330392107e-01
-2.426549148559570312e+01 1.629631233215332031e+01 -5.160019993782043457e-01 1.162895480945462662e-01 -1.262247526897381233e-01 9.851619424299644656e-01
-6.054825973510742188e+01 6.401839852333068848e-01 4.476366043090820312e+00 2.718406573387402991e-01 -2.165406238540832154e-02 9.620986220756427842e-01
-2.891133499145507812e+01 -5.500463104248046875e+01 5.421580791473388672e+00 1.085374043917683995e-01 2.225470406942963164e-01 9.688614176063101713e-01
3.429406356811523438e+01 1.889299011230468750e+01 1.173979043960571289e+00 -1.450422852147081054e-01 5.302229866319743690e-02 9.880037304302884404e-01
3.195347070693969727e+00 4.354024505615234375e+01 1.941087961196899414e+00 -3.075207391119016281e-02 -1.591580313573182914e-01 9.867740526608023144e-01
-8.127973175048828125e+01 -2.132981109619140625e+01 1.184375095367431641e+01 2.698240086575389163e-01 3.541506128863518288e-02 9.622581658712482389e-01
1.921749877929687500e+01 -6.444087982177734375e+01 8.235168457031250000e+00 -9.586804595442426080e-02 3.382734073847928347e-01 9.361519212292215286e-01
-5.841426849365234375e+01 2.085015678405761719e+01 5.182806015014648438e+00 3.020913450953794377e-01 -6.682437953319200763e-02 9.509339206897965413e-01
-4.339507675170898438e+01 -3.649327850341796875e+01 -1.929657936096191406e+00 -2.168309018582515457e-01 -1.446893222622634145e-01 -9.654270350589029270e-01
-9.021082878112792969e+00 1.708565139770507812e+01 -8.521856307983398438e+00 -1.589917735992842779e-02 1.526755468960803719e-01 -9.881484673566316435e-01
3.105416488647460938e+01 -1.329336357116699219e+01 7.630990147590637207e-01 -1.079441160462216859e-01 2.301964432299093491e-02 9.938904183994545782e-01
-3.120636367797851562e+01 4.830493545532226562e+01 -1.390594959259033203e+00 -1.272612206704793469e-01 1.872122957227861650e-01 -9.740411377573657825e-01
-1.687608528137207031e+01 4.172559738159179688e+01 -5.018675804138183594e+00 -8.763398173048453366e-02 2.440048527806868151e-01 -9.658063558837953755e-01
3.106208086013793945e+00 1.582421779632568359e+01 -1.440608310699462891e+01 2.272229921903571870e-01 9.544378084386480054e-01 -1.934377978650797525e-01
2.231873035430908203e+00 -5.193453216552734375e+01 -2.846714973449707031e+00 -4.760220951180971563e-03 -2.854394269870917933e-01 -9.583849298782700643e-01
-7.712100219726562500e+01 -4.076742935180664062e+01 9.126445770263671875e+00 -3.604092588432051270e-01 -2.091518203694659184e-01 -9.090438285232622651e-01
6.229191970825195312e+01 2.379964637756347656e+01 1.016193771362304688e+01 -3.080506728007816886e-01 -8.816445608573440784e-02 9.472759955103330354e-01
-7.681440734863281250e+01 4.366833114624023438e+01 9.743984222412109375e+00 -4.835685480918373025e-01 2.791161923894837638e-01 -8.296117227006554184e-01
-3.722765922546386719e+00 1.617925834655761719e+01 -2.095232963562011719e+00 -2.331536313986703329e-02 -1.073094431728073422e-01 9.939522509897535940e-01
5.523724365234375000e+01 -3.953709793090820312e+01 5.082266807556152344e+00 3.375672898940815791e-01 -2.102394712284260669e-01 -9.175225825728525741e-01
4.112796401977539062e+01 4.927925491333007812e+01 3.199865102767944336e+00 2.003329964068227553e-01 3.068948377167775576e-01 -9.304204689996112831e-01
6.518000030517578125e+01 -3.473315429687500000e+01 8.048901557922363281e+00 3.955434584106620743e-01 -1.536837388690015238e-01 -9.054980292169483302e-01
-3.814487838745117188e+01 5.037595367431640625e+01 2.477419972419738770e-01 -1.561912971922330973e-01 2.945110833280282780e-01 -9.427976985962358558e-01
1.474309921264648438e+01 3.909661054611206055e+00 -2.019203901290893555e+00 -1.112608109259514144e-01 -3.974246007506548883e-02 9.929962582101110602e-01
-7.752404785156250000e+01 -1.631211280822753906e+01 5.690988063812255859e+00 -3.532379995305126030e-01 -8.509279528126362235e-02 -9.316555865119375834e-01
1.055763626098632812e+01 -6.311621475219726562e+01 1.585433006286621094e+00 7.061911024388591029e-02 -3.326863693345718520e-01 -9.403896644090379286e-01
-8.578092956542968750e+01 1.590301418304443359e+01 1.571750831604003906e+01 7.953675235916343178e-01 -1.740287881258089364e-01 5.806069955823589535e-01
-6.058152198791503906e+00 7.112080383300781250e+01 4.837211132049560547e+00 3.634382740965127340e-02 3.539392737490154039e-01 -9.345619919016807664e-01
8.696214675903320312e+00 3.512742233276367188e+01 1.178393959999084473e+00 -2.588753592141880555e-02 -7.335861646024499638e-02 9.969695827230415919e-01
3.344368743896484375e+01 1.467821002006530762e+00 8.329560160636901855e-01 -1.149519818200646776e-01 -2.257813823468270142e-02 9.931144292323494938e-01
5.262189102172851562e+01 2.390985965728759766e+00 5.485566139221191406e+00 -2.752758116263607779e-01 -1.454648143709140647e-02 9.612552353101899705e-01
-2.095412254333496094e+01 4.905081176757812500e+01 3.655486106872558594e+00 1.067902094082159581e-01 -2.777643290041451052e-01 9.546951496197236819e-01
2.822421836853027344e+01 -6.944483947753906250e+01 1.100129127502441406e+01 -1.977399029624001547e-01 2.388486751883898696e-01 9.507103876245235341e-01
-3.367161035537719727e+00 -3.026822471618652344e+01 -4.294990003108978271e-01 -2.065736817897322226e-03 7.769615586946715391e-02 9.969749445670670340e-01
-2.278087806701660156e+01 8.236662292480468750e+01 1.709790229797363281e+01 8.331964704285642342e-02 -3.782714032784472713e-01 9.219374067030842168e-01
-5.983389663696289062e+01 -3.396562194824218750e+01 2.033643007278442383e+00 -3.006541888196064827e-01 -1.906660284318419107e-01 -9.344803498989437962e-01
3.514617156982421875e+01 3.994255065917968750e+01 5.023534774780273438e+00 -2.130779397949829068e-01 -1.951546786756125640e-01 9.573465636663370804e-01
1.999841117858886719e+01 6.884218597412109375e+01 1.067302131652832031e+01 -1.372550292231005664e-01 -2.983280572802651798e-01 9.445429726552140304e-01
-3.601898574829101562e+01 1.286369037628173828e+01 7.941179871559143066e-01 6.943271079967368309e-02 -1.878667252991442910e-02 9.974097250409496018e-01
8.056073188781738281e+00 -2.727059936523437500e+01 -6.041460037231445312e-01 -1.063898835506748089e-02 3.594713346769910084e-02 9.992970606992878091e-01
6.505889129638671875e+01 5.766884803771972656e+00 3.545474052429199219e+00 4.779344114328519244e-01 2.938654663564018148e-03 -8.783906093971528550e-01
-1.450992393493652344e+01 7.164753723144531250e+01 9.656441688537597656e+00 2.483280539114234020e-02 -3.402255099469154720e-01 9.400159222894933775e-01
6.838191223144531250e+01 -8.675085067749023438e+00 1.083489322662353516e+01 -2.436301684733684914e-01 3.916507727083626961e-02 9.690771061850587120e-01
-4.602819061279296875e+01 1.341814041137695312e+00 1.313611984252929688e+00 1.068566764005213082e-01 -1.679132203707791107e-02 9.941326381388359001e-01
2.643775177001953125e+01 4.311199569702148438e+01 -1.878041982650756836e+00 1.723661506854324565e-01 2.139938910710288134e-01 -9.615074231029977492e-01
6.534038543701171875e+01 4.962025451660156250e+01 1.820949363708496094e+01 -8.445526939198269578e-02 -1.314864717829864194e-01 9.877138326509300459e-01
3.212928009033203125e+01 2.004959678649902344e+01 -5.509912014007568359e+00 2.366311249917726622e-01 1.328997690498810169e-01 -9.624673303918509504e-01
-3.226004791259765625e+01 1.104973411560058594e+01 -7.473186016082763672e+00 3.670819739156925415e-03 5.434033018435586830e-03 -9.999784979526296080e-01
-1.585148048400878906e+01 -5.264879989624023438e+01 3.192805051803588867e+00 6.219767818919135632e-02 2.458270292586620387e-01 9.673161430027592544e-01
-1.145009708404541016e+01 4.821171188354492188e+01 -3.535163879394531250e+00 -3.212497784230725767e-02 2.876411344791387492e-01 -9.571993332395218879e-01
1.926746940612792969e+01 -2.019639587402343750e+01 -4.450510144233703613e-01 -9.624967691938682290e-02 7.232100656069492817e-02 9.927263831000773253e-01
1.565743064880371094e+01 -3.056550788879394531e+01 3.575559854507446289e-01 -7.062897690989562716e-02 1.341033874630395972e-01 9.884471807292483092e-01
-2.769716262817382812e+01 3.779322052001953125e+01 2.092530965805053711e+00 8.947416278582942528e-02 -1.666835359671033356e-01 9.819424489405060852e-01
-3.750233840942382812e+01 -5.666753768920898438e+01 2.401890993118286133e+00 -1.754186257448910879e-01 -3.075346501810432009e-01 -9.352276432397607087e-01
-5.099313735961914062e+01 -3.275769042968750000e+01 -7.179499864578247070e-01 -2.388478213132778361e-01 -1.597381416238852214e-01 -9.578285046731737085e-01
5.202298736572265625e+01 6.300004577636718750e+01 1.077346992492675781e+01 2.891683915055642262e-01 3.707265720736172554e-01 -8.825777303516272321e-01
-7.666577911376953125e+01 1.760740661621093750e+01 5.612946987152099609e+00 -3.019454267120653124e-01 6.810975260277728205e-02 -9.508890686552544658e-01
-6.167406082153320312e+00 -8.474935913085937500e+01 1.041529846191406250e+01 -4.624777255039376478e-02 -4.991071939043833505e-01 -8.653052366229037062e-01
-2.806433916091918945e+00 5.496369171142578125e+01 -1.344236016273498535e+00 1.826958709754653021e-02 3.198119095687991242e-01 -9.473048953136700145e-01
1.122889423370361328e+01 8.100425720214843750e+01 1.586882972717285156e+01 -1.591302032444839587e-01 -9.341436272378969008e-01 3.194577626325494357e-01
-2.525807952880859375e+01 2.116975784301757812e+01 -7.429223060607910156e+00 -7.099297630068078513e-02 4.956721139390960623e-02 -9.962444925170740317e-01
-7.461403656005859375e+01 -1.893651962280273438e+00 8.600381851196289062e+00 3.643021892554807462e-01 1.489684698526892379e-02 9.311616394877750835e-01
7.038434600830078125e+01 2.863323926925659180e+00 6.710474967956542969e+00 5.670863102445136139e-01 -8.371175222490288143e-03 -8.236158328727403166e-01
4.723485183715820312e+01 -4.921186065673828125e+01 9.368404388427734375e+00 -2.580039814260073894e-01 2.594393824257676395e-01 9.306584509984663356e-01
-5.235678482055664062e+01 4.658152008056640625e+01 2.719808101654052734e+00 -2.748248233383734362e-01 2.680038105154731731e-01 -9.233879325755877110e-01
-1.950720977783203125e+01 -8.751189231872558594e+00 -2.430269002914428711e+00 1.622019970310801251e-01 9.252842610401558476e-02 9.824097935799719350e-01
8.168740844726562500e+01 -4.778581142425537109e+00 1.705633735656738281e+01 9.824280702953714917e-01 -1.398298115390199103e-01 1.236232603544930447e-01
1.304986000061035156e+01 3.883634567260742188e+01 -4.697542190551757812e+00 1.472488257196911399e-01 3.922030876245098940e-01 -9.080168067728554560e-01
3.052881050109863281e+01 -4.546386718750000000e+01 -1.071071028709411621e+00 2.045040935987827158e-01 -2.700319067004041673e-01 -9.408830134852497196e-01
8.070882415771484375e+01 1.036576986312866211e+00 1.134549617767333984e+01 5.577891081052003264e-01 -1.786430103607358766e-02 -8.297904419958679334e-01
7.358736419677734375e+01 1.802203178405761719e+01 8.941688537597656250e+00 4.930543149213595377e-01 7.712946274370349742e-02 -8.665728408589183918e-01
5.569045257568359375e+01 3.742000961303710938e+01 9.959138870239257812e+00 -2.372552145960586112e-01 -1.353514986873262382e-01 9.619718992517779510e-01
2.158525657653808594e+01 3.279324340820312500e+01 1.710765004158020020e+00 -4.923061366126912225e-02 -9.508336057474811587e-02 9.942512264112866038e-01
1.296600151062011719e+01 5.594130706787109375e+01 5.419600009918212891e-02 9.823100552061764246e-02 2.953147985547589505e-01 -9.503366978650095165e-01
4.435002136230468750e+01 1.578919315338134766e+01 -3.055561065673828125e+00 2.309485101047644706e-01 1.181173579261953210e-01 -9.657696803259691043e-01
1.657088470458984375e+01 -8.091736602783203125e+01 1.515845680236816406e+01 -2.089308339124888725e-01 9.233024507649894019e-01 3.222739379037597440e-01
6.721481323242187500e+01 2.883956909179687500e+01 1.206565761566162109e+01 -2.425805494882377900e-01 -9.060157590862717714e-02 9.658913145136247547e-01
-1.981274604797363281e+01 -1.744093894958496094e+01 -8.154310226440429688e+00 1.216369113758210621e-02 -9.242746040775727534e-02 -9.956451221095204973e-01
-3.396651840209960938e+01 7.098391723632812500e+01 1.082554626464843750e+01 1.197249293329159386e-01 -2.856864805575896060e-01 9.508150062566567140e-01
4.901736831665039062e+01 5.359102249145507812e+01 6.894440174102783203e+00 2.697461755281062579e-01 2.896080106109406582e-01 -9.183486271443613846e-01
-1.525678443908691406e+01 5.073270797729492188e+00 -1.524913406372070312e+01 -9.232767171761566694e-01 2.674876663292761747e-01 -2.756999308707515639e-01
-4.066792011260986328e+00 4.406097793579101562e+01 1.893177986145019531e+00 -6.158958983499145806e-02 -1.595175282279109319e-01 9.852719830645825239e-01
-6.397610855102539062e+01 1.143637371063232422e+01 3.372299969196319580e-01 -3.267173313975476057e-01 5.571618908434463474e-02 -9.434784001970488720e-01
-3.763771438598632812e+01 3.791428375244140625e+01 -2.786402940750122070e+00 -2.003940769694058932e-01 2.416008988526852086e-01 -9.494583822312352428e-01
2.201790046691894531e+01 5.755120086669921875e+01 7.369934082031250000e+00 -1.176342964960450654e-01 -2.980643272282616496e-01 9.472696707494884238e-01
5.953400421142578125e+01 1.739067649841308594e+01 1.949769973754882812e+00 4.139299932969376927e-01 1.249545715419024261e-01 -9.016919183956219053e-01
-5.545559310913085938e+01 1.571657276153564453e+01 -1.645300984382629395e+00 -2.667738693895057578e-01 7.930823154877336689e-02 -9.604904512901505376e-01
3.879129409790039062e+01 1.219511890411376953e+01 -4.917741775512695312e+00 2.540032937743785801e-01 3.055411650520399869e-01 -9.176747371538613862e-01
-3.019462013244628906e+01 7.981362915039062500e+01 1.669438552856445312e+01 1.795788145186073270e-01 -6.399394765671236884e-01 7.471471847682271683e-01
2.711542129516601562e+01 -2.433863449096679688e+01 8.666300177574157715e-01 -9.822968000044389469e-02 5.081957328642588978e-02 9.938653334018627827e-01
-4.602763748168945312e+01 -7.286354827880859375e+01 1.672270202636718750e+01 2.793532786140526247e-01 4.728722931314293110e-01 8.356754992915629288e-01
-7.268475341796875000e+01 2.617930221557617188e+01 9.687591552734375000e+00 2.897712421121405035e-01 -9.884307635648136026e-02 9.519782946586408112e-01
-2.810245323181152344e+01 6.041370391845703125e+01 1.873753070831298828e+00 -1.540652102261883816e-01 3.513438968990144629e-01 -9.234832846943008544e-01
-4.400910186767578125e+01 -2.229342269897460938e+01 -4.220739841461181641e+00 -2.113815090965363019e-01 -1.548088420276346744e-01 -9.650658423351919923e-01
2.650016212463378906e+01 -8.115536499023437500e+01 1.133728408813476562e+01 3.419515247799105317e-01 -8.508976668806050858e-01 -3.988010972876541160e-01
-2.154973983764648438e+01 1.094523620605468750e+01 -8.277503013610839844e+00 -1.640230894039649279e-01 -1.086428717918758446e-01 -9.804555841807383043e-01
1.057682609558105469e+01 -5.476816177368164062e+01 4.098283767700195312e+00 -7.804328952468102265e-02 3.623924336054490936e-01 9.287523722853616714e-01
-3.392767333984375000e+01 3.025660324096679688e+01 -5.259782791137695312e+00 -2.244096890158979174e-01 2.016730254402827327e-01 -9.533982810376526729e-01
-8.153829193115234375e+01 1.345524501800537109e+01 1.144517612457275391e+01 2.652927958106225392e-01 -4.785140212781452407e-02 9.629797380035498566e-01
3.964107036590576172e+00 6.511827945709228516e+00 -1.731410598754882812e+01 1.487303110429089303e-01 1.420911401733173374e-01 -9.786160648902747505e-01
-1.776602935791015625e+01 3.302769470214843750e+01 8.315560221672058105e-01 1.310004082056681791e-02 -3.583769964418202780e-02 9.992717589398355527e-01
3.895437240600585938e+01 -3.956838607788085938e+01 -5.458660125732421875e-01 2.962711764535503889e-01 -2.664038844643744075e-01 -9.171981031081134494e-01
-7.565667152404785156e+00 -5.964809799194335938e+01 -1.838809996843338013e-01 -3.789897030708550690e-02 -4.390260699849091730e-01 -8.976746503735461014e-01
2.653594017028808594e+00 -5.567348098754882812e+01 3.840598106384277344e+00 -6.650830068254340310e-02 3.393450707443292913e-01 9.383078220402123470e-01
-3.421438217163085938e+01 -7.091320157051086426e-01 -7.577624797821044922e+00 -9.613364746891416013e-02 3.935190171982276552e-02 -9.945902420873412586e-01
-6.729946136474609375e+01 -4.444787979125976562e+01 1.083505249023437500e+01 2.435633245998906071e-01 1.576714918974733981e-01 9.569830758966811901e-01
-1.785428619384765625e+01 6.173488616943359375e+01 6.814414978027343750e+00 5.990829518339670090e-02 -2.422057023935831055e-01 9.683735817835233961e-01
5.368896484375000000e+01 -2.694314956665039062e+01 1.788900971412658691e+00 3.492892060917531238e-01 -1.403715558382470641e-01 -9.264409731976142037e-01
2.134747505187988281e+01 -5.406993865966796875e+01 -3.185670077800750732e-01 1.922514470173171119e-01 -2.860514510417448975e-01 -9.387299656859047214e-01
1.570651817321777344e+01 7.349221038818359375e+01 7.130258083343505859e+00 7.792804179753801130e-02 3.295579957581870612e-01 -9.409137833688312469e-01
-5.645040893554687500e+01 -5.962668228149414062e+01 1.154255199432373047e+01 1.979224236087301914e-01 2.229368129790678388e-01 9.545291465699632383e-01
-2.686000823974609375e+01 -1.637022018432617188e+01 -8.142287254333496094e+00 -8.245814775069347513e-02 -1.572630420116453709e-01 -9.841082204141820000e-01
5.624178695678710938e+01 5.880716705322265625e+01 1.802915954589843750e+01 -4.394921258043271717e-01 -4.226003067494876753e-01 7.926257957518367814e-01
-1.519352054595947266e+01 8.004065704345703125e+01 1.235272121429443359e+01 -4.284006468433334408e-02 -2.786148064687964387e-01 9.594469857549176028e-01
-5.811703205108642578e+00 7.962997436523437500e+01 1.236241531372070312e+01 -3.936092868907875575e-02 -2.610811875052775899e-01 9.645140386866162263e-01
4.395312786102294922e+00 -1.267225980758666992e+00 -2.822967052459716797e+00 -3.341027868793204625e-02 -3.063302210837896486e-02 9.989721573870327109e-01
-2.288970756530761719e+01 -3.961019515991210938e+01 -4.619396209716796875e+00 -6.553188016403872773e-02 -8.357332535198663814e-02 -9.943445438940050618e-01
-7.221432495117187500e+01 -4.934923553466796875e+01 1.630729866027832031e+01 3.519990189086238397e-01 2.331961632547845942e-01 9.064856535713150532e-01
-2.611589908599853516e+00 3.148533248901367188e+01 1.071859970688819885e-01 -7.728793344198291171e-02 -3.914491657573409000e-01 9.169482678821906374e-01
-4.927880477905273438e+01 -5.118385696411132812e+01 3.316137075424194336e+00 -2.495711482203599452e-01 -2.352035427139011203e-01 -9.393580443424121018e-01
5.651453018188476562e+01 -1.790114212036132812e+01 1.447032928466796875e+00 3.743704427912982746e-01 -8.913794557909930638e-02 -9.229849393257643086e-01
-3.029999542236328125e+01 -6.249589157104492188e+01 3.135692119598388672e+00 -1.141575063471336332e-01 -3.221678077675322882e-01 -9.397744236692475717e-01
3.139444732666015625e+01 3.297560882568359375e+01 -3.135613918304443359e+00 1.164272455433628811e-01 2.041331027941062359e-01 -9.719950477439874836e-01
-1.968463516235351562e+01 5.423056793212890625e+01 -1.135556936264038086e+00 -8.815572543016650386e-02 2.737467286126659127e-01 -9.577532545743420167e-01
-3.882259368896484375e+01 -7.705300903320312500e+01 1.665642738342285156e+01 1.992655071661233734e-01 4.063326979528275595e-01 8.917325811184672046e-01
-3.911230850219726562e+01 3.098080444335937500e+01 2.650146961212158203e+00 1.537143336816194084e-01 -1.462326529264665886e-01 9.772348309587125526e-01
-6.100178909301757812e+01 2.493640327453613281e+01 9.556120038032531738e-01 -2.645836482191190608e-01 1.049808836567340947e-01 -9.586315805155352088e-01
-6.717664337158203125e+01 3.863745117187500000e+01 5.382109165191650391e+00 -2.770653565049205347e-01 1.702988147281159492e-01 -9.456389913317871931e-01
3.036531448364257812e+01 -6.223843765258789062e+01 4.412195205688476562e+00 2.101568913129017446e-01 -3.434424516726615195e-01 -9.153585982677875377e-01
-3.733197021484375000e+01 -3.105225372314453125e+01 -3.969568014144897461e+00 -1.341683062150812178e-01 -2.269902862294048418e-01 -9.646109451819780967e-01
-3.429136657714843750e+01 -4.778302001953125000e+01 -1.002042055130004883e+00 -2.048015628492712292e-01 -2.103104888088152269e-01 -9.559423717732639103e-01
-5.819829940795898438e+01 -2.318517875671386719e+01 -3.008430004119873047e-01 -3.140568294836398877e-01 -1.113538858783933855e-01 -9.428513244167745500e-01
6.651329803466796875e+01 1.678864288330078125e+01 1.082406425476074219e+01 -2.968177368169803154e-01 -6.571053680371752304e-02 9.526706442752465032e-01
-3.092537117004394531e+01 -3.720368194580078125e+01 1.966125011444091797e+00 1.026683805474181699e-01 1.274486394956440560e-01 9.865171300724990822e-01
5.678671264648437500e+01 1.221550655364990234e+01 7.247857093811035156e+00 -3.382707887974976124e-01 -7.660274021202383155e-02 9.379258465562870795e-01
-2.374862480163574219e+01 3.058675956726074219e+01 -6.577647209167480469e+00 -6.578227058170611763e-02 3.421964099367218876e-02 -9.972470651986794499e-01
-1.592959499359130859e+01 -5.835707855224609375e+01 -1.447760015726089478e-01 -5.215982751555722774e-02 -3.738837666184151032e-01 -9.260077113354800993e-01
1.939425277709960938e+01 -5.596104049682617188e+01 5.399601936340332031e+00 -1.147330179399723704e-01 2.748863667923276966e-01 9.546066309983919362e-01
-4.818949127197265625e+01 -2.723447990417480469e+01 3.074131011962890625e+00 1.877990661849495702e-01 1.197763285515047460e-01 9.748769880650496322e-01
-4.992316055297851562e+01 -6.253984451293945312e+01 1.113745594024658203e+01 1.392654359467182246e-01 2.337122459286419818e-01 9.622804811766476618e-01
7.506168365478515625e+01 3.421692276000976562e+01 1.599133586883544922e+01 9.032542237600001966e-01 3.544907214062071876e-01 2.418018521364679596e-01
-2.822490882873535156e+01 4.919898223876953125e+01 4.437418937683105469e+00 6.191196466476777543e-02 -2.076089040146924525e-01 9.762507114492500193e-01
-7.782413959503173828e+00 -7.664383697509765625e+01 1.115715503692626953e+01 -1.430890196162596002e-02 3.022025391358980073e-01 9.531363389696505539e-01
5.566175079345703125e+01 8.664396286010742188e+00 -4.354789853096008301e-01 3.734946204637824008e-01 3.299559721753469316e-02 -9.270453381841005092e-01
3.148248481750488281e+01 -1.973384666442871094e+01 1.127519965171813965e+00 -1.552333187123589309e-01 4.601600858097966429e-02 9.868055247696084775e-01
-3.327721023559570312e+01 -8.808555603027343750e+00 -7.953266143798828125e+00 -1.447100308172545591e-01 -5.646964373172163459e-02 -9.878614206039638690e-01
6.193967437744140625e+01 -5.289582443237304688e+01 1.707375335693359375e+01 -8.417884604008978033e-02 2.824359858988517366e-02 9.960503104853953849e-01
1.586422348022460938e+01 3.916059494018554688e+01 2.010951042175292969e+00 -9.180097257279594414e-02 -1.359693106692806130e-01 9.864506718487292547e-01
-8.870977020263671875e+01 -1.162206363677978516e+01 1.054366111755371094e+01 -7.893125706761822125e-01 -9.243889765248258783e-02 -6.069931762164635369e-01
3.471413421630859375e+01 -5.231000518798828125e+01 7.165710926055908203e+00 -1.517530571034378939e-01 1.421787365974510053e-01 9.781391600990695379e-01
2.520368003845214844e+01 6.926998138427734375e+01 6.937362194061279297e+00 1.799726029156398788e-01 3.146104568384358591e-01 -9.320032846764435552e-01
4.342774581909179688e+01 1.045095062255859375e+01 2.692718982696533203e+00 -2.222118913244486016e-01 -6.137047729926836670e-02 9.730650234542763677e-01
-5.593498611450195312e+01 -1.248790168762207031e+01 3.549476146697998047e+00 1.799064864838199607e-01 9.534974628975656161e-03 9.836375045614477175e-01
-2.840874099731445312e+01 -7.185089111328125000e+01 6.623582839965820312e+00 -1.072740174158101772e-01 -3.900949872747942471e-01 -9.145043390222654667e-01
7.585018157958984375e+01 -2.835615348815917969e+01 1.183286857604980469e+01 6.711857148387496697e-01 -2.310346490733535263e-01 -7.043668980893047493e-01
3.296705961227416992e+00 -1.387943363189697266e+01 -2.395431041717529297e+00 -7.795728096954834818e-02 1.347791909504508223e-01 9.878042478297898166e-01
2.388989448547363281e+01 -3.963594436645507812e+01 -3.723945140838623047e+00 1.493834435812866901e-01 -2.042651029598987200e-01 -9.674504403309652778e-01
-8.287023162841796875e+01 3.250858688354492188e+01 1.028416156768798828e+01 -7.306344191521694231e-01 3.376270743923289186e-01 -5.934486533706591072e-01
3.171340751647949219e+01 2.461182403564453125e+01 1.774908065795898438e+00 -9.789932002049346604e-02 -8.884385666867340714e-02 9.912227258652623885e-01
1.243121719360351562e+01 -3.489124679565429688e+01 -6.139918804168701172e+00 8.489423767709025626e-02 -1.858015965150946192e-01 -9.789130375787564731e-01
-7.657920122146606445e-01 -1.377814579010009766e+01 -1.610479736328125000e+01 1.852547090591723927e-02 -2.511456427921849310e-01 -9.677720150088109374e-01
4.996942520141601562e+01 4.856212615966796875e+01 1.048260974884033203e+01 -2.792120513457447273e-01 -1.900591005642946196e-01 9.412322607497006777e-01
4.600491333007812500e+01 -6.883366394042968750e+01 1.613945007324218750e+01 -1.738292578414169232e-01 1.760817542073464526e-01 9.689058803380058427e-01
4.169661331176757812e+01 -1.236117935180664062e+01 2.342097043991088867e+00 -2.314553126221572665e-01 -1.227623703486241565e-02 9.727680773253424285e-01
-6.880464172363281250e+01 -3.647775650024414062e+01 5.313880920410156250e+00 -2.890798349027302594e-01 -1.648913890924803560e-01 -9.429971786043489512e-01
5.628956604003906250e+01 -5.906883239746093750e+01 1.647542381286621094e+01 -1.986283869490184095e-01 9.722620049720864799e-02 9.752403959203636008e-01
1.020269680023193359e+01 2.910023689270019531e+01 7.301949858665466309e-01 -7.377144292273254966e-02 -1.286662499344596866e-01 9.889402258665086487e-01
5.060313415527343750e+01 -1.072840404510498047e+01 -1.641365051269531250e+00 3.315055187457081054e-01 -7.136635781752879992e-02 -9.407501974557322955e-01
5.668026924133300781e+00 -4.599460601806640625e+01 -4.221127986907958984e+00 2.694131756358586482e-02 -2.513686494820188688e-01 -9.675163913162009299e-01
1.027992439270019531e+01 -1.123802471160888672e+01 -1.479320430755615234e+01 6.140068057388256006e-01 -6.207616646283031780e-01 -4.874942032827692673e-01
5.417353820800781250e+01 4.047775268554687500e+01 4.778017997741699219e+00 3.148041607923454110e-01 2.444017133604699521e-01 -9.171511014300172127e-01
-5.091013336181640625e+01 5.809976959228515625e+01 5.559284210205078125e+00 -1.316554370186578671e-01 2.342903259779688108e-01 -9.632107189273608761e-01
3.810611343383789062e+01 5.220993423461914062e+01 8.714458465576171875e+00 -1.750189563381201741e-01 -2.586741627334643856e-01 9.499768641690472526e-01
3.112631797790527344e+01 -3.103174781799316406e+01 -3.994632005691528320e+00 2.027132989673675334e-01 -1.522836533282181104e-01 -9.673246649138942388e-01
3.884695053100585938e+00 8.068675994873046875e+01 1.309295654296875000e+01 -7.301340675340003972e-02 -3.096437245154824436e-01 9.480452554084338734e-01
2.756595993041992188e+01 -5.309539794921875000e+00 -7.593604087829589844e+00 1.822731667623586349e-01 -1.081132222441044538e-01 -9.772860501687407053e-01
-5.218445587158203125e+01 -1.994411945343017578e+00 2.456629991531372070e+00 1.954280295046287308e-01 -1.089291202118925113e-02 9.806575496836990036e-01
-1.579087066650390625e+01 -4.876436614990234375e+01 -3.147691011428833008e+00 -6.466787328641480925e-02 -2.517753631910926715e-01 -9.656227175530853746e-01
1.086550903320312500e+01 -7.689453125000000000e+01 1.174359035491943359e+01 -6.790210359262460749e-02 2.359129620923222093e-01 9.693989780500713582e-01
5.664843082427978516e+00 -7.153289031982421875e+01 4.532886028289794922e+00 3.174695689589242947e-02 -3.639854921817221034e-01 -9.308634122195800220e-01
6.931140899658203125e+01 -2.735277938842773438e+01 1.213708114624023438e+01 -2.933562056362417070e-01 6.725589848415504390e-02 9.536345110857702423e-01
-3.964350509643554688e+01 -6.196591567993164062e+01 4.707765102386474609e+00 -1.750456664856859246e-01 -3.032437859628301924e-01 -9.366975076936583378e-01
5.379755020141601562e+01 -4.798015594482421875e+01 6.794404983520507812e+00 3.254518405400231296e-01 -2.480054822180987328e-01 -9.124551387760824195e-01
1.964860916137695312e+01 8.019616699218750000e+01 1.817177963256835938e+01 -1.437079679556819700e-01 -5.887592198933380150e-01 7.954310786841538583e-01
4.832995223999023438e+01 -6.023999404907226562e+01 1.162010288238525391e+01 -1.780024591905910725e-01 1.834863388387562022e-01 9.667718903555538867e-01
5.325333023071289062e+01 -9.348691940307617188e+00 5.738427162170410156e+00 -2.877454544689284077e-01 2.750204974965177879e-02 9.573119610095957022e-01
-7.640448760986328125e+01 8.367222785949707031e+00 4.914216041564941406e+00 -3.434266724244339763e-01 6.194154632573806163e-02 -9.371346570830987321e-01
-2.511966133117675781e+01 -8.219911956787109375e+01 1.681777191162109375e+01 2.048376530771785567e-02 1.938074438164278379e-01 9.808257185046487248e-01
-3.198146057128906250e+01 -1.267168712615966797e+01 -8.024899661540985107e-02 1.513365733763609722e-01 9.907676199922560434e-02 9.835044670922700183e-01
2.884797096252441406e+01 3.854630661010742188e+01 3.367577075958251953e+00 -1.348266343408038581e-01 -1.901091702601116762e-01 9.724609411464005815e-01
-3.280507659912109375e+01 4.127263641357421875e+01 3.311684131622314453e+00 2.944184355804357889e-02 -4.458682518564334729e-01 8.946142631516623700e-01
7.048738098144531250e+01 7.349551200866699219e+00 1.170793342590332031e+01 -2.466965569930774649e-01 -7.599798770757267008e-02 9.661082313240897390e-01
-1.726493453979492188e+01 5.216720104217529297e+00 -2.339412927627563477e+00 1.157988106985979870e-01 -9.982844621375470961e-02 9.882433489618525080e-01
-7.641974925994873047e+00 -5.309494781494140625e+01 2.949477910995483398e+00 1.931247196359149598e-02 2.355136182678031764e-01 9.716791466513331477e-01
1.832801437377929688e+01 -6.246602630615234375e+01 2.417080879211425781e+00 1.549378725048698446e-01 -3.680784279308636497e-01 -9.167947025128410088e-01
7.369408416748046875e+01 -1.762631607055664062e+01 1.277522087097167969e+01 -2.250994046420257411e-01 4.601152719244718664e-02 9.732487849441293637e-01
-1.727159976959228516e+00 7.511984252929687500e+01 6.500741004943847656e+00 3.235787588903931561e-02 3.077795619512798675e-01 -9.509073083708147189e-01
-8.607408905029296875e+01 -3.266525983810424805e+00 8.532531738281250000e+00 -4.498983196847738952e-01 -2.702911932092761857e-02 -8.926706720025879838e-01
1.504185962677001953e+01 4.552400112152099609e-02 -1.501518440246582031e+01 7.087029523893844107e-01 -1.765451932930153399e-03 -7.055047898165132114e-01
7.428177642822265625e+01 -8.843986511230468750e+00 1.244929218292236328e+01 -2.695414585860450574e-01 1.034040642574760027e-02 9.629332677284846431e-01
-2.604384803771972656e+01 1.008162021636962891e+01 -8.666499853134155273e-01 1.004789692520240141e-01 -8.024453967105479868e-02 9.916979331384287999e-01
-2.396806335449218750e+01 -6.141508865356445312e+01 6.773437976837158203e+00 8.141226022812780849e-02 2.610138073348468590e-01 9.618959591687216149e-01
-7.179705810546875000e+01 4.782991790771484375e+01 1.586412429809570312e+01 7.428252115375012510e-01 -5.368080261127446962e-01 4.000598057855913603e-01
-5.826491832733154297e+00 -6.620633697509765625e+01 2.516880035400390625e+00 -1.215259530397897955e-02 -3.408037906749885049e-01 -9.400558976406330203e-01
-6.487905120849609375e+01 3.151027870178222656e+01 7.984481811523437500e+00 2.412442445999476159e-01 -1.281046371342436929e-01 9.619721494888011648e-01
-5.755586242675781250e+01 -4.685971069335937500e+01 4.239716053009033203e+00 -2.986536096988261502e-01 -2.340702285334107791e-01 -9.252119484356965406e-01
-4.065615081787109375e+01 7.861534118652343750e+01 1.230609416961669922e+01 -4.144499484770995945e-01 9.080728947328352563e-01 6.028978403393676216e-02
1.047845840454101562e+01 2.289204978942871094e+01 -7.578516006469726562e+00 6.459322346067164489e-02 1.672577139026244220e-01 -9.837949850568601384e-01
-2.345972061157226562e+00 -1.014528656005859375e+01 -2.794579029083251953e+00 -2.683537606863225025e-02 6.872089835816301562e-02 9.972749373769009829e-01
6.588289642333984375e+01 -2.839969992637634277e-01 4.124453067779541016e+00 4.880560655591621444e-01 -4.536227677452291107e-02 -8.716326868106442083e-01
3.772196960449218750e+01 3.059091949462890625e+01 3.514291048049926758e+00 -2.162179745197403136e-01 -1.787159786114328464e-01 9.598491477745546563e-01
-6.887355041503906250e+01 -8.814477920532226562e+00 6.830725193023681641e+00 2.822870427106394797e-01 5.680425308542074586e-02 9.576467523826774908e-01
6.930964660644531250e+01 -4.402132797241210938e+01 1.386027812957763672e+01 8.243778779426486070e-01 -4.907119769261782949e-01 2.821398058764088002e-01
-6.206505966186523438e+01 4.197171020507812500e+01 4.440375804901123047e+00 -3.102623468563586728e-01 2.118285765503911955e-01 -9.267501984244835844e-01
-6.468643188476562500e+01 -5.385596466064453125e+01 1.191734027862548828e+01 1.557003966930078365e-01 1.684697397117117523e-01 9.733320775927957191e-01
3.887827682495117188e+01 2.667557525634765625e+01 -2.846168994903564453e+00 2.108160304373583593e-01 1.705296609523783424e-01 -9.625363557009686266e-01
-5.140625762939453125e+01 -2.199179649353027344e+01 3.211817979812622070e+00 2.380375436331392536e-01 1.101261668263483207e-01 9.649924119915329612e-01
-7.061511993408203125e+01 -1.709959030151367188e+01 7.878179073333740234e+00 3.812504905417575807e-01 1.943879130178406967e-01 9.038038519138086313e-01
-8.817643737792968750e+01 2.283644914627075195e+00 1.525627231597900391e+01 -1.003482973458229149e-01 -4.771217557072433835e-02 9.938077115428832764e-01
-2.284085464477539062e+01 7.382432556152343750e+01 6.378914833068847656e+00 -2.406809666040316334e-02 3.017141887091403518e-01 -9.530945782317360448e-01
-4.020148849487304688e+01 2.585408592224121094e+01 -4.620580196380615234e+00 -2.918750208386337586e-01 2.640083192817428426e-01 -9.192978731404074511e-01
5.987048721313476562e+01 3.031441879272460938e+01 1.019175148010253906e+01 -2.410676804953691410e-01 -8.940355123208554300e-02 9.663815904950149305e-01
8.346466064453125000e+00 5.185990905761718750e+01 -1.748347043991088867e+00 1.017094196226362018e-01 3.420468728867342989e-01 -9.341622614452120832e-01
2.852105712890625000e+01 -4.699215698242187500e+01 4.422433853149414062e+00 -2.008325341368299155e-01 2.639390150204485863e-01 9.433994326806723896e-01
-5.405243301391601562e+01 3.191432762145996094e+01 8.776400238275527954e-02 -1.935694608167964070e-01 1.361186895678043463e-01 -9.715979447227327537e-01
-1.823258781433105469e+01 -2.340746688842773438e+01 -7.228454113006591797e+00 -5.996895037445853366e-02 -1.437168650395063974e-01 -9.878001759942149906e-01
1.783410012722015381e-01 -1.849747657775878906e+01 -8.901555061340332031e+00 3.453989411808677107e-02 -9.007128469197016318e-02 -9.953362041984856745e-01
2.376491928100585938e+01 4.919239044189453125e+01 5.210255146026611328e+00 -8.733762638230960218e-02 -2.010038408081965544e-01 9.756892922433130222e-01
5.453674316406250000e+01 5.472363281250000000e+01 1.297816658020019531e+01 -3.112664218142206507e-01 -2.503892281406513987e-01 9.167433932579500677e-01
6.659391021728515625e+01 -8.553677558898925781e+00 5.014105796813964844e+00 4.248102665692438662e-01 -9.370222054309705617e-02 -9.004199749465029434e-01
4.358658981323242188e+01 -4.472841262817382812e+01 7.320569992065429688e+00 -2.231322923682805548e-01 1.837480103456735625e-01 9.573132448663197458e-01
-3.718743896484375000e+01 1.875419235229492188e+01 1.186776041984558105e+00 8.019617340868788469e-02 -5.609504636383480514e-02 9.951994370697981873e-01
3.172571897506713867e+00 -1.988530158996582031e+01 -1.759659051895141602e+00 -1.873356861157845360e-02 1.259583597668777200e-01 9.918586315659672081e-01
2.753590393066406250e+01 6.248078536987304688e+01 4.819215774536132812e+00 1.824553934545517508e-01 3.509349662460255481e-01 -9.184523280308268811e-01
3.983347320556640625e+01 -7.081953048706054688e+00 -4.850375175476074219e+00 2.129283754815971819e-01 -5.739087629440563915e-02 -9.753808457381804020e-01
2.285978507995605469e+01 -2.299732017517089844e+01 -6.322197914123535156e+00 2.942594555334057671e-01 -2.546238103415417453e-01 -9.211829829281141802e-01
-1.012782669067382812e+01 -8.854608535766601562e+00 -1.649553489685058594e+01 -1.916462617039895178e-01 -2.251998780629548003e-01 -9.552783496422999621e-01
-1.090238666534423828e+01 8.262855529785156250e+01 1.565206146240234375e+01 2.425397031548208807e-02 -9.116700773698886984e-01 4.102065515716648014e-01
3.018343162536621094e+01 7.521709918975830078e+00 -7.310132980346679688e+00 2.956810831869424727e-01 3.463112533891152256e-02 -9.546587778903816712e-01
2.027168655395507812e+01 -7.546676635742187500e+01 7.683194160461425781e+00 1.655897720046924648e-01 -3.224129209552732966e-01 -9.320031844411922339e-01
-4.158090972900390625e+01 4.483122634887695312e+01 5.311386108398437500e+00 1.629826404835449938e-01 -2.223832276604471858e-01 9.612400111087413546e-01
-5.409202098846435547e+00 8.600786590576171875e+01 1.136056327819824219e+01 -3.709382793005289863e-02 8.444563782536345098e-01 -5.343383508192632858e-01
6.995348930358886719e+00 7.540506744384765625e+01 7.083288192749023438e+00 7.457472512224914973e-02 3.311703769678260301e-01 -9.406193660519269750e-01
-4.805539321899414062e+01 -5.997055053710937500e+01 5.650784015655517578e+00 -2.191773505022068524e-01 -3.276796419746930145e-01 -9.190143313693045490e-01
-5.501860809326171875e+01 -6.541151428222656250e+01 1.513658905029296875e+01 5.539691664317889508e-01 7.415401537853140157e-01 3.784658015817570775e-01
-3.185086441040039062e+01 -7.394390869140625000e+01 1.156656837463378906e+01 8.634887229635071493e-02 2.468474691988017389e-01 9.651995644442112887e-01
7.123172760009765625e+01 -3.884118270874023438e+01 1.142494106292724609e+01 6.182377590487767582e-01 -2.628884409602041394e-01 -7.407237952812504300e-01
-2.243428993225097656e+01 -5.500711822509765625e+01 4.618169784545898438e+00 1.125327177780772736e-01 3.335548670425276807e-01 9.359901378228946411e-01
-2.042019081115722656e+01 -6.415830993652343750e+01 2.635915994644165039e+00 -8.741772966112557053e-02 -3.832505312562170530e-01 -9.194983256280142569e-01
4.357292556762695312e+01 2.229757308959960938e+01 3.700222969055175781e+00 -2.830581535087181577e-01 -1.455978614138324079e-01 9.479869959466498130e-01
-6.107809066772460938e+01 -6.332519149780273438e+01 1.058785724639892578e+01 -5.315703250764926002e-01 -5.798873169082546797e-01 -6.173845553518628737e-01
-6.796161651611328125e+01 8.211054801940917969e+00 6.683484077453613281e+00 3.063980608839463327e-01 -8.314183915603522157e-02 9.482656077641482550e-01
3.416805648803710938e+01 -7.795960235595703125e+01 1.195876216888427734e+01 4.348501741590269920e-01 -9.005010726544749877e-01 -1.773184142680794611e-03
3.914207458496093750e+01 -6.007669067382812500e+01 9.941276550292968750e+00 -2.082426585359136439e-01 2.430990421402396684e-01 9.473847427927012399e-01
7.774826049804687500e+00 5.798350524902343750e+01 5.822082042694091797e+00 -1.768798489786417572e-02 -2.871797590198019723e-01 9.577133815498150016e-01
5.502594757080078125e+01 2.805470085144042969e+01 2.016098022460937500e+00 3.586803938572217798e-01 1.820301260958072931e-01 -9.155399544836766434e-01
-6.673052215576171875e+01 2.017568969726562500e+01 2.212064981460571289e+00 -3.496648653270648111e-01 1.383210905119200973e-01 -9.266076612436349169e-01
4.599060440063476562e+01 -1.762515640258789062e+01 3.812865018844604492e+00 -2.584971048547595740e-01 7.035391992385656157e-02 9.634467150460657159e-01
-7.292034149169921875e+01 -2.669234848022460938e+01 9.588929176330566406e+00 3.008563205168441890e-01 1.246622937881461390e-01 9.454865344956235873e-01
6.062714767456054688e+01 -2.332815742492675781e+01 9.364286422729492188e+00 -3.348280713184028090e-01 1.165570949634846809e-01 9.350425692292687607e-01
-3.235903549194335938e+01 1.697579002380371094e+01 -7.082036018371582031e+00 -1.161047443918018229e-01 5.883379697361543204e-02 -9.914929513936959760e-01
-1.189386463165283203e+01 7.779677581787109375e+01 7.395628929138183594e+00 1.376608933981706730e-02 4.759689422316937257e-01 -8.793543431490691287e-01
7.143418788909912109e+00 -8.228665161132812500e+01 1.314236545562744141e+01 -7.030420894959735212e-02 6.608646211795351499e-01 7.472049723316894765e-01
1.927602958679199219e+01 -7.916100978851318359e+00 -1.157567977905273438e+00 -2.147370548349433750e-01 6.602094357452961693e-02 9.744379058156263929e-01
1.246331119537353516e+01 -4.907725143432617188e+01 2.598779916763305664e+00 -9.078484558986338326e-02 2.272594342024900071e-01 9.695933484596460650e-01
-6.013945388793945312e+01 -3.962979507446289062e+01 7.699966907501220703e+00 3.094946757134736104e-01 2.252815967230021033e-01 9.238296638899112789e-01
-1.109521675109863281e+01 2.261361122131347656e+01 -8.546680212020874023e-01 5.465025122633953431e-02 -1.152623038279700224e-01 9.918306061808975782e-01
-5.227035522460937500e+01 -3.975071334838867188e+01 5.815646171569824219e+00 2.147099259556972672e-01 1.874887443582152480e-01 9.585132333124456450e-01
-3.515417098999023438e+01 5.280221939086914062e+01 6.121224880218505859e+00 1.375719647223875297e-01 -2.400176998127031280e-01 9.609711016981943299e-01
-4.393191146850585938e+01 6.373394012451171875e+01 5.752288818359375000e+00 -1.604875120087349283e-01 1.892828984762551792e-01 -9.687186086958760045e-01
4.670054626464843750e+01 6.269393157958984375e+01 1.330088329315185547e+01 -1.824122459082598846e-01 -2.322201337020793899e-01 9.554054542685491702e-01
5.992466354370117188e+01 -2.941877555847167969e+01 4.794628143310546875e+00 4.122158271758584736e-01 -1.808530924575278143e-01 -8.929559175985516406e-01
3.161561965942382812e+00 -6.162514877319335938e+01 6.551269888877868652e-01 1.399899995305064950e-03 -4.021996927230391261e-01 -9.155508983412643520e-01
2.879426002502441406e+01 -3.951287841796875000e+01 2.704894065856933594e+00 -1.593790415606408661e-01 1.792894237375960154e-01 9.708005066166025543e-01
6.035239791870117188e+01 -4.115773773193359375e+01 7.510778903961181641e+00 3.395518014624635539e-01 -2.005530368636056493e-01 -9.189575907126406040e-01
-6.046054077148437500e+01 -2.294401741027832031e+01 5.483914852142333984e+00 2.146013163355583730e-01 1.114127609667065893e-01 9.703264768730269774e-01
1.168382453918457031e+01 6.642083740234375000e+01 8.884315490722656250e+00 -1.012835002335892992e-01 -2.658794693685190835e-01 9.586708300291331142e-01
-1.748924636840820312e+01 6.644849395751953125e+01 3.226089000701904297e+00 -7.799779800905574934e-02 4.048253585066553528e-01 -9.110613440464350177e-01
-6.580201148986816406e+00 9.582708358764648438e+00 -1.696245765686035156e+01 -1.236236481148879213e-01 2.071142520681501509e-01 -9.704745644358832024e-01
-2.299524688720703125e+01 -7.995171356201171875e+01 9.313359260559082031e+00 -5.206764966876437778e-02 -3.297072031286673033e-01 -9.426463388053031300e-01
-2.871348953247070312e+01 6.849413299560546875e+01 9.571823120117187500e+00 9.046758277445886287e-02 -3.098011562480429415e-01 9.464876438994448415e-01
-5.041014862060546875e+01 1.990169525146484375e+01 -2.500743865966796875e+00 -3.029634493174425125e-01 1.550994016639947459e-01 -9.402964021951526474e-01
-2.425534248352050781e+01 4.704563522338867188e+01 -2.655130863189697266e+00 -1.231751498209751050e-01 2.855213749421947611e-01 -9.504238143679371031e-01
-4.315722656250000000e+01 -1.626824188232421875e+01 1.360255002975463867e+00 1.405467677311870167e-01 2.080485564900603351e-02 9.898554258384099080e-01
-6.391229248046875000e+01 -9.847739934921264648e-01 -2.368880063295364380e-01 -4.334680826044637891e-01 -4.380179270991801585e-03 -9.011582743296339126e-01
5.031771087646484375e+01 1.051038551330566406e+01 -2.027992010116577148e+00 2.583270114894125058e-01 8.917327159959932692e-02 -9.619330968249160119e-01
3.207210159301757812e+01 -6.749091339111328125e+01 6.765941143035888672e+00 1.941136061480807362e-01 -3.372532715092806388e-01 -9.211840960223289798e-01
-7.323323059082031250e+01 6.935629844665527344e-01 3.452228069305419922e+00 -3.640418501069671575e-01 6.502347199419892393e-04 -9.313823643195663360e-01
7.833510589599609375e+01 -1.279805946350097656e+01 1.086053085327148438e+01 3.641788404408692337e-01 -9.642053915034426437e-02 -9.263243772054694514e-01
-1.133129405975341797e+01 3.912384796142578125e+01 1.091416954994201660e+00 -9.606135553555883661e-04 -1.231667103750123532e-01 9.923855292561430952e-01
-4.166641998291015625e+01 -2.724792003631591797e+00 6.741300225257873535e-01 2.041812395583669226e-01 -2.122563664534522776e-02 9.787029650314791329e-01
-6.046854400634765625e+01 -1.213915252685546875e+01 -5.626289844512939453e-01 -2.860647230363255744e-01 -6.061999874919078712e-02 -9.562908501004275807e-01
-7.443523406982421875e+01 -3.574718856811523438e+01 7.265491008758544922e+00 -4.053087226755325845e-01 -2.123365894854923608e-01 -8.891782791368655348e-01
5.865287780761718750e+01 4.647418594360351562e+01 7.960622787475585938e+00 3.514665090842148953e-01 2.786007113667260948e-01 -8.937857330580465387e-01
5.414399147033691406e+00 -1.060144901275634766e+01 -9.629912376403808594e+00 2.780520986059897282e-01 -5.558518528518786583e-01 -7.834001200803700771e-01
3.137100410461425781e+01 1.382474517822265625e+01 1.089738965034484863e+00 -9.772522856355191079e-02 -6.386344293057481802e-02 9.931622427172986933e-01
3.957369089126586914e+00 6.802985382080078125e+01 8.780086517333984375e+00 -6.262228185811875847e-02 -2.675374927943881542e-01 9.615103430354636771e-01
-1.633651733398437500e+01 4.521265792846679688e+01 2.429239988327026367e+00 7.744383241051111533e-02 -2.293094758524751864e-01 9.702678068996392069e-01
-3.894281005859375000e+01 -1.656358337402343750e+01 -6.753758907318115234e+00 -1.766225110270772669e-01 -9.367897860783239161e-02 -9.798105620809990368e-01
8.198080062866210938e-01 -7.792519378662109375e+01 7.353435039520263672e+00 3.306441273595171065e-02 -3.983928508874926000e-01 -9.166187217006657173e-01
-4.290830612182617188e+01 7.217533111572265625e+01 1.233284091949462891e+01 2.746425461822039615e-01 -5.233623073418921523e-01 8.066370727163032495e-01
1.763420104980468750e+01 1.022735118865966797e+01 -8.986440658569335938e+00 2.186707236716867522e-02 6.605559511914298187e-02 -9.975763076073653757e-01
-4.510761260986328125e+01 3.434265518188476562e+01 -1.797296047210693359e+00 -1.852025126912269781e-01 1.383721725411942438e-01 -9.729096418265602564e-01
-1.229210853576660156e+01 -7.592166137695312500e+01 6.912088871002197266e+00 -3.696504813817309831e-02 -3.868853364952841711e-01 -9.213866298254350662e-01
6.999572753906250000e+01 -1.854269790649414062e+01 7.647586822509765625e+00 3.844159413374316769e-01 -1.657509622172786967e-01 -9.081580273111627966e-01
4.728058242797851562e+01 6.621226501464843750e+01 1.793465614318847656e+01 -3.524481471061002291e-01 -4.815991910326415382e-01 8.023979827979268453e-01
-2.148348999023437500e+01 -7.158427429199218750e+01 1.000656795501708984e+01 6.488012203056162108e-02 3.066402561381172398e-01 9.496116696212454356e-01
-8.472339630126953125e+01 -2.989406585693359375e+01 1.212261962890625000e+01 -9.346050999774511148e-01 -3.426101853622244287e-01 -9.555923807880020715e-02
-4.583943557739257812e+01 -4.470894622802734375e+01 6.572089791297912598e-01 -2.379106693435555087e-01 -2.533188831073801550e-01 -9.376716146251473649e-01
7.832098388671875000e+01 -2.333222198486328125e+01 1.340637111663818359e+01 9.664977273242894018e-01 -2.552252208295928693e-01 -2.724389343447643913e-02
-4.082725906372070312e+01 -3.049070930480957031e+01 2.262998104095458984e+00 1.019178530332034427e-01 8.072228340726821105e-02 9.915123116707219575e-01
-1.509255313873291016e+01 -2.029429626464843750e+01 -1.545678973197937012e+00 5.431041901679770079e-02 1.408312186522691911e-01 9.885428398603353095e-01
-4.973363494873046875e+01 -1.343325996398925781e+01 -3.788851022720336914e+00 -3.147598230314165857e-01 -1.437020349609542946e-01 -9.382302377099728252e-01
-6.762502288818359375e+01 4.801786041259765625e+01 1.185328483581542969e+01 2.421047806226895305e-01 -1.930006725112476118e-01 9.508606709764818588e-01
-8.139025115966796875e+01 -9.696903228759765625e+00 6.757987976074218750e+00 -3.936078328378210811e-01 -3.784516742643741216e-02 -9.184991111760417715e-01
1.139283561706542969e+01 4.729923248291015625e+01 3.182030916213989258e+00 -6.306094024076540350e-02 -1.830870808353884660e-01 9.810720863663008329e-01
3.892039060592651367e+00 2.501585388183593750e+01 -4.819220006465911865e-01 -3.707277392917311676e-02 -8.822390532353832637e-02 9.954105444301158956e-01
-5.852635192871093750e+01 5.553855514526367188e+01 6.696903228759765625e+00 -2.266126379656504819e-01 2.505706002768239293e-01 -9.412019372011306562e-01
2.128165817260742188e+01 5.453050994873046875e+01 7.407289743423461914e-01 1.472861465941246450e-01 3.108460335494141469e-01 -9.389789850939426197e-01
-5.249140167236328125e+01 4.924251937866210938e+01 7.904776096343994141e+00 1.669235779438628386e-01 -2.372448420412985592e-01 9.570012560342952002e-01
4.141992568969726562e+01 4.501586914062500000e+00 -4.553692817687988281e+00 -5.933927262856063256e-02 7.766709185175909441e-03 -9.982076582316659064e-01
2.942592144012451172e+00 5.384175109863281250e+01 4.465178012847900391e+00 -3.640555198663815439e-02 -2.654867173661198398e-01 9.634269244144624267e-01
3.915048980712890625e+01 -2.707676887512207031e+01 2.976891994476318359e+00 -1.829704246183466443e-01 1.406456829065378389e-01 9.730059689409594759e-01
4.357492446899414062e+01 -2.136285209655761719e+01 -2.652951002120971680e+00 2.509606694391892101e-01 -1.175258090537844996e-01 -9.608363162375199718e-01
-5.437442779541015625e+01 3.635416984558105469e+00 -2.794633865356445312e+00 -3.155684657544738925e-01 7.287141718424454406e-02 -9.461005760377314555e-01
-2.667396736145019531e+01 -3.260403060913085938e+01 -5.253156185150146484e+00 -1.684223844073573229e-01 -1.437064672770171636e-01 -9.751832400596822659e-01
2.788538932800292969e+01 -5.538437271118164062e+01 1.608438014984130859e+00 1.999944760988361103e-01 -3.293818873802594194e-01 -9.227728766038640895e-01
4.933272933959960938e+01 1.824396133422851562e+01 -1.513618946075439453e+00 2.463164493204105243e-01 1.146907045388964042e-01 -9.623794724985343940e-01
1.410234069824218750e+01 -2.388047790527343750e+01 -7.477598190307617188e+00 5.718274021563616444e-02 -5.747707746444009197e-02 -9.967078407374839744e-01
4.519930267333984375e+01 -5.287587738037109375e+01 5.345746040344238281e+00 2.610473351251486607e-01 -2.819503013510500922e-01 -9.232325364674440760e-01
-4.848195648193359375e+01 2.973351287841796875e+01 4.164581775665283203e+00 1.853286531647227731e-01 -1.329501447366602529e-01 9.736413864101356452e-01
-3.821837997436523438e+01 6.261492919921875000e+01 4.437566757202148438e+00 -1.716158437611270682e-01 2.921483000262310448e-01 -9.408492828088566018e-01
3.920541000366210938e+01 7.429936218261718750e+01 1.660309982299804688e+01 4.548741377900206717e-01 8.595986809614121205e-01 2.327651744982174864e-01
4.991218948364257812e+01 -3.201568603515625000e+01 1.266597032546997070e+00 3.358114164597281182e-01 -2.586275669075733252e-01 -9.057275938221049927e-01
-3.504630279541015625e+01 -6.571216583251953125e+01 5.140870094299316406e+00 -1.546857049092492387e-01 -2.903609415202498822e-01 -9.443319629961715034e-01
1.473231887817382812e+01 -6.634452819824218750e+00 -8.817509651184082031e+00 6.072373690775387245e-02 -1.073859302899233398e-01 -9.923612697761463597e-01
2.844130992889404297e+00 -4.107317733764648438e+01 -5.412250995635986328e+00 -1.220095228356294671e-02 -2.073207088241871277e-01 -9.781969435936768154e-01
1.825842022895812988e+00 -3.774412536621093750e+01 4.322589933872222900e-01 -1.220488812872978952e-02 6.440439476716915135e-02 9.978492444454922783e-01
-3.750667953491210938e+01 -7.284887695312500000e+01 1.187418460845947266e+01 1.435352929333820193e-01 2.780826062670472276e-01 9.497724378893370734e-01
-6.652905273437500000e+01 5.912051391601562500e+01 1.314154624938964844e+01 -7.069590929703636339e-01 6.766245721989464501e-01 2.058835330061958846e-01
4.475568771362304688e+01 -7.044552803039550781e+00 2.866558074951171875e+00 -2.622052221677174111e-01 2.874180538882678895e-02 9.645840191973786837e-01
-6.906406879425048828e+00 -1.116803836822509766e+01 -9.199131965637207031e+00 -7.615265958513277311e-02 -2.290810764820319367e-01 -9.704239449003431162e-01
-7.237368774414062500e+01 -4.392582321166992188e+01 8.209238052368164062e+00 -3.173765889620874248e-01 -2.014075758134046823e-01 -9.266644965594386107e-01
1.480154132843017578e+01 9.663994789123535156e+00 -1.642307043075561523e+00 -1.470880583471303737e-01 -9.909072141672817247e-02 9.841474137652264087e-01
5.916299819946289062e+00 -1.636476707458496094e+01 -8.559388160705566406e+00 8.377410570256919875e-02 -6.697611135291797746e-02 -9.942314115545617392e-01
-3.264291763305664062e+01 -4.215149307250976562e+01 -2.613552093505859375e+00 -1.273267912159603277e-01 -1.594367826859703074e-01 -9.789626144881090619e-01
3.823240661621093750e+01 -5.127207946777343750e+01 2.704030036926269531e+00 2.339961302558057343e-01 -2.755756150662343473e-01 -9.323646772621614343e-01
-6.118535041809082031e+00 1.069190025329589844e+00 -2.743668079376220703e+00 8.677191063759832901e-02 4.552960637003270611e-02 9.951872640202399367e-01
-4.143886566162109375e+01 3.956273078918457031e+00 -6.527425765991210938e+00 -2.026819404900148669e-01 8.061064469426092172e-02 -9.759210802934720208e-01
1.288462257385253906e+01 4.448496627807617188e+01 -3.404940128326416016e+00 1.226723291329940152e-01 2.293649637300955169e-01 -9.655792111878643835e-01
-1.847671699523925781e+01 -3.804172515869140625e+01 9.561250209808349609e-01 6.448638150241534084e-02 1.241799927940693549e-01 9.901620251203283596e-01
-1.560172653198242188e+01 -8.497331237792968750e+01 1.153634929656982422e+01 -1.029133343060056605e-01 -8.271877855614790942e-01 -5.524212279048629215e-01
-5.790431594848632812e+01 6.141249465942382812e+01 1.357594299316406250e+01 6.925405738537879774e-01 -7.205603738752889287e-01 3.435551144969204579e-02
2.120249748229980469e+01 6.422731018066406250e+01 4.354249954223632812e+00 1.613496693936151694e-01 3.810456192855676272e-01 -9.103683431500951828e-01
-8.602558898925781250e+01 -2.432539558410644531e+01 1.081560897827148438e+01 -8.174944420968075498e-01 -1.931718883018304911e-01 -5.425748415755512477e-01
6.604909515380859375e+01 5.046708297729492188e+01 1.258641815185546875e+01 7.198243288841545962e-01 4.991565762754781588e-01 -4.823853728166091481e-01
6.485253906250000000e+01 1.494250297546386719e+01 4.163693904876708984e+00 4.567963436283977718e-01 1.425523195744968774e-01 -8.780751315415197267e-01
6.180978393554687500e+01 3.508111572265625000e+01 6.562469005584716797e+00 4.210580329651975595e-01 2.211539718214891592e-01 -8.796596237312809263e-01
1.397897529602050781e+01 5.571007919311523438e+01 5.661766052246093750e+00 -9.171512918643341672e-02 -2.896864812247534893e-01 9.527172076088140651e-01
-3.076923751831054688e+01 -2.847332382202148438e+01 1.053632974624633789e+00 8.261578733173434441e-02 1.215881193864253307e-01 9.891364723371744994e-01
3.281873703002929688e+01 6.997461700439453125e+01 8.768127441406250000e+00 2.571347204891104021e-01 4.762149409125054356e-01 -8.408930167213221063e-01
-5.933571624755859375e+01 3.721281433105468750e+01 2.578225135803222656e+00 -3.172959362194822663e-01 2.256371006979044636e-01 -9.210923882256577544e-01
-4.098482894897460938e+01 1.868056297302246094e+01 -5.791082859039306641e+00 -2.350018408102506340e-01 9.419446797143898875e-02 -9.674200416672021907e-01
3.364269256591796875e+01 -2.489257621765136719e+01 -4.461685180664062500e+00 2.294043122897950759e-01 -1.390405825021702457e-01 -9.633490426217817815e-01
-5.149603652954101562e+01 -8.451704025268554688e+00 2.404613018035888672e+00 1.691560334780887187e-01 5.367710220533855603e-02 9.841265188159484811e-01
1.476430416107177734e+01 -6.783147430419921875e+01 9.280041694641113281e+00 -4.506289248660758778e-02 3.590949535924461422e-01 9.322125026114911339e-01
-6.620162963867187500e+01 -3.171244812011718750e+01 3.592653989791870117e+00 -3.314789742435648723e-01 -1.602409685648934212e-01 -9.297550869061266265e-01
6.243957901000976562e+01 4.232880783081054688e+01 1.263879489898681641e+01 -2.695842680218419329e-01 -1.538744630198307373e-01 9.506034778315755052e-01
-9.612084388732910156e+00 6.845521545410156250e+01 8.478790283203125000e+00 1.931801463580570810e-02 -2.691364659164804940e-01 9.629082910768388404e-01
6.780751800537109375e+01 -4.160090088844299316e-01 1.069484615325927734e+01 -1.866781452169868905e-01 -5.179516835434480604e-02 9.810548051120745461e-01
8.055327606201171875e+01 1.077281856536865234e+01 1.807731437683105469e+01 5.578921877527119252e-03 -9.616391666360964846e-03 9.999381984112837296e-01
1.635276794433593750e+01 -1.400207519531250000e+01 -8.043951034545898438e+00 9.326578385767475554e-02 -9.129122903541607437e-02 -9.914471267105556818e-01
-1.356053924560546875e+01 -3.225392532348632812e+01 -6.672533035278320312e+00 -1.689250489259672416e-01 -8.521175077020305688e-02 -9.819385344185430631e-01
2.922851562500000000e+01 6.465349578857421875e+01 1.065776252746582031e+01 -2.093230922790676463e-01 -3.541774352838332196e-01 9.114505951363985892e-01
2.925318527221679688e+01 -7.661502075195312500e+01 9.271226882934570312e+00 5.600907901782702092e-02 -1.830151299597857495e-01 -9.815133444194111823e-01
-2.379869842529296875e+01 5.930430984497070312e+01 6.589582920074462891e+00 8.948299873449439001e-02 -1.980217150619767164e-01 9.761046016187996388e-01
5.179703521728515625e+01 -1.539051246643066406e+01 5.557116985321044922e+00 -2.281089151488513989e-01 4.901520610956060231e-02 9.724010656100967598e-01
-4.642003250122070312e+01 -5.330418395996093750e+01 7.704658031463623047e+00 2.112450166224906778e-01 2.814963744815149327e-01 9.360210115728847535e-01
-3.101120948791503906e+00 -2.195745086669921875e+01 -1.691053986549377441e+00 4.429964175460873906e-03 4.538382911167219980e-02 9.989598007290216852e-01
5.049510574340820312e+01 -4.317623901367187500e+01 9.089690208435058594e+00 -2.520254227650406964e-01 2.089518813471704650e-01 9.448927439458831845e-01
-4.881466674804687500e+01 7.185829162597656250e+01 1.698873138427734375e+01 1.190574836163459799e-01 -7.448369827402638588e-02 9.900896395207695599e-01
9.165456771850585938e+00 8.555942535400390625e+01 1.325416183471679688e+01 1.723134089895043408e-01 9.651193936478587032e-01 -1.971107432059583109e-01
-6.204257583618164062e+01 4.564453506469726562e+01 9.826155662536621094e+00 3.362880365853586628e-01 -1.690928854068977361e-01 9.264545064677133235e-01
-7.525943756103515625e+01 2.315215301513671875e+01 5.685068130493164062e+00 -2.992808699031617725e-01 1.041530283846927307e-01 -9.484635510067342956e-01
6.848892974853515625e+01 2.547340965270996094e+01 7.643632888793945312e+00 4.039713206471702844e-01 1.265762315719659858e-01 -9.059722013923059425e-01
-2.350670242309570312e+01 -5.808660984039306641e+00 -8.988208770751953125e+00 -1.709085685427972068e-01 3.494519429519347270e-02 -9.846669968036518839e-01
2.742157936096191406e+01 2.893617439270019531e+01 -4.688380241394042969e+00 8.586218861096379940e-02 1.612635811874656155e-01 -9.831692336264030718e-01
2.795579528808593750e+01 5.195826339721679688e+01 1.095489978790283203e+00 1.525208659583921211e-01 3.114010057220161221e-01 -9.379588472223175932e-01
-1.390536785125732422e+01 -6.704559326171875000e+01 7.997824192047119141e+00 5.168114256144400870e-02 3.573266540290762627e-01 9.325485090996222803e-01
3.974015045166015625e+01 1.823119926452636719e+01 2.430444002151489258e+00 -2.465340809787499865e-01 2.301405483870214153e-02 9.688608260198386946e-01
7.966063976287841797e+00 -1.074011802673339844e+01 -2.452311038970947266e+00 -8.576324106486740706e-02 6.887009785406565665e-02 9.939323800458564895e-01
-7.814420318603515625e+01 6.493151187896728516e+00 9.929457664489746094e+00 3.313801708163275350e-01 -5.179974710193097076e-02 9.420742903773128285e-01
-2.391872882843017578e+00 7.006731414794921875e+01 9.097681999206542969e+00 -3.985399998479498274e-02 -3.163956036809237871e-01 9.477897871662237517e-01
-5.745598602294921875e+01 3.330912017822265625e+01 6.432330131530761719e+00 2.100474620576629758e-01 -1.483713685915387659e-01 9.663674252919581820e-01
4.522485351562500000e+01 3.249330139160156250e+01 5.671299934387207031e+00 -2.396191501328677753e-01 -1.606574775525659582e-01 9.574820300120775451e-01
-4.604627990722656250e+01 -3.132635116577148438e+00 -5.590435981750488281e+00 -3.280745305615097585e-01 -5.125445105031450205e-02 -9.432603477536708469e-01
4.435466766357421875e+01 -4.278596878051757812e+01 2.078422069549560547e+00 2.841614287959392526e-01 -2.817155108581846923e-01 -9.164543923876203868e-01
3.324590027332305908e-01 -6.309520339965820312e+01 6.455904960632324219e+00 3.178809103199341929e-02 4.265885549916952346e-01 9.038870073292563090e-01
3.470393753051757812e+01 8.290759921073913574e-01 -6.427606105804443359e+00 2.374706200788645749e-01 -6.304762083281542639e-02 -9.693465335506600278e-01
-1.243317699432373047e+01 7.120163917541503906e+00 -9.273637771606445312e+00 -7.388485893808276195e-02 -3.651219074192285641e-02 -9.965981575072899723e-01
-9.107896804809570312e+00 -2.256113815307617188e+01 -8.029706954956054688e+00 -1.170846624904680472e-01 -1.309364327693046115e-01 -9.844525546633228208e-01
-2.980828094482421875e+01 7.623136138916015625e+01 1.195369148254394531e+01 6.660579397963624360e-02 -2.530159746635034512e-01 9.651666098521123338e-01
2.411087989807128906e+01 7.629907226562500000e+01 1.371858024597167969e+01 -1.228467375070698697e-01 -2.776523173538744116e-01 9.527947679074925125e-01
4.328497314453125000e+01 6.715468597412109375e+01 1.389415740966796875e+01 -2.816074068607956615e-01 -4.163136263129182946e-01 8.645115574399950820e-01
2.309607887268066406e+01 -6.493263244628906250e+01 4.008192062377929688e+00 1.579611809091245878e-01 -3.828511780025711797e-01 -9.102050542750453888e-01
