-1.291589069366455078e+01 7.239872741699218750e+01 1.199073505401611328e+01 -1.291929068456920682e-01 8.133870404687097988e-01 -5.671954823676873536e-01
4.150469207763671875e+01 -6.589855957031250000e+01 9.668759346008300781e+00 4.786544693766268677e-01 -8.717533299700287452e-01 1.045754781578641518e-01
-7.239397430419921875e+01 -3.082659530639648438e+01 1.129047679901123047e+01 -8.543150383079342047e-01 -5.185059963203860756e-01 -3.601870487284171418e-02
7.048792266845703125e+01 2.529344940185546875e+01 1.472481727600097656e+01 8.090323699923757106e-01 3.244520794408539133e-01 4.900994515922512673e-01
-1.300294041633605957e+00 -2.393923997879028320e+00 -1.933038711547851562e+01 -3.266594305920718089e-01 -2.663014530313849160e-01 -9.068501268228597034e-01
-6.741058349609375000e+01 3.504895782470703125e+01 1.158910942077636719e+01 -8.785544693349288670e-01 4.775557414589045591e-01 -9.086154921484236938e-03
-1.986158943176269531e+01 -5.647763824462890625e+01 -1.644254922866821289e+00 6.334346595627887710e-02 -9.979916979156272516e-01 -4.197762847392264604e-04
4.664170455932617188e+01 -1.627496719360351562e+01 -4.991629123687744141e+00 3.670180041365593837e-01 -7.197707662766004988e-02 -9.274249754453200989e-01
2.426277542114257812e+01 3.982022094726562500e+01 -3.272018909454345703e+00 2.110208730037708424e-01 3.542913195958516392e-01 -9.110147375403739867e-01
-4.480731582641601562e+01 2.872380018234252930e-01 -6.306406021118164062e+00 -2.166633850855722576e-01 6.139726752008239918e-02 -9.743137857509398536e-01
-1.895902442932128906e+01 3.402916336059570312e+01 -5.665400981903076172e+00 -6.780999191627486156e-02 2.344035791401377355e-01 -9.697715025110853482e-01
1.542854881286621094e+01 -4.014932632446289062e+01 -7.192916870117187500e+00 7.146667379904106387e-02 -1.388837661129105339e-01 -9.877265887108616083e-01
2.304152870178222656e+01 6.934120941162109375e+01 1.841910552978515625e+01 4.024942278051394928e-01 8.169472462161800896e-01 4.130321942456117168e-01
-5.243006134033203125e+01 -5.950889205932617188e+01 1.075092887878417969e+01 -6.431478604427556256e-01 -7.387436216407015088e-01 2.015407926279092765e-01
6.514389038085937500e+01 -4.057444381713867188e+01 1.146626853942871094e+01 8.692256625498097078e-01 -4.246395267304692855e-01 2.532351079589230114e-01
-4.436860275268554688e+01 5.977510833740234375e+01 1.864044570922851562e+01 -5.064887004139340121e-01 7.880240297277087969e-01 3.499818922811682720e-01
-7.697186279296875000e+01 2.634212017059326172e+00 1.482693386077880859e+01 -6.820348503635494941e-01 -3.917895249018055887e-02 7.302694520321543203e-01
7.520846557617187500e+01 -8.288804054260253906e+00 1.298271274566650391e+01 9.981441142435154568e-01 -4.525078609814602547e-03 -6.072767791216179128e-02
5.148682785034179688e+01 5.278517150878906250e+01 1.174414253234863281e+01 6.682248325115682785e-01 7.370574320410385738e-01 1.011034870217462217e-01
-2.176739501953125000e+01 -2.332419776916503906e+01 -2.783492088317871094e+00 3.381574002804303702e-02 3.068732701324694903e-02 9.989568477602713825e-01
2.452818298339843750e+01 7.109908103942871094e+00 -2.394813060760498047e+00 -4.660958285255491738e-03 -5.757233527031831860e-02 9.983304571530337013e-01
-4.814926147460937500e+01 -3.462553787231445312e+01 -3.512923002243041992e+00 -2.233127255937854272e-01 -1.408810608742015746e-01 -9.645122877780428761e-01
4.753778839111328125e+01 2.357830619812011719e+01 -1.868526935577392578e+00 3.742506459683893616e-01 2.211906805192998537e-01 -9.005615674920023350e-01
-4.531116104125976562e+01 2.711753273010253906e+01 -1.952468991279602051e+00 -2.994357583814910573e-01 2.335980787480420873e-01 -9.250784638114352143e-01
3.404429852962493896e-01 5.195365524291992188e+01 -2.334239929914474487e-01 1.508705279492881732e-02 5.283923836005822716e-01 -8.488662260868068410e-01
-1.946760368347167969e+01 7.284784793853759766e+00 -2.401352882385253906e+00 3.326374967343816852e-02 -7.722031162739989574e-02 9.964590038881830925e-01
4.193408584594726562e+01 -4.236728286743164062e+01 -2.654021024703979492e+00 3.943891080877443556e-01 -2.666155609844109708e-01 -8.794164963558058767e-01
4.530759811401367188e+00 2.278247070312500000e+01 -8.784152984619140625e+00 2.306444759343976789e-02 1.184190092712966158e-01 -9.926958091482073199e-01
1.276936149597167969e+01 -1.541572952270507812e+01 -2.678869962692260742e+00 2.583053993864810674e-02 2.208188776163079459e-02 9.994224199203062264e-01
-2.692416572570800781e+01 5.477401351928710938e+01 3.022676944732666016e+00 -8.351519982104745055e-02 4.271346303416802548e-01 -9.003228415194888257e-01
-6.475477600097656250e+01 -1.119532966613769531e+01 -2.196429967880249023e-01 -3.643445967641119054e-01 -4.667679593201230076e-02 -9.300937004035226829e-01
5.945264053344726562e+01 3.175167083740234375e+00 -1.410209983587265015e-01 4.118917814580024817e-01 2.333899418236959344e-02 -9.109338349835890414e-01
-6.253981399536132812e+01 1.297436332702636719e+01 8.970260024070739746e-01 -3.112467822753450242e-01 1.104477741382516170e-01 -9.438891511778010335e-01
-6.906179904937744141e+00 -3.944265365600585938e+01 -7.844823837280273438e+00 -3.607875138794068570e-02 -1.863833660354948241e-01 -9.818144247074218622e-01
2.482161521911621094e+01 -5.873025131225585938e+01 -1.794470071792602539e+00 -1.411729066496846541e-01 -9.255592513696528911e-01 -3.512979969087882681e-01
-5.061283874511718750e+01 4.561887359619140625e+01 5.212961196899414062e+00 -3.450480737168656886e-01 3.857101393321221705e-01 -8.556690453911929284e-01
3.243089294433593750e+01 5.657806396484375000e+01 5.514246940612792969e+00 2.308670219360638987e-01 4.351023190412851571e-01 -8.702794896740176922e-01
6.465744781494140625e+01 -2.239085006713867188e+01 2.396440982818603516e+00 3.506655734053141238e-01 1.081174459891380002e-01 -9.302388260554963484e-01
2.944170951843261719e+01 -2.654212188720703125e+01 -1.607682943344116211e+00 -2.106761721646252528e-02 1.473145351341089218e-02 9.996695152810266549e-01
6.150794982910156250e+00 6.878378295898437500e+01 8.215678215026855469e+00 6.034060306777930954e-02 5.924500352309224338e-01 -8.033442396484183901e-01
-3.902904129028320312e+01 -5.177972030639648438e+01 -1.614052057266235352e+00 -7.988624123705542757e-02 -1.804866164283611407e-01 -9.803278888980239136e-01
-6.327745914459228516e+00 -1.160657501220703125e+01 -2.712267875671386719e+00 -3.628681196897926009e-02 -7.424842195592626370e-02 9.965793691995548098e-01
4.834053039550781250e+00 4.282757759094238281e+00 -2.521681070327758789e+00 -1.807694635739968969e-02 2.919081101603033385e-02 9.994103864592454034e-01
-3.933885955810546875e+01 -1.783088111877441406e+01 -7.368909835815429688e+00 -5.218323444309232173e-02 -9.625536508859432183e-02 -9.939878342991521620e-01
-6.251084899902343750e+01 -4.509416198730468750e+01 3.987137079238891602e+00 -4.623450844075140953e-01 -3.250059015002925156e-01 -8.249898101880961399e-01
3.654046058654785156e+00 -5.427732849121093750e+01 -3.507605075836181641e+00 2.439617047722080212e-01 -9.645461576531773051e-01 -1.006647721952913105e-01
2.954651069641113281e+01 -9.493404388427734375e+00 -9.305990219116210938e+00 1.339095154222698647e-01 -4.109230297581431546e-02 -9.901412345294567929e-01
5.843322753906250000e+01 3.665470123291015625e+01 5.822967052459716797e+00 4.396305568118047402e-01 3.438931400730443899e-01 -8.297363929152703488e-01
4.223255920410156250e+01 3.756263017654418945e+00 -6.624107837677001953e+00 2.177956717082661087e-01 3.056241873197804507e-02 -9.755157527925402139e-01
5.414897155761718750e+01 -5.354774856567382812e+01 4.977538108825683594e+00 5.882644945126928038e-01 -4.940327081386359787e-01 -6.402160321211358696e-01
4.059204483032226562e+01 3.987403106689453125e+01 4.744709014892578125e+00 -1.919753770808965698e-01 -2.451618972074307290e-01 9.502847461431234155e-01
7.414683532714843750e+01 9.021539688110351562e+00 8.249112129211425781e+00 9.368546857583156529e-01 1.612272937673639439e-01 -3.103370063610519369e-01
-2.594519233703613281e+01 -4.037863540649414062e+01 -6.280737876892089844e+00 -1.554713928764385744e-01 -2.128828340894852178e-01 -9.646292266705839280e-01
-2.867006111145019531e+01 6.810606384277343750e+01 1.895212936401367188e+01 -1.968562629449794876e-01 7.636302134175800838e-01 6.149117895236342335e-01
3.005225181579589844e+01 2.340219497680664062e+01 -6.453238964080810547e+00 2.568784605094629470e-01 1.661403227054748105e-02 -9.663009005780764937e-01
-2.515763664245605469e+01 -7.672701835632324219e+00 -9.919387817382812500e+00 -1.235313795904767753e-01 8.459477816301562772e-03 -9.923046082184385774e-01
-3.005785179138183594e+01 2.036452674865722656e+01 -6.820549011230468750e+00 -1.773964770732123220e-01 2.452011912420851425e-01 -9.531038063797014903e-01
-7.327616119384765625e+01 1.950852584838867188e+01 1.637524604797363281e+01 -3.972038540482117908e-01 -1.654744840684248264e-02 9.175812118174989651e-01
-3.333010864257812500e+01 3.844797897338867188e+01 2.848332881927490234e+00 1.347129018710719883e-01 -2.617589165567224541e-01 9.556854627295142679e-01
-7.658982849121093750e+01 -1.437926864624023438e+01 1.316165542602539062e+01 -9.566472869173217042e-01 -1.645963887872500253e-01 2.402789987325650578e-01
-3.131243944168090820e+00 3.469174957275390625e+01 2.711029946804046631e-01 3.150322754227746075e-02 -1.158611656011040436e-01 9.927657009385311149e-01
1.625407981872558594e+01 5.233259582519531250e+01 4.973123073577880859e+00 -6.887998975686612790e-02 -3.761145140014044430e-01 9.240094260171707319e-01
1.320837020874023438e+00 -2.513241386413574219e+01 -9.864288330078125000e+00 8.453245353490279612e-02 1.285099221180913687e-01 -9.880989141865158532e-01
-1.163999080657958984e+01 1.990811538696289062e+01 -8.887351036071777344e+00 1.898963744946204069e-02 -4.129704252262441505e-02 -9.989664398509204846e-01
6.216603851318359375e+01 1.884493637084960938e+01 2.587511062622070312e+00 3.821150828476593264e-01 1.320452632466949106e-01 -9.146322276819451869e-01
-6.206938171386718750e+01 -2.741821861267089844e+01 -4.203779995441436768e-01 -3.633591866613928301e-01 -1.309005398556530031e-01 -9.224072582836009282e-01
5.125989913940429688e+01 -3.040960311889648438e+01 1.712703943252563477e+00 -2.851655185764181422e-01 9.187149152319591672e-02 9.540651214987088125e-01
3.997712707519531250e+01 6.080512619018554688e+01 1.830775070190429688e+01 3.670006236261214028e-01 4.836851875672817380e-01 7.945811359364388649e-01
-1.416631507873535156e+01 4.616016769409179688e+01 2.805058002471923828e+00 7.451268473889993693e-02 -2.657154548553143369e-01 9.611676008189387055e-01
1.659954261779785156e+01 2.676878929138183594e+01 -3.917390108108520508e-01 -6.301813615672055557e-02 -1.628453177363031468e-01 9.846370483618294145e-01
1.598774719238281250e+01 -2.600115060806274414e+00 -1.019169521331787109e+01 -5.393840369013732511e-02 1.207858418417575609e-02 -9.984712096056977959e-01
9.515615463256835938e+00 4.094068527221679688e+01 -4.510284900665283203e+00 8.475603221829121348e-02 4.092212949179613868e-01 -9.084901467755601701e-01
-4.779430007934570312e+01 1.272398281097412109e+01 9.764710068702697754e-01 1.075672134467906826e-01 -8.752936339189325288e-02 9.903372683765377937e-01
-5.538068771362304688e+01 5.006938552856445312e+01 1.835934448242187500e+01 -3.312511552035510287e-01 1.722404722779110331e-01 9.276884670436488234e-01
-1.138727951049804688e+01 6.038319015502929688e+01 3.732110977172851562e+00 -3.972228347521386538e-02 4.185930432299881931e-01 -9.073048023431662390e-01
-5.796333694458007812e+01 2.615573692321777344e+01 5.033045768737792969e+00 2.814336948273618577e-01 -2.025867547064711949e-01 9.379518549655517790e-01
-1.643396019935607910e+00 1.115382194519042969e+01 -1.453104686737060547e+01 -4.771569603661409559e-02 9.973779751531348658e-01 -5.440943880591335435e-02
-5.172932815551757812e+01 -1.756996154785156250e+01 -4.050400108098983765e-02 2.004572494535144245e-01 1.120723807867629075e-02 9.796383460013083910e-01
2.789222908020019531e+01 -4.413386154174804688e+01 -8.632839918136596680e-01 -8.133432308859135651e-02 9.861370340601294249e-02 9.917963830284276527e-01
-3.215032196044921875e+01 6.268267154693603516e+00 -8.559045791625976562e+00 -1.505116765230348486e-01 8.325219629772220853e-02 -9.850965978226861042e-01
-1.119670987129211426e+00 7.227693176269531250e+01 1.982124519348144531e+01 5.009632522582346814e-02 1.711978334019068904e-01 9.839622249036603652e-01
-3.438669204711914062e+01 -3.009844207763671875e+01 -1.755357980728149414e+00 1.353716627310124800e-02 7.701893303625050036e-03 9.998787056282547603e-01
3.907693481445312500e+01 -5.612443542480468750e+01 -6.872600317001342773e-02 2.477400027419157102e-01 -2.728082301892539863e-01 -9.296238812457662259e-01
-5.675819015502929688e+01 3.679499924182891846e-01 1.592325925827026367e+00 1.720153677524862701e-01 -7.615494383355560226e-02 9.821461896208144582e-01
1.764017868041992188e+01 -2.665587234497070312e+01 -9.191802024841308594e+00 1.413053166821425510e-01 -1.549780440232687538e-02 -9.898447481984569141e-01
1.383270835876464844e+01 1.224259090423583984e+01 -9.427655220031738281e+00 1.690148344800353197e-02 1.041074941344968807e-01 -9.944224301182533754e-01
-4.061059951782226562e+01 5.505100631713867188e+01 6.198244094848632812e+00 -2.725457810517634138e-01 4.579455506798122966e-01 -8.461705914550846641e-01
-1.175595474243164062e+01 -1.201161026954650879e+00 -1.004554557800292969e+01 1.184258110876578764e-02 -1.416449179081519794e-01 -9.898466904038600855e-01
6.637386322021484375e+01 -8.487682342529296875e+00 2.416458129882812500e+00 3.504639143121329181e-01 1.121043033855868010e-01 -9.298428200117749842e-01
-7.036653137207031250e+01 1.286473035812377930e+00 2.938026905059814453e+00 -5.265969404343370242e-01 8.633488863563357207e-02 -8.457197818009627444e-01
7.248064422607421875e+01 -2.162350845336914062e+01 1.345319366455078125e+01 6.809963526500893982e-01 -1.337510668187943119e-01 7.199684852839807192e-01
-4.234622573852539062e+01 -6.352129364013671875e+01 3.330778121948242188e+00 6.979572136069974730e-01 -6.875641412702924171e-01 2.002780058149208620e-01
5.871654510498046875e+01 4.323579025268554688e+01 1.717215538024902344e+01 2.056356416551018418e-01 3.415986591282524441e-03 9.786226616611241047e-01
4.307404994964599609e+00 -3.531180572509765625e+01 -2.247775077819824219e+00 -1.467430006937020699e-02 7.691487212011563490e-02 9.969296702196300819e-01
-1.112742614746093750e+01 -2.118514251708984375e+01 -1.006865024566650391e+01 6.463302131451187371e-02 -3.649243243250180997e-04 -9.979090336228023661e-01
1.878485679626464844e+01 6.480580902099609375e+01 7.053891181945800781e+00 1.201336328143057242e-01 4.939092594455875562e-01 -8.611745198859224182e-01
3.803440093994140625e+01 1.445347976684570312e+01 -8.446969985961914062e-01 -1.135041558315729865e-01 -1.162430038415938754e-01 9.867139254448804575e-01
-8.648712158203125000e+00 -4.984968948364257812e+01 -5.868380069732666016e-01 5.702646388578851144e-02 2.643699959475515060e-01 9.627338612822208264e-01
4.255415916442871094e+00 -9.571685791015625000e+00 -1.020100402832031250e+01 -2.010284464834409535e-02 -7.752228946082737049e-02 -9.967879264285840479e-01
4.916837310791015625e+01 -4.646068096160888672e+00 4.613099992275238037e-02 -3.243795520008970756e-01 -2.529322150331417621e-02 9.455887896912069657e-01
-5.147902679443359375e+01 -5.107368850708007812e+01 1.125208973884582520e+00 -3.407674262238045149e-01 -2.367560717455294561e-01 -9.098484069977974542e-01
-6.818449020385742188e+00 9.478992462158203125e+00 -2.748893976211547852e+00 1.453321288616837501e-02 -4.937806060292460747e-02 9.986744178431222752e-01
-2.272795104980468750e+01 6.561386108398437500e+01 7.958045959472656250e+00 -2.396652805375076578e-01 5.554196224790263203e-01 -7.962848713055733496e-01
-3.491640472412109375e+01 -6.432466983795166016e+00 -2.197838068008422852e+00 1.933838490908925400e-01 1.991986171358261018e-02 9.809209377009456832e-01
5.651938247680664062e+01 -4.168700408935546875e+01 1.897858977317810059e+00 3.840188079561673296e-01 -1.978119148612318690e-01 -9.018869116884093984e-01
-7.166937255859375000e+01 -2.070406913757324219e+01 3.707454919815063477e+00 -5.911749232985029634e-01 -6.564822779633015803e-02 -8.038672279986354141e-01
4.122628021240234375e+01 -2.832250595092773438e+01 -5.226703166961669922e+00 2.855842132341528949e-01 -1.373131794245196491e-01 -9.484654700661270255e-01
4.983301544189453125e+01 1.083729553222656250e+01 1.161615014076232910e+00 -2.836016988379375658e-01 -1.230212502396135499e-01 9.510183218033805286e-01
1.113300514221191406e+01 7.227870178222656250e+01 1.889762687683105469e+01 9.099783523398109752e-02 9.217592265969677401e-01 3.769341085204272468e-01
1.507580947875976562e+01 -5.073223114013671875e+01 -8.734369874000549316e-01 -3.447060616846638059e-02 1.619988085825181945e-01 9.861887057395369860e-01
-1.651555061340332031e+01 -3.414423370361328125e+01 -1.850705981254577637e+00 6.901095763443282349e-02 1.855917944551070675e-01 9.802005782273911505e-01
-7.320934295654296875e+01 1.243783664703369141e+01 6.450107097625732422e+00 -5.567855030364203817e-01 1.732285021807803693e-01 -8.123926326848882606e-01
8.161107063293457031e+00 4.238465785980224609e+00 -1.622574615478515625e+01 2.097835503305175153e-01 6.523941386357130778e-02 -9.755689011492018059e-01
3.834402084350585938e+01 3.100792503356933594e+01 -2.868756055831909180e+00 2.880693804706005445e-01 3.414634123613117245e-01 -8.946612599491794438e-01
5.604463958740234375e+01 -1.412932395935058594e+01 2.095354080200195312e+00 -2.213116893592720069e-01 8.164863407017119296e-03 9.751689449313333258e-01
-2.005245590209960938e+01 2.258099365234375000e+01 -1.143722057342529297e+00 9.694802560585120965e-02 -1.416990986690291054e-01 9.851509761287920997e-01
3.524585342407226562e+01 -1.640190887451171875e+01 -1.893132925033569336e+00 -8.870728705976102524e-02 4.501964384179232143e-02 9.950398227663330708e-01
-3.824365997314453125e+01 -4.062046813964843750e+01 -4.179944038391113281e+00 -1.648288067812596069e-01 -2.382323775048923453e-01 -9.571190097179309575e-01
-3.466351318359375000e+01 6.402415466308593750e+01 1.005754089355468750e+01 -2.750049894780137727e-01 5.769609772538877301e-01 -7.690827565928366472e-01
-3.616928863525390625e+01 1.301784896850585938e+01 -2.645980119705200195e-01 8.206930512738624950e-02 -1.031232374543488567e-01 9.912770687617270537e-01
3.180437469482421875e+01 6.610652923583984375e+01 1.177968025207519531e+01 3.947193579038043021e-01 8.121975327784716203e-01 -4.295716427379395186e-01
3.262813568115234375e+01 -9.192249774932861328e-01 -2.373090982437133789e+00 -4.709575247575924911e-02 -4.313529956694021200e-02 9.979585843260292410e-01
-6.895877838134765625e+01 2.344516944885253906e+01 6.582693099975585938e+00 -5.557878521567571894e-01 2.600241870314511372e-01 -7.896121108199970484e-01
-2.424542808532714844e+01 4.364857482910156250e+01 -1.838721990585327148e+00 -1.845592963556143828e-01 3.907957243357166321e-01 -9.017852116605389323e-01
-2.835106658935546875e+01 -4.892087936401367188e+01 9.390190243721008301e-01 6.600158443886415538e-02 2.721077513980673102e-01 9.600006054584793169e-01
3.049432754516601562e+01 4.546119689941406250e+01 4.537224769592285156e+00 -1.537032982192321484e-01 -3.057177876668579763e-01 9.396339342640898096e-01
-6.069704437255859375e+01 4.415493774414062500e+01 1.036933040618896484e+01 -6.333344334698912670e-01 5.543618964303403951e-01 -5.399725763106201226e-01
-1.751049613952636719e+01 -1.275394058227539062e+01 -2.874727010726928711e+00 -2.602389619641749460e-02 -3.836221156508006630e-02 9.989249709315480841e-01
-6.548195838928222656e+00 -2.859891128540039062e+01 -2.683254957199096680e+00 -8.980842723490969556e-03 2.496608561078781513e-02 9.996479575496819425e-01
4.227936553955078125e+01 5.117787551879882812e+01 5.660480976104736328e+00 2.750571468793907570e-01 4.236725772217789787e-01 -8.630440969387513928e-01
4.028253173828125000e+01 -7.412105083465576172e+00 -7.213391780853271484e+00 2.404094136710644702e-01 -2.218068857160026414e-02 -9.704181216737579607e-01
-3.457995223999023438e+01 2.727782821655273438e+01 8.899329900741577148e-01 9.669741935778802810e-02 -1.540606988811687172e-01 9.833183157806987262e-01
-5.031145477294921875e+01 3.437251281738281250e+01 4.797212123870849609e+00 2.084450431418630456e-01 -2.219817026554974926e-01 9.525097310136801942e-01
-3.737643957138061523e+00 2.384134483337402344e+01 -1.556803941726684570e+00 6.414263138379071999e-03 2.510707542919171295e-02 9.996641896115838755e-01
6.901521301269531250e+01 -3.072676086425781250e+01 8.332509040832519531e+00 9.544739920425419077e-01 -2.960775313613066007e-01 -3.629729931231900214e-02
-5.970000028610229492e-01 6.017267990112304688e+01 7.045102119445800781e+00 3.253693028629465328e-02 -3.401714832198247662e-01 9.398003565500330225e-01
6.547018432617187500e+01 3.505818176269531250e+01 1.423147106170654297e+01 8.493107567180976369e-01 4.722591057141348747e-01 -2.358867855413230574e-01
2.545224189758300781e+01 -3.537582397460937500e+01 -7.032399177551269531e+00 1.192540998379538753e-01 -1.114598401552220480e-01 -9.865876360995062822e-01
2.360643196105957031e+01 -1.660547256469726562e+01 -2.622148990631103516e+00 5.719982242767840744e-03 3.226531838586328693e-02 9.994629713163971640e-01
-5.230686187744140625e+01 -7.614930152893066406e+00 -4.368151187896728516e+00 -3.462831870144901236e-01 -6.947297365805365230e-04 -9.381297734011434519e-01
4.851562500000000000e+01 3.256473159790039062e+01 4.663100242614746094e+00 -2.695916475188672723e-01 -2.422209322428166278e-01 9.320136069669174850e-01
5.050876998901367188e+01 4.397087097167968750e+01 5.327642917633056641e+00 3.598144169186911490e-01 3.476945967384471037e-01 -8.658187181947216704e-01
-2.993103218078613281e+01 -1.593302536010742188e+01 -2.477822065353393555e+00 1.285945225678334913e-01 7.446162859227174746e-02 9.888978282072103942e-01
2.210915756225585938e+01 1.748216629028320312e+01 -1.307659029960632324e+00 -1.199043173919188271e-01 -1.755160995344833552e-01 9.771474062161651375e-01
-6.605238914489746094e+00 -9.812576293945312500e+00 -1.380403041839599609e+01 -4.793333489072578169e-01 -7.966145012785306179e-01 3.682999823216272506e-01
-1.643160247802734375e+01 -4.516751480102539062e+01 -6.193572998046875000e+00 -1.418688293894635744e-01 -2.543570237132224965e-01 -9.566481797063194348e-01
-7.395073699951171875e+01 -8.556473731994628906e+00 4.687353134155273438e+00 -5.333725151322279423e-01 -1.047915367046062599e-02 -8.458155516658890649e-01
6.312099933624267578e+00 2.996301460266113281e+01 -7.275789976119995117e-01 -9.032401883662537212e-02 -3.024848092310951087e-01 9.488648543420864501e-01
-6.049884796142578125e+00 4.410779953002929688e+01 -3.616863012313842773e+00 -9.806902483509716273e-02 3.002877237731338966e-01 -9.487938392079930949e-01
2.381932020187377930e+00 1.470504283905029297e+01 -2.351567983627319336e+00 -1.970751031953473301e-02 -7.192248783434623816e-02 9.972155081930503817e-01
-5.902591705322265625e+01 -5.127404022216796875e+01 1.177775573730468750e+01 -1.819693044992255482e-01 -1.878903734304694095e-01 9.651861891843597219e-01
6.498667907714843750e+01 2.831832504272460938e+01 6.186894893646240234e+00 4.489882817192791253e-01 2.594242245453406981e-01 -8.550488843322456844e-01
9.628406524658203125e+00 -2.555850982666015625e+01 -2.495537996292114258e+00 -4.167009517505020078e-02 -4.195861859960180705e-03 9.991226140526268118e-01
-5.000832366943359375e+01 5.546185684204101562e+01 1.091466617584228516e+01 -5.580874469971703888e-01 5.888654438200745522e-01 -5.846160197760297272e-01
-5.663923263549804688e+01 -3.614369201660156250e+01 2.411921977996826172e+00 2.954748199313393386e-01 1.703515704278583121e-01 9.400398785367061194e-01
-2.105620002746582031e+01 1.538934135437011719e+01 -8.859371185302734375e+00 -5.257184008021202615e-02 -2.131711108362251972e-01 -9.755994460512112942e-01
-6.722499084472656250e+01 -3.578456878662109375e+01 3.698549032211303711e+00 -5.173209839389637521e-01 -1.005380166619496279e-01 -8.498653462649856660e-01
6.962284851074218750e+01 -5.473930239677429199e-01 8.332092285156250000e+00 -5.146483434357115305e-01 -4.005991431582749118e-02 8.564649939512334331e-01
2.539342880249023438e+00 -1.736375617980957031e+01 -2.702975988388061523e+00 -1.622446291180826977e-02 -3.835134976582466049e-02 9.991325941907625019e-01
-4.428029251098632812e+01 -2.477908706665039062e+01 -9.211609959602355957e-01 1.187032112691775443e-01 1.293969869748332925e-02 9.928454622105109539e-01
9.373900413513183594e+00 6.000988006591796875e+01 3.586525917053222656e+00 8.384694237159108499e-02 4.336052755254369284e-01 -8.971934882127963196e-01
-4.592412948608398438e+00 -7.044839859008789062e-01 -2.584820985794067383e+00 -3.422216318794792794e-02 3.537703418784495651e-02 9.987879199303572042e-01
2.859594726562500000e+01 3.129595947265625000e+01 6.803029775619506836e-01 -6.003839071046170039e-02 -1.605634111331960545e-01 9.851978393430276260e-01
4.595818042755126953e+00 -4.455351638793945312e+01 -6.891999244689941406e+00 -6.241124284831840643e-04 -1.913322054239152692e-01 -9.815251385732803868e-01
-9.369342803955078125e+00 3.050243949890136719e+01 -7.200563907623291016e+00 -1.490597633728966108e-02 2.379904968295712409e-01 -9.711530957002846298e-01
3.284072113037109375e+01 9.218028068542480469e+00 -8.130249977111816406e+00 1.652027423155567887e-01 1.224016064975608914e-01 -9.786347125757578480e-01
2.307024002075195312e+01 -4.781807899475097656e+00 -2.809457063674926758e+00 2.251921008141118119e-02 -1.023205589222147063e-02 9.996940483015429590e-01
-2.599983024597167969e+01 -5.362100005149841309e-01 -2.665853977203369141e+00 5.082314252785512243e-02 -6.286849461814637829e-02 9.967269237700170370e-01
-4.072078704833984375e+01 4.562078475952148438e+01 2.373622894287109375e+00 -1.637472267580631080e-01 7.963493730141905091e-01 -5.822495357052243081e-01
6.123844528198242188e+01 -3.270666122436523438e+01 2.123567104339599609e+00 4.265171225583279102e-01 -1.739510258326182335e-01 -8.875946060991719566e-01
1.015324878692626953e+01 -5.595182895660400391e+00 -2.519494056701660156e+00 3.506304936085753721e-02 -2.515431645403828909e-02 9.990684876089567235e-01
3.413076782226562500e+01 -3.617545318603515625e+01 -1.162456989288330078e+00 -1.626622209641674921e-01 1.696059947451769856e-01 9.719952718082034426e-01
3.219782638549804688e+01 -6.212677764892578125e+01 4.123635768890380859e+00 -4.918321724517711879e-01 -6.638745283614954085e-01 5.633575460878937902e-01
-1.871940612792968750e+01 6.940269470214843750e+01 1.957793998718261719e+01 1.754382435187664124e-01 -5.590691652013534130e-01 8.103475126340006218e-01
-2.652232933044433594e+01 -3.049190902709960938e+01 -7.893651962280273438e+00 -1.370639840315632241e-01 -1.430963902708166091e-01 -9.801718662422715944e-01
-3.979971885681152344e+00 6.945197296142578125e+01 8.496117591857910156e+00 -7.975173238082737537e-02 6.693210955987433097e-01 -7.386805345809206447e-01
7.130403900146484375e+01 1.865472221374511719e+01 7.369859218597412109e+00 5.886181253006927960e-01 1.974387939443197626e-01 -7.839302425683742914e-01
6.419447326660156250e+01 9.646407127380371094e+00 5.712890148162841797e+00 -4.834858488078823124e-01 -1.157866265846283632e-01 8.676605851983099083e-01
5.887638854980468750e+01 -4.824137115478515625e+01 1.191591644287109375e+01 1.778113613920113134e-01 -2.164568697519122509e-01 9.599633030991983063e-01
5.613029479980468750e+01 2.682213592529296875e+01 1.966868996620178223e+00 3.508210370385347332e-01 2.037384426719470454e-01 -9.140105289047916193e-01
4.865260314941406250e+01 -5.918516921997070312e+01 1.096660995483398438e+01 1.322523205920504430e-01 -6.197580447233300149e-02 9.892766667409197412e-01
1.517835998535156250e+01 3.892991065979003906e+00 -2.364917993545532227e+00 1.991655163525419409e-02 1.929042701658494714e-03 9.997997848395525633e-01
1.849834251403808594e+01 -1.212737655639648438e+01 -9.975545883178710938e+00 -9.929628646690570257e-03 -1.011146273939693280e-01 -9.948252281692083754e-01
-2.870129585266113281e+01 3.301314544677734375e+01 -4.387394905090332031e+00 -1.458569300791655310e-01 2.000346117225447473e-01 -9.688714620943752465e-01
1.192893218994140625e+01 1.830568122863769531e+01 -1.651136994361877441e+00 -2.312197524651554009e-02 -4.641345460212362162e-02 9.986546778003876357e-01
-1.336665439605712891e+01 9.006342887878417969e+00 -9.922677040100097656e+00 2.110910908558154969e-02 6.283885017387287608e-02 -9.978004231420422032e-01
1.654529380798339844e+01 4.266238021850585938e+01 1.983892917633056641e+00 -3.728517852553112771e-02 -1.683345943941296496e-01 9.850245072040000327e-01
4.521051025390625000e+01 -4.933433914184570312e+01 3.282573938369750977e+00 -3.224555905368065023e-01 3.216948281543081656e-01 8.902442528151077727e-01
-4.390077590942382812e+01 -1.156543350219726562e+01 -1.505514025688171387e+00 8.962474925006555515e-02 2.892376427837455716e-02 9.955555334494564645e-01
7.246362304687500000e+01 -1.501068687438964844e+01 6.255180835723876953e+00 6.397137535619943360e-01 -1.070356328380846350e-01 -7.611239628382322486e-01
-4.610007858276367188e+01 -4.303625488281250000e+01 1.226676940917968750e+00 1.729897547349098785e-01 1.248209777301596685e-01 9.769822251582895856e-01
-5.985603713989257812e+01 3.573345947265625000e+01 5.402347087860107422e+00 -4.617538986295134373e-01 3.507398039491383956e-01 -8.147176977494505756e-01
2.649182510375976562e+01 1.119951963424682617e+00 -9.710309028625488281e+00 4.397956216558635556e-01 -1.290693100378958180e-01 -8.887749571059448961e-01
-4.217692947387695312e+01 3.605980300903320312e+01 -2.669129967689514160e-01 -2.759146431151791035e-01 2.980663550749996782e-01 -9.137984228958416777e-01
-5.481569671630859375e+01 1.905421829223632812e+01 -6.172919869422912598e-01 -3.123647346843819728e-01 1.467514329421443220e-01 -9.385586233448516280e-01
2.124175071716308594e+00 4.276764297485351562e+01 1.588446974754333496e+00 -3.115061063780822162e-02 -2.630269344784813002e-01 9.642854718369163747e-01
-2.361902046203613281e+01 -1.706165695190429688e+01 -9.696975708007812500e+00 -9.108694664679614639e-02 -2.774966867336420978e-02 -9.954562391381561737e-01
1.658067131042480469e+01 3.468071746826171875e+01 -5.660818099975585938e+00 5.271865159625188646e-02 2.247274336696863661e-01 -9.729945140287842298e-01
-1.260250473022460938e+01 3.673001098632812500e+01 8.161190152168273926e-01 1.553213459236666982e-01 -1.071680380389254672e-01 9.820337525377362820e-01
-7.937479972839355469e+00 4.358162879943847656e+00 -1.666628646850585938e+01 -2.291197887233457908e-01 1.445027477054162401e-01 -9.626126314987530908e-01
-4.248030090332031250e+01 1.846261215209960938e+01 -4.693149089813232422e+00 -2.774721773548680104e-01 1.835523604485300997e-01 -9.430364371368273879e-01
9.160163879394531250e+00 -1.995612144470214844e+01 -1.008950519561767578e+01 -2.206897528033798239e-01 -7.244016930929811360e-02 -9.726502222680173393e-01
-2.060689926147460938e+01 1.865525960922241211e+00 -9.993379592895507812e+00 -7.353947428569311551e-02 5.666428838005652113e-02 -9.956812261683785081e-01
5.348363494873046875e+01 -2.210910987854003906e+01 -2.085823059082031250e+00 3.770048277370977585e-01 -1.190617036885958657e-01 -9.185269024790130299e-01
-6.892805480957031250e+01 2.775605964660644531e+01 1.724944496154785156e+01 3.273421929812209696e-01 -2.584461644950576398e-01 9.088743965763579347e-01
1.028858661651611328e+01 -3.241624832153320312e+01 -8.844046592712402344e+00 6.738498942990504836e-02 -1.071533414772071341e-01 -9.919563622507798772e-01
-5.327646255493164062e+01 -2.618859291076660156e+01 -3.317898988723754883e+00 -1.151435635336642005e-01 -5.405102674486731568e-02 -9.918772334742816943e-01
1.771874046325683594e+01 -3.284746170043945312e+01 -1.851187944412231445e+00 -7.493502691753829714e-02 7.609939590438820345e-02 9.942804552458299749e-01
9.400538444519042969e+00 4.983335494995117188e+01 -8.640009760856628418e-01 8.348643600117133801e-02 4.498167025341525682e-01 -8.892102952199349986e-01
-1.715830421447753906e+01 -2.828659439086914062e+01 -9.155330657958984375e+00 2.754737946400445323e-02 -1.270205872448464390e-01 -9.915174795739309932e-01
-3.706527709960937500e+01 2.810482978820800781e+00 -1.472329020500183105e+00 2.400906852425931937e-01 -1.064218625696341791e-01 9.648993989152195860e-01
1.760075378417968750e+01 2.172609329223632812e+01 -8.203441619873046875e+00 -6.078692868543324884e-02 1.036131619064561277e-01 -9.927584106824471899e-01
2.992000770568847656e+01 -2.023411178588867188e+01 -8.365194320678710938e+00 1.095028477624815366e-01 -1.465824563857844876e-01 -9.831188686073603078e-01
3.327068328857421875e+01 3.895936584472656250e+01 -1.390332937240600586e+00 1.772193940786908617e-01 2.325364444679297871e-01 -9.563054367494703278e-01
-4.267372131347656250e+01 9.230502128601074219e+00 -5.996500968933105469e+00 -2.620893795576553220e-01 1.244818190240617323e-01 -9.569814177169501113e-01
-2.669555473327636719e+01 1.289393234252929688e+01 -1.721409082412719727e+00 2.504170040702696082e-02 -5.816155508525584772e-02 9.979930594702497437e-01
-1.083969995379447937e-01 3.078495788574218750e+01 -7.448515892028808594e+00 -4.444690412863445267e-02 2.039944760793773459e-01 -9.779625383635511815e-01
-1.785753822326660156e+01 5.413334655761718750e+01 5.450383186340332031e+00 7.598652459720814378e-02 -2.801278082323944152e-01 9.569506043336577505e-01
-1.735977363586425781e+01 -3.440239906311035156e+00 -2.845291137695312500e+00 -2.823296612706469033e-02 -1.428618508937052646e-02 9.994992769078226980e-01
-5.174156570434570312e+01 5.844933986663818359e+00 -3.690047979354858398e+00 -3.739755622869546658e-01 1.404527721895845460e-01 -9.167416744080181257e-01
-6.282366561889648438e+01 3.963417816162109375e+01 1.799109268188476562e+01 2.658212411372899986e-01 -7.218939919385915227e-02 9.613156393215812612e-01
-3.164918518066406250e+01 4.719880294799804688e+01 4.782151222229003906e+00 1.636616857776342082e-01 -2.831796875261463620e-01 9.449995328998935795e-01
5.823952102661132812e+01 -5.809000968933105469e+00 -9.059129953384399414e-01 2.842282814705370808e-01 -6.314270431120377891e-02 -9.566751187861911587e-01
-3.199477958679199219e+01 -2.322921180725097656e+01 -8.115236282348632812e+00 -1.616135584137512737e-01 -1.175398586500218945e-01 -9.798292909305058584e-01
-1.473754215240478516e+01 1.505088806152343750e+01 -1.903577089309692383e+00 8.371897091786160983e-02 -1.348578035735589209e-01 9.873218860755441639e-01
9.057455062866210938e+00 -4.775847911834716797e+00 -1.619199180603027344e+01 6.518596056238721292e-01 -2.940942508088402185e-01 -6.989904335519027123e-01
2.490164947509765625e+01 5.270401382446289062e+01 2.399832963943481445e+00 1.315465062933990625e-01 3.603502453399121119e-01 -9.234951095514615238e-01
4.016773223876953125e+01 5.906250762939453125e+01 9.466392517089843750e+00 3.497203714820110165e-01 5.557281470699086956e-01 -7.542293340388784850e-01
3.913365936279296875e+01 2.231301689147949219e+01 -5.092616081237792969e+00 2.855799727340525007e-01 1.483809945288728782e-01 -9.467983732748173065e-01
-7.552865028381347656e+00 5.226206207275390625e+01 4.242846012115478516e+00 4.663331480890195446e-02 -2.641495263689657147e-01 9.633537053797972538e-01
-2.420732975006103516e+00 -1.691113853454589844e+01 -1.022906684875488281e+01 7.583276609651133301e-03 6.339745014299204284e-02 -9.979595468911695022e-01
-3.604086303710937500e+01 6.300548934936523438e+01 1.931126403808593750e+01 2.818797146342804094e-01 -4.315505858934635119e-01 8.569176846656305635e-01
2.483109664916992188e+01 1.336923217773437500e+01 -8.741279602050781250e+00 9.218096721033317009e-02 1.095794046159971613e-01 -9.896944090820010143e-01
5.119387817382812500e+01 3.277760982513427734e+00 -3.506922006607055664e+00 4.640024984175141198e-01 5.632050962094493213e-02 -8.840416741638043030e-01
3.107674026489257812e+01 -5.244741439819335938e+01 -2.682407855987548828e+00 1.475525507354771004e-01 -1.996760992291188030e-01 -9.686886497570298404e-01
-6.062065124511718750e+01 -1.875329208374023438e+01 1.861796021461486816e+00 2.905429261847248257e-01 1.625678913254295296e-02 9.567238498391882340e-01
-3.006671905517578125e+00 1.831301689147949219e+01 -9.464113235473632812e+00 -2.143723474889185424e-02 1.232289533235808171e-01 -9.921466978371170642e-01
2.302152824401855469e+01 2.866943550109863281e+01 -6.309104919433593750e+00 1.271789125235334716e-01 1.778446816734718938e-01 -9.758057149913567097e-01
-7.502927398681640625e+01 -5.771103858947753906e+00 1.350328445434570312e+01 8.590844463945030984e-01 5.032672694510363469e-03 5.118091306030011500e-01
-7.594438171386718750e+01 1.130408382415771484e+01 1.510176944732666016e+01 -9.116965862142391019e-01 2.298555021979579449e-01 3.405521733811533447e-01
5.335019683837890625e+01 1.864954185485839844e+01 3.181332111358642578e+00 -2.181001313894506688e-01 -1.260002955648536482e-01 9.677583676752549158e-01
1.709028244018554688e+01 7.158634185791015625e+01 1.248089408874511719e+01 2.706188956002960055e-01 8.836794193128184594e-01 -3.819372948888812846e-01
-7.299897003173828125e+01 -2.227713394165039062e+01 1.275895404815673828e+01 6.324310881925576666e-01 1.363480833951281335e-01 7.625222087533271020e-01
1.144049263000488281e+01 2.788886451721191406e+01 -7.572600841522216797e+00 1.114844966107425839e-01 1.156422075683500861e-01 -9.870147348667942522e-01
5.371265888214111328e+00 9.563503265380859375e+00 -9.755918502807617188e+00 2.840313022590313860e-03 -3.216829071540166368e-02 -9.994784308299919928e-01
7.465959167480468750e+01 2.987896919250488281e+00 1.438196468353271484e+01 4.365927483053388958e-01 -1.388455529148883115e-02 8.995521059124639285e-01
4.378342056274414062e+01 -3.449221420288085938e+01 4.196380078792572021e-01 -2.640851334998805533e-01 1.042780796857199904e-01 9.588457250055448799e-01
7.282556915283203125e+01 1.444284629821777344e+01 1.481093597412109375e+01 1.421921305412950365e-01 2.818794801873740052e-03 9.898350632342706179e-01
-6.435109972953796387e-01 -3.347517013549804688e+01 -9.023871421813964844e+00 -2.676138702968043348e-01 -2.771231153571955819e-01 -9.228139549007089437e-01
-1.650036621093750000e+01 -8.448231697082519531e+00 -1.020758342742919922e+01 4.922922039249073844e-02 -6.559319103748158589e-03 -9.987659681789538002e-01
1.049685001373291016e+00 -7.137227058410644531e+00 -2.522474050521850586e+00 2.965914149514795387e-02 -7.717831093561192124e-02 9.965760601413705677e-01
4.617527770996093750e+01 5.491932678222656250e+01 1.810110092163085938e+01 -2.239540214939663987e-01 -3.049766418594308526e-01 9.256531986531588707e-01
2.106109046936035156e+01 -4.643658065795898438e+01 -5.456964015960693359e+00 9.718530636464814410e-02 -2.689249633848809218e-01 -9.582454697494009466e-01
-4.431315612792968750e+01 -5.527357101440429688e+01 4.296600818634033203e+00 2.967965671465735422e-01 3.888365982634706675e-01 8.721914340217414852e-01
2.550461387634277344e+01 5.990017700195312500e+01 9.213143348693847656e+00 -2.202363691179091976e-01 -5.255378095588199017e-01 8.217700118901136719e-01
-1.804435968399047852e+00 -4.239735794067382812e+01 -1.710284948348999023e+00 3.326023724992677871e-02 -4.464445684713946177e-02 9.984491119185306962e-01
-3.168403053283691406e+01 -2.304534912109375000e+00 -9.091397285461425781e+00 -1.875486741172423533e-01 3.727540927614465815e-02 -9.815477770848245465e-01
-6.088016986846923828e+00 -2.009299278259277344e+01 -2.834053039550781250e+00 -2.865301092804015473e-02 -2.484076228609179843e-02 9.992807120593310000e-01
-9.798506736755371094e+00 7.157691192626953125e+01 1.983276367187500000e+01 1.258375988086328501e-02 -7.950233898982098091e-03 9.998892152474754269e-01
1.931598472595214844e+01 5.614684104919433594e+00 -9.710471153259277344e+00 1.446273316195592455e-02 1.758751970692947050e-03 -9.998938624379046791e-01
-6.464778137207031250e+01 -4.007344818115234375e+01 1.051039791107177734e+01 -1.123895558145740319e-02 -2.019453424752082338e-01 9.793323054663360949e-01
4.564663314819335938e+01 1.568106174468994141e+01 -4.345146179199218750e+00 3.444321085078234645e-01 1.818631019287755834e-01 -9.210278686259707470e-01
4.494363021850585938e+01 -6.104248809814453125e+01 3.626009941101074219e+00 4.961988756933737865e-01 -4.328654128942998058e-01 -7.526049495455628957e-01
-3.355655670166015625e+01 -1.162646770477294922e+01 -8.726147651672363281e+00 -1.551842483846488652e-01 -5.527912944952904917e-02 -9.863377042882393031e-01
5.815636444091796875e+01 1.147160816192626953e+01 7.067000120878219604e-02 3.262975205621084784e-01 1.364245695968877570e-01 -9.353706564166551773e-01
-1.391896724700927734e+01 2.828478240966796875e+01 -6.190019845962524414e-01 1.060367290048481737e-01 -2.758461662878635701e-01 9.553350745399440402e-01
3.696645736694335938e+01 -4.798617172241210938e+01 1.086154937744140625e+00 -1.711281350990253580e-01 1.836099579900864753e-01 9.679889176557799901e-01
-3.261022949218750000e+01 -5.602597427368164062e+01 1.432778000831604004e+00 9.054575072377524236e-02 -9.666921124253402553e-01 2.393905319775641583e-01
2.968920898437500000e+01 1.351613998413085938e+01 -1.497074961662292480e+00 -6.244134777153934751e-02 -1.525829803964733333e-01 9.863161319687532291e-01
-1.479011058807373047e+01 6.450057220458984375e+01 1.003244113922119141e+01 1.439487208093485904e-01 -6.446277932299854241e-01 7.508220654541202244e-01
1.641633987426757812e+00 3.869821548461914062e+01 -5.602210044860839844e+00 2.483555276080757351e-02 2.404807742820278815e-01 -9.703361234746348263e-01
-6.380335617065429688e+01 -3.701663017272949219e+00 3.250420093536376953e+00 3.734955903803543475e-01 3.162526264884030908e-02 9.270927066528040772e-01
-2.298452186584472656e+01 3.614406967163085938e+01 1.257792949676513672e+00 7.603573087943081565e-02 -1.717630166724893881e-01 9.821995895606946414e-01
-4.576285552978515625e+01 -6.430911254882812500e+01 1.077107906341552734e+01 7.624877289350441290e-01 -2.328579205947993447e-01 6.036469597701498158e-01
5.780488967895507812e+01 4.436603546142578125e+01 9.079065322875976562e+00 5.257042182857153412e-01 4.717307571108789732e-01 -7.078878213899443272e-01
4.552922821044921875e+01 -2.302395820617675781e+01 -2.602989971637725830e-01 -2.390344640644600505e-01 6.063223778362850092e-02 9.691162245730723379e-01
4.836814117431640625e+01 -4.168971633911132812e+01 2.336004018783569336e+00 -2.379209657999664662e-01 1.736455868668000668e-01 9.556363451619532823e-01
-6.337108612060546875e+01 4.907023906707763672e+00 1.684820055961608887e-01 -3.155827926598955280e-01 9.602092468785282386e-02 -9.440272681438132141e-01
-7.686045837402343750e+01 -6.562849879264831543e-01 7.391539096832275391e+00 -7.543147010387943885e-01 1.096933207164204616e-01 -6.472841008297350873e-01
-1.336288642883300781e+01 -2.416507530212402344e+01 -2.879987955093383789e+00 -1.939105680413164608e-03 3.782216616534748305e-02 9.992826044796941920e-01
-5.456317520141601562e+01 -4.357201766967773438e+01 -4.652599990367889404e-02 -2.327828239185732728e-01 -2.271354087280687828e-01 -9.456329430547709691e-01
-1.176100349426269531e+01 3.074433088302612305e+00 -2.825057983398437500e+00 6.037227668007029945e-03 2.271353106228943264e-02 9.997237855471714507e-01
-4.106761169433593750e+01 -6.806891918182373047e+00 -7.389797210693359375e+00 -2.070403387621204683e-01 3.067225883518154630e-02 -9.778514767914471273e-01
2.169269943237304688e+01 -2.451807975769042969e+01 -2.243458986282348633e+00 -3.361456753150347115e-02 6.434608548910773773e-02 9.973613398021292653e-01
-9.966423988342285156e+00 -3.215473556518554688e+01 -9.063281059265136719e+00 -2.268143954167461604e-02 -1.451399374642592111e-01 -9.891511263973712387e-01
-2.403599977493286133e+00 -4.955129241943359375e+01 -5.709538936614990234e+00 -6.891613572229444810e-03 -3.050493562569743800e-01 -9.523116065183583334e-01
-3.297103118896484375e+01 5.611748504638671875e+01 8.199107170104980469e+00 2.539208635247948709e-01 -5.417297452247029632e-01 8.012821464413150130e-01
-4.130099487304687500e+01 -3.107283782958984375e+01 -5.589344024658203125e+00 -2.585246419525429329e-01 -1.645622700163859586e-01 -9.518845879571553592e-01
-4.208153533935546875e+01 6.120340347290039062e+01 1.114535140991210938e+01 -3.855763455552028707e-01 6.857890274886817572e-01 -6.172716513208935663e-01
-5.680401229858398438e+01 -1.136212921142578125e+01 1.021162986755371094e+00 1.711610278970903676e-01 -4.029316814499436100e-02 9.844187945839162346e-01
-6.728333282470703125e+01 -2.744828987121582031e+01 6.225811004638671875e+00 4.592884466332700644e-01 1.330820730121635709e-01 8.782615126669179872e-01
-2.490263748168945312e+01 2.637779808044433594e+01 -6.487923145294189453e+00 -1.295123168442519623e-01 2.328627989129421760e-01 -9.638472268300950496e-01
1.076064014434814453e+01 -4.384191131591796875e+01 -1.958641052246093750e+00 1.739211169937945889e-02 1.875989593051361620e-02 9.996727368270642566e-01
4.543835163116455078e+00 7.365392303466796875e+01 1.423803234100341797e+01 8.850357235479779094e-02 9.420777238371693674e-01 3.235068468057782920e-01
1.069679069519042969e+01 1.051780509948730469e+01 -2.142060041427612305e+00 -6.027741583470450776e-02 -8.114850383965523106e-02 9.948776575362799912e-01
-1.684939193725585938e+01 2.597068023681640625e+01 -7.573002815246582031e+00 -1.406531851261756672e-01 1.883490993653703649e-01 -9.719780338475327852e-01
2.129253005981445312e+01 -1.964727210998535156e+01 -9.526211738586425781e+00 3.304515317563901100e-02 -9.594753296033251000e-02 -9.948377198168675273e-01
4.170990371704101562e+01 -2.444504976272583008e+00 -1.265596032142639160e+00 -1.538303592627072447e-01 -1.328542153955241875e-02 9.880079544941037240e-01
-1.163801956176757812e+01 -4.097163009643554688e+01 -1.570999026298522949e+00 -1.375078378383291604e-02 -8.347897387491606813e-02 9.964146611055667568e-01
-3.640909957885742188e+01 -2.249688720703125000e+01 -1.642943024635314941e+00 -1.048464068916996894e-01 -6.363374248684279533e-02 9.924504913490739266e-01
-5.514821243286132812e+01 1.020197582244873047e+01 2.109143018722534180e+00 1.976619087912725170e-01 -9.307608569099898310e-02 9.758414892211912939e-01
-2.046576499938964844e+01 -4.814286804199218750e+01 -1.632380038499832153e-01 7.706783480228457384e-02 1.966905112278925227e-01 9.774320393929175621e-01
3.373754882812500000e+01 -8.676242828369140625e+00 -2.352761030197143555e+00 -9.784350506695498051e-02 5.639099720785925585e-02 9.936028904698878117e-01
3.669639968872070312e+01 6.359577178955078125e+00 -1.732169985771179199e+00 -1.382777962488670465e-01 -6.578244729076822284e-02 9.882064160351287097e-01
5.178639888763427734e-01 -9.650511741638183594e+00 -1.710010719299316406e+01 8.432093142462832036e-02 -3.945056552346086209e-01 -9.150165400207774802e-01
-4.924717712402343750e+01 -1.468400955200195312e+00 -1.335790008306503296e-01 2.088317039223812899e-01 -6.816824008569033477e-02 9.755728627224593552e-01
-3.169593429565429688e+01 -3.768392562866210938e+01 -1.121155023574829102e+00 1.274416122771164783e-01 1.754181931269973849e-01 9.762105781952316041e-01
-5.559123611450195312e+01 5.004764938354492188e+01 1.051615810394287109e+01 -5.610739134842209763e-01 5.498871154355610136e-01 -6.187246753487847251e-01
-1.678110313415527344e+01 4.166896057128906250e+01 -3.512201070785522461e+00 -8.947106251643056896e-02 3.023083606301386062e-01 -9.490018883360027413e-01
-2.788228797912597656e+01 2.283193206787109375e+01 1.968490034341812134e-01 1.210075577460466983e-01 -1.498205036423476133e-01 9.812802798674241656e-01
1.400269985198974609e+00 -2.799490165710449219e+01 -2.664904117584228516e+00 -2.116173914874775949e-02 3.092547847142448209e-02 9.992976511417976937e-01
3.984144973754882812e+01 -2.066720771789550781e+01 -6.440505981445312500e+00 2.305536043206187768e-01 -9.257737255232290075e-02 -9.686456863198638079e-01
-4.745381164550781250e+01 2.070586395263671875e+01 1.807937026023864746e+00 1.957158484101211571e-01 -1.500532214299107880e-01 9.691126546586896762e-01
-2.458890724182128906e+01 8.456107139587402344e+00 -9.375425338745117188e+00 -7.495744317647912158e-02 9.098792232598111596e-02 -9.930269783360602398e-01
-2.451049613952636719e+01 -3.422310256958007812e+01 -1.444483041763305664e+00 -3.772876147088465720e-02 6.333100868791029063e-03 9.992679482457439422e-01
3.374471664428710938e+01 2.509009552001953125e+01 1.047810018062591553e-01 -7.553046898594399650e-02 -1.324408653951988368e-01 9.883089422989826955e-01
-6.272182464599609375e+01 2.052869415283203125e+01 2.321938037872314453e+00 -3.970038793184581527e-01 2.124267649482490250e-01 -8.928957326248773141e-01
2.448064804077148438e+01 6.834241485595703125e+01 1.093509578704833984e+01 2.383814091979359062e-01 7.339377790800315493e-01 -6.360107233277413341e-01
-4.672031402587890625e+01 -1.899917793273925781e+01 -5.723803997039794922e+00 -3.234111646180707900e-01 -1.640751391471145237e-01 -9.319251940548866076e-01
2.090622138977050781e+01 3.331277084350585938e+01 4.963999986648559570e-01 -6.227766168824844933e-02 -1.616325578999603940e-01 9.848839571651880620e-01
6.356747436523437500e+01 -1.522885131835937500e+01 4.821541786193847656e+00 -4.349039737817212981e-01 7.129981496272523589e-02 8.976496365370785213e-01
-2.349235343933105469e+01 7.069381713867187500e+01 1.359909629821777344e+01 -2.954633045995939677e-01 9.498986021575119842e-01 1.019513671035973262e-01
-2.233411788940429688e+01 4.811083602905273438e+01 4.079536914825439453e+00 1.006870244577766776e-01 -2.823853831652622937e-01 9.540024205841655114e-01
3.360070037841796875e+01 -3.068815994262695312e+01 -6.464806079864501953e+00 5.820534642649011908e-02 4.539431378606820222e-02 -9.972720260406707782e-01
1.172954750061035156e+01 3.519270706176757812e+01 4.044280052185058594e-01 -3.225940945834284562e-02 -1.443887965794138639e-01 9.889950484829272970e-01
2.524134254455566406e+01 -2.783266830444335938e+01 -8.105183601379394531e+00 1.821880386086901504e-01 6.100207690650211872e-02 -9.813695864459075491e-01
-2.493050193786621094e+01 -1.011905574798583984e+01 -2.723407030105590820e+00 3.554621922539916157e-02 4.275105020413138418e-02 9.984532107240797760e-01
8.755244255065917969e+00 -2.364539951086044312e-01 -1.009942626953125000e+01 6.391505931370192739e-01 3.740062345578883812e-02 -7.681716687418996825e-01
-5.624459075927734375e+01 -5.490859985351562500e+01 5.636141777038574219e+00 -7.413936501066413776e-01 -6.693721114845799791e-01 -4.771196860564413944e-02
3.411462402343750000e+01 1.681830024719238281e+01 -6.908384799957275391e+00 1.713895379615755221e-01 1.707302026143836526e-01 -9.702972865017035486e-01
5.753334045410156250e+01 -2.593991088867187500e+01 3.058410882949829102e+00 -3.213129413216925245e-01 8.190414794710799973e-02 9.434244560579616579e-01
-8.894319534301757812e+00 -3.314913988113403320e+00 -1.696439170837402344e+01 -2.805633297851353736e-01 -8.051879919292520560e-02 -9.564522679968963104e-01
2.327902603149414062e+01 -5.133006668090820312e+01 -1.133299991488456726e-01 -9.350233076510758301e-02 1.875796127337974739e-01 9.777889358282445542e-01
-6.460759735107421875e+01 2.967182922363281250e+01 5.862514019012451172e+00 -5.239546225090780940e-01 3.081890135763460936e-01 -7.940346878205060133e-01
6.545721435546875000e+01 -9.202079772949218750e-01 2.040079116821289062e+00 3.946940662583756088e-01 4.358989371921039024e-02 -9.177780315664442190e-01
4.365999984741210938e+01 -1.045653343200683594e+01 -1.183949947357177734e+00 -1.549959422688664268e-01 5.292032083303063739e-02 9.864966789214828502e-01
-3.513451385498046875e+01 -4.561558151245117188e+01 6.606870293617248535e-01 4.972045751297498456e-02 1.940248037869123920e-01 9.797358070521616780e-01
-4.522931289672851562e+01 4.970121765136718750e+01 8.847866058349609375e+00 3.930445555825423654e-01 -4.865082128917304627e-01 7.802728600405223203e-01
5.175363540649414062e+01 -1.098096656799316406e+01 -3.364867925643920898e+00 3.441108145030495336e-01 2.513229550957824313e-02 -9.385926246591047573e-01
-3.337695693969726562e+01 1.362969684600830078e+01 -7.357132911682128906e+00 -1.896920475253935645e-01 1.603735735902653003e-01 -9.686574440944082376e-01
-6.675967407226562500e+01 1.627577209472656250e+01 7.212281227111816406e+00 6.032471809890040948e-01 -1.986022360449051505e-01 7.724312205412101617e-01
2.185158538818359375e+01 -3.954771423339843750e+01 -1.913337945938110352e+00 1.725663535428874351e-02 -1.836446456304340058e-02 9.996824270624955489e-01
2.964787673950195312e+01 6.548924255371093750e+01 1.894564819335937500e+01 -6.717932067966882193e-02 -1.920948795572770817e-01 9.790743057198945110e-01
1.178659057617187500e+01 -8.802740097045898438e+00 -1.021600246429443359e+01 -6.054751640716075911e-02 1.580308121249800538e-02 -9.980402100522381970e-01
-6.646038055419921875e+00 1.694815063476562500e+01 -2.215718984603881836e+00 2.908856343512570414e-02 -1.350679849522599119e-01 9.904092562765235419e-01
2.566657066345214844e+01 2.437374305725097656e+01 -4.658960103988647461e-01 -3.362599317399931481e-02 -1.061479674196994100e-01 9.937816166521337147e-01
-7.219963836669921875e+01 5.449060916900634766e+00 8.928133010864257812e+00 5.167730695300197796e-01 -1.009097067169210105e-01 8.501545892946920091e-01
7.879030108451843262e-01 4.535972118377685547e+00 -1.741987228393554688e+01 7.942813133419697469e-02 2.949391175627406603e-01 -9.522090573419627058e-01
1.180074501037597656e+01 6.411914062500000000e+01 9.568186759948730469e+00 -9.715400748260559494e-02 -5.956059538141234011e-01 7.973798634347610825e-01
5.389676666259765625e+01 4.894916534423828125e+01 1.765624046325683594e+01 2.233944181808291685e-01 1.171284726301287105e-01 9.676651563557416846e-01
7.292160034179687500e+01 -6.892331123352050781e+00 6.037754058837890625e+00 5.806347506469862196e-01 -5.469548471121426364e-02 -8.123248674596373897e-01
-5.240686035156250000e+01 2.794646072387695312e+01 4.378649890422821045e-01 -2.778537824435826642e-01 1.945936211681287276e-01 -9.407074987383001741e-01
-4.889434051513671875e+01 5.383168792724609375e+01 1.807315063476562500e+01 5.262545931945787903e-01 -6.905662727708229420e-01 4.961595772057834641e-01
-1.630903625488281250e+01 -1.586692619323730469e+01 -1.009800624847412109e+01 1.353808160194340700e-02 1.319916995740689873e-02 -9.998212351510517015e-01
-1.448464393615722656e+01 -3.803466415405273438e+01 -7.812372207641601562e+00 -5.866948222248186823e-02 -1.365450090369872138e-01 -9.888950158448746031e-01
-1.249095153808593750e+01 -5.580121612548828125e+01 -2.732959985733032227e+00 1.234850978978231234e-01 -9.307720473847028719e-01 -3.441145541886498904e-01
7.105451202392578125e+01 -2.353223800659179688e+01 6.445456981658935547e+00 7.359440665519110247e-01 -1.693294276597787917e-01 -6.555256484955017671e-01
5.580196857452392578e+00 5.376909255981445312e+01 4.733201026916503906e+00 -5.037229316229385051e-02 -3.591292804492210999e-01 9.319274606993812604e-01
-6.852758789062500000e+01 -1.394002723693847656e+01 5.510397911071777344e+00 5.760463414723415720e-01 5.025572951193597870e-02 8.158706846844991922e-01
-5.440989303588867188e+01 4.009604263305664062e+01 8.322835922241210938e+00 4.691080209145589430e-01 -4.371066722380373415e-01 7.673821875692806715e-01
-3.687094879150390625e+01 2.322576904296875000e+01 -5.087008953094482422e+00 -2.127375949771094510e-01 2.095588478650209918e-01 -9.543729904837209288e-01
4.293560028076171875e+01 2.838784790039062500e+01 2.275108098983764648e+00 -1.894768078892874741e-01 -2.104995873077784019e-01 9.590560270470861459e-01
3.774667739868164062e+01 4.635567092895507812e+01 2.443562984466552734e+00 2.041729109786880325e-01 3.700921601653225368e-01 -9.062809803844797951e-01
3.440117645263671875e+01 -4.308755111694335938e+01 -4.110576152801513672e+00 2.023383643382550001e-01 -2.178511581765057159e-01 -9.547774919833806884e-01
-6.660656738281250000e+01 8.969171524047851562e+00 5.517395019531250000e+00 5.380415603972059646e-01 -1.452696824832422628e-01 8.303059668800158999e-01
2.276976013183593750e+01 -6.152830123901367188e+00 -1.000688171386718750e+01 -7.395587043313715803e-02 3.236095208107888505e-02 -9.967363232113511939e-01
1.075452518463134766e+01 1.892783737182617188e+01 -9.078857421875000000e+00 9.810734214882445292e-02 1.483533824939939072e-01 -9.840560061902393629e-01
-4.516059875488281250e+01 4.756709098815917969e+00 -5.255950093269348145e-01 1.994036718593091007e-01 -1.149875206814476442e-01 9.731474943381185350e-01
-3.679375076293945312e+01 -1.353293228149414062e+01 -1.686064004898071289e+00 1.305455513653900335e-01 4.980365816412726104e-02 9.901906153121110554e-01
6.185498428344726562e+01 -4.439738845825195312e+01 6.176548957824707031e+00 7.448131010147073239e-01 -4.158374495821011707e-01 -5.218550182588157504e-01
-4.559972763061523438e+01 3.994726181030273438e+01 5.122611999511718750e+00 2.091805232986972962e-01 -2.242603032437475441e-01 9.518144908864888398e-01
-8.957514762878417969e+00 3.759058380126953125e+01 -5.486307144165039062e+00 -3.205966894019326996e-02 2.414592534772355414e-01 -9.698812332124286950e-01
-6.238753795623779297e+00 7.414748191833496094e+00 -1.025580501556396484e+01 -5.495578038703503587e-01 3.525335713265187465e-01 -7.574340243829610353e-01
-5.812801837921142578e+00 7.379715728759765625e+01 1.407041168212890625e+01 -4.038432495692336616e-02 9.394556267341588329e-01 3.402825762440716550e-01
1.729068946838378906e+01 -9.241060256958007812e+00 -2.767541885375976562e+00 3.034659009509984261e-03 -2.327281570802332972e-02 9.997245455092699240e-01
2.326888656616210938e+01 4.535727691650390625e+01 3.624531984329223633e+00 -4.111438828603488083e-01 1.548246597236387911e-01 8.983262393629471987e-01
1.795499038696289062e+01 1.101472473144531250e+01 -2.067044019699096680e+00 2.248181122683783756e-02 -8.996263920158148464e-02 9.956913636824650249e-01
-2.866199684143066406e+01 -2.533155059814453125e+01 -1.669749975204467773e+00 1.201927807871258080e-01 9.023143446848082283e-02 9.886414838961686824e-01
7.785436153411865234e+00 3.414191055297851562e+01 -6.476933002471923828e+00 -1.125722620333958063e-01 3.490405914948080945e-01 -9.303215311437432744e-01
5.451134204864501953e+00 2.197330093383789062e+01 -1.640097022056579590e+00 -2.175874675025775765e-02 -1.877699886868138338e-02 9.995869053030574936e-01
-2.039269256591796875e+01 -4.057953262329101562e+01 -1.632313966751098633e+00 1.973376140460433165e-02 1.803805062541202764e-02 9.996425398063356615e-01
2.047751426696777344e+01 5.842900085449218750e+01 4.104787826538085938e+00 1.361092690094434787e-01 4.123280485723133659e-01 -9.008106611548637455e-01
1.156400966644287109e+01 -3.663417434692382812e+01 -1.862877011299133301e+00 -5.788468106828045107e-02 8.609932374414766554e-02 9.946035743694187081e-01
-2.792829132080078125e+01 6.120676040649414062e+01 1.035319423675537109e+01 2.220805310904072905e-01 -5.871729648660953815e-01 7.784010194244108671e-01
-4.288880825042724609e+00 -3.563356018066406250e+01 -2.206478118896484375e+00 1.499210231478389707e-02 1.108637714865769036e-01 9.937225271875218535e-01
3.538621139526367188e+01 2.194360971450805664e+00 -8.284611701965332031e+00 1.916159674990981221e-01 -5.100095765683495402e-02 -9.801439809117180602e-01
-3.558993530273437500e+01 3.437480163574218750e+01 -2.673234939575195312e+00 -1.869340837262103705e-01 2.441050566302260805e-01 -9.515610173126031190e-01
-1.038785457611083984e+01 -5.279788017272949219e+00 -2.685617923736572266e+00 -8.219550008938158320e-03 1.683821818527603828e-03 9.999648012513910889e-01
-4.894596481323242188e+01 -6.080521392822265625e+01 4.345912933349609375e+00 -6.270608867331198821e-01 -6.193525638134648181e-01 -4.724373461393176488e-01
9.293498992919921875e+00 -4.994002532958984375e+01 -5.494503021240234375e+00 4.296517815948336372e-02 -3.173342650830414668e-01 -9.473399377572603308e-01
4.040603256225585938e+01 1.069945907592773438e+01 -6.481857776641845703e+00 1.970298846716337926e-01 1.292638464850910940e-01 -9.718385064084266167e-01
-4.616957187652587891e+00 2.527510261535644531e+01 -8.522988319396972656e+00 1.994179953993517607e-01 1.113563159995509394e-01 -9.735667588809265860e-01
4.369993591308593750e+01 7.617558002471923828e+00 -7.804620265960693359e-01 -9.164710838665911241e-02 -4.309556282583596604e-02 9.948585728580160437e-01
-2.114006805419921875e+01 -3.526397323608398438e+01 -7.669095993041992188e+00 -1.749698697244400358e-01 1.804725152186931322e-03 -9.845721343079629762e-01
-5.901504039764404297e+00 -2.631475257873535156e+01 -9.796013832092285156e+00 -2.024059886763957331e-02 -5.205292631400312842e-02 -9.984391874418933055e-01
-2.336872673034667969e+01 2.868256759643554688e+01 5.427510142326354980e-01 4.027505728829017251e-02 -7.140675554498389366e-02 9.966338319678715862e-01
4.339265441894531250e+01 3.529182434082031250e+01 3.354899957776069641e-02 3.204564226675241101e-01 3.067003008319931778e-01 -8.962380301240836511e-01
-2.868463134765625000e+01 6.069941043853759766e+00 -2.232455968856811523e+00 -2.366891293746261477e-02 -7.115295277191591161e-02 9.971845565752591733e-01
-5.577996826171875000e+01 -4.747446060180664062e+01 5.768199920654296875e+00 3.622338827412556750e-01 2.943150114590998845e-01 8.844010901305041639e-01
-7.383304595947265625e+01 1.895725250244140625e+01 9.156289100646972656e+00 -7.764024661274108174e-01 3.132037009895677349e-01 -5.469027813768294610e-01
-4.037969970703125000e+01 2.215616416931152344e+01 9.602410197257995605e-01 1.732064876768145134e-01 -1.505474358887334552e-01 9.733113490420159941e-01
-2.562437248229980469e+01 -5.555483627319335938e+01 2.345282077789306641e+00 9.345903627449607398e-02 -3.151573649053704962e-01 9.444264099889124742e-01
3.872819137573242188e+01 -6.458268737792968750e+01 3.108985900878906250e+00 3.013631681433360798e-01 -4.935316674304036644e-01 -8.158472492629834649e-01
6.515120697021484375e+01 2.175994873046875000e+01 8.783516883850097656e+00 -5.242509976192910592e-01 -2.577013880507857402e-01 8.116346999062302725e-01
-5.859048843383789062e+01 -5.342471122741699219e+00 -2.130961894989013672e+00 -3.141844322851924942e-01 9.083535839098802467e-02 -9.450063916056927749e-01
-7.566918182373046875e+01 -1.521299362182617188e+01 6.135301113128662109e+00 -7.394161288248342068e-01 -5.015729018049319698e-02 -6.713777138656346066e-01
5.209013366699218750e+01 -4.758386993408203125e+01 1.603541970252990723e+00 3.875423288033137958e-01 -2.530273906239243198e-01 -8.864468867223530557e-01
-9.502746582031250000e+00 -4.608659744262695312e+01 -6.495076179504394531e+00 -4.963724851247990066e-02 -2.884395003760574228e-01 -9.562106452988906602e-01
3.567068099975585938e+01 -1.296170234680175781e+01 -7.964663982391357422e+00 2.236938323473131596e-01 -7.588167481922740432e-02 -9.717011067176990480e-01
6.594918060302734375e+01 -3.649047470092773438e+01 5.839993000030517578e+00 6.799006702207782693e-01 -3.032339685248274797e-01 -6.676707564106881820e-01
3.592100906372070312e+01 -2.392606353759765625e+01 -1.565734982490539551e+00 -9.903560406419775058e-03 -4.638157290810475397e-02 9.988747014445037431e-01
-4.126144409179687500e+01 -3.093308925628662109e+00 -1.334668993949890137e+00 -3.121693826476073033e-02 -1.039890131195579832e-02 9.994585362169250420e-01
6.945684814453125000e+01 5.152953147888183594e+00 4.345598220825195312e+00 4.830801742405573806e-01 3.062714754108494808e-02 -8.750402979801612524e-01
-4.213084793090820312e+01 -3.605734252929687500e+01 -3.591130077838897705e-01 1.537867897207405299e-01 1.622525217808338249e-01 9.746916140416664875e-01
-2.208600616455078125e+01 5.952993011474609375e+01 4.427352905273437500e+00 -1.259920093078487069e-01 4.413377409746948032e-01 -8.884520313342327835e-01
-2.512462425231933594e+01 -2.377387046813964844e+01 -8.955474853515625000e+00 -7.307152467817970565e-02 -7.118798854145358401e-02 -9.947828017052908756e-01
6.907011985778808594e+00 -1.168621921539306641e+01 -2.557419061660766602e+00 -3.612587537274916834e-03 1.244576685890564152e-02 9.999160225231813470e-01
7.209672546386718750e+01 -1.443220329284667969e+01 1.330776882171630859e+01 -7.652669788178350085e-01 6.812097481672768629e-02 6.400984173711430358e-01
-1.203815364837646484e+01 2.170010566711425781e+01 -1.411675930023193359e+00 3.342099728865043778e-02 -1.479296263216056846e-02 9.993318794058335675e-01
8.978771209716796875e+00 4.338285446166992188e+01 1.927622079849243164e+00 -3.348553153797780707e-02 -1.710961784603705904e-01 9.846851359159819461e-01
4.715873718261718750e+01 4.770468521118164062e+01 1.004224967956542969e+01 -3.913656637451202180e-01 -4.699794467037874957e-01 7.911714333299345592e-01
5.953892135620117188e+01 3.825484848022460938e+01 1.253291034698486328e+01 -7.970372764830735424e-01 -5.458730584621325210e-01 2.583683106374342620e-01
-3.768019485473632812e+01 8.450829982757568359e-01 -8.011171340942382812e+00 -1.649364929154003567e-01 2.358064919766916789e-02 -9.860222646006450153e-01
8.686820030212402344e+00 -3.898543167114257812e+01 -7.760476112365722656e+00 4.907814140497276933e-02 -2.033684815111095334e-01 -9.778714622914910226e-01
5.237795639038085938e+01 -3.686709213256835938e+01 -6.529470086097717285e-01 3.035587908583574634e-01 -1.225273814627367147e-01 -9.449016357719447479e-01
-7.739646911621093750e+00 6.356494522094726562e+01 8.569372177124023438e+00 5.258666086619492863e-02 -5.540852361206283216e-01 8.307973243891023651e-01
-7.051792907714843750e+01 2.871724700927734375e+01 1.067638397216796875e+01 -9.091255511877477380e-01 3.969979503012887601e-01 -1.260292015135765220e-01
-3.895671463012695312e+01 -5.835196304321289062e+01 2.129790037870407104e-01 -1.848172217689541263e-01 -3.332722616169793706e-01 -9.245389089564099994e-01
2.700317573547363281e+01 -1.068974685668945312e+01 -2.675965070724487305e+00 -8.187514442226236089e-02 2.927947654823902235e-02 9.962124135840181305e-01
1.238119316101074219e+01 5.530301094055175781e+00 -9.748607635498046875e+00 1.420247677297024641e-04 6.502372673685870297e-02 -9.978837080492974909e-01
2.434137535095214844e+01 -3.106714248657226562e+01 -1.643876075744628906e+00 -1.977243915444029318e-02 9.372170321564195217e-02 9.954020760457770178e-01
4.628238201141357422e+00 3.654886627197265625e+01 3.853009939193725586e-01 -1.558011566879590436e-02 -1.470742638494990651e-01 9.890027405972517949e-01
1.865099906921386719e+01 -5.603406143188476562e+01 -3.211608886718750000e+00 -2.757841230926965648e-01 -8.437620221619331895e-01 -4.604440980262398675e-01
3.375888061523437500e+01 5.960717391967773438e+01 1.182560539245605469e+01 -2.999726083855672187e-01 -5.488601879993525445e-01 7.802364566256018152e-01
3.403809738159179688e+01 -4.451309204101562500e+00 -8.646289825439453125e+00 1.284164602744181649e-01 -1.300267638618993471e-01 -9.831593224956932664e-01
5.855401992797851562e+01 2.997708892822265625e+01 7.555232048034667969e+00 -4.834236560190825482e-01 -3.231959890898808974e-01 8.135391333164971872e-01
-8.540452003479003906e+00 1.395707035064697266e+01 -9.787694931030273438e+00 -1.032494820543246664e-02 1.528459220499201188e-01 -9.881960936763840575e-01
2.422364234924316406e+01 2.022216606140136719e+01 -7.745307922363281250e+00 2.133522005032928437e-02 9.833081319243133778e-02 -9.949250522337443892e-01
3.703685998916625977e+00 1.612507629394531250e+01 -9.624805450439453125e+00 2.135988489126814938e-01 2.601307759552746734e-01 -9.416514807210171201e-01
-4.068139266967773438e+01 -2.440914154052734375e+01 -6.688512802124023438e+00 -2.235395693871165268e-01 -1.097094384031327696e-01 -9.685008518548096079e-01
4.235335159301757812e+01 1.969798660278320312e+01 2.244189977645874023e-01 -2.158771026178755437e-01 -1.619419506658751895e-01 9.628976483405919939e-01
-1.178433418273925781e+01 -1.631544685363769531e+01 -2.855640888214111328e+00 -7.249655458948832745e-03 -3.217615011412598789e-03 9.999685442299496296e-01
-3.304773092269897461e+00 4.701771545410156250e+01 2.547896862030029297e+00 7.642084998841550646e-03 -2.044270165151285124e-01 9.788519772956449927e-01
4.345600509643554688e+01 5.374152755737304688e+01 1.196681118011474609e+01 -3.641614172892794210e-01 -4.925876602537713200e-01 7.904074007267254398e-01
1.866168594360351562e+01 4.873054122924804688e+01 -1.805240064859390259e-01 1.232172741516359554e-01 3.302157441620707790e-01 -9.358285450113873472e-01
1.522074508666992188e+01 -2.180972099304199219e+01 -2.481110095977783203e+00 -1.012219008357870612e-02 4.747121531427111324e-02 9.988213178464394604e-01
-9.436039924621582031e+00 -1.467946243286132812e+01 -1.016267395019531250e+01 2.364830684272933164e-02 4.379791884106588873e-02 -9.987604817415752789e-01
-4.529607772827148438e+01 -4.924603652954101562e+01 -1.151556015014648438e+00 -2.534355185416252709e-01 -1.894111242512244442e-01 -9.486273577919966948e-01
6.326873016357421875e+01 -2.788355255126953125e+01 6.426451206207275391e+00 -5.163092305558213413e-01 1.686764800777338924e-01 8.396267167684944299e-01
-3.204794311523437500e+01 -3.419138336181640625e+01 -6.811138153076171875e+00 -1.232157880190479643e-01 -1.700541036485227475e-01 -9.777011155844829160e-01
-5.559547901153564453e+00 -5.501789093017578125e+01 -3.482264041900634766e+00 -1.927831711001947584e-02 -8.885983351686324028e-01 -4.582808584535691954e-01
-4.081280517578125000e+01 2.998426246643066406e+01 2.144520998001098633e+00 1.502964918857423726e-01 -1.636841983449551785e-01 9.749966398603682194e-01
4.699244308471679688e+01 -1.598434925079345703e+00 -5.461812019348144531e+00 3.169582856350417477e-01 -2.167819289373184785e-03 -9.484370014538782145e-01
5.417740249633789062e+01 -4.265750050544738770e-01 1.705744981765747070e+00 -3.132377320581340996e-01 -1.566578123880410858e-02 9.495455262983730771e-01
5.183906936645507812e+01 3.774720764160156250e+01 7.222443103790283203e+00 -4.031831953995645978e-01 -3.706705315381907395e-01 8.366879155315868344e-01
-6.379348754882812500e+01 -4.662123107910156250e+01 1.117536544799804688e+01 -7.635573002989494151e-01 -6.081467229918726680e-01 2.171124420074227734e-01
3.207153701782226562e+01 2.949346923828125000e+01 -4.775175094604492188e+00 -3.186419989476126091e-02 2.534520343574554468e-01 -9.668230132992976511e-01
3.684057998657226562e+01 3.460037612915039062e+01 2.496984958648681641e+00 -1.984192728902316738e-01 -2.544510476482289563e-01 9.465117307759215448e-01
-6.130275344848632812e+01 3.762727355957031250e+01 1.161038494110107422e+01 6.011483211344383903e-01 -4.297229566050390637e-01 6.737647041541059423e-01
-7.361793041229248047e+00 2.941690444946289062e+01 -9.790430068969726562e-01 7.674315106869326886e-02 -2.590802726603491646e-01 9.628021089934767351e-01
-3.030113983154296875e+01 -4.509243011474609375e+01 -4.100675106048583984e+00 -1.557563221266354825e-01 -2.488988979521601919e-01 -9.559232744921445368e-01
-1.368297481536865234e+01 5.235230636596679688e+01 5.232120156288146973e-01 -7.344868482931712905e-02 3.984033331793246924e-01 -9.142647728138975083e-01
-4.897374153137207031e+00 5.813357925415039062e+01 2.464524984359741211e+00 -3.606356586009708265e-02 3.575676468243959572e-01 -9.331906542405568050e-01
-2.952384185791015625e+01 6.784732055664062500e+01 1.165750122070312500e+01 -2.925168190345824315e-01 7.499758946286538830e-01 -5.932706532922724652e-01
5.940349960327148438e+01 -3.805547714233398438e+01 6.577497005462646484e+00 -4.841115945779297935e-01 2.266132046930897370e-01 8.451523054775049726e-01
1.059575557708740234e+01 7.240639495849609375e+01 1.183784008026123047e+01 6.819558479757099889e-02 8.123786629922185032e-01 -5.791288890472421347e-01
4.755499267578125000e+01 -2.844524765014648438e+01 -3.383306980133056641e+00 2.887622644646162251e-01 -1.331019993186752792e-01 -9.481034819040791151e-01
-3.415404891967773438e+01 1.926104736328125000e+01 1.765179932117462158e-01 -2.357192088748824403e-03 -4.866255685827922117e-02 9.988124945181010572e-01
2.463958978652954102e+00 -4.797875976562500000e+01 -1.595511913299560547e+00 -1.099230350672010179e-02 2.234837839681420024e-01 9.746456625701962473e-01
-2.329612541198730469e+01 -1.647456741333007812e+01 -2.741730928421020508e+00 3.655560418891552060e-02 -2.743970855582023027e-02 9.989548289070707687e-01
1.616389465332031250e+01 -2.782884120941162109e+00 -2.645968914031982422e+00 5.748392828981242764e-02 -1.271696486899156304e-03 9.983456219047674995e-01
-1.620187997817993164e+00 5.392385959625244141e+00 -2.780941009521484375e+00 -3.885549877772559446e-02 3.859942402750242418e-02 9.984990409006305745e-01
5.348399734497070312e+01 -5.435955047607421875e+01 1.144451236724853516e+01 -1.493210491239946140e-02 -1.032990724954614553e-01 9.945382515843532722e-01
5.923467254638671875e+01 -1.963811302185058594e+01 -1.519549936056137085e-01 3.543704688265683633e-01 -5.457215810751044754e-02 -9.335113552513044644e-01
-3.135691261291503906e+01 2.682588768005371094e+01 -5.461608886718750000e+00 -1.529965087008797742e-01 2.118764062865024778e-01 -9.652463192286508953e-01
4.684746551513671875e+01 -5.519866561889648438e+01 6.097674846649169922e+00 -3.162795823715755517e-01 2.861639258487490012e-01 9.044763309880989866e-01
2.504773902893066406e+01 -1.423748970031738281e+01 -9.540823936462402344e+00 1.943135005907033197e-02 -1.830862878848719261e-02 -9.996435448432442472e-01
3.479866027832031250e+01 5.063637924194335938e+01 6.887793064117431641e+00 -2.072144871988733927e-01 -3.417383432806934684e-01 9.166662757114362181e-01
7.890240192413330078e+00 -2.637405395507812500e+01 -9.574373245239257812e+00 1.654170202175591492e-02 -9.817863737197891905e-02 -9.950313197372256946e-01
-2.912365913391113281e+01 3.926948547363281250e+01 -2.567131996154785156e+00 -1.944778400778047756e-01 3.171827156911512513e-01 -9.282098332734134427e-01
-7.364584350585937500e+01 -2.601050567626953125e+01 6.939510822296142578e+00 -9.421331098031042739e-01 -3.155273677757074458e-01 1.132593642806866002e-01
-1.867900276184082031e+01 -2.198167610168457031e+01 -9.812126159667968750e+00 -1.891851988252426231e-01 3.121903398828769147e-02 -9.814450226387068099e-01
5.006668853759765625e+01 -1.693733787536621094e+01 5.107390284538269043e-01 -2.321545862775792057e-01 3.169241956000375809e-02 9.721624548462662885e-01
6.885335540771484375e+01 1.287646389007568359e+01 9.067934989929199219e+00 -4.569176551177188128e-01 -1.332463921502365090e-01 8.794723733129261589e-01
2.794182205200195312e+01 3.957168197631835938e+01 2.275799036026000977e+00 -1.218685429868063136e-01 -2.646826708891933388e-01 9.566039629654666809e-01
-4.602769911289215088e-01 -4.013620376586914062e+01 -7.762588024139404297e+00 -7.970047746273871110e-04 -2.120924990288749201e-01 -9.772492704725217472e-01
-6.619996643066406250e+01 -2.257207489013671875e+01 7.599030137062072754e-01 -4.330468706888519481e-01 -1.516749444529743029e-01 -8.885184967189933003e-01
4.974915313720703125e+01 2.630473899841308594e+01 3.569175004959106445e+00 -1.970543326877725043e-01 -1.521155807379343250e-01 9.685197158890146429e-01
3.962139892578125000e+01 -3.493756484985351562e+01 -4.511102199554443359e+00 1.938546851607915456e-01 -1.719485051700968270e-01 -9.658437102404195951e-01
-3.003893470764160156e+01 -1.712660408020019531e+01 -8.977862358093261719e+00 -1.509484450818803503e-01 -1.344508714980033326e-01 -9.793556708779450615e-01
-5.062084960937500000e+01 -3.844303131103515625e+01 1.324859976768493652e+00 3.196429721724214357e-01 2.600164692506621855e-01 9.111639841758453207e-01
-5.605702590942382812e+01 -2.984139633178710938e+01 1.250007033348083496e+00 2.759354773245640269e-01 1.180976388140383554e-01 9.538933693344419096e-01
1.670567131042480469e+01 -3.313496780395507812e+01 -8.193213462829589844e+00 7.501062245178295729e-02 -1.713448248250397099e-01 -9.823514429800938030e-01
5.432474136352539062e+01 6.289095878601074219e+00 2.152221918106079102e+00 -3.467737850210467210e-01 -7.590485972472175991e-02 9.348723946573388455e-01
-5.668191909790039062e+01 -2.071553421020507812e+01 -2.810019016265869141e+00 -2.389153350425798350e-01 -4.562999781836605401e-02 -9.699677138856673819e-01
6.407961273193359375e+01 3.452510070800781250e+01 7.991951942443847656e+00 5.203753419141803338e-01 3.727203319009398386e-01 -7.683027122920712548e-01
-1.945697402954101562e+01 4.255978775024414062e+01 2.398538112640380859e+00 5.230543533464529493e-02 -1.558434731341994395e-01 9.863959414534932968e-01
4.441996383666992188e+01 4.523815917968750000e+01 3.795089960098266602e+00 2.761858673769427841e-01 3.417461456748223103e-01 -8.982933477309340553e-01
-2.711244773864746094e+01 2.473747014999389648e+00 -9.625171661376953125e+00 -1.625381715625190404e-01 5.760991073112221167e-02 -9.850190053855130135e-01
-6.810300052165985107e-02 2.916880226135253906e+01 -1.264196038246154785e+00 -6.115286723349343256e-04 -2.580420205265089861e-01 9.661335009589925304e-01
-4.888803863525390625e+01 -1.290647697448730469e+01 -5.437558174133300781e+00 -2.561653502492915457e-01 -1.047177303590578028e-02 -9.665762542609569463e-01
5.563910675048828125e+01 -4.618841934204101562e+01 6.807073116302490234e+00 -4.495233551366016878e-01 2.823081089936905208e-01 8.474850351381664204e-01
-2.128819274902343750e+01 1.626381874084472656e+01 -1.496952056884765625e+00 1.686779320809124808e-02 -3.946220106415389284e-02 9.990786817060314240e-01
6.535109710693359375e+01 2.885793876647949219e+01 1.252752780914306641e+01 -8.797519604759732603e-01 -4.283010458065468207e-01 2.063848400433035135e-01
5.481172084808349609e+00 6.242586135864257812e+01 8.013808250427246094e+00 -4.412691482128849874e-02 -4.494778000232209081e-01 8.922009429913421164e-01
3.901957035064697266e+00 -1.613245010375976562e+01 -1.025160217285156250e+01 -3.656616760939321656e-03 -1.685715391866553572e-02 -9.998512216903202576e-01
-6.593103027343750000e+01 3.374021911621093750e+01 1.763675689697265625e+01 2.278111630807096721e-01 -1.882480090465154243e-01 9.553348947179922668e-01
-3.575759887695312500e+01 5.188283157348632812e+01 3.497808933258056641e+00 -2.038032212757321937e-01 3.807912272500446615e-01 -9.019214423923181956e-01
-7.084526062011718750e+01 -3.593025922775268555e+00 7.163658142089843750e+00 5.709303472355481412e-01 -2.968665097283298623e-02 8.204616026113066285e-01
2.630013084411621094e+01 1.021739959716796875e+00 -2.579869031906127930e+00 -2.962299410063655089e-02 -4.733113030638255725e-02 9.984399042127842794e-01
1.448810958862304688e+01 5.832987594604492188e+01 6.939706802368164062e+00 -7.388976789792091326e-02 -3.632370717384821313e-01 9.287621503457407224e-01
2.653379058837890625e+01 3.395612716674804688e+01 -4.690958023071289062e+00 1.762667651158795201e-01 2.952294633869449458e-01 -9.390258736924343985e-01
6.676216125488281250e+01 -3.460462570190429688e+01 1.284560489654541016e+01 -2.435921744691151580e-01 8.297264676622245760e-02 9.663220955902932507e-01
-6.180305099487304688e+01 -3.253217315673828125e+01 4.082778930664062500e+00 5.224802286655941819e-01 2.407791322906571718e-01 8.179485436791893438e-01
1.635696029663085938e+01 6.875705718994140625e+01 1.825301742553710938e+01 -1.904591724927148233e-01 -9.429170117194175527e-01 2.731900668463521087e-01
1.004788994789123535e+00 6.838897705078125000e+01 1.223971748352050781e+01 3.265434473818708445e-03 -6.696203550197511456e-01 7.426963828381821786e-01
3.303014373779296875e+01 -5.831900787353515625e+01 -8.492059707641601562e-01 1.903163306106438468e-01 -3.176344243457570604e-01 -9.289176856823426753e-01
3.791424989700317383e+00 4.720561981201171875e+01 -2.587218999862670898e+00 3.183029003729295064e-02 4.181097519820696218e-01 -9.078386794654841330e-01
1.527042770385742188e+01 -1.779397583007812500e+01 -9.922500610351562500e+00 -5.533339497797469878e-03 -4.383310370423543212e-02 -9.990235438535248758e-01
-8.885215759277343750e+00 4.243153762817382812e+01 1.763152003288269043e+00 4.763415556959469527e-02 -2.395866102358507610e-01 9.697057509465776270e-01
2.875509262084960938e+01 -2.024976539611816406e+01 -2.165788888931274414e+00 -9.986813819086197419e-02 1.021103180575536618e-01 9.897473606534528123e-01
-4.377071762084960938e+01 5.520822906494140625e+01 1.201855564117431641e+01 3.182779729973694849e-01 -5.837328988267667107e-01 7.469638777959651810e-01
2.680221366882324219e+01 7.425922870635986328e+00 -9.190773963928222656e+00 9.637938425351591509e-02 1.664093625163127754e-01 -9.813352833551984844e-01
-6.221524047851562500e+01 -3.911427688598632812e+01 1.988417983055114746e+00 -4.193707130200140520e-01 -1.766372158792904046e-01 -8.904647657417436024e-01
-4.903804397583007812e+01 -2.936042785644531250e+01 8.675999939441680908e-03 1.541221221203226133e-01 5.388702699795920592e-02 9.865812484506532032e-01
1.573890495300292969e+01 4.064437866210937500e+01 -3.998121023178100586e+00 8.289007538549392207e-02 3.081851315920225431e-01 -9.477083729018093150e-01
7.493258666992187500e+01 -2.335752010345458984e+00 1.107512569427490234e+01 9.754655318096185912e-01 -2.064865510854898070e-02 -2.191817266415837795e-01
-6.941416931152343750e+01 -3.615837097167968750e+01 9.527289390563964844e+00 -8.668160547974018693e-01 -4.919847964403250007e-01 -8.112266771402161514e-02
-3.087668800354003906e+01 3.274649810791015625e+01 1.444113016128540039e+00 1.711446713688730414e-01 -2.116356737667569599e-01 9.622472878898288284e-01
1.463018417358398438e+01 -4.658051300048828125e+01 -5.996994018554687500e+00 4.765288276042207311e-02 -2.404742002139283463e-01 -9.694851013791253580e-01
-2.718997573852539062e+01 1.401323032379150391e+01 -8.322763442993164062e+00 -2.233187041030036124e-01 1.136578688545147597e-01 -9.680964028676096733e-01
-1.624842262268066406e+01 -5.103796386718750000e+01 -4.126922130584716797e+00 -1.101494140842120412e-01 -3.399915620062415877e-01 -9.339554830619396508e-01
-4.183213424682617188e+01 -1.910422897338867188e+01 -1.654551029205322266e+00 1.002511213761047432e-01 3.531098691284894481e-02 9.943353794701635939e-01
4.751910400390625000e+01 3.909962081909179688e+01 2.712043046951293945e+00 3.508619669972197763e-01 2.358550481623798434e-01 -9.062385317184231681e-01
3.249605941772460938e+01 1.900667572021484375e+01 -7.466549873352050781e-01 -5.699554866638776446e-02 -7.851898169688965867e-02 9.952820087520425352e-01
4.502742767333984375e+00 -7.433909773826599121e-01 -1.742408752441406250e+01 3.634315120815310163e-01 1.427942319339041699e-01 -9.206124827268736821e-01
5.979238510131835938e+01 2.341343688964843750e+01 6.046522140502929688e+00 -4.515046761704981093e-01 -2.279426158151273141e-01 8.626619797415039370e-01
-1.844205284118652344e+01 6.958519744873046875e+01 1.019084930419921875e+01 -1.405566938482142036e-01 6.095273099412875650e-01 -7.802052769945848620e-01
-2.125610923767089844e+01 2.158437919616699219e+01 -7.906212806701660156e+00 -8.426276554520759077e-02 1.380155986936276724e-01 -9.868391362628019525e-01
7.005271148681640625e+01 -2.734457778930664062e+01 1.340790748596191406e+01 -8.673910636802577290e-02 -1.116240527384200071e-01 9.899577760070006338e-01
-1.028277015686035156e+01 -3.412523651123046875e+01 -2.252316951751708984e+00 2.858649224259965718e-02 1.081439876974838177e-01 9.937241520593882438e-01
4.167224884033203125e+01 -1.714593124389648438e+01 -1.422330975532531738e+00 -6.168495606194606545e-02 -7.837294585352153758e-03 9.980648991970503259e-01
-2.445178222656250000e+01 -5.226982498168945312e+01 -2.754603862762451172e+00 -1.188709264257522963e-01 -2.989481265053711145e-01 -9.468366915733738010e-01
-2.427487182617187500e+01 -4.629829788208007812e+01 -4.735098838806152344e+00 -1.226969407515831889e-01 -3.315305241084285370e-01 -9.354319709709484343e-01
2.890282249450683594e+01 -4.042119979858398438e+01 -5.694388866424560547e+00 1.360956523629948123e-01 -2.152898283103948374e-01 -9.670203013556497584e-01
1.906234359741210938e+01 1.556412887573242188e+01 -8.954449653625488281e+00 1.416967461689885022e-01 2.165114404551578553e-01 -9.659424559864596693e-01
6.140110778808593750e+01 -1.151615810394287109e+01 3.640060126781463623e-01 3.562334898593762511e-01 -7.250636413870281682e-02 -9.315795875082254485e-01
-1.733789253234863281e+01 -1.899264526367187500e+01 -2.929170131683349609e+00 2.162826546879671047e-02 -2.530786528632102128e-02 9.994457114258187280e-01
-8.631278991699218750e+00 4.933548355102539062e+01 -1.281479001045227051e+00 -7.533894261211258880e-02 4.380808996433330216e-01 -8.957729450557082584e-01
5.139118957519531250e+01 1.587893390655517578e+01 -2.002706050872802734e+00 3.041491014278278060e-01 1.399897678191223682e-01 -9.422824359005070871e-01
5.276468658447265625e+01 4.608718490600585938e+01 1.214789581298828125e+01 -5.832934479865137245e-01 -6.273217607256278416e-01 5.159807768280738616e-01
-3.222389602661132812e+01 -9.197000265121459961e-01 -2.558607101440429688e+00 1.095369490856037409e-01 -3.567761877510175483e-02 9.933422191287131220e-01
7.521560192108154297e-01 6.610771179199218750e+01 6.226150989532470703e+00 2.344369271037112512e-02 4.855975876756778997e-01 -8.738680541796135515e-01
-2.811066627502441406e+01 4.246527862548828125e+01 3.130683898925781250e+00 1.082108046764447273e-01 -2.459506051827320405e-01 9.632230902348242196e-01
-1.310554885864257812e+01 9.186443328857421875e+00 -2.644937038421630859e+00 1.151572158996401127e-02 -8.843798356084309198e-02 9.960151159595694859e-01
9.757128715515136719e+00 6.428999900817871094e-01 -2.396749973297119141e+00 2.161078124744844273e-02 8.667259673033856152e-03 9.997288896213988307e-01
-6.951900482177734375e+01 2.304742622375488281e+01 1.275755023956298828e+01 9.281362709016425239e-01 -3.522023678509877964e-01 1.204846658996504699e-01
1.062219524383544922e+01 2.566714668273925781e+01 -1.365148067474365234e+00 -9.688998037508587957e-02 -1.946407732860149509e-01 9.760775077203334149e-01
-3.925775909423828125e+01 3.946043395996093750e+01 3.932479858398437500e+00 1.543840894080271697e-01 -1.969591609097460783e-01 9.681800668632788431e-01
3.058967971801757812e+01 5.356170177459716797e+00 -2.328015089035034180e+00 -6.300817303025137150e-02 -2.525831705271317645e-02 9.976933334201718573e-01
-2.035923576354980469e+01 -2.943276596069335938e+01 -2.320754051208496094e+00 8.485138405064555911e-02 1.280049915826788065e-01 9.881371183973447492e-01
-1.719867944717407227e+00 -1.076631546020507812e+01 -1.014082431793212891e+01 -2.268720204674355700e-02 -9.346547958086164065e-02 -9.953640012528127690e-01
5.475720214843750000e+01 3.267185211181640625e+01 2.974164009094238281e+00 3.022713023594294501e-01 2.260663518244548087e-01 -9.260270321878925071e-01
4.418498992919921875e+00 9.142818450927734375e+00 -1.575681400299072266e+01 2.071533418577114205e-01 3.720629937794224795e-01 -9.047964531412994171e-01
-5.750523757934570312e+01 5.470368862152099609e+00 -1.636642932891845703e+00 -3.254363513819433229e-01 9.790223290932303923e-02 -9.404819689874852617e-01
-6.882086944580078125e+01 -7.080183029174804688e+00 1.661221027374267578e+00 -3.980524169395411871e-01 2.819121034215579802e-02 -9.169294024231275930e-01
4.268341064453125000e+00 -1.977061033248901367e+00 -2.349884033203125000e+00 -2.969685812412614645e-02 -1.905685273908149999e-02 9.993772725959084724e-01
5.017553806304931641e+00 -4.132185363769531250e+01 -1.771749973297119141e+00 -1.107544903038928073e-02 -4.044757285665608743e-03 9.999304847674538310e-01
3.515980148315429688e+01 6.400952148437500000e+01 1.648665428161621094e+01 5.025718967910267621e-01 8.628637459584974634e-01 -5.373680737017109965e-02
-3.471813583374023438e+01 4.406669616699218750e+01 5.931529998779296875e-01 -1.981501186070273868e-01 3.112200656508226637e-01 -9.294506986561033024e-01
-4.687371826171875000e+01 -5.488100051879882812e+00 -6.014729022979736328e+00 -3.111160697950949294e-01 1.437053961432495364e-02 -9.502632681033434947e-01
6.766379547119140625e+01 -1.869250869750976562e+01 7.785910129547119141e+00 -5.338969895367435825e-01 1.006533976457764518e-01 8.395373119200619794e-01
-5.009385681152343750e+01 -5.506547546386718750e+01 6.100798130035400391e+00 3.343696703698645911e-01 3.091342314574099248e-01 8.902993600345810998e-01
6.957997131347656250e+01 1.948936462402343750e+01 1.324772453308105469e+01 -8.666973012724997760e-01 -3.083229977359261964e-01 3.921386451678766094e-01
3.388783645629882812e+01 -2.465780830383300781e+01 -7.219044208526611328e+00 1.837579079469480736e-01 -1.475916123563383309e-01 -9.718280440638751294e-01
-3.850608444213867188e+01 2.897144508361816406e+01 -3.391370058059692383e+00 -2.144784950517888977e-01 2.370865267414378474e-01 -9.475172578892699926e-01
-4.870957183837890625e+01 1.722188186645507812e+01 -2.973206996917724609e+00 -3.427798053790638844e-01 1.865353114765765374e-01 -9.207098254046318653e-01
-5.924685668945312500e+01 4.599063491821289062e+01 1.594474124908447266e+01 -3.541324263290167307e-02 -1.123366866823586885e-01 9.930389574792385377e-01
7.452920532226562500e+01 3.031039953231811523e+00 7.651699066162109375e+00 8.843339031415660134e-01 3.286864373131222899e-02 -4.656964676843357021e-01
-1.796304702758789062e+01 3.256981658935546875e+01 6.539570093154907227e-01 4.457108992560650934e-02 -5.765761332702491748e-02 9.973409735733687054e-01
-1.859091758728027344e+01 4.828371047973632812e+01 -6.836360096931457520e-01 -1.122147151890843936e-01 4.228559490003653276e-01 -8.992222773541773684e-01
-1.044864845275878906e+01 -7.074097156524658203e+00 -1.002710247039794922e+01 1.013985442574351706e-02 3.993699741446635199e-02 -9.991507491813944597e-01
6.837470245361328125e+01 -1.083975791931152344e+01 7.641676902770996094e+00 -5.464533200817079939e-01 2.159763421837355285e-02 8.372110314418029775e-01
4.701153182983398438e+01 -7.687798023223876953e+00 -5.308595180511474609e+00 3.811218023064176230e-01 7.697435320173378129e-03 -9.244927913705978106e-01
6.654193878173828125e+01 1.494710636138916016e+01 3.949826002120971680e+00 4.236687853251592806e-01 1.542305361322662272e-01 -8.925904447536159303e-01
-2.732525444030761719e+01 4.858557510375976562e+01 8.258579969406127930e-01 -1.381636674370501361e-01 3.453265951723319405e-01 -9.282566152024065431e-01
3.685782623291015625e+01 -2.999961090087890625e+01 -1.504117012023925781e+00 -1.412632677934894387e-01 8.702271376690820515e-02 9.861398158785333878e-01
-4.212936782836914062e+01 1.078366088867187500e+01 -2.596670091152191162e-01 9.590326837447862851e-02 -6.011031818787926362e-02 9.935740097055902886e-01
-4.030487442016601562e+01 -4.598221206665039062e+01 -2.588969945907592773e+00 2.415658223696894868e-01 -3.444428479487334771e-01 -9.071962731183484951e-01
1.684083557128906250e+01 -4.277304840087890625e+01 -1.952757000923156738e+00 -9.609776663851836778e-03 3.256276856403321311e-03 9.999485231018171438e-01
-3.317645645141601562e+01 -5.062345123291015625e+01 -2.113718986511230469e+00 -1.392355399271378302e-01 -2.713682740524391290e-01 -9.523511559603414778e-01
4.586405563354492188e+01 1.817286968231201172e+00 -7.155799865722656250e-01 -1.921289523982672443e-01 -2.172742753880842898e-02 9.811291375465770459e-01
-5.766489410400390625e+01 1.556988334655761719e+01 3.273529052734375000e+00 1.714640946493786455e-01 -8.270399186267629599e-02 9.817128470057053802e-01
6.968482971191406250e+01 2.567970085144042969e+01 8.707955360412597656e+00 8.563527422586566518e-01 3.387595987087388405e-01 -3.897459622738546625e-01
4.148502731323242188e+01 -1.379797172546386719e+01 -6.610959053039550781e+00 2.206240696227148024e-01 -9.403147154253402307e-02 -9.708156891308756808e-01
4.771784591674804688e+01 1.011250114440917969e+01 -4.378670215606689453e+00 3.231317359952061152e-01 1.329859275643516525e-01 -9.369635127701471111e-01
5.467370033264160156e+00 2.857592201232910156e+01 -7.869400024414062500e+00 5.559436101596659102e-02 5.297079822274592953e-01 -8.463561428782448992e-01
1.440609931945800781e+00 5.729595947265625000e+01 2.117508888244628906e+00 3.364097312472573431e-02 3.994191116567428756e-01 -9.161510018389762422e-01
-4.719548797607421875e+01 2.956533432006835938e+01 3.242702007293701172e+00 1.718833087445201524e-01 -1.403723727865402171e-01 9.750649850821802023e-01
-1.515188026428222656e+01 1.501184177398681641e+01 -9.239576339721679688e+00 -7.560806191833902012e-02 9.201929335789529874e-02 -9.928826066675084938e-01
-8.235215187072753906e+00 6.822145843505859375e+01 1.242834758758544922e+01 5.526464723926375472e-02 -6.422135481073961705e-01 7.645309525407253393e-01
-1.136615991592407227e+00 -5.275743865966796875e+01 -2.708489894866943359e-01 8.905526240250462300e-02 1.395813093450002929e-01 9.861978596204498126e-01
-3.437656879425048828e+00 3.560828018188476562e+01 -6.205422878265380859e+00 1.160666482469613521e-02 2.202040628906180020e-01 -9.753847733167213541e-01
-5.556204223632812500e+01 3.278881454467773438e+01 2.598484992980957031e+00 -3.564659725521058253e-01 2.611205429068640393e-01 -8.970775175448919558e-01
5.285671234130859375e+00 7.165486907958984375e+01 1.974434852600097656e+01 -2.794936955314705415e-02 -2.610433954374560828e-01 9.649223691261724634e-01
1.181979751586914062e+01 5.464269638061523438e+01 1.554618000984191895e+00 8.478862727170345670e-02 3.871756899008925168e-01 -9.180990544789533470e-01
-3.587416076660156250e+01 -2.780638694763183594e+01 -7.094758033752441406e+00 -9.251781328685264316e-02 -7.849250250358703884e-02 -9.926124023380644701e-01
6.293577957153320312e+01 3.800872087478637695e+00 4.567478179931640625e+00 -3.956064450664073529e-01 -6.035368034043143981e-02 9.164349261629460841e-01
3.457829284667968750e+01 4.126326370239257812e+01 3.953443050384521484e+00 -2.194307347309079614e-01 -3.122595790926085968e-01 9.243073665834113939e-01
-4.237775039672851562e+01 -1.277191352844238281e+01 -7.057013988494873047e+00 -1.656979584855818310e-01 1.899510510889059010e-03 -9.861747200235511102e-01
7.974083900451660156e+00 -1.959582328796386719e+01 -2.551321983337402344e+00 -5.273178302786270255e-02 -1.661964593120437983e-02 9.984704033810034574e-01
-5.428653717041015625e+01 -1.562126994132995605e+00 -3.419220924377441406e+00 -3.171819882849236105e-01 3.619776454485996997e-02 -9.476736295526944076e-01
-2.036763954162597656e+01 -3.998023986816406250e+00 -1.016470146179199219e+01 -8.507918821819666910e-02 -4.932987211319802417e-02 -9.951522976155097178e-01
5.566801071166992188e+01 -3.394582748413085938e+01 3.487046957015991211e+00 -3.655143315066428089e-01 1.743371704335169026e-01 9.143335411481341435e-01
1.718582153320312500e+01 2.881348800659179688e+01 -6.854506969451904297e+00 1.929709036546065903e-01 1.994382728716295183e-01 -9.607219190050291235e-01
-3.146996879577636719e+01 6.408663940429687500e+01 1.574373435974121094e+01 4.020337728550769096e-01 -9.154653706340953878e-01 1.708802661779851642e-02
3.056996917724609375e+01 5.101617813110351562e+01 2.691866874694824219e+00 1.645548012168221441e-01 3.612363971964883680e-01 -9.178398459083113581e-01
-5.116676330566406250e+01 3.996685791015625000e+01 3.305434942245483398e+00 -3.136283471397738887e-01 2.850041599646288004e-01 -9.057648086966229029e-01
3.980810165405273438e+01 -1.543540000915527344e+00 -7.442901134490966797e+00 1.945392226197870389e-01 -1.303756718846512952e-01 -9.721916863680304388e-01
7.470933532714843750e+01 8.869598388671875000e+00 1.407017326354980469e+01 7.534462106505207535e-01 3.697010333694593365e-02 6.564693588551003822e-01
-7.130061340332031250e+01 -3.180481338500976562e+01 5.627849102020263672e+00 -7.416930229388186691e-01 -2.923252064010919971e-01 -6.036865357339320504e-01
1.372128391265869141e+01 4.586063385009765625e+01 -2.305414915084838867e+00 1.169750984856050419e-01 4.381606599906157085e-01 -8.912530854762138466e-01
-1.341070461273193359e+01 -4.652863311767578125e+01 -1.187584042549133301e+00 6.919094943611645010e-02 2.841356377930344124e-01 9.562842421853841035e-01
-1.705187416076660156e+01 5.971281433105468750e+01 7.372222900390625000e+00 4.809225673106137106e-02 -3.581774893705582663e-01 9.324140823425594027e-01
-3.676004409790039062e+01 5.881662368774414062e+01 1.170897197723388672e+01 3.274786913116800591e-01 -5.645888349441392506e-01 7.576259988894313846e-01
-5.769375228881835938e+01 -4.193024063110351562e+01 4.760798931121826172e+00 4.696619514383044702e-01 2.724751646054829890e-01 8.397469476243296649e-01
3.973934555053710938e+01 -5.887466049194335938e+01 5.044497013092041016e+00 -3.050952935582968983e-01 3.785610849947860235e-01 8.738468783351847069e-01
-2.038949966430664062e+01 1.518620014190673828e+00 -2.763872146606445312e+00 4.149809934762480057e-02 -1.364468185962292197e-02 9.990454095823093628e-01
-5.254901504516601562e+01 1.289263057708740234e+01 -2.360424995422363281e+00 -2.908803220994808925e-01 8.912813642916708745e-02 -9.525989783282186041e-01
1.322297382354736328e+01 4.771862411499023438e+01 3.192060947418212891e+00 -7.718001204696291195e-02 -3.360856606643696232e-01 9.386637707061165070e-01
-3.917181396484375000e+01 1.384691429138183594e+01 -6.208528995513916016e+00 -2.153402890772896650e-01 1.344044717358961749e-01 -9.672455726843643964e-01
5.977230072021484375e+01 -1.433416962623596191e+00 3.361137866973876953e+00 -3.140846442368369629e-01 -3.443893774672792535e-02 9.487701490990831932e-01
4.003394699096679688e+01 1.660173416137695312e+01 -5.831950187683105469e+00 1.488796602431932126e-01 1.493549175981580823e-01 -9.775111024203861909e-01
8.440861701965332031e+00 -5.286002731323242188e+01 -5.724099874496459961e-01 1.932567456530743036e-02 -6.708597946640628695e-01 7.413323507077561603e-01
2.794376564025878906e+01 -3.576947784423828125e+01 -1.829360008239746094e+00 -8.651457169221193899e-03 -4.065715982453321949e-03 9.999543100774150872e-01
-1.196124649047851562e+01 4.490008926391601562e+01 -2.905976057052612305e+00 -2.887328032619472240e-01 8.019689875118228561e-02 -9.540449809894657740e-01
-2.623623657226562500e+01 -4.225751495361328125e+01 -8.287349939346313477e-01 1.427471329452527082e-01 2.259773769266792132e-01 9.636168746723192680e-01
-6.587068939208984375e+01 -1.683765220642089844e+01 2.708019912242889404e-01 -4.051867454786792222e-01 -5.958573119625939357e-02 -9.122901084228651758e-01
-5.331744384765625000e+01 2.297257804870605469e+01 3.336114883422851562e+00 2.327190521652433841e-01 -1.739050440866376501e-01 9.568693110349685282e-01
9.660079956054687500e+00 -1.422323036193847656e+01 -1.030726432800292969e+01 -4.132145099055788834e-02 -8.471752535769308187e-03 -9.991099874873674569e-01
2.654791641235351562e+01 -4.887155532836914062e+01 -4.152925014495849609e+00 1.466107619568359499e-01 -2.572169904504778004e-01 -9.551673697850208145e-01
-7.678507995605468750e+01 -9.595122337341308594e+00 9.586637496948242188e+00 -9.915897528962076546e-01 -1.193176842485180883e-01 5.013035185203641719e-02
-5.438087844848632812e+01 -1.398528861999511719e+01 -3.665492057800292969e+00 -3.107115200989966075e-01 -6.271127330387805260e-03 -9.504835738926670219e-01
2.737980270385742188e+01 4.457325363159179688e+01 -4.886220097541809082e-01 1.736343496482457283e-01 3.763610730045558461e-01 -9.100568418231304024e-01
2.108127403259277344e+01 3.915929031372070312e+01 1.669975996017456055e+00 2.395727868374802200e-02 -1.823611553662373153e-01 9.829397020222351289e-01
-9.286109805107116699e-01 -2.258773422241210938e+01 -2.639759063720703125e+00 7.283642583910421645e-03 1.163912876254139667e-02 9.999057351732507648e-01
-5.367996597290039062e+01 -3.386263656616210938e+01 -2.210987091064453125e+00 -2.542036650717281465e-01 -1.434629504130950639e-01 -9.564511898277248125e-01
-2.118366241455078125e+01 -1.188869094848632812e+01 -9.988741874694824219e+00 -4.742126863126010922e-02 -2.759703652466481416e-01 -9.599956149832318264e-01
1.755928230285644531e+01 2.094116210937500000e+01 -1.368178009986877441e+00 -1.125982572621354039e-01 -1.308735038368848969e-01 9.849841412200436297e-01
4.216919708251953125e+01 -4.792583465576171875e+01 -1.369389057159423828e+00 2.345037945308783844e-01 -2.024364573242924958e-01 -9.508035817647142451e-01
-6.300876235961914062e+01 2.396646308898925781e+01 6.868535995483398438e+00 5.661981066404513374e-01 -2.403311122247672182e-01 7.884546027093597420e-01
-1.900787544250488281e+01 9.795657157897949219e+00 -9.583643913269042969e+00 -1.477712515646630587e-01 7.144047245963926207e-02 -9.864379940501868393e-01
-2.884738349914550781e+01 -5.507369041442871094e+00 -2.726926088333129883e+00 -1.723654745819025794e-02 -2.510926398671284657e-02 9.995361055478521051e-01
1.213616180419921875e+01 -3.067161560058593750e+01 -2.323468923568725586e+00 -4.692137180010307052e-02 2.441802545118661183e-02 9.986000925803389938e-01
-4.345325469970703125e+01 1.639434051513671875e+01 6.074870228767395020e-01 2.049033097542126147e-01 -1.564639319277714991e-01 9.661954624492244958e-01
-2.188029861450195312e+01 3.855594253540039062e+01 -3.830999851226806641e+00 -1.329586901131686316e-01 2.786968837677206712e-01 -9.511309235334282075e-01
-3.970222091674804688e+01 4.928069686889648438e+01 6.662736892700195312e+00 1.760558118538216033e-01 -3.568389392358742862e-01 9.174259221089776650e-01
4.861220836639404297e+00 -3.485769653320312500e+01 -8.671052932739257812e+00 4.575239428622159682e-02 -1.985718089243366791e-01 -9.790178522976967779e-01
1.924083518981933594e+01 6.632530212402343750e+01 1.265764236450195312e+01 -1.315188980573559208e-01 -5.777711109020005065e-01 8.055329433740415768e-01
2.088832855224609375e+01 2.751192092895507812e+00 -2.597097873687744141e+00 1.090167046675375763e-02 -3.704515095406510361e-02 9.992541270226632522e-01
-4.964190673828125000e+01 -2.305077743530273438e+01 -2.547830045223236084e-01 1.871379666675437314e-01 5.831689131670745457e-02 9.806011021912491854e-01
5.063554763793945312e+00 4.823875045776367188e+01 2.842720031738281250e+00 -5.848282519425584275e-02 -2.947329906793740295e-01 9.537883535473107299e-01
-1.516012001037597656e+01 3.629987001419067383e+00 -1.009693813323974609e+01 4.789100998942542181e-02 8.955228507102163185e-03 -9.988124223519541101e-01
-4.789296340942382812e+01 -7.613069057464599609e+00 -7.617710232734680176e-01 2.384368183902872973e-01 -1.395880002557715015e-02 9.710576890884305978e-01
-7.635425567626953125e+01 9.188890457153320312e+00 9.860830307006835938e+00 -9.619326736467490591e-01 1.928897638172473172e-01 1.935951197353469044e-01
-4.547120666503906250e+01 -3.961091613769531250e+01 -3.236242055892944336e+00 -1.327820257905782120e-01 -1.086826897318883406e-01 -9.851685168434851647e-01
-7.211521911621093750e+01 1.503592967987060547e+01 1.285451793670654297e+01 9.391445283811350464e-01 -3.405712109263908660e-01 4.493111505301534275e-02
-3.768601226806640625e+01 7.019146919250488281e+00 -7.458096027374267578e+00 -1.767956572851732133e-01 8.900991392884223530e-02 -9.802145330423761571e-01
-3.649919033050537109e+00 4.045061874389648438e+01 1.055111050605773926e+00 4.132523412369099036e-02 -2.265465782455330923e-01 9.731232567922023513e-01
-1.592667675018310547e+01 -5.374674987792968750e+01 1.313410043716430664e+00 3.620379880191507138e-01 5.225685137843864014e-01 7.719136244633999500e-01
2.097685241699218750e+01 7.419499754905700684e-02 -9.971587181091308594e+00 1.004382374848241249e-01 2.529349460284416231e-03 -9.949400800260536082e-01
-3.420603561401367188e+01 7.646037101745605469e+00 -1.512218952178955078e+00 2.303798771053904848e-01 -1.476135072600855136e-01 9.618395732653558516e-01
5.405869674682617188e+01 -8.639945983886718750e+00 1.551934003829956055e+00 -3.228518781562892959e-01 2.050831370986709243e-02 9.462272844511164793e-01
-4.231109917163848877e-01 4.373267364501953125e+01 -3.871741056442260742e+00 -3.621548744479130555e-02 3.277264855242001951e-01 -9.440782749089676740e-01
4.233983230590820312e+01 2.638835716247558594e+01 -2.976305961608886719e+00 3.350903089976425275e-01 2.292540623183611515e-01 -9.138692793427261041e-01
-4.628380966186523438e+01 -2.843065261840820312e+01 -4.770429134368896484e+00 -2.539840955782082244e-01 -2.130743638755860370e-01 -9.434465510310235947e-01
2.042210388183593750e+01 4.375117874145507812e+01 -2.252911090850830078e+00 1.598220104512739492e-01 4.146511697701681931e-01 -8.958355498547397877e-01
4.636371612548828125e+01 -3.896627044677734375e+01 -2.111346006393432617e+00 2.346949880273018485e-01 -1.730816778970110936e-01 -9.565359352221013411e-01
-5.063151550292968750e+01 5.076446533203125000e+01 7.948155879974365234e+00 -4.033351087705110416e-01 4.603938887805159030e-01 -7.907959643338059452e-01
-7.981590032577514648e-01 -1.239630889892578125e+01 -2.633625984191894531e+00 -3.311600620264310707e-02 1.533645767878983636e-02 9.993338397147638608e-01
4.798763275146484375e+01 1.869678115844726562e+01 1.668719053268432617e+00 -2.575977548441406584e-01 -1.079589787456230604e-01 9.602021951690488111e-01
-3.824362945556640625e+01 6.414311218261718750e+01 1.432364463806152344e+01 -4.588139611906897897e-01 8.399132382177405542e-01 2.898887739859844492e-01
4.775760650634765625e+01 2.991080284118652344e+01 -1.596560031175613403e-01 3.279106386008516227e-01 2.802355664210479103e-01 -9.021876968818939302e-01
-6.173985671997070312e+01 -6.168699860572814941e-01 -8.781700134277343750e-01 -3.454478077981258943e-01 6.602379922530106360e-02 -9.361125306411223201e-01
-1.388074016571044922e+01 6.946486663818359375e+01 1.660205268859863281e+01 1.899519031630851340e-01 -9.813092081418833823e-01 -3.083038275259559688e-02
5.823781204223632812e+01 1.525999546051025391e+01 4.170375823974609375e+00 -2.508022265097555881e-01 -1.046977823294664434e-01 9.623599210030728823e-01
-6.644760894775390625e+01 -4.130408859252929688e+01 5.413256168365478516e+00 -7.516444292167877572e-01 -3.952177736501253924e-01 -5.280469329694166269e-01
-6.081184768676757812e+01 -4.955435180664062500e+01 6.810395240783691406e+00 -7.538689526642249339e-01 -6.432926170334601901e-01 1.336271345168573710e-01
-6.037739944458007812e+01 -1.453304290771484375e+01 -1.786404013633728027e+00 -3.312494792484220185e-01 -2.178676885758082729e-02 -9.432916405865131582e-01
-3.918305206298828125e+01 -2.728670883178710938e+01 -1.525579929351806641e+00 1.160181694057879215e-01 3.558768540896681959e-02 9.926093395767352501e-01
2.823964500427246094e+01 -5.548511505126953125e+01 1.104140996932983398e+00 -8.983300408241903789e-02 1.266074088866791791e-01 9.878768118508144402e-01
-1.171762943267822266e+00 1.896099090576171875e+01 -1.997571945190429688e+00 1.261378205500534406e-03 -8.915812936097035346e-02 9.960166850479339473e-01
2.819528007507324219e+01 -4.141261100769042969e+00 -9.653255462646484375e+00 2.999108184449712500e-01 1.144293002828250527e-02 -9.538986111385397981e-01
3.936502075195312500e+01 -3.817327880859375000e+01 -3.373200073838233948e-02 -2.222758244125936644e-01 1.688997292181734222e-01 9.602428543611920553e-01
-4.012246131896972656e+00 -4.441178131103515625e+01 -6.959441184997558594e+00 -2.577338434688839983e-02 -1.742113535635472221e-01 -9.843709346322981890e-01
-5.129224395751953125e+01 5.089183425903320312e+01 1.388787651062011719e+01 7.078262007026520086e-01 -6.965565629153542826e-01 1.174351917373882698e-01
4.329203796386718750e+01 5.884733581542968750e+01 1.407857036590576172e+01 5.863639304186778478e-01 7.923557688235736141e-01 1.683736223877226601e-01
-5.278129196166992188e+01 4.529331207275390625e+01 1.038888454437255859e+01 4.753938960775961897e-01 -4.434365040933791469e-01 7.598451884493355735e-01
3.064312171936035156e+01 6.157474899291992188e+01 7.710276126861572266e+00 2.668173167772655563e-01 5.393684757552786868e-01 -7.986802657066266464e-01
-6.914182186126708984e+00 -4.472231292724609375e+01 -1.811640024185180664e+00 2.796326867334869223e-02 2.443157842271982683e-02 9.993103389742731268e-01
4.441693496704101562e+01 -5.428128814697265625e+01 9.635789990425109863e-01 3.153463006544011682e-01 -3.132697542826787807e-01 -8.957783050036733918e-01
-3.123999214172363281e+01 -1.052116107940673828e+01 -2.633473873138427734e+00 1.020525534733873474e-01 3.459809332371257401e-02 9.941771714679055183e-01
2.055750465393066406e+01 -3.812339782714843750e+01 -7.115479946136474609e+00 3.423977690390771905e-02 -1.564844109261698535e-01 -9.870867574912857156e-01
-1.176545238494873047e+01 -2.664716720581054688e+01 -9.658930778503417969e+00 -5.919055981595438415e-02 -1.067484440052853811e-01 -9.925226684217970385e-01
-3.760521697998046875e+01 -3.532078170776367188e+01 -5.542159080505371094e+00 -2.320683205520598091e-01 -2.575842466103851480e-01 -9.379736939244653904e-01
3.799218750000000000e+01 5.511405944824218750e+01 6.313381195068359375e+00 2.588595031002475233e-01 4.358650330194098199e-01 -8.619822681735869185e-01
-1.200393199920654297e+01 9.932219982147216797e-01 -1.511592578887939453e+01 -9.479054315109936013e-01 8.244594384235770512e-02 -3.076978375872990723e-01
-1.242455196380615234e+01 -1.038822364807128906e+01 -2.723528861999511719e+00 -3.100888198222413392e-02 2.504665912604006964e-02 9.992052412316682064e-01
-1.347745227813720703e+01 3.429276275634765625e+01 -5.996652126312255859e+00 -6.321170911019016736e-02 2.174042620963818062e-01 -9.740326825387822796e-01
-5.458532714843750000e+01 -5.446600723266601562e+01 1.111825275421142578e+01 5.583645137912072176e-01 4.794120822523310621e-01 6.770473581140339370e-01
1.685348320007324219e+01 -2.743703651428222656e+01 -2.248554944992065430e+00 -6.518849789268141293e-02 2.240591070648538519e-02 9.976213885577578377e-01
-3.558639526367187500e+01 -6.125208854675292969e+00 -8.499589920043945312e+00 -1.675313817503607250e-01 -2.608048428975284945e-03 -9.858632938760866216e-01
-2.109795093536376953e+00 5.390731430053710938e+01 4.593823909759521484e+00 5.733015426857232012e-03 -3.343368994341934797e-01 9.424361889331529518e-01
3.456864166259765625e+01 -5.351644134521484375e+01 1.662049055099487305e+00 -1.750867943436630325e-01 2.284212650955574353e-01 9.576890623258703661e-01
-6.275168228149414062e+01 3.244844436645507812e+01 1.021573066711425781e+01 5.369066569484506335e-01 -3.589689675382287115e-01 7.634608844393908633e-01
5.635976409912109375e+01 -3.001563644409179688e+01 -4.156570136547088623e-01 3.983393936643301325e-01 -3.499926773239622202e-01 -8.478389312096599184e-01
2.711363792419433594e+01 5.509101867675781250e+01 7.143547058105468750e+00 -1.357943992997915073e-01 -3.109185481416629204e-01 9.406856741442856107e-01
-6.146780252456665039e-01 7.361727905273437500e+01 1.232895851135253906e+01 -1.490479743179641547e-02 8.167825814575381260e-01 -5.767530334910057066e-01
-1.117870903015136719e+01 2.531683921813964844e+01 -8.216093063354492188e+00 -4.549180991234650501e-02 1.795106893449740504e-01 -9.827036214656946767e-01
1.830267143249511719e+01 -1.527975082397460938e+01 -2.710541963577270508e+00 -8.486465206551063040e-03 2.933408467283109278e-02 9.995336369451029990e-01
2.856874847412109375e+01 -4.571091175079345703e+00 -2.620687007904052734e+00 -2.618688980773303462e-02 5.181059204922538585e-04 9.996569303358291414e-01
-1.932201957702636719e+01 -4.042576217651367188e+01 -6.999816894531250000e+00 -6.725907169144139386e-02 -1.760518868536210257e-01 -9.820804195230069533e-01
1.289299011230468750e+01 -2.402419090270996094e+01 -9.733941078186035156e+00 -5.562439617101148925e-02 -7.978378310778269644e-02 -9.952589987051715381e-01
-4.506194114685058594e+00 -6.496441841125488281e+00 -1.758303451538085938e+01 -9.329205994084666109e-02 -2.867048231722767460e-01 -9.534657497371088475e-01
5.690399169921875000e+00 -9.129176139831542969e+00 -1.543773365020751953e+01 6.085418594241247536e-01 -7.145768054494199273e-01 -3.450460758251432947e-01
-4.720564270019531250e+01 1.187009239196777344e+01 -4.363735198974609375e+00 -2.759730237785034124e-01 1.551342924248435007e-01 -9.485632511648302012e-01
3.927589035034179688e+01 -7.281044006347656250e+00 -1.712400913238525391e+00 -1.328934187251089583e-01 1.582804114649079275e-02 9.910039416536232659e-01
4.963381195068359375e+01 -5.253502273559570312e+01 2.144159078598022461e+00 3.519641356591486359e-01 -2.940862452945636196e-01 -8.886138236254567113e-01
2.674272060394287109e+00 9.257192611694335938e+00 -2.624709129333496094e+00 -5.028342165030735833e-02 -5.732848508122571907e-02 9.970882720729538073e-01
-5.389601898193359375e+01 -5.812733173370361328e+00 5.345180034637451172e-01 2.442370199951190146e-01 -3.566252446326127062e-02 9.690595762969432814e-01
6.629070281982421875e+01 -4.450955867767333984e+00 6.063170909881591797e+00 -5.513290377069871573e-01 -3.464090598371099422e-02 8.335684133973138010e-01
-7.507453155517578125e+01 -2.017521476745605469e+01 8.192669868469238281e+00 -9.566149820767197998e-01 -2.447982822423793448e-01 1.579923323377991906e-01
3.501221466064453125e+01 -1.850625419616699219e+01 -7.539767265319824219e+00 1.528436959110801019e-01 -1.150928261780572448e-01 -9.815255707227340531e-01
-1.095565509796142578e+01 6.782937622070312500e+01 7.762391090393066406e+00 -7.970287990610942785e-02 5.763086833902254513e-01 -8.133361865696725479e-01
6.118423080444335938e+01 -7.231950759887695312e+00 3.618990898132324219e+00 -2.651063856189619927e-01 -5.659886187726527289e-03 9.642025565162084533e-01
-1.255049800872802734e+01 5.501799774169921875e+01 5.367651939392089844e+00 5.411034422028366403e-02 -3.268467467752727007e-01 9.435270397666317699e-01
-2.255414009094238281e+01 -5.291911125183105469e+00 -2.774863004684448242e+00 1.568236811246558754e-02 -4.001366321173908946e-02 9.990760582091648967e-01
-5.050713729858398438e+01 -4.606000518798828125e+01 2.805258989334106445e+00 3.427307611022942235e-01 2.938128162848165359e-01 8.923058076584657883e-01
-5.669215011596679688e+01 -2.448093032836914062e+01 1.026599049568176270e+00 1.953553156806333013e-01 2.302979306078680594e-02 9.804620998625585004e-01
-4.372975540161132812e+01 -3.093753814697265625e+01 -7.119299769401550293e-01 6.788926505205884754e-02 1.753304533519439712e-01 9.821661162034114323e-01
1.235018348693847656e+01 -5.411827087402343750e+01 -4.053315162658691406e+00 -2.584938598806133525e-01 -9.363789043935102363e-01 2.374351949708197185e-01
-3.715780639648437500e+01 3.428387451171875000e+01 2.459504127502441406e+00 1.332111603191825366e-01 -2.135123708103998930e-01 9.678157129729499930e-01
4.831017684936523438e+01 -3.375572204589843750e+01 -2.358489990234375000e+00 2.913752204042557303e-01 -5.304626895919457158e-02 -9.551369400687422795e-01
-6.613803100585937500e+01 -3.025727081298828125e+01 1.805410027503967285e+00 -5.411675789592345076e-01 -2.015122349216520170e-01 -8.164131739874617155e-01
-2.814635276794433594e+01 -1.213907814025878906e+01 -9.508414268493652344e+00 -1.605293613628202276e-01 -1.839580763843934558e-04 -9.870310482957822540e-01
5.748643112182617188e+01 2.152004051208496094e+01 1.340353012084960938e+00 3.621777582134648732e-01 1.553679121628697146e-01 -9.190691395785300921e-01
2.559957504272460938e+01 6.564390563964843750e+01 1.543770217895507812e+01 -3.300394561727512666e-01 -9.437893889250699164e-01 -1.831793442607384734e-02
-2.894255638122558594e+01 -3.067889785766601562e+01 -1.471814036369323730e+00 -5.195132054462215515e-02 -6.606370127478468357e-02 9.964620653429542285e-01
-2.954143905639648438e+01 5.917605972290039062e+01 5.468770027160644531e+00 -1.701851067545268326e-01 4.386576042620947691e-01 -8.823925065762909803e-01
-2.190077209472656250e+01 5.334552001953125000e+01 1.887444972991943359e+00 -1.642330753718304615e-01 3.474856036222892519e-01 -9.231907994716823662e-01
-2.506007003784179688e+01 6.512795257568359375e+01 1.275448322296142578e+01 1.868441861529315240e-01 -5.979763663421506781e-01 7.794315334890465907e-01
4.356474304199218750e+01 -6.081947326660156250e+01 8.780408859252929688e+00 -5.899724991295192122e-01 7.379827302416874790e-01 3.275880647030570136e-01
-6.617691040039062500e+00 9.350171089172363281e+00 -1.523458957672119141e+01 -4.341021316265684660e-01 6.958669732840631061e-01 -5.721227969673522429e-01
2.314170265197753906e+01 1.224842071533203125e+01 -2.040010929107666016e+00 -3.653221174056359849e-02 -1.210845497351737410e-01 9.919697219778297326e-01
6.830730915069580078e+00 -3.023468780517578125e+01 -2.505072116851806641e+00 -5.888430822459109898e-02 2.489903236601599679e-02 9.979542456606653733e-01
5.265950012207031250e+01 2.328692817687988281e+01 -4.041099920868873596e-02 3.063222632850626792e-01 2.129598490613977546e-01 -9.278010420902013111e-01
5.361904525756835938e+01 -3.614712953567504883e+00 -2.683843135833740234e+00 3.158665083886871283e-01 6.030975796066883471e-02 -9.468849359732495197e-01
3.846472930908203125e+01 3.893651962280273438e+01 -1.247209981083869934e-01 1.480085895040422206e-01 2.836401715873154705e-01 -9.474395550613993189e-01
6.691505908966064453e+00 4.577075958251953125e+00 -1.105653285980224609e+01 6.424824252929329793e-01 7.487569279596270055e-01 1.630318865197007694e-01
-1.417688274383544922e+01 -2.941437530517578125e+01 -2.624983072280883789e+00 6.128102393580602686e-02 -6.655949408352332397e-02 9.958988251086174914e-01
6.052517318725585938e+01 -4.319523239135742188e+01 1.125866603851318359e+01 -7.288388936694026876e-01 4.622992297995173749e-01 5.050478088275742738e-01
2.886700439453125000e+01 1.713551139831542969e+01 -7.681516170501708984e+00 1.004186935602495584e-01 1.566794669432113041e-01 -9.825312364612351912e-01
1.502476119995117188e+01 6.826854705810546875e+01 8.791047096252441406e+00 1.127878921881917407e-01 5.765992284552418079e-01 -8.092046843169932169e-01
3.027302551269531250e+01 -1.486119651794433594e+01 -8.833859443664550781e+00 1.629978836942884979e-01 -5.366504042642173539e-02 -9.851658506805915927e-01
-5.821630954742431641e+00 -2.098982429504394531e+01 -1.003425598144531250e+01 -1.529016800984785152e-02 -9.959751003011818593e-02 -9.949103209626640743e-01
3.014937400817871094e+01 -1.502338981628417969e+01 -2.446743011474609375e+00 -7.336586716361759297e-02 6.057144731704254548e-02 9.954639869454088297e-01
-4.349860191345214844e+00 -6.004661083221435547e+00 -2.497364997863769531e+00 -3.515333972601721035e-02 -6.282428187386740470e-02 9.974053099483379814e-01
7.623108863830566406e+00 -5.471827983856201172e+00 -1.027656936645507812e+01 4.998506747456955557e-01 -2.918792254351566112e-02 -8.656196440318729701e-01
-2.367642879486083984e+00 1.237813568115234375e+01 -2.623478889465332031e+00 6.493014418294047047e-03 -6.014118848626288927e-02 9.981687623900196149e-01
-2.353462028503417969e+01 6.717228698730468750e+01 1.754221153259277344e+01 2.918667344148850318e-01 -9.448470223028009318e-01 1.485863849332144659e-01
-2.356180381774902344e+01 3.142072677612304688e+01 -5.661024093627929688e+00 -1.312198451195384086e-01 1.534813742424652461e-01 -9.794002348414302395e-01
-6.056001281738281250e+01 8.629463195800781250e+00 3.153404951095581055e+00 2.102895089365910408e-01 -1.052536589056245891e-01 9.719567838737408483e-01
4.315735626220703125e+01 1.286062240600585938e+01 -4.689300060272216797e-01 -9.941260587349474986e-02 -6.008115575893648724e-02 9.932307831093998285e-01
-4.559262084960937500e+01 4.679697036743164062e+01 4.077661991119384766e+00 -2.463449766236814886e-01 3.342402293125285584e-01 -9.097239260354683665e-01
5.920219039916992188e+01 7.831713199615478516e+00 3.747586011886596680e+00 -3.118087642426972117e-01 -6.993725389121445424e-02 9.475674514564109696e-01
8.558618545532226562e+00 1.405935764312744141e+01 -9.609323501586914062e+00 5.845192261465946559e-02 9.886106249849388461e-02 -9.933830394486904414e-01
5.017289352416992188e+01 -2.514147377014160156e+01 1.051231026649475098e+00 -2.599264740907410443e-01 9.029644445448473111e-02 9.613973061048347590e-01
-4.720020675659179688e+01 3.667967605590820312e+01 1.179908037185668945e+00 -2.897858193472989674e-01 2.006280159321728040e-01 -9.358272159583382876e-01
-1.031607985496520996e+00 1.344910907745361328e+01 -9.835031509399414062e+00 -1.909702389395156324e-02 5.991579768991481952e-02 -9.980207417010806825e-01
3.173563003540039062e+01 -4.756580734252929688e+01 2.008589953184127808e-01 -1.229733161849121403e-01 1.283787481119653684e-01 9.840713696372281882e-01
4.714144897460937500e+01 5.268689727783203125e+01 8.356811523437500000e+00 3.394403274018496508e-01 4.898597055898948338e-01 -8.030054376980935160e-01
3.395787048339843750e+01 3.030091285705566406e+01 7.822769880294799805e-01 -1.064190273875047082e-01 -1.806305963955592564e-01 9.777768550419272398e-01
3.181072998046875000e+01 -3.604400253295898438e+01 -5.879791259765625000e+00 -2.261774096663513867e-01 1.674844709052410452e-01 -9.595794554710989077e-01
-4.662113571166992188e+01 -1.667860221862792969e+01 -9.053869843482971191e-01 1.734731702891832705e-01 3.527017296867366453e-02 9.842068248536888220e-01
-2.697529983520507812e+01 -2.042222213745117188e+01 -2.491098880767822266e+00 1.242170758094722910e-01 8.373395812466902233e-02 9.887157034932336774e-01
3.884009170532226562e+01 2.359873580932617188e+01 2.637679874897003174e-01 -9.829489130311226674e-02 -1.323186971204112772e-01 9.863213861293215201e-01
-8.881113052368164062e+00 2.983170986175537109e+00 -1.136979961395263672e+01 -8.925917008278482223e-01 4.378863939244926895e-01 1.074037319139946184e-01
-5.090968322753906250e+01 -1.195153141021728516e+01 -2.981759905815124512e-01 1.939460612162879349e-01 -1.120180364002152859e-02 9.809482376424853989e-01
4.903936767578125000e+01 5.086940383911132812e+01 1.596768760681152344e+01 -6.326801051532789932e-01 -7.193143468614131564e-01 2.868845672785039214e-01
4.743528366088867188e+01 -4.604483413696289062e+01 -4.280569851398468018e-01 2.611587989122014508e-01 -2.244160878104676238e-01 -9.388468998098575824e-01
3.743608951568603516e+00 -2.978886795043945312e+01 -9.394785881042480469e+00 -2.878511220514774760e-02 -1.103455818819706058e-01 -9.934763559715280579e-01
2.705995178222656250e+01 1.913639068603515625e+01 -8.430240154266357422e-01 4.628786052234029787e-03 -7.456003811200709319e-02 9.972057837058602159e-01
4.066680908203125000e+01 2.963657855987548828e+00 -1.326668977737426758e+00 -1.652594659960659462e-01 -1.150557739853144516e-02 9.861830106970113086e-01
-2.900015258789062500e+01 1.777917480468750000e+01 -6.248990297317504883e-01 1.933632453919947869e-01 -1.875604880560877985e-01 9.630325636506987808e-01
3.144775390625000000e+01 -3.142697525024414062e+01 -1.747447967529296875e+00 5.069192702884180862e-02 -4.594401082976158623e-02 9.976569933614344299e-01
5.265008926391601562e+01 8.195470809936523438e+00 -2.426285982131958008e+00 3.552309871184786139e-01 5.702611580217882559e-02 -9.330374954455730174e-01
-3.043400573730468750e+01 -7.435677051544189453e+00 -9.321069717407226562e+00 -2.885993417063654198e-01 9.622130787767876892e-02 -9.526026873135312600e-01
-6.503663635253906250e+01 1.344815969467163086e+00 3.835072040557861328e+00 3.423993638719487476e-01 -7.444825877519364865e-02 9.366003055655206522e-01
-6.080101776123046875e+01 -7.820689201354980469e+00 2.089468955993652344e+00 1.980549427237432158e-01 -5.075458276516311984e-02 9.788759941846715273e-01
7.801074981689453125e+00 1.486511135101318359e+01 -2.008583068847656250e+00 -6.905399782111716622e-02 -9.725883596161248590e-02 9.928606469249917632e-01
-4.978930282592773438e+01 8.748649954795837402e-01 -4.866027832031250000e+00 -3.041609602892690334e-01 1.035212063947408834e-01 -9.469791286308728573e-01
-5.020055770874023438e+01 7.947679996490478516e+00 8.219069838523864746e-01 1.426259426388632734e-01 -7.793212800273247032e-02 9.867038177241139740e-01
4.731368064880371094e+00 -2.379053306579589844e+01 -2.670322895050048828e+00 2.348038067389639216e-03 4.311151883257747369e-03 9.999879502707387235e-01
-3.857310056686401367e+00 6.389669799804687500e+01 5.118054866790771484e+00 -2.627405848388457421e-02 4.276331056538971165e-01 -9.035704736209502208e-01
3.402840805053710938e+01 3.411601257324218750e+01 -3.121107101440429688e+00 2.533172038945578075e-01 3.294380326418607230e-01 -9.095608703435430487e-01
3.765416336059570312e+01 6.303317642211914062e+01 1.199526691436767578e+01 4.661679650707511446e-01 7.859503390081505891e-01 -4.061643669190689310e-01
4.302950286865234375e+01 -2.866631698608398438e+01 -3.728469908237457275e-01 -1.780326698986381684e-01 6.253976759800571050e-02 9.820352060479043965e-01
-7.081101989746093750e+01 6.379599094390869141e+00 3.826947927474975586e+00 -5.398314290691961226e-01 1.197337226165995638e-01 -8.332141764621391333e-01
1.866955566406250000e+01 -5.098571395874023438e+01 -4.607714176177978516e+00 1.006811987445290352e-01 -2.363285681388233306e-01 -9.664430164788910815e-01
3.542209863662719727e-01 8.486131668090820312e+00 -1.052140712738037109e+01 1.113784012645919891e-01 8.244463544333944238e-01 -5.548721117457869889e-01
-6.636835479736328125e+01 3.015438079833984375e+01 1.343447303771972656e+01 8.948058950105767240e-01 -4.462819944501857372e-01 -1.244153060862045017e-02
2.390544509887695312e+01 -4.192795562744140625e+01 -6.033617019653320312e+00 1.816431236937145477e-01 -2.988579704749498300e-01 -9.368509428390324745e-01
-4.741817474365234375e+01 5.789088439941406250e+01 1.468395900726318359e+01 -6.226407246320028177e-01 7.634369897118015169e-01 1.717046614670579840e-01
-2.827248764038085938e+01 3.716920852661132812e+01 2.103535890579223633e+00 9.035892847495199942e-02 -1.861152737548329161e-01 9.783641290031140914e-01
4.874075698852539062e+01 -2.086191749572753906e+01 -3.849993944168090820e+00 3.816349083284650279e-01 -7.724924549445123800e-02 -9.210794486990045993e-01
-2.546075057983398438e+01 -2.415972948074340820e+00 -9.904320716857910156e+00 3.241072764186920391e-02 2.968422606008952469e-02 -9.990337288885385858e-01
-3.945758438110351562e+01 -8.804598808288574219e+00 -1.529801011085510254e+00 3.503857431418724508e-03 2.014488554963500978e-03 9.999918323761260996e-01
2.538396072387695312e+01 -2.271232986450195312e+01 -8.786622047424316406e+00 8.555176038491481283e-02 -1.219887831080415513e-01 -9.888375160211415604e-01
-2.920043563842773438e+01 2.780725860595703125e+01 5.778200030326843262e-01 2.388068957266128653e-02 -6.597114087961027107e-02 9.975357242909030919e-01
-3.607566833496093750e+01 1.825397491455078125e+01 -6.169141769409179688e+00 -1.470323577956394456e-01 1.922256489618825726e-01 -9.702735622710937369e-01
4.902967453002929688e+01 5.769217014312744141e+00 4.455020129680633545e-01 -3.420762800166462503e-01 -5.393778470297633937e-02 9.381228778956989256e-01
-1.825360298156738281e+01 7.167069244384765625e+01 1.498252105712890625e+01 -1.942332009535746584e-01 9.461772410488731300e-01 2.588862533400929644e-01
2.110136032104492188e+01 4.991173171997070312e+01 4.618266105651855469e+00 -1.165535062462913080e-01 -3.405591578771283157e-01 9.329709213945077684e-01
-5.817190170288085938e+01 2.264623069763183594e+01 1.211519002914428711e+00 -4.637932910219449284e-02 2.482521508088108841e-01 -9.675845324574126050e-01
5.484425354003906250e+01 -1.711793708801269531e+01 -1.910189986228942871e+00 4.162614974194985829e-01 -9.157110735393976519e-02 -9.046220747163149500e-01
-4.606092834472656250e+01 2.206989669799804688e+01 -2.942774057388305664e+00 -3.025511253425420266e-01 2.252552874963319740e-01 -9.261332906277078836e-01
1.075362491607666016e+01 -1.157919988036155701e-01 -1.486773490905761719e+01 9.255186362807723555e-01 1.373813069713069324e-01 -3.529045627245909200e-01
-5.211096191406250000e+01 1.565225887298583984e+01 2.108072996139526367e+00 2.173152256528249615e-01 -1.103601968952336310e-01 9.698426262238152296e-01
-4.677929687500000000e+01 6.252405166625976562e+00 -5.230973243713378906e+00 -3.059816629741208271e-01 9.961646588740998010e-02 -9.468113759602247992e-01
-3.705015563964843750e+01 3.903833007812500000e+01 -6.763650178909301758e-01 -1.435908377967710092e-01 3.688209631959950552e-01 -9.183424025972010130e-01
-4.078827667236328125e+01 -4.119295883178710938e+01 2.286050021648406982e-01 5.959171916342984737e-02 1.496804233293629327e-01 9.869369776632596070e-01
4.008355331420898438e+01 -5.186897659301757812e+01 2.592181921005249023e+00 -2.642111843629630363e-01 2.637616166950957353e-01 9.276972887833130343e-01
-3.956875228881835938e+01 5.982111358642578125e+01 1.686322402954101562e+01 5.280137252576533324e-01 -8.452572370967568194e-01 8.210791116020677016e-02
-3.634129047393798828e+00 2.101773023605346680e+00 -1.827133560180664062e+01 -3.407636052321457165e-01 3.722165537445394357e-01 -8.633278649897320189e-01
6.282737350463867188e+01 3.887610626220703125e+01 1.639772796630859375e+01 5.719603038213606494e-01 3.307213673245927854e-01 7.506562382659113242e-01
-7.406454467773437500e+01 6.691174983978271484e+00 1.372357749938964844e+01 9.622735201689379680e-01 -5.726881697798057863e-02 2.659886369445562670e-01
-4.757723999023437500e+01 -5.963771057128906250e+01 9.153831481933593750e+00 5.789712246411460317e-01 7.594494652917167521e-01 2.966965296488263681e-01
-1.506676197052001953e+01 -3.292902755737304688e+01 -8.742887496948242188e+00 -1.097227374371088221e-01 -2.426552578347193623e-01 -9.638876214240296170e-01
3.625719451904296875e+01 2.652716636657714844e+01 -4.846695899963378906e+00 1.884523321950929975e-01 1.900640946250656549e-01 -9.635151054470212362e-01
1.618215179443359375e+01 3.761635208129882812e+01 1.011039018630981445e+00 -2.572502433423565563e-02 -1.785573555386811562e-01 9.835931546661128566e-01
3.766025924682617188e+01 -4.299061584472656250e+01 4.132950007915496826e-01 -1.379953541328413913e-01 1.379066633123645913e-01 9.807849073327962186e-01
5.371412277221679688e+01 4.149707794189453125e+01 1.010459613800048828e+01 -4.465658557911141857e-01 -4.117426316461619273e-01 7.943846308474520335e-01
3.432678985595703125e+01 1.085400676727294922e+01 -1.540391921997070312e+00 -7.039109199671453321e-02 -5.747499720594810568e-02 9.958622991476715480e-01
-7.693509674072265625e+01 3.835630893707275391e+00 9.832270622253417969e+00 -9.789627201181091420e-01 2.098996924800716063e-02 2.029566796385878780e-01
2.147910308837890625e+01 2.817634773254394531e+01 -2.283779978752136230e-01 -3.942994626543071951e-02 -1.104809874231411082e-01 9.930957812595483380e-01
2.014474105834960938e+01 1.060840034484863281e+01 -9.347266197204589844e+00 7.819120985155104953e-02 8.529442418193118602e-02 -9.932829384950814244e-01
6.926735687255859375e+01 1.020725631713867188e+01 4.753221988677978516e+00 4.968321938599010168e-01 9.485902578439077415e-02 -8.626468201828568771e-01
-3.702280426025390625e+01 -3.690377426147460938e+01 -7.578089833259582520e-01 2.166397406825182684e-02 1.108377545705096640e-01 9.936023673428608927e-01
-3.109854888916015625e+01 -4.004261398315429688e+01 -5.569445133209228516e+00 -2.007504230260714895e-01 -3.334264485260566291e-01 -9.211547487138924684e-01
1.581016159057617188e+01 3.220039367675781250e+01 1.038480028510093689e-01 -3.910366052363384304e-02 -1.222503999125316571e-01 9.917286642297269417e-01
5.765873718261718750e+01 -5.074887084960937500e+01 7.666731834411621094e+00 7.190577189481117681e-01 -6.612325033758973403e-01 -2.138400647689346623e-01
-4.084140777587890625e+01 -5.896294021606445312e+01 4.923252105712890625e+00 3.469419645029971355e-01 3.382413327358086419e-01 8.747708694829205989e-01
2.378010749816894531e+01 6.445483398437500000e+01 7.748307228088378906e+00 1.788698710643417678e-01 5.332977736522861445e-01 -8.268004921641862737e-01
7.427100372314453125e+01 -1.096736431121826172e+01 8.801329612731933594e+00 9.895825335414907276e-01 -1.401900292992766250e-01 3.275919710054700507e-02
4.407831192016601562e+01 -2.409337043762207031e+01 -4.981359004974365234e+00 3.001578750587845512e-01 -1.087120439848420911e-01 -9.476744913380504842e-01
-6.676413726806640625e+01 -1.908929061889648438e+01 4.704555988311767578e+00 5.524157868795156467e-01 9.206224554815588268e-02 8.284692760452354587e-01
4.072510004043579102e-01 2.578364753723144531e+01 -8.430298805236816406e+00 9.485717145126262850e-03 1.510894082044521580e-01 -9.884745883929798582e-01
3.876277923583984375e+01 -1.278589248657226562e+01 -1.669208049774169922e+00 -1.173879306119832294e-01 3.412897251203343696e-02 9.924995148522286481e-01
3.082655143737792969e+01 4.257973194122314453e+00 -8.933500289916992188e+00 7.456266471888990666e-02 9.603737180645589844e-02 -9.925810960553939077e-01
6.611031341552734375e+01 -2.352803802490234375e+01 7.453981876373291016e+00 -5.310790345768856557e-01 1.182484955404776578e-01 8.390306027406250200e-01
2.198700904846191406e+01 -1.122031784057617188e+01 -2.797682046890258789e+00 1.704005485967951747e-02 -2.975712882629718420e-02 9.994119019775550283e-01
7.849600791931152344e+00 7.001840972900390625e+01 1.537559795379638672e+01 -1.491247666874769007e-01 -9.883977526453329165e-01 2.883897581504772309e-02
-2.709945487976074219e+01 -3.552804565429687500e+01 -7.036147117614746094e+00 -9.148897610034727179e-02 -1.053095820986719305e-01 -9.902220251894586767e-01
-5.171738433837890625e+01 -2.060713577270507812e+01 -4.147185802459716797e+00 -2.837164264085145216e-01 -6.654904226555521940e-02 -9.565961605398169976e-01
-4.616325855255126953e+00 5.282688140869140625e+01 1.876450031995773315e-01 -2.089239704644287390e-02 4.071950779840324275e-01 -9.131022265941703964e-01
4.686291885375976562e+01 5.193885803222656250e+00 -5.256011009216308594e+00 3.818960238990783962e-01 6.196868424952289151e-02 -9.221254302438780526e-01
-7.443016815185546875e+01 -1.038761973381042480e+00 1.188319969177246094e+01 9.925315513654043853e-01 -8.644521871301283356e-02 8.607173581288395103e-02
-5.258901596069335938e+01 3.512386083602905273e+00 8.622410297393798828e-01 2.110492927726739520e-01 -8.260566935130680966e-02 9.739786955632945276e-01
2.873262977600097656e+01 -6.055271911621093750e+01 8.027709722518920898e-01 -5.350177985642683431e-01 -8.447613775259129598e-01 -1.158318867868558290e-02
-2.216813087463378906e+01 -2.791304206848144531e+01 -8.830801010131835938e+00 -1.223865505843330648e-01 -8.506251651264779001e-02 -9.888305722016305088e-01
1.001726722717285156e+01 -4.377013778686523438e+01 -6.952217102050781250e+00 2.831209910843463309e-02 -1.920161020099250826e-01 -9.809833034323205414e-01
3.111418533325195312e+01 -4.019825744628906250e+01 -1.029273986816406250e+00 -1.349652140759468599e-01 1.678444220844835244e-01 9.765309216632924727e-01
2.864222908020019531e+01 -3.149123382568359375e+01 -7.140672206878662109e+00 1.196578590419529187e-01 -6.618550352300577033e-02 -9.906066201539854843e-01
2.149110031127929688e+01 -3.161240386962890625e+01 -8.003081321716308594e+00 8.200536971565500211e-02 -1.564941701424544807e-01 -9.842686086883108976e-01
2.148327636718750000e+01 3.362674713134765625e+01 -5.469713211059570312e+00 6.489087890314844398e-02 2.321916699746376656e-01 -9.705030665740144169e-01
-6.710699462890625000e+01 1.335757446289062500e+01 2.930746078491210938e+00 -3.887709436217570147e-01 1.067624326339752378e-01 -9.151278251553301990e-01
7.275769042968750000e+01 -1.918696975708007812e+01 9.013466835021972656e+00 9.652386293368745429e-01 -2.597613970570091246e-01 2.895522465570958895e-02
-4.519549179077148438e+01 3.201198577880859375e+01 -6.495519876480102539e-01 -2.516791744918301932e-01 2.699802215089477930e-01 -9.293913455165645487e-01
3.785087203979492188e+01 6.499597072601318359e+00 -7.464773178100585938e+00 2.547676192869599010e-01 3.323269122764904715e-02 -9.664310882813230696e-01
-5.929705429077148438e+01 4.053893280029296875e+01 7.194477081298828125e+00 -4.691674951922970016e-01 3.314026001522771825e-01 -8.185683710401323587e-01
6.819176483154296875e+01 -1.380720901489257812e+01 3.525751113891601562e+00 4.632209867346220866e-01 1.583626811452528912e-02 -8.861013091406694242e-01
-2.960942029953002930e+00 4.785747909545898438e+01 -2.373338937759399414e+00 1.243950057353759020e-01 3.945978535336854831e-01 -9.103946487840884894e-01
-5.944308853149414062e+01 -3.311444473266601562e+01 -4.420439898967742920e-01 -3.099807337181197386e-01 -2.095072623628937980e-01 -9.273719058397131842e-01
-4.158821487426757812e+01 2.427255058288574219e+01 -3.707483053207397461e+00 -2.801544370432925146e-01 2.309151980963944639e-01 -9.317680305167477250e-01
-6.868585109710693359e+00 4.090376853942871094e+00 -2.815742015838623047e+00 -5.921527582638958995e-03 -1.839732771742747354e-03 9.999807752624130242e-01
2.316823196411132812e+01 -4.574976348876953125e+01 -9.468569755554199219e-01 -1.094135509447125287e-01 1.297693046081417612e-01 9.854890169104819631e-01
1.197108650207519531e+01 3.672525405883789062e+01 -5.623898983001708984e+00 1.724076801472614051e-01 4.945655871568317985e-01 -8.518688113943706508e-01
-2.878614807128906250e+01 -5.452169799804687500e+01 -1.393671035766601562e+00 -1.358183902313483127e-01 -3.564565050139797409e-01 -9.243874322534809673e-01
-6.615098571777343750e+01 2.613951301574707031e+01 1.006996154785156250e+01 5.297877802111783385e-01 -3.021863367254663535e-01 7.924697633571613498e-01
4.268301010131835938e+00 -2.109254837036132812e+01 -1.002453231811523438e+01 9.416464808273847242e-02 6.724494094400594590e-02 -9.932830095037823437e-01
4.037988662719726562e+01 4.641411972045898438e+01 6.667559146881103516e+00 -2.173202974219928529e-01 -3.100868403677215501e-01 9.255366225920937939e-01
7.180304718017578125e+01 5.655014038085937500e+00 1.130146598815917969e+01 -9.446552826713965345e-01 -1.331614014659717460e-01 2.998240118480209881e-01
4.512947082519531250e+00 4.251036071777343750e+01 -4.203225135803222656e+00 2.704879899090514850e-02 3.270020361808502751e-01 -9.446364543075433939e-01
-8.346807479858398438e+00 3.409150314331054688e+01 3.891710042953491211e-01 5.328790910078274462e-02 -1.414258609403154232e-01 9.885135935337242552e-01
-9.400899708271026611e-02 -3.298548889160156250e+01 -2.422710895538330078e+00 -1.991958991675806326e-02 4.990324032840538770e-02 9.985553948290869508e-01
-4.724906158447265625e+01 -5.372746658325195312e+01 6.047379970550537109e-01 -2.996215820691977005e-01 -3.208728724710995794e-01 -8.984806660526960531e-01
1.668092727661132812e+01 -7.511885166168212891e+00 -1.027130222320556641e+01 6.503391155693653836e-02 9.987541440288325023e-02 -9.928723442343718730e-01
5.409315490722656250e+01 1.284755992889404297e+01 2.710066080093383789e+00 -2.571672316801632552e-01 -1.047320946992054275e-01 9.606748686677911708e-01
-2.546377182006835938e+01 1.863527297973632812e+01 -7.829106807708740234e+00 -1.569031417612413437e-01 2.009488871482366934e-01 -9.669544709340439637e-01
-5.509712219238281250e+00 -3.477613449096679688e+01 -8.770956993103027344e+00 -2.803494163335660053e-02 -1.577364046392855101e-01 -9.870832126518442884e-01
-1.117866802215576172e+01 -5.053594970703125000e+01 -4.794312953948974609e+00 -9.609159742436564067e-02 -3.826892372483839400e-01 -9.188663409869163301e-01
5.125479125976562500e+01 -4.965468215942382812e+01 6.029014110565185547e+00 -3.871519304727479849e-01 2.593452767116941060e-01 8.847900373413793984e-01
-3.025711441040039062e+01 5.182878112792968750e+01 5.875547885894775391e+00 1.412599739880418537e-01 -3.181477183265574160e-01 9.374580785680516337e-01
-4.789812850952148438e+01 -2.374816894531250000e+01 -4.924290180206298828e+00 -2.628113720500003803e-01 -1.058750353580931031e-01 -9.590206773626513970e-01
-4.172686386108398438e+01 4.235249996185302734e+00 -6.776160240173339844e+00 -2.202748115745508106e-01 7.223773167088982927e-02 -9.727593317510969673e-01
4.060713958740234375e+01 -2.233730506896972656e+01 -1.428408980369567871e+00 -1.010912602924251696e-01 1.939711375687796363e-02 9.946880461081211156e-01
-5.545932006835937500e+01 3.759725570678710938e+01 4.103215217590332031e+00 -3.093299483939039307e-01 3.026849227278800014e-01 -9.014969886693144918e-01
-1.000229740142822266e+01 1.332356834411621094e+01 -2.455693006515502930e+00 5.443465227774059445e-02 -7.339798961556040502e-02 9.958160491535550385e-01
-5.047928619384765625e+01 2.364564895629882812e+01 -1.057631969451904297e+00 -3.058177612505660337e-01 2.043914724261619575e-01 -9.298922641377104226e-01
2.683131027221679688e+01 4.885892486572265625e+01 5.100521087646484375e+00 -1.252362427669463929e-01 -1.709807065622799271e-01 9.772827029478634575e-01
3.198684310913085938e+01 3.531470489501953125e+01 1.691703081130981445e+00 -1.780950580150142404e-01 -2.806255539955037070e-01 9.431497488497493364e-01
1.690043449401855469e+01 1.605357742309570312e+01 -1.672098994255065918e+00 2.574730309989027230e-02 -3.875750840148974724e-02 9.989168793876649355e-01
-5.817496490478515625e+01 3.107526779174804688e+01 6.423728942871093750e+00 4.413520194254601514e-01 -3.182729178388191138e-01 8.389938883683436543e-01
6.259040069580078125e+01 -3.312642669677734375e+01 7.180578231811523438e+00 -4.722967869592074597e-01 1.837403181007429831e-01 8.620761222376170929e-01
5.129545211791992188e+01 -5.700582122802734375e+01 7.242337226867675781e+00 6.887210002981190016e-01 -7.074459666303801741e-01 -1.586933774508741124e-01
6.225954055786132812e+01 -2.665182876586914062e+01 1.726523995399475098e+00 4.452420992232651864e-01 -1.251527759094375469e-01 -8.866206944130179401e-01
-1.745588111877441406e+01 3.754993820190429688e+01 1.143597006797790527e+00 4.913853652832732288e-02 -1.996323779420762223e-01 9.786379912434659545e-01
5.172143936157226562e+01 4.915184783935546875e+01 8.417038917541503906e+00 3.851162774585807913e-01 4.412658556607118587e-01 -8.105367958732443423e-01
-3.081024169921875000e+01 -2.800011825561523438e+01 -7.714006900787353516e+00 -1.079863725031400823e-01 -1.140979367462262029e-01 -9.875832138021926054e-01
6.233914566040039062e+01 1.335926437377929688e+01 1.919026970863342285e+00 3.323410885301245621e-01 1.030267530535396714e-01 -9.375152740248325900e-01
-3.570151519775390625e+01 -5.147032928466796875e+01 2.030756950378417969e+00 -2.677100864659714419e-01 -7.624158932482232032e-02 9.604782817230211878e-01
-7.493319034576416016e+00 5.907945251464843750e+01 6.541892051696777344e+00 7.052667539057043411e-02 -3.885667065589394342e-01 9.187175314601827569e-01
-3.880723190307617188e+01 -3.217431640625000000e+01 -1.056391954421997070e+00 1.648765742239522158e-01 1.550196021892712994e-01 9.740557675047428754e-01
2.817727088928222656e+01 6.277046585083007812e+01 1.217995929718017578e+01 -2.484703088708480889e-01 -5.405237010822121491e-01 8.038013648769282149e-01
-7.265648651123046875e+01 -1.189482879638671875e+01 8.145193099975585938e+00 5.910998155852900116e-01 1.925997118896207588e-02 8.063684403080495500e-01
-4.230516433715820312e+01 -5.133578109741210938e+01 2.158749103546142578e+00 1.267840044230827690e-01 2.185023271719881144e-01 9.675652687249957085e-01
-1.654231834411621094e+01 1.992945098876953125e+01 -8.648931503295898438e+00 -8.189542466975888169e-02 1.777065807678026577e-01 -9.806699294716730853e-01
1.314929008483886719e+01 6.900254821777343750e+01 1.427965354919433594e+01 -1.565278527527236285e-01 -9.297682072691952904e-01 3.332118126118107093e-01
-3.632995986938476562e+01 4.575160980224609375e+01 5.002490043640136719e+00 1.255340939177320703e-01 -2.258034185847004049e-01 9.660507271462077661e-01
-1.583886718750000000e+01 5.785958480834960938e+01 3.013909101486206055e+00 -9.169363961491755477e-02 4.078101310940880353e-01 -9.084509746987960987e-01
-3.152611732482910156e+01 1.172827148437500000e+01 -1.318841934204101562e+00 1.832296943749043283e-01 -1.556395347874166002e-01 9.706715275057962167e-01
-6.137247085571289062e+01 -2.250271606445312500e+01 -1.179371953010559082e+00 -2.996867516924118791e-01 -1.019091717641446432e-01 -9.485791330038821911e-01
1.292182350158691406e+01 2.329221916198730469e+01 -8.284484863281250000e+00 -5.228660717272119729e-03 6.236838636754125920e-02 -9.980395009662758055e-01
1.023440074920654297e+01 5.494966030120849609e+00 -2.336283922195434570e+00 -1.814715741696453291e-02 -3.342092223550622437e-02 9.992765996632824166e-01
-3.180092811584472656e+01 -2.091222381591796875e+01 -1.737537980079650879e+00 1.511939341119548363e-01 7.372566829828795798e-02 9.857509422372979779e-01
-5.411860942840576172e+00 7.049855041503906250e+01 1.763481712341308594e+01 7.178877007172150548e-02 -9.913276546346492246e-01 1.100720384482593989e-01
2.718868017196655273e+00 -5.348805904388427734e+00 -1.772809028625488281e+01 1.693578800209790680e-01 -9.266726628496663176e-02 -9.811884050650367950e-01
-6.257920074462890625e+01 1.606192970275878906e+01 4.727606773376464844e+00 3.287693455456551228e-01 -1.474196180684212432e-01 9.328334115146402761e-01
6.789527130126953125e+01 -2.713076400756835938e+01 4.716600894927978516e+00 4.729426358740743130e-01 -1.727015884029445558e-01 -8.640019817891522180e-01
-1.831339073181152344e+01 6.430974578857421875e+01 6.401716232299804688e+00 -1.243447038416091305e-01 5.189205393163462965e-01 -8.457303757712471004e-01
9.319594383239746094e+00 5.076079177856445312e+01 3.974690914154052734e+00 -2.533617659747474174e-02 -3.137576030146299044e-01 9.491650250119498811e-01
-5.958612442016601562e+01 4.139445495605468750e+01 1.441532230377197266e+01 7.978118404128586860e-01 -5.965230535039567350e-01 8.750150818907541372e-02
4.774739074707031250e+01 5.556967544555664062e+01 1.331443977355957031e+01 6.014533684313825290e-01 7.701962069686644208e-01 2.122537358296099630e-01
1.672685623168945312e+01 -3.792608642578125000e+01 -1.694473028182983398e+00 -9.406401193078466408e-03 -1.402365232835900552e-03 9.999547754715453207e-01
3.278577041625976562e+01 4.418683242797851562e+01 4.516780078411102295e-01 2.072984481954971148e-01 3.286123177197283196e-01 -9.214343698921845238e-01
-3.454457092285156250e+01 -1.871472549438476562e+01 -8.122674942016601562e+00 -1.537501823381365873e-01 -8.593676604138397734e-02 -9.843656605516764024e-01
1.297611951828002930e+00 2.446877288818359375e+01 -1.670125961303710938e+00 3.304743089095747710e-02 2.507473778271483711e-02 9.991391919230451224e-01
5.942407608032226562e+01 3.413308715820312500e+01 9.889482498168945312e+00 -5.329571964805471795e-01 -3.738578381257526284e-01 7.590697883538337631e-01
6.073429489135742188e+01 2.764348030090332031e+01 3.882219076156616211e+00 3.803625142961116756e-01 2.290992668296016888e-01 -8.960122117786559759e-01
-4.997523117065429688e+01 -4.223600387573242188e+01 -1.616903066635131836e+00 -1.934356788000724248e-01 -1.400530513577880609e-01 -9.710652815194908971e-01
-2.412089157104492188e+01 8.584453582763671875e+00 -2.089723110198974609e+00 8.164942600577289322e-02 -9.772097154980514955e-02 9.918588523334809226e-01
4.857255172729492188e+01 -1.236290931701660156e+01 1.341100037097930908e-02 -3.142275331457995979e-01 2.782158907467432996e-02 9.489399436183858505e-01
1.454544734954833984e+01 6.304767227172851562e+01 5.533404827117919922e+00 8.821094775474877525e-02 4.095617263724826707e-01 -9.080077207749946977e-01
4.646912384033203125e+01 4.173544311523437500e+01 6.758396148681640625e+00 -2.927091383210417286e-01 -3.371910918717154204e-01 8.947756858038296013e-01
5.235692024230957031e+00 5.214427566528320312e+01 -4.700899869203567505e-02 3.240612442489727851e-02 3.489566764422825651e-01 -9.365783902408353345e-01
3.072021961212158203e+00 6.145904541015625000e+01 3.938452005386352539e+00 1.486426820984964106e-02 4.412772112649907541e-01 -8.972477229554713940e-01
1.999984931945800781e+01 5.386611175537109375e+01 2.095830917358398438e+00 1.538665577515933025e-01 4.826608503542120232e-01 -8.621853547474722657e-01
2.893890142440795898e-01 -3.807055282592773438e+01 -2.020483016967773438e+00 9.081492849954658775e-03 1.092875549955093367e-01 9.939686900555366744e-01
-2.508854866027832031e+01 5.675539016723632812e+01 7.010457038879394531e+00 1.013042576049292126e-01 -3.336791698376392334e-01 9.372276452429143534e-01
4.521409034729003906e+00 -4.937419509887695312e+01 -5.767064094543457031e+00 2.821829772900878025e-02 -2.844314303453945314e-01 -9.582810073798551098e-01
-2.133824539184570312e+01 -5.294396972656250000e+01 1.264515042304992676e+00 7.797685333816539721e-02 2.690291251934926464e-01 9.599702808634766882e-01
-3.948920965194702148e+00 -4.859340286254882812e+01 -1.259420990943908691e+00 3.201254183128273562e-02 2.951074100058605487e-01 9.549276484242842367e-01
-3.865901184082031250e+01 1.758928489685058594e+01 1.265400052070617676e-01 7.508390931434349991e-02 -1.137047673634869055e-01 9.906733227663349073e-01
-1.792204976081848145e+00 -2.879303359985351562e+01 -9.588918685913085938e+00 -3.341675113714237533e-02 -1.015156657592369144e-01 -9.942725432942906005e-01
1.207840347290039062e+01 -1.066408348083496094e+01 -2.628684043884277344e+00 4.038574917030181288e-02 1.359349746341966675e-02 9.990916915331973236e-01
-5.636487960815429688e+01 -1.613808822631835938e+01 8.478490114212036133e-01 1.271497088629654770e-01 2.509381364354226068e-02 9.915660603574965037e-01
4.332284545898437500e+01 -4.433989715576171875e+01 1.603445053100585938e+00 -1.681784783715630227e-01 1.157135809924427078e-01 9.789414520728658697e-01
4.384988403320312500e+01 -3.237002182006835938e+01 -3.881300926208496094e+00 2.783089276823501601e-01 -1.998052478382864872e-01 -9.394796451805549342e-01
-6.933607482910156250e+01 -9.117959976196289062e+00 5.972536087036132812e+00 5.786301407185626688e-01 7.038231722882168882e-03 8.155596995598982657e-01
-5.489651870727539062e+01 4.734508514404296875e+01 1.441542720794677734e+01 6.605029204762558059e-01 -7.444805818924197238e-01 9.738868120814113405e-02
7.228910923004150391e+00 -4.748610305786132812e+01 -1.671441078186035156e+00 -2.400482009866863539e-02 1.848523081728128958e-01 9.824731002807222113e-01
1.988755226135253906e+01 3.801485443115234375e+01 -4.397136211395263672e+00 1.232199280717448941e-01 3.197338027213733613e-01 -9.394610927139686041e-01
2.359350025653839111e-01 9.860820174217224121e-01 -2.512144088745117188e+00 -7.153193916842497113e-02 7.329162622283529049e-02 9.947419359836082720e-01
-1.886838531494140625e+01 1.201805877685546875e+01 -1.989033937454223633e+00 8.408916085675018082e-02 -1.077542891805222530e-01 9.906149737358141971e-01
-7.314465332031250000e+01 -1.729960250854492188e+01 1.156982707977294922e+01 9.643219024584754884e-01 1.503631304559330528e-01 2.178857439998279077e-01
5.873827743530273438e+01 -3.721527099609375000e+01 1.812192916870117188e+00 3.770902953000910274e-01 -1.348858680793270093e-01 -9.163016489033382062e-01
8.909681320190429688e+00 4.560444259643554688e+01 -3.051343917846679688e+00 4.603204763405959604e-02 3.026838389542580998e-01 -9.519787519826943267e-01
5.270941162109375000e+01 -4.303847885131835938e+01 4.458137035369873047e+00 -4.455846615469749028e-01 2.767223246171434670e-01 8.513982995358589934e-01
-1.885859298706054688e+01 2.711911392211914062e+01 -2.452500015497207642e-01 1.747254988290718181e-01 -2.825613827963996960e-01 9.432020276754701227e-01
-9.273009300231933594e+00 5.593986892700195312e+01 1.737456083297729492e+00 -5.242601181690846601e-02 3.868966739040995417e-01 -9.206315642030302726e-01
2.169084358215332031e+01 -5.601798248291015625e+01 5.725579857826232910e-01 -1.152610774526550835e-01 2.172022971096529698e-01 9.692977077011700748e-01
2.896652603149414062e+01 3.770262908935546875e+01 -3.022732019424438477e+00 1.961493821803126369e-01 3.596849172835791530e-01 -9.122237555276591081e-01
-4.619720077514648438e+01 5.435566329956054688e+01 8.005741119384765625e+00 -3.437312426810912869e-01 4.915974325703604819e-01 -8.001129902052226406e-01
5.589070892333984375e+01 1.629794311523437500e+01 -8.996699750423431396e-02 3.228099180673675295e-01 1.014620485220617957e-01 -9.410096755650528833e-01
5.121955871582031250e+01 3.598931884765625000e+01 2.757678031921386719e+00 2.869494671398049590e-01 2.553537508785119758e-01 -9.232846068360810454e-01
-1.767787551879882812e+01 4.916478729248046875e+01 3.945117950439453125e+00 8.581478834557422497e-02 -2.841991752110764047e-01 9.549170911186729560e-01
-4.458446121215820312e+01 -5.951289749145507812e+01 2.040251016616821289e+00 -2.802149632558294523e-01 -2.581355189125759120e-01 -9.245786219912666137e-01
1.582218360900878906e+01 2.252398967742919922e+00 -9.946446418762207031e+00 -8.110258383096022317e-02 3.932521465533393712e-02 -9.959296653821764211e-01
2.553229331970214844e+01 3.561212921142578125e+01 1.211521983146667480e+00 -1.032812823959822169e-03 -1.507121260270882224e-01 9.885771534716274456e-01
-3.722510910034179688e+01 5.829462051391601562e+01 6.990234851837158203e+00 -2.673594364034792004e-01 4.904264139975904047e-01 -8.294581750874951975e-01
-3.500596046447753906e+00 6.967485809326171875e+01 1.336001396179199219e+01 3.944405406333460762e-02 -7.144252697671321650e-01 6.985990985659866759e-01
5.734791564941406250e+01 4.601381683349609375e+01 1.351405906677246094e+01 7.597071637864821758e-01 6.502143130938754512e-01 -8.146922078856881980e-03
-1.124006080627441406e+01 -4.146616744995117188e+01 -7.279828071594238281e+00 -6.256032832148951395e-02 -1.498703014872403427e-01 -9.867244286285968835e-01
-6.946626186370849609e+00 2.090200805664062500e+01 -8.879207611083984375e+00 -6.042849958339777811e-02 9.878015998207104187e-02 -9.932728106779203925e-01
1.326440238952636719e+01 -2.872550201416015625e+01 -9.202366828918457031e+00 1.064846678017421777e-01 -1.901381899517473328e-01 -9.759654113978762924e-01
6.710859680175781250e+01 1.952303314208984375e+01 5.071351051330566406e+00 4.294701817551497824e-01 1.794955133860368923e-01 -8.850631184596280399e-01
-5.670965957641601562e+01 4.449271392822265625e+01 7.606331825256347656e+00 -3.825048135003338290e-01 4.917937483041061042e-01 -7.821949736338583703e-01
2.612350082397460938e+01 -5.368144607543945312e+01 -3.091681003570556641e+00 9.130818462555827242e-02 -1.839311246693858259e-01 -9.786889990176858012e-01
3.125609588623046875e+01 -4.564470052719116211e-01 -9.178404808044433594e+00 1.780816540002680692e-01 5.641428466696956495e-02 -9.823972480590746903e-01
-1.677419662475585938e+01 -9.101589918136596680e-01 -1.025110626220703125e+01 1.049178030722152377e-01 9.226471788306780941e-02 -9.901916362161709007e-01
-1.471569442749023438e+01 4.135411834716796875e+01 1.827342033386230469e+00 5.409953969201573842e-02 -2.532438418574955441e-01 9.658886045328248793e-01
-7.044766235351562500e+01 -2.526927375793457031e+01 3.466042995452880859e+00 -4.824039845807271965e-01 1.190374515514311393e-01 -8.678228395178235743e-01
3.660865020751953125e+01 -3.858342742919921875e+01 -4.558163166046142578e+00 2.135610437843778187e-01 -1.527341579943469752e-01 -9.649165547131446363e-01
1.985980987548828125e+01 6.039522171020507812e+01 8.374867439270019531e+00 -1.353527443285079401e-01 -4.840156557087312295e-01 8.645278940737473050e-01
3.023684024810791016e+00 3.428367233276367188e+01 -6.572179794311523438e+00 -6.262417857183778802e-02 1.063177137203873829e-01 -9.923581792918686473e-01
7.053088378906250000e+01 -3.150377035140991211e+00 4.423813819885253906e+00 5.108782687067118244e-01 -3.171596337612481165e-02 -8.590678042100966527e-01
3.450551223754882812e+01 2.186959075927734375e+01 -6.099933147430419922e+00 1.775578091810397219e-01 1.139722680220625339e-01 -9.774883868981445456e-01
-7.091115570068359375e+01 -2.614337348937988281e+01 1.078523540496826172e+01 7.660651298185241487e-01 -3.506533886311437032e-01 5.386895375980713663e-01
-1.269690990447998047e+01 -1.124366855621337891e+01 -1.017131423950195312e+01 2.432497723638763279e-02 -4.038897019266227129e-02 -9.988878948957312653e-01
-3.912306213378906250e+01 7.167376995086669922e+00 -6.631249785423278809e-01 1.094311227026174144e-02 -6.975281004191188905e-02 9.975042825898530197e-01
-2.006850624084472656e+01 6.550817871093750000e+01 1.192336559295654297e+01 1.638349350944325322e-01 -6.294172672824834835e-01 7.595999063252009131e-01
-1.644180107116699219e+01 1.941646194458007812e+01 -1.361613035202026367e+00 -1.890317192116606343e-02 -1.770242633889880512e-02 9.996645908468673181e-01
-7.698020172119140625e+01 -5.513648986816406250e+00 7.236629009246826172e+00 -8.494735835938489465e-01 5.539726112344918116e-03 -5.276020680501777305e-01
7.308077239990234375e+01 1.476349258422851562e+01 9.952711105346679688e+00 9.725690776718717290e-01 2.316977833954802224e-01 -2.062828946145634293e-02
2.232152748107910156e+01 5.417674255371093750e+01 6.206025123596191406e+00 -1.362416625801856351e-01 -3.449281711753927060e-01 9.286887347798431502e-01
6.425212097167968750e+01 2.342338562011718750e+01 4.468916893005371094e+00 4.435242899526941618e-01 2.003975093294961818e-01 -8.735714295216463476e-01
-2.571488857269287109e+00 -1.696328163146972656e+01 -2.696341037750244141e+00 -2.014716619492226343e-02 5.041420461294925451e-03 9.997843146269331793e-01
-7.408162689208984375e+01 2.667520046234130859e+00 5.551393985748291016e+00 -2.862738366542687540e-01 2.697285013239821699e-02 -9.577681117070980799e-01
-3.969100952148437500e+00 4.015465927124023438e+01 -5.099215984344482422e+00 2.962952614681412661e-02 8.675355930405630189e-03 -9.995233010689625885e-01
-6.753593921661376953e+00 -3.960591125488281250e+01 -1.660290956497192383e+00 1.229371014936812487e-02 8.517447410596001856e-02 9.962902055382941713e-01
-3.144818878173828125e+01 -4.231468582153320312e+01 -3.170149922370910645e-01 1.508810832480409619e-02 1.499280101061232218e-01 9.885817825414330295e-01
1.999571037292480469e+01 -2.013479614257812500e+01 -2.483870983123779297e+00 -4.271609626810433241e-02 2.199032410512724231e-02 9.988452136168873841e-01
-5.468716430664062500e+01 -3.872906875610351562e+01 -1.020967006683349609e+00 -2.701765452823987612e-01 -1.993716950999891713e-01 -9.419424406895704482e-01
-6.316675186157226562e+01 -3.724039840698242188e+01 6.193005084991455078e+00 4.157936845508500845e-01 1.907393515916692706e-01 8.892323159006411126e-01
