-6.344830989837646484e+00 -1.950658416748046875e+01 -4.936892986297607422e+00 5.613806583972736491e-02 7.362028921881265398e-02 9.957050620435314858e-01
-5.651245117187500000e+01 4.470166397094726562e+01 8.767446517944335938e+00 -5.004306949450781916e-01 8.376518875165652744e-01 2.188799554475501508e-01
-6.949798583984375000e+01 -2.008126068115234375e+01 1.568456268310546875e+01 -9.623948881057291516e-01 -1.762329220181806932e-01 2.067317985818697690e-01
8.624660491943359375e+00 3.797489929199218750e+01 -1.581041431427001953e+01 2.446230898487476713e-01 9.477370077317309738e-01 -2.048270199181655149e-01
-3.748814773559570312e+01 -5.741559982299804688e+01 5.542036056518554688e+00 -3.730571362749245390e-01 -9.278031913408053555e-01 -3.100195505040571897e-03
3.776188659667968750e+01 -1.161350011825561523e+00 -1.512298774719238281e+01 9.989748702906220412e-01 -1.563462715330540473e-02 -4.248254890672148454e-02
-3.821199798583984375e+01 1.093695163726806641e+01 -1.512324619293212891e+01 -4.043984583526495924e-01 7.971455367539299897e-02 -9.111023415699979200e-01
-2.198743438720703125e+01 4.458685684204101562e+01 7.234780192375183105e-01 -2.045835495785446323e-01 6.785249073710167833e-01 7.055136577834593137e-01
-4.088569641113281250e+01 -2.355092239379882812e+01 -4.035861015319824219e+00 -2.875037750401387981e-01 -1.209242957886257075e-01 -9.501152003971382598e-01
-7.017608642578125000e+01 1.421350669860839844e+01 1.606820678710937500e+01 -9.772854128633510218e-01 1.756598519362417288e-01 -1.185615377019349354e-01
2.577101516723632812e+01 -3.063228797912597656e+01 -3.016294956207275391e+00 3.100621281053181355e-01 -9.227558723026660914e-01 2.288734952888754892e-01
-7.895104885101318359e+00 1.249281311035156250e+01 -4.708281040191650391e+00 1.810955488047881479e-02 7.627369753585359902e-02 9.969224478795930544e-01
-8.433187484741210938e+00 -4.943435668945312500e+01 6.292870044708251953e-01 7.895274834611905046e-01 -5.145583137880362923e-01 3.344788402441211672e-01
1.920432662963867188e+01 1.557165145874023438e+01 -4.650585174560546875e+00 -7.936262058494672478e-02 -4.593635445799342659e-02 9.957868375274898654e-01
-5.163436126708984375e+01 -9.340540170669555664e-01 4.593638896942138672e+00 4.605970489679711566e-01 -1.841022516721639232e-02 8.874184030609738594e-01
-5.880451202392578125e+01 -4.218795394897460938e+01 6.506085872650146484e+00 -7.958228300866334592e-01 -5.362779669368813451e-01 -2.811973778166266813e-01
1.393338584899902344e+01 -7.350192070007324219e+00 -1.268405151367187500e+01 1.557910653265477396e-01 -6.223891607149936028e-02 -9.858272979029665262e-01
6.037897109985351562e+00 -3.770759582519531250e+01 -1.616537094116210938e+01 6.454094979740722382e-02 -5.749332956590565979e-01 -8.156507655497322595e-01
-3.985768127441406250e+01 2.819086456298828125e+01 1.959231019020080566e+00 3.297786629373481437e-01 -2.018000153582327760e-01 9.222379233542025156e-01
-2.542993354797363281e+01 -5.583898067474365234e+00 -4.012906074523925781e+00 1.068685668344590695e-01 -3.064888422445273541e-02 9.938006617619777883e-01
-2.178433227539062500e+01 2.780738830566406250e+01 -1.594614887237548828e+01 -2.387110360582603286e-02 -2.357401990178725065e-02 -9.994370595481788522e-01
-2.250221824645996094e+01 -3.256859588623046875e+01 -1.558036708831787109e+01 -4.503758311136644710e-01 -6.127668345433049391e-01 -6.493677057203058878e-01
-6.159205913543701172e+00 3.295852661132812500e+01 -3.183341026306152344e+00 2.507425668970077529e-02 -5.763814498503540273e-02 9.980226079073273304e-01
-3.018997192382812500e+01 -3.927561187744140625e+01 1.336308002471923828e+00 2.918420263692781402e-01 3.061056474275997141e-01 9.061608931407288958e-01
-5.830187606811523438e+01 2.544159698486328125e+01 6.007968902587890625e+00 -2.387813797679072259e-01 3.164618544106036213e-02 -9.705575570893075765e-01
-6.991206359863281250e+01 -2.918576955795288086e+00 8.168281555175781250e+00 -4.983175109875541131e-01 2.164119346335503791e-02 -8.667244758218440870e-01
3.083819580078125000e+01 -1.848298263549804688e+01 -1.633085632324218750e+01 1.062516785206288755e-01 -3.915453260106546013e-02 -9.935680668119023506e-01
-9.746856689453125000e+00 -3.550184011459350586e+00 -1.383388805389404297e+01 -1.464950801851157836e-01 -8.829553148953596386e-02 -9.852629550533891223e-01
2.451562881469726562e+01 2.864664077758789062e+01 -1.637336349487304688e+01 6.406635471280348604e-01 4.441166242127114194e-01 -6.263470631201439875e-01
-3.948431396484375000e+01 -9.028322219848632812e+00 -1.472237396240234375e+01 -7.400705974101202678e-01 -1.096781868411873945e-01 -6.635255881880196549e-01
-2.554330062866210938e+01 1.567552185058593750e+01 -3.180196046829223633e+00 1.479570603010757213e-01 -9.483676799018939119e-02 9.844362324418167720e-01
-5.417841720581054688e+01 -2.481279754638671875e+01 7.778734207153320312e+00 4.159111729374237454e-01 7.689048706452245030e-02 9.061488559970690693e-01
6.290578842163085938e+00 8.210327148437500000e+00 -1.361467933654785156e+01 1.123334189151507095e-01 3.786444843649110908e-02 -9.929488841523683718e-01
1.073601341247558594e+01 -2.222993659973144531e+01 -4.760540008544921875e+00 -1.936561318302225040e-02 6.976139098545192097e-02 9.973757172469263077e-01
3.425352096557617188e+01 1.529091072082519531e+01 -1.346922111511230469e+01 8.775709375411147040e-01 3.948933087728148661e-01 2.718980034308218774e-01
-4.839658355712890625e+01 1.438295364379882812e+01 -1.941417932510375977e+00 -3.861985517902062348e-01 9.483876348870140527e-02 -9.175272680062874775e-01
-2.420658111572265625e+01 -2.210451698303222656e+01 -3.217726945877075195e+00 1.742610066864315188e-01 1.156772599878739954e-01 9.778813184995044372e-01
2.777394104003906250e+01 -8.063790321350097656e+00 -4.239569187164306641e+00 1.131534260847309042e-02 5.284449640974236972e-02 9.985386433287665175e-01
-1.248548316955566406e+01 -3.417797088623046875e+01 -3.004229068756103516e+00 8.292310292934541860e-02 1.640902808206417263e-01 9.829537826066758743e-01
-2.156193351745605469e+01 -5.766476821899414062e+01 4.593072891235351562e+00 5.249384359580275827e-01 -8.285805164794197708e-01 1.946637258572784246e-01
3.257786035537719727e+00 2.354686164855957031e+01 -1.206027126312255859e+01 -4.141518800667988789e-03 2.708403510883539145e-01 -9.626153707708809959e-01
-3.773153686523437500e+01 3.110191106796264648e+00 -1.434293031692504883e+00 2.559692083839574805e-01 -5.787581222942149439e-02 9.649508561155200059e-01
-4.459936523437500000e+01 -3.663333892822265625e+01 5.547611236572265625e+00 3.305644423694469869e-01 1.986627045020296356e-01 9.226376749737222882e-01
1.831893157958984375e+01 -2.874822044372558594e+01 -1.617776679992675781e+01 1.430406226887901214e-02 -2.908478214113936755e-02 -9.994745966008392601e-01
-2.535957527160644531e+01 3.043050003051757812e+01 -1.631784915924072266e+00 6.712789543852500096e-02 -1.519680424852947187e-01 9.861032196059306143e-01
-6.045648956298828125e+01 1.076058006286621094e+01 5.831871986389160156e+00 -5.177885615472311853e-01 1.025807579334095804e-01 -8.493363253933368107e-01
-1.018704032897949219e+01 3.675422668457031250e+01 -1.657591438293457031e+01 -9.523028768860361537e-02 3.092717888805783244e-01 -9.461935071164634392e-01
-3.265418243408203125e+01 -2.175216484069824219e+01 -1.590731430053710938e+01 -1.448680406887871419e-01 -8.996602073693006629e-02 -9.853524069589286727e-01
2.119368076324462891e+00 -2.942545890808105469e+00 -5.408528804779052734e+00 5.825112243597940082e-02 -5.328784811963589718e-02 9.968787348407663895e-01
1.284106969833374023e+00 -3.915592193603515625e+01 -2.605483055114746094e+00 5.454123305645214824e-03 2.401364440610608275e-01 9.707238231199828427e-01
2.329866027832031250e+01 3.575892925262451172e+00 -1.148084354400634766e+01 2.306063726146351245e-01 -1.755238804908056983e-03 -9.730455385264648038e-01
-2.095085144042968750e+01 5.331844806671142578e+00 -1.243113708496093750e+01 -1.880829100627397221e-01 7.203074079971069632e-02 -9.795082395376654150e-01
-7.343348026275634766e+00 -3.242836761474609375e+01 -1.624485969543457031e+01 6.151246599246325969e-02 4.908827476943119494e-01 -8.690514050064059859e-01
-9.139032363891601562e+00 4.673285675048828125e+01 -5.076305866241455078e+00 4.444096815962803038e-01 7.819781534289335090e-01 -4.370471398640745631e-01
-5.063026809692382812e+01 -1.419247341156005859e+01 -6.318420171737670898e-01 -6.044908407491471625e-01 -1.635508199430796283e-01 -7.796421953347161260e-01
-6.426937866210937500e+01 -3.288483810424804688e+01 1.519126510620117188e+01 -2.125332708014476268e-01 -3.045161354264157016e-01 9.284931513303689155e-01
1.486343002319335938e+01 2.858988571166992188e+01 -6.352705001831054688e+00 2.507843229300037446e-01 6.647111053719104712e-01 7.037516392647286123e-01
-5.989542770385742188e+01 -1.227685737609863281e+01 9.526900291442871094e+00 3.563539752327516963e-01 3.825866478767019768e-02 9.335674152970849793e-01
-6.245915222167968750e+01 3.437212753295898438e+01 1.519581127166748047e+01 -2.507711946911168610e-01 4.342809061841961804e-01 8.651669795114834693e-01
-1.825242996215820312e+01 -1.377566337585449219e+01 -1.190653705596923828e+01 -1.959980581200284067e-01 -3.719693386270157137e-02 -9.798985403215946244e-01
-3.771829223632812500e+01 -1.066434001922607422e+01 -1.309222936630249023e+00 2.723648478452504462e-01 1.011157927302392956e-01 9.568662320924324893e-01
-3.475173950195312500e+01 4.045713043212890625e+01 3.704760074615478516e-01 -5.166131794364704488e-01 8.490964963448462965e-01 1.102087234634708118e-01
2.229049921035766602e+00 -1.368363380432128906e+01 -1.334658527374267578e+01 7.293502324382117319e-02 -2.721465024973352409e-01 -9.594877610281909996e-01
3.395434570312500000e+01 4.714488029479980469e+00 -3.582109928131103516e+00 7.476076340082618010e-01 6.900567739906551812e-02 6.605460181238435036e-01
-2.006721496582031250e+01 -4.542981338500976562e+01 -4.580814838409423828e+00 -1.832283480421001698e-01 -2.716710902083075974e-01 -9.447868496220682699e-01
-4.780249023437500000e+01 -4.936995315551757812e+01 6.101025104522705078e+00 -7.256947772294118915e-01 -6.850915412481821676e-01 -6.337720735520438464e-02
-1.005515861511230469e+01 2.354027748107910156e+01 -1.137577247619628906e+01 -9.659755240069993476e-02 1.891689096186227881e-01 -9.771816803971998810e-01
1.359288787841796875e+01 -3.499081802368164062e+01 -4.674673080444335938e+00 3.147694964569339171e-01 -9.299135990444583610e-01 -1.902126767921381856e-01
-3.292547607421875000e+01 2.257443046569824219e+01 -1.206884860992431641e+01 -7.657229797795424009e-01 5.725887770032873636e-01 2.929341405289219158e-01
-4.931658935546875000e+01 3.436166763305664062e+01 7.517538070678710938e+00 3.591109628630023143e-01 -1.586800825212998922e-01 9.197064465157568369e-01
2.245852661132812500e+01 -1.893862152099609375e+01 -4.284936904907226562e+00 -1.372968026539986564e-01 1.155605420700792502e-01 9.837659015728582590e-01
1.299027633666992188e+01 2.449438095092773438e+00 -5.374527931213378906e+00 -1.015664272823412484e-01 2.688996688130920049e-02 9.944652786951504453e-01
1.499300003051757812e+00 -2.588089942932128906e+01 -1.127587127685546875e+01 6.146789671686220952e-02 -2.247639693860105370e-01 -9.724725475503407379e-01
-3.292992401123046875e+01 7.068369984626770020e-01 -1.191767120361328125e+01 8.420885915225010399e-01 -2.863896265586635473e-02 -5.385783265650840868e-01
-1.675524330139160156e+01 3.682955169677734375e+01 -6.549078941345214844e+00 -1.167123829327042367e-01 2.177848326349822727e-01 -9.689932849841235152e-01
-1.497517490386962891e+01 -2.499149322509765625e+01 -1.059217166900634766e+01 -9.858231532662678487e-02 -5.073176065172455007e-02 -9.938349035760505323e-01
-3.713173675537109375e+01 1.704322624206542969e+01 -7.044360041618347168e-01 2.309001652565357277e-01 -9.249730267338289458e-02 9.685707835169575786e-01
7.718528747558593750e+00 1.579940414428710938e+01 -5.018967151641845703e+00 -1.442849655808742075e-02 -4.979841582850952353e-02 9.986550637072062475e-01
4.895606994628906250e+00 3.402879714965820312e+01 -5.731948852539062500e+00 2.805991331321978643e-01 7.426935010108089985e-01 6.080053371819745811e-01
-3.181984138488769531e+01 -3.033990097045898438e+01 -5.501614093780517578e+00 -2.375421600455571436e-01 -2.044498425007941489e-01 -9.496178094908979128e-01
-1.311967754364013672e+01 2.189910888671875000e+00 -4.665579795837402344e+00 -1.486521394071659181e-02 -4.538801829404606747e-02 9.988588254652585041e-01
-2.935527801513671875e+01 -5.053695297241210938e+01 6.058909893035888672e-01 -2.604365240230773759e-01 -3.958908477049546959e-01 -8.805925582573529420e-01
-6.550389099121093750e+01 -2.532240867614746094e+01 6.657688140869140625e+00 -4.240106081518240089e-01 -7.346909212806043699e-02 -9.026723085796966028e-01
-5.210778236389160156e+00 6.731842994689941406e+00 -1.389800357818603516e+01 1.295863943704109872e-02 3.682200642484165926e-02 -9.992378162913919670e-01
-1.842408180236816406e+01 1.623179054260253906e+01 -1.170632934570312500e+01 -1.700523688965064062e-01 1.067069497593652744e-01 -9.796406579484839838e-01
-6.686408233642578125e+01 2.433488464355468750e+01 1.300750446319580078e+01 -9.490761261402419491e-01 3.047034400434639467e-01 -8.006447661922617975e-02
2.728716659545898438e+01 2.220762062072753906e+01 -7.937901020050048828e+00 6.126683791292711900e-01 2.100070038508326797e-01 7.619281564220526937e-01
-7.056313323974609375e+01 3.339931964874267578e+00 1.721629714965820312e+01 -3.276174463012510724e-02 -4.232238529959162637e-02 9.985667147423569201e-01
-7.005417633056640625e+01 -9.251072883605957031e+00 1.711135673522949219e+01 7.142222425300366606e-02 -3.816853182876690093e-02 9.967156209575477321e-01
-2.985279655456542969e+01 -1.237734031677246094e+01 -1.121450996398925781e+01 8.758496953505915394e-01 3.580624054818090651e-01 -3.235407624007464178e-01
-1.736730575561523438e+01 2.324242401123046875e+01 -3.481083869934082031e+00 9.074520443026468097e-02 -1.628148187428632154e-01 9.824747542154139701e-01
-3.761835479736328125e+01 -4.574430084228515625e+01 5.528993129730224609e+00 2.660690863039180676e-01 2.203252135939900713e-01 9.384370205656641373e-01
-1.054958534240722656e+01 -9.657821655273437500e+00 -5.088153839111328125e+00 2.464621424729933341e-02 9.824649142627572482e-03 9.996479582295462185e-01
-4.575054168701171875e+01 -4.070503234863281250e+00 -3.717329978942871094e+00 -3.708366042529702145e-01 -4.432688925276404707e-02 -9.276396605553792751e-01
-2.679624938964843750e+01 5.192127227783203125e+00 -3.658869028091430664e+00 1.244075239926285686e-01 -5.845805460938040266e-02 9.905076596499948760e-01
2.959355163574218750e+01 -8.118988990783691406e+00 -1.486923789978027344e+01 -8.394877935608145991e-01 2.535229735105584137e-01 -4.806103893641497371e-01
1.403146171569824219e+01 2.899773406982421875e+01 -1.682462501525878906e+01 -2.750577011478874678e-01 -5.066975423612768425e-01 -8.170684558862135738e-01
-2.951830029487609863e-01 3.248204421997070312e+01 -1.637711334228515625e+01 -8.905087770010964177e-04 -8.564320975038305361e-01 -5.162589169780095189e-01
-4.835320663452148438e+01 2.257782363891601562e+01 4.812937736511230469e+00 4.957121097268874510e-01 -1.873230072776717881e-01 8.480445714787445688e-01
-6.040528106689453125e+01 1.136746048927307129e+00 9.707494735717773438e+00 3.932918926385612912e-01 1.492811966799876232e-02 9.192924662086361387e-01
-2.262388229370117188e+01 -3.312776184082031250e+01 -1.946707963943481445e+00 1.594954852099467746e-01 1.931655223576140279e-01 9.681158356157354428e-01
9.253410100936889648e-01 7.254518032073974609e+00 -5.018227100372314453e+00 3.204886666577824034e-02 1.264190299377554449e-02 9.994063500069104711e-01
8.434803009033203125e+00 -1.226957607269287109e+01 -5.437839984893798828e+00 5.617294863247783258e-03 8.828098704032101215e-03 9.999452538372743948e-01
-7.606829166412353516e+00 -4.227079010009765625e+01 -6.587153911590576172e+00 -5.866343850005333906e-03 -2.536251492924586626e-01 -9.672847924247601759e-01
1.363968658447265625e+01 2.019265174865722656e+01 -1.200443840026855469e+01 1.721446267161709232e-01 2.167763567324228480e-01 -9.609236383056499742e-01
-3.044074058532714844e+00 2.237276458740234375e+01 -4.285684108734130859e+00 1.070608244269198733e-01 -1.440332460678144522e-01 9.837644046722754387e-01
2.887501907348632812e+01 1.334773445129394531e+01 -3.629488945007324219e+00 1.966437144521455960e-02 7.164685417635544007e-02 9.972362010989656023e-01
1.601326370239257812e+01 1.028175544738769531e+01 -1.250571060180664062e+01 9.705762991127686590e-02 -4.722542976998599573e-04 -9.952786511585003382e-01
1.581940078735351562e+01 -1.719590759277343750e+01 -1.159555625915527344e+01 1.075165311725279071e-01 -8.718308771153895909e-02 -9.903733158469631981e-01
-5.925649261474609375e+01 3.525137329101562500e+01 5.797149181365966797e+00 -2.505142094717809353e-01 1.284627994022361289e-02 -9.680276875918508717e-01
-3.380429029464721680e+00 -3.056514167785644531e+01 -4.114364147186279297e+00 3.000349996074853573e-02 1.862246579748504660e-01 9.820489635207887424e-01
-3.504753112792968750e+00 1.646537017822265625e+01 -1.335466384887695312e+01 -1.159594076261788800e-02 1.660397538796717573e-02 -9.997949000465773395e-01
-4.805136108398437500e+01 -2.851196670532226562e+01 1.033257961273193359e+00 -4.546413281816079066e-01 -2.163103303205610728e-01 -8.640087405263172649e-01
-6.977279663085937500e+01 -1.355641078948974609e+01 8.297994613647460938e+00 -6.384865363420987316e-01 -5.171779194708647776e-02 -7.678933603736834979e-01
-6.921903228759765625e+01 7.114566802978515625e+00 8.281352996826171875e+00 -4.429318787510983513e-01 4.739880918093397622e-02 -8.953014596627505428e-01
-7.555604934692382812e+00 -1.428309822082519531e+01 -1.318222141265869141e+01 -3.354996667367861063e-01 -2.831660355937591356e-01 -8.984748020426723825e-01
3.144896697998046875e+01 6.095623016357421875e+00 -1.641659355163574219e+01 -2.443613840926019409e-01 -5.456470591435653994e-02 -9.681478228208890702e-01
2.652328109741210938e+01 -2.587748146057128906e+01 -1.183456039428710938e+01 7.111958049836241136e-01 -6.527546337219033434e-01 2.609825954508822043e-01
-2.057621002197265625e+01 -4.318414211273193359e+00 -1.259000682830810547e+01 -1.994163716473837389e-01 -5.754212969391925975e-02 -9.782239079215355737e-01
-2.952022743225097656e+01 1.351029777526855469e+01 -1.185377979278564453e+01 7.791431292134023412e-01 -3.316285039302595550e-01 -5.319384546923876522e-01
-1.563686013221740723e+00 4.106537628173828125e+01 -6.880289077758789062e+00 2.084320574270924487e-01 5.214468674997905229e-01 -8.274353399579722490e-01
-5.937170410156250000e+01 -3.266635131835937500e+01 5.334708213806152344e+00 2.563570164143185587e-02 1.285089597975984932e-01 -9.913769505355117806e-01
-3.799982452392578125e+01 -3.089844894409179688e+01 1.668580055236816406e+00 3.396038511602275101e-01 2.150704813473694466e-01 9.156494483863095724e-01
6.210091114044189453e+00 -1.953716993331909180e+00 -1.388862228393554688e+01 4.342154356351931449e-02 3.195959544023020682e-02 -9.985455191496571681e-01
-2.377357101440429688e+01 -2.227663040161132812e+01 -1.273504734039306641e+01 6.243796597493981304e-01 6.424914326875862391e-01 -4.442463274066297818e-01
-4.909680557250976562e+01 4.989480972290039062e+00 -2.314388990402221680e+00 -3.391654260473259686e-01 3.581895836318405718e-02 -9.400445819193429253e-01
1.850307464599609375e+01 -1.039407348632812500e+01 -5.028655052185058594e+00 -4.830433719021554745e-02 2.288694616100012472e-02 9.985704174989550319e-01
-1.783060073852539062e+01 1.030501747131347656e+01 -4.403917789459228516e+00 8.256216093297830128e-02 -1.050840274399457985e-01 9.910301896305064862e-01
2.567436981201171875e+01 1.792387199401855469e+01 -1.611477851867675781e+01 -5.340247339636844393e-01 -3.909627712325016713e-01 -7.496437120560798251e-01
-3.295048522949218750e+01 -1.912276268005371094e+01 -1.825001955032348633e+00 2.992243146910754659e-01 1.390075697868521365e-01 9.440030217322451511e-01
-3.408535003662109375e+01 3.236547851562500000e+01 -3.988852024078369141e+00 -5.061333093725476351e-01 4.431449306207793093e-01 -7.398997524048089858e-01
-4.339578628540039062e+01 3.655809783935546875e+01 8.457080125808715820e-01 -4.711009580032433641e-01 2.853232098462435973e-01 -8.346583452476006304e-01
3.068569946289062500e+01 -1.618339157104492188e+01 -7.481554985046386719e+00 7.460867386063840812e-01 -3.209357396116995775e-01 5.833993739417108193e-01
-1.465882396697998047e+01 -3.563563537597656250e+01 -1.176088142395019531e+01 -3.043346302724861396e-01 -8.664965563130241355e-01 3.956818807003670280e-01
9.512275695800781250e+00 -2.951825904846191406e+01 -1.367298984527587891e+01 -3.050403602907272305e-01 8.706483685541649420e-01 -3.859038700605036398e-01
5.731274127960205078e+00 -3.026182556152343750e+01 -4.187611103057861328e+00 -3.868547371249082822e-02 1.518125298465808626e-01 9.876519578805184052e-01
-1.544009304046630859e+01 -1.824742507934570312e+01 -4.547153949737548828e+00 5.800573754816648608e-02 2.739149394918232588e-02 9.979403992577537963e-01
-1.428400993347167969e+00 -1.151055717468261719e+01 -5.350407123565673828e+00 1.501328071830677624e-01 -2.534900465376741657e-02 9.883408157970585695e-01
-6.719438934326171875e+01 1.697091865539550781e+01 7.837861061096191406e+00 -3.560422048441301834e-01 1.245187088768142346e-02 -9.343869109106393012e-01
-3.073825073242187500e+01 2.317947578430175781e+01 -1.638481020927429199e+00 2.273173239514059973e-01 -1.647979396355727100e-01 9.597752202070241045e-01
-1.643309783935546875e+01 -5.312169265747070312e+01 -1.091446995735168457e+00 -1.196022732264783173e-01 -4.450681396876762785e-01 -8.874737445547389303e-01
-1.562089920043945312e+00 -3.770111083984375000e+01 -1.153937244415283203e+01 1.282074087345846719e-03 -9.531081830160241797e-01 3.026270770336447202e-01
-2.712673377990722656e+01 3.867699813842773438e+01 -4.390098094940185547e+00 -1.124612629702740896e-01 1.745364482855028543e-01 -9.782072850633514172e-01
-5.158269119262695312e+01 9.725375175476074219e+00 4.880300045013427734e+00 5.535869251572814731e-01 -9.158385006614881696e-02 8.277402459117036981e-01
3.538690948486328125e+01 -5.951396942138671875e+00 -8.083700180053710938e+00 9.105270950142184683e-01 -1.671882517679624258e-01 3.781381992284581495e-01
-3.849633026123046875e+01 1.042945766448974609e+01 -6.324544906616210938e+00 -5.500644227304195555e-01 1.179511899692506222e-01 -8.267506562628710309e-01
2.439762115478515625e+00 -1.940072250366210938e+01 -5.083099842071533203e+00 1.384580284205752087e-03 7.083800091176917224e-02 9.974868723769052536e-01
2.072306442260742188e+01 -1.917537927627563477e+00 -5.000911235809326172e+00 -5.695175332035466026e-02 -3.885357570346737593e-02 9.976206179950334318e-01
-5.516526794433593750e+01 1.748536491394042969e+01 7.745751857757568359e+00 4.511156572378716145e-01 -9.071337134963584903e-02 8.878433127828503357e-01
-4.557434844970703125e+01 -2.035583114624023438e+01 2.837012052536010742e+00 4.458784994844801064e-01 1.423355935908269532e-01 8.837041034727718403e-01
6.984066009521484375e+00 2.544451713562011719e+01 -4.447601795196533203e+00 9.470001032828712431e-03 -1.116808597242290313e-01 9.936990010318492716e-01
-5.611431884765625000e+01 -8.206398963928222656e+00 2.426821947097778320e+00 -5.425896793659816808e-01 -4.167282319079643887e-02 -8.389635365454387594e-01
1.802622604370117188e+01 -2.679570388793945312e+01 -3.863605976104736328e+00 -1.027686207417764647e-01 1.660185818598995389e-01 9.807529969712357465e-01
-4.388216781616210938e+01 2.196660232543945312e+01 -2.726889133453369141e+00 -2.912509231850355929e-01 9.305986639666383176e-02 -9.521096370744807080e-01
-3.886654663085937500e+01 -3.944522094726562500e+01 -2.069530040025711060e-01 -3.556220885018717137e-01 -3.310833740118483970e-01 -8.740233003887809549e-01
-2.265757942199707031e+01 -1.363878726959228516e+01 -4.158659934997558594e+00 9.645766715383284617e-02 1.950462790686379941e-02 9.951459631317685073e-01
-1.566338062286376953e+00 -6.078396797180175781e+00 -1.385911560058593750e+01 -7.810269883426121384e-02 1.841119354177079073e-02 -9.967752988448159712e-01
-1.352612781524658203e+01 9.313587188720703125e+00 -1.357847595214843750e+01 -2.086791281365251438e-01 1.063175304688923628e-01 -9.721880498109282120e-01
-2.246319007873535156e+01 -4.652606964111328125e+01 3.438512086868286133e+00 -2.390055503376681822e-01 1.257722399018161297e-01 9.628383512188680715e-01
-2.956836700439453125e+01 -6.010076522827148438e+01 5.154148101806640625e+00 -2.292681133484104350e-01 -8.683242577127346928e-01 4.398285071130436652e-01
-5.265182495117187500e+01 -3.657178497314453125e+01 8.434721946716308594e+00 1.979347670047090224e-01 -1.646143884906399180e-01 9.662939154898183558e-01
-1.494491577148437500e+01 4.925649261474609375e+01 3.689549863338470459e-01 -8.519652392220739348e-03 7.451040976150120621e-01 6.668937690820289088e-01
-5.671174621582031250e+01 -1.758305358886718750e+01 3.922019958496093750e+00 -5.447754189847316963e-01 -1.299168066556835033e-01 -8.284572205119584698e-01
2.389327621459960938e+01 -1.286247062683105469e+01 -1.091342067718505859e+01 5.311129548207567386e-03 -1.927627773084559723e-02 -9.998000885275842853e-01
-3.879099273681640625e+01 -4.043951034545898438e+00 -8.169765472412109375e+00 -9.532407758379274343e-01 -1.310776056356123265e-01 2.723062330919753804e-01
-6.796145915985107422e+00 -2.586487579345703125e+01 -1.111263179779052734e+01 -7.587278790720411448e-02 -1.534184487013725007e-01 -9.852441827553476417e-01
1.995066452026367188e+01 7.249917030334472656e+00 -4.936191082000732422e+00 -2.761506154787431513e-02 -4.180745023326548626e-02 9.987439839521938811e-01
-6.064742088317871094e+00 -2.304217100143432617e+00 -5.167747974395751953e+00 1.649880568001466444e-02 -2.675457051585611312e-02 9.995058691011500240e-01
-1.805464935302734375e+01 3.516008758544921875e+01 -1.446733760833740234e+01 -4.374473759887316238e-01 8.965613311095658178e-01 6.940873719940907072e-02
-2.713802337646484375e+01 2.755381774902343750e+01 -9.085014343261718750e+00 -6.713593383848288632e-01 6.990195521471839202e-01 2.462687647255234480e-01
-5.942284393310546875e+01 -3.939750289916992188e+01 1.412926292419433594e+01 3.332410951038438651e-01 3.816464854982504207e-02 9.420689105023364318e-01
7.850191116333007812e+00 -1.988920402526855469e+01 -1.199215698242187500e+01 1.131401721625549944e-01 -1.604712325640175463e-01 -9.805346934007038717e-01
2.650210189819335938e+01 1.101235771179199219e+01 -1.191829490661621094e+01 -7.593574014068231737e-01 -2.777615588381430189e-01 -5.884087468422624090e-01
-1.711617851257324219e+01 -4.847906112670898438e+00 -4.796998977661132812e+00 3.882558717062881007e-04 -2.479422427811693933e-02 9.996925005719631274e-01
-1.330368900299072266e+01 -4.313998413085937500e+01 -8.046740293502807617e-01 7.831454785362407245e-02 3.879558450934612601e-01 9.183447576222670827e-01
-2.510606384277343750e+01 2.080759620666503906e+01 -1.302402114868164062e+01 6.464021997207876069e-01 -5.530826787843562409e-01 -5.256079780833314841e-01
-4.335237884521484375e+01 -1.565666961669921875e+01 -4.131610870361328125e+00 -3.236558915300495332e-01 -3.954382395839854680e-02 -9.453481633052639443e-01
-1.062931823730468750e+01 3.947902679443359375e+01 -1.841853022575378418e+00 6.254090404811206427e-02 -2.771442538114485266e-01 9.587907477130451772e-01
-4.278170776367187500e+01 9.224164962768554688e+00 5.031639933586120605e-01 3.802278280608137884e-01 -9.243467908358367346e-02 9.202622609185227009e-01
2.253030014038085938e+01 2.857069015502929688e+01 -8.600025177001953125e+00 5.823683435657607266e-01 5.068038708199699149e-01 6.356075431698143818e-01
1.583288574218750000e+01 6.191120147705078125e-01 -1.250848102569580078e+01 1.543047552453918614e-01 1.969000210481218482e-02 -9.878270832113139610e-01
4.411750793457031250e+00 1.585834312438964844e+01 -1.330011653900146484e+01 7.608856794824023217e-02 7.219889270017641747e-02 -9.944837101332804075e-01
-4.773227310180664062e+01 2.945719528198242188e+01 1.065780997276306152e+00 -5.111268834765212432e-01 2.316361563493219422e-01 -8.277040534268822469e-01
6.561660766601562500e+00 -3.704803848266601562e+01 -8.061785697937011719e+00 1.055222046493140969e-01 -6.670108599627411206e-01 -7.375375088886751973e-01
-3.676677703857421875e+01 -1.597043609619140625e+01 -1.221507263183593750e+01 -8.262226502497720393e-01 -4.169466313447419137e-01 3.788293003775113910e-01
-6.455865478515625000e+01 2.981608581542968750e+01 7.820655822753906250e+00 -6.837714176087544837e-01 2.195143796789921775e-01 -6.958951685242983354e-01
-6.351844406127929688e+01 -2.496253013610839844e+01 1.428329658508300781e+01 7.409509422744405827e-01 1.549249866815821108e-01 6.534446798653503752e-01
-3.289162063598632812e+01 -3.583343029022216797e+00 -2.679250001907348633e+00 2.020582087209447375e-01 -1.787246463483733311e-02 9.792104244218193809e-01
-1.354523181915283203e+01 3.040665054321289062e+01 -2.859014987945556641e+00 7.679215597128867532e-02 -7.072225752771553464e-02 9.945357344366591024e-01
1.403958511352539062e+01 3.479667663574218750e+01 -1.103841972351074219e+01 4.240560562517467491e-01 8.898632988217597406e-01 1.682847900621765869e-01
-3.184790039062500000e+01 1.111381053924560547e+01 -2.283587932586669922e+00 1.663321818967066767e-01 9.197712125732414312e-02 9.817707545199624297e-01
-3.908460140228271484e-01 1.506851196289062500e+01 -5.020014762878417969e+00 1.582060454992309517e-02 -4.596642450839997368e-02 9.988176992272356225e-01
-1.797492027282714844e+01 -2.707911491394042969e+01 -3.549247026443481445e+00 1.317425499908247422e-01 1.492223856582265140e-01 9.799880510191859573e-01
-2.459515190124511719e+01 -2.964636230468750000e+01 -8.675291061401367188e+00 -5.753931701404121357e-01 -7.977891939319039505e-01 -1.801529955378195214e-01
9.797811508178710938e+00 -4.631949901580810547e+00 -5.627130985260009766e+00 -3.823296772010862515e-02 1.688626205210955536e-02 9.991261653731327019e-01
-3.985852050781250000e+01 4.181023120880126953e+00 -1.163214492797851562e+01 -9.552177134166990324e-01 1.570582313857177628e-02 2.954867968192710359e-01
-4.820409774780273438e+01 -7.643004894256591797e+00 2.796988010406494141e+00 4.452207300344873109e-01 8.397268030835874919e-02 8.914746718271856496e-01
-7.118206024169921875e+00 3.041403961181640625e+01 -1.333798027038574219e+01 1.057753292569215825e-01 -8.501432109418104455e-01 -5.158178948137979170e-01
6.871529102325439453e+00 3.005793380737304688e+01 -1.409229278564453125e+01 -1.933645873243752811e-01 -8.590920744978505219e-01 -4.738891683757432971e-01
-6.276154708862304688e+01 -5.475593090057373047e+00 6.513305187225341797e+00 -3.664694375307696039e-01 -7.626911588083880311e-03 -9.303988293068242710e-01
2.209832382202148438e+01 -5.426690101623535156e+00 -1.169833374023437500e+01 7.237136214936554235e-02 -1.076147088674500249e-02 -9.973196963286140582e-01
3.543908691406250000e+01 8.340853691101074219e+00 -1.026450634002685547e+01 9.426995458137095163e-01 2.123776589478645060e-01 2.573194440815740891e-01
-3.125505256652832031e+01 -2.307467842102050781e+01 -8.490496635437011719e+00 -7.577539936200684556e-01 -6.109089676113893530e-01 -2.293449769339274413e-01
2.947376251220703125e+01 -7.155879735946655273e-01 -1.286830234527587891e+01 -8.621383541709926046e-01 -2.870961511815650624e-03 -5.066647963371145869e-01
-1.033119487762451172e+01 -2.670360946655273438e+01 -4.385838985443115234e+00 6.990396848781010170e-03 7.704027005997948763e-02 9.970034759924268908e-01
-3.033602905273437500e+01 -1.146731758117675781e+01 -3.063978910446166992e+00 2.606628668760724299e-01 2.840404074500842146e-02 9.650119586312403408e-01
-1.054000663757324219e+01 1.962770462036132812e+01 -4.304584980010986328e+00 6.859391760178533241e-03 -7.346181988987023070e-02 9.972744405444013971e-01
-5.747602081298828125e+01 4.029626846313476562e+00 3.297437906265258789e+00 -5.385219412820118068e-01 9.408797352890531374e-02 -8.373419683707951089e-01
-2.531699752807617188e+01 -3.957280731201171875e+01 -4.981853008270263672e+00 -1.440718514324454136e-01 -1.990046368049255276e-01 -9.693505331689704629e-01
-6.422904205322265625e+01 -1.848826408386230469e+01 1.017149925231933594e+01 2.473411386264739442e-01 -6.631990274941969299e-03 9.689057631410561422e-01
-5.610820388793945312e+01 3.788559341430664062e+01 1.218976974487304688e+01 7.470718606762297709e-01 -4.467145590763078600e-01 4.922699845562553689e-01
2.633831787109375000e+01 3.152353048324584961e+00 -4.361073017120361328e+00 -5.233757446139332414e-02 -5.756282102323188182e-02 9.969690566589042291e-01
1.268198966979980469e+01 1.000532531738281250e+01 -5.120956897735595703e+00 -9.945864419283927116e-02 -2.122441424888735564e-02 9.948153106658109701e-01
2.843549728393554688e+01 -2.370560455322265625e+01 -4.850636005401611328e+00 9.962202756717876140e-01 1.539762756517899268e-02 8.548728212893157152e-02
-9.489764213562011719e+00 3.674743270874023438e+01 -9.068325996398925781e+00 -1.930427028168529291e-01 9.348778156638053449e-01 2.978892154288842464e-01
-5.134594345092773438e+01 -4.281233596801757812e+01 4.429720878601074219e+00 -1.764517905977449619e-01 9.988490147427635246e-03 -9.842586020246021361e-01
1.424407577514648438e+01 2.131515884399414062e+01 -4.526633262634277344e+00 -8.280895931248438702e-02 -1.132769998396021688e-01 9.901065586920035910e-01
-1.657436370849609375e+01 4.415786743164062500e+01 -4.905219078063964844e+00 -1.114339151530940319e-01 1.203357586212236707e-01 -9.864592174797229829e-01
-2.864123916625976562e+01 -2.802769660949707031e+01 -1.516921901702880859e+01 -6.305085646759424067e-01 -6.349893276659244190e-01 -4.463714861196448891e-01
-1.755385017395019531e+01 2.398368453979492188e+01 -1.091634941101074219e+01 3.317894805706993883e-02 -1.206033883461265777e-01 -9.921461485714994089e-01
3.542562866210937500e+01 -1.285763931274414062e+01 -1.455648422241210938e+01 9.278977682330231680e-01 -3.538450173465715887e-01 1.174709981534976938e-01
-3.733935546875000000e+01 2.522738265991210938e+01 -4.457702159881591797e+00 -2.858808624895839423e-01 1.514222806726297221e-01 -9.462258849651656867e-01
2.016128158569335938e+01 2.288929176330566406e+01 -1.451921844482421875e+01 -6.141992829225045858e-01 -6.398539200517426861e-01 -4.618941457216136914e-01
1.479010581970214844e+01 -2.478555870056152344e+01 -1.094429111480712891e+01 -2.370695570599200275e-01 3.541378385109444915e-01 -9.046460172079515694e-01
1.495396614074707031e+01 -3.432572555541992188e+01 -1.199756050109863281e+01 4.185089565425213487e-01 -8.758919858870044539e-01 2.401322184810056326e-01
-3.644644021987915039e+00 3.853658294677734375e+01 -1.353934097290039062e+01 -7.329203412734945633e-02 9.598453739818005870e-01 2.707861439941352533e-01
-2.834836959838867188e+01 -5.114072799682617188e+00 -1.080771064758300781e+01 -2.597739646611785247e-01 -7.777374905804246286e-02 -9.625324572406218637e-01
-3.484279632568359375e+01 1.676865196228027344e+01 -7.869268894195556641e+00 -9.033833240233161144e-01 4.193731784224219994e-01 8.958072949278672592e-02
2.373408889770507812e+01 -1.942063713073730469e+01 -1.433602237701416016e+01 -6.984414598745267710e-01 5.523369422083181934e-01 -4.550861779930311379e-01
-6.111019134521484375e+00 5.054719924926757812e+00 -4.905848026275634766e+00 1.385440282189876089e-02 1.112783367908001808e-02 9.998421009539752990e-01
-1.085053920745849609e+01 1.619455718994140625e+01 -1.294013023376464844e+01 -4.003027872107654123e-02 2.381919595607087659e-01 -9.703927901556888003e-01
-2.726336002349853516e+00 -1.976181411743164062e+01 -1.231448745727539062e+01 -1.710169818838182601e-02 -2.053599230014213350e-01 -9.785370886910336186e-01
9.384559988975524902e-01 -3.247617340087890625e+01 -1.598138236999511719e+01 -8.382274150669918877e-02 8.562925573020186976e-01 -5.096438014098376712e-01
-5.398039817810058594e-01 1.158419013023376465e+00 -1.394685840606689453e+01 1.867278764912051053e-02 4.241488672711692109e-02 -9.989255749981259536e-01
-2.036587905883789062e+01 1.699476957321166992e+00 -4.505356788635253906e+00 7.573996675323568795e-02 -3.315550060384402087e-02 9.965762239868696248e-01
-1.459334182739257812e+01 2.113831043243408203e+00 -1.382420349121093750e+01 -3.416796070707031063e-01 -3.861396660383068641e-02 -9.390229005168767573e-01
-6.713795471191406250e+01 -2.914407014846801758e+00 1.484447669982910156e+01 8.834764582649029530e-01 -2.352085074183276475e-02 4.678847264787380222e-01
-1.578880691528320312e+01 -2.991620445251464844e+01 -1.599996948242187500e+01 1.844599410817805429e-01 4.044303331423844683e-01 -8.957737637207542347e-01
1.674309968948364258e-01 2.893745803833007812e+01 -3.919591903686523438e+00 4.295427708440977682e-02 -1.704585175706440636e-01 9.844281710047584344e-01
-2.796229934692382812e+01 6.610188007354736328e+00 -1.059756469726562500e+01 -2.477804933410177601e-01 7.498951604431115803e-02 -9.659096228960148967e-01
-6.130135345458984375e+01 2.030607986450195312e+01 1.020190048217773438e+01 4.965630020068716871e-02 1.065660768006652243e-02 9.987095116014127472e-01
-4.420101928710937500e+01 -4.384071731567382812e+01 3.308027982711791992e+00 -3.351788581541276235e-01 -2.255846622720095451e-01 -9.147495248395149936e-01
-1.416343498229980469e+01 2.915207672119140625e+01 -1.463860130310058594e+01 3.086636132434042445e-01 -8.348893583185313938e-01 -4.557263797784775194e-01
2.090819168090820312e+01 -2.998070526123046875e+01 -9.560115814208984375e+00 4.926531644086805661e-01 -7.490565183995622212e-01 4.429528099484635884e-01
-2.144550895690917969e+01 3.183724212646484375e+01 -8.778492927551269531e+00 -5.523775463187443613e-01 7.747765036135606520e-01 3.075718058782851982e-01
-1.835791587829589844e+01 -3.842205047607421875e+01 -6.363821983337402344e+00 -1.634355232717585593e-01 -2.693337422685808669e-01 -9.490775337181299731e-01
9.260471343994140625e+00 -1.286170482635498047e+01 -1.278621768951416016e+01 1.114066685328597012e-01 -1.607781348059275084e-01 -9.806828975641088686e-01
-4.121673965454101562e+01 -5.149391937255859375e+01 3.597694873809814453e+00 2.079678486125404249e-02 1.125647249966513358e-01 -9.934267343019629326e-01
3.157568740844726562e+01 -1.899031996726989746e+00 -3.789808988571166992e+00 -1.550933385340629023e-01 2.038744937939426793e-02 9.876894290464797166e-01
-2.128835487365722656e+01 3.618030929565429688e+01 -1.252128005027770996e+00 1.138520083850140668e-01 -1.503762935995609784e-01 9.820512667421987807e-01
-4.400143432617187500e+01 9.779909849166870117e-01 7.040659785270690918e-01 3.515421097673093187e-01 1.151200227868879634e-02 9.361012866479163641e-01
2.082790374755859375e+01 1.675475502014160156e+01 -1.128632164001464844e+01 1.853340219410941347e-02 -1.370317437954155469e-02 -9.997343327179653016e-01
-3.853850936889648438e+01 -2.112451076507568359e+00 -1.484660530090332031e+01 -6.442777522307662208e-01 2.183883343977815472e-01 -7.329479608945194125e-01
-3.350141906738281250e+01 -5.165663146972656250e+01 6.035467147827148438e+00 2.161821876516654417e-01 2.957987162403915571e-01 9.304667544908180599e-01
-3.831644058227539062e+00 -4.462574768066406250e+01 -1.267477035522460938e+00 4.693808755748287709e-01 -1.244732792344231537e-01 8.741784694221407248e-01
1.931760025024414062e+01 3.334269714355468750e+01 -1.582167625427246094e+01 5.374254556826857376e-01 8.417074053770410291e-01 -5.198579919273207950e-02
-1.276458549499511719e+01 -9.735592842102050781e+00 -1.318789482116699219e+01 -1.082655130222734061e-02 -9.500879432506603717e-02 -9.954175580065872664e-01
-5.188053512573242188e+01 2.795546340942382812e+01 7.614284992218017578e+00 3.890391646161121542e-01 -1.076962993474677860e-01 9.149043859888628116e-01
-3.362081527709960938e+01 -4.505703353881835938e+01 -1.967139989137649536e-01 -2.995121286052763732e-01 -3.084414444521653698e-01 -9.028600999947877792e-01
3.339828014373779297e+00 3.786511230468750000e+01 -1.142703247070312500e+01 9.369360206721880080e-02 9.694609776973476256e-01 2.266427180691509002e-01
-2.825164413452148438e+01 4.202294158935546875e+01 1.927649021148681641e+00 2.915716043675166125e-01 -2.114776612434732250e-01 9.328789837495232717e-01
-3.373287200927734375e+01 -2.583279418945312500e+01 -6.552360057830810547e-01 2.083912797340302381e-01 1.028375831608156488e-01 9.726240311756930712e-01
-3.454619598388671875e+01 1.688183975219726562e+01 -1.551855182647705078e+01 -8.308115048968184313e-02 4.613492948146599715e-02 -9.954743043971807648e-01
-1.273440170288085938e+01 -1.863335037231445312e+01 -1.170490646362304688e+01 -8.230658790946626668e-02 -1.491652940342611811e-01 -9.853808099625106509e-01
1.448473548889160156e+01 -1.602559661865234375e+01 -5.012650966644287109e+00 -2.676675507741447732e-02 4.600776580541802996e-02 9.985824083710965748e-01
-5.368002700805664062e+01 -4.320944976806640625e+01 1.086763668060302734e+01 7.463722869388520476e-01 6.703090421316441894e-02 6.621444458500224117e-01
-6.664645385742187500e+01 8.323266983032226562e+00 1.446072387695312500e+01 8.370610927827210057e-01 -9.766009370505285281e-02 5.383226105663008187e-01
-2.845054435729980469e+01 2.652598953247070312e+01 -1.579905796051025391e+01 -2.632245032359517012e-01 1.829667523541825547e-01 -9.472254369626851300e-01
3.591102600097656250e+01 9.264420270919799805e-01 -8.936688423156738281e+00 9.879169261449378681e-01 -6.262160856116125163e-03 1.548577811340124399e-01
-5.782536983489990234e+00 -3.681355285644531250e+01 -3.002873897552490234e+00 1.912675823198322841e-02 1.695848081318852008e-01 9.853299751709611032e-01
6.249024868011474609e+00 2.988144874572753906e+00 -5.305221080780029297e+00 5.380654115419854222e-02 -8.113247207127821659e-02 9.952499073622790293e-01
-3.675599670410156250e+01 3.417143630981445312e+01 2.439398050308227539e+00 3.705352623425365310e-01 -3.367927827631047588e-01 8.656062851201068442e-01
2.081341171264648438e+01 2.255374526977539062e+01 -6.103258132934570312e+00 3.214716119069156441e-01 3.302769968025949798e-01 8.874531582686648878e-01
-3.962653350830078125e+01 -3.918657064437866211e+00 -9.239699840545654297e-01 3.366461847997047618e-01 4.414203167783661147e-02 9.405959957915810410e-01
-2.404343414306640625e+01 2.313788795471191406e+01 -2.706523895263671875e+00 1.470059590606964672e-01 -8.259505713315982989e-02 9.856811373551869204e-01
-6.641548156738281250e+01 -8.614310264587402344e+00 1.138778877258300781e+01 9.844279433955127612e-01 7.761988573333758468e-02 1.577237382286657275e-01
-3.760459136962890625e+01 -1.066117191314697266e+01 -8.007415771484375000e+00 -9.478066117500812959e-01 -3.081132224057299140e-01 -8.202968305185580344e-02
-3.402442169189453125e+01 -3.650173187255859375e+01 -3.778820037841796875e+00 -3.660997441204384417e-01 -3.237709451312978381e-01 -8.724352998611045740e-01
-2.304907989501953125e+01 -5.291138839721679688e+01 -1.170580014586448669e-01 -1.879314771321719812e-01 -3.953862165004065621e-01 -8.990837000549023461e-01
-5.207981872558593750e+01 -2.232146644592285156e+01 1.936451911926269531e+00 -4.947634833339542015e-01 -1.736690131533606962e-01 -8.514976038895176735e-01
-5.252972412109375000e+01 1.835797691345214844e+01 1.662881970405578613e+00 -5.216630761492244694e-01 1.140831573791262349e-01 -8.454896026474469917e-01
-3.142047882080078125e+00 2.535799217224121094e+01 -1.149782562255859375e+01 2.730600614219853058e-03 1.644063246415448931e-01 -9.863889213885892460e-01
-3.022342300415039062e+01 3.540983963012695312e+01 5.296970009803771973e-01 2.343281506978989459e-01 -2.989005620947767783e-01 9.250669012400827285e-01
-8.286708831787109375e+00 -3.668150329589843750e+01 -1.018109703063964844e+01 -1.474050431156800067e-01 -9.425442254242197837e-01 2.998034962830186112e-01
-5.121178817749023438e+01 4.070987319946289062e+01 7.838734149932861328e+00 8.006189904382650102e-01 3.674330558817529013e-01 -4.732886873727388255e-01
3.087812423706054688e+01 2.110440826416015625e+01 -1.336063098907470703e+01 5.490735346974993103e-01 8.217608747241533784e-01 -1.524051123400669283e-01
3.905100002884864807e-02 1.068100833892822266e+01 -1.375956916809082031e+01 1.107709365006736418e-02 3.305870191351596016e-02 -9.993920252954097139e-01
-6.131143188476562500e+01 2.802907943725585938e+01 1.323748970031738281e+01 8.866240599026239400e-01 -2.546942401261965694e-01 3.860422521542528074e-01
-1.859104728698730469e+01 1.680677032470703125e+01 -3.936466932296752930e+00 6.358684809569567498e-02 -3.167178149591900332e-02 9.974736141904355646e-01
-2.447909736633300781e+01 -1.613520050048828125e+01 -1.053265762329101562e+01 -9.914635693661888460e-02 -9.889588286930338368e-02 -9.901462539734710022e-01
-2.327059936523437500e+01 1.163057136535644531e+01 -1.122784042358398438e+01 -2.040999445125490641e-01 1.093547934256337562e-01 -9.728230783677016547e-01
-6.494206237792968750e+01 -3.152207374572753906e+01 8.711717605590820312e+00 -8.931300508013554351e-01 -4.445021202705156105e-01 6.882279731734418371e-02
-1.268122196197509766e+01 -4.867328262329101562e+01 -4.296687126159667969e+00 -1.371653934367010608e-01 -5.017531505208309150e-01 -8.540664088850323798e-01
-8.462799072265625000e+00 2.640112113952636719e+01 -3.800544977188110352e+00 3.071002581984631427e-02 -9.831375024385761996e-02 9.946815072308988759e-01
-5.065641403198242188e+01 -3.022591400146484375e+01 6.855172157287597656e+00 4.449674612698447107e-01 1.930579334055350371e-01 8.744899043215154100e-01
9.668160080909729004e-01 -2.573575973510742188e+01 -4.687666893005371094e+00 7.149698311602335418e-03 7.157554137803491534e-02 9.974095566468642593e-01
-5.234313583374023438e+01 -1.256413269042968750e+01 5.458152770996093750e+00 4.918865867873443709e-01 5.759031639106456518e-02 8.687525201095381844e-01
-4.209436416625976562e+01 -2.586845970153808594e+01 2.209727048873901367e+00 3.948297004279668898e-01 1.090415805216577300e-01 9.122606214110640099e-01
-6.614689636230468750e+01 -1.441185951232910156e+01 1.486809349060058594e+01 7.529358723670769304e-01 1.261297940358617475e-01 6.458938358269881164e-01
-4.294009399414062500e+01 5.169817924499511719e+00 -4.718981742858886719e+00 -3.301784867247845590e-01 5.645501058387419890e-02 -9.422287401072554358e-01
-3.920294189453125000e+01 -1.873134994506835938e+01 -2.902900055050849915e-02 2.865762592130958741e-01 1.286048758905933842e-01 9.493865564418918490e-01
-2.660906982421875000e+01 -4.558075714111328125e+01 -2.522851943969726562e+00 -3.484643821407849007e-01 -4.420963147515397096e-01 -8.265128086499013982e-01
1.062838554382324219e+01 1.409751129150390625e+01 -1.302090263366699219e+01 1.038452392385856710e-01 -3.103571759068818325e-02 -9.941091240508317384e-01
-2.694618988037109375e+01 -5.403460693359375000e+01 5.480141162872314453e+00 1.715676207770183981e-01 2.101963266400144748e-01 9.624874314857090329e-01
-2.694542312622070312e+01 -2.803327941894531250e+01 -1.952201008796691895e+00 1.859464258624732858e-01 1.678305020030091965e-01 9.681202659310410574e-01
-4.342931365966796875e+01 1.672627449035644531e+01 1.440600037574768066e+00 4.681798015827817183e-01 -8.940548706687298508e-02 8.790985907577387737e-01
-5.983883666992187500e+01 -2.747764587402343750e+01 9.273539543151855469e+00 -8.733174139949825832e-03 -5.948995656342775246e-02 9.981907015883902945e-01
-2.537501525878906250e+01 5.273659825325012207e-01 -1.157816600799560547e+01 -1.840812032362545980e-01 -4.571131412951961320e-02 -9.818475372356164632e-01
-2.071055030822753906e+01 -4.050223541259765625e+01 -5.301300287246704102e-01 1.537145703344734715e-01 3.304437869076158885e-01 9.312243202156194055e-01
-5.658077239990234375e+01 -3.803669929504394531e+00 7.491371154785156250e+00 5.327416161979647846e-01 3.665796470233196463e-02 8.454836272777035422e-01
-3.345444488525390625e+01 6.661820888519287109e+00 -1.422673511505126953e+01 8.640927299288763130e-01 -2.219172170771230579e-01 -4.517704094435660567e-01
-6.528283691406250000e+01 1.821751213073730469e+01 1.505344581604003906e+01 7.715941713603906571e-01 -1.016570056558537133e-01 6.279397167911565658e-01
-4.371341705322265625e+01 -3.344101715087890625e+01 7.705300301313400269e-02 -4.326287786088334197e-01 -2.505761153931236329e-01 -8.660507781382804637e-01
-3.328245544433593750e+01 -7.546167850494384766e+00 -1.426349735260009766e+01 8.428955992731389513e-01 2.512217407852589957e-01 -4.758304799850469058e-01
-4.359920883178710938e+01 -1.167099571228027344e+01 8.924729824066162109e-01 3.809939782139713516e-01 1.077721610016755538e-01 9.182748770807797056e-01
1.192904853820800781e+01 -2.856250572204589844e+01 -4.187697887420654297e+00 -7.053533096919926970e-02 1.967397689194613497e-01 9.779152470488342574e-01
3.124231719970703125e+01 1.726218795776367188e+01 -8.135540962219238281e+00 5.076825236999306101e-01 3.448188778482795813e-01 7.895304912472491665e-01
-3.736073684692382812e+01 -1.735786247253417969e+01 -6.084446907043457031e+00 -3.854644601565144768e-01 -1.662518420485965820e-01 -9.076218788524742509e-01
-5.550370216369628906e-01 3.592950057983398438e+01 -3.209130048751831055e+00 8.339025892060057676e-02 -1.292401949010922590e-01 9.881007219606121605e-01
1.091909599304199219e+01 2.589423370361328125e+01 -1.165379524230957031e+01 -9.261992936651851360e-02 -1.981599047060577379e-01 -9.757838904445118589e-01
-5.086963272094726562e+01 -1.028869032859802246e+00 -1.669765949249267578e+00 -5.734084301074469092e-01 -1.403907477339796060e-02 -8.191493616314550197e-01
-2.325601577758789062e+01 -9.989561080932617188e+00 -1.163256645202636719e+01 -1.566212236295974336e-01 -6.779761283466521904e-02 -9.853290191619693550e-01
3.269083023071289062e+00 2.021623039245605469e+01 -4.795389175415039062e+00 1.113875804335659990e-02 -6.667411010737725463e-02 9.977126295234720610e-01
-6.640653991699218750e+01 2.176601886749267578e+00 1.114098453521728516e+01 4.588676721229970612e-01 -1.676183882691038574e-01 8.725505918824933982e-01
9.985271453857421875e+00 3.185472011566162109e+00 -1.322886753082275391e+01 9.949998158537765036e-02 1.377438816926857545e-01 -9.854574454134186201e-01
-5.900924301147460938e+01 -3.366355133056640625e+01 1.170366287231445312e+01 9.136918195847774093e-01 3.585249082052088254e-01 1.913822066449883952e-01
-1.670420074462890625e+01 -1.205533504486083984e+01 -4.749684810638427734e+00 7.708756649219976331e-02 1.523351387656257314e-02 9.969079431659090273e-01
3.568914031982421875e+01 -6.860236167907714844e+00 -1.635072708129882812e+01 1.539510545076137327e-01 -9.174179360880227452e-02 -9.838102033021581816e-01
-2.995708465576171875e+01 -3.316661834716796875e+01 -2.663840055465698242e-01 2.653130559075357886e-01 1.897565578807073328e-01 9.453049408028452172e-01
5.001665115356445312e+00 -8.008812904357910156e+00 -1.387977790832519531e+01 7.697960442965139094e-02 -1.101655343140765242e-01 -9.909276944112261898e-01
3.743365859985351562e+01 5.177859783172607422e+00 -1.521371841430664062e+01 9.696261947444417828e-01 1.918997713795146942e-01 -1.516559270516779634e-01
-5.843708419799804688e+01 -2.043655395507812500e+01 9.306834220886230469e+00 2.673122112700098696e-01 5.248826016236818326e-02 9.621793825743021333e-01
-5.706819534301757812e+01 3.072421264648437500e+01 9.483802795410156250e+00 1.808500802212796577e-01 8.521164652551919960e-03 9.834737608278733001e-01
-6.400306701660156250e+01 1.237790489196777344e+01 1.067776584625244141e+01 1.344339771700075181e-01 2.529292486163643716e-02 9.905997040854583879e-01
2.406232833862304688e+01 -1.303103065490722656e+01 -4.526292800903320312e+00 -1.123655283396066407e-01 5.702675591057485699e-02 9.920292017633738357e-01
-5.971280097961425781e+00 -3.843474960327148438e+01 -1.571411895751953125e+01 -1.717857495683629832e-01 -8.636007697941652239e-01 -4.740077706706515848e-01
1.996012878417968750e+01 -3.257214736938476562e+01 -3.980319976806640625e+00 3.070111123076116333e-02 -9.516356798229976821e-01 3.056909790245990188e-01
-1.946689987182617188e+01 -3.288377380371093750e+01 -9.194984436035156250e+00 -4.495685738792219444e-01 -8.823088857458787349e-01 -1.393525296292401350e-01
-2.741232872009277344e+00 -3.040298652648925781e+01 -1.114848804473876953e+01 5.450961426305195312e-02 6.273196491823224141e-01 -7.768518260921200014e-01
-4.278495407104492188e+01 -9.275503158569335938e+00 -4.745887756347656250e+00 -3.605230051271386960e-01 -4.875759231435963792e-02 -9.314750989510153234e-01
-3.782661819458007812e+01 -2.914238548278808594e+01 -4.133153915405273438e+00 -2.568727529360815831e-01 -1.103385396223614673e-01 -9.601259268830537597e-01
6.668859004974365234e+00 9.492716789245605469e+00 -5.266366958618164062e+00 3.395881707001981165e-02 -1.430901778161976223e-02 9.993207947167567218e-01
-1.104526042938232422e+00 -4.314670181274414062e+01 -6.442539215087890625e+00 1.070806891778962044e-01 -5.156538356304287696e-01 -8.500793185372842453e-01
-4.261531829833984375e+01 1.434552574157714844e+01 -4.024840831756591797e+00 -3.767287492804243798e-01 9.279349176342842342e-02 -9.216641564864926917e-01
2.481647109985351562e+01 1.769242858886718750e+01 -4.623431205749511719e+00 6.665180603639278001e-01 7.099291648933653276e-01 2.274956176336513924e-01
-1.212308883666992188e+01 8.089822769165039062e+00 -4.623402118682861328e+00 3.956620020862537668e-02 3.076300975708466667e-02 9.987432868518999474e-01
-1.942717742919921875e+01 2.953382873535156250e+01 -2.208128929138183594e+00 -1.019660206961098547e-01 -2.510249676928375528e-01 9.625951361908131609e-01
1.372816658020019531e+01 3.511831665039062500e+01 -1.705472755432128906e+01 1.695276913924180506e-01 3.199713491332658588e-01 -9.321366303203596493e-01
-3.179906845092773438e+01 -1.584897327423095703e+01 -1.582938003540039062e+01 -3.459988438171681530e-02 7.709800091507886498e-03 -9.993715059892995800e-01
-6.326050949096679688e+01 5.554757118225097656e+00 6.906263828277587891e+00 -3.858357964034752619e-01 4.738894074038068650e-03 -9.225552997499125718e-01
3.004506301879882812e+01 -2.102148628234863281e+01 -1.090079784393310547e+01 7.926771226454135677e-01 -5.191191666936730842e-01 3.196533591343195257e-01
-1.676860618591308594e+01 -4.751919174194335938e+01 1.254284024238586426e+00 1.235145919221410510e-01 3.847271371707028931e-01 9.147290175274545021e-01
-2.178112792968750000e+01 4.130823135375976562e+01 -4.646708965301513672e+00 -1.997082518392636064e-01 2.740023692478039674e-01 -9.407652819879650519e-01
-2.092942237854003906e+01 -2.684923362731933594e+01 -1.579112434387207031e+01 1.679714935276016008e-01 3.080784300038925116e-01 -9.364151100491935331e-01
1.412459969520568848e+00 2.930717086791992188e+01 -1.166567516326904297e+01 -9.758602944172879712e-02 -4.286588038292156733e-01 -8.981807149775061783e-01
-3.118153762817382812e+01 1.717810630798339844e+01 -2.121654033660888672e+00 2.034213588334042311e-01 -9.079036802498989533e-02 9.748727403329412455e-01
1.568553543090820312e+01 -5.199641227722167969e+00 -5.296300888061523438e+00 -4.939061932657861503e-02 -5.415894527619753707e-02 9.973100698223731353e-01
-6.443744659423828125e+01 2.401494216918945312e+01 6.781352996826171875e+00 -5.533410786894773503e-01 1.332027358158034414e-01 -8.222351742694731236e-01
-5.596709060668945312e+01 1.359156990051269531e+01 3.301645040512084961e+00 -5.607770189359215784e-01 1.188935004609733836e-01 -8.193860326985551445e-01
-1.843607902526855469e+01 -2.024641418457031250e+01 -1.076517963409423828e+01 -1.634787046042752157e-01 -2.262098037203655043e-01 -9.602623796867718609e-01
-3.437013244628906250e+01 2.796583557128906250e+01 -9.958499670028686523e-02 2.192210745162932739e-01 -2.140522241075172027e-01 9.519053344963179786e-01
-1.129233741760253906e+01 -2.943956184387207031e+01 -1.225965309143066406e+01 2.729121016027744040e-01 8.226084784040310627e-01 -4.988329139667526113e-01
1.826670074462890625e+01 -1.158504486083984375e+01 -1.183591651916503906e+01 9.557689083756318316e-02 -9.992637736696366457e-02 -9.903937484880139808e-01
1.040505599975585938e+01 3.231549072265625000e+01 -6.966856002807617188e+00 2.994791372974296428e-01 3.594961925013467341e-01 8.837843254440654883e-01
-2.743095779418945312e+01 -1.685811996459960938e+01 -3.252733945846557617e+00 1.656132871982615440e-01 1.046994990646482326e-01 9.806172821233561931e-01
3.981240987777709961e+00 -8.459872245788574219e+00 -5.608457088470458984e+00 -4.773956482740742118e-04 7.190371662705645484e-02 9.974114635538389173e-01
-3.209532165527343750e+01 2.410562038421630859e+00 -2.718189954757690430e+00 1.997169014409369281e-01 -5.031725926709281621e-02 9.785608477241868330e-01
-5.040239810943603516e+00 4.108265686035156250e+01 -2.223092079162597656e+00 4.718441732208755179e-01 1.949370523778830577e-01 8.598619783475315304e-01
2.782905197143554688e+01 -1.363205432891845703e+01 -1.523407840728759766e+01 -8.143168043616310081e-01 3.979966538441706003e-01 -4.224769883237482482e-01
-4.375497436523437500e+01 3.185966491699218750e+01 4.535583019256591797e+00 3.652829378147132711e-01 -2.249959567305608865e-01 9.032968475514303597e-01
-4.969506072998046875e+01 4.426054000854492188e+00 3.476764917373657227e+00 4.481469240496416262e-01 -5.612593191403867504e-03 8.939422986202815169e-01
1.387984991073608398e+00 3.807242965698242188e+01 -1.688188552856445312e+01 -3.605604807788150706e-02 3.908401811718670293e-01 -9.197520938701621018e-01
2.275173187255859375e+01 -2.490866088867187500e+01 -1.612537956237792969e+01 1.847160396135925572e-02 -2.535307135894068059e-02 -9.995078897236194804e-01
-2.359477996826171875e+01 1.025784778594970703e+01 -3.840342998504638672e+00 6.297202248725375373e-02 -1.158164983438423300e-02 9.979480897175857512e-01
-2.863664627075195312e+01 -4.517145156860351562e+01 2.881730079650878906e+00 1.848624712190392871e-01 3.519278122414735699e-01 9.175906939947243712e-01
-4.965736770629882812e+01 -3.472030639648437500e+01 3.351563930511474609e+00 -4.330917851503598981e-01 -2.233533161061413697e-01 -8.732381128991476560e-01
-7.017074584960937500e+01 1.236823081970214844e+01 1.050195407867431641e+01 -9.855186558568689303e-01 1.694921978209683044e-01 5.037244870780449232e-03
-3.888272094726562500e+01 2.260602188110351562e+01 4.596410095691680908e-01 3.230064849469668209e-01 -1.306223709712387715e-01 9.373391098658249154e-01
1.093478584289550781e+01 -3.429438400268554688e+01 -1.660079193115234375e+01 -4.051188454982439929e-02 1.285632736107965024e-01 -9.908734893459897330e-01
-1.254716110229492188e+01 -3.930371475219726562e+01 -6.920269012451171875e+00 -1.025307563678364148e-01 -2.802725507329308918e-01 -9.544290132347695854e-01
3.208815002441406250e+01 -1.057477760314941406e+01 -7.126502990722656250e+00 6.169665273065836342e-01 -1.069341479890625751e-01 7.796905746365719869e-01
-6.196943283081054688e+01 -3.719382095336914062e+01 7.751931190490722656e+00 -8.563399853565539788e-01 -5.117199276737877112e-01 6.945894543592330550e-02
-2.769963645935058594e+01 -3.432437133789062500e+01 -5.638980865478515625e+00 -2.009934287238859529e-01 -2.379769768670104979e-01 -9.502465996208849797e-01
-1.249714970588684082e+00 1.683386087417602539e+00 -5.146309852600097656e+00 5.738752678798586526e-02 -5.094812464489523185e-02 9.970511322717238167e-01
-1.342377853393554688e+01 1.397828483581542969e+01 -4.510548114776611328e+00 8.717193159836410243e-02 -6.452638424820791863e-02 9.941013027238535527e-01
-4.872744750976562500e+01 1.470656585693359375e+01 3.895843982696533203e+00 4.506370876000484471e-01 -8.890439240824553335e-02 8.882692296200892512e-01
3.555758285522460938e+01 1.050113487243652344e+01 -1.631498146057128906e+01 4.263771930581668479e-01 1.128757382444253859e-01 -8.974751010226494907e-01
-6.777194976806640625e+00 -8.624319076538085938e+00 -1.335231685638427734e+01 -3.257023560006098301e-02 -6.166289515045172975e-02 -9.975654700893675786e-01
-1.035919570922851562e+01 -1.546136569976806641e+01 -5.013985157012939453e+00 3.094659710307615455e-02 2.565730002566014162e-02 9.991916788500259106e-01
-4.831909179687500000e+01 -9.386886596679687500e+00 -2.624225139617919922e+00 -3.410417884091457297e-01 -4.990824923475162961e-02 -9.387223578976977567e-01
2.342752075195312500e+01 1.178222274780273438e+01 -4.366752147674560547e+00 -8.183349291401470493e-02 -3.407181569033931184e-02 9.960634471824850733e-01
-1.667237472534179688e+01 3.990373992919921875e+01 -1.147204995155334473e+00 9.762965243859182685e-02 -2.318298099752206243e-01 9.678447138728263344e-01
-5.787659454345703125e+01 6.494206905364990234e+00 8.529710769653320312e+00 4.947511135152891093e-01 3.278861782382003209e-02 8.684159384860372644e-01
-8.835083961486816406e+00 2.374382019042968750e+00 -1.385408020019531250e+01 -3.920739279589018945e-03 -4.221784807063232170e-02 -9.991007362162168670e-01
-3.475279235839843750e+01 -3.576573181152343750e+01 1.789286017417907715e+00 2.649173288441054597e-01 2.292426470247173886e-01 9.366251212001549531e-01
-5.018982315063476562e+01 -1.779862213134765625e+01 4.872820854187011719e+00 4.816739054857577251e-01 9.328225540231289969e-02 8.713717172373424136e-01
-6.833106994628906250e+01 -2.238086509704589844e+01 1.056640052795410156e+01 -9.528335839074364433e-01 -2.689419532707772453e-01 1.406356539040133080e-01
-4.599893951416015625e+01 -2.389192581176757812e+01 -1.537671089172363281e+00 -5.523559744143500261e-01 -2.329060894477857080e-01 -8.004109138604458273e-01
1.672683334350585938e+01 -2.117830657958984375e+01 -4.615787982940673828e+00 -8.763470176317268712e-02 8.713277793917746650e-02 9.923346401569793640e-01
-3.217490768432617188e+01 2.712090682983398438e+01 -5.664556980133056641e+00 -2.774568234278945167e-01 1.832621933587832985e-01 -9.430973860734797043e-01
2.727952957153320312e+01 2.562328338623046875e+01 -1.251991271972656250e+01 7.143143467127464064e-01 6.235562790277819900e-01 3.176988841109912864e-01
1.952218246459960938e+01 -2.175757026672363281e+01 -1.144560909271240234e+01 -5.811931950647662992e-01 5.151275013628423549e-01 -6.299667668616203420e-01
3.011438751220703125e+01 1.230691719055175781e+01 -1.601735115051269531e+01 8.338127429960130732e-02 -2.269250359880349913e-02 -9.962593103086127000e-01
-7.069427013397216797e+00 -4.764914703369140625e+01 -4.703492164611816406e+00 5.009946388743846679e-01 -8.210330074501570596e-01 -2.736954009414034328e-01
-2.870750045776367188e+01 3.312204360961914062e+01 -5.370496749877929688e+00 -1.927535404618718473e-01 2.064433035512684700e-01 -9.592847518116047745e-01
-3.973120117187500000e+01 3.216443252563476562e+01 -1.980365037918090820e+00 -1.139109767210624430e-01 1.621716545327923920e-01 -9.801656206216121658e-01
7.946362972259521484e+00 2.057918930053710938e+01 -1.260160541534423828e+01 7.859784356414971362e-02 1.988366833108987930e-01 -9.768758121465526134e-01
-1.155542755126953125e+01 -3.223860979080200195e+00 -4.941918849945068359e+00 3.293005920784515539e-02 -1.408662982827309403e-02 9.993583831942618456e-01
-1.145962333679199219e+01 -3.677123641967773438e+01 -1.617713546752929688e+01 -9.423051600279896967e-02 -5.112811678799956683e-01 -8.542319223870726841e-01
-5.411242294311523438e+01 3.284757614135742188e+01 5.123917102813720703e+00 -2.761859233149255299e-01 1.974563734975848944e-02 -9.609013714051686250e-01
2.309679794311523438e+01 -2.443865776062011719e+01 -3.443955898284912109e+00 -1.623467837285639259e-01 1.525143380560970985e-01 9.748758374789587844e-01
-4.734757900238037109e+00 -2.482275772094726562e+01 -4.658969879150390625e+00 2.349698426647710628e-02 5.622094947825057032e-02 9.981418218720949920e-01
8.822404861450195312e+00 3.652843475341796875e+01 -1.024693870544433594e+01 2.689573439223756912e-01 9.374771568537908495e-01 2.209038875338178443e-01
-1.166709899902343750e+01 4.485311508178710938e+01 -4.226140081882476807e-01 1.064355576436612910e-01 -2.895451090493043056e-01 9.512282070537591006e-01
3.181246185302734375e+01 9.157339096069335938e+00 -6.150908946990966797e+00 9.594496385149370310e-01 2.458697457892634330e-01 1.378566620047057267e-01
-3.505448913574218750e+01 -4.122983169555664062e+01 3.541607856750488281e+00 2.464540995905208642e-01 2.528385579629177093e-01 9.355923473405808322e-01
-4.194747924804687500e+01 -3.785350024700164795e-01 -5.302956104278564453e+00 -4.004217500029488841e-01 1.363347985976950082e-02 -9.162295292946461833e-01
-8.015789985656738281e+00 1.146990585327148438e+01 -1.365985488891601562e+01 -3.311932725804229288e-02 -6.176349532609520972e-03 -9.994323203040942349e-01
-6.474435424804687500e+01 -1.137230205535888672e+01 6.918992996215820312e+00 -7.370422881304496132e-02 -4.724650363754864107e-02 -9.961603558409164449e-01
-5.977154922485351562e+01 4.005308151245117188e+01 8.711138725280761719e+00 -8.462236863654492014e-01 5.179633785183678230e-01 1.249776425922162065e-01
2.134424972534179688e+01 8.703204154968261719e+00 -1.176041412353515625e+01 2.899127853042484659e-01 9.463037888814640475e-02 -9.523632018870840099e-01
-5.360100555419921875e+01 2.419356346130371094e+01 3.474670886993408203e+00 -5.101280613180300127e-01 1.557290062098681538e-01 -8.458828746823020550e-01
1.333108329772949219e+01 1.543829536437988281e+01 -4.855081081390380859e+00 1.742346823083653186e-03 -3.447944738668199532e-02 9.994038882931449708e-01
6.969113826751708984e+00 -2.522867202758789062e+01 -1.114819431304931641e+01 5.224436374625527485e-02 -1.336814224984418931e-01 -9.896463023401552705e-01
7.636761188507080078e+00 -1.769948959350585938e+01 -5.206637859344482422e+00 -4.302250307277860619e-02 1.193029817580391894e-01 9.919253312487757990e-01
8.491214752197265625e+00 -3.613023376464843750e+01 -3.027544021606445312e+00 -5.187713871531268034e-02 1.375582959825405460e-01 9.891342061040514499e-01
-7.120701599121093750e+01 2.879099920392036438e-02 1.263383483886718750e+01 -9.769035352749088075e-01 -1.789610591484288443e-02 2.129300640127399502e-01
1.828891754150390625e+01 3.206744003295898438e+01 -8.806650161743164062e+00 1.293411364426539367e-01 9.414377956321748897e-01 -3.113932359235734304e-01
-1.517072200775146484e+01 -4.050096988677978516e+00 -1.357392311096191406e+01 -1.290335395496651771e-01 -8.309517075681512044e-02 -9.881525885551182276e-01
-5.111972045898437500e+01 9.820724487304687500e+00 -7.146030068397521973e-01 -6.512329390388992278e-01 1.649469949900016219e-01 -7.407348702164125998e-01
-3.787705993652343750e+01 1.164900207519531250e+01 -9.180139899253845215e-01 2.755297986933267218e-01 -9.474221391222965860e-02 9.566123786231411907e-01
-1.901066780090332031e+01 -5.283044815063476562e+01 3.695301055908203125e+00 1.801934114730004144e-01 3.000055566722883427e-01 9.367641114109103162e-01
2.620287704467773438e+01 -2.364463090896606445e+00 -4.498885154724121094e+00 -7.877756863500207096e-02 -4.846524731931077870e-03 9.968804371026549482e-01
-2.663678932189941406e+01 -2.843089997768402100e-01 -3.826901912689208984e+00 1.197204740482325780e-01 -1.834277019587029697e-02 9.926381772202840237e-01
1.477333068847656250e+00 -3.382385253906250000e+01 -3.646951913833618164e+00 9.241847016670065584e-03 2.090977022092288251e-01 9.778510823200744495e-01
-4.354053497314453125e+01 2.734107208251953125e+01 -2.009670019149780273e+00 -3.813924725120385606e-01 2.760599505933575282e-01 -8.822305172626634384e-01
-2.962986373901367188e+01 1.946019554138183594e+01 -1.569296169281005859e+01 -1.343540414208819755e-01 7.027230742328222091e-02 -9.884385637778827505e-01
-4.760674667358398438e+01 -1.851698112487792969e+01 -1.858137011528015137e+00 -5.580623073998369765e-01 -2.049413743977777369e-01 -8.040929636052785989e-01
-4.788904571533203125e+01 3.789798355102539062e+01 3.672240972518920898e+00 -1.485823122012454034e-01 9.412699808018076819e-01 -3.032063979244106755e-01
-4.032735824584960938e+01 -4.022768783569335938e+01 4.941671848297119141e+00 2.938135430237320822e-01 2.298093272677624865e-01 9.278261017219658902e-01
-8.473525047302246094e+00 4.135992813110351562e+01 -6.430059909820556641e+00 -1.153428183096113363e-01 2.023422311999516776e-01 -9.724986661879908567e-01
2.775122070312500000e+01 -1.819198036193847656e+01 -3.410057067871093750e+00 -1.161130605017743900e-01 1.479623389603487993e-01 9.821531975360535682e-01
-5.226370811462402344e+00 -7.644023895263671875e+00 -5.229406833648681641e+00 4.428115577662616181e-02 -3.049316289142138536e-02 9.985536271327462021e-01
-4.561577606201171875e+01 -3.136568832397460938e+01 4.918202877044677734e+00 4.279699811587479585e-01 1.992785141662270776e-01 8.815496407002171297e-01
-4.886277770996093750e+01 -2.522142410278320312e+01 5.237683773040771484e+00 4.686882184764773474e-01 1.527627558364216265e-01 8.700545352393767029e-01
-5.611453628540039062e+01 -2.735688924789428711e+00 2.180567979812622070e+00 -5.656209741385854750e-01 -1.692328932929434981e-02 -8.244916712088694588e-01
-4.262930297851562500e+01 -4.757571411132812500e+01 7.025084018707275391e+00 1.098676473712554558e-01 8.621210057590042442e-02 9.902002695290466061e-01
-6.101456451416015625e+01 1.624480247497558594e+01 6.672041893005371094e+00 -3.349462991250738986e-01 6.635412988494543418e-02 -9.398979232606210488e-01
2.822533798217773438e+01 5.911807060241699219e+00 -1.206555271148681641e+01 -7.291191235552653138e-01 -1.677636791881837175e-01 -6.635063312518169054e-01
-5.502256870269775391e+00 1.761267471313476562e+01 -4.735184192657470703e+00 6.872268464150560474e-02 -6.027847838852434109e-02 9.958130836953431597e-01
2.324506378173828125e+01 -3.000263214111328125e+01 -1.443143653869628906e+01 5.150611376240183947e-01 -8.534619675728921662e-01 7.946505153877081451e-02
-4.350543212890625000e+01 2.431290054321289062e+01 2.674059867858886719e+00 4.437166928364213447e-01 -1.828530838560508132e-01 8.773142231963648729e-01
-3.350408172607421875e+01 2.178334617614746094e+01 -6.541629791259765625e+00 -4.966974968017134340e-01 2.781646475797129314e-01 -8.221411226229751179e-01
-5.672654724121093750e+01 -3.747721481323242188e+01 5.033435821533203125e+00 -2.428517415686819864e-02 -4.655947427297532637e-02 -9.986202710097540347e-01
1.925217437744140625e+01 2.781172943115234375e+01 -1.689628791809082031e+01 1.039885110734202200e-01 9.276449419039850541e-02 -9.902429692668019978e-01
2.791044998168945312e+01 -2.323859977722167969e+01 -1.627762413024902344e+01 1.123399327284122645e-01 -4.756634980074584546e-02 -9.925306956871454700e-01
-3.583931732177734375e+01 -2.284136962890625000e+01 -5.649468898773193359e+00 -3.174683147364728009e-01 -1.847060252767779853e-01 -9.301062054221754805e-01
-7.093267059326171875e+01 -5.972631931304931641e+00 1.247642993927001953e+01 -9.830795893882674497e-01 -8.721083181365489601e-02 1.610862866372117508e-01
-3.874646759033203125e+01 -3.450049972534179688e+01 -2.231637001037597656e+00 -4.541736858696229229e-01 -3.512905120249793511e-01 -8.187314817599411487e-01
-4.692967987060546875e+01 -4.147953033447265625e+01 7.237545013427734375e+00 2.529237644085838288e-01 2.091087221993725292e-02 9.672602053327701288e-01
-5.265182495117187500e+01 -4.729719543457031250e+01 6.977283000946044922e+00 -4.129862422731793714e-01 -7.103618362079300308e-01 5.699372117631702483e-01
4.422091007232666016e+00 -3.031346702575683594e+01 -1.235418987274169922e+01 -1.881070191704686534e-01 8.726366200660867767e-01 -4.506895590741336055e-01
-2.102897262573242188e+01 -8.588325500488281250e+00 -4.434126853942871094e+00 7.395998929069784456e-02 1.024000567647763774e-02 9.972086352754199190e-01
-6.277376937866210938e+01 3.444786071777343750e+01 9.711012840270996094e+00 -8.673592503482369098e-01 4.693548502347786311e-01 1.655111941725782576e-01
2.625080108642578125e+00 -1.907977676391601562e+01 -1.236518859863281250e+01 1.468590321511894364e-02 -1.369068148778270211e-01 -9.904750619206748041e-01
-3.141619873046875000e+01 -5.557720947265625000e+01 3.109014034271240234e+00 -3.259072504735373021e-01 -3.309096319766627881e-01 -8.855976962220760695e-01
-2.775524520874023438e+01 -1.868521881103515625e+01 -1.394750690460205078e+01 6.873431411761166121e-01 5.452562612612941173e-01 -4.798489510601271490e-01
-3.917713928222656250e+01 2.006042289733886719e+01 -4.527956962585449219e+00 -3.150936168342733934e-01 1.334819070248111084e-01 -9.396268371685196907e-01
-2.537585449218750000e+01 3.051343536376953125e+01 -1.318352031707763672e+01 -5.856825134364410657e-01 7.721743121599796700e-01 2.464200176427132627e-01
-5.224798965454101562e+01 -6.056839942932128906e+00 -4.507029950618743896e-01 -6.170991325316678155e-01 -2.783985379498933252e-02 -7.863927791945555246e-01
-1.740412521362304688e+01 -3.227647399902343750e+01 -2.832848072052001953e+00 8.957911254958086933e-02 1.016828992670654047e-01 9.907755399642612648e-01
-1.131571292877197266e+01 -2.152864646911621094e+01 -4.583065032958984375e+00 2.746899825747426555e-02 4.640428024686415326e-02 9.985449899275953278e-01
-5.844342041015625000e+01 -1.251825141906738281e+01 4.361524105072021484e+00 -5.246475801239429693e-01 -1.142292853528337898e-01 -8.436211158084367945e-01
1.316917037963867188e+01 -9.976892471313476562e+00 -5.391185760498046875e+00 -7.398516208558268692e-02 1.475063079865261695e-02 9.971502467944396431e-01
-6.081171417236328125e+01 3.940455245971679688e+01 1.397266483306884766e+01 -8.153835411378204112e-01 5.052752201268554400e-01 2.825714648850903288e-01
-7.898910999298095703e+00 -2.063941955566406250e+01 -1.184766292572021484e+01 -8.608052669075706709e-02 -1.261001344560556681e-01 -9.882757201382651457e-01
-5.453134059906005859e+00 3.452067947387695312e+01 -1.647727775573730469e+01 -3.485131305212714470e-02 1.290561015808328604e-01 -9.910246760920236042e-01
3.090744018554687500e+00 -1.413076400756835938e+01 -5.380521774291992188e+00 1.401696466193277056e-02 6.412123082824436326e-02 9.978436713527510937e-01
1.151179122924804688e+01 -2.216199874877929688e+00 -1.326635169982910156e+01 1.070211124055976543e-01 -2.817848141861698658e-02 -9.938573613373343774e-01
-2.653063058853149414e+00 -1.183865928649902344e+01 -1.355578327178955078e+01 6.092407541995709108e-02 2.796414541613281499e-02 -9.977506019067935439e-01
-4.270496368408203125e+01 -2.870639991760253906e+01 -2.129829883575439453e+00 -5.162480265441994343e-01 -2.843898482439885522e-01 -8.078430474448491383e-01
-1.575438594818115234e+01 -3.843415451049804688e+01 -1.838382959365844727e+00 9.280525269471334715e-02 2.419558532952981456e-01 9.658387806090696914e-01
-2.588377380371093750e+01 -3.693594741821289062e+01 -4.607659876346588135e-01 1.942847557019776183e-01 2.402490893002127148e-01 9.510698233001830815e-01
-3.309603118896484375e+01 1.187586784362792969e+01 -1.545591354370117188e+01 1.707558244270298287e-01 -4.624066106166793005e-02 -9.842277427957544234e-01
4.365481853485107422e+00 3.375442981719970703e+00 -1.387873840332031250e+01 4.137788574420626919e-02 -1.310229207381025628e-02 -9.990576562510052883e-01
4.673245906829833984e+00 3.393454742431640625e+01 -1.688935661315917969e+01 -1.279133167937321520e-02 1.450999101203579167e-01 -9.893343205999336476e-01
-6.145497512817382812e+01 -1.629118728637695312e+01 6.296585083007812500e+00 -2.697647449188332880e-01 -5.294852092639591723e-02 -9.614694152860941978e-01
-1.403946590423583984e+01 3.556287002563476562e+01 -2.208265066146850586e+00 9.692396556452255452e-02 -1.090816413662645673e-01 9.892961843735620375e-01
6.446395874023437500e+00 -2.514179039001464844e+01 -4.694530963897705078e+00 2.871198019068566323e-03 5.503341360066024007e-02 9.984803851901118410e-01
-6.494207763671875000e+01 -7.929350137710571289e-01 7.154229164123535156e+00 -1.130081441071135451e-01 -1.106321157184032150e-02 -9.935324678716758173e-01
2.239760971069335938e+01 -6.817512035369873047e+00 -4.846590995788574219e+00 -1.216346449324172824e-01 3.880622548541982214e-02 9.918160565426128450e-01
-1.771535873413085938e+01 -3.472230529785156250e+01 -1.596388530731201172e+01 -2.901257169408212322e-01 -5.073388755912906500e-01 -8.114396673094922408e-01
-5.997399520874023438e+01 -2.697060108184814453e-01 4.739926815032958984e+00 -5.852289406062072263e-01 2.158235264001823542e-02 -8.105808344215018613e-01
-4.843930816650390625e+01 2.143592453002929688e+01 -3.373900055885314941e-01 -5.771638703433661366e-01 1.795962902830329500e-01 -7.966348217890294459e-01
2.736662673950195312e+01 -5.321113109588623047e+00 -1.113388156890869141e+01 -3.414645157430287736e-01 5.742686356770381612e-02 -9.381386570380495504e-01
1.001696014404296875e+01 -3.615636444091796875e+01 -1.180036735534667969e+01 2.605210260980174719e-01 -9.292714011916113348e-01 2.618844361320765146e-01
-5.532350540161132812e+01 -3.146577072143554688e+01 8.692617416381835938e+00 1.038390236897598212e-01 -6.065512482576793096e-02 9.927428735536347748e-01
-2.935769844055175781e+01 -2.281254386901855469e+01 -2.163975000381469727e+00 1.901454984410520244e-01 6.616453779195327622e-02 9.795238350144325201e-01
-1.532339286804199219e+01 -4.365822982788085938e+01 -5.555458068847656250e+00 -1.226400401538366713e-01 -2.626636510550970360e-01 -9.570617675811062819e-01
-1.040891265869140625e+01 -3.913056182861328125e+01 -2.234522104263305664e+00 1.199244082996254318e-01 2.122628840674561645e-01 9.698260691182468696e-01
1.577235794067382812e+01 2.552473640441894531e+01 -1.332345771789550781e+01 -4.740967191560120364e-01 -7.110276115951021936e-01 -5.192995632916224125e-01
-1.410277557373046875e+01 1.996392059326171875e+01 -1.164589309692382812e+01 -1.093819790261155306e-01 2.353932447070290479e-01 -9.657254283752846336e-01
-1.280022239685058594e+01 -5.183559799194335938e+01 2.313884019851684570e+00 3.229221115163345424e-01 4.415655492081463351e-02 9.453948955602399229e-01
-1.426071739196777344e+01 3.585033798217773438e+01 -1.093210506439208984e+01 -3.113303976575421683e-01 9.112332416173209992e-01 2.696801121068918561e-01
-1.905901145935058594e+01 -2.209355163574218750e+01 -4.068262100219726562e+00 9.257174222739024405e-02 8.646186661840800369e-02 9.919449673050648730e-01
-1.985954999923706055e+00 -1.660438728332519531e+01 -5.207616806030273438e+00 -1.604392271719378392e-03 5.485995918649837211e-02 9.984927695299021799e-01
-6.593693542480468750e+01 2.881176376342773438e+01 1.531922626495361328e+01 -7.737542839872750822e-01 4.009706714303620245e-01 4.904353460590132885e-01
-2.981515502929687500e+01 -4.148472976684570312e+01 -3.265108108520507812e+00 -2.775735345083741867e-01 -4.225326517879529620e-01 -8.627972479751943036e-01
3.297693634033203125e+01 -1.666027450561523438e+01 -1.206144618988037109e+01 8.591069537496075492e-01 -4.228797539967306118e-01 2.882845047496210844e-01
-2.550867462158203125e+01 1.637150573730468750e+01 -1.052910423278808594e+01 -1.368362152605739034e-02 -6.083455452005061964e-02 -9.980540644064722633e-01
-4.003511810302734375e+01 -3.519214630126953125e+01 3.526202917098999023e+00 3.771248208060630769e-01 2.255110735057160309e-01 8.982881638195475693e-01
-3.589029073715209961e+00 9.623694419860839844e+00 -4.847919940948486328e+00 3.248519312240114726e-02 -2.719243395014740022e-02 9.991022388943322508e-01
2.506723403930664062e+01 2.308582305908203125e+01 -1.635083961486816406e+01 3.928561404851814709e-01 -3.412391527553319120e-02 -9.189665996592888408e-01
1.741075992584228516e+00 -3.865591430664062500e+01 -7.649744033813476562e+00 -9.462549980352038051e-03 -3.308836690454820539e-01 -9.436241082692139459e-01
-4.655966186523437500e+01 9.546671867370605469e+00 -2.957531929016113281e+00 -3.529322739610353254e-01 6.090895462966544605e-02 -9.336642379584934037e-01
-3.551652526855468750e+01 -1.236431121826171875e+01 -1.557654953002929688e+01 1.154331415045871667e-01 1.011637576648637543e-01 -9.881503347049511721e-01
3.313780975341796875e+01 1.307086944580078125e+00 -1.618408966064453125e+01 1.181539251768991688e-01 -1.298005767357219425e-02 -9.929104531971060243e-01
1.135819435119628906e+01 8.321745872497558594e+00 -1.302927017211914062e+01 1.733033655617205460e-01 8.788199889093310790e-02 -9.809397013863363490e-01
8.928537368774414062e+00 2.076140975952148438e+01 -4.711129188537597656e+00 -2.891611187771919028e-02 -1.092221846892666576e-01 9.935966852025921447e-01
-4.733296966552734375e+01 -2.562738895416259766e+00 2.161406040191650391e+00 4.497532664615027098e-01 7.095104438365423816e-02 8.903302469354150706e-01
2.522291183471679688e+01 -2.816319847106933594e+01 -7.412862777709960938e+00 2.864764957025501269e-01 -1.566059678833184587e-01 -9.452014537829043217e-01
-5.644209289550781250e+01 -8.868381500244140625e+00 7.548457145690917969e+00 4.950049625811636655e-01 3.030632612604026652e-02 8.683614533227295151e-01
-3.637482452392578125e+01 -4.963274002075195312e+01 2.392386913299560547e+00 -2.927593501774029550e-01 -3.176661502962350725e-01 -9.018759226410661967e-01
-3.731727600097656250e+01 1.463301849365234375e+01 -1.178271293640136719e+01 -8.828993759590854085e-01 3.175982879873060494e-01 3.458612718975482281e-01
-1.769748115539550781e+01 -8.717947959899902344e+00 -1.269110393524169922e+01 -1.724401861841829142e-01 -1.253468423373695073e-01 -9.770120527940353572e-01
1.807241439819335938e+01 2.556833028793334961e+00 -5.095238208770751953e+00 5.297674225894526828e-02 -1.444415222979288094e-01 9.880941814502736120e-01
1.750543212890625000e+01 5.467366218566894531e+00 -1.232378768920898438e+01 8.297359108648710846e-02 -2.252806962497362619e-02 -9.962970788179521531e-01
-4.973752021789550781e+00 -1.239611029624938965e+00 -1.395744800567626953e+01 -4.301331232600471254e-03 -4.958039738583053940e-02 -9.987608736552961997e-01
2.724034881591796875e+01 8.357728004455566406e+00 -4.187511920928955078e+00 -1.143171914895908803e-01 -4.254052690220634647e-02 9.925330640844237662e-01
3.173188781738281250e+01 -3.593359947204589844e+00 -1.631226539611816406e+01 -2.604512171261542108e-01 -8.197427612582562986e-03 -9.654522078684378839e-01
-1.847372436523437500e+01 1.082609081268310547e+01 -1.245169448852539062e+01 -1.701969908266126874e-01 1.109800894670185251e-01 -9.791406456967550742e-01
-5.450560760498046875e+01 2.257572364807128906e+01 8.133446693420410156e+00 4.632693061556240055e-01 -1.081239231228712516e-01 8.795969345231975378e-01
-6.241947174072265625e+01 -2.137843894958496094e+01 6.395906925201416016e+00 -1.648073975262605295e-02 6.638189238735786590e-02 -9.976581727126178079e-01
-5.570585250854492188e+01 1.265794038772583008e+00 7.082940101623535156e+00 5.366586571485350010e-01 3.484066242445941434e-03 8.437922416033163397e-01
-5.241289901733398438e+01 -5.860882759094238281e+00 5.013035774230957031e+00 5.287184484826895625e-01 8.692951381563450430e-02 8.443340937459739015e-01
-5.493810272216796875e+01 3.776953887939453125e+01 5.956247806549072266e+00 -5.341213562543109528e-02 7.057937153429315602e-01 -7.064010016629020949e-01
-4.355875396728515625e+01 -6.620771884918212891e+00 5.714390277862548828e-01 3.667643507636820788e-01 8.722714324448270495e-02 9.262155993559497702e-01
2.911916351318359375e+01 -1.301129627227783203e+01 -3.939136981964111328e+00 5.671363457237116323e-01 -1.152404716649449851e-01 8.155219181907961135e-01
-7.086849975585937500e+01 5.219771862030029297e+00 1.260949325561523438e+01 -9.831214189744954535e-01 1.050920861446389548e-01 1.497595705901380025e-01
-3.414076232910156250e+01 -2.011475753784179688e+01 -1.134815216064453125e+01 -8.091214601185310329e-01 -4.965358925074459528e-01 3.142842188648526935e-01
-1.692547798156738281e+01 5.412333011627197266e+00 -4.634677886962890625e+00 2.992267010096331947e-02 -4.984048414034213115e-02 9.983088499831528351e-01
6.289311885833740234e+00 -3.251134872436523438e+01 -1.645985221862792969e+01 3.361282478411542485e-02 -7.732629416994410421e-02 -9.964390710123601780e-01
-6.950040435791015625e+01 -1.759730911254882812e+01 1.129010200500488281e+01 -9.512484949700904524e-01 -2.701848945466793217e-01 1.487495330276290273e-01
-3.663471603393554688e+01 2.678543090820312500e+00 -1.511206340789794922e+01 -2.646969252582722087e-01 -1.217946898552147300e-01 -9.566094246252692113e-01
-2.524591445922851562e+01 -4.204589462280273438e+01 8.111870288848876953e-01 1.700615486653544450e-01 2.766027338422525905e-01 9.458171056269458754e-01
1.590990829467773438e+01 1.577959060668945312e+01 -1.233080863952636719e+01 2.203890984304865686e-01 1.407824935741070760e-01 -9.651989094461586038e-01
-6.696464538574218750e+01 -2.846409606933593750e+01 1.505232906341552734e+01 -8.655782880110298727e-01 -3.432197758018638578e-01 3.646565683247909861e-01
4.672720134258270264e-01 1.951834297180175781e+01 -1.289781761169433594e+01 -8.318822762822152689e-03 1.794244066437753471e-01 -9.837365904999010313e-01
-1.704056739807128906e+01 4.468011474609375000e+01 1.805679947137832642e-01 1.060661354055692507e-01 -2.435521457975023119e-01 9.640707065343078197e-01
-3.532457351684570312e+01 7.433487892150878906e+00 -1.880228042602539062e+00 2.502572940801458534e-01 4.570189042638709426e-02 9.671001106251295720e-01
-4.386976242065429688e+00 3.742467498779296875e+01 -8.738587379455566406e+00 -5.124524952052921661e-02 9.833183561224854152e-01 1.745248833666752930e-01
-5.815976142883300781e+00 2.111627197265625000e+01 -1.228725051879882812e+01 -8.874613745483278526e-02 2.062406357055974748e-01 -9.744685337508846024e-01
-7.028098297119140625e+01 -1.221621990203857422e+01 1.305411815643310547e+01 -9.911606197807066865e-01 -1.305848798995238036e-01 2.341399020997236499e-02
3.349010467529296875e+01 1.291973304748535156e+01 -8.999734878540039062e+00 9.256418430381999629e-01 3.275415766932471273e-01 1.894827009363807824e-01
-5.299622726440429688e+01 -2.745680046081542969e+01 3.478641033172607422e+00 -4.482356058903610441e-01 -1.702824398336582612e-01 -8.775469972009460884e-01
-1.968053245544433594e+01 5.689790248870849609e-01 -1.288293647766113281e+01 -2.336456659671710678e-01 -1.201351137120705657e-03 -9.723210681303797731e-01
-2.578405952453613281e+01 4.359156036376953125e+01 -2.291568994522094727e+00 -3.828411529719862316e-01 6.428926928869743707e-01 -6.634166390916154121e-01
2.110987854003906250e+01 -1.695119667053222656e+01 -1.086244773864746094e+01 1.025248879635509286e-01 -1.133605176451148444e-01 -9.882499888121897280e-01
-3.424655532836914062e+01 -1.429867362976074219e+01 -1.993973016738891602e+00 2.297242648458119318e-01 1.107205938097926418e-01 9.669372845471716493e-01
-5.828269577026367188e+01 -4.394474029541015625e+01 1.256342601776123047e+01 -2.235869510993608866e-01 -9.745607383077186103e-01 -1.549976281129276066e-02
-4.634126281738281250e+01 -1.546297740936279297e+01 2.482559919357299805e+00 4.489213034795053736e-01 1.089751740659216372e-01 8.869013895127033642e-01
9.655699729919433594e-01 -3.757368850708007812e+01 -1.578436851501464844e+01 -7.599785738485194397e-02 -4.493650307235425578e-01 -8.901097656108156730e-01
-5.566180419921875000e+01 1.084473609924316406e+01 7.432433128356933594e+00 5.333890989273704086e-01 -6.091282343399612859e-02 8.436739281776738375e-01
-2.297566986083984375e+01 3.575655364990234375e+01 -5.868707180023193359e+00 -1.729230012369896152e-01 2.301268106347160725e-01 -9.576738936977898797e-01
-5.365339660644531250e+01 2.487358093261718750e+00 5.883219838142395020e-01 -5.530378353133481584e-01 4.639334327781340778e-02 -8.318634565909437395e-01
-5.565312957763671875e+01 8.513330459594726562e+00 2.368122100830078125e+00 -6.101106347655919082e-01 3.820118929669169550e-02 -7.913947703151980040e-01
-8.026554107666015625e+00 -3.214451599121093750e+01 -3.705641031265258789e+00 6.446392581742024785e-02 1.756709256618819159e-01 9.823360566248720005e-01
-3.888240051269531250e+01 3.757648468017578125e+01 -8.362100124359130859e-01 -2.419213704625073069e-01 2.552133867866075989e-01 -9.361304277281301545e-01
-7.112638854980468750e+01 8.303137779235839844e+00 1.649863433837890625e+01 -9.187346428465411607e-01 1.335479927831577929e-01 3.716067675073048138e-01
-1.387367820739746094e+01 4.829891967773437500e+01 -4.334741115570068359e+00 -1.713785019095901696e-01 4.118586650625751799e-01 -8.949870664406821552e-01
-3.303556060791015625e+01 3.734699630737304688e+01 -3.024792909622192383e+00 -2.666180489398166653e-01 1.386620380488294002e-01 -9.537754741990750462e-01
-2.817470550537109375e+01 -2.670351409912109375e+01 -1.030860328674316406e+01 -6.609379850489555119e-01 -7.074111648989842571e-01 2.504604234119408024e-01
-3.289442443847656250e+01 -4.699338150024414062e+01 4.670266151428222656e+00 1.796264608296039289e-01 3.010696845586219306e-01 9.365315689337986305e-01
-1.999229049682617188e+01 -4.970935058593750000e+01 -2.226505041122436523e+00 -2.176111124694711796e-01 -4.804397791555804487e-01 -8.496016845173602894e-01
-4.731156921386718750e+01 9.507485389709472656e+00 2.523962974548339844e+00 4.443134418508598027e-01 -8.403660087101955112e-02 8.919211933263430092e-01
-1.321687984466552734e+01 4.026792526245117188e+01 -6.152450084686279297e+00 -9.985185063075067979e-02 2.066427200182051893e-01 -9.733079647208747742e-01
-5.854206085205078125e+01 2.057695770263671875e+01 5.873916149139404297e+00 -4.364840560665679825e-01 1.050543668710164635e-01 -8.935576359703983895e-01
-3.798283767700195312e+01 -2.343985557556152344e+01 2.265360057353973389e-01 2.991013194740666514e-01 1.339627302003598142e-01 9.447710768255651592e-01
-7.170407867431640625e+01 -3.296031951904296875e+00 1.649507331848144531e+01 -8.391371220884435989e-01 1.614128370818575936e-02 5.436803742028732955e-01
-4.047052860260009766e+00 -3.899940490722656250e+01 -7.557858943939208984e+00 -5.996239337283325310e-02 -2.061997250567769724e-01 -9.766709705768423788e-01
-2.083282279968261719e+01 2.039508819580078125e+01 -1.070648097991943359e+01 -8.176324170809791403e-02 4.828679657015738647e-02 -9.954813697816627949e-01
-2.300720977783203125e+01 -3.538856887817382812e+01 -6.295558929443359375e+00 -1.638414606396006168e-01 -2.833606187347092464e-01 -9.449141418805017123e-01
2.074637603759765625e+01 -5.291739702224731445e-01 -1.194407463073730469e+01 1.044232739559640272e-01 2.097168505120940510e-02 -9.943118063678166862e-01
-7.024903869628906250e+01 -8.730093002319335938e+00 8.404379844665527344e+00 -5.799340943492814482e-01 6.368464912654933944e-04 -8.146631455011484890e-01
-2.616080474853515625e+01 -5.779819107055664062e+01 2.542806148529052734e+00 -1.379262969384318915e-01 -3.749703916735719345e-01 -9.167189001984302754e-01
-3.009790039062500000e+01 3.047592544555664062e+01 -6.768400073051452637e-01 1.952762977278977574e-01 -1.791114904896260740e-01 9.642542411212252640e-01
-4.658623504638671875e+01 6.850559711456298828e-01 -3.368208885192871094e+00 -2.717076601175852368e-01 4.677477026130068966e-02 -9.612424607248836184e-01
-3.853611755371093750e+01 5.605555057525634766e+00 -7.209695816040039062e+00 -8.977030646530970159e-01 1.410391058027672673e-01 -4.174172712607776004e-01
-2.796988677978515625e+01 -2.313862800598144531e+01 -1.579377746582031250e+01 -5.842301775833780297e-02 5.995385192933955221e-02 -9.964899832084835873e-01
1.724576568603515625e+01 -3.314603805541992188e+01 -7.924256801605224609e+00 5.119162028111685636e-01 -4.646145169550615628e-01 -7.225476814259453873e-01
1.938858032226562500e+01 -1.512178134918212891e+01 -4.733918190002441406e+00 -7.880194258242954886e-02 4.098822535367100534e-02 9.960472976860044181e-01
2.311244964599609375e+00 3.821094512939453125e+01 -6.738766193389892578e+00 4.646481965564027705e-01 3.865858378437212473e-01 7.966513939079944429e-01
-5.783865928649902344e+00 -1.354530715942382812e+01 -5.181994915008544922e+00 4.116751111181463779e-02 -8.190806635778605238e-03 9.991186849996920305e-01
-5.364948272705078125e+01 5.540173053741455078e+00 6.030955791473388672e+00 5.261225466017153130e-01 -7.798898552787114635e-02 8.468251201361822744e-01
-5.394867324829101562e+01 -2.006423759460449219e+01 7.075129985809326172e+00 5.064662188361036543e-01 4.367597517096465098e-02 8.611529355292968368e-01
-8.788008689880371094e+00 -4.475644302368164062e+01 -7.798029780387878418e-01 3.907749952697051055e-02 3.240634145000470534e-01 9.452279367503324536e-01
-2.488384628295898438e+01 3.904125595092773438e+01 1.229109987616539001e-01 2.256874312091672052e-01 -3.069084771705995474e-01 9.245930834886399996e-01
1.361785888671875000e+01 -3.032859420776367188e+01 -1.636224174499511719e+01 8.624995518623902735e-02 -1.215534602759939936e-01 -9.888304715800904088e-01
-5.631958389282226562e+01 -1.506443595886230469e+01 7.980024814605712891e+00 4.277559324760469295e-01 7.323782895751893007e-02 9.009223510609206675e-01
-6.135435485839843750e+01 -2.947992515563964844e+01 1.334239673614501953e+01 7.395960137220273234e-01 3.573269994345373290e-01 5.703640521295121335e-01
9.333929061889648438e+00 3.292447662353515625e+01 -1.699906158447265625e+01 -4.744491546807312089e-03 1.235940967159604997e-01 -9.923215149622263143e-01
-5.614728927612304688e+01 -3.901726150512695312e+01 1.054977893829345703e+01 8.681511225091690376e-01 4.830463844386173045e-01 -1.139290084519708202e-01
7.305638790130615234e+00 3.033512878417968750e+01 -3.938817977905273438e+00 4.107689882042792617e-01 4.474066551743310916e-01 7.944155859720716251e-01
-4.325950622558593750e+01 -3.836727523803710938e+01 1.323296070098876953e+00 -3.772961563038560451e-01 -2.386906779596412453e-01 -8.948040962654916219e-01
-3.957803344726562500e+01 -4.380720901489257812e+01 1.554188013076782227e+00 -3.448012061774854975e-01 -2.968027207921234978e-01 -8.905168573075660232e-01
-6.826071166992187500e+01 2.011829757690429688e+01 1.124232006072998047e+01 -9.408190429679648137e-01 2.875197134744353900e-01 1.794211324020146825e-01
-1.055167388916015625e+01 3.201457595825195312e+01 -1.643542480468750000e+01 -7.475448099171190519e-02 -3.124582503923371835e-02 -9.967123286030314944e-01
-4.756054687500000000e+01 2.726190567016601562e+01 5.277657032012939453e+00 4.356774509893425185e-01 -1.106181389694227551e-01 8.932797915716949033e-01
1.756237030029296875e+01 -4.162401199340820312e+00 -1.233321952819824219e+01 1.174386930668335771e-01 -1.204744498783185402e-01 -9.857454338201474542e-01
-1.257408332824707031e+01 2.389890289306640625e+01 -3.872179031372070312e+00 4.979882781563770011e-02 -4.026645247195267258e-02 9.979472378605556138e-01
-6.465430450439453125e+01 -4.121437072753906250e+00 1.064865875244140625e+01 6.776119314170055141e-02 -5.795805879657964232e-02 9.960167087577121992e-01
-3.122369945049285889e-01 5.894301891326904297e+00 -1.381235504150390625e+01 -9.062663776915878822e-02 4.434332756298797751e-02 -9.948972217406677476e-01
-2.150774955749511719e+01 -2.899218082427978516e+00 -4.414445877075195312e+00 8.622644821035295448e-02 -2.750573924190603814e-02 9.958957947183950665e-01
1.174706268310546875e+01 2.533196258544921875e+01 -4.266411781311035156e+00 -2.992949856352688717e-02 -1.236492366503810225e-01 9.918745340976922176e-01
3.555875396728515625e+01 -9.170486450195312500e+00 -1.154251480102539062e+01 9.377371433784192911e-01 -2.286852790157444248e-01 2.614423322455128318e-01
-1.982305908203125000e+01 -2.469385719299316406e+01 -1.152021694183349609e+01 4.836391947828184712e-01 5.628013226845800521e-01 -6.703340961448360780e-01
-3.880696868896484375e+01 8.962456703186035156e+00 -1.089780330657958984e+01 -9.310265728587548972e-01 2.135154838567001612e-01 2.959740846498571942e-01
-5.767977523803710938e+01 -2.275769233703613281e+01 5.292826175689697266e+00 -4.223769435191376820e-01 -1.282003559811522864e-01 -8.973084120355370175e-01
-1.074383354187011719e+01 2.816467285156250000e+01 -1.142422676086425781e+01 1.987104485649669183e-01 -6.722355018837760099e-01 -7.131714994573026267e-01
-6.493591308593750000e+01 -2.042185592651367188e+01 1.473484992980957031e+01 6.886921734369410020e-01 1.223024709932777759e-01 7.146643938490575554e-01
-5.846595382690429688e+01 3.386787033081054688e+01 1.263666629791259766e+01 8.707050674251967104e-01 -3.528842973257239057e-01 3.425570875941900684e-01
-2.615453338623046875e+01 -4.961316680908203125e+01 3.870820045471191406e+00 2.599954897007135113e-01 3.264047517356309935e-01 9.087696536414975323e-01
-5.705865859985351562e+01 -2.848311233520507812e+01 5.561233997344970703e+00 -2.558870763734270026e-01 -2.512005085227100865e-02 -9.663802497931335278e-01
-6.022929763793945312e+01 2.973227310180664062e+01 6.101968765258789062e+00 -1.236708141397612482e-01 -3.235344921783939176e-02 -9.917957370616780066e-01
-6.269349288940429688e+01 -3.642959594726562500e+01 1.231491088867187500e+01 -8.010031915647169987e-01 -3.608549679206617955e-01 -4.776793686460779620e-01
-2.020071220397949219e+01 -1.758239173889160156e+01 -4.244759082794189453e+00 5.990347585631646682e-02 -2.718633262164119047e-02 9.978338924384745345e-01
-3.399508285522460938e+01 -8.088657379150390625e+00 -2.357489109039306641e+00 2.421779358939558091e-01 3.357557195389595378e-02 9.696507249180561505e-01
1.773524999618530273e+00 2.459887695312500000e+01 -4.447529792785644531e+00 4.227651394395006562e-02 -5.310274671061876450e-02 9.976937379078485435e-01
-6.193366241455078125e+01 8.192788124084472656e+00 1.047869491577148438e+01 3.025406709674161587e-01 -2.424364393773018739e-02 9.528280999945405449e-01
-2.188100433349609375e+01 3.242961502075195312e+01 -1.565826034545898438e+01 -2.598914249841327018e-01 5.683799862894287624e-01 -7.806411713491324678e-01
2.172567749023437500e+01 3.071603393554687500e+01 -1.262371444702148438e+01 5.727179169865935782e-01 7.661435847949545908e-01 2.915787973088467266e-01
9.789857864379882812e+00 6.077822208404541016e+00 -5.417652130126953125e+00 3.295347093211896394e-02 -2.228606951346736101e-02 9.992083866036988171e-01
-3.903157043457031250e+01 5.850350260734558105e-01 -8.845454216003417969e+00 -9.258370671319332557e-01 -3.144992065184837315e-02 3.766120385961293504e-01
-4.389816284179687500e+01 3.637127304077148438e+01 5.521963119506835938e+00 2.291636758616624747e-01 4.342037246545157325e-01 8.711780157704371863e-01
-5.916389846801757812e+01 1.311596488952636719e+01 9.586988449096679688e+00 3.913036798041216735e-01 -6.346887986692960337e-02 9.180703303452250053e-01
3.960924148559570312e+00 -3.747460174560546875e+01 -1.184807491302490234e+01 1.051922653618838216e-01 -9.417064391083962427e-01 3.195677860013732552e-01
-2.736783981323242188e+01 1.986338996887207031e+01 -2.548083066940307617e+00 1.370902261013011159e-01 -5.621336077896346706e-02 9.889622480041532215e-01
-3.036746978759765625e+01 4.135867691040039062e+01 -2.113090991973876953e+00 -4.264903989537711104e-01 7.367740771312323300e-01 -5.246616994480103324e-01
1.385555076599121094e+01 -1.283574390411376953e+01 -1.225832176208496094e+01 8.177478189864263725e-02 -1.248553187566756595e-01 -9.887992892511595633e-01
-6.186005020141601562e+01 -8.175333023071289062e+00 1.021516990661621094e+01 2.709837403902660147e-01 -4.449858774895593984e-03 9.625736393653133716e-01
3.666399002075195312e+01 -4.680109024047851562e+00 -1.231531429290771484e+01 9.381601325140437320e-01 -1.507617414459306304e-01 3.116511881533943762e-01
-2.250251388549804688e+01 -2.666537475585937500e+01 -2.884103059768676758e+00 1.947463551079350874e-01 1.234473239640074965e-01 9.730542715482520810e-01
-4.975180816650390625e+01 3.302476882934570312e+01 3.151007890701293945e+00 -4.286677679753226333e-01 2.010744492196164801e-01 -8.808024810194864385e-01
-5.391744613647460938e+01 -3.381412124633789062e+01 5.004508018493652344e+00 -2.938399063951962487e-01 -8.464627524641819833e-02 -9.520993212352217849e-01
-7.014318847656250000e+01 1.703412055969238281e+00 8.506278991699218750e+00 -6.136014496654420558e-01 5.367587001464305119e-02 -7.877894147211162990e-01
1.714521408081054688e+01 1.100582122802734375e+01 -4.920198917388916016e+00 -1.858228608300675419e-02 -2.031599253075544106e-02 9.996209076902201618e-01
-3.371041488647460938e+01 -3.041789627075195312e+01 1.577759981155395508e-01 2.096705979880804371e-01 1.936716709474071152e-01 9.583994596261832255e-01
-6.082638931274414062e+01 2.484739875793457031e+01 9.987214088439941406e+00 1.771077043034095799e-01 1.151932432912326776e-02 9.841240603924774621e-01
-3.479859161376953125e+01 2.106612968444824219e+01 -8.944740295410156250e-01 2.342058507053097482e-01 -9.246944431796383368e-02 9.677794280531742954e-01
-5.579339861869812012e-01 -6.637738227844238281e+00 -5.475977897644042969e+00 5.091684244519072144e-02 -3.651687477865687287e-02 9.980350660231390725e-01
-4.525447082519531250e+01 5.321072101593017578e+00 1.323150992393493652e+00 3.865544657073376467e-01 4.160972630146399232e-03 9.222571937092634009e-01
1.899564361572265625e+01 -3.229570007324218750e+01 -1.299161148071289062e+01 5.293454371881280984e-01 -8.483761150610364954e-01 -7.167672010652719090e-03
9.464462280273437500e+00 -6.287364006042480469e+00 -1.339204788208007812e+01 1.419564743576416377e-01 -7.282133031654365596e-02 -9.871906671149586199e-01
-3.275481939315795898e+00 -3.481308364868164062e+01 -1.633427429199218750e+01 -3.405713622460610174e-04 2.363948604013281843e-02 -9.997204902926144499e-01
-6.605754852294921875e+01 -1.575714111328125000e+01 6.859856128692626953e+00 -1.031463984488241170e-01 4.853392919116302634e-02 -9.934813929834335200e-01
-6.656561279296875000e+01 -2.705992317199707031e+01 1.072353458404541016e+01 -9.068891847043050181e-01 -3.732265295031435004e-01 1.955862069303455908e-01
-3.426233673095703125e+01 -4.057301330566406250e+01 -1.770033001899719238e+00 -3.722770216393698206e-01 -4.105373527424112656e-01 -8.323874705703906418e-01
-2.087975978851318359e+00 -2.114137268066406250e+01 -4.967195034027099609e+00 1.830644873969898903e-02 5.429894388711875575e-02 9.983568994238906091e-01
-2.749079132080078125e+01 2.642317199707031250e+01 -1.829110980033874512e+00 1.777412911696979736e-01 -1.796274191515592478e-01 9.675443264792981113e-01
-2.147766304016113281e+01 6.094091892242431641e+00 -4.204403877258300781e+00 1.635494110919633592e-01 -9.591063998623314268e-02 9.818618738238608090e-01
-2.588000297546386719e+01 -1.010434818267822266e+01 -3.977638959884643555e+00 5.416767317347343652e-02 3.635490286486436212e-02 9.978698232839081639e-01
-1.991506767272949219e+01 4.654711532592773438e+01 -2.811639070510864258e+00 -3.960206845007311349e-01 6.885027219354133976e-01 -6.075620292077994478e-01
-3.412416076660156250e+01 -3.043706893920898438e+00 -1.434765338897705078e+01 8.567435071315123718e-01 8.269220390458018044e-02 -5.090702922007915854e-01
1.229193115234375000e+01 -2.068135833740234375e+01 -1.149645519256591797e+01 6.473759821205071763e-02 -1.321011708093204340e-01 -9.891199745473457927e-01
2.519567871093750000e+01 -1.338660001754760742e+00 -1.112084770202636719e+01 2.012201623423211516e-01 2.020765390922011490e-02 -9.793375807097443042e-01
-2.158680725097656250e+01 2.409112167358398438e+01 -1.322050857543945312e+01 4.459864540264473765e-01 -7.016197458857751368e-01 -5.557209866543603161e-01
-6.241975784301757812e+01 -2.901801300048828125e+01 5.886231899261474609e+00 -1.522117603963326071e-01 2.566240512652326333e-02 -9.880146866115764315e-01
2.772948980331420898e+00 1.179246520996093750e+01 -5.153014183044433594e+00 1.551686009667418639e-02 7.247778963694288812e-02 9.972493153981523140e-01
-4.013131141662597656e+00 2.720534896850585938e+01 -3.923182010650634766e+00 1.200663833667415109e-01 -9.259831123502575839e-03 9.927226798622035275e-01
-3.008543968200683594e+01 2.417569541931152344e+01 -8.495587348937988281e+00 -7.072721251815001775e-01 6.133415976438766348e-01 3.515369476184563302e-01
-3.847918701171875000e+01 1.552859497070312500e+01 -5.494198799133300781e+00 -3.741798239828559858e-01 1.417671681449660104e-01 -9.164559614953223798e-01
-4.810497283935546875e+01 -3.902993774414062500e+01 3.629212856292724609e+00 -3.926803280118715822e-01 -2.192859255511354910e-01 -8.931493955927366502e-01
1.578832244873046875e+01 -3.076988410949707031e+01 -3.400481939315795898e+00 -9.512462317272117607e-02 2.036591563048965603e-01 9.744096952100925746e-01
3.039188385009765625e+01 1.700884246826171875e+01 -1.517707633972167969e+01 1.157498957029993170e-01 2.860744184825263492e-01 -9.511905112723891831e-01
-2.978945541381835938e+01 -6.773042201995849609e+00 -3.346772909164428711e+00 2.097185253005046657e-01 3.448233409354144186e-02 9.771535748188423520e-01
-6.758749389648437500e+01 -2.410776519775390625e+01 1.627239799499511719e+01 -2.322668491053353490e-01 -1.265885150487470467e-01 9.643793126485203926e-01
-9.820718765258789062e+00 6.758883953094482422e+00 -1.381087493896484375e+01 -6.051964966209001217e-04 1.291269315363453331e-02 -9.999164445556040226e-01
-4.554003906250000000e+01 1.779220390319824219e+01 -2.607023954391479492e+00 -3.255616132750486780e-01 1.170206395161657170e-01 -9.382514619700708103e-01
-1.210888576507568359e+01 -1.411570739746093750e+01 -1.243097496032714844e+01 -1.220177391561182156e-01 -8.759665094681394482e-02 -9.886548933142097484e-01
-4.392061996459960938e+01 3.199407958984375000e+01 -3.978219926357269287e-01 -4.541538649009213002e-01 2.468727309072909770e-01 -8.560362852881484574e-01
1.527367019653320312e+01 6.350226879119873047e+00 -5.148952007293701172e+00 -1.294302877045066993e-03 -4.283311249215075722e-02 9.990814027166642353e-01
-3.802321624755859375e+01 -5.183506011962890625e+01 6.719027042388916016e+00 2.250931477571770090e-02 -1.278806894595967830e-02 9.996648418549893833e-01
-4.985997390747070312e+01 2.553384590148925781e+01 1.360964059829711914e+00 -4.915038416483653583e-01 1.978429138868190440e-01 -8.481050377575123367e-01
-6.789115905761718750e+01 2.161577606201171875e+01 1.640572929382324219e+01 -5.791997247230321610e-01 2.261367849563920840e-01 7.831920794864758451e-01
-1.493031501770019531e+01 1.351096916198730469e+01 -1.284556579589843750e+01 -1.794052524923311354e-01 1.079986888703397263e-01 -9.778292481719138562e-01
1.890946197509765625e+01 2.661571311950683594e+01 -6.894611835479736328e+00 1.884650298842376615e-01 2.086612181770454710e-01 9.596569327314865561e-01
-3.092117071151733398e+00 -4.036142349243164062e+01 -2.319473981857299805e+00 -1.998064805442202954e-02 2.151290582660400075e-01 9.763812073124369384e-01
-2.680428981781005859e+00 3.066600036621093750e+01 -1.305654239654541016e+01 -2.833773395376117457e-02 -8.663902755823450486e-01 -4.985627976601485489e-01
-1.177961540222167969e+01 -3.182962799072265625e+01 -1.624925231933593750e+01 -2.984104094989012065e-02 1.313719638850802118e-01 -9.908839081244604774e-01
-5.154410552978515625e+01 1.940018653869628906e+01 6.010992050170898438e+00 4.779241555450300938e-01 -1.561859094602401077e-01 8.644041087550704550e-01
6.496131896972656250e+00 -1.651756048202514648e+00 -5.587607860565185547e+00 8.888484920296124692e-02 -7.499614595949501486e-03 9.960136742851871672e-01
2.498217391967773438e+01 1.523513793945312500e+01 -1.264200210571289062e+01 -7.377265394057358483e-01 -4.463962690564839964e-01 -5.064483429026978012e-01
-5.406789398193359375e+01 4.175359344482421875e+01 1.107224369049072266e+01 5.096528481461948257e-01 6.065437835673334055e-01 6.102119410436798175e-01
-3.126905441284179688e+01 -2.482080650329589844e+01 -1.301976203918457031e+01 -6.998949115604508053e-01 -6.347012354501745390e-01 3.275690072180378332e-01
1.808382034301757812e+01 2.023277091979980469e+01 -1.147730445861816406e+01 -1.461319226730446556e-02 -4.913290011911636279e-02 -9.986853422062644814e-01
-1.394097328186035156e+01 -2.962923622131347656e+01 -3.633913993835449219e+00 1.334512880707344196e-01 1.960840645607171695e-01 9.714637375309540523e-01
-6.678009033203125000e+01 -2.029731369018554688e+01 6.977530002593994141e+00 -3.462650740375857183e-01 -1.533043663587165678e-02 -9.380114478055686655e-01
-6.566482543945312500e+01 9.610104560852050781e+00 7.450314044952392578e+00 -8.962520212105253015e-02 -1.890842993276303438e-02 -9.957960606581239826e-01
-4.131820678710937500e+01 -5.522568893432617188e+01 5.963781833648681641e+00 -3.882490216176829878e-01 -5.613769912215312852e-01 7.308341610379011088e-01
-1.495256328582763672e+01 1.957428169250488281e+01 -4.073764801025390625e+00 4.582264320937672053e-02 -7.646730930217454647e-02 9.960185921845995383e-01
-6.615206909179687500e+01 1.270418930053710938e+01 1.472934150695800781e+01 8.195378134624269340e-01 -1.215845894767075136e-01 5.599776423278028936e-01
2.697892761230468750e+01 -9.747181892395019531e+00 -1.144172668457031250e+01 -5.723983090061576240e-01 2.657611160823989405e-01 -7.757133523573828127e-01
3.169876861572265625e+01 -6.339191913604736328e+00 -5.283782958984375000e+00 7.186352630482877313e-01 -4.076775518539311333e-02 6.941911471926605071e-01
2.058013916015625000e+00 -3.422424077987670898e+00 -1.405450344085693359e+01 -7.568823847394280657e-02 2.466958450379098250e-02 -9.968263149401314083e-01
-5.446882629394531250e+01 -1.431418895721435547e+01 1.999482989311218262e+00 -5.338304671252649403e-01 -1.261566299942442626e-01 -8.361277038092426173e-01
-6.368804168701171875e+01 -2.292948913574218750e+01 1.038097572326660156e+01 9.867339438559571407e-01 1.004851114968658699e-01 1.275102600182882739e-01
-1.662985610961914062e+01 5.974992752075195312e+00 -1.327899551391601562e+01 -1.999525689286651420e-01 6.291860902637691488e-02 -9.777833189500695354e-01
-1.228758049011230469e+01 -4.731936264038085938e+01 5.488470196723937988e-01 7.094702539994270085e-02 4.197902097106589459e-01 9.048440193856512881e-01
-4.246153259277343750e+01 9.800661087036132812e+00 -4.513063907623291016e+00 -3.525847832171854490e-01 9.253869545223317172e-02 -9.311930844286210318e-01
-3.122154617309570312e+01 9.382861137390136719e+00 -1.160671424865722656e+01 7.915144609207502846e-01 -3.221455143151014111e-01 -5.193526025351109521e-01
-3.971861267089843750e+01 -1.367591762542724609e+01 -5.632645130157470703e+00 -3.767927980337347216e-01 -9.020490365086940299e-02 -9.218949304054375737e-01
-4.383853912353515625e+01 -1.999212074279785156e+01 -3.531754970550537109e+00 -2.886334097337877047e-01 -9.380299675234422818e-02 -9.528335387599070616e-01
-1.986904335021972656e+01 -5.605011367797851562e+01 8.733890056610107422e-01 -2.952292159805507132e-02 -6.360379123481397778e-01 -7.710928421118531384e-01
-1.961949157714843750e+01 -3.640546417236328125e+01 -1.748216986656188965e+00 1.435152670840723899e-01 2.343546618431221196e-01 9.614994854840969163e-01
-5.208820343017578125e+01 1.412601470947265625e+01 6.945430040359497070e-01 -5.481196119191693583e-01 1.224457397585467233e-01 -8.273886220178287010e-01
-6.584626770019531250e+01 -1.336712646484375000e+01 1.063947772979736328e+01 3.258834224265128587e-01 -1.306799969456303584e-02 9.453196403183242724e-01
-2.521065521240234375e+01 3.071141433715820312e+01 -6.772715091705322266e+00 -3.047861691147364382e-01 3.531543302591625966e-01 -8.845266588043380063e-01
-7.014857482910156250e+01 -1.573535919189453125e+01 1.598022556304931641e+01 -9.337329210350482356e-01 -5.535495576269019308e-02 3.536646166184387319e-01
-4.679770660400390625e+01 1.868820953369140625e+01 3.380856990814208984e+00 4.386926118718317280e-01 -1.405922769475083101e-01 8.875711824703332864e-01
-3.112970352172851562e+01 6.681316852569580078e+00 -2.769462108612060547e+00 1.922303513609092962e-01 -6.556962910387929833e-02 9.791568392013819677e-01
-4.696718978881835938e+01 -1.350680351257324219e+01 -2.984432935714721680e+00 -2.964871157639001886e-01 -4.142364340481399787e-02 -9.541380780332973099e-01
-8.542649269104003906e+00 1.265819072723388672e+00 -5.000125885009765625e+00 5.702906363761059416e-02 -2.421009816557852593e-03 9.983695831765335704e-01
-4.860352039337158203e+00 4.370480728149414062e+01 -5.837264060974121094e+00 4.109575240103447991e-01 8.754266669667173373e-01 2.544446191665902246e-01
-3.644771575927734375e+01 -1.114915966987609863e+00 -1.884299993515014648e+00 2.980360666623413923e-01 6.374608265219969261e-02 9.524237186856170378e-01
-2.615233898162841797e+00 -2.451001739501953125e+01 -1.152815437316894531e+01 -1.730451843579524154e-02 -1.278056279415475394e-01 -9.916482617885092887e-01
-2.544007110595703125e+01 3.484396743774414062e+01 -8.309490084648132324e-01 1.480783120208711001e-01 -3.080271453322866448e-01 9.397830022124746829e-01
-1.067723274230957031e+01 -2.392369651794433594e+01 -1.108915901184082031e+01 -1.106017615264143078e-01 -1.850969375117401394e-01 -9.764765097384724424e-01
-1.511259841918945312e+01 -2.390526962280273438e+01 -4.299863815307617188e+00 5.557355571125947163e-02 3.073889687741660284e-02 9.979813125125975848e-01
-4.445383834838867188e+01 -5.225748443603515625e+01 6.394806861877441406e+00 -6.440945178700858975e-02 -1.627640393384139905e-01 9.845604552381433949e-01
-3.986352539062500000e+01 -5.467577934265136719e+00 -1.227555656433105469e+01 -9.263846211239341599e-01 1.907362369677572389e-01 3.247017426076498903e-01
-4.231164550781250000e+01 -1.580888557434082031e+01 7.798020243644714355e-01 3.886970630062910326e-01 1.333830795650002843e-01 9.116597760656330873e-01
-3.895207977294921875e+01 6.620771884918212891e+00 -1.508942031860351562e+01 -5.107726304031994236e-01 2.536513560781554488e-02 -8.593415676706170903e-01
-5.971305847167968750e+01 -8.089065551757812500e+00 4.831041812896728516e+00 -5.568179283779300937e-01 -4.504974843726552297e-02 -8.294120295743542259e-01
-1.757116317749023438e+01 -4.342535400390625000e+01 1.214329972863197327e-01 4.200535238881213385e-01 4.544457167986995505e-01 7.855151988042546884e-01
-5.158024597167968750e+01 2.902170181274414062e+01 3.248008966445922852e+00 -4.539951885287831224e-01 1.957213081502396645e-01 -8.692419331398328897e-01
5.791344165802001953e+00 -1.603280639648437500e+01 -1.267399692535400391e+01 8.139628417386014780e-02 -1.804251443631336160e-01 -9.802149826462716042e-01
-1.092273330688476562e+01 -4.489441299438476562e+01 -5.714179992675781250e+00 -9.876886225698816579e-02 -2.257660992316607995e-01 -9.691616894441195118e-01
-1.405378818511962891e+01 3.484468841552734375e+01 -1.658475303649902344e+01 -3.901221760267729877e-02 -2.055697469475653225e-03 -9.992366191176318413e-01
-7.936566829681396484e+00 3.799410247802734375e+01 -1.311354827880859375e+01 -1.398149774581459170e-01 9.480854284004369692e-01 2.856322680180550799e-01
-5.518565368652343750e+01 3.459472656250000000e+01 8.916363716125488281e+00 1.201695689012157731e-01 7.499972063346299622e-02 9.899163179860197559e-01
-4.001917266845703125e+01 3.676068878173828125e+01 3.538959980010986328e+00 6.650339979940414481e-02 9.268566923529265589e-01 3.694779691073787342e-01
-2.136380004882812500e+01 -4.128963851928710938e+01 -5.236114978790283203e+00 -1.557634065746007768e-01 -2.643684739806496098e-01 -9.517599860980804349e-01
-1.790237236022949219e+01 3.358672714233398438e+01 -1.803400993347167969e+00 3.797512986111413469e-02 -1.523757865464150062e-02 9.991625021530657902e-01
-5.272536087036132812e+01 -1.024667453765869141e+01 3.900510072708129883e-01 -5.608328882283016847e-01 -8.633766405873632976e-02 -8.234150103358464090e-01
-7.119924068450927734e+00 -3.020057678222656250e+01 -1.156273555755615234e+01 1.889852560129047510e-01 8.401080091932319194e-01 -5.084320071544682351e-01
-1.806734657287597656e+01 3.049941635131835938e+01 -1.610193634033203125e+01 -8.310802693086470627e-02 6.175943529436964119e-02 -9.946249685242067873e-01
6.634347915649414062e+00 2.615558624267578125e+01 -1.149039077758789062e+01 -2.784802387530301709e-02 1.101728147914761285e-01 -9.935222385267294953e-01
-6.369421768188476562e+01 1.676733970642089844e+01 1.063576698303222656e+01 2.997778457917602557e-01 -5.981658539337872393e-02 9.521319337593546761e-01
2.195403289794921875e+01 -2.866686439514160156e+01 -3.070431947708129883e+00 -1.050708628735813888e-01 1.178029335814038264e-01 9.874626993535586816e-01
-3.530241394042968750e+01 -1.838205146789550781e+01 -1.566481685638427734e+01 -4.725572183016785166e-01 -2.347809605248225573e-01 -8.494513382213376707e-01
-3.331033325195312500e+01 -2.632620811462402344e+01 -5.814493179321289062e+00 -2.901086769844821167e-01 -1.643538964001058644e-01 -9.427750273932890002e-01
1.876190567016601562e+01 -2.470771598815917969e+01 -1.455494976043701172e+01 -5.788607375907376396e-01 6.959125796459145752e-01 -4.250010917238634112e-01
-6.872268199920654297e+00 3.715009689331054688e+01 -2.605551004409790039e+00 1.280074839979106205e-02 -1.996510491815547406e-01 9.797834451556678426e-01
-6.024669265747070312e+01 -3.169481992721557617e+00 9.627497673034667969e+00 3.074704505675573407e-01 -5.161187754357080514e-03 9.515436322989858642e-01
-6.694485473632812500e+01 -6.092626094818115234e+00 7.227495193481445312e+00 -9.163063195965270857e-02 7.445792823775611649e-03 -9.957652270770956937e-01
-2.753861999511718750e+01 1.179014205932617188e+01 -3.141022920608520508e+00 1.995107761127412338e-01 -9.179201503705351761e-02 9.755868368271114477e-01
-2.929276466369628906e+01 2.515295982360839844e+00 -1.054533386230468750e+01 -2.463409140123837826e-01 5.428621070252027253e-02 -9.676616978113296019e-01
-5.251502227783203125e+01 1.424820327758789062e+01 5.846055984497070312e+00 4.402572229976182139e-01 -7.970459847659649988e-02 8.943269841507132112e-01
-2.529430770874023438e+01 -3.038974571228027344e+01 -1.318783187866210938e+01 -5.923135658313555263e-01 -7.394724859340312539e-01 3.199141795524052534e-01
-4.187715530395507812e+01 -4.917054176330566406e+00 -5.306241989135742188e+00 -3.570740297023880516e-01 -3.322719379974740234e-02 -9.334849173416205348e-01
5.223580837249755859e+00 -3.870624160766601562e+01 -4.186088085174560547e+00 5.542655831221980911e-01 -7.958960018696988881e-01 2.435964235657776811e-01
-5.550683975219726562e+01 2.856064987182617188e+01 5.204648017883300781e+00 -3.611861115190007632e-01 8.943066943299078642e-02 -9.281954256569846518e-01
-2.519549942016601562e+01 -4.933113479614257812e+01 -1.079861998558044434e+00 -2.439787892007743986e-01 -3.680507100131985565e-01 -8.972251809211020390e-01
1.161746215820312500e+01 -1.651589393615722656e+01 -1.207664394378662109e+01 1.055759983650354644e-01 -1.226538445658267723e-01 -9.868179887813396389e-01
-6.343492126464843750e+01 2.183429145812988281e+01 1.355177402496337891e+01 9.008010264908902220e-01 -2.921941804714244251e-01 3.212165493426377694e-01
-5.129162597656250000e+01 -1.817702865600585938e+01 7.049109935760498047e-01 -5.395086974012017755e-01 -1.497079606255337370e-01 -8.285637524981417368e-01
-1.462362003326416016e+01 -8.285465240478515625e+00 -4.933534145355224609e+00 -2.297788232813430254e-02 2.325365771711830967e-02 9.994654993177550795e-01
-1.798423957824707031e+01 3.405195617675781250e+01 -9.979942321777343750e+00 -4.223688330535994573e-01 8.781908901825830061e-01 2.244667665051178762e-01
-4.809584426879882812e+01 -4.561955642700195312e+01 4.141241073608398438e+00 2.294705234621127396e-02 1.533122356540669584e-01 -9.879113275934090499e-01
3.395974731445312500e+01 -1.299731445312500000e+01 -1.016620635986328125e+01 9.205348874921316371e-01 -3.164348058371555528e-01 2.290950339152948712e-01
3.160904693603515625e+01 -1.194572830200195312e+01 -1.615333366394042969e+01 -8.943689311376921969e-02 2.692204285028661909e-02 -9.956285681713454849e-01
-2.216652488708496094e+01 1.898604393005371094e+01 -3.403922080993652344e+00 1.502760608317588176e-01 -9.661780656372540022e-02 9.839116347496374981e-01
-6.403421783447265625e+01 1.968750381469726562e+01 7.046640872955322266e+00 -9.557471256462977960e-02 -7.695993301299967893e-02 -9.924427656186641800e-01
-2.076904678344726562e+01 4.049586868286132812e+01 -3.329389989376068115e-01 1.622962166799029882e-01 -2.632691841978733738e-01 9.509728043972531797e-01
1.967716217041015625e+01 1.257551956176757812e+01 -1.179966163635253906e+01 2.382053156689510620e-01 1.253326175213281546e-01 -9.630939531386892849e-01
-4.131085205078125000e+01 5.311530113220214844e+00 -1.645949929952621460e-01 3.343234417323154295e-01 -8.036894174845304883e-02 9.390253827828579647e-01
-4.855605316162109375e+01 -3.643378448486328125e+01 7.026084899902343750e+00 3.687782674368927371e-01 1.605885859985778652e-01 9.155402205873977017e-01
-3.322701644897460938e+01 -5.779471206665039062e+01 6.183341979980468750e+00 -4.755044245046335938e-02 -1.574761620544717355e-01 9.863773181736077422e-01
-5.635004425048828125e+01 -4.520278167724609375e+01 8.097190856933593750e+00 -7.567097251574623762e-01 -6.356015595369918225e-01 1.529740153302562577e-01
-3.514782714843750000e+01 1.903160095214843750e+01 -1.174910545349121094e+01 -8.345277010300921061e-01 4.495930518940189913e-01 3.184801467941938413e-01
1.824923324584960938e+01 1.976059341430664062e+01 -4.315686225891113281e+00 -6.702915175083028199e-02 -9.548753110218208273e-02 9.931712965141380467e-01
3.515158843994140625e+01 5.008061885833740234e+00 -7.743331909179687500e+00 5.042064356456965601e-01 8.787937539130802334e-02 8.591001604203640785e-01
1.548609542846679688e+01 -1.016927003860473633e+00 -5.294395923614501953e+00 -9.576941321053474010e-02 9.403844055334092955e-03 9.953591247435734646e-01
1.137531042098999023e+00 -9.683353424072265625e+00 -1.392409324645996094e+01 1.839167730913661468e-03 -1.346251904145218288e-02 -9.999076847605062879e-01
1.441103553771972656e+01 -2.479294395446777344e+01 -4.512123107910156250e+00 -4.086837567623884809e-02 9.887859276766292060e-02 9.942599256541885255e-01
-7.216990947723388672e+00 2.230528068542480469e+01 -4.074111938476562500e+00 2.179074550049755685e-02 -2.261627964753989695e-01 9.738457541628241509e-01
-6.910083007812500000e+01 1.621807861328125000e+01 1.248460006713867188e+01 -9.655951926187966716e-01 2.103032478893506474e-01 1.529655775612911717e-01
-2.312907409667968750e+01 -5.246557617187500000e+01 4.299225807189941406e+00 2.782653698066331338e-01 3.545325550061950159e-01 8.926785823616231186e-01
-5.556252288818359375e+01 2.656793975830078125e+01 9.019861221313476562e+00 3.320321429309080474e-01 -5.986863184612573052e-02 9.413662427459262849e-01
3.055416107177734375e+01 2.315267086029052734e+00 -3.935338020324707031e+00 -1.373794456671089126e-01 -2.587983292592597323e-02 9.901803482981895721e-01
-1.651178169250488281e+01 -7.183939814567565918e-01 -4.748106956481933594e+00 3.823936146844775924e-02 -1.094427414771195067e-02 9.992086739504743020e-01
-1.778750038146972656e+01 2.692611312866210938e+01 -1.386588191986083984e+01 3.467915329745142605e-01 -8.217856983864857412e-01 -4.521104937784816147e-01
-4.484568786621093750e+01 1.274058151245117188e+01 1.611451029777526855e+00 3.976165887607565064e-01 -9.546574958893318252e-02 9.125718267608762257e-01
-6.715249633789062500e+01 4.208322048187255859e+00 1.485682106018066406e+01 8.709841794088898359e-01 -3.223777098672999525e-02 4.902522670434376062e-01
-1.473281979560852051e+00 -1.593727111816406250e+01 -1.338206386566162109e+01 3.285382355210144101e-01 -1.980110826451904893e-01 -9.235010768539568815e-01
-2.688665771484375000e+01 -5.385022735595703125e+01 1.324633955955505371e+00 -1.911747292592411995e-01 -3.924343973052147883e-01 -8.996929846921941643e-01
-5.238939285278320312e+01 -3.881354141235351562e+01 4.880451202392578125e+00 -7.670665881576135825e-02 -5.653042683697057785e-04 -9.970535436597206536e-01
1.085860252380371094e+01 -3.599385070800781250e+01 -7.635229110717773438e+00 4.234925414705913438e-01 -9.000346730830366404e-01 -1.029157644245567438e-01
2.226828384399414062e+01 3.798600912094116211e+00 -4.846179008483886719e+00 -9.049164903663536874e-02 -5.743061523766570739e-03 9.958806548472385334e-01
-3.086173439025878906e+01 -8.405051231384277344e+00 -1.054989337921142578e+01 8.203977415169343423e-01 1.339583156673901931e-01 -5.558801268056533518e-01
-4.865785217285156250e+01 -1.172578716278076172e+01 3.327135086059570312e+00 4.674476758700255030e-01 7.657216118947537953e-02 8.806982312088995624e-01
-1.048957252502441406e+01 3.354479980468750000e+01 -2.887345075607299805e+00 7.826374884470434223e-02 -1.401933858113070808e-01 9.870261395685198114e-01
-3.365099334716796875e+01 3.704372787475585938e+01 2.434078931808471680e+00 3.723979594515205993e-01 -4.089277806781674851e-01 8.331253387011897660e-01
-6.406509399414062500e+01 3.123283386230468750e+01 1.197276020050048828e+01 -8.932543283470467665e-01 4.490958686831761359e-01 -2.023871589231005311e-02
-2.521474456787109375e+01 2.395390701293945312e+01 -1.579911136627197266e+01 -3.215265839594592771e-03 -3.474556766823381770e-01 -9.376908951284528282e-01
-2.298859405517578125e+01 2.716407012939453125e+01 -2.516355991363525391e+00 8.992433709387308294e-02 -1.049632613357594502e-01 9.904021038790197240e-01
-3.541236114501953125e+01 -3.248474884033203125e+01 -4.304811000823974609e+00 -2.174837193613393671e-01 -1.577143089304918755e-01 -9.632377840239322309e-01
-6.562313842773437500e+01 6.217319011688232422e+00 1.096323490142822266e+01 2.545570398742848517e-01 -4.500687654277156502e-02 9.660098832384199641e-01
-2.153393936157226562e+01 1.392889022827148438e+01 -3.849279880523681641e+00 1.618537592333676445e-01 -1.553147343666123545e-02 9.866925224987332932e-01
-4.201789855957031250e+01 -3.037855720520019531e+01 3.179713010787963867e+00 3.938460729165411678e-01 2.169135060955214855e-01 8.932154285062292587e-01
1.118409156799316406e+01 -2.675141525268554688e+01 -1.090518569946289062e+01 -1.892626904640019037e-01 3.383917289273997708e-01 -9.217758251287850868e-01
-3.834420013427734375e+01 -1.183903694152832031e+01 -1.195454025268554688e+01 -8.738952274157488764e-01 -3.550119805968552922e-01 3.320747282354902241e-01
2.921403503417968750e+01 -2.011138916015625000e+01 -6.730740070343017578e+00 9.793448591405237158e-01 -1.916250298662103002e-01 6.452514861510975919e-02
-7.854873180389404297e+00 4.423714447021484375e+01 -1.813660025596618652e+00 6.453530370145164063e-01 6.365194977096233497e-01 4.223297132000411458e-01
-3.841109466552734375e+01 -1.476805496215820312e+01 -7.138469815254211426e-01 3.692083966143098195e-01 1.957570940966586182e-01 9.084956356418684154e-01
-3.591100311279296875e+01 -5.396044540405273438e+01 3.655200004577636719e+00 3.134689792268296506e-03 -2.052171835623992635e-01 -9.787114392356016657e-01
-2.494217300415039062e+01 -2.589258575439453125e+01 -1.578544712066650391e+01 -4.687191535887803157e-02 -7.405422761669204490e-02 -9.961520942720972771e-01
-1.946994066238403320e+00 -2.574543952941894531e+00 -5.140520095825195312e+00 5.662987421437734592e-02 -8.732456665896075332e-02 9.945689907715244971e-01
-2.450968742370605469e+01 -3.544822931289672852e+00 -1.177064514160156250e+01 -2.073971944635102926e-01 -1.783664016232357902e-02 -9.780941968933178909e-01
9.370489120483398438e+00 -3.206201553344726562e+01 -3.696549892425537109e+00 -8.675288247304197009e-02 2.194406324709574641e-01 9.717611569739575961e-01
2.692849731445312500e+01 -2.668783378601074219e+01 -2.498234033584594727e+00 -5.158651320663409923e-02 1.076844138832829673e-01 9.928458584603129244e-01
-1.668544578552246094e+01 -4.768306732177734375e+01 -4.160769939422607422e+00 -1.712116794171485157e-01 -4.965455405360753582e-01 -8.509577468975155767e-01
2.408886337280273438e+01 2.495654106140136719e+01 -7.506072998046875000e+00 6.084087504964024438e-05 1.646971837055796473e-01 9.863441762274660629e-01
-6.723089599609375000e+01 -6.982156753540039062e+00 1.523161125183105469e+01 7.637395190083106078e-01 2.643858748684327006e-02 6.449829053522697642e-01
-3.706191253662109375e+01 2.922310256958007812e+01 -3.681170940399169922e+00 -5.404676102993115627e-01 4.123265162954177221e-01 -7.334041220071210176e-01
-4.179594421386718750e+01 -2.188783454895019531e+01 1.388705968856811523e+00 3.582028846026383828e-01 1.284534657984076900e-01 9.247650515599765697e-01
-4.270940124988555908e-01 3.778775024414062500e+01 -9.724794387817382812e+00 5.335532876318560547e-02 9.910802780065827156e-01 1.221191690070275865e-01
-1.241131782531738281e+01 4.417841339111328125e+01 -5.378139972686767578e+00 -1.180336076349750019e-01 2.417139323085088221e-01 -9.631419637813681822e-01
-1.243064022064208984e+01 -5.186253738403320312e+01 -1.734864950180053711e+00 5.743139232683479589e-01 -8.131076274165306428e-01 -9.497106810591644799e-02
3.614567041397094727e+00 1.617501449584960938e+01 -5.052951812744140625e+00 -2.178685539928209430e-02 -3.239208305358052403e-02 9.992377524329535410e-01
-3.065575027465820312e+01 1.555299186706542969e+01 -1.517829132080078125e+01 6.620159423905188634e-01 -3.899745160651135745e-01 -6.400427867264607551e-01
2.603695678710937500e+01 -2.726211929321289062e+01 -1.571818923950195312e+01 5.646286634373899327e-01 -4.889041234367837441e-01 -6.649565628756638480e-01
-2.992039871215820312e+01 -3.764110946655273438e+01 -4.571601867675781250e+00 -1.859529557909852526e-01 -2.334851847347149678e-01 -9.544140436634364066e-01
-5.720479965209960938e+01 -3.526338577270507812e+01 8.403831481933593750e+00 1.433375095197418625e-01 -8.076855021306884874e-02 9.863725460804132483e-01
2.255899429321289062e+01 1.971484375000000000e+01 -1.372464179992675781e+01 -6.682723843501663374e-01 -5.793131473311946555e-01 -4.666993653779367146e-01
1.202587008476257324e+00 -2.983660697937011719e+01 -4.339614868164062500e+00 3.633084306692567489e-02 1.335880552135502719e-01 9.903707898288942602e-01
-3.113111877441406250e+01 2.331964683532714844e+01 -1.562896442413330078e+01 -3.846693043113464938e-01 9.202470630383492722e-02 -9.184557581888839195e-01
-6.995187759399414062e+00 2.659010887145996094e+01 -1.121433162689208984e+01 -4.265249187268831121e-02 4.268276940271011066e-02 -9.981778128836391595e-01
-3.191879272460937500e+01 -3.193278074264526367e+00 -1.084858894348144531e+01 6.545717971685069969e-01 -1.050378788332365955e-02 -7.559268700024448506e-01
1.639805603027343750e+01 -3.344735717773437500e+01 -1.587741565704345703e+01 2.495663325559893952e-01 -6.233049636161982487e-01 -7.410853985783035780e-01
-4.547315979003906250e+01 -2.740522766113281250e+01 4.088153839111328125e+00 3.807602956605622424e-01 1.726290313865372072e-01 9.084166526275413434e-01
2.688535308837890625e+01 -1.762522506713867188e+01 -1.617836952209472656e+01 -2.107216311481060478e-01 1.002125021784995990e-01 -9.723959320016748453e-01
-1.612550735473632812e+01 -3.526279449462890625e+01 -8.008810997009277344e+00 -2.455628523549141240e-01 -4.500177505774325404e-01 -8.585935649121452240e-01
-4.015321731567382812e+01 -4.764505386352539062e+01 2.987501144409179688e+00 -2.873381023491903274e-01 -2.740361523859145554e-01 -9.177913717854891962e-01
-4.514297008514404297e+00 2.754759073257446289e+00 -1.356988620758056641e+01 -3.098961952281055823e-02 -3.391028124926339093e-01 -9.402387601250105087e-01
-3.720907926559448242e+00 1.215427780151367188e+01 -1.368495941162109375e+01 1.113412861969815572e-02 5.826569283229933449e-02 -9.982390195833120705e-01
-6.100994873046875000e+01 -2.514816856384277344e+01 6.061829090118408203e+00 -4.596866684803176811e-02 9.577252700805584384e-02 -9.943412415960156681e-01
-3.340554046630859375e+01 3.237586975097656250e+01 6.478310227394104004e-01 3.567839661726292522e-01 -2.989545255200116713e-01 8.850601070849554164e-01
-1.538573646545410156e+01 2.682697105407714844e+01 -3.011425018310546875e+00 1.120860096328334665e-01 -9.993520129955092701e-02 9.886605494232115765e-01
3.648184585571289062e+01 4.010425090789794922e+00 -1.146316146850585938e+01 9.388121001271625410e-01 1.148276338256773582e-01 3.247251994607481262e-01
-1.593747019767761230e+00 -3.638327026367187500e+01 -3.097827911376953125e+00 -2.471371208861614446e-02 1.089661896974596506e-01 9.937381958733488840e-01
6.987120151519775391e+00 1.241147994995117188e+01 -1.333856296539306641e+01 9.477050387943901366e-02 8.501619980945809840e-02 -9.918622874998300754e-01
-2.418547821044921875e+01 7.718819141387939453e+00 -1.146391868591308594e+01 -2.029994408077652190e-01 1.021355579397412866e-01 -9.738375402684332771e-01
-3.041845703125000000e+01 2.569973564147949219e+01 -1.235759258270263672e+01 -6.921626355684739051e-01 6.551250568590550882e-01 3.028564772269592420e-01
-5.805328750610351562e+01 4.176669311523437500e+01 1.226784992218017578e+01 -1.353245670111496990e-01 8.181673852829416393e-01 5.588285884083951105e-01
2.616085052490234375e+01 -2.432997894287109375e+01 -8.151613235473632812e+00 7.052630779582446108e-01 -6.989278427277847427e-01 1.187596797265312587e-01
-2.214787006378173828e+00 3.228026199340820312e+01 -3.426813125610351562e+00 5.131608848489847136e-02 -6.442160213413751502e-02 9.966024865717930670e-01
3.394423675537109375e+01 -2.345038890838623047e+00 -7.104080200195312500e+00 4.400512788900666772e-01 -1.402332687874176254e-01 8.869551861691844508e-01
-6.380770206451416016e-01 1.921237945556640625e+01 -4.782468795776367188e+00 2.338426574706441510e-02 -7.093219946669940268e-02 9.972069991703261804e-01
-2.791351699829101562e+01 -3.043056106567382812e+01 -6.514121055603027344e+00 -2.716133456340605323e-01 -2.478979634653195319e-01 -9.299316051104077330e-01
-3.676988220214843750e+01 -5.959196090698242188e+00 -1.537591552734375000e+01 -8.800133693206424468e-02 -3.450457236349108170e-02 -9.955225759289350052e-01
-2.995219802856445312e+01 -4.681095504760742188e+01 -7.294960021972656250e-01 -2.819887877593792447e-01 -3.351172462194985657e-01 -8.989876277592788734e-01
-2.994624710083007812e+01 -5.024190902709960938e+01 4.926017761230468750e+00 1.596486161974824680e-01 2.900988222662164717e-01 9.435862401847449066e-01
1.445171928405761719e+01 3.232947921752929688e+01 -7.769608974456787109e+00 2.248822907059338794e-01 2.489466881408988752e-01 9.420475050604028011e-01
1.495481109619140625e+01 -2.708822059631347656e+01 -1.418699169158935547e+01 -4.818795878018288237e-01 7.828658959912013771e-01 -3.935899538273719411e-01
-6.640998077392578125e+01 2.627271842956542969e+01 9.561350822448730469e+00 -9.220627810454767870e-01 3.746331386143698650e-01 9.721234110249440952e-02
2.710108184814453125e+01 2.142751932144165039e+00 -1.091362953186035156e+01 -6.851559643541843547e-02 -5.831696455588622312e-03 -9.976330008382585657e-01
1.904937982559204102e+00 3.258402252197265625e+01 -3.552098035812377930e+00 7.436932368162754714e-02 -8.644121263049575621e-02 9.934772873368100665e-01
2.300816345214843750e+01 -3.144711685180664062e+01 -6.265512943267822266e+00 4.011159925991405473e-01 -8.983164527661734455e-01 -1.792582248344696538e-01
-3.288578796386718750e+01 -5.186626815795898438e+01 2.117796897888183594e+00 -2.280833103122621719e-01 -3.250614057932672551e-01 -9.177761633539548436e-01
2.179584884643554688e+01 -9.543766021728515625e+00 -1.147329998016357422e+01 2.022242120290995149e-01 -1.055104769538459109e-01 -9.736390025682936100e-01
-5.063560867309570312e+01 -2.169327163696289062e+01 5.602894783020019531e+00 4.442713209992146250e-01 1.092499235545311420e-01 8.892060770940232173e-01
2.998542404174804688e+01 3.094233989715576172e+00 -1.422632026672363281e+01 -8.815373871220306690e-01 -5.552393517491761854e-02 -4.688378480122470382e-01
8.089860916137695312e+00 -8.204960823059082031e+00 -5.575112819671630859e+00 -1.792093816085032348e-02 2.079943170740251521e-02 9.996230407589071776e-01
-1.445092964172363281e+01 2.677400398254394531e+01 -1.135677528381347656e+01 2.324685499245519871e-01 -7.290958967695558846e-01 -6.437216375187130302e-01
-4.241529846191406250e+01 2.054894828796386719e+01 1.557940006256103516e+00 3.721091802957032790e-01 -1.697728878252786899e-01 9.125305060649343547e-01
-4.012088775634765625e+01 3.217495727539062500e+01 2.999452114105224609e+00 3.675915709441163748e-01 -2.645652332259752493e-01 8.915613688013417359e-01
2.771136999130249023e+00 1.128020048141479492e+00 -5.229310035705566406e+00 1.107786142028526766e-01 -5.690243231746283659e-02 9.922148012560848551e-01
2.341799996793270111e-02 1.460758399963378906e+01 -1.341581916809082031e+01 -7.425464162320451200e-02 -1.483428481342674229e-03 -9.972382100768854007e-01
-2.063348770141601562e+01 -1.698680305480957031e+01 -1.104028129577636719e+01 -1.831392307029034994e-01 -1.800650558937909318e-01 -9.664556884945707527e-01
-2.710169029235839844e+01 1.072288990020751953e+01 -1.047484016418457031e+01 -2.118811634442717973e-01 8.816440120535889990e-02 -9.733105418814707033e-01
-4.447255706787109375e+01 -4.926177597045898438e+01 3.837637901306152344e+00 5.501829893842236086e-02 1.247999780369591222e-01 -9.906553145589522824e-01
-3.400767517089843750e+01 -1.978135871887207031e+01 -7.431255817413330078e+00 -6.712903576945946638e-01 -4.173556096321813791e-01 -6.125222859413470555e-01
-4.656951522827148438e+01 2.496488571166992188e+01 -7.165229916572570801e-01 -5.597304161938382316e-01 2.176155851452381274e-01 -7.995907192366407124e-01
-4.044528579711914062e+01 -1.349799986928701401e-02 -6.442930102348327637e-01 3.020353400674076205e-01 2.435427696071395740e-02 9.529855835971949851e-01
-5.943381500244140625e+01 -4.152490139007568359e+00 4.467400074005126953e+00 -4.962157471290015720e-01 -3.552638857248940213e-02 -8.674720790989202124e-01
-4.130339050292968750e+01 -4.386489105224609375e+01 6.063619136810302734e+00 3.034431189435777831e-01 1.879889557262842126e-01 9.341212052462650739e-01
1.147463989257812500e+01 3.653854751586914062e+01 -1.345235252380371094e+01 3.052714662082066654e-01 9.227021701431948886e-01 2.354358450451638496e-01
3.427972412109375000e+01 1.068910002708435059e+00 -5.011322021484375000e+00 8.638766263479513707e-01 -4.161460811022317241e-01 2.837950204512701968e-01
-4.021635055541992188e+00 1.358014678955078125e+01 -4.845806121826171875e+00 1.553648198658052516e-02 3.285154047662609128e-02 9.993394788638110260e-01
-2.691879272460937500e+01 -8.817939758300781250e+00 -1.085003280639648438e+01 -2.460867474723579251e-01 -8.904790085062730398e-02 -9.651485813451587958e-01
-5.495394134521484375e+01 4.159223556518554688e+01 6.953520774841308594e+00 9.349766940247519753e-02 9.714475640392339351e-02 -9.908688521290432982e-01
-1.200040435791015625e+01 -3.590808105468750000e+01 -8.805227279663085938e+00 -2.652392751596963083e-01 -8.833077004477410954e-01 -3.865431841883679720e-01
-1.763614082336425781e+01 -2.726382446289062500e+01 -1.351114845275878906e+01 4.377387188672074991e-01 7.996083996091412072e-01 -4.111097435953128265e-01
1.576695632934570312e+01 2.482886886596679688e+01 -5.334671974182128906e+00 3.467225862866770147e-01 8.619817927476244313e-01 3.698254143920738368e-01
1.021545219421386719e+01 -2.970649898052215576e-01 -5.561481952667236328e+00 -5.834713410258059174e-02 -4.408186023911245949e-02 9.973226165789457198e-01
-4.039239501953125000e+01 1.467130279541015625e+01 8.895300328731536865e-02 3.372401149548560628e-01 -7.426416877193055266e-02 9.384849162889352669e-01
-5.997507858276367188e+01 6.957175254821777344e+00 5.100675106048583984e+00 -5.545255100481965016e-01 6.289276277059333009e-02 -8.297866949384458124e-01
1.086573219299316406e+01 2.891796875000000000e+01 -1.454459190368652344e+01 -3.723531488467607953e-01 -7.954638139732289615e-01 -4.781113397557794076e-01
-5.299745178222656250e+01 6.326737880706787109e+00 3.649570047855377197e-01 -6.328269886643872466e-01 7.123729414317010733e-02 -7.710092414109723791e-01
1.341653251647949219e+01 4.974820137023925781e+00 -1.274618244171142578e+01 1.534506388786885667e-01 1.737706251437029156e-02 -9.880035116972480935e-01
-3.467665100097656250e+01 1.416217422485351562e+01 -1.639402985572814941e+00 2.567107517342336331e-01 -8.575610538369443647e-02 9.626762074204728847e-01
-5.574012374877929688e+01 1.803349113464355469e+01 3.850880146026611328e+00 -5.610302609965382992e-01 1.069071648277132858e-01 -8.208629022892044436e-01
-6.873794555664062500e+01 1.782298278808593750e+01 1.680767631530761719e+01 -3.637602117411413150e-01 1.304395272135659145e-01 9.223145006419130043e-01
-4.387174224853515625e+01 2.805559539794921875e+01 3.715029001235961914e+00 3.668839526783858607e-01 -1.739655395136219806e-01 9.138556539896320885e-01
-4.765197753906250000e+01 3.105496597290039062e+01 6.145545005798339844e+00 4.156317389558582542e-01 -1.601185405238836901e-01 8.953280463344319706e-01
2.521940994262695312e+01 -1.607863044738769531e+01 -1.301293182373046875e+01 -7.757200294809115659e-01 4.436379430674827762e-01 -4.488249228073084574e-01
-5.994166564941406250e+01 -3.971757888793945312e+01 9.903820037841796875e+00 -8.169764881526896394e-01 -5.609053393424635603e-01 1.339201930360536530e-01
-5.429455947875976562e+01 -4.096150207519531250e+01 7.742780208587646484e+00 -5.481084055802305094e-02 -2.702474900468192220e-02 9.981309707140426646e-01
-9.545547485351562500e+00 1.978005027770996094e+01 -1.220205974578857422e+01 -7.224709194551034996e-02 1.798658587617096294e-01 -9.810344696071233717e-01
-2.895712852478027344e+01 2.927329254150390625e+01 -6.119895935058593750e+00 -2.493820268989415112e-01 2.308016622227457570e-01 -9.404994403905794220e-01
-6.380086135864257812e+01 2.557802581787109375e+01 1.512814903259277344e+01 4.213228049351299132e-01 -1.627658262199994654e-01 8.921851712825736858e-01
-7.039313507080078125e+01 9.231492996215820312e+00 1.277458190917968750e+01 -9.810195077234346028e-01 1.859738957584269325e-01 5.490387566013728293e-02
-3.633462524414062500e+01 -1.431430435180664062e+01 -8.293268203735351562e+00 -9.522984366602832429e-01 -3.037024449843245821e-01 -2.987494677692097839e-02
-4.452730178833007812e+00 -4.501653671264648438e+01 -5.872472763061523438e+00 5.259982994626189422e-03 -5.156479324187370761e-01 -8.567844200095948715e-01
-4.909208297729492188e+01 -2.479009628295898438e+01 7.512009739875793457e-01 -4.569590238139937255e-01 -2.250192595584126487e-01 -8.605549275803060505e-01
-6.581977844238281250e+00 -2.821169853210449219e+01 -4.387505054473876953e+00 5.898809983534786250e-02 1.067851521919516988e-01 9.925307729985790584e-01
-2.625019454956054688e+01 -3.189234161376953125e+01 -1.445920944213867188e+00 2.043146292262318087e-01 1.925487148409766036e-01 9.597814984136938676e-01
9.392568588256835938e+00 1.222605323791503906e+01 -5.088079929351806641e+00 -1.458582263469907284e-02 -6.275506247886572520e-02 9.979223696818018130e-01
-8.410792350769042969e+00 -5.461284160614013672e+00 -5.112530231475830078e+00 -1.264349666688713118e-02 -1.288317913407495754e-02 9.998370695705545153e-01
-1.943388938903808594e+00 3.611565399169921875e+01 -1.669958496093750000e+01 -1.956782171306830354e-01 -1.086443146653962716e-01 -9.746314422546830114e-01
-6.666245269775390625e+01 3.845942020416259766e+00 7.532446861267089844e+00 -1.490926161866019672e-01 6.234683387745567490e-02 -9.868557463500385873e-01
-5.860903549194335938e+01 1.761978721618652344e+01 9.566427230834960938e+00 3.960763441582977884e-01 -6.822519362892238981e-02 9.156794485803936290e-01
3.906912088394165039e+00 2.803465270996093750e+01 -4.083553791046142578e+00 -2.758954770242780588e-02 -1.355845837258459197e-01 9.903815615778922554e-01
-6.766445159912109375e+00 -4.142647933959960938e+01 -1.905995011329650879e+00 3.246443950915919863e-02 2.383344715162147021e-01 9.706403761715473033e-01
2.757923507690429688e+01 1.844482803344726562e+01 -7.199526786804199219e+00 1.992451845498412200e-01 2.273308783777356068e-01 9.532166743032283174e-01
-6.024961853027343750e+01 -1.706246948242187500e+01 9.865533828735351562e+00 4.432428585720473713e-01 1.149901442202236057e-01 8.889955202682925384e-01
-3.171117973327636719e+01 4.046545028686523438e+01 2.721308946609497070e+00 1.655159417336528604e-01 1.354060324663810821e-01 9.768672782951302036e-01
-5.132905197143554688e+01 2.418377113342285156e+01 6.638758182525634766e+00 5.432140064488930609e-01 -2.200647995785822986e-01 8.102407217513695192e-01
-7.443345069885253906e+00 8.679439544677734375e+00 -4.751481056213378906e+00 3.015122368527022988e-03 -4.570224992776579509e-02 9.989505560279962060e-01
-6.445536041259765625e+01 1.418901252746582031e+01 7.327620029449462891e+00 -6.838742499218720960e-02 -2.569014945276307596e-02 -9.973280184192322428e-01
5.968846797943115234e+00 -2.114157485961914062e+01 -4.993965148925781250e+00 -3.597317756798178168e-02 7.645688877409279050e-02 9.964237425185373809e-01
2.567610168457031250e+01 -2.144883728027343750e+01 -3.448180913925170898e+00 -1.504556175308283394e-01 1.307783089324609238e-01 9.799286408030856155e-01
2.917482376098632812e+01 8.765782356262207031e+00 -1.488142967224121094e+01 -8.490575122009840214e-01 -2.374463010185593748e-01 -4.719328290209101606e-01
-3.651413726806640625e+01 1.323157310485839844e+01 -8.312177658081054688e+00 -8.748633990270142657e-01 2.598381395982341524e-01 4.087764355402934702e-01
-3.165708541870117188e+01 5.507238864898681641e+00 -1.085676193237304688e+01 9.179672846212416637e-01 -1.045216353392614816e-01 -3.826372853122274043e-01
-3.188256072998046875e+01 -1.195935630798339844e+01 -1.445470714569091797e+01 8.434606776281484697e-01 3.418505703212667002e-01 -4.143817960119498545e-01
-3.934349060058593750e+01 -7.537604808807373047e+00 -6.461949825286865234e+00 -5.666122991895424788e-01 -9.466098045181087217e-02 -8.185290472469759493e-01
-3.607813262939453125e+01 3.515645980834960938e+01 -2.283019065856933594e+00 -2.895380854877744325e-01 1.231598700821125575e-01 -9.492098521683344226e-01
-5.204357528686523438e+01 3.703562164306640625e+01 8.461747169494628906e+00 1.944066738365111957e-01 1.852478660378906877e-02 9.807460820462696738e-01
-9.801879882812500000e+00 1.590432357788085938e+01 -4.716130256652832031e+00 7.078959485728852918e-02 -6.896705491676402566e-02 9.951042048931604267e-01
-3.707019805908203125e+01 -2.721551322937011719e+01 5.802609920501708984e-01 3.494819431721798986e-01 1.394697641381799635e-01 9.265044826053664417e-01
-4.623849487304687500e+01 -3.568763732910156250e+01 1.955115079879760742e+00 -4.040675804298221041e-01 -2.581328358736888484e-01 -8.775516107269114574e-01
-1.978184509277343750e+01 -3.378604888916015625e+01 -1.290372371673583984e+01 -4.069287966978540894e-01 -7.961036414746126555e-01 4.479151107619592231e-01
5.866278171539306641e+00 3.706678009033203125e+01 -7.906915187835693359e+00 3.227792381521762399e-01 5.939450469436220459e-01 7.369144079396462432e-01
5.590555191040039062e+00 -1.189513111114501953e+01 -1.335333824157714844e+01 9.655516975449997263e-02 -1.304608729922278609e-01 -9.867406243850435077e-01
-1.747820663452148438e+01 4.051719284057617188e+01 -5.558360099792480469e+00 -1.376292717966293433e-01 2.484090915124282373e-01 -9.588279860322702630e-01
-4.598477172851562500e+01 -4.516617202758789062e+01 7.308783054351806641e+00 1.115860167315684080e-03 -9.005436105585219730e-02 9.959362263272228954e-01
-4.792015838623046875e+01 1.207491993904113770e+00 2.490723133087158203e+00 4.230860578470040934e-01 -8.657672041069926910e-03 9.060481402057568578e-01
-5.090833663940429688e+01 -3.095345878601074219e+01 3.129489898681640625e+00 -4.417517312514543937e-01 -1.995715381976373992e-01 -8.746579954918218824e-01
2.490896606445312500e+01 7.591596126556396484e+00 -1.103794860839843750e+01 1.221038393012949391e-01 -9.287901475102786422e-03 -9.924738723583972355e-01
1.063760375976562500e+01 2.881354141235351562e+01 -5.314043045043945312e+00 3.676753947310851811e-01 6.759603239635826322e-01 6.386645790525641297e-01
-6.889390563964843750e+01 -1.293999981135129929e-02 1.657058334350585938e+01 5.399063363603271437e-01 -2.289829090172141104e-02 8.414135821531225634e-01
-2.600739669799804688e+01 -5.916486358642578125e+01 6.093829154968261719e+00 2.763161950441225811e-01 -3.744944035871883292e-01 8.851007298823192482e-01
-5.216314315795898438e+01 3.187982559204101562e+01 8.237438201904296875e+00 3.272331797669297826e-01 -8.523045046716110074e-02 9.410920339545909563e-01
-4.012752151489257812e+01 -1.959399414062500000e+01 -4.765355110168457031e+00 -3.119138219370115039e-01 -1.365691173204957309e-01 -9.402439278607157558e-01
-3.171927642822265625e+01 -4.296617507934570312e+01 3.061692953109741211e+00 3.016503990404379998e-01 3.532572023750646384e-01 8.855599278021151211e-01
-3.388580322265625000e+01 2.060470008850097656e+01 -1.528385829925537109e+01 -2.711075615753991142e-01 1.616102232036656094e-01 -9.488850435182876186e-01
-1.566404914855957031e+01 -5.432985305786132812e+01 2.415215969085693359e+00 5.795067240517634000e-01 -8.149381648236454501e-01 6.909724499730970047e-03
-5.146403884887695312e+01 3.696409225463867188e+01 4.684184074401855469e+00 -2.194446636394772332e-01 1.269939717589796679e-01 -9.673244392327922103e-01
-6.013915252685546875e+01 -3.125493049621582031e+01 9.011329650878906250e+00 5.552784413671567609e-01 2.841203554193900138e-01 7.816274535795301182e-01
3.514112091064453125e+01 1.176117324829101562e+01 -1.220255470275878906e+01 8.947467698459039553e-01 2.990936065931428800e-01 3.316191073286148261e-01
-4.850161743164062500e+01 3.805762481689453125e+01 7.529881000518798828e+00 9.254084547292718010e-01 3.141050129877862029e-01 2.120312069755859175e-01
-4.086100769042968750e+01 2.430726242065429688e+01 -3.423715114593505859e+00 -1.995161416952241640e-01 6.240800254933533131e-02 -9.779051847806378150e-01
-4.372177124023437500e+01 -2.841335058212280273e+00 5.452889800071716309e-01 3.467054196761859552e-01 -7.817438152001390545e-04 9.379737420865081887e-01
-6.522579956054687500e+01 -3.047125625610351562e+01 1.236562156677246094e+01 -8.958457085764924832e-01 -3.204200796714425370e-01 -3.078821835839622989e-01
-1.276603889465332031e+01 3.666349029541015625e+01 -7.188653945922851562e+00 -9.058862838959498565e-02 5.134098123008172809e-01 -8.533487358868773187e-01
3.023752593994140625e+01 6.082661151885986328e+00 -3.856464862823486328e+00 -1.504064472525325491e-01 -7.859120499234473201e-02 9.854954708788480344e-01
4.689865112304687500e+00 3.857258605957031250e+01 -1.512557506561279297e+01 1.383251977112062714e-01 9.659442718642923253e-01 2.186728225699702544e-01
-4.919214248657226562e+01 -5.028695106506347656e+00 -2.407226085662841797e+00 -3.655715954207293117e-01 -6.100215561692190133e-03 -9.307632330467526804e-01
1.147364807128906250e+01 -1.829444885253906250e+01 -5.008605957031250000e+00 -6.883620914989396766e-02 1.328580957912060545e-01 9.887417775600496617e-01
3.363813018798828125e+01 -1.588112449645996094e+01 -1.592529678344726562e+01 6.465688547473963377e-01 -1.660989694040717612e-01 -7.445534557260112818e-01
-3.054598045349121094e+01 -2.863728713989257812e+01 -1.017542004585266113e+00 2.250876036409030778e-01 1.704836819762934885e-01 9.593075027680132427e-01
-4.654711151123046875e+01 3.454808807373046875e+01 1.888450980186462402e+00 -4.584427880736264838e-01 2.204904397815421191e-01 -8.609379629382259980e-01
-1.021573638916015625e+01 4.626101016998291016e+00 -4.750185012817382812e+00 2.822202205437648881e-02 -3.441276854024674647e-02 9.990091485229540824e-01
-6.707042694091796875e+01 -1.073830318450927734e+01 1.536142539978027344e+01 7.664140533984930004e-01 3.213635232752594384e-02 6.415424799749218643e-01
2.208817291259765625e+01 2.533366012573242188e+01 -1.679590606689453125e+01 1.483011568919490875e-01 9.315787686520493605e-02 -9.845447561398500413e-01
-6.084719181060791016e+00 -4.813133239746093750e+00 -1.362313079833984375e+01 -3.320435905497066270e-02 -6.486589089647687434e-02 -9.973414093167669581e-01
-2.198306083679199219e+01 1.517391204833984375e+01 -1.113151168823242188e+01 -2.146539502411645151e-01 1.129119582131534877e-01 -9.701415212938443444e-01
-2.119741821289062500e+01 -4.392102050781250000e+01 9.628459811210632324e-01 -4.132081919253448588e-01 4.460642217936334752e-01 7.939053471046956245e-01
1.755316925048828125e+01 3.343396759033203125e+01 -1.250935459136962891e+01 4.557870477375274287e-01 8.346679004886030651e-01 3.091725456903574587e-01
-5.781440734863281250e+01 -2.432260131835937500e+01 9.285410881042480469e+00 3.241520028499398354e-01 -3.728077742740155964e-02 9.452701321224432629e-01
-7.183935165405273438e+00 1.552752304077148438e+01 -1.333830070495605469e+01 -8.064460313866468610e-02 1.800568239277447746e-01 -9.803448312413650667e-01
-5.803855514526367188e+01 2.205227088928222656e+01 9.631472587585449219e+00 3.026119355736262562e-01 -8.490932372119688876e-02 9.493241928833333620e-01
4.037628173828125000e+00 -2.297112846374511719e+01 -1.171432971954345703e+01 1.574178079363839841e-02 -1.450555193666876463e-01 -9.892982829453942362e-01
-2.821425628662109375e+01 -1.573364543914794922e+01 -1.137792015075683594e+01 7.682607422064755553e-01 4.855673647165172357e-01 -4.171327921736818767e-01
-2.003412818908691406e+01 -4.918802261352539062e+01 2.447094917297363281e+00 2.035542678089230506e-01 3.729156514534204825e-01 9.052621592433013342e-01
-2.198687553405761719e+01 3.222233581542968750e+01 -1.785063982009887695e+00 4.873350805844041400e-02 -1.646314347098441766e-01 9.851505143366146022e-01
3.087626266479492188e+01 -2.173547935485839844e+01 -1.449711608886718750e+01 8.001991677333363251e-01 -5.653787555337725923e-01 2.000703744934726469e-01
2.189501047134399414e+00 -4.167489624023437500e+01 -5.483407974243164062e+00 5.672978368323591258e-01 -8.080788505537288557e-01 1.586875408250134623e-01
3.257382869720458984e+00 3.099733734130859375e+01 -1.442956542968750000e+01 -1.231784594213708173e-01 -8.619498205090180276e-01 -4.918023729701283542e-01
-5.596899986267089844e+00 -1.740950393676757812e+01 -1.263424682617187500e+01 -1.871298282977235938e-01 -1.378716523547720285e-01 -9.726118623779114181e-01
-2.054956817626953125e+01 -3.014276885986328125e+01 -2.756458044052124023e+00 1.389269386154316499e-01 6.732006449431630901e-02 9.880117988381642569e-01
-6.234587478637695312e+01 4.200815200805664062e+00 1.052752971649169922e+01 1.749620833405063913e-01 8.860442626933302812e-02 9.805801981677133572e-01
-6.283966064453125000e+01 -3.354569625854492188e+01 6.344269752502441406e+00 -5.954559447936781380e-01 -1.797368420488022756e-01 -7.830241921040447250e-01
-2.969678878784179688e+01 -2.719779968261718750e+01 -6.878160953521728516e+00 -3.433980994331871650e-01 -2.666186305889948205e-01 -9.005510819095849939e-01
-9.035026550292968750e+00 3.016141891479492188e+01 -3.328886985778808594e+00 5.121756552500623255e-02 -1.027364559243418851e-01 9.933891390617262118e-01
-5.038110351562500000e+01 -3.991037750244140625e+01 7.796648979187011719e+00 6.761609854403551056e-02 -6.247353898308074388e-02 9.957535438775062531e-01
2.363568496704101562e+01 7.540660858154296875e+00 -4.468863964080810547e+00 -1.719555759336582057e-01 2.130933910662455993e-02 9.848742010897446608e-01
1.824229049682617188e+01 -7.798644065856933594e+00 -1.210052585601806641e+01 6.175535760245923211e-02 -1.569159364074321772e-01 -9.856792910012724951e-01
-4.759754562377929688e+01 -3.214564514160156250e+01 1.662487983703613281e+00 -4.618245431436597825e-01 -1.710639369741598081e-01 -8.703190339278179533e-01
-2.363280868530273438e+01 -4.405747604370117188e+01 -4.282524108886718750e+00 -2.495823090684016476e-01 -4.186321713743867412e-01 -8.731871369245260972e-01
-3.759325408935546875e+01 -3.822327423095703125e+01 3.454657077789306641e+00 3.076633759170730453e-01 2.342450389364162389e-01 9.222106640312648373e-01
-6.005029678344726562e+01 2.852460479736328125e+01 9.795301437377929688e+00 1.048539580709153679e-01 1.447733121329036407e-02 9.943822476079323680e-01
2.437834930419921875e+01 2.826090621948242188e+01 -1.184232997894287109e+01 6.579983100576405342e-01 6.935887482672835613e-01 2.932113098744861257e-01
8.945140242576599121e-01 -2.979375267028808594e+01 -1.086049938201904297e+01 -5.928282337218557761e-03 3.588433401226348574e-01 -9.333789759353706694e-01
-1.150125694274902344e+01 -1.786680072546005249e-01 -1.378650188446044922e+01 -6.278512559879836918e-02 -2.833866210149362311e-02 -9.976246529801878760e-01
-4.126906871795654297e+00 -3.172448348999023438e+01 -1.430306816101074219e+01 1.044525266717046263e-01 9.291266935896659307e-01 -3.547016449511219971e-01
4.348599910736083984e-01 -2.200971031188964844e+01 -1.189754295349121094e+01 -3.209058460322170014e-03 -1.355419846101402481e-01 -9.907664065518889673e-01
2.380753707885742188e+01 4.599219858646392822e-01 -4.574584960937500000e+00 -1.225157731253730536e-01 -2.804109655560241016e-03 9.924626049905012071e-01
5.145493984222412109e+00 -3.415277481079101562e+01 -3.502283096313476562e+00 -6.190331299081927065e-03 2.045269338055348829e-01 9.788413626050516125e-01
1.604999160766601562e+01 3.226382446289062500e+01 -1.726660156250000000e+01 -3.171513229821693730e-02 -5.408827428869694698e-02 -9.980323686974170716e-01
-1.392603015899658203e+01 -1.455362701416015625e+01 -4.839548110961914062e+00 1.278567696040748200e-02 2.276048154697082188e-02 9.996591853949096107e-01
-2.870362854003906250e+01 -1.399925947189331055e+00 -1.074840641021728516e+01 -2.068912096214359231e-01 -4.622203075682962577e-03 -9.783530357800838129e-01
-3.999616622924804688e+01 -7.568543910980224609e+00 -6.284260153770446777e-01 3.038854088171588086e-01 5.143713269106198888e-02 9.513190209853633617e-01
-2.948768615722656250e+01 -5.662457275390625000e+01 6.358132839202880859e+00 1.198829362224037298e-01 1.332771393304111873e-01 9.838014462962521023e-01
-5.931669235229492188e+01 -1.943094062805175781e+01 5.746994018554687500e+00 -4.075020134170044273e-01 -1.388245329929855554e-01 -9.025906370555629721e-01
-3.891556167602539062e+01 8.125988006591796875e+00 -8.442119956016540527e-01 2.693379893002336156e-01 6.736306754123050355e-02 9.606868712807221655e-01
-2.190842247009277344e+01 -1.357010173797607422e+01 -1.146107387542724609e+01 -2.428614405158593947e-01 -1.445195276871987511e-01 -9.592353344344810573e-01
-2.372763061523437500e+01 -1.849559402465820312e+01 -3.687965869903564453e+00 1.848743481060865224e-01 1.217651871921510420e-01 9.751895788001478937e-01
-5.323521423339843750e+01 -1.618145370483398438e+01 6.333590030670166016e+00 4.759009133940944603e-01 9.972863121437265665e-02 8.738263676193195328e-01
-4.961034011840820312e+01 -4.459867858886718750e+01 7.324240207672119141e+00 7.872051923523604514e-03 -1.111794149830365591e-01 9.937691726364543676e-01
-1.534045696258544922e+01 -1.600436782836914062e+01 -1.189224338531494141e+01 -5.447814109616733180e-02 -1.012992185974395803e-01 -9.933632771822473728e-01
-2.404666709899902344e+01 2.799921035766601562e+00 -4.059694766998291016e+00 8.647061367516468977e-02 -1.741718184844279161e-03 9.962528792371970754e-01
