-1.987296104431152344e+01 7.366778564453125000e+01 1.973003196716308594e+01 -2.208351997401635791e-01 9.323818354762132277e-01 -2.861746449805250836e-01
5.622847080230712891e+00 1.865539997816085815e-01 -2.497751808166503906e+01 2.286850880677102626e-01 -7.964282324131368718e-01 -5.598260454022749855e-01
5.507463073730468750e+01 4.895119857788085938e+01 2.425655174255371094e+01 9.563928053767727366e-01 -2.920512175481922990e-01 -4.346050179754873052e-03
-5.473977661132812500e+01 3.025054550170898438e+01 -1.879516601562500000e+01 -9.644255107764007073e-01 -7.641765955625313966e-02 -2.530687168964649847e-01
1.760081291198730469e+01 5.364197540283203125e+01 -1.640415573120117188e+01 2.276017158079381986e-01 8.238391488927423456e-01 -5.191209066421467178e-01
2.087790298461914062e+01 7.239619445800781250e+01 2.818567085266113281e+01 2.411264149198730222e-01 6.610405315449712216e-01 7.105515235946165964e-01
-2.284898376464843750e+01 5.518749237060546875e+01 -1.632895088195800781e+01 -2.144014929526835145e-01 8.143879410683850795e-01 -5.392627200744148919e-01
3.614846801757812500e+01 2.369012451171875000e+01 -2.754398345947265625e+01 4.235521211740429504e-01 -8.201440975091840446e-01 -3.846651270518485766e-01
-2.185955238342285156e+01 2.135181045532226562e+01 -2.483196640014648438e+01 6.018130586802578758e-02 8.742532283099953283e-02 -9.943515592344160936e-01
4.419528961181640625e+01 4.283706665039062500e+01 -4.438795089721679688e+00 7.029825990389256818e-01 6.174456663663636657e-01 -3.529537002694180803e-01
4.289937973022460938e+00 6.812866210937500000e+01 4.783111095428466797e+00 1.717951428224026578e-01 8.605515660966663871e-01 -4.795179151931711625e-01
5.154488086700439453e+00 2.803557205200195312e+01 -1.781394767761230469e+01 -2.471011810388997268e-02 2.351272607102500994e-02 9.994181115909400726e-01
2.904578018188476562e+01 6.071235656738281250e+01 6.427690029144287109e+00 4.011984075590032117e-01 8.095836311541269037e-01 -4.285022542991094308e-01
-4.583828926086425781e+00 4.650552368164062500e+01 -2.848268699645996094e+01 2.552422266520502914e-02 5.009037731697915108e-01 -8.651265364567214400e-01
-3.130626487731933594e+01 6.203628921508789062e+01 3.740761995315551758e+00 -8.513982469958899513e-01 -4.524301159767925296e-02 5.225649193295487382e-01
-3.618637084960937500e+01 3.787783432006835938e+01 -2.843038177490234375e+01 -5.670175243161243994e-01 8.214272656615481116e-01 -6.122396872309012611e-02
-4.139202880859375000e+01 4.668639755249023438e+01 -9.534193038940429688e+00 -6.418370599289018319e-01 6.241276042364091864e-02 7.642969552720488835e-01
-2.279500067234039307e-01 7.642815399169921875e+01 2.805430984497070312e+01 6.104938783379215694e-02 6.635096854199586947e-01 7.456727630797752582e-01
3.987389373779296875e+01 6.302796173095703125e+01 2.847981643676757812e+01 5.506548631490196799e-01 8.284518931329165614e-01 1.022090135693570767e-01
2.099421119689941406e+01 1.264035606384277344e+01 -1.796757125854492188e+01 -4.586390858226996325e-02 -9.466454976806458477e-02 9.944521732626293575e-01
-2.184976100921630859e+00 5.973228454589843750e+01 -1.294045066833496094e+01 3.132837737529371724e-02 8.842462458994465591e-01 -4.659690004536425345e-01
2.075599288940429688e+01 3.695697021484375000e+01 -2.727283859252929688e+01 -1.851692981403569582e-01 -2.444473581173165211e-01 -9.518181654789280577e-01
-1.684094238281250000e+01 3.771002197265625000e+01 -1.781899070739746094e+01 -8.811419394865308008e-03 -1.093245457670027204e-01 9.939670530661901537e-01
-6.029870033264160156e+00 1.332914924621582031e+01 -1.947593688964843750e+01 -6.446492092398123375e-02 -6.709806301307731646e-02 9.956616513204463725e-01
-1.355862426757812500e+01 6.582698059082031250e+01 9.512879848480224609e-01 -1.049503160766875193e-01 8.636210718703505318e-01 -4.930964159035328698e-01
-3.904457092285156250e+01 2.072386169433593750e+01 -1.847170639038085938e+01 -5.180619729440935628e-02 -5.484613802994277032e-01 8.345694891630889289e-01
4.202165985107421875e+01 4.992087554931640625e+01 1.165520000457763672e+01 -5.817062613976795582e-01 -6.758194947388632690e-01 4.526431662818315438e-01
3.627964782714843750e+01 3.935631942749023438e+01 -1.972118377685546875e+01 2.227138236031458440e-01 3.226539738456653539e-01 -9.199418274747960256e-01
3.117390060424804688e+01 5.214570999145507812e+01 -7.326983928680419922e+00 4.566440614419856603e-01 7.962509176715626413e-01 -3.968131515675387688e-01
1.522175693511962891e+01 5.803260803222656250e+01 -1.150553941726684570e+00 -3.417137544463409449e-01 -8.040641825458180181e-01 4.865310888002034040e-01
1.650755119323730469e+01 6.565370178222656250e+01 1.444834613800048828e+01 -2.767207896605182738e-01 -8.794068665660889073e-01 3.873876193247178246e-01
5.594398021697998047e+00 4.373101806640625000e+01 -1.659457015991210938e+01 -1.395918861554632656e-02 -6.497225029799341689e-02 9.977894305635888195e-01
-5.569406986236572266e+00 6.933049011230468750e+01 1.601475143432617188e+01 1.460416744477691271e-02 -9.188380775004532097e-01 3.943644325094696756e-01
2.605919456481933594e+01 2.752033233642578125e+01 -1.695340538024902344e+01 -1.047460916236140072e-01 -1.108635591780072344e-01 9.883003225416664428e-01
7.839725017547607422e+00 1.499847793579101562e+01 -2.441884231567382812e+01 2.146800993135208543e-02 1.095751737519943918e-02 -9.997094864822277938e-01
-8.397021293640136719e+00 2.740001678466796875e+01 -2.406768989562988281e+01 3.167361462847882725e-02 9.975824605187311178e-02 -9.945074532053647109e-01
-2.309938049316406250e+01 4.382555770874023438e+01 -2.907103538513183594e+01 -1.989952088644996175e-01 5.693176677778849504e-01 -7.976705460307057516e-01
-2.944216346740722656e+01 3.130774688720703125e+01 -1.824255943298339844e+01 4.438780995876022428e-02 -1.088560077381384716e-01 9.930660058155145187e-01
3.024017143249511719e+01 6.650666046142578125e+01 1.895829010009765625e+01 4.295842689112008284e-01 8.446635768893457907e-01 -3.193756374248435392e-01
-4.514595794677734375e+01 2.791698074340820312e+01 -2.814240074157714844e+01 -2.835933333164419867e-01 -5.221977855310045991e-01 -8.042911749391413734e-01
-1.052752780914306641e+01 4.993349838256835938e+01 -1.699599266052246094e+01 -1.607091623238041111e-02 -7.628756370877655402e-03 9.998417513425239544e-01
-3.366545104980468750e+01 4.825886154174804688e+01 -2.057674789428710938e+01 -3.642735196629745542e-01 7.026345670204823257e-01 -6.112360166910061343e-01
-4.603983306884765625e+01 4.005196380615234375e+01 -1.989446258544921875e+01 -5.620519166998958482e-01 6.134960402715475825e-01 -5.547253838658413594e-01
4.408680725097656250e+01 3.225940704345703125e+01 -1.205316829681396484e+01 6.216575617809376730e-01 -7.764193104763966735e-01 1.035129470159958515e-01
-3.276689147949218750e+01 5.613995361328125000e+01 -7.654764175415039062e+00 -3.629487843457868124e-01 8.343923222161720998e-01 -4.147983034784727407e-01
6.958719253540039062e+00 7.356446838378906250e+01 1.781651878356933594e+01 2.103922754113472238e-01 8.970794719340872136e-01 -3.885659679921737442e-01
2.449315834045410156e+01 4.274620437622070312e+01 -1.638069343566894531e+01 -1.248289449392338268e-02 1.364047480218299330e-03 9.999211552515154811e-01
-2.159470367431640625e+01 6.499907684326171875e+01 1.095448493957519531e+01 1.850201987525903202e-01 -8.533770458687792715e-01 4.873552540373677910e-01
-1.811228942871093750e+01 1.035580444335937500e+01 -2.051344490051269531e+01 -4.468603225708471793e-01 -8.507592015590471624e-01 2.766308606690348615e-01
4.959454345703125000e+01 4.148115921020507812e+01 6.664523124694824219e+00 7.413692364899536758e-01 -6.710940933256911434e-01 2.091193360649766866e-03
1.578462314605712891e+01 2.433654975891113281e+01 -2.305213546752929688e+01 2.347970088919585502e-02 -7.340737506394236396e-03 -9.996973628148752011e-01
1.040453815460205078e+01 4.375889205932617188e+01 -2.787831497192382812e+01 -1.204158034701570575e-02 1.132089586917857105e-01 -9.934982294975003292e-01
-1.386636352539062500e+01 5.761715698242187500e+01 -8.058330535888671875e+00 1.852044124539612147e-01 -9.490065941236262015e-01 2.551192072687939461e-01
-4.508533954620361328e+00 3.692127990722656250e+01 -1.754642868041992188e+01 -3.467607754261100433e-02 -8.678628323726129967e-02 9.956232774941135011e-01
4.635594940185546875e+01 5.643479156494140625e+01 2.084894943237304688e+01 5.996986546522883321e-01 7.547561779621935196e-01 -2.659034325392150566e-01
1.476141262054443359e+01 3.581338500976562500e+01 -1.682156944274902344e+01 -8.499723577245299477e-02 -1.644678161062444466e-01 9.827134920088788084e-01
-1.206084537506103516e+01 7.631628417968750000e+01 2.803435134887695312e+01 -6.694064820011109973e-02 3.635520231043535833e-01 9.291656881930587808e-01
6.230625152587890625e+00 5.487405395507812500e+01 -1.945727539062500000e+01 1.313416833310238341e-01 7.388313586607081485e-01 -6.609671593047155014e-01
-2.699316024780273438e+00 6.106203842163085938e+01 -9.424970149993896484e-01 -4.351997033277823362e-02 -8.773189759554350653e-01 4.779303574902318275e-01
3.427947235107421875e+01 5.107607269287109375e+01 3.492398023605346680e+00 -4.845442750232537565e-01 -7.030617942001788911e-01 5.205006811505773490e-01
3.777971649169921875e+01 5.990161514282226562e+01 1.406680965423583984e+01 5.835945191485002459e-01 6.750768104900933819e-01 -4.513188863302237119e-01
3.685516357421875000e+01 2.497162628173828125e+01 -1.649987983703613281e+01 6.378365598855475181e-03 -1.731596904313386504e-02 9.998297223369509990e-01
-2.346899986267089844e+01 6.117843246459960938e+01 -3.951251983642578125e+00 -2.832599646796944426e-01 8.650129692643477863e-01 -4.141453312716862345e-01
-4.471240043640136719e+00 4.572090148925781250e+00 -2.587686538696289062e+01 -1.676056652181582562e-01 -3.387715927772594338e-02 -9.852718807852227645e-01
8.261295318603515625e+00 6.034124755859375000e+01 -9.275774955749511719e+00 1.281864732936506268e-01 8.997099172086875374e-01 -4.172412886338942584e-01
1.246839427947998047e+01 6.187775135040283203e+00 -1.902232551574707031e+01 -9.357850200338091451e-02 -1.033898683113750050e-01 9.902290639510434866e-01
1.046576118469238281e+01 7.503484344482421875e+01 2.803467369079589844e+01 2.232058152718774946e-01 7.585189778740138999e-01 6.122320836364082419e-01
3.055675125122070312e+01 3.279719924926757812e+01 -2.668576622009277344e+01 7.003836295165437598e-01 7.134266646301745673e-01 -2.202647724665074760e-02
-4.027041625976562500e+01 3.143484497070312500e+01 -1.756820678710937500e+01 2.480998460842519238e-02 1.309174415751671212e-02 9.996064580116735820e-01
2.839014816284179688e+01 1.870494651794433594e+01 -2.238964653015136719e+01 1.195298911188946711e-02 4.160691388103769650e-02 -9.990625559836516789e-01
3.520223236083984375e+01 4.261638259887695312e+01 -9.810209274291992188e+00 -5.469761161280981554e-01 -6.751232978739482027e-01 4.950006677300801128e-01
-1.330359554290771484e+01 4.081962966918945312e+01 -2.738718795776367188e+01 -5.065209253255546773e-02 -9.926811578905138100e-01 -1.096288478969933006e-01
-2.637040519714355469e+01 4.153877258300781250e+01 -1.765746307373046875e+01 -2.991775422263764223e-02 1.153858446092942691e-01 9.928700996837771520e-01
5.218695831298828125e+01 4.761969375610351562e+01 1.445177173614501953e+01 7.059071287183671384e-01 5.313757255499926835e-01 -4.683321085734026279e-01
-4.527310132980346680e-01 2.097061157226562500e+01 -2.438278770446777344e+01 4.372755980372269174e-02 8.406356740295810315e-02 -9.955004857603537705e-01
-1.357863807678222656e+01 2.006001091003417969e+01 -1.904225349426269531e+01 -5.926108894096721036e-02 1.448197837220920395e-02 9.981374632984965078e-01
-3.142183685302734375e+01 1.830134201049804688e+01 -2.442802429199218750e+01 -5.350287157993436349e-01 -7.486210838689972835e-01 -3.915491617369560862e-01
-2.128821372985839844e+01 3.125894546508789062e+01 -2.402912712097167969e+01 -2.210294758278624067e-02 -1.736027840921411033e-02 -9.996049621934193219e-01
-5.540165901184082031e+00 6.915908813476562500e+01 5.921259880065917969e+00 1.424434509752868202e-03 8.775164864650136787e-01 -4.795443534944656139e-01
1.982426834106445312e+01 6.439122772216796875e+01 5.221035957336425781e+00 2.976325477424798249e-01 8.354515755714367886e-01 -4.619908347570591545e-01
2.984485054016113281e+01 6.833847808837890625e+01 2.862245559692382812e+01 4.719753672259326127e-02 2.149383122941764812e-01 9.754865014111935295e-01
2.209715461730957031e+01 5.665833282470703125e+01 -8.184185981750488281e+00 3.680165101263151439e-01 8.335338357252390917e-01 -4.120499884426863657e-01
5.185620784759521484e+00 3.633488464355468750e+01 -2.294031524658203125e+01 -5.681623547084967141e-02 -1.712578686704211706e-01 -9.835866295377270196e-01
2.423367977142333984e+00 8.003990173339843750e+00 -1.993093872070312500e+01 -1.064002449211448181e-01 -2.048384581973010099e-01 9.729954747706038853e-01
-1.381766700744628906e+01 7.108770751953125000e+01 1.120855617523193359e+01 -1.497467308096372962e-01 9.027821874754391462e-01 -4.031875972656984719e-01
-1.874842262268066406e+01 4.822564315795898438e+01 -2.185510826110839844e+01 9.662446724083936789e-03 7.234438865292047716e-02 -9.973329065832228224e-01
-3.142920017242431641e+00 5.437926864624023438e+01 -2.086537170410156250e+01 -9.801889670252472708e-02 1.667064746514674289e-01 -9.811224425108719949e-01
-4.779991149902343750e+01 2.406189727783203125e+01 -1.949533271789550781e+01 -5.153250911425834024e-01 -8.227303390871996136e-01 -2.399058973521698279e-01
-3.651847076416015625e+01 3.994658279418945312e+01 -1.755450057983398438e+01 2.342287207731008365e-03 1.367351575871303057e-02 9.999037696985809687e-01
2.591526603698730469e+01 5.449519348144531250e+01 3.011429905891418457e-01 -4.372312375433173859e-01 -7.920438599544080693e-01 4.260227327559661381e-01
4.983798980712890625e+01 5.475196838378906250e+01 2.923833084106445312e+01 1.819958911298313331e-01 2.433079208017853712e-01 9.527217596376030828e-01
1.575330638885498047e+01 7.260084533691406250e+01 2.065295791625976562e+01 2.958059549593091142e-01 9.314351048093432173e-01 -2.119610401451623716e-01
4.317190551757812500e+01 4.852276611328125000e+01 2.756217002868652344e+00 6.419154491381687810e-01 6.797167933012083774e-01 -3.548656605844883183e-01
1.624145698547363281e+01 4.418933868408203125e+01 -2.095698738098144531e+01 -1.698616383912832789e-02 -6.138787169348821487e-02 -9.979694381327386399e-01
-3.538336944580078125e+01 2.703565597534179688e+01 -2.380771827697753906e+01 1.277093653736544043e-01 -4.058809585579755547e-02 -9.909807891531796642e-01
-5.201943969726562500e+01 3.721269989013671875e+01 -1.404284954071044922e+01 -4.740001205288495445e-01 7.241981473181792472e-02 8.775415979729082050e-01
4.091452026367187500e+01 3.186337852478027344e+01 -2.019540786743164062e+01 1.119145570715163324e-01 1.854889863740582789e-01 -9.762525123396152971e-01
-2.770212173461914062e+01 3.663293075561523438e+01 -2.653195762634277344e+01 4.486256031559317514e-01 -8.903281632689881153e-01 7.778708043786346227e-02
-2.940950870513916016e+00 4.555691528320312500e+01 -1.673743629455566406e+01 -1.177794355828840588e-02 8.413069748142669446e-02 9.963851192118570177e-01
1.339247322082519531e+01 1.761222648620605469e+01 -1.803595352172851562e+01 -1.100356514185658018e-02 -9.602538906044698341e-02 9.953180628371810501e-01
2.571268463134765625e+01 5.126464462280273438e+01 -1.430016708374023438e+01 4.180216442412926781e-01 7.440210085004694829e-01 -5.212395263751115060e-01
1.157175636291503906e+01 6.329968643188476562e+01 7.686276912689208984e+00 -2.206742099260633749e-01 -8.558009884400973322e-01 4.678755830971092489e-01
8.781695365905761719e+00 6.402905273437500000e+01 -1.379644989967346191e+00 1.139035174429335190e-01 8.714545887150013659e-01 -4.770669643998580178e-01
2.451704978942871094e+00 6.791593933105468750e+01 1.317813587188720703e+01 2.874007639380150164e-02 -9.629346149936632848e-01 2.681994318709196023e-01
2.195647621154785156e+01 6.672595214843750000e+01 2.138804817199707031e+01 -3.408144274164436882e-01 -9.065558762790733027e-01 2.490019462748898904e-01
-1.118486022949218750e+01 7.481478881835937500e+01 1.965715599060058594e+01 -8.624120188560460698e-02 9.470851267731505985e-01 -3.091799116087777244e-01
2.473133468627929688e+01 6.608273315429687500e+01 1.215506553649902344e+01 3.684605965863054777e-01 7.897354274138671526e-01 -4.904638044246491524e-01
-1.496747016906738281e+01 2.879316902160644531e+01 -1.878242301940917969e+01 -6.292155811492763928e-02 -1.725607868339669795e-03 9.980169837241622544e-01
-2.955048561096191406e+01 5.058450317382812500e+01 -1.350651836395263672e+01 3.969109682837744790e-01 -7.478982806906721015e-01 5.320806752701822129e-01
2.961408233642578125e+01 3.528855895996093750e+01 -1.653203201293945312e+01 2.475101060845198361e-02 3.223356188607033601e-02 9.991738512200953881e-01
2.854285955429077148e+00 4.579373550415039062e+01 -2.460146522521972656e+01 1.835032626969930469e-01 9.657596411125297653e-01 1.833981138882184170e-01
-1.108254528045654297e+01 9.702051162719726562e+00 -2.538784408569335938e+01 -1.227620024926038000e-01 9.652853524307029864e-02 -9.877305971912752058e-01
3.815856933593750000e+01 4.856085205078125000e+01 -4.524613857269287109e+00 5.821534507716051854e-01 7.018310068733191187e-01 -4.105247831080304222e-01
-6.616380214691162109e-01 3.044207000732421875e+01 -2.343232917785644531e+01 2.106824440547062569e-02 7.372050624990441996e-03 -9.997508599382417538e-01
-2.754111862182617188e+01 2.320911026000976562e+01 -1.901742935180664062e+01 3.644079153237027302e-02 -5.628328751964554316e-02 9.977495979745997223e-01
-1.005611133575439453e+01 5.819505310058593750e+01 -1.536382675170898438e+01 -3.472559469405706034e-02 8.482443858213993826e-01 -5.284653205231362172e-01
3.571791076660156250e+01 5.992263793945312500e+01 2.205534744262695312e+01 -4.932496749664861402e-01 -7.964413588365768515e-01 3.498369907256844158e-01
2.105114936828613281e+01 2.101130294799804688e+01 -1.759050750732421875e+01 -1.303223398866755478e-02 -8.474602779766216357e-03 9.998791636917883086e-01
5.140502929687500000e+00 1.967417335510253906e+01 -1.823077774047851562e+01 -3.390901517757435174e-02 -5.181974827027453073e-02 9.980806041492302771e-01
-1.058735013008117676e+00 7.494529724121093750e+01 1.982405090332031250e+01 7.555517532839543804e-02 9.628808502023271654e-01 -2.591368051719769028e-01
1.555116081237792969e+01 1.235098266601562500e+01 -2.402154350280761719e+01 1.379061483722213710e-01 7.459476232721844180e-02 -9.876322775580417268e-01
3.209484100341796875e+01 4.564347457885742188e+01 -1.663891601562500000e+01 5.238874592265885255e-01 7.064081318192170222e-01 -4.759511333790404919e-01
-2.052937126159667969e+01 6.171055221557617188e+01 3.549861907958984375e+00 1.972741467798938830e-01 -9.106001836228676538e-01 3.631669266305295740e-01
1.110435199737548828e+01 3.094375419616699219e+01 -2.285890197753906250e+01 7.907748293933360151e-02 1.234099734890530403e-01 -9.892000455597494968e-01
-7.382133007049560547e+00 6.235468673706054688e+01 -7.264945983886718750e+00 1.592905497524405370e-02 8.994312599669328501e-01 -4.367718784467370385e-01
-2.491013717651367188e+01 5.474733734130859375e+01 -8.546152114868164062e+00 3.259944380707238687e-01 -8.939853460542034336e-01 3.074375178589940916e-01
-2.398643684387207031e+01 1.590287208557128906e+01 -1.944223976135253906e+01 -3.550531481780988541e-01 -6.825164164164746472e-01 6.388337837738659042e-01
4.149601745605468750e+01 3.963125610351562500e+01 -1.364038467407226562e+01 6.595242046542936221e-01 6.115870407625486616e-01 -4.370230143212481821e-01
1.071228313446044922e+01 7.023245239257812500e+01 1.146046066284179688e+01 2.040232706451165501e-01 8.916117919575791140e-01 -4.042312673179353499e-01
-8.132070541381835938e+00 1.899085044860839844e+01 -2.471690559387207031e+01 1.083303322209712601e-02 1.557402745696561362e-02 -9.998200313356291336e-01
1.431312751770019531e+01 5.477365875244140625e+01 -9.336194038391113281e+00 -3.142286779192242641e-01 -8.616581185500540307e-01 3.985042342433984808e-01
2.310367774963378906e+01 3.010146522521972656e+01 -2.375045967102050781e+01 -4.610472770849816659e-01 -5.886772377527152988e-01 -6.639988840686085192e-01
-9.406891822814941406e+00 3.523238754272460938e+01 -2.349183845520019531e+01 8.553040880531799853e-03 9.079257766817268316e-02 -9.958330951178842039e-01
-1.968289756774902344e+01 7.451660156250000000e+01 2.755179977416992188e+01 -8.552553618640571509e-01 6.787152869499989138e-02 5.137428555176069001e-01
2.996091842651367188e+01 5.999855041503906250e+01 1.439720439910888672e+01 -4.365979626367355038e-01 -8.112762416493998208e-01 3.888612590072146324e-01
1.091814422607421875e+01 4.948378753662109375e+01 -1.640925979614257812e+01 -8.735612832499466129e-02 -1.026417857802920663e-01 9.908751539199575076e-01
-4.759140777587890625e+01 4.370956039428710938e+01 -1.324093437194824219e+01 -5.009290024898304106e-01 8.110393271415816674e-01 -3.021346459681078511e-01
-3.291347980499267578e+00 2.517615509033203125e+01 -1.840740585327148438e+01 -5.604004623595304491e-02 -8.742267799335869116e-02 9.945937806915654544e-01
1.845611381530761719e+01 2.880898475646972656e+01 -1.735486793518066406e+01 -1.412362388081586477e-02 -1.235976635189430239e-01 9.922318987117534350e-01
-1.041776371002197266e+01 4.223287582397460938e+01 -1.712306022644042969e+01 -4.212029292764946781e-02 -1.373961117270694199e-01 9.896202248367661491e-01
-2.619425964355468750e+01 5.015067291259765625e+01 -2.144339561462402344e+01 -1.012166930793104019e-01 2.359837983013902962e-01 -9.664713280699730458e-01
4.652509307861328125e+01 3.772805786132812500e+01 7.252470254898071289e-01 2.278470050614664344e-01 -8.894629287272669549e-01 3.961583530665898079e-01
-4.073551940917968750e+01 4.634194946289062500e+01 -1.712246322631835938e+01 -5.173173082378760279e-01 7.528362339171315032e-01 -4.069648725614886109e-01
-1.588239479064941406e+01 5.491022491455078125e+01 -1.965963554382324219e+01 -1.385664883645792433e-01 8.367316418885473173e-01 -5.297919287463755955e-01
-4.729058837890625000e+01 3.135888671875000000e+01 -2.153616333007812500e+01 -1.767263495044971156e-01 8.901173045457297373e-02 -9.802268662061333071e-01
-3.744939863681793213e-01 1.339649009704589844e+01 -2.488153076171875000e+01 2.925374232346410197e-02 5.802500127572213229e-02 -9.978864252944945612e-01
-2.889814376831054688e+01 5.671534729003906250e+01 -1.031419038772583008e+00 2.329566136649877106e-01 -8.551869653515011827e-01 4.630188661843404052e-01
3.852031707763671875e+01 5.553108978271484375e+01 7.844306945800781250e+00 5.853199268861176696e-01 6.617681518029475685e-01 -4.684693121745979183e-01
-1.591749286651611328e+01 1.608611488342285156e+01 -2.499318885803222656e+01 -1.030385376136768848e-03 1.898836340260599137e-02 -9.998191738315821420e-01
-2.474963378906250000e+01 7.059878540039062500e+01 1.494374656677246094e+01 -8.775265061998456240e-01 4.527987477163876173e-01 1.578623608817613655e-01
7.963248252868652344e+00 2.418386459350585938e+01 -2.347750854492187500e+01 6.929007135112433269e-02 7.731407523560586414e-02 -9.945961088716459564e-01
4.821373748779296875e+01 4.924392318725585938e+01 2.047629165649414062e+01 -6.862705881745955194e-01 -6.773535237117673802e-01 2.649997806069789297e-01
-2.389501094818115234e+00 4.060845947265625000e+01 -2.414035797119140625e+01 7.280758631155913319e-02 -6.989744601805671920e-01 -7.114307832746411542e-01
2.911226272583007812e+01 2.571527099609375000e+01 -2.516246986389160156e+01 -7.026210254226172847e-01 -6.448361540412153037e-01 -3.008488475553854347e-01
1.565149068832397461e+00 6.234867095947265625e+01 -6.912686824798583984e+00 1.525023882055498992e-01 8.479789145969900410e-01 -5.076167668532179933e-01
-3.676445770263671875e+01 5.171414184570312500e+01 -1.244556808471679688e+01 -4.675265446095579480e-01 7.592660445153212034e-01 -4.526963703538005590e-01
-2.015780448913574219e+01 3.852568054199218750e+01 -2.461112022399902344e+01 2.019914321753406294e-01 -4.914899595077649175e-01 -8.471346298144176723e-01
-4.111847686767578125e+01 3.336558914184570312e+01 -2.503403091430664062e+01 -5.826144462528720647e-01 7.815511816240174880e-01 2.230205316098977930e-01
7.875668048858642578e+00 7.331305027008056641e+00 -2.484667396545410156e+01 3.273204317085474241e-02 6.341666825395211871e-02 -9.974502190773379962e-01
1.336420536041259766e+01 3.721626281738281250e+01 -2.589490890502929688e+01 -3.858008601622890943e-01 -9.163590630768655432e-01 -1.069755290471942760e-01
2.204160308837890625e+01 3.514880752563476562e+01 -1.652038192749023438e+01 -2.721882696838043292e-02 1.405930479945123428e-02 9.995306255473224155e-01
4.732451629638671875e+01 3.700983810424804688e+01 -7.546675205230712891e+00 9.145708504182118448e-01 -4.044115563710586336e-01 -3.384174766001039284e-03
2.186611557006835938e+01 4.887371826171875000e+01 -1.993103599548339844e+01 1.600058751123722700e-01 3.198076757872335141e-01 -9.338742797813267549e-01
-6.352497100830078125e+00 7.303079986572265625e+01 2.471099281311035156e+01 9.588528902758793743e-03 -8.663681932927821405e-01 4.993137428151578350e-01
-1.488122177124023438e+01 6.477827453613281250e+01 7.982292175292968750e+00 8.956753468527295370e-02 -8.581098529692527954e-01 5.055938458560288451e-01
3.346443176269531250e+01 2.978690338134765625e+01 -2.090159606933593750e+01 8.067424358448269106e-02 7.584277089237022318e-02 -9.938508643279628796e-01
4.614735126495361328e+00 7.230346679687500000e+01 2.443633270263671875e+01 -6.376140665528996776e-02 -8.992692058715577863e-01 4.327232122182453344e-01
-1.530287933349609375e+01 2.427646636962890625e+01 -2.452871894836425781e+01 2.226403762609230341e-02 1.004262984211285042e-01 -9.946953660362626293e-01
3.509299993515014648e+00 5.552056121826171875e+01 -1.225599002838134766e+01 -1.580980136056455154e-01 -8.672630749047561816e-01 4.720802654217779448e-01
-9.514470100402832031e+00 4.573129653930664062e+01 -2.343627166748046875e+01 -1.083337030051594041e-01 8.503349280415355427e-01 5.149702117072274543e-01
-2.763041114807128906e+01 2.793550300598144531e+01 -2.426703262329101562e+01 -1.612613256249965585e-02 7.363601935584536406e-02 -9.971547946542714813e-01
2.219114303588867188e+01 6.042868041992187500e+01 -3.474389910697937012e-01 3.593022545961160885e-01 8.042231423371145604e-01 -4.734205605712168974e-01
4.086328887939453125e+01 5.415639495849609375e+01 1.713981437683105469e+01 -5.929044565525423138e-01 -7.095088488175357311e-01 3.808693986785361973e-01
4.359569549560546875e+01 5.717823028564453125e+01 2.723820304870605469e+01 -5.495986641030863318e-01 -6.804749320868866969e-01 4.846598551741725380e-01
-1.669110488891601562e+01 5.974510955810546875e+01 -1.913365006446838379e+00 2.146068638137088036e-01 -8.957575966713556825e-01 3.893099305304206226e-01
-2.797181129455566406e+01 6.604403686523437500e+01 8.409410476684570312e+00 -8.900951299359005642e-01 3.423210710852885863e-01 3.009101925083514373e-01
-3.151252937316894531e+01 4.165740966796875000e+01 -2.232438468933105469e+01 1.177705067983326193e-01 1.956301954245307784e-01 -9.735804714386088188e-01
-2.337075805664062500e+01 3.530723571777343750e+01 -1.805184936523437500e+01 7.690565963058576537e-02 -1.028756910646762557e-01 9.917167497348977623e-01
-2.071718597412109375e+01 2.494046401977539062e+01 -1.902102470397949219e+01 5.649764462468999555e-03 6.239472818479393362e-02 9.980355595149225101e-01
-4.202521514892578125e+01 2.313021278381347656e+01 -2.424210739135742188e+01 -1.758328312560031650e-02 -1.912588449616628716e-01 -9.813821286219019946e-01
1.173154735565185547e+01 2.594377517700195312e+01 -1.764455604553222656e+01 2.621131832205484541e-02 -1.278476694159351446e-01 9.914473965958725543e-01
-2.002491188049316406e+01 5.886677169799804688e+01 -1.108732128143310547e+01 -2.497856329665218422e-01 8.625368635851632382e-01 -4.400423803682820822e-01
-1.794363975524902344e+01 6.817874908447265625e+01 1.611858749389648438e+01 1.431773371098483405e-01 -8.903048916657715361e-01 4.322701123303943072e-01
2.044768905639648438e+01 1.704343795776367188e+01 -2.318976783752441406e+01 1.384946690424499749e-01 1.271982794629214208e-01 -9.821607935305171067e-01
-7.875864982604980469e+00 3.100882720947265625e+01 -1.816364669799804688e+01 -7.866384499163980859e-02 -2.144315257905560993e-03 9.968988922670171116e-01
2.932765007019042969e+01 4.074431228637695312e+01 -2.070193481445312500e+01 1.103367019505441804e-01 3.408895357619791400e-02 -9.933094963035220548e-01
3.063285255432128906e+01 2.218325805664062500e+01 -1.701177597045898438e+01 -1.417173336644176052e-01 -1.138306396591375891e-01 9.833406240026085765e-01
4.755018615722656250e+01 4.792256927490234375e+01 8.279222488403320312e+00 6.327726459851482632e-01 5.927025080380250444e-01 -4.982996241804614201e-01
4.741024017333984375e+01 5.276226425170898438e+01 1.475749588012695312e+01 5.629954802005415759e-01 6.647521517926177070e-01 -4.910607558753255497e-01
2.905626487731933594e+01 4.662365722656250000e+01 -1.056263923645019531e+01 -4.747510671551930517e-01 -8.079809470427061768e-01 3.489673529873203450e-01
1.777828931808471680e+00 5.067286682128906250e+01 -1.659969902038574219e+01 -2.733879978176776207e-02 -2.929241170599864927e-02 9.991969498767191427e-01
1.062850284576416016e+01 5.683078002929687500e+01 -1.475309944152832031e+01 1.706776922570969468e-01 8.109347345579680510e-01 -5.596909697799220540e-01
8.146599769592285156e+00 3.736942672729492188e+01 -1.699461936950683594e+01 -3.723810640811923978e-02 -1.673396425170460833e-01 9.851958015914424882e-01
-7.620162010192871094e+00 6.338512420654296875e+01 3.206912994384765625e+00 1.109263177824551944e-01 -9.150109404630538679e-01 3.878792735583371787e-01
-1.075188040733337402e+00 6.411375427246093750e+01 4.834751129150390625e+00 -5.921534866508005451e-02 -8.963909521422371851e-01 4.392912512217907461e-01
1.570101976394653320e+00 3.358153915405273438e+01 -1.768465805053710938e+01 1.695016708312909251e-02 -1.096627315236052280e-01 9.938243190577676911e-01
-3.293830108642578125e+01 3.312660217285156250e+01 -2.473702049255371094e+01 3.490663894905268183e-01 -5.377964292382656497e-01 -7.674162211125191702e-01
-7.947738170623779297e+00 6.504198074340820312e+00 -2.065812873840332031e+01 -1.969321341816010484e-02 -2.129016832574912865e-01 9.768751458663454956e-01
-8.931729793548583984e-01 1.732394218444824219e+01 -1.893041992187500000e+01 -7.459420213699891056e-02 -1.580820211513151441e-01 9.846043771973896908e-01
2.502159690856933594e+01 3.616833114624023438e+01 -2.237931060791015625e+01 5.172035927438451974e-01 7.498622037359419235e-01 4.125616548603801004e-01
3.503587341308593750e+01 6.574574279785156250e+01 2.509791564941406250e+01 5.106612895777801198e-01 8.403412046867244634e-01 -1.818012844630739755e-01
3.202821350097656250e+01 5.516266632080078125e+01 8.017981529235839844e+00 -4.600349848221420013e-01 -7.706943875906318020e-01 4.409058557968952852e-01
2.199668884277343750e+00 6.531935119628906250e+01 -7.492390275001525879e-01 9.385381593815012025e-02 8.644141094301340811e-01 -4.939430216654103201e-01
8.364939689636230469e+00 1.121307754516601562e+01 -1.892593383789062500e+01 -4.191490735466874701e-02 -3.014565121530257685e-02 9.986663007502830647e-01
1.167938137054443359e+01 6.841595458984375000e+01 1.785670280456542969e+01 -2.387866479564064170e-01 -9.017347106511408583e-01 3.603546147403226541e-01
9.872448921203613281e+00 4.306184768676757812e+01 -2.139899063110351562e+01 5.376633432961612780e-01 8.180307927971777193e-01 -2.043128760289357193e-01
-1.259514713287353516e+01 1.359003639221191406e+01 -1.955951309204101562e+01 -2.349056785959172458e-02 -7.241779558025324137e-02 9.970977164274977822e-01
-2.021876716613769531e+01 4.350312805175781250e+01 -1.747600936889648438e+01 -3.652478922430431318e-02 1.223336254127690634e-02 9.992578669257770052e-01
-2.181707572937011719e+01 1.348098754882812500e+01 -2.507775306701660156e+01 -6.092288056466154123e-01 -7.145851554227489189e-01 -3.438143656391403069e-01
-3.642486572265625000e+01 5.108089447021484375e+01 -6.051280975341796875e+00 -5.798200692754746921e-01 -3.990232052429585896e-01 7.103444016412175932e-01
1.475724887847900391e+01 6.406394958496093750e+01 1.333198070526123047e+00 2.827202039982577020e-01 8.224200142391202561e-01 -4.936543390167949519e-01
2.466914558410644531e+01 5.086531448364257812e+01 -7.484542846679687500e+00 -4.322469853755870894e-01 -7.813207061549620747e-01 4.502227201810547474e-01
3.609441375732421875e+01 3.341190338134765625e+01 -1.632652854919433594e+01 -2.197929448874418393e-02 -8.573827214636252358e-02 9.960752277328923654e-01
3.945236968994140625e+01 4.410339736938476562e+01 -1.706950068473815918e-01 -6.556480696196022029e-01 -6.121937216854110853e-01 4.419778907740233298e-01
-1.488070869445800781e+01 7.220629882812500000e+01 2.411129951477050781e+01 1.050015655905232603e-01 -8.912066815693742150e-01 4.412769220678131044e-01
-2.232839107513427734e+00 7.165527343750000000e+01 1.110827827453613281e+01 4.368977822375074566e-02 9.049201332634584372e-01 -4.233329135481954109e-01
-9.026654243469238281e+00 6.693878173828125000e+01 1.117599487304687500e+01 1.108103232844308839e-01 -9.106355900987851415e-01 3.980752369829569370e-01
2.299248695373535156e+01 5.890948486328125000e+01 6.044459819793701172e+00 -3.254853899876063439e-01 -8.494866600270076784e-01 4.152489317755975740e-01
3.216538238525390625e+01 5.465634918212890625e+01 -1.275400042533874512e+00 4.961107430549157593e-01 7.231744399512733956e-01 -4.805131215967587410e-01
-1.712576866149902344e+01 4.570954895019531250e+01 -2.849136161804199219e+01 -1.240298086932703214e-01 9.817130141808974031e-01 -1.444166345798423567e-01
-1.530013847351074219e+01 3.312690734863281250e+01 -2.387272071838378906e+01 1.217251881030261412e-01 1.455782759678470595e-01 -9.818298957291492490e-01
5.805131912231445312e+00 5.898117828369140625e+01 -3.583825111389160156e+00 -1.825377465896251550e-01 -8.733605379503805999e-01 4.515765071624116000e-01
-1.574810791015625000e+01 5.487370300292968750e+01 -1.335940551757812500e+01 2.862541704848889368e-02 -7.755730105164314603e-01 6.306085083927105428e-01
-9.695822715759277344e+00 5.495390319824218750e+01 -2.066390037536621094e+01 -3.779469702822293563e-03 6.407215018132528250e-01 -7.677640736078598094e-01
-1.180620193481445312e+01 6.934106445312500000e+01 1.684441757202148438e+01 6.151816040197116697e-02 -9.396715031876158308e-01 3.365010877216951246e-01
-4.922082901000976562e+00 5.451725769042968750e+01 -1.480352210998535156e+01 2.488234808848572427e-02 -7.731094059585652545e-01 6.337844390421697449e-01
-3.490289306640625000e+01 5.771481323242187500e+01 -2.075136899948120117e+00 -9.037464889791899658e-01 2.989350256302105158e-01 3.063986522640925747e-01
-3.371285247802734375e+01 2.414424133300781250e+01 -1.862910270690917969e+01 2.116780793013091355e-01 -1.018720989386974057e-01 9.720156717878231101e-01
1.755398988723754883e+00 5.151465892791748047e+00 -2.534699440002441406e+01 1.052518220946699473e-01 5.133387023162503532e-02 -9.931197751091227488e-01
5.078847885131835938e+00 4.060100936889648438e+01 -2.737654876708984375e+01 -9.472995532997965928e-02 -5.675980367164521478e-01 -8.178378227245357568e-01
1.979442787170410156e+01 3.918883514404296875e+01 -2.123601531982421875e+01 2.995489208815664273e-01 8.611197270463742948e-01 -4.107837140032048473e-01
4.142966461181640625e+01 5.988275146484375000e+01 1.962332344055175781e+01 5.736741890404436495e-01 7.646786792599642446e-01 -2.935378038924899569e-01
-7.155536174774169922e+00 2.043990707397460938e+01 -1.883235931396484375e+01 -2.736481801926208407e-02 -8.181701344970593315e-02 9.962716211179275527e-01
2.373407363891601562e+01 2.374121093750000000e+01 -2.237348937988281250e+01 3.949073447129339970e-02 6.468865906145159633e-03 -9.991989970295237500e-01
9.011960029602050781e-01 3.973180007934570312e+01 -1.699189376831054688e+01 -3.986648762724289558e-02 -9.485161867775722400e-02 9.946928337926620456e-01
4.089990997314453125e+01 3.874011230468750000e+01 -7.543598175048828125e+00 -6.754118955855475948e-01 -6.454749096247411888e-01 3.566243294371118644e-01
4.429168701171875000e+01 4.253042984008789062e+01 3.826761960983276367e+00 -6.612708647369797132e-01 -5.769862345973550966e-01 4.793826535609866379e-01
-2.552308082580566406e+01 4.203485488891601562e+01 -2.367673492431640625e+01 -4.459123551113164940e-01 8.719624829677337097e-01 2.020979956749296980e-01
1.963043212890625000e+01 5.168446350097656250e+01 -1.100399112701416016e+01 -4.157028526716410877e-01 -7.986767637684570875e-01 4.350937431140607381e-01
1.704572677612304688e+01 4.189288330078125000e+01 -2.716600418090820312e+01 3.294932575107061279e-01 8.919922510576447916e-01 -3.094899308670623350e-01
1.983025360107421875e+01 7.016011047363281250e+01 1.682343101501464844e+01 2.814961475380773348e-01 9.004010073296945249e-01 -3.317196782237865627e-01
1.582779884338378906e+01 6.753366851806640625e+01 8.654666900634765625e+00 3.179473787858421163e-01 8.699903738834475764e-01 -3.768636539563761101e-01
6.938640117645263672e+00 4.886801910400390625e+01 -2.095598983764648438e+01 -1.759665961050984467e-02 1.098354582862918344e-01 -9.937940076663734912e-01
3.247271728515625000e+01 4.861933135986328125e+01 -2.391110897064208984e+00 -5.860602723591622487e-01 -7.681858940072758823e-01 2.577281308094771517e-01
2.566707038879394531e+01 7.034228515625000000e+01 2.470853424072265625e+01 4.311505287050732549e-01 8.800057370232297060e-01 -1.992463911932614573e-01
3.414907836914062500e+01 2.207764816284179688e+01 -2.195221328735351562e+01 6.475252590349950266e-01 -7.607499097532079979e-01 -4.439159517463144716e-02
1.384917736053466797e+01 6.025927734375000000e+01 -6.805181980133056641e+00 2.498037238250268854e-01 8.756754391484518063e-01 -4.132682238393313723e-01
-3.067623138427734375e+01 3.721368408203125000e+01 -1.771474075317382812e+01 1.180361235716346872e-02 5.576903712447746873e-03 9.999147828091672352e-01
1.039011001586914062e+01 7.089817810058593750e+01 2.345449638366699219e+01 -8.855596810954838305e-02 -8.766015100971409346e-01 4.729985549741063111e-01
-1.070774364471435547e+01 6.031782531738281250e+01 -2.149327039718627930e+00 1.091802611995603411e-01 -9.049411622137107925e-01 4.112920659284517999e-01
1.220208454132080078e+01 1.910206604003906250e+01 -2.370992660522460938e+01 9.738982286458648663e-02 1.012252246295757413e-01 -9.900851863860484769e-01
2.585518455505371094e+01 1.609585952758789062e+01 -1.763073158264160156e+01 1.244265844281844113e-01 -1.749836637032516073e-01 9.766773994131957570e-01
-4.689710235595703125e+01 3.514524078369140625e+01 -1.665368652343750000e+01 4.500614939154468086e-01 -4.397032940191715755e-01 7.772423463266049382e-01
-3.521514892578125000e+01 4.653174972534179688e+01 -1.493854427337646484e+01 3.902938230185465374e-01 -6.754897191876582108e-01 6.256072018330240958e-01
2.091574907302856445e+00 7.003045654296875000e+01 1.876781463623046875e+01 -4.138628863318547652e-02 -9.421840816076025860e-01 3.325301963407368833e-01
2.035690879821777344e+01 5.525983428955078125e+01 -2.607653141021728516e+00 -3.457013873686405336e-01 -8.419456913557247235e-01 4.142680334987575708e-01
7.030300140380859375e+00 3.487915039062500000e+00 -2.026233482360839844e+01 -1.080036321797962356e-01 -1.346998318935802852e-01 9.849828276288945528e-01
-4.247251892089843750e+01 2.594184303283691406e+01 -1.753624916076660156e+01 4.785340591127815874e-02 -5.309105454503463412e-02 9.974424251404120367e-01
1.738834190368652344e+01 4.769654846191406250e+01 -1.625725936889648438e+01 -1.126202742133909918e-01 -2.858408743878325109e-01 9.516363109745759052e-01
-4.071098327636718750e+01 4.218812179565429688e+01 -2.131442070007324219e+01 -7.691672018336923045e-02 1.663912777728594472e-01 -9.830553193169488946e-01
2.027399444580078125e+01 6.239614486694335938e+01 1.100034046173095703e+01 -3.411666768643129011e-01 -8.655539892548388403e-01 3.666355005757021002e-01
-7.377110004425048828e+00 4.142743301391601562e+01 -2.714372253417968750e+01 -4.941092809687957360e-02 -9.811759446460359690e-01 -1.866877763340818175e-01
-2.214063835144042969e+01 4.903394699096679688e+01 -1.713845252990722656e+01 -1.424768703442203521e-01 -2.925534421221162584e-02 9.893656888390365278e-01
1.527485561370849609e+01 7.162522125244140625e+01 2.668057060241699219e+01 -2.692446620711358984e-01 -7.042614536951234960e-01 6.569041914810951344e-01
9.621469974517822266e-01 5.687522888183593750e+01 -1.754098129272460938e+01 1.393879534245429930e-01 8.616048076062857719e-01 -4.880657270797170155e-01
-1.508700013160705566e+00 4.866632080078125000e+01 -2.147142028808593750e+01 1.109302636102058176e-01 8.827248181227391466e-02 -9.899002200070833313e-01
-1.118932056427001953e+01 3.627292251586914062e+01 -1.803541946411132812e+01 -3.296434109335023149e-02 -1.441015332800707760e-01 9.890137007759871590e-01
-3.654980468750000000e+01 2.102237510681152344e+01 -2.394252967834472656e+01 -6.563944912665427012e-01 -7.541192407419218258e-01 -2.122363252988768850e-02
-2.860080718994140625e+01 4.194269943237304688e+01 -2.879467201232910156e+01 -3.747776155361163264e-01 8.114538303918624740e-01 -4.484243749345454555e-01
-3.700254821777343750e+01 3.671545410156250000e+01 -2.236651039123535156e+01 -9.771695513240229169e-02 4.249320121637210068e-01 -8.999356542098682077e-01
-2.606233024597167969e+01 6.285243606567382812e+01 9.757779836654663086e-01 -2.512257399178708939e-01 8.605898355978950365e-01 -4.430245619243998179e-01
-2.002006340026855469e+01 6.707464599609375000e+01 5.733325004577636719e+00 -2.065990180443231516e-01 8.733533105817096187e-01 -4.411018483741472318e-01
5.337666034698486328e+00 3.033749008178710938e+01 -2.325674629211425781e+01 3.740267482453418779e-02 -1.070461067305477493e-02 -9.992429390425074942e-01
1.692071342468261719e+01 3.074482536315917969e+01 -2.260727882385253906e+01 -2.783877478520574780e-02 -4.820459403237067203e-02 -9.984494577757216938e-01
1.293469142913818359e+01 4.256109237670898438e+01 -1.647638320922851562e+01 2.438858652483022471e-02 4.000351082450633727e-02 9.989018550233224047e-01
6.828276157379150391e+00 6.578024291992187500e+01 1.003167724609375000e+01 -1.136560739699363776e-01 -8.895091798116484538e-01 4.425558901207266582e-01
4.979190826416015625e+01 4.275630187988281250e+01 1.241076850891113281e+01 -4.332474194717167437e-01 -7.648229766509427874e-01 4.768044545805856793e-01
3.320891571044921875e+01 4.017538452148437500e+01 -1.489903259277343750e+01 -4.960253609698377919e-01 -6.343382048321645206e-01 5.929366603314804030e-01
-1.517534446716308594e+01 4.651665115356445312e+01 -1.725181007385253906e+01 -3.702497915235163778e-02 -3.820575799550320756e-02 9.985837325806770082e-01
5.819766998291015625e+00 6.275954437255859375e+01 3.404627084732055664e+00 -1.454604228881085648e-01 -9.001897681388054684e-01 4.104870847072001339e-01
-7.751941204071044922e+00 5.739913177490234375e+01 -1.015594959259033203e+01 1.582325995829048440e-02 -9.536757804121559490e-01 3.004199232733366642e-01
-1.925679206848144531e+01 1.917361640930175781e+01 -1.918423271179199219e+01 -2.762947504036190882e-02 -3.490648251482000863e-02 9.990085833402216897e-01
-2.816384077072143555e+00 5.864443206787109375e+01 -6.906875133514404297e+00 -3.567122075783125956e-02 -9.087952746599802234e-01 4.157147011657600366e-01
2.935153770446777344e+01 6.458068847656250000e+01 2.431673431396484375e+01 -3.853515686424326403e-01 -8.366596453542879397e-01 3.892361832877997974e-01
-1.138791465759277344e+01 4.612899017333984375e+01 -2.884101676940917969e+01 -6.197657189840576064e-02 3.827848895378644367e-01 -9.217562762884811134e-01
5.103807067871093750e+01 5.315657043457031250e+01 2.356995964050292969e+01 6.613623341925348731e-01 7.169688889840402091e-01 -2.203530692783577105e-01
-5.408623218536376953e+00 1.044685173034667969e+01 -2.529058647155761719e+01 2.867400661562806083e-02 7.855167117234565510e-02 -9.964975846938309845e-01
-4.257064056396484375e+01 4.136063766479492188e+01 -1.500172042846679688e+01 4.826157395643184689e-01 -5.701821000225142377e-01 6.648115678436269382e-01
3.494714355468750000e+01 4.835295486450195312e+01 -9.330513954162597656e+00 5.643386085804528163e-01 6.903113432791729842e-01 -4.527606257235516907e-01
3.481420135498046875e+01 6.344969177246093750e+01 1.749088668823242188e+01 4.654931360431461274e-01 7.364977599174549194e-01 -4.908025977246737170e-01
1.406112289428710938e+01 1.181592559814453125e+01 -1.855262947082519531e+01 -1.121587807448771457e-01 -8.889103399930198268e-02 9.897064170633418367e-01
2.723493957519531250e+01 4.658223724365234375e+01 -1.956595802307128906e+01 3.214977713300814499e-01 5.132414463357112266e-01 -7.957527259098884365e-01
-3.692428588867187500e+01 3.180360794067382812e+01 -2.856759071350097656e+01 2.558747281155412390e-01 -4.110889526703173091e-01 -8.749479964570577861e-01
2.692783546447753906e+01 5.561095428466796875e+01 -5.333000183105468750e+00 3.836969075085649994e-01 8.136792560452883460e-01 -4.366952615382377889e-01
3.357465362548828125e+01 6.025933837890625000e+01 9.987112998962402344e+00 4.281143995958546777e-01 7.917310265153938431e-01 -4.357522719522661236e-01
2.560535049438476562e+01 6.358560180664062500e+01 1.747354125976562500e+01 -4.079479934627887605e-01 -8.389382257297982592e-01 3.602236639076095703e-01
-9.831780433654785156e+00 2.543152618408203125e+01 -1.870281600952148438e+01 -2.560039157600332502e-02 -1.077181266915093888e-01 9.938518124616100291e-01
3.887744140625000000e+01 4.973101043701171875e+01 6.948698997497558594e+00 -5.513371417766262939e-01 -7.143917903124988866e-01 4.308964214653944746e-01
4.032264709472656250e+01 4.449457168579101562e+01 -8.294697761535644531e+00 6.260928913235227489e-01 6.470315061745568475e-01 -4.351527564564378614e-01
-3.498273468017578125e+01 3.342666625976562500e+01 -1.775921058654785156e+01 5.743172611739761485e-02 -1.126709803343693174e-02 9.982858555228963926e-01
5.270178985595703125e+01 4.587702560424804688e+01 1.990048217773437500e+01 6.104857495756108587e-01 -7.914470214357604005e-01 -3.031108420310115945e-02
-1.142307090759277344e+01 6.886988067626953125e+01 6.227506160736083984e+00 -1.090157741811989545e-01 8.876610052789486449e-01 -4.474075331136480038e-01
-2.369100189208984375e+01 2.973233795166015625e+01 -1.881077194213867188e+01 1.413110189180888029e-02 -6.860738185840255243e-02 9.975436527359886618e-01
1.466379928588867188e+01 5.089558410644531250e+01 -2.031768608093261719e+01 1.241513111455277846e-01 2.870448652375530707e-01 -9.498377215512138205e-01
9.194904327392578125e+00 3.188303947448730469e+01 -1.761969184875488281e+01 -1.287609815393010206e-02 -4.386148849879527994e-02 9.989546415743811858e-01
-2.810496902465820312e+01 4.684288787841796875e+01 -1.739505004882812500e+01 3.253704405965989616e-02 -1.259819278121975528e-01 9.914988122174337448e-01
-2.597736740112304688e+01 1.729227066040039062e+01 -2.493988037109375000e+01 -5.327321070209128928e-02 4.863476428601085089e-02 -9.973949191390211189e-01
-3.544280052185058594e+00 3.525031661987304688e+01 -2.327818489074707031e+01 1.511135110087517830e-01 1.550366866795141463e-01 -9.762829162563718688e-01
-7.040977001190185547e+00 6.478651428222656250e+01 -2.126353979110717773e+00 -6.505418565129732211e-02 8.969724748890068877e-01 -4.372737497503553228e-01
2.544235610961914062e+01 6.039835357666015625e+01 1.114158821105957031e+01 -4.234584946202129552e-01 -7.917595794137887166e-01 4.402268412312945189e-01
-2.474020957946777344e+00 5.571551799774169922e+00 -2.079150199890136719e+01 -2.902969742142968435e-01 -5.856098098547489750e-01 7.568281293423947398e-01
4.013291931152343750e+01 2.641193580627441406e+01 -2.071552276611328125e+01 4.018272384170687994e-01 -5.838351929756474545e-01 -7.054582467511458788e-01
4.341544342041015625e+01 3.534620666503906250e+01 -1.671821975708007812e+01 6.898190338035267155e-01 5.712435153250787767e-01 -4.447814595971995022e-01
4.642067718505859375e+01 4.737973022460937500e+01 1.407371711730957031e+01 -6.459171869155500012e-01 -6.225823279669018273e-01 4.417943328636252387e-01
1.396077156066894531e+01 7.079203128814697266e+00 -2.426226043701171875e+01 3.048069685935514972e-01 -4.993139859973129147e-01 -8.110352984206574689e-01
-4.973870849609375000e+01 2.869598007202148438e+01 -1.710280036926269531e+01 7.691157075340374072e-02 -6.728584306493455569e-02 9.947649097185149447e-01
-1.931108665466308594e+01 6.999828338623046875e+01 1.105900669097900391e+01 -1.692504975079504037e-01 8.622538587298300694e-01 -4.773599817735350026e-01
3.389621019363403320e+00 1.354641342163085938e+01 -1.903648185729980469e+01 -3.426299963249543334e-02 -4.693605541931679392e-02 9.983100988960587063e-01
3.443007659912109375e+01 2.890191078186035156e+01 -2.684639930725097656e+01 7.469926567328482037e-01 6.503058290914282003e-01 -1.382183035524283399e-01
2.227130889892578125e+00 2.578059577941894531e+01 -2.369892120361328125e+01 1.171418913459515085e-02 1.106547813807136765e-01 -9.937898656811233744e-01
-1.339914894104003906e+01 4.937737274169921875e+01 -2.172201156616210938e+01 2.049843299481992134e-02 1.329238241374980645e-01 -9.909142602775582453e-01
-2.818758583068847656e+01 5.868629455566406250e+01 -6.091679096221923828e+00 -2.949791440750709759e-01 8.827806599641694341e-01 -3.656304294693806800e-01
-5.136906433105468750e+01 3.457899856567382812e+01 -1.984202384948730469e+01 -6.800395962199146105e-01 5.197551318615254434e-01 -5.171080646022298000e-01
-2.270571136474609375e+01 6.897552490234375000e+01 1.974015045166015625e+01 -5.446446990242292951e-01 -7.270731480759297094e-01 4.180033363165466254e-01
9.649371147155761719e+00 6.670998382568359375e+01 3.892997980117797852e+00 1.142925295853559758e-01 8.962644295631081448e-01 -4.285408848416877858e-01
5.033577919006347656e+00 1.966192245483398438e+01 -2.426030158996582031e+01 9.205140802696867852e-02 8.324830386028246598e-02 -9.922682390284588427e-01
3.725550842285156250e+01 5.447801589965820312e+01 1.303343486785888672e+01 -5.073803985354907731e-01 -7.129119318476404565e-01 4.840678760372676970e-01
-2.541239547729492188e+01 6.164485931396484375e+01 6.481009006500244141e+00 2.399977619948444330e-01 -8.467700073484651924e-01 4.747437507672389034e-01
1.853118705749511719e+01 4.167901229858398438e+01 -1.656603050231933594e+01 -4.712878955964009547e-03 -1.296721346551322693e-02 9.999048155434027141e-01
1.788669776916503906e+01 5.962229156494140625e+01 3.298770904541015625e+00 -3.163961657184137244e-01 -8.455691863624005267e-01 4.300072294661035355e-01
2.599793052673339844e+01 3.571925735473632812e+01 -2.780209159851074219e+01 1.926712414961548048e-01 1.992800288785017138e-01 -9.608148951751913636e-01
-3.170866966247558594e+00 2.565328979492187500e+01 -2.402272796630859375e+01 -1.370396050934117108e-02 8.990341012215569139e-02 -9.958562036332183620e-01
-9.040655136108398438e+00 7.264411926269531250e+01 1.353861045837402344e+01 -4.498937641228344109e-02 9.197884140648918683e-01 -3.898271788395791249e-01
-6.795083999633789062e+00 5.044014739990234375e+01 -2.138115310668945312e+01 6.327752300386145501e-02 1.600280242622987570e-01 -9.850822232347921092e-01
-2.792382240295410156e+01 2.255989837646484375e+01 -2.452056503295898438e+01 -7.227596084686731259e-02 -1.117710804915338606e-02 -9.973220431431963906e-01
-1.557393264770507812e+01 7.313195800781250000e+01 1.617615127563476562e+01 -1.120752715447611153e-01 9.246681298612648980e-01 -3.639065582358184114e-01
4.249096679687500000e+01 5.524275207519531250e+01 1.215175056457519531e+01 5.635757267212985200e-01 6.915148626463140102e-01 -4.518734280634454925e-01
-2.914073753356933594e+01 5.565499114990234375e+01 -1.183845424652099609e+01 -3.780794763907698308e-01 8.255726164616132845e-01 -4.189102105234573381e-01
3.309915924072265625e+01 3.516278076171875000e+01 -2.067483139038085938e+01 2.552190295438731826e-02 7.530992255349509834e-02 -9.968335106900114706e-01
-6.151329994201660156e+00 7.453610229492187500e+01 1.788984298706054688e+01 6.705681501755266470e-03 9.434598616254393777e-01 -3.314189544025861744e-01
-4.032078552246093750e+01 2.806782341003417969e+01 -2.553863906860351562e+01 7.186938931264333918e-01 -6.686249456525986679e-01 -1.908396448168728776e-01
1.599146652221679688e+01 2.274512481689453125e+01 -1.756926536560058594e+01 2.594774332746989029e-02 -8.152248373300577389e-02 9.963336786750778273e-01
-4.091519927978515625e+01 3.694520950317382812e+01 -1.744790649414062500e+01 4.651536896968193335e-02 -4.847876394429852936e-02 9.977405123057032643e-01
2.054839706420898438e+01 7.179475402832031250e+01 2.278517532348632812e+01 3.610627455186882773e-01 8.824378202952797290e-01 -3.015579332583085415e-01
-3.128264045715332031e+01 1.928841018676757812e+01 -1.921520042419433594e+01 -1.788822271667371566e-02 -7.825575074655518604e-01 6.223212667082343996e-01
3.867689514160156250e+01 5.100401306152343750e+01 5.224390029907226562e-01 5.605733487062644071e-01 6.880066864332843313e-01 -4.608734318045868972e-01
-3.806138992309570312e+00 6.659562683105468750e+01 1.030775737762451172e+01 -1.216139105913083412e-01 -8.959963102180443784e-01 4.270839130971093578e-01
-2.123066902160644531e+01 5.278882598876953125e+01 -2.085789108276367188e+01 -1.837140280405936132e-01 6.335457316935585448e-01 -7.515776485194151091e-01
3.141921424865722656e+01 2.758183670043945312e+01 -1.657317352294921875e+01 -1.613620432820761508e-02 -6.573846791049384186e-02 9.977064080914080924e-01
-1.845295143127441406e+01 6.128344726562500000e+01 -6.631319999694824219e+00 -1.946628081017678091e-01 9.114619270818575814e-01 -3.624135022624856983e-01
3.179541206359863281e+01 5.743576431274414062e+01 3.282577037811279297e+00 4.525178473067938967e-01 7.719601292980197149e-01 -4.464360610916301431e-01
1.961138963699340820e+00 2.387446022033691406e+01 -1.817754364013671875e+01 -4.750844126699959452e-02 1.166402589313144111e-01 9.920372966803293613e-01
-2.068595504760742188e+01 4.409313201904296875e+01 -2.442231941223144531e+01 -2.778454924926637148e-01 9.219912622359850429e-01 2.696924074978828134e-01
1.960456013679504395e+00 2.367813110351562500e+00 -2.092480659484863281e+01 -4.124759866297416089e-01 -5.339593170050974669e-01 7.380724952450612442e-01
-2.560604095458984375e+00 3.041796112060546875e+01 -1.802793693542480469e+01 2.927069048172571686e-02 -1.509874611214599011e-02 9.994574801083655480e-01
1.647876977920532227e+00 7.298446655273437500e+01 1.449455738067626953e+01 1.171055957026774508e-01 9.109031262809710316e-01 -3.956536035305052712e-01
-1.627304077148437500e+01 1.014554214477539062e+01 -2.539377021789550781e+01 -4.284679523762451037e-02 -6.718705828749713116e-02 -9.968199693708675868e-01
-1.900482559204101562e+01 3.255802536010742188e+01 -1.862990379333496094e+01 1.523201924540802839e-02 -1.178144976438111474e-01 9.929187931218967922e-01
7.452402114868164062e+00 6.800225830078125000e+01 1.481973934173583984e+01 -1.063176130395769720e-01 -8.967204817325818977e-01 4.296381533323744284e-01
1.875575828552246094e+01 5.956498336791992188e+01 -4.984148979187011719e+00 2.428789553627174191e-01 8.730713429007974646e-01 -4.227957464867793669e-01
-1.345587825775146484e+01 6.242781829833984375e+01 -6.011806011199951172e+00 -1.031611057641325518e-01 9.043136157524463981e-01 -4.142157295688541074e-01
4.902245998382568359e+00 7.589628601074218750e+01 2.812113571166992188e+01 6.390661620473872540e-02 6.380081445984953081e-01 7.673731503194815007e-01
1.519494247436523438e+01 7.065673828125000000e+01 1.463039588928222656e+01 2.132042569012357058e-01 8.928252430002803219e-01 -3.967455485581183883e-01
-3.704158067703247070e+00 6.674747467041015625e+01 1.285815954208374023e+00 4.858514510482742771e-02 8.583254983285543149e-01 -5.108001787335058053e-01
-4.789966583251953125e+01 2.617621994018554688e+01 -2.416750907897949219e+01 -6.644309228003633105e-01 6.371073222664197511e-01 3.906735321738214473e-01
2.702154922485351562e+01 5.945797729492187500e+01 1.906908035278320312e+00 4.256929446582081167e-01 8.182824232663957753e-01 -3.862633721199806858e-01
4.095838928222656250e+01 2.866278457641601562e+01 -1.620363426208496094e+01 1.023300217827773917e-01 -2.772665798127229020e-01 9.553281165970627375e-01
3.444541931152343750e+00 1.000472259521484375e+01 -2.486530685424804688e+01 1.566425460849146245e-01 8.259152781629018614e-02 -9.841959928230790133e-01
-5.408669710159301758e-01 7.272980499267578125e+01 2.439441299438476562e+01 -5.353977987681363127e-02 -9.035574615013406419e-01 4.251086987300961573e-01
-2.024279785156250000e+01 2.628839492797851562e+01 -2.445438957214355469e+01 -2.522811808438599201e-01 5.515531455974869574e-03 -9.676382509516588959e-01
-1.515163421630859375e+01 4.493689346313476562e+01 -2.350572204589843750e+01 2.571119044621085134e-02 9.141272562373164989e-01 4.046112876451597451e-01
-2.245389968156814575e-01 6.951133728027343750e+01 6.667180061340332031e+00 3.775982098599729025e-02 8.659071920144301160e-01 -4.987774360742377455e-01
-3.251589202880859375e+01 4.309111785888671875e+01 -1.755509185791015625e+01 6.367691860884036603e-02 -5.156584101153099953e-02 9.966374536797504291e-01
7.368693828582763672e+00 5.284429168701171875e+01 -1.495922088623046875e+01 -1.758165810729231671e-01 -7.743685094999398499e-01 6.078173585170711934e-01
1.799673271179199219e+01 9.358089447021484375e+00 -2.057102584838867188e+01 5.460398049012571420e-01 -7.914117827145292772e-01 -2.747870478097677593e-01
2.433601570129394531e+01 6.363352966308593750e+01 7.381518840789794922e+00 3.485181622493527809e-01 7.953262032696781780e-01 -4.959751213266371250e-01
-2.730497741699218750e+01 5.308614730834960938e+01 -1.742752838134765625e+01 -3.538262818291330603e-01 8.093512481441766937e-01 -4.687830195457532989e-01
-2.339603614807128906e+01 3.879367446899414062e+01 -2.845964241027832031e+01 2.604072858974895710e-01 -6.756256973440247782e-01 -6.897231057025010603e-01
2.491163825988769531e+01 6.856338500976562500e+01 1.775622558593750000e+01 2.922780405573535134e-01 9.173252736654808892e-01 -2.703477192478316860e-01
-1.076114463806152344e+01 1.470129394531250000e+01 -2.498841285705566406e+01 6.720729111183230964e-02 4.955656159959624663e-02 -9.965075650610158986e-01
-4.437485504150390625e+01 3.565653228759765625e+01 -2.165959548950195312e+01 -1.012508758337427733e-01 1.127137717553732821e-01 -9.884552927672437539e-01
-1.256794834136962891e+01 8.655128479003906250e+00 -2.045686721801757812e+01 -9.263913303656588771e-02 -9.946901125291407464e-01 4.482823961521230360e-02
-5.424119830131530762e-01 4.357823181152343750e+01 -2.773398590087890625e+01 1.526595425419925434e-01 -1.711748012644901673e-01 -9.733417958163164130e-01
3.759511566162109375e+01 4.264005661010742188e+01 -1.452046871185302734e+01 5.674976934119770888e-01 6.748639066222594796e-01 -4.717044366026547086e-01
-5.251756191253662109e+00 7.678568267822265625e+01 2.782474136352539062e+01 -1.928475801125565173e-02 9.108362411666509617e-01 4.123171593395716927e-01
1.088373088836669922e+01 6.134857940673828125e+01 3.137094020843505859e+00 -1.927565868447427277e-01 -8.902846994803184089e-01 4.125991421455020292e-01
1.637327575683593750e+01 6.776638793945312500e+01 1.951485252380371094e+01 -2.464239387818828453e-01 -9.097177623794222567e-01 3.341987959382854423e-01
4.624852752685546875e+01 5.348124694824218750e+01 2.493171501159667969e+01 -6.740874390864844967e-01 -6.234585092365679815e-01 3.961131299595372912e-01
-2.145631027221679688e+01 7.145204162597656250e+01 2.403990364074707031e+01 -4.936642997819065681e-01 -6.291217240550015521e-01 6.004177008074481625e-01
-1.825023841857910156e+01 6.422085571289062500e+01 -3.671770095825195312e-01 -1.671420505327745332e-01 8.650400502086800225e-01 -4.730425419332427439e-01
1.082806015014648438e+01 5.791897583007812500e+01 -3.604305982589721680e+00 -1.992938804894720806e-01 -8.543030647155013257e-01 4.800502294730726871e-01
4.379927825927734375e+01 3.781791687011718750e+01 -3.600383996963500977e+00 -7.766787731564545050e-01 -6.022812997379338729e-01 1.844649541624901745e-01
2.928180122375488281e+01 6.491741943359375000e+01 1.403781795501708984e+01 4.088471593099802792e-01 8.091054824138724788e-01 -4.221283201254971140e-01
4.629897117614746094e+00 7.031977844238281250e+01 9.401911735534667969e+00 1.051402826003646068e-01 9.018187355951775563e-01 -4.191282489933491062e-01
4.198745727539062500e+01 6.102632904052734375e+01 2.446214103698730469e+01 5.870263791470036185e-01 7.804571089508333115e-01 -2.151435132037806675e-01
-1.768967819213867188e+01 5.120610809326171875e+01 -1.688676452636718750e+01 1.065332412741887003e-01 -4.603239738845498197e-01 8.813356384322331705e-01
-4.742916107177734375e+01 3.875575637817382812e+01 -1.300075340270996094e+01 6.214605518944973372e-01 -6.490075060679117991e-01 4.388348658738228103e-01
-3.616551971435546875e+01 2.863292694091796875e+01 -1.793924903869628906e+01 8.000637743484687037e-02 -5.802679830551269596e-02 9.951039494686794162e-01
2.883722877502441406e+01 3.307797241210937500e+01 -2.202942276000976562e+01 7.044593815066143572e-01 6.874974273151991389e-01 1.763073091006170379e-01
2.177888107299804688e+01 4.832266616821289062e+01 -1.401530933380126953e+01 -3.857838326490117264e-01 -7.227851658688528858e-01 5.733693734989462332e-01
-1.858502984046936035e+00 1.041047954559326172e+01 -1.966463279724121094e+01 -1.869368886848498529e-02 -2.321572543903443198e-01 9.724986145133704962e-01
-3.365514373779296875e+01 5.107815551757812500e+01 -1.620207214355468750e+01 -3.436079735848881489e-01 7.684766979770115691e-01 -5.397935949557348678e-01
2.771341514587402344e+01 5.105365753173828125e+01 -3.629585981369018555e+00 -5.470801599591240683e-01 -7.365316794143382806e-01 3.977742875025904179e-01
-2.133318710327148438e+01 5.690415573120117188e+01 -5.968043804168701172e+00 2.194599059788737150e-01 -9.193100834743924699e-01 3.266593333888521689e-01
4.165907287597656250e+01 5.616398620605468750e+01 2.281662368774414062e+01 -5.519675725131779620e-01 -7.393863848260305849e-01 3.855380303261956576e-01
2.134091949462890625e+01 4.383348464965820312e+01 -2.090242767333984375e+01 -6.799765288098933748e-03 1.159549302903382017e-03 -9.999762090357154909e-01
1.989838790893554688e+01 6.770989990234375000e+01 1.156114196777343750e+01 3.253047751087523864e-01 8.112274628965822076e-01 -4.858876482622484505e-01
1.823093223571777344e+01 1.682244491577148438e+01 -1.787850189208984375e+01 -3.030475007965222761e-02 -9.127980048754011366e-02 9.953640641220500296e-01
2.663829231262207031e+01 2.989444732666015625e+01 -2.717063140869140625e+01 -4.410987157950414100e-02 -5.835511092551210616e-02 -9.973209113711146712e-01
2.576084899902343750e+01 2.254085540771484375e+01 -1.736292839050292969e+01 -9.799393333036697518e-02 -4.220703895275974143e-02 9.942915844425536109e-01
-2.602147293090820312e+01 3.253321456909179688e+01 -2.378582572937011719e+01 1.842223815284065314e-01 2.609578799081270148e-02 -9.825381030744512190e-01
-1.840929794311523438e+01 4.082754898071289062e+01 -2.855957221984863281e+01 3.023416169641655188e-02 -2.316497759237570453e-01 -9.723293047013383816e-01
2.772732973098754883e+00 6.025363540649414062e+01 -1.116387271881103516e+01 7.388908206198195605e-02 8.732408425683952924e-01 -4.816542685604234819e-01
-1.324007415771484375e+01 2.868372344970703125e+01 -2.406620979309082031e+01 7.566999809723115589e-02 7.777764903141341779e-02 -9.940949093014767035e-01
4.318003845214843750e+01 4.596170043945312500e+01 7.109482765197753906e+00 -6.335060176256540609e-01 -6.563937290263256452e-01 4.096552186009582708e-01
-3.188043785095214844e+01 3.563471984863281250e+01 -2.883468437194824219e+01 -4.035055662403067012e-02 -4.990439744623403895e-02 -9.979385670950187137e-01
1.807280731201171875e+01 5.618386077880859375e+01 -1.209196376800537109e+01 2.945245132396679399e-01 8.237131601573095541e-01 -4.845120647461682029e-01
-3.224513244628906250e+01 5.148863601684570312e+01 -9.552135467529296875e+00 4.602761902636886560e-01 -8.555710909239229167e-01 2.369471186817701802e-01
1.405841922760009766e+01 3.088448715209960938e+01 -1.743182945251464844e+01 -3.420609649714747430e-02 -1.996109830301645918e-02 9.992154409920640523e-01
3.725923919677734375e+01 5.725795745849609375e+01 1.815553474426269531e+01 -5.519098276721962071e-01 -7.647164586495446281e-01 3.325722177051866901e-01
2.100020217895507812e+01 6.484497833251953125e+01 1.610187530517578125e+01 -2.639209738020569795e-01 -8.640871608245122015e-01 4.286013276759736979e-01
1.233250999450683594e+01 6.562805938720703125e+01 1.197373199462890625e+01 -2.577621866356711866e-01 -8.909732095546117892e-01 3.737986021867273911e-01
1.392177677154541016e+01 5.214897918701171875e+01 -1.339681625366210938e+01 -2.857069872247844367e-01 -7.068649050502343600e-01 6.470807704292100837e-01
1.118176937103271484e+01 5.401688385009765625e+01 -1.903220367431640625e+01 1.885547256847088793e-01 7.853966763434039322e-01 -5.895754202904821550e-01
-1.523807907104492188e+01 3.796788406372070312e+01 -2.378741073608398438e+01 2.032808515831096077e-02 -1.212441340499969822e-01 -9.924145448915301371e-01
-3.608873748779296875e+01 4.422087860107421875e+01 -2.168118286132812500e+01 -1.081082192274881310e-01 1.023217576204140389e-01 -9.888593787050464767e-01
1.856817007064819336e+00 5.307455444335937500e+01 -2.079360198974609375e+01 -1.597949483274146987e-02 1.127446341529552976e-01 -9.934954973298100178e-01
-2.852236032485961914e+00 6.339881134033203125e+01 -5.167222976684570312e+00 3.632004136737947836e-02 9.035467617272313623e-01 -4.269474252964942096e-01
-4.790904045104980469e+00 1.550546264648437500e+01 -2.484241104125976562e+01 -3.066188083046663543e-02 2.165488373068454042e-01 -9.757901670569301134e-01
1.018561267852783203e+01 2.122282600402832031e+01 -1.799685478210449219e+01 -4.738315282381180826e-02 -3.885218874266530009e-02 9.981209066332493718e-01
3.134310340881347656e+01 6.213715362548828125e+01 2.066855239868164062e+01 -4.427093440440579841e-01 -8.508237693769269416e-01 2.830324189193137996e-01
-8.100844383239746094e+00 7.110676574707031250e+01 2.064206886291503906e+01 -7.138657587007742403e-03 -9.033764498492887762e-01 4.287890267084164542e-01
-1.282958698272705078e+01 2.000301361083984375e+01 -2.477215003967285156e+01 -2.105972705600445138e-02 7.485412593011447902e-02 -9.969720897435220275e-01
-2.516927528381347656e+01 5.271628952026367188e+01 -1.292409324645996094e+01 2.634434230122373322e-01 -8.168851854833506509e-01 5.131239193503136509e-01
2.043471145629882812e+01 1.224971389770507812e+01 -2.352795028686523438e+01 2.575798448255739448e-01 -2.106375182263392487e-01 -9.430188012203583048e-01
8.250281333923339844e+00 5.573549652099609375e+01 -1.062600612640380859e+01 -4.897816968534626086e-02 -9.219125272825717810e-01 3.842895144727931367e-01
3.679737854003906250e+01 4.398937225341796875e+01 -5.041868209838867188e+00 -6.290108819311376331e-01 -6.840955647714156429e-01 3.692676111877272738e-01
3.967701721191406250e+01 3.515579986572265625e+01 -1.365407752990722656e+01 -4.098558720194301896e-01 -5.300528847443607416e-01 7.423355734069153611e-01
-5.425693035125732422e+00 4.994895935058593750e+01 -1.681426048278808594e+01 5.061201828719816276e-02 -2.435453335156601007e-02 9.984213941568578221e-01
8.901879310607910156e+00 1.595462989807128906e+01 -1.850629425048828125e+01 -7.284115288178223679e-02 -1.441888145176733471e-01 9.868656201402705719e-01
-5.210945892333984375e+01 3.247375869750976562e+01 -1.537093257904052734e+01 -1.452596228708149806e-01 -4.157014738076057481e-01 8.978262229616671419e-01
-2.516141700744628906e+01 6.587530517578125000e+01 1.400599575042724609e+01 -6.582519622199615172e-01 -4.456263470939038074e-01 6.067301813898119400e-01
4.337740325927734375e+01 5.129554748535156250e+01 7.288808822631835938e+00 6.300201619954356458e-01 6.420340392453756095e-01 -4.368831513454283777e-01
-2.873773956298828125e+01 4.560845947265625000e+01 -2.196078109741210938e+01 1.465773762622009022e-02 1.718322631505356246e-01 -9.850171694281507628e-01
1.084367084503173828e+01 1.103976631164550781e+01 -2.440568923950195312e+01 1.638082471595456169e-01 1.033903997047655315e-01 -9.810592660035407642e-01
4.706391906738281250e+01 4.239236831665039062e+01 -9.442199766635894775e-02 6.903347389308288617e-01 6.069791601140298587e-01 -3.937184875168694420e-01
1.623735618591308594e+01 6.237224578857421875e+01 7.884374141693115234e+00 -1.780972638655710927e-01 -8.785872125271843025e-01 4.431318929927177686e-01
-1.161439609527587891e+01 6.026083374023437500e+01 -1.130666065216064453e+01 -1.400219475502179900e-01 8.748904962086212489e-01 -4.636383006699039688e-01
2.580160903930664062e+01 3.224699401855468750e+01 -1.651013183593750000e+01 -7.872699503262288456e-02 -6.176617377223096728e-02 9.949809043547880316e-01
-4.505520629882812500e+01 2.992058372497558594e+01 -1.747862052917480469e+01 5.300513608752015909e-02 -1.829726537558447677e-02 9.984265950124320277e-01
-1.569309043884277344e+01 7.007308959960937500e+01 1.983986663818359375e+01 1.314969295529096194e-01 -9.259425685245766813e-01 3.540323676053740987e-01
4.466395568847656250e+01 5.190653228759765625e+01 1.882868766784667969e+01 -5.963322183373074292e-01 -6.974324245488480178e-01 3.974618202555072477e-01
4.508992004394531250e+01 3.686652374267578125e+01 -1.205129528045654297e+01 6.759244781574644811e-01 5.762244528064205396e-01 -4.594469281815916628e-01
5.324040222167968750e+01 5.184624862670898438e+01 2.752504158020019531e+01 7.974435745788532870e-01 -3.085645091747524771e-01 5.185283878830985183e-01
2.475403022766113281e+01 1.527677536010742188e+01 -2.249604606628417969e+01 5.551250590702455634e-01 -8.301256772146317076e-01 -5.222574864188771898e-02
2.776811218261718750e+01 5.627549362182617188e+01 5.395201206207275391e+00 -4.257545369570118754e-01 -8.184311817772732534e-01 3.858801302933027588e-01
-3.229489898681640625e+01 5.402770996093750000e+01 -3.492230892181396484e+00 3.438658166489894086e-01 -8.132206037761783302e-01 4.694981892768399501e-01
-4.864071846008300781e+00 4.563983535766601562e+01 -2.270030403137207031e+01 2.106386972357235654e-01 9.352159488152904654e-01 2.846093257578768410e-01
8.741796493530273438e+00 3.881267547607421875e+01 -2.508387947082519531e+01 -4.509357565636972764e-01 -8.766541120270618936e-01 -1.677334531879956514e-01
1.152968978881835938e+01 4.747978210449218750e+01 -2.092518997192382812e+01 1.100666773659370323e-01 2.441631438870961734e-01 -9.634675322504604456e-01
1.890383005142211914e+00 6.534416961669921875e+01 8.229290962219238281e+00 -1.217025221910958965e-01 -8.691578030264316412e-01 4.793257864235894727e-01
-5.484963893890380859e+00 3.101586341857910156e+01 -2.361757659912109375e+01 -1.231465921272452239e-02 8.154785911493290032e-03 -9.998909183682048729e-01
3.623993682861328125e+01 2.640197181701660156e+01 -2.336594009399414062e+01 8.717770804005423591e-01 4.673521697905367311e-01 1.469240330251788684e-01
1.127727699279785156e+01 7.334922790527343750e+01 1.952580261230468750e+01 1.568443335829867169e-01 9.591571402562892867e-01 -2.354090807897725179e-01
1.992423057556152344e+01 2.701513099670410156e+01 -2.236590766906738281e+01 1.344335863326198699e-01 8.575194224695301126e-02 -9.872052548819952866e-01
-1.584197616577148438e+01 6.277605056762695312e+01 3.910094022750854492e+00 1.282961885432504778e-01 -9.330510996519308931e-01 3.360888772982485451e-01
1.303549385070800781e+01 6.242630004882812500e+01 -2.638379096984863281e+00 2.399827289628005955e-01 8.674527148849353608e-01 -4.358142691999908891e-01
-2.979583024978637695e+00 7.073720550537109375e+01 1.982323074340820312e+01 -2.807729228501210789e-02 -9.204524842572474608e-01 3.898446996979744172e-01
-1.030501008033752441e+00 8.838331222534179688e+00 -2.532542991638183594e+01 6.026902000340548377e-02 1.005878826166771850e-01 -9.931010638895332310e-01
-3.236587524414062500e+01 4.000553894042968750e+01 -2.696460723876953125e+01 -4.883279799103905083e-01 8.555627482345546930e-01 1.718958052716043627e-01
8.209668159484863281e+00 7.511364746093750000e+01 2.376680374145507812e+01 2.394503073832945639e-01 9.358295632594253455e-01 -2.586243971935345276e-01
6.798760294914245605e-01 3.728641128540039062e+01 -2.298157119750976562e+01 6.182449010395288380e-02 -1.347497212184233240e-01 -9.889490608999754739e-01
-2.347753334045410156e+01 2.104331779479980469e+01 -1.908010101318359375e+01 -2.838880442751470778e-02 -6.949499786817638081e-02 9.971782794738754951e-01
-5.137310981750488281e+00 4.143995666503906250e+01 -1.693783378601074219e+01 -6.979757774765806000e-02 -9.878839201356609534e-02 9.926576206043721262e-01
-4.391792297363281250e+01 4.646893310546875000e+01 -1.348865699768066406e+01 -6.134332745546698940e-01 6.657453639559238745e-01 -4.248325882513365181e-01
-1.621647262573242188e+01 2.398734283447265625e+01 -1.901272201538085938e+01 -7.089645596138117491e-03 -1.043312889791448844e-01 9.945173296958034204e-01
2.120568037033081055e+00 6.065260314941406250e+01 -1.398342967033386230e+00 -8.581631627981096966e-02 -8.714561526023454352e-01 4.829075832410184010e-01
3.981047058105468750e+01 3.642271423339843750e+01 -1.952020835876464844e+01 4.415586204066450637e-01 3.665690692420945918e-01 -8.189341256899511645e-01
-3.261565399169921875e+01 2.340819931030273438e+01 -2.421836471557617188e+01 -1.064402171399058128e-01 4.854803907335780017e-02 -9.931332076198747805e-01
2.793473243713378906e+01 3.972327423095703125e+01 -1.642749786376953125e+01 -5.967070849109030323e-02 -5.832260372850664107e-03 9.982010775826254401e-01
-9.894107818603515625e+00 7.633099365234375000e+01 2.400034523010253906e+01 -5.153068115671283894e-02 9.705013933029269513e-01 -2.355241696654561123e-01
2.442697143554687500e+01 4.045465087890625000e+01 -2.085884857177734375e+01 5.081519211698739408e-02 1.457540526627417454e-01 -9.880149656672717606e-01
-5.140140533447265625e+01 2.805205917358398438e+01 -2.131428527832031250e+01 -3.053777939483309778e-01 -1.559293959072522162e-01 -9.393776804114786216e-01
-2.462074851989746094e+01 5.867305755615234375e+01 -3.081870079040527344e-01 2.510841001371025283e-01 -7.767680140759155583e-01 5.775709713679347823e-01
1.937626457214355469e+01 2.152268028259277344e+01 -2.296218872070312500e+01 3.446813543370907951e-02 2.017919868189272173e-02 -9.992020554323736148e-01
6.071426868438720703e+00 4.517833328247070312e+01 -2.793849182128906250e+01 4.545689275792603318e-02 5.032621853306579185e-01 -8.629373347567045327e-01
-1.755507278442382812e+01 1.475278854370117188e+01 -1.944157409667968750e+01 -2.030640711210302332e-02 -7.326436616448639416e-02 9.971058030523709537e-01
-1.634582328796386719e+01 6.661866760253906250e+01 1.214582824707031250e+01 1.138705015909193402e-01 -8.671921909700519571e-01 4.847795507114481262e-01
-2.040552139282226562e+01 5.441747665405273438e+01 -1.256030654907226562e+01 2.702608265670641829e-01 -8.310699901912388388e-01 4.860882193869973666e-01
2.913150405883789062e+01 5.117971801757812500e+01 -1.128315544128417969e+01 4.370037692034226540e-01 7.836171328855047191e-01 -4.415562192408831188e-01
1.577551651000976562e+01 5.595233154296875000e+01 -5.188815116882324219e+00 -2.815909208161187505e-01 -9.123564181768831771e-01 2.971738876909924554e-01
-2.407858276367187500e+01 5.710131454467773438e+01 -1.236838912963867188e+01 -2.582419865536509374e-01 8.654278021503251095e-01 -4.293550927217255619e-01
4.269086456298828125e+01 4.091429901123046875e+01 -3.220840096473693848e-01 -6.257329902719160897e-01 -6.221828881349926732e-01 4.704749500211095614e-01
3.389632415771484375e+01 5.755916976928710938e+01 1.429197502136230469e+01 -5.209886712902631611e-01 -7.821906738830289862e-01 3.416848754007397182e-01
1.063518619537353516e+01 4.274361133575439453e+00 -2.289216995239257812e+01 6.241561573458832557e-01 -7.471966421284764737e-01 -2.283117807717125747e-01
5.670578002929687500e+00 4.835779190063476562e+01 -1.660356330871582031e+01 -6.962808722424006051e-03 -1.269435671250127712e-02 9.998951808076438352e-01
5.057891845703125000e+00 5.746945953369140625e+01 -7.873476982116699219e+00 -9.030438071847972370e-02 -9.263050627507236623e-01 3.657923585115329668e-01
-3.239029693603515625e+01 5.813006591796875000e+01 1.662675976753234863e+00 -8.203135557241776343e-01 -2.066306558856942088e-01 5.332817663706537203e-01
-8.010187149047851562e+00 4.605593109130859375e+01 -1.694469833374023438e+01 -7.625754644227814016e-02 -9.406304194058594595e-03 9.970437844207307165e-01
-2.045517921447753906e+01 7.191504669189453125e+01 1.544282817840576172e+01 -1.316915297946606722e-01 9.176117311954568034e-01 -3.750280679533449790e-01
-6.592027187347412109e+00 7.112712097167968750e+01 1.004478263854980469e+01 -7.656643189323808496e-02 9.108810044143758056e-01 -4.055038560904147271e-01
4.820597839355468750e+01 3.877389526367187500e+01 -3.344009876251220703e+00 9.522285893081448016e-01 -2.813044171367520829e-01 -1.188635293249058617e-01
6.064057826995849609e+00 5.726750946044921875e+01 -1.554016208648681641e+01 1.432940005509864001e-01 8.265829126554667949e-01 -5.442678733051389273e-01
5.070917129516601562e+00 6.340720367431640625e+01 -4.000832080841064453e+00 1.045881699125046360e-01 9.082733123008892573e-01 -4.050936988849918596e-01
3.587581634521484375e+01 5.523414230346679688e+01 4.064354896545410156e+00 5.342343659465126349e-01 7.239203269130095597e-01 -4.365008619967305492e-01
3.148702239990234375e+01 4.728919982910156250e+01 -6.559839248657226562e+00 -5.088918212385880047e-01 -7.728701295323184839e-01 3.790789853753041561e-01
-4.029086303710937500e+01 4.910572814941406250e+01 -1.338712787628173828e+01 -5.873463840267191260e-01 6.993243434960949578e-01 -4.073937748229515265e-01
1.527446985244750977e+00 4.586223602294921875e+01 -1.664852905273437500e+01 -8.484036273986477958e-03 3.095084793850121085e-02 9.994849004063991460e-01
5.280982971191406250e+01 5.029684448242187500e+01 2.060314178466796875e+01 7.515979279089004539e-01 6.202816858430354463e-01 -2.243906971573668419e-01
-4.233950042724609375e+01 3.133393859863281250e+01 -2.883422470092773438e+01 3.656980198798115422e-02 -8.522119982168738228e-02 -9.956907133661094811e-01
-3.457715034484863281e+00 7.627152252197265625e+01 2.364894485473632812e+01 -3.367233934526573519e-02 9.724245333081886766e-01 -2.307741332631728093e-01
3.704131317138671875e+01 3.865940475463867188e+01 -1.257988071441650391e+01 -5.803790623073221688e-01 -6.420958287825023758e-01 5.008723297362162041e-01
5.860531806945800781e+00 7.203660583496093750e+01 1.333300876617431641e+01 1.292370728329184371e-01 8.581989163525369779e-01 -4.967820437343827278e-01
-4.358660125732421875e+01 2.228458023071289062e+01 -1.983312988281250000e+01 -2.454743990047900393e-01 -8.776080501956203817e-01 -4.117601603665400622e-01
3.247534990310668945e+00 7.496534729003906250e+01 2.097986030578613281e+01 1.132606821231018912e-01 9.650132036915309852e-01 -2.364773447627014358e-01
-1.453892898559570312e+01 3.336390686035156250e+01 -1.844988822937011719e+01 2.812303680576450429e-02 -1.347886890008373820e-02 9.995135891492401559e-01
2.858458900451660156e+01 4.389522171020507812e+01 -1.452808952331542969e+01 -4.742038140912827604e-01 -6.807397165863823263e-01 5.583226495165427572e-01
2.979212760925292969e+01 5.345463180541992188e+01 2.295481920242309570e+00 -4.610200080132950129e-01 -7.981137288565423038e-01 3.879111084025915757e-01
2.491234207153320312e+01 5.389378356933593750e+01 -1.079693031311035156e+01 4.053624748872956540e-01 7.947351625427174771e-01 -4.517491398679658321e-01
-6.483614921569824219e+00 3.890044021606445312e+01 -2.359707069396972656e+01 3.298361049945129631e-02 -2.919155546844566795e-01 -9.558751960228314415e-01
2.178709983825683594e+01 2.586948013305664062e+01 -1.733248901367187500e+01 1.977387732561611787e-03 -5.415586718531932575e-02 9.985305363318445204e-01
1.325671577453613281e+01 4.298822784423828125e+01 -2.427255821228027344e+01 4.456048434197101282e-01 8.775198842487789141e-01 1.771868399992088394e-01
-1.624433898925781250e+01 6.900061798095703125e+01 7.976819992065429688e+00 -1.593115794332164437e-01 8.797845702238556997e-01 -4.478827197543117089e-01
2.888748931884765625e+01 5.784366989135742188e+01 9.806489944458007812e+00 -3.933440375945745915e-01 -8.060222943962952469e-01 4.422765300407989209e-01
-2.377748680114746094e+01 6.887501525878906250e+01 1.097745895385742188e+01 -2.307198120829372923e-01 8.473487649785439446e-01 -4.782974375864358363e-01
3.209098052978515625e+01 2.257518386840820312e+01 -2.615060806274414062e+01 -8.242083567542759504e-01 -4.785232858717733961e-01 -3.028135557317362392e-01
3.613281250000000000e+01 4.708609008789062500e+01 -4.174860119819641113e-01 -5.599837227964463704e-01 -6.677425458969217242e-01 4.904468601205741463e-01
4.765177154541015625e+01 4.528544616699218750e+01 4.690466880798339844e+00 6.308416327564461135e-01 6.155983911070140868e-01 -4.723107613083118994e-01
-7.403235912322998047e+00 6.525610351562500000e+01 7.415929794311523438e+00 5.504100708762986287e-03 -9.063862522024566104e-01 4.224140938626130271e-01
-1.742269515991210938e+01 2.041009330749511719e+01 -2.487184715270996094e+01 5.625470178540287192e-02 2.102820961241875369e-02 -9.981949824195329724e-01
1.227008247375488281e+01 5.861492919921875000e+01 -1.105419540405273438e+01 2.360183829050305770e-01 8.499963427214097811e-01 -4.709581088495258805e-01
4.905011749267578125e+01 5.328209686279296875e+01 1.888009071350097656e+01 6.459719939071595363e-01 7.034430984755232208e-01 -2.964590870504124065e-01
3.640882873535156250e+01 6.159535980224609375e+01 2.608952140808105469e+01 -4.721390799395104865e-01 -7.629216146876719451e-01 4.416280097958323880e-01
6.790604114532470703e+00 7.039494323730468750e+01 2.093725967407226562e+01 -1.270315639473418301e-01 -9.232689351915218667e-01 3.625430389228371797e-01
-1.120291948318481445e+00 6.916677856445312500e+01 1.585585880279541016e+01 -1.082153829681472071e-02 -9.307666433896658598e-01 3.654536220398220125e-01
-2.408847045898437500e+01 6.550646209716796875e+01 4.835772991180419922e+00 -2.240087896769165365e-01 8.631054225999524876e-01 -4.526246697055303914e-01
1.797561454772949219e+01 6.185204315185546875e+01 -6.957619786262512207e-01 2.559036905867618783e-01 8.549089598663305312e-01 -4.512692893210701883e-01
6.542518138885498047e+00 2.386275482177734375e+01 -1.793748855590820312e+01 -2.332639254311741697e-02 -8.007739117152383457e-02 9.965156751572386007e-01
5.069373321533203125e+01 4.856522369384765625e+01 2.414710235595703125e+01 -6.721868824548720145e-01 -6.719308456339071478e-01 3.109239999442026114e-01
-6.777057170867919922e+00 2.315242767333984375e+01 -2.441445732116699219e+01 3.046184076295023815e-02 8.953427875637677558e-02 -9.955177995319360873e-01
-1.546976375579833984e+01 4.214051818847656250e+01 -1.730611801147460938e+01 -1.620927646241454578e-02 -3.365996579092667834e-02 9.993018893505197786e-01
2.249420547485351562e+01 3.285942459106445312e+01 -2.710511589050292969e+01 -1.062002103236374811e-01 -2.773499996925055666e-01 -9.548814025824265972e-01
-2.877657318115234375e+01 5.427654647827148438e+01 -6.535915851593017578e+00 4.052637675112181759e-01 -8.891736534217169474e-01 2.124417397859693080e-01
-3.673084259033203125e+01 5.539868927001953125e+01 -5.384603023529052734e+00 -5.871171224984498282e-01 7.782543876786838233e-01 -2.227410885490531400e-01
-1.558738613128662109e+01 7.458123016357421875e+01 2.030904579162597656e+01 -1.329977549152735750e-01 9.447737608158187639e-01 -2.995231845140386984e-01
-2.122165870666503906e+01 3.909749221801757812e+01 -1.763232994079589844e+01 -2.783120362993527636e-03 -1.037712751439645031e-01 9.945972937305032069e-01
-9.211416244506835938e+00 5.377370452880859375e+01 -1.525121116638183594e+01 -6.515611935042456282e-02 -7.248934625265343046e-01 6.857726650264541757e-01
-1.583621406555175781e+01 5.915945053100585938e+01 -1.231732463836669922e+01 -2.062828056157376133e-01 8.265154090134518849e-01 -5.237553653860037572e-01
3.506856536865234375e+01 4.590023803710937500e+01 -1.295086479187011719e+01 5.426674740556529652e-01 6.929865576205854749e-01 -4.746384345575357933e-01
4.611317443847656250e+01 5.122311019897460938e+01 1.082575130462646484e+01 6.074344811938257038e-01 6.451436865864758063e-01 -4.634792063452242150e-01
-6.540168762207031250e+00 5.998217010498046875e+01 -3.423873901367187500e+00 4.018574806331532551e-02 -9.050892099222883624e-01 4.233185889313622052e-01
9.645809173583984375e+00 6.196878814697265625e+01 -5.354765892028808594e+00 8.926632034504115853e-02 9.039789132042787001e-01 -4.181550532207731208e-01
2.171932601928710938e+01 5.294600296020507812e+01 -1.484643936157226562e+01 3.413825634665471620e-01 7.794307817297122520e-01 -5.253052463598841815e-01
-6.802800297737121582e-01 5.495330047607421875e+01 -1.386372566223144531e+01 7.757587238555520640e-03 -7.886894531834791611e-01 6.147428456496104587e-01
-4.384169006347656250e+01 3.005459213256835938e+01 -2.388995933532714844e+01 -6.708004380935758126e-01 6.716234290963601916e-01 3.145611891863223097e-01
3.489785909652709961e+00 1.540659713745117188e+01 -2.460452079772949219e+01 3.323947143209723259e-02 7.580203871817937922e-02 -9.965687073479091440e-01
-9.072664260864257812e+00 1.654461860656738281e+01 -1.928059005737304688e+01 3.098577375718598523e-03 -8.785925895431651034e-02 9.961280788303505940e-01
-4.930754089355468750e+01 3.923836898803710938e+01 -1.691024017333984375e+01 -6.206467106139084144e-01 6.072766699760773212e-01 -4.959966801369763423e-01
-6.545485019683837891e+00 5.672628784179687500e+01 -1.822710037231445312e+01 -3.917546410417947766e-02 9.112351479775515628e-01 -4.100192533315378807e-01
3.541055297851562500e+01 5.183978271484375000e+01 -2.354309082031250000e+00 5.309439345424479262e-01 7.281609798690035218e-01 -4.334514110817930255e-01
1.176722908020019531e+01 2.628582382202148438e+01 -2.316492843627929688e+01 -2.440560299694968446e-02 -5.404421608017858508e-02 -9.982402462587021130e-01
2.896627426147460938e+01 6.289617156982421875e+01 1.019683837890625000e+01 4.326547323552754620e-01 8.058227103719295403e-01 -4.043014247061498256e-01
4.373269653320312500e+01 4.570616149902343750e+01 -5.072119832038879395e-01 6.289987368299830850e-01 6.553690954729926021e-01 -4.181530076003249219e-01
-9.590884208679199219e+00 6.723586273193359375e+01 2.641134977340698242e+00 -2.954353311146146188e-02 8.825658722842130155e-01 -4.692596943383250951e-01
3.869793701171875000e+01 4.744002151489257812e+01 3.070930004119873047e+00 -5.714313463284009798e-01 -6.634787533397510373e-01 4.829722148323244424e-01
-1.196755599975585938e+01 6.187248229980468750e+01 1.770467042922973633e+00 4.581882354314180394e-02 -8.817232121707145875e-01 4.695368063618434729e-01
4.493140411376953125e+01 5.590942001342773438e+01 1.678740310668945312e+01 5.845555533595724329e-01 7.328710708655369332e-01 -3.481304332069880547e-01
1.712256622314453125e+01 3.534495544433593750e+01 -2.483932113647460938e+01 -6.047042848238458612e-01 -7.364241096638872719e-01 -3.033352248279643781e-01
1.707093429565429688e+01 6.925453186035156250e+01 2.353612518310546875e+01 -2.812808118882889619e-01 -8.621867845530358787e-01 4.213253533856723965e-01
2.908451843261718750e+01 4.869152069091796875e+01 -1.511270809173583984e+01 4.746202201810167942e-01 7.412686895480876670e-01 -4.746118166364844404e-01
-2.774458885192871094e+00 7.351181030273437500e+01 1.540128517150878906e+01 7.901050838347732988e-03 9.410649718555235133e-01 -3.381335418768929846e-01
-3.021401977539062500e+01 5.068610382080078125e+01 -1.952338600158691406e+01 -3.428661298469569130e-01 7.930210466962430704e-01 -5.035478492661493721e-01
4.670684051513671875e+01 4.362081527709960938e+01 9.041719436645507812e+00 -6.851490344754832540e-01 -6.180040452406572182e-01 3.855409195189231086e-01
2.292027091979980469e+01 5.692011260986328125e+01 2.236294031143188477e+00 -3.626153358057578324e-01 -8.049737130700664878e-01 4.696034917935212327e-01
-1.593282794952392578e+01 7.609014129638671875e+01 2.560616111755371094e+01 -1.381517455987590903e-01 9.709500429839781344e-01 -1.953717206184840682e-01
-2.774536514282226562e+01 1.729130744934082031e+01 -2.098045349121093750e+01 -4.310405578191306986e-01 -8.384466509902084308e-01 3.334835092748609786e-01
2.318061637878417969e+01 5.808057785034179688e+01 -4.186190128326416016e+00 4.231813746041706570e-01 8.470696369981229878e-01 -3.215440160599988273e-01
1.061529827117919922e+01 3.549005889892578125e+01 -2.308843803405761719e+01 -4.333674677044563328e-02 -3.830215986966962194e-01 -9.227222666171989163e-01
-2.402255821228027344e+01 3.669313812255859375e+01 -2.427116012573242188e+01 9.654234799448900561e-02 -3.355096958736321633e-01 -9.370767412642861949e-01
-3.058488273620605469e+01 2.707658767700195312e+01 -1.867372512817382812e+01 7.981793195653447137e-02 -7.015080933265656349e-02 9.943379514471702985e-01
1.124814701080322266e+01 6.823699188232421875e+01 7.565757751464843750e+00 1.708872470673187538e-01 8.697195176183430965e-01 -4.630178284509892661e-01
2.182968521118164062e+01 6.874070739746093750e+01 2.568583679199218750e+01 -3.604551576234091281e-01 -8.246591475091743506e-01 4.359006420873054455e-01
1.312673187255859375e+01 7.420091247558593750e+01 2.404081153869628906e+01 1.301412496335438707e-01 9.499971655068683019e-01 -2.838461566988980667e-01
-3.928439331054687500e+01 5.216621017456054688e+01 -9.027626991271972656e+00 -8.076720987857893830e-01 5.648279122817707609e-01 -1.692194148151280886e-01
5.900725841522216797e+00 4.477622985839843750e+01 -2.158095169067382812e+01 6.369820565546301105e-02 5.986728020137698225e-01 -7.984568959720091952e-01
4.138493347167968750e+01 5.798034667968750000e+01 1.532001781463623047e+01 5.582478184435687441e-01 7.336810241644171615e-01 -3.873906658452782592e-01
-1.068805122375488281e+01 3.945352935791015625e+01 -2.403027725219726562e+01 3.210252635781945391e-02 -5.412465662577974346e-01 -8.402509043824881729e-01
3.587025451660156250e+01 2.916212844848632812e+01 -1.648755645751953125e+01 -1.281749752913931110e-02 2.703002749910856164e-02 9.995524445322956364e-01
3.560265350341796875e+01 5.247708129882812500e+01 7.303342819213867188e+00 -5.212273341536108884e-01 -7.395357128847881434e-01 4.259213489590631396e-01
4.006473541259765625e+01 4.160008239746093750e+01 -3.720010042190551758e+00 -6.566301581762088446e-01 -6.726019674943066740e-01 3.412380821307529066e-01
-8.184626579284667969e+00 6.594563007354736328e+00 -2.520351791381835938e+01 -5.230467787530085344e-01 -8.327773498708099797e-01 1.813944673308749422e-01
2.602965927124023438e+01 6.499792480468750000e+01 2.145834922790527344e+01 -4.332136764385555727e-01 -8.613649686364907021e-01 2.652853206501402106e-01
-2.508534622192382812e+01 5.657285308837890625e+01 -4.014114856719970703e+00 3.147603834668465939e-01 -8.578285273319210535e-01 4.062709916980920544e-01
-2.980398750305175781e+01 6.096116638183593750e+01 -1.441289931535720825e-01 -3.434290674528870935e-01 8.322256310114378719e-01 -4.352665559356179159e-01
1.401009178161621094e+01 6.620606231689453125e+01 5.064085960388183594e+00 2.779063836085962080e-01 8.499036961908423837e-01 -4.476960454937433109e-01
-1.300919950008392334e-01 5.733018112182617188e+01 -9.906282424926757812e+00 -1.231780808318709286e-01 -9.002689371043588462e-01 4.175440111982988700e-01
3.687853240966796875e+01 3.309791946411132812e+01 -2.054376602172851562e+01 1.392757007386737633e-01 2.396566735173836366e-02 -9.899635983065929734e-01
-3.953166961669921875e+01 3.513381195068359375e+01 -2.871285629272460938e+01 -4.062638985707880956e-01 4.936522313472408996e-01 -7.689324542532681717e-01
-3.166607666015625000e+01 2.911362838745117188e+01 -2.383113670349121094e+01 8.448334106883798045e-02 2.798356439801109874e-02 -9.960318695731722460e-01
9.436678886413574219e+00 4.552942276000976562e+01 -1.653776550292968750e+01 6.112405600590507804e-02 5.356571158802996002e-02 9.966918100995186824e-01
1.083198165893554688e+01 7.200659179687500000e+01 1.528950119018554688e+01 2.714531753019586158e-01 9.140974882834410620e-01 -3.012290748456873390e-01
1.579279041290283203e+01 1.688682746887207031e+01 -2.356382369995117188e+01 9.683597093352566687e-02 1.363611898339201767e-01 -9.859150169464095947e-01
-2.456587791442871094e+01 5.894384765625000000e+01 -8.246760368347167969e+00 -2.747900223455722601e-01 8.857498720536051140e-01 -3.740823542702093052e-01
3.301250457763671875e+01 4.248246383666992188e+01 -1.961536979675292969e+01 3.651395199771383382e-01 4.391142377991282264e-01 -8.208847770015933465e-01
-3.811009979248046875e+01 2.489727020263671875e+01 -1.814269065856933594e+01 1.454615769490314736e-01 -1.085150519266260966e-01 9.833948409143006275e-01
2.373632621765136719e+01 5.315908813476562500e+01 -3.996384143829345703e+00 -4.350763346130807618e-01 -8.449231808068358163e-01 3.111485201554166080e-01
3.204698944091796875e+01 3.174774932861328125e+01 -1.651309967041015625e+01 -5.490203926213458457e-02 9.013643625758288938e-03 9.984510605500135361e-01
4.370392608642578125e+01 3.473025512695312500e+01 -8.663127899169921875e+00 -7.797419150724183012e-01 -4.375435138032144344e-01 4.478372688912056199e-01
5.065079498291015625e+01 4.509111022949218750e+01 9.012768745422363281e+00 6.661207381995589705e-01 5.470415901723273411e-01 -5.069799411832839331e-01
4.910226440429687500e+01 4.661560440063476562e+01 1.731657028198242188e+01 -6.312915314053861859e-01 -6.543755860909479249e-01 4.162494380824682261e-01
2.857458877563476562e+01 6.836126708984375000e+01 2.241120910644531250e+01 4.148005490176008836e-01 8.715511743279253931e-01 -2.614173962503477111e-01
5.148725986480712891e+00 -3.992390036582946777e-01 -2.084668731689453125e+01 -9.385088166854234359e-02 -3.790712486913267454e-01 9.205960028294907227e-01
4.406347656250000000e+01 3.121086883544921875e+01 -1.742306900024414062e+01 7.289694017860389730e-01 -6.809227674203655045e-01 7.034057199294990737e-02
2.946245574951171875e+01 1.823226928710937500e+01 -1.783472251892089844e+01 5.775471526285638202e-01 -8.141944807021261887e-01 -5.938547031752555716e-02
-6.064548015594482422e+00 5.900836944580078125e+01 -1.439107799530029297e+01 2.583421772315700349e-03 8.744822620103380739e-01 -4.850506152570355223e-01
2.418024444580078125e+01 1.959817886352539062e+01 -2.275942039489746094e+01 1.162570951382600193e-01 7.577948446558853413e-02 -9.903240669417981978e-01
-1.845720863342285156e+01 5.614542007446289062e+01 -1.660477066040039062e+01 -2.282257682098907392e-01 8.495603954833478300e-01 -4.755629644444391291e-01
4.450530111789703369e-01 6.732498168945312500e+01 2.635807037353515625e+00 6.123435110512819718e-02 8.858280677519976276e-01 -4.599554202610252052e-01
-1.399524879455566406e+01 5.702472305297851562e+01 -1.647727584838867188e+01 -1.656083139231731838e-01 8.152923478685213388e-01 -5.548623918293236201e-01
3.316252899169921875e+01 6.263869476318359375e+01 1.374654865264892578e+01 4.806087792441114392e-01 7.651660653782155208e-01 -4.284111269646311837e-01
-2.458991432189941406e+01 2.506441116333007812e+01 -2.448359489440917969e+01 -2.717421694970376805e-02 4.853851171204610210e-02 -9.984515886180712618e-01
-1.605680465698242188e+01 6.703128814697265625e+01 4.059671878814697266e+00 -1.451609769808926975e-01 8.743566050591147221e-01 -4.630645937139354351e-01
-3.760824584960937500e+01 4.842356872558593750e+01 -9.733441352844238281e+00 5.274283356407025725e-01 -7.795088439254246326e-01 3.379131737670584834e-01
2.291767120361328125e+00 3.336460113525390625e+01 -2.326626205444335938e+01 2.780365266280276221e-02 1.995628942843606923e-01 -9.794904839371616490e-01
-3.992317199707031250e+01 4.494560241699218750e+01 -1.329100990295410156e+01 5.588666524941267033e-01 -6.285311682663037303e-01 5.409405098971645787e-01
2.630943059921264648e+00 4.847650146484375000e+01 -2.116953849792480469e+01 1.202056377699304984e-01 1.367365931793449174e-01 -9.832871954490359778e-01
1.776271247863769531e+01 4.815608978271484375e+01 -2.066860580444335938e+01 8.704155050844794572e-02 1.579418596264978436e-01 -9.836046652302992133e-01
-1.085783481597900391e+01 2.390529632568359375e+01 -2.441783523559570312e+01 4.272323906537875415e-02 3.373967155191191086e-02 -9.985170801780666183e-01
-5.326918792724609375e+01 2.652191925048828125e+01 -1.777614021301269531e+01 -4.945097573991720230e-01 -8.687722934304488165e-01 -2.635909718883319708e-02
-1.194661998748779297e+01 5.604095840454101562e+01 -1.223206901550292969e+01 9.429237157323000496e-02 -8.693175393042472665e-01 4.851762200696819738e-01
5.669486999511718750e+00 3.407533645629882812e+01 -1.751233100891113281e+01 -3.124619874817972653e-01 -1.087737592919763158e-01 9.436820310191438299e-01
3.866669464111328125e+01 6.281442260742187500e+01 2.278575325012207031e+01 5.263695091414529736e-01 8.116435728053109644e-01 -2.533176870453692220e-01
-2.662909984588623047e+00 2.103587341308593750e+01 -1.859409141540527344e+01 -3.384199262248838158e-02 -8.519483316594264610e-02 9.957894154574885581e-01
1.949909973144531250e+01 5.379806900024414062e+01 -6.757286071777343750e+00 -3.809263597787020950e-01 -8.040791588252026445e-01 4.564557095367537398e-01
-4.432054138183593750e+01 4.341904830932617188e+01 -1.075972461700439453e+01 3.450426975989765999e-01 -6.232387890789180540e-01 7.017969425845805853e-01
-5.438181877136230469e+00 6.091421508789062500e+01 -1.058792400360107422e+01 -2.942616087760949531e-02 9.305838257594705176e-01 -3.648942919406557572e-01
-2.055353927612304688e+01 1.738698387145996094e+01 -2.511394500732421875e+01 -1.002691309810131159e-01 6.230352376018291789e-03 -9.949408445136742607e-01
-3.710514068603515625e+01 4.788139724731445312e+01 -1.831916427612304688e+01 -4.873081973709334491e-01 7.378325606284890092e-01 -4.670479988732404997e-01
-1.079037857055664062e+01 7.236152648925781250e+01 2.352734756469726562e+01 9.247476805506206488e-02 -8.865103097277462485e-01 4.533738942854762533e-01
1.866980171203613281e+01 3.758766937255859375e+01 -1.647644233703613281e+01 -1.728132019555729190e-02 -3.971353446847621788e-03 9.998427798029542179e-01
3.381704711914062500e+01 5.954168701171875000e+01 1.819525146484375000e+01 -4.923328147142311817e-01 -7.854559356225688793e-01 3.750564927458761577e-01
-3.537731933593750000e+01 1.983512687683105469e+01 -2.005307579040527344e+01 -3.331980493700524293e-01 -9.287135231823825388e-01 -1.626968092931093124e-01
-1.724963188171386719e+01 2.946786308288574219e+01 -2.400512504577636719e+01 1.863887895577092182e-02 8.798143114877901572e-02 -9.959477194934907018e-01
-1.199209022521972656e+01 6.417916107177734375e+01 -2.503294944763183594e+00 -1.421554250023256694e-01 9.008827385474231786e-01 -4.101245256378889259e-01
-1.791089820861816406e+01 5.691917800903320312e+01 -8.189056396484375000e+00 1.801601568951778365e-01 -9.048930617928300224e-01 3.856304767347917828e-01
-4.376344299316406250e+01 4.318658065795898438e+01 -1.844931221008300781e+01 -5.949184977823293030e-01 6.872969745799438757e-01 -4.167671408948560030e-01
-2.826848411560058594e+01 5.932544708251953125e+01 3.507443904876708984e+00 2.459259065467860605e-01 -8.650212931057509325e-01 4.373312371221567685e-01
2.080039787292480469e+01 4.513939285278320312e+01 -1.636707878112792969e+01 -6.004952332460498227e-02 -3.793671039382941895e-02 9.974742406463349420e-01
-3.235800933837890625e+01 5.353595733642578125e+01 -1.317062282562255859e+01 -2.968535001884876623e-01 8.628023401471764942e-01 -4.092066974798917456e-01
-1.343255043029785156e+01 5.293876266479492188e+01 -1.609778785705566406e+01 6.412869280393804217e-02 -7.688011178880366225e-01 6.362643726418785173e-01
-2.345256233215332031e+01 4.718672943115234375e+01 -2.199020004272460938e+01 6.900286106597731776e-03 1.535201555635322124e-01 -9.881214236557146480e-01
-2.060973167419433594e+01 6.331589889526367188e+01 7.291343212127685547e+00 2.783636509327011010e-01 -9.020312218328937481e-01 3.299293146691789080e-01
-3.325668334960937500e+01 3.814751434326171875e+01 -2.342900466918945312e+01 -5.002633064400091589e-01 8.391079469947813063e-01 -2.136222776770082543e-01
-1.256647014617919922e+01 6.769522857666015625e+01 1.320279407501220703e+01 5.618029022242344156e-02 -9.479977113597750638e-01 3.132796103278235322e-01
-2.216899871826171875e+01 6.314660644531250000e+01 -5.596560239791870117e-01 -2.229792272764676009e-01 8.724526992767326350e-01 -4.348638312482800417e-01
4.464376831054687500e+01 4.041074371337890625e+01 -7.670277118682861328e+00 6.900366248596753183e-01 6.107807334275737743e-01 -3.883250597449809383e-01
-1.287930011749267578e+00 4.628958892822265625e+01 -2.475947380065917969e+01 1.016443838405393409e-02 9.310656705778025399e-01 3.647100235308096683e-01
-2.077327346801757812e+01 5.901288604736328125e+01 -1.547448992729187012e+00 1.852385396032612541e-01 -8.769115772918041340e-01 4.435231324939558073e-01
-9.379891395568847656e+00 1.104538154602050781e+01 -1.970973396301269531e+01 -2.421688662230920761e-02 -1.317451903119125634e-01 9.909877634118395839e-01
-9.610062599182128906e+00 5.851663970947265625e+01 -6.731156826019287109e+00 1.007057634764477183e-01 -9.602556438447874543e-01 2.603218155799827960e-01
3.334288024902343750e+01 6.614784240722656250e+01 2.875666046142578125e+01 -9.741476100965647256e-02 -8.673903770794705315e-02 9.914568592101881128e-01
2.044517993927001953e+00 7.616178894042968750e+01 2.471489906311035156e+01 9.622142855807518103e-02 9.628773702302251269e-01 -2.522074673453765237e-01
-9.742926597595214844e+00 3.119657135009765625e+01 -2.368256378173828125e+01 4.526839899275383189e-02 -4.994164588850789899e-02 -9.977257158450811847e-01
4.133004760742187500e+01 4.614831161499023438e+01 -3.827927112579345703e+00 6.393786203991553840e-01 6.760048731510446274e-01 -3.663500938344535496e-01
-2.402189445495605469e+01 4.547021102905273438e+01 -1.744773483276367188e+01 -2.568892636422798192e-02 -8.843022773027825467e-02 9.957510601981924836e-01
1.187406921386718750e+01 1.495273971557617188e+01 -2.419096183776855469e+01 1.245949393223448193e-01 -3.472476963472435202e-02 -9.915998645971451086e-01
2.309765052795410156e+01 6.210540771484375000e+01 3.578608036041259766e+00 3.762275526294379668e-01 8.746258284245370662e-01 -3.057490619693801204e-01
2.531053543090820312e+01 4.620869827270507812e+01 -1.411866378784179688e+01 -4.034299627429954738e-01 -7.311084465656941811e-01 5.502042389163160907e-01
1.118990230560302734e+01 5.642254257202148438e+01 -7.397409915924072266e+00 -2.196041474371230318e-01 -8.872864359034092763e-01 4.055820497633489397e-01
3.386407470703125000e+01 6.525784301757812500e+01 2.101564407348632812e+01 4.787016216626966414e-01 8.444572132098434603e-01 -2.402847737068863343e-01
6.635153770446777344e+00 7.448675155639648438e+00 -1.965725898742675781e+01 -1.594825817794282841e-01 -2.331988979722709188e-01 9.592619976281173688e-01
1.457396316528320312e+01 5.617009735107421875e+01 -1.407235622406005859e+01 3.128110194366330310e-01 7.904614600202845009e-01 -5.266117605424460724e-01
-1.906481361389160156e+01 3.475618362426757812e+01 -2.374031448364257812e+01 -1.637688075546328836e-01 7.160560604782828520e-02 -9.838965468252527380e-01
9.306934356689453125e+00 6.008267211914062500e+01 -3.305439949035644531e-01 -1.396770485813320639e-01 -8.494295042693427167e-01 5.088809677875042459e-01
2.532839393615722656e+01 4.869447708129882812e+01 -1.079498291015625000e+01 -3.701081925785017490e-01 -7.618675931818243985e-01 5.315803760915266407e-01
1.122841000556945801e+00 2.779226303100585938e+01 -1.795712471008300781e+01 -9.288538373977386908e-02 -8.841515351815816548e-02 9.917434477302461415e-01
-3.765289306640625000e+01 4.361827850341796875e+01 -1.640527534484863281e+01 4.827200135738844988e-01 -5.847635273899425279e-01 6.519455541145294797e-01
-1.930893516540527344e+01 7.502410125732421875e+01 2.346024894714355469e+01 -1.857758029278269996e-01 9.317163119716224129e-01 -3.120770178217542878e-01
1.673781991004943848e+00 6.267526626586914062e+01 2.215652942657470703e+00 -1.407638716343166951e-01 -8.888659179833796609e-01 4.360079268661078422e-01
4.754474639892578125e+01 5.699364471435546875e+01 2.635586738586425781e+01 6.673757636213171196e-01 7.310557888284944239e-01 -1.420106466121876521e-01
-2.838695049285888672e+00 5.761827468872070312e+01 -1.657225036621093750e+01 -5.538793962149331923e-02 8.789523635296205839e-01 -4.736822973155946914e-01
-1.085191917419433594e+01 6.398915100097656250e+01 5.464252948760986328e+00 9.969639776443883772e-02 -9.108549298635743030e-01 4.005045880086992582e-01
3.950413513183593750e+01 5.262667083740234375e+01 4.279399871826171875e+00 5.251420397487840397e-01 7.150347130195278122e-01 -4.614663555077099244e-01
-1.902927207946777344e+01 2.854872894287109375e+01 -1.887627220153808594e+01 -1.190143951883937921e-02 -4.004250100276839780e-02 9.991270959446665323e-01
3.712082672119140625e+01 5.820008087158203125e+01 1.045270633697509766e+01 4.898328624436725787e-01 7.427780597695831100e-01 -4.564477196735370335e-01
-2.209689903259277344e+01 6.742565917968750000e+01 1.601976966857910156e+01 1.807148521412974551e-01 -9.079145531212852172e-01 3.781974437329340688e-01
2.867124176025390625e+01 5.650745391845703125e+01 -1.741917014122009277e+00 4.483677372062293554e-01 7.013886438766641085e-01 -5.540941639048545531e-01
2.356238174438476562e+01 3.888311386108398438e+01 -1.653513908386230469e+01 3.917432958518222985e-02 -2.172225220429857898e-02 9.989962540774236510e-01
1.669624710083007812e+01 5.838415527343750000e+01 -8.852220535278320312e+00 2.834582614477709206e-01 8.579016224688020831e-01 -4.285513040260221507e-01
3.861571502685546875e+01 5.186767196655273438e+01 1.037529373168945312e+01 -5.268984256731156224e-01 -7.381729992659092909e-01 4.212821764304349181e-01
3.820511627197265625e+01 6.141739654541015625e+01 1.779608917236328125e+01 5.487083079259919005e-01 7.668605149386499287e-01 -3.329326409966791855e-01
5.869747161865234375e+00 6.574818420410156250e+01 8.003100156784057617e-01 1.709184306827847277e-01 8.591490810213363583e-01 -4.823377930798365965e-01
-4.275456905364990234e+00 1.993789672851562500e+01 -2.456715965270996094e+01 -1.435464970710646207e-03 4.996526704536058405e-02 -9.987499244202242554e-01
3.922871398925781250e+01 3.965147018432617188e+01 -1.688806915283203125e+01 6.341203076905433944e-01 6.687309041123771225e-01 -3.881886310281293939e-01
1.784838294982910156e+01 3.270812988281250000e+01 -1.702285957336425781e+01 -7.826533658406670257e-02 -1.427523094197318820e-01 9.866591687329094862e-01
-3.363842010498046875e+01 4.929152679443359375e+01 -1.257516956329345703e+01 4.001055317968804648e-01 -7.443220865172269773e-01 5.346963577098475806e-01
-8.167528152465820312e+00 3.894885253906250000e+01 -1.741111373901367188e+01 -4.212214587895611595e-02 -1.639659794405432247e-01 9.855662749976054071e-01
3.489614868164062500e+01 5.774818420410156250e+01 7.194245815277099609e+00 4.700956343354781297e-01 7.510391746743003694e-01 -4.636272777601314621e-01
-2.516069030761718750e+01 6.360511779785156250e+01 1.001029682159423828e+01 2.224461546095367614e-01 -8.599311570069159139e-01 4.593866710171040646e-01
-1.284486055374145508e+00 3.121867895126342773e+00 -2.364294052124023438e+01 -3.779903505779826922e-01 -8.659006112770986086e-01 3.276269620465945831e-01
1.522132992744445801e+00 4.087425994873046875e+01 -2.569802474975585938e+01 -2.572274060959789943e-01 -9.310818872778292565e-01 -2.586901249299826677e-01
4.361649322509765625e+01 5.074668502807617188e+01 1.521032714843750000e+01 -6.023492709706407267e-01 -6.383177583498931273e-01 4.792971887423344013e-01
-3.163867378234863281e+01 5.819690704345703125e+01 -4.213518142700195312e+00 -3.679775114064069985e-01 8.556709208521217080e-01 -3.638953507634163365e-01
4.957159423828125000e+01 4.115685272216796875e+01 2.747490882873535156e+00 8.406391700284701063e-01 -5.144573460750366811e-01 -1.692909474345128951e-01
2.928500747680664062e+01 2.251206779479980469e+01 -2.277711868286132812e+01 -1.223865834899828253e-01 -2.962434740329211169e-01 -9.472387915803254232e-01
3.223848724365234375e+01 4.854072570800781250e+01 -1.216201019287109375e+01 5.263466348801757455e-01 7.285492592975250092e-01 -4.383779154192675720e-01
2.441182708740234375e+01 7.043913269042968750e+01 2.842274284362792969e+01 -1.025155608958715353e-01 -8.232606785976978592e-02 9.913188076118366610e-01
-1.427772045135498047e+00 6.150128173828125000e+01 -9.299219131469726562e+00 8.211377954046769623e-02 9.036270419258917164e-01 -4.203754230563934713e-01
-2.722773170471191406e+01 3.463912200927734375e+01 -1.800581741333007812e+01 8.729525839753897454e-02 -1.148409248732150945e-01 9.895408530402226566e-01
-3.840333557128906250e+01 2.454652786254882812e+01 -2.378554344177246094e+01 9.549790748789560579e-02 -1.421088767254023721e-01 -9.852335849032339832e-01
-2.822020530700683594e+01 6.421897888183593750e+01 4.958184242248535156e+00 -2.829208102356020049e-01 8.328800752142192509e-01 -4.756748841874951506e-01
3.039283561706542969e+01 2.880142021179199219e+01 -2.724536132812500000e+01 -2.677657217362883757e-01 -1.776504892471433839e-01 -9.469645304515343920e-01
2.243962287902832031e+01 3.030316162109375000e+01 -1.693358993530273438e+01 -6.736634292445217720e-02 -1.317327206845993748e-01 9.889935622348704491e-01
2.909564018249511719e+01 3.677340698242187500e+01 -2.080443954467773438e+01 7.863267769576508248e-02 4.860017631131836185e-02 -9.957182959356039031e-01
5.068510437011718750e+01 5.054694366455078125e+01 1.654826164245605469e+01 6.705092400260036500e-01 6.723111267503677491e-01 -3.137118229958858473e-01
2.878729999065399170e-01 5.923332977294921875e+01 -4.620786190032958984e+00 -5.602899920150166725e-03 -9.396790455790270391e-01 3.420115477760566347e-01
-1.798629999160766602e+00 5.219473266601562500e+01 -1.654179382324218750e+01 1.163941824757725590e-03 -3.420226867843555452e-01 9.396909741847258024e-01
-3.576441955566406250e+01 5.390314865112304688e+01 -9.393850326538085938e+00 -4.101836247378644607e-01 8.026312814555858210e-01 -4.330501356954770120e-01
3.748399353027343750e+01 2.925343704223632812e+01 -2.061615753173828125e+01 -2.613003263521000707e-02 2.322869878665302298e-02 -9.993886375915836950e-01
1.330023193359375000e+01 6.929901123046875000e+01 2.133070564270019531e+01 -2.204524003529304277e-01 -9.116681193928054538e-01 3.467880898494303255e-01
8.320514678955078125e+00 4.469789505004882812e+01 -2.461719512939453125e+01 2.817386550878094864e-01 9.383692840031073734e-01 2.002159261118053590e-01
1.972143936157226562e+01 6.074250793457031250e+01 7.051854133605957031e+00 -3.360795718103418150e-01 -8.436835333983467855e-01 4.186270618154756540e-01
-2.454922103881835938e+01 2.568003082275390625e+01 -1.899677848815917969e+01 -3.833188269690897959e-02 -2.247717033452265381e-02 9.990122339504472482e-01
4.961894989013671875e+01 4.839017105102539062e+01 1.164942359924316406e+01 6.432325347832773543e-01 6.343673822486884939e-01 -4.287539277198828547e-01
4.773271083831787109e+00 3.981060409545898438e+01 -1.679756546020507812e+01 -2.981228638812509837e-02 -1.539178304396549568e-01 9.876338031138170992e-01
-6.704298973083496094e+00 7.562226867675781250e+01 2.163042640686035156e+01 6.863922665941193414e-03 9.510871929342652464e-01 -3.088463015839040260e-01
2.680280494689941406e+01 6.694800567626953125e+01 2.619424438476562500e+01 -3.281797246524613687e-01 -7.455730901186479187e-01 5.800162373744076616e-01
3.166056823730468750e+01 6.764096832275390625e+01 2.503163719177246094e+01 4.397182180723415157e-01 8.708619832447529463e-01 -2.196526686254922089e-01
-5.213822841644287109e+00 1.709823417663574219e+01 -1.913530349731445312e+01 -4.220437233622041651e-02 -4.646903098761230588e-02 9.980277652023404888e-01
2.265685844421386719e+01 6.823660278320312500e+01 1.461176586151123047e+01 4.059223577766290503e-01 8.142855498178088736e-01 -4.149290093678326130e-01
4.281704711914062500e+01 6.051803970336914062e+01 2.902961921691894531e+01 1.873662846646508284e-01 2.154770266522806066e-01 9.583650277196351652e-01
3.706784057617187500e+01 2.404212188720703125e+01 -2.034740638732910156e+01 5.719004556358548985e-01 -8.193817471706800193e-01 3.928640028082738128e-02
2.342090225219726562e+01 6.256498718261718750e+01 1.362443637847900391e+01 -3.309645740031638139e-01 -8.278173615367617755e-01 4.529689467206535758e-01
3.446215057373046875e+01 5.057718276977539062e+01 -6.035477161407470703e+00 5.519208848924080923e-01 7.542245204613184928e-01 -3.557087425893203925e-01
2.388163375854492188e+01 7.007174682617187500e+01 2.126742744445800781e+01 3.171412958625656753e-01 9.185807496997372423e-01 -2.358618340038961259e-01
9.169393539428710938e+00 4.105906677246093750e+01 -1.653680801391601562e+01 2.436555251644067100e-03 -4.745802763181607153e-02 9.988702612510813594e-01
4.923079681396484375e+01 5.154550552368164062e+01 2.657060432434082031e+01 -6.068826337771069390e-01 -6.463523253678835623e-01 4.625171783958856864e-01
-4.830609893798828125e+01 3.675123214721679688e+01 -2.070355033874511719e+01 -3.209524097431934453e-01 3.193577145897018577e-01 -8.916278376161658192e-01
2.568547630310058594e+01 2.697194480895996094e+01 -2.313295173645019531e+01 -3.494724693451287112e-01 -4.237223301877597326e-01 -8.356604454382613456e-01
-1.970499992370605469e+00 6.502429199218750000e+01 -1.792551994323730469e+00 8.959647317618613105e-03 8.255408727374782263e-01 -5.642712044396617221e-01
3.327917480468750000e+01 6.241056442260742188e+01 2.402212333679199219e+01 -4.176292666067678017e-01 -8.171929362368214322e-01 3.972171957986407875e-01
1.998457908630371094e+01 4.023265838623046875e+01 -2.534128379821777344e+01 4.568257265768688180e-01 8.462295273557595143e-01 2.742368366371734090e-01
2.809509277343750000e+01 4.916441726684570312e+01 -7.257180213928222656e+00 -4.611942165787784043e-01 -8.304363198523150302e-01 3.125306597190592450e-01
1.895881462097167969e+01 5.746439361572265625e+01 1.954029947519302368e-01 -3.578249465095587611e-01 -7.797483183193686385e-01 5.137644087843649121e-01
2.526487731933593750e+01 4.929523086547851562e+01 -1.771513557434082031e+01 4.181634619882342863e-01 7.637758213826869591e-01 -4.917172091041927540e-01
-5.616681098937988281e+00 9.455255508422851562e+00 -1.995159912109375000e+01 1.447090105939366142e-02 -2.492265773361816705e-01 9.683370829271290559e-01
-2.343086624145507812e+01 7.237625885009765625e+01 1.814979553222656250e+01 -2.609850626402333562e-01 9.130604830529439608e-01 -3.133805216758029921e-01
3.174779891967773438e+01 4.331198120117187500e+01 -1.246267890930175781e+01 -5.247382236644105857e-01 -6.736869371740186185e-01 5.203803486937309541e-01
7.497162818908691406e+00 6.888207244873046875e+01 7.226717948913574219e+00 1.189897787570999427e-01 8.812229576494798877e-01 -4.574795421249339689e-01
1.320896339416503906e+01 4.072319412231445312e+01 -2.739798164367675781e+01 -1.452214759790057541e-01 -3.039626470341111331e-01 -9.415505467697925512e-01
4.506044006347656250e+01 5.849213790893554688e+01 2.379020500183105469e+01 5.691461461679974132e-01 7.810179434441278934e-01 -2.570673770053706897e-01
1.446060657501220703e+01 6.120975112915039062e+01 4.455749988555908203e+00 -2.455609459553053930e-01 -9.173598105422238191e-01 3.132902804484536952e-01
2.201071548461914062e+01 1.638488960266113281e+01 -1.761491012573242188e+01 -8.261954961423610688e-02 -7.976846187448717596e-02 9.933836129671753667e-01
3.888783264160156250e+01 5.883673858642578125e+01 2.408642196655273438e+01 -5.249575071811780624e-01 -7.332115424820415672e-01 4.322273124470835115e-01
4.474895477294921875e+01 4.659896850585937500e+01 1.052307415008544922e+01 -6.400861589114438255e-01 -6.468948629491195756e-01 4.145078352215236239e-01
4.188118743896484375e+01 4.158978271484375000e+01 -1.039647293090820312e+01 6.253507797767309251e-01 6.482305038387318197e-01 -4.344348237947994740e-01
1.648648452758789062e+01 4.121189117431640625e+01 -2.332434463500976562e+01 3.846047367475448620e-01 8.534104634082100294e-01 3.518092912598185240e-01
3.429522705078125000e+01 3.676190567016601562e+01 -1.619428634643554688e+01 -1.871830514510393895e-01 -2.229865154406600325e-01 9.566815139747971708e-01
-4.150014495849609375e+01 3.814265823364257812e+01 -2.174615859985351562e+01 -1.648062054443321101e-01 1.226834023089778125e-01 -9.786662850251530710e-01
-8.615468978881835938e+00 7.480679321289062500e+01 2.723812866210937500e+01 -1.008977928334484075e-01 -7.509995045892281507e-01 6.525483733088852656e-01
2.121465682983398438e+01 6.568397521972656250e+01 8.635337829589843750e+00 3.186645546962937892e-01 8.422880617257405556e-01 -4.347455838240426029e-01
-4.190264225006103516e+00 5.667239379882812500e+01 -1.177012538909912109e+01 -7.562784796432599904e-03 -8.412108279154120183e-01 5.406543695227016277e-01
-5.459070205688476562e-01 1.718824768066406250e+01 -2.460954284667968750e+01 -7.402225343916062419e-03 1.007880007319191251e-01 -9.948803877695151510e-01
3.447850799560546875e+01 2.219651222229003906e+01 -1.818196296691894531e+01 5.904709237419230039e-01 -7.980280125074736830e-01 1.203967585474434304e-01
-1.175050163269042969e+01 7.352249145507812500e+01 1.603067398071289062e+01 -8.260910331791901373e-02 9.282234137091940340e-01 -3.627354825365995405e-01
-1.113138771057128906e+01 2.911227035522460938e+01 -1.851645088195800781e+01 -5.716002402899082041e-02 9.525644248225171098e-03 9.983195849800110544e-01
-4.340429687500000000e+01 3.354597091674804688e+01 -1.741309928894042969e+01 7.475807456362708325e-02 -8.109694997699223862e-02 9.938986442248366471e-01
-6.601210117340087891e+00 2.734165763854980469e+01 -1.824614906311035156e+01 -1.400559402979011971e-02 -6.239038856402328442e-02 9.979535473912114485e-01
-3.147991752624511719e+01 4.799493408203125000e+01 -1.547055721282958984e+01 3.019787038379961874e-01 -7.306818053931140033e-01 6.123013650938426977e-01
-1.580239486694335938e+01 6.334687423706054688e+01 -3.108036994934082031e+00 -2.206932059987793682e-01 8.639167970839345401e-01 -4.527055075236177117e-01
-2.703455734252929688e+01 6.059703063964843750e+01 -2.684797048568725586e+00 -3.185223778898910174e-01 8.501547740398821551e-01 -4.192616783830431793e-01
-1.931133842468261719e+01 7.005950927734375000e+01 2.097928810119628906e+01 1.656408644116750539e-01 -8.991314493698228105e-01 4.051243522562854582e-01
-1.747615623474121094e+01 5.175543212890625000e+01 -2.147107505798339844e+01 7.135437686242629245e-03 1.459145559376292534e-01 -9.892714631963009930e-01
-4.436106109619140625e+01 3.830418014526367188e+01 -1.627856254577636719e+01 4.018018365932619629e-01 -5.652351208216238598e-01 7.204613399066225332e-01
7.280994892120361328e+00 3.566406011581420898e+00 -2.502818489074707031e+01 1.734241529327560927e-01 9.917724895763854742e-02 -9.798407709769739737e-01
-8.217808723449707031e+00 4.669524765014648438e+01 -2.690272712707519531e+01 -3.967487343313347292e-02 9.850228445773873132e-01 1.677971992577256266e-01
3.818576049804687500e+01 4.133174896240234375e+01 -7.626790046691894531e+00 -6.377185239530569483e-01 -6.780168631899151643e-01 3.655245784311119683e-01
-2.076163482666015625e+01 1.398882675170898438e+01 -2.123451042175292969e+01 -5.501927525924551476e-01 -7.492560177974249003e-01 3.686507219429826510e-01
3.414801025390625000e+01 5.541481018066406250e+01 1.109820270538330078e+01 -4.671969792341674199e-01 -6.979741977525872887e-01 5.427329010352154315e-01
-3.683526611328125000e+01 3.031137275695800781e+01 -2.487237358093261719e+01 3.857369265357888932e-01 -7.172048993149088281e-01 -5.803655364556158380e-01
-1.895322799682617188e+01 4.709649658203125000e+01 -1.734388923645019531e+01 -7.569306737164636922e-02 -1.152101166626155228e-02 9.970646046480925451e-01
5.457551956176757812e+00 6.425606536865234375e+01 6.910760879516601562e+00 -1.871722218970920115e-01 -8.562811980279236845e-01 4.814032293763405024e-01
-1.205861091613769531e+01 7.076554870605468750e+01 2.031934928894042969e+01 8.841039892402643985e-02 -9.064169231621882483e-01 4.130277990248188980e-01
-2.910227775573730469e+01 4.110451126098632812e+01 -2.511604690551757812e+01 -4.556981244710416878e-01 8.744193498468864068e-01 1.665233315992788454e-01
-4.681511688232421875e+01 4.201458358764648438e+01 -1.647045898437500000e+01 -6.260313310404944653e-01 6.380783782124322956e-01 -4.482641585197939538e-01
8.537845611572265625e+00 2.826290702819824219e+01 -2.321648025512695312e+01 4.402475281607334118e-02 2.475964412547868726e-02 -9.987235759519564882e-01
-7.749639987945556641e+00 3.471952819824218750e+01 -1.795832824707031250e+01 -6.791214155370486893e-02 -7.163550230235039840e-02 9.951162222773175525e-01
2.458209991455078125e+00 5.859753417968750000e+01 -1.447611999511718750e+01 1.244762423065999546e-01 8.666274676299488000e-01 -4.831795706055156958e-01
-1.281686782836914062e+01 5.301917266845703125e+01 -2.123070526123046875e+01 -6.173832026238524132e-03 1.710282216560510549e-01 -9.852467869499907938e-01
1.365100288391113281e+01 4.620084762573242188e+01 -1.658166885375976562e+01 -6.583164074262365384e-02 -4.786336525260836278e-02 9.966821425829949233e-01
-6.672794818878173828e+00 6.165786743164062500e+01 -1.159010007977485657e-01 7.341371817082568974e-02 -8.625469571395623092e-01 5.006227848526439983e-01
-1.042095279693603516e+01 7.068080139160156250e+01 9.779262542724609375e+00 -1.531487370887370247e-01 8.728208258200353953e-01 -4.633888975180096015e-01
1.892962455749511719e+01 5.143675994873046875e+01 -1.906818580627441406e+01 3.179968087488336259e-01 7.176521569815037527e-01 -6.195590457780055793e-01
2.779560852050781250e+01 5.362466430664062500e+01 -8.486841201782226562e+00 5.502407011631190725e-01 7.471909364492052008e-01 -3.727477367760651528e-01
2.585394668579101562e+01 3.597493362426757812e+01 -1.651988220214843750e+01 3.561745351704249246e-02 6.034639829372074465e-02 9.975418333172482166e-01
1.114081668853759766e+01 3.509067535400390625e+01 -1.701325798034667969e+01 -6.669922090182160701e-02 -2.285672528591106423e-01 9.712405597232486310e-01
6.318398952484130859e+00 5.905278778076171875e+01 -1.231457710266113281e+01 1.078793145143462084e-01 8.458450877382150956e-01 -5.224061074002158689e-01
2.400725746154785156e+01 3.791589736938476562e+01 -2.560146713256835938e+01 5.332999941133377275e-01 8.284965171663796202e-01 1.708351173555738289e-01
4.032580566406250000e+01 5.255046081542968750e+01 1.373182487487792969e+01 -3.048816494222399975e-01 -7.838973894294586353e-01 5.408808211531019872e-01
-2.617158126831054688e+01 4.976035308837890625e+01 -1.623050498962402344e+01 2.531605163334172959e-01 -6.953611988459912352e-01 6.725939013321955429e-01
1.229666233062744141e+01 3.893331909179687500e+01 -1.665202140808105469e+01 -5.884535411635559432e-02 -1.129403331783714604e-01 9.918577042300367186e-01
3.249011993408203125e+01 3.879307937622070312e+01 -2.050970268249511719e+01 8.420041508578196554e-02 1.113896890904437775e-01 -9.902033262233147504e-01
5.103038024902343750e+01 4.390135192871093750e+01 1.568658924102783203e+01 4.508884755743591266e-01 -8.625667664835457993e-01 2.295172236507548869e-01
-2.714947700500488281e+01 2.840589714050292969e+01 -1.874286460876464844e+01 2.393095908338855465e-02 -8.131544910807043947e-02 9.964010773447117275e-01
-1.541118907928466797e+01 6.083365631103515625e+01 -8.955260276794433594e+00 -1.558838638876701710e-01 9.114194992427806508e-01 -3.808079796688735308e-01
4.164948272705078125e+01 4.528418350219726562e+01 3.833479881286621094e+00 -6.271277814376193804e-01 -6.286823191395484178e-01 4.598578990845416659e-01
3.964679718017578125e+01 3.226174163818359375e+01 -1.592383098602294922e+01 -3.275247840630055030e-01 -1.983811981927298129e-01 9.237815845902637157e-01
5.115705013275146484e+00 6.168765640258789062e+01 -7.599427223205566406e+00 1.324350290986194834e-01 8.881800539513560189e-01 -4.399967668410918464e-01
6.846642017364501953e+00 1.136760520935058594e+01 -2.462382316589355469e+01 -1.283273869795257816e-01 -6.928240245630427896e-02 -9.893088650471548728e-01
1.602109336853027344e+01 6.411193084716796875e+01 1.110888671875000000e+01 -2.792480638778772062e-01 -8.625563400071718512e-01 4.219207024239143844e-01
1.532677078247070312e+01 2.665215682983398438e+01 -1.754047966003417969e+01 -5.795703534926507222e-02 -4.544859153821435155e-02 9.972840155044683241e-01
-2.394087791442871094e+01 2.866527938842773438e+01 -2.426211547851562500e+01 5.258951273753101341e-02 5.832582495295423469e-02 -9.969114510795763495e-01
-3.741383075714111328e+00 4.159287643432617188e+01 -2.756164550781250000e+01 2.376378887792861272e-02 -9.205771039486781993e-01 -3.898372455572066131e-01
7.733925819396972656e+00 3.324363327026367188e+01 -2.284816551208496094e+01 7.624422700184088630e-02 5.957863504769288221e-02 -9.953075927042582816e-01
1.518919944763183594e+00 2.019353866577148438e+01 -1.836518096923828125e+01 -1.462191083660706048e-01 -9.221697695682816442e-02 9.849446692629870714e-01
-8.964303970336914062e+00 6.864479827880859375e+01 1.464937210083007812e+01 4.412368652206392905e-02 -9.262959338982061919e-01 3.742044135647691894e-01
4.104776763916015625e+01 4.818240356445312500e+01 -6.570450067520141602e-01 5.788545121017395489e-01 6.518887593584091755e-01 -4.898657971747069628e-01
-1.969464874267578125e+01 6.246721649169921875e+01 -3.230974912643432617e+00 -1.770384068966057434e-01 9.008387893249931722e-01 -3.964175552759896526e-01
1.682566642761230469e+01 3.824539184570312500e+01 -2.718021774291992188e+01 -1.348976655382578584e-02 -6.962747906357039107e-02 -9.974818496381653299e-01
-3.734711456298828125e+01 3.621035766601562500e+01 -1.764696311950683594e+01 6.625192237652444138e-02 4.560347826574381869e-02 9.967602548012639563e-01
1.012090301513671875e+01 5.097547531127929688e+01 -2.072635650634765625e+01 5.223995311865453108e-03 1.262305863990728638e-01 -9.919871717569375136e-01
5.640252113342285156e+00 6.095253753662109375e+01 2.544519901275634766e-01 -1.183619095612142430e-01 -8.510803825645948395e-01 5.115199319466700034e-01
5.598464965820312500e+00 6.930001068115234375e+01 1.768761444091796875e+01 -4.386995445939122912e-02 -9.804016446333214674e-01 1.920625999407728768e-01
-2.112617683410644531e+01 5.201199722290039062e+01 -1.532719993591308594e+01 1.862516639104096761e-01 -7.658325239538278373e-01 6.154761270310274979e-01
-4.679677963256835938e+00 6.435516357421875000e+01 5.187159061431884766e+00 -7.667837655241436894e-04 -9.190732815688392732e-01 3.940859235610200129e-01
1.719319725036621094e+01 7.315068054199218750e+01 2.400485038757324219e+01 2.805152906500681387e-01 9.363437605973792266e-01 -2.111197141478394212e-01
3.181963729858398438e+01 2.014422416687011719e+01 -1.981545829772949219e+01 6.123863225166460422e-01 -7.819563938478950593e-01 -1.163064491545254958e-01
-3.962019348144531250e+01 2.163975715637207031e+01 -2.197838592529296875e+01 -4.505039937065915545e-01 -8.844239801360886943e-01 -1.218210778750973972e-01
-2.294968128204345703e+00 3.406097793579101562e+01 -1.775817871093750000e+01 -2.687871472832048178e-02 -6.962255025590276258e-02 9.972112289732891766e-01
3.675724792480468750e+01 6.493991088867187500e+01 2.866200637817382812e+01 4.336755148725984221e-01 6.720712955447027959e-01 6.002047329910448203e-01
-1.302878284454345703e+01 3.947697830200195312e+01 -1.757633209228515625e+01 -5.863861865819561259e-02 -1.518561380103276848e-01 9.866616571806400282e-01
-3.697471618652343750e+01 4.071891403198242188e+01 -2.193169784545898438e+01 -3.906351467495440544e-02 1.015607109847443817e-01 -9.940621025899302188e-01
2.422816991806030273e+00 4.577868652343750000e+01 -2.819343948364257812e+01 3.530155824130313397e-02 2.654980347920394279e-01 -9.634648896079717195e-01
3.818468475341796875e+01 4.445011138916015625e+01 -1.120491218566894531e+01 6.177540421845512109e-01 6.830984488727641635e-01 -3.895593055136423177e-01
7.190544128417968750e+00 7.332822418212890625e+01 2.674825477600097656e+01 -7.844768010376941547e-02 -7.750144002785621655e-01 6.270555325066491381e-01
4.883513927459716797e+00 3.982239151000976562e+01 -2.381281280517578125e+01 -1.458726485301577447e-01 -8.728978542547702890e-01 -4.655861965825606741e-01
-3.281714630126953125e+01 3.004199981689453125e+01 -1.817384529113769531e+01 9.553127709856300276e-02 -1.081259966066430850e-01 9.895365298733228565e-01
-2.385365962982177734e+00 1.405687332153320312e+01 -1.924129486083984375e+01 -4.913780081110543513e-02 -7.821207563390279727e-02 9.957250362205848360e-01
1.588255500793457031e+01 2.069689750671386719e+01 -2.325490379333496094e+01 7.277901514812656902e-02 8.021032206617163818e-02 -9.941174574405732267e-01
5.265108489990234375e+01 4.491943359375000000e+01 1.206651592254638672e+01 7.801938296265630290e-01 -6.221515029948986308e-01 6.500073487143208373e-02
-2.054933547973632812e+01 6.531357574462890625e+01 2.644226074218750000e+00 -2.488105625496182804e-01 8.421685648983887607e-01 -4.783778969190893293e-01
3.584250640869140625e+01 5.343470001220703125e+01 9.536269903182983398e-01 5.296237015143291371e-01 7.229700245907325629e-01 -4.436362004362768841e-01
1.431040573120117188e+01 6.934954833984375000e+01 1.140802574157714844e+01 2.262555783165731138e-01 8.823720262000331882e-01 -4.125869855682327558e-01
2.915566635131835938e+01 6.208415222167968750e+01 1.782666015625000000e+01 -4.279141541701853013e-01 -8.172760265660533596e-01 3.859395976849466225e-01
1.109485244750976562e+01 5.403151702880859375e+01 -1.224567699432373047e+01 -3.477424368689925327e-01 -7.562920225316700495e-01 5.541638514513291813e-01
3.063023948669433594e+01 5.120771026611328125e+01 -3.706229925155639648e-01 -5.109318670413756092e-01 -7.065046181693214189e-01 4.896936304946547525e-01
2.161759376525878906e+01 5.515305709838867188e+01 -1.143635272979736328e+01 3.460294531130213569e-01 8.064212531466778966e-01 -4.795293317948811085e-01
-2.960722541809082031e+01 3.441014480590820312e+01 -2.446368980407714844e+01 2.078743970924206153e-01 -3.894416093248513899e-01 -8.972867256122384338e-01
3.407809972763061523e+00 7.393267822265625000e+01 1.746183967590332031e+01 7.872997404848514069e-02 9.414927943282432876e-01 -3.277085739102975626e-01
-4.476483154296875000e+01 2.521901321411132812e+01 -2.582663917541503906e+01 -2.680182564412258994e-01 -6.661729872943983333e-01 -6.959739687757456883e-01
1.763319778442382812e+01 5.049327468872070312e+01 -1.371727943420410156e+01 -3.393473925467047070e-01 -7.780592443850318229e-01 5.286465354078714318e-01
1.941952943801879883e+00 7.146049499511718750e+01 2.216721725463867188e+01 -9.927733212327706502e-02 -9.284128330988834499e-01 3.580413700451238190e-01
3.161218452453613281e+01 3.135006332397460938e+01 -2.360349464416503906e+01 6.481918907900852123e-01 7.440339005393891147e-01 1.620519285973389123e-01
3.020731735229492188e+01 5.417457580566406250e+01 -4.559682846069335938e+00 4.657566513764869742e-01 7.873963550390442601e-01 -4.038288273139857276e-01
2.525608825683593750e+01 5.849361419677734375e+01 -1.319244980812072754e+00 3.934891178332347583e-01 8.279235049404555236e-01 -3.996360645811813384e-01
-1.181280016899108887e+00 6.781318664550781250e+01 1.256203651428222656e+01 -4.431655590314751564e-02 -8.729663108609422295e-01 4.857631758117531562e-01
-2.323585510253906250e+01 6.728710937500000000e+01 7.798408985137939453e+00 -2.624832448870885737e-01 8.559204288049853115e-01 -4.455364920046783195e-01
2.508509445190429688e+01 4.394481277465820312e+01 -2.066341781616210938e+01 6.214501911919986799e-02 9.700429977552892102e-02 -9.933419161717346180e-01
4.112923431396484375e+01 3.631265640258789062e+01 -1.053858566284179688e+01 -6.515976982482172275e-01 -5.835304781103388683e-01 4.846778525515113567e-01
-2.571756744384765625e+01 3.804393768310546875e+01 -1.766324043273925781e+01 1.671998507014913274e-02 -2.362038472553269070e-02 9.995811720539116152e-01
-2.884593009948730469e+00 7.421538543701171875e+01 2.661558723449707031e+01 9.555223567916054303e-03 -7.225398193900358645e-01 6.912632690215657627e-01
-1.817646980285644531e+01 6.490512847900390625e+01 9.337367057800292969e+00 1.578212437645952759e-01 -8.811910999506432640e-01 4.456396530655366006e-01
-4.533357238769531250e+01 2.444136047363281250e+01 -2.240700912475585938e+01 -5.146991659240381933e-01 -8.177815389522835599e-01 -2.575230536203198528e-01
1.232988166809082031e+01 2.278430557250976562e+01 -2.334780311584472656e+01 4.099031191624671888e-02 9.028066842803697534e-02 -9.950724572799688472e-01
1.523139953613281250e+00 7.152432250976562500e+01 1.127597236633300781e+01 8.940515834604076395e-02 8.947878883885156398e-01 -4.374486855099015137e-01
1.721188735961914062e+01 1.344651985168457031e+01 -1.813779258728027344e+01 -3.791625403671845113e-02 -5.317039878343058495e-02 9.978653548315192801e-01
3.252729034423828125e+01 4.500463104248046875e+01 -9.458079338073730469e+00 -5.499521850145012714e-01 -7.270936179947943279e-01 4.109592009786566802e-01
4.416286468505859375e+01 5.382477569580078125e+01 2.195107460021972656e+01 -6.342276130350229524e-01 -7.569264286867828373e-01 1.575363971257746076e-01
-1.829927825927734375e+01 1.319247627258300781e+01 -2.513313484191894531e+01 -9.702114040085261029e-03 8.370669354313753363e-02 -9.964432038200815578e-01
-1.165743732452392578e+01 4.640540695190429688e+01 -1.710927772521972656e+01 -4.718469818086125367e-02 1.501096368051612479e-02 9.987733853216971269e-01
6.886500120162963867e-01 4.544569015502929688e+01 -2.184717750549316406e+01 2.287861190999358474e-01 6.126490588775616031e-01 -7.565170469749031845e-01
9.137220382690429688e+00 2.088014793395996094e+01 -2.376906585693359375e+01 1.055798633285922744e-01 1.131932090175170880e-01 -9.879474631233345905e-01
-4.812504577636718750e+01 3.187336158752441406e+01 -1.704913711547851562e+01 1.474264156357465438e-01 -7.609965471703239448e-02 9.861411128863579734e-01
-1.344314575195312500e+01 1.244307708740234375e+01 -2.512669563293457031e+01 5.136431447530211830e-02 -1.556828400681306394e-02 -9.985586290907336737e-01
-2.983446502685546875e+01 3.862700653076171875e+01 -2.896287918090820312e+01 1.442281796315652287e-01 -9.630026261765992079e-02 -9.848474458615074090e-01
-1.302888774871826172e+01 7.561839294433593750e+01 2.252957916259765625e+01 -8.393455168443619829e-02 9.347686156884412734e-01 -3.451994005751574668e-01
4.162774658203125000e+01 5.389060592651367188e+01 8.868137359619140625e+00 5.638559317275958493e-01 6.578964811641047072e-01 -4.992381278783636911e-01
1.123650646209716797e+01 6.504185485839843750e+01 1.249611973762512207e+00 1.885842783146882418e-01 8.792406663587409854e-01 -4.374606503373362765e-01
2.693482398986816406e+01 6.173943328857421875e+01 1.466247844696044922e+01 -3.336297777730786729e-01 -7.924291644222211106e-01 5.106341065344016661e-01
1.424882221221923828e+01 5.430519104003906250e+01 -1.716021347045898438e+01 2.939841152179175077e-01 8.730836321415819112e-01 -3.889708360353011374e-01
-4.613880157470703125e+01 2.635745239257812500e+01 -1.744592094421386719e+01 -4.943425078265207238e-03 6.256213717273942376e-02 9.980288280109321786e-01
2.889107513427734375e+01 2.999731826782226562e+01 -1.653732681274414062e+01 -4.436884787829379478e-02 -7.112370483036925539e-02 9.964802175402958095e-01
-3.923284149169921875e+01 4.520393753051757812e+01 -2.035546112060546875e+01 -5.232629177809399179e-01 6.665942981640279319e-01 -5.308935491514136240e-01
-1.033200263977050781e+01 2.198226165771484375e+01 -1.890171241760253906e+01 -8.789374452072697130e-02 1.597686948373463686e-02 9.960017215425005510e-01
3.488796997070312500e+01 4.356684875488281250e+01 -1.687164688110351562e+01 6.322593271845782237e-01 7.190675716643916138e-01 -2.884267161148209024e-01
-1.466710662841796875e+01 1.675266075134277344e+01 -1.923737907409667969e+01 4.370186373975491756e-02 -7.407027370769736496e-02 9.962950073439786891e-01
-2.139017295837402344e+01 5.557742309570312500e+01 -9.422842979431152344e+00 2.640844408314924063e-01 -9.062813849189055304e-01 3.300203924914161813e-01
2.770011520385742188e+01 6.682762145996093750e+01 1.658579444885253906e+01 4.080891866550196423e-01 8.355810348723017311e-01 -3.677873704968374069e-01
8.774449825286865234e-01 6.392800903320312500e+01 -3.657962083816528320e+00 2.693090753773690754e-02 9.139134215579844955e-01 -4.050147949339276687e-01
-5.525249958038330078e+00 7.255924987792968750e+01 1.303513813018798828e+01 6.354014101784688506e-02 9.171380221323203186e-01 -3.934723609589974580e-01
-4.004130065441131592e-01 4.294703674316406250e+01 -1.669050025939941406e+01 -2.773302333569628228e-02 -1.117798452782784585e-01 9.933459345093359483e-01
8.838133811950683594e+00 2.843113708496093750e+01 -1.767224121093750000e+01 -1.650449316272416256e-02 6.709978640154444333e-03 9.998412763494464173e-01
3.261478424072265625e+01 2.596540260314941406e+01 -2.719800567626953125e+01 -1.346408191378750674e-01 -1.539016108084607926e-01 -9.788698299633322719e-01
-2.984143829345703125e+01 4.058181381225585938e+01 -1.771222114562988281e+01 2.321263654455277270e-02 -5.557944714784437273e-02 9.981844010799759692e-01
2.553967952728271484e+00 1.798298001289367676e+00 -2.495738983154296875e+01 -3.994102090236770208e-01 -9.156021161171202793e-01 4.630604592830459693e-02
-1.037104415893554688e+01 4.273537063598632812e+01 -2.829191398620605469e+01 6.508026996449367552e-02 1.057801003362525555e-01 -9.922575919760961982e-01
4.577886962890625000e+01 3.389714813232421875e+01 -1.464860534667968750e+01 9.602672524415555300e-01 -2.699489885678090229e-01 7.081205730356154859e-02
-2.443973731994628906e+01 5.304780578613281250e+01 -1.936012077331542969e+01 -2.170486195178396027e-01 8.593389529063460985e-01 -4.630620485239797524e-01
1.494647884368896484e+01 2.792162513732910156e+01 -2.288565826416015625e+01 1.153873988410840934e-01 1.307766484530944462e-01 -9.846741676351949968e-01
3.789558410644531250e+01 4.691699218750000000e+01 -7.864747047424316406e+00 5.821756461641934832e-01 7.119892729002115228e-01 -3.926102294748979871e-01
-1.813051986694335938e+01 6.110200500488281250e+01 1.116631984710693359e+00 2.190226853466393508e-01 -8.521175838654014845e-01 4.753153548655225102e-01
-1.658791160583496094e+01 7.164071655273437500e+01 1.323219203948974609e+01 -1.049822408565845855e-01 8.877355568187748069e-01 -4.482235048102565789e-01
1.324795055389404297e+01 6.693556213378906250e+01 1.503303527832031250e+01 -1.717556172442668005e-01 -8.934734451404053868e-01 4.149761568740739093e-01
-3.050898933410644531e+01 5.251154327392578125e+01 -1.628507423400878906e+01 -2.849209067295089270e-01 8.340707076058189173e-01 -4.723834582437905216e-01
2.008195877075195312e+01 6.251367950439453125e+01 1.956938028335571289e+00 3.074449452263416926e-01 8.262122894770340675e-01 -4.720708192336076081e-01
-9.371010065078735352e-01 4.835646820068359375e+01 -1.669929313659667969e+01 -4.587643493154223810e-03 -3.295571292029983446e-02 9.994462839558184708e-01
-1.328606033325195312e+01 2.578429794311523438e+01 -1.882256507873535156e+01 -2.323299247077905555e-02 -7.359951576247004100e-03 9.997029854780109526e-01
2.893592643737792969e+01 2.517565155029296875e+01 -1.691630172729492188e+01 -1.344250457859284265e-01 -7.276661427210898148e-02 9.882484135645375201e-01
4.522512054443359375e+01 3.520240402221679688e+01 -5.504915237426757812e+00 -4.098949833004777998e-01 -8.362337587406610817e-01 3.642790186211206649e-01
3.443497896194458008e+00 5.350688171386718750e+01 -1.504456996917724609e+01 -1.279162239590753147e-01 -8.110331661456448016e-01 5.708437991778685383e-01
2.969101905822753906e+00 3.692905426025390625e+01 -1.728981781005859375e+01 -5.565008099266697400e-02 -1.232569250139894518e-01 9.908132008212272579e-01
2.916038990020751953e+00 1.692993164062500000e+01 -1.871609878540039062e+01 -5.130878336533199052e-02 -1.164791756821092206e-01 9.918669317917530037e-01
-9.566193580627441406e+00 6.337086105346679688e+01 -4.791152000427246094e+00 -1.009862814634803208e-01 9.294700437174021612e-01 -3.548058747937373747e-01
3.176850509643554688e+01 6.469331359863281250e+01 1.638804626464843750e+01 4.959096402522412128e-01 7.738020057931221940e-01 -3.940863922231186978e-01
-3.213661956787109375e+01 4.517868804931640625e+01 -2.182124710083007812e+01 -4.472741871186776408e-02 1.173022439033007958e-01 -9.920885250775878239e-01
1.960717010498046875e+01 6.654104614257812500e+01 1.873589515686035156e+01 -2.682997974254249796e-01 -8.824114458177325648e-01 3.864780187686421842e-01
-2.413790130615234375e+01 1.522305870056152344e+01 -2.279924201965332031e+01 -4.153103886696564717e-01 -8.916560822685972720e-01 1.801852158654408120e-01
4.533306884765625000e+01 4.834043121337890625e+01 5.698130130767822266e+00 6.574047056755008001e-01 6.262644558288136265e-01 -4.190607167477620187e-01
-3.726329040527343750e+01 4.969984436035156250e+01 -1.541798114776611328e+01 -4.425203904104947905e-01 7.523053334517453283e-01 -4.880700660058978069e-01
1.524798202514648438e+01 8.474788665771484375e+00 -1.872948455810546875e+01 -1.844527697972360089e-02 -1.032440970612734099e-01 9.944850065129908767e-01
2.441247367858886719e+01 1.919843292236328125e+01 -1.752023887634277344e+01 -1.764387881864071944e-02 -1.553565838574964830e-02 9.997236302392549234e-01
1.357220649719238281e+01 5.985569763183593750e+01 1.230327010154724121e+00 -2.925195265251845922e-01 -7.924093991313121421e-01 5.352753223994496379e-01
-7.467943191528320312e+00 1.316115379333496094e+01 -2.496797561645507812e+01 6.679360216455848542e-02 4.004861700189248086e-02 -9.969627490463817132e-01
2.979610824584960938e+01 4.432940673828125000e+01 -1.983829307556152344e+01 2.753240296076133742e-01 3.878919164292088939e-01 -8.796229532529843409e-01
1.877193832397460938e+01 7.029302978515625000e+01 2.631248474121093750e+01 -2.390605533427856144e-01 -8.217117919384266944e-01 5.173391371477522593e-01
4.224317169189453125e+01 2.881003189086914062e+01 -1.936652374267578125e+01 6.760431206226494849e-01 -7.226907543208170859e-01 1.438185408005458465e-01
2.267715644836425781e+01 6.047931289672851562e+01 9.138126373291015625e+00 -3.806390037060692344e-01 -7.968102032662830458e-01 4.692626650697835911e-01
-3.408065795898437500e+01 3.748981094360351562e+01 -1.771172714233398438e+01 4.160832172610541557e-02 5.073748512337530880e-02 9.978449053668070334e-01
1.365549850463867188e+01 7.202701568603515625e+01 1.734597587585449219e+01 2.942137942889345159e-01 9.194604070154953623e-01 -2.608271519244266812e-01
-1.414048576354980469e+01 4.407623291015625000e+01 -2.865981101989746094e+01 9.338480510371517662e-02 -3.421140180683212573e-01 -9.350065651196730609e-01
4.679560852050781250e+01 4.037513351440429688e+01 4.657857894897460938e+00 -6.538828001497051234e-01 -5.729042964678274785e-01 4.941841263710158305e-01
-2.737593841552734375e+01 5.748240661621093750e+01 -9.498769760131835938e+00 -4.329825495184492223e-01 8.453558641177106869e-01 -3.128890774928111407e-01
1.464665699005126953e+01 4.980385208129882812e+01 -1.575590038299560547e+01 -2.033522229663796144e-01 -6.514057204184526828e-01 7.309709028550648302e-01
2.774989891052246094e+01 3.504173278808593750e+01 -2.496341133117675781e+01 6.091816169479884469e-01 7.768841236501909941e-01 1.592131150154069141e-01
-1.279353427886962891e+01 3.561311340332031250e+01 -2.354201698303222656e+01 1.244069459490111940e-01 6.427932704362873499e-03 -9.922104582601353195e-01
-5.040666198730468750e+01 4.029883956909179688e+01 -1.386964511871337891e+01 -3.822156249568685604e-01 4.274942094371135815e-01 8.192435028345158576e-01
-2.174886703491210938e+01 6.031837463378906250e+01 -6.923683166503906250e+00 -2.153967058410954649e-01 8.946006032661316665e-01 -3.915278020124214886e-01
-3.828134918212890625e+01 3.582088088989257812e+01 -2.562759208679199219e+01 -5.476275520156329568e-01 8.088771890976290679e-01 2.140601719864851649e-01
-3.320922088623046875e+01 5.240242767333984375e+01 -6.333777904510498047e+00 3.974176833565065126e-01 -8.542395777369041765e-01 3.351625408416387675e-01
-3.813878059387207031e+00 6.267281341552734375e+01 1.824519991874694824e+00 6.780163862619886794e-02 -8.802454021023077280e-01 4.696498375144494974e-01
-1.126373100280761719e+01 3.250399017333984375e+01 -1.836042594909667969e+01 -1.289583579532005142e-01 -7.922457650801036089e-02 9.884802518973966334e-01
-3.991497802734375000e+01 4.017441558837890625e+01 -1.727003479003906250e+01 1.296949105740641539e-01 -1.697789616045266015e-01 9.769106071528111945e-01
-1.803609848022460938e+01 7.247732543945312500e+01 2.530677223205566406e+01 6.528018695341626654e-02 -8.364147561034928069e-01 5.441956017496480946e-01
3.244754028320312500e+01 5.338926696777343750e+01 5.149973869323730469e+00 -5.787537147997631193e-01 -6.852873967206396522e-01 4.420693627716392182e-01
4.682377815246582031e+00 2.341820526123046875e+01 -2.378077125549316406e+01 5.648730661472840114e-02 1.241313076568875684e-01 -9.906566522518307494e-01
-3.960234069824218750e+01 2.812096405029296875e+01 -1.760871887207031250e+01 -2.524182054549198306e-02 -4.086538680326381318e-02 9.988457692041192715e-01
1.885419845581054688e+01 7.145932006835937500e+01 1.978774261474609375e+01 2.782231677954872251e-01 9.314722014804844852e-01 -2.344171639853701583e-01
-2.517241859436035156e+01 2.060913467407226562e+01 -2.473444366455078125e+01 -2.440741805795141814e-02 5.178983504345966576e-02 -9.983597001731968623e-01
-5.299501895904541016e+00 5.849597930908203125e+00 -2.265005493164062500e+01 -3.389525076928832648e-01 -9.251242843848499486e-01 1.710446022829288926e-01
-1.635168075561523438e+01 4.040121841430664062e+01 -2.591669273376464844e+01 2.054340264969031771e-01 -9.777342932419380572e-01 4.280785647468640653e-02
-5.228524017333984375e+01 3.132227706909179688e+01 -2.084802627563476562e+01 -2.846106674633047673e-01 2.063848841339205320e-01 -9.361634726729730627e-01
-3.943566131591796875e+01 3.436096954345703125e+01 -2.228438758850097656e+01 -1.989368509020710551e-01 2.295414960070761845e-01 -9.527511904815445520e-01
2.242227745056152344e+01 1.340679645538330078e+01 -2.092094802856445312e+01 5.851180063527493536e-01 -7.694852092426851531e-01 -2.559871703787619523e-01
-1.986859512329101562e+01 3.605321884155273438e+01 -1.808261680603027344e+01 6.526069889355994025e-03 -1.783865544481483822e-01 9.839388434267227757e-01
-2.902515983581542969e+01 5.270733642578125000e+01 -1.022864246368408203e+01 4.572885301229864252e-01 -8.334281153755693783e-01 3.102978838462890354e-01
3.157138824462890625e+01 5.756881713867187500e+01 1.180982494354248047e+01 -4.218397634171485722e-01 -7.674977787137370333e-01 4.826990508273698577e-01
1.173965454101562500e+01 7.229570007324218750e+01 2.643593406677246094e+01 -1.200253936955401057e-01 -8.474944660115745210e-01 5.170561235958692770e-01
3.984705352783203125e+01 5.992973709106445312e+01 2.711415290832519531e+01 -5.179093564664262184e-01 -6.814508552865775615e-01 5.171021468856265013e-01
-1.951427841186523438e+01 6.659803771972656250e+01 1.324942493438720703e+01 1.398464191787897326e-01 -8.928073254270267878e-01 4.281799373005574227e-01
-2.996576881408691406e+01 2.546016502380371094e+01 -2.427585983276367188e+01 -4.305568657039909181e-02 3.935974810703897486e-02 -9.982970590374902198e-01
2.435557746887207031e+01 6.681671142578125000e+01 2.390903091430664062e+01 -3.229313322756079407e-01 -8.155537355502473496e-01 4.801952301561710490e-01
-3.150238800048828125e+01 3.391189193725585938e+01 -1.780588912963867188e+01 1.045085482225056317e-01 -8.624806589632731668e-02 9.907770861690167186e-01
4.844443511962890625e+01 5.543606567382812500e+01 2.333497428894042969e+01 6.541768180945716216e-01 7.218696909363003789e-01 -2.257362176860238934e-01
1.198727416992187500e+01 1.443915557861328125e+01 -1.845404434204101562e+01 -9.571454014465301252e-02 -1.557492947156156604e-01 9.831484547109281547e-01
-1.005693912506103516e+01 4.937786865234375000e+01 -2.162511062622070312e+01 7.673101705282884058e-03 1.849099366214481122e-01 -9.827255155173658663e-01
-5.283654022216796875e+01 3.545219039916992188e+01 -1.676177024841308594e+01 -7.590456042633187961e-01 4.624334010685792196e-01 -4.582631560846671115e-01
-5.012525177001953125e+01 2.539965820312500000e+01 -1.747086906433105469e+01 -4.403062855054078462e-01 -8.341105249097707786e-01 3.322499167481864912e-01
-3.284973144531250000e+01 5.556053161621093750e+01 -5.614309906959533691e-01 -2.280088497073618770e-01 -7.612836840473394817e-01 6.070083334340941050e-01
-1.434122848510742188e+01 4.988813781738281250e+01 -1.710333824157714844e+01 -5.042702809219412607e-02 -2.787609725543000253e-02 9.983386389595440003e-01
-3.788872003555297852e+00 7.213241577148437500e+01 2.274487686157226562e+01 3.804294138295009203e-02 -9.376281447936941627e-01 3.455520173601491773e-01
-3.958392333984375000e+01 2.948230552673339844e+01 -2.850804519653320312e+01 2.488671665443210057e-01 -4.350450629792584900e-01 -8.653328415087307990e-01
-6.514756202697753906e+00 2.403147125244140625e+01 -1.864111709594726562e+01 -4.953238510412643486e-02 -6.316051262400311506e-02 9.967734408936514967e-01
8.696255683898925781e+00 5.567182540893554688e+01 -1.735908508300781250e+01 1.698060552623025521e-01 8.725826746046337901e-01 -4.580015060849469966e-01
-1.109881114959716797e+01 6.169821166992187500e+01 -8.250070571899414062e+00 -8.091936648201897286e-02 9.025443852093782970e-01 -4.229251575103732952e-01
2.603936004638671875e+01 5.837240600585937500e+01 8.165266036987304688e+00 -4.269020257977724775e-01 -8.067409093544279930e-01 4.085630496554341073e-01
5.381443023681640625e+00 2.682667732238769531e+01 -2.351282501220703125e+01 4.859899568731400332e-02 7.811192155878292354e-02 -9.957593410702101355e-01
-2.717204475402832031e+01 5.498772430419921875e+01 -1.443784046173095703e+01 -2.837299539856986685e-01 8.277169762180184298e-01 -4.841300656763359855e-01
7.986044883728027344e+00 5.788774108886718750e+01 -5.838582992553710938e+00 -2.277400500682557338e-01 -9.227451053383850521e-01 3.109275481023852650e-01
-3.503082275390625000e+01 3.458767318725585938e+01 -2.875461578369140625e+01 -2.777651828063664417e-03 -7.968844599765659287e-02 -9.968159490220852570e-01
1.365846920013427734e+01 3.306106948852539062e+01 -2.287539100646972656e+01 -8.075683120152149508e-02 -1.100134623063308004e-01 -9.906439180278967527e-01
3.918730020523071289e+00 5.078567981719970703e+00 -2.038333702087402344e+01 -1.006328415067493376e-01 -1.259957881711404881e-01 9.869134169588590355e-01
-5.303404998779296875e+01 2.933092880249023438e+01 -1.603381729125976562e+01 -2.615372567750679500e-01 -2.275003051178968727e-01 9.379988669981622618e-01
-1.108481693267822266e+01 5.653662109375000000e+01 -1.803888511657714844e+01 -9.881099566282530722e-02 8.764718524913195363e-01 -4.712042857684508035e-01
5.357366180419921875e+01 4.798100662231445312e+01 1.749697303771972656e+01 6.760283363560948278e-01 6.298663737581314814e-01 -3.824317450897513071e-01
3.905767822265625000e+01 5.728511047363281250e+01 2.093553352355957031e+01 -5.807013197616508471e-01 -7.559419869740360287e-01 3.022212592734391801e-01
1.678143501281738281e+01 6.470395660400390625e+01 3.968576908111572266e+00 3.164682536140351887e-01 8.557241054682996895e-01 -4.093703699279674368e-01
-6.105245113372802734e+00 5.858343887329101562e+01 -7.218595981597900391e+00 2.859533811354520241e-02 -9.548741432189676859e-01 2.956309815462757618e-01
-6.388679981231689453e+00 5.378532791137695312e+01 -2.101749038696289062e+01 7.139644686345465729e-02 2.039837459324124191e-01 -9.763673380294196624e-01
4.538585662841796875e+01 4.609089660644531250e+01 2.431401014328002930e+00 6.914952870246110495e-01 5.890235599147177759e-01 -4.181931538035309481e-01
-2.659917068481445312e+01 1.997560882568359375e+01 -1.906783485412597656e+01 7.252310843866727197e-02 9.626241130295074000e-03 9.973202766534403629e-01
3.392530822753906250e+01 4.955683898925781250e+01 5.863659977912902832e-01 -4.747671276680904273e-01 -7.646846972833242218e-01 4.357218014128991235e-01
-2.494704008102416992e+00 6.816313171386718750e+01 4.008248805999755859e+00 2.640503329152360090e-03 8.705889611827416497e-01 -4.920039516192155071e-01
3.430993652343750000e+01 4.614524078369140625e+01 -4.848505020141601562e+00 -5.841038267473570578e-01 -7.114960626048050241e-01 3.906354726301139446e-01
-1.244295310974121094e+01 5.862671279907226562e+01 -5.049829959869384766e+00 1.328840253330675347e-01 -9.463826168105592407e-01 2.944516571698636009e-01
-2.863665008544921875e+01 6.096390151977539062e+01 6.421110153198242188e+00 -7.151404436918451513e-01 -3.174312423660765603e-01 6.227451743419294417e-01
4.990270137786865234e+00 1.067119216918945312e+01 -1.916036033630371094e+01 -6.045973809682809313e-02 -1.182859405098256739e-01 9.911372540405133380e-01
4.617538452148437500e+01 4.948554229736328125e+01 1.718721580505371094e+01 -6.652797273479291729e-01 -6.310905194082517822e-01 3.989080604511369144e-01
-1.044884777069091797e+01 7.428021907806396484e+00 -2.265675544738769531e+01 -5.801937262460553635e-01 -8.132903538673721400e-01 -4.397772539595579816e-02
-2.422781944274902344e+00 3.958366394042968750e+01 -1.706883811950683594e+01 1.739455039461194202e-02 -1.046490303392269283e-01 9.943570837810875584e-01
-4.976887512207031250e+01 3.486371612548828125e+01 -1.453959846496582031e+01 6.470616197759840871e-01 -5.260518273054236582e-01 5.518883358085262536e-01
1.135430335998535156e+01 9.840263366699218750e+00 -1.890767669677734375e+01 -4.784377196356517231e-02 -9.217411140580883400e-02 9.945928346166826861e-01
4.610889911651611328e+00 5.128225708007812500e+01 -2.088596534729003906e+01 1.126082441375326065e-01 2.370985903235540287e-02 -9.933565452227752779e-01
-2.227049636840820312e+01 7.389710998535156250e+01 2.196542358398437500e+01 -7.624332657787652456e-01 6.419468650587940584e-01 -8.123876953224534736e-02
3.351557922363281250e+01 2.489253044128417969e+01 -1.657421875000000000e+01 -8.682553060451773941e-02 -4.945837754805896408e-02 9.949950734177317457e-01
-1.975656890869140625e+01 4.386277389526367188e+01 -2.915828132629394531e+01 1.535728141419926696e-01 -1.905935424516737309e-01 -9.695821225312639680e-01
-6.578887939453125000e+00 7.653145599365234375e+01 2.478001785278320312e+01 8.558853321513282741e-04 9.759970080480978583e-01 -2.177822484534942260e-01
-2.542282676696777344e+01 4.305641174316406250e+01 -2.679092597961425781e+01 -1.902477032923602096e-01 9.558418570189108898e-01 2.239914189486329754e-01
1.816714859008789062e+01 6.943125152587890625e+01 1.374983215332031250e+01 3.197939268002553681e-01 8.699855121986301842e-01 -3.753092763923640551e-01
1.553154373168945312e+01 4.035833740234375000e+01 -1.648578834533691406e+01 8.640398955388551780e-03 7.250061003653500424e-02 9.973309405860333321e-01
-3.436933040618896484e+00 7.029469299316406250e+01 8.160024642944335938e+00 3.660661819488590651e-03 9.120982584081954725e-01 -4.099553226435533326e-01
-2.305517196655273438e+01 4.180596923828125000e+01 -1.756679534912109375e+01 -4.406632967405030993e-02 -2.859687308093527007e-04 9.990285665640112889e-01
-1.780124855041503906e+01 5.821663665771484375e+01 -4.583211898803710938e+00 1.870548851857818939e-01 -9.266528340798120267e-01 3.260751370773096180e-01
-7.574609756469726562e+00 5.573465728759765625e+01 -1.321170806884765625e+01 5.534553245973078406e-02 -8.155843544893560670e-01 5.759852712951341047e-01
-1.082653141021728516e+01 6.541597747802734375e+01 8.402536392211914062e+00 1.142251800466482364e-01 -8.929506895847278969e-01 4.354212606355711279e-01
3.838768005371093750e+00 3.102490425109863281e+01 -1.781219673156738281e+01 -4.986110303561171880e-02 -5.441450700478492331e-02 9.972727469611802897e-01
1.625341224670410156e+01 4.422923278808593750e+01 -1.652010917663574219e+01 -2.262660519370025825e-02 -5.145845795038958559e-02 9.984187817958836142e-01
-5.504376983642578125e+01 3.282408523559570312e+01 -1.680852890014648438e+01 -9.597274478922835916e-01 2.694152663641609657e-01 -7.961557644137436107e-02
1.567876052856445312e+01 6.103345489501953125e+01 -3.955384016036987305e+00 2.921738060958156136e-01 8.366590842028563957e-01 -4.632882945341083025e-01
3.968209838867187500e+01 5.743091583251953125e+01 1.231598377227783203e+01 5.458626596584688073e-01 6.886773788955686815e-01 -4.772393787064432846e-01
-2.905618667602539062e+01 3.125398635864257812e+01 -2.387040328979492188e+01 1.868531323632396934e-01 -1.741448853289910212e-02 -9.822334969421390172e-01
-2.916710853576660156e+01 4.376354980468750000e+01 -1.754875564575195312e+01 1.236111960025556081e-02 -6.000435171244006965e-03 9.999055942937732366e-01
-1.254718875885009766e+01 7.369831848144531250e+01 2.616268539428710938e+01 1.116625853697186671e-01 -8.120287771237992835e-01 5.728356938524147290e-01
-9.812774658203125000e+00 6.561682128906250000e+01 -1.703729927539825439e-01 -8.309705630795263809e-02 8.685138596359803786e-01 -4.886497261363862976e-01
-4.598656463623046875e+01 2.804312896728515625e+01 -2.231555557250976562e+01 -3.542632722762930619e-01 3.523502445698258878e-01 -8.662256282676454866e-01
