4.142471694946289062e+01 5.896549987792968750e+01 1.947565078735351562e+00 4.707638205421243449e-01 6.652005163286022205e-01 -5.795599178210510960e-01
-7.558873748779296875e+01 -1.507371902465820312e+01 1.756598091125488281e+01 -8.004897482656676555e-01 -5.914618445022238324e-01 9.689710738507724408e-02
-4.234899902343750000e+01 6.339149856567382812e+01 1.641452407836914062e+01 -4.473683542545066061e-01 8.919424277333689588e-01 -6.557637700207377685e-02
-3.025619983673095703e-01 -9.462497711181640625e+00 -1.373875045776367188e+01 -1.311223524653164219e-01 -9.900114581232765110e-01 -5.180966578337747874e-02
6.750553894042968750e+01 -3.676501989364624023e+00 -6.921186923980712891e+00 8.472177014378705628e-01 -4.210721520755250080e-01 -3.239142002395339892e-01
-4.894684982299804688e+01 1.936949920654296875e+01 -1.752559661865234375e+01 2.355882529095674749e-01 -1.246404792300832981e-01 -9.638272283082237601e-01
-5.803766250610351562e+00 5.238349914550781250e+01 -1.915432548522949219e+01 3.955443074636751793e-02 -2.702965329024818453e-01 -9.619642567732069605e-01
3.476432085037231445e+00 7.530650329589843750e+01 1.716464996337890625e+01 -3.479178385166922793e-02 5.738513167921672764e-01 8.182201402998550144e-01
3.161970138549804688e+01 2.008549880981445312e+01 -1.489269733428955078e+01 1.084424953743919201e-01 7.148059563941181957e-04 -9.941024666750504224e-01
-6.988935852050781250e+01 2.988649940490722656e+01 1.866761016845703125e+01 -5.094561580961730618e-01 2.217952751124069311e-01 8.314212403563544518e-01
7.010761260986328125e+01 3.122549819946289062e+01 1.790285110473632812e+01 3.565398564934830206e-01 2.194610296681333006e-01 9.081388589795117428e-01
-1.577836608886718750e+01 2.104550170898437500e+01 -7.989509105682373047e+00 6.695094750799669703e-02 -5.242712469212085918e-02 9.963779238944920902e-01
-5.474497604370117188e+01 -1.363150024414062500e+01 -9.770260810852050781e+00 1.239526146771598586e-01 -9.716356503192226102e-01 -2.013949163793287422e-01
-3.628054046630859375e+01 4.784249877929687500e+01 -1.081986713409423828e+01 -9.754456124259350269e-02 1.159390911074213992e-01 -9.884549487585031491e-01
5.676083755493164062e+01 3.518849945068359375e+01 -8.584268569946289062e+00 4.778853458336170812e-01 2.850783246449202779e-01 -8.308766124131365949e-01
2.337415695190429688e+01 4.825650024414062500e+01 -1.882836532592773438e+01 -1.388137035317707768e-01 -2.486635787358129901e-01 -9.585912477808733456e-01
3.919527053833007812e+01 -8.169498443603515625e+00 -1.350496482849121094e+01 -2.069614217705038461e-03 -9.781980933070257844e-01 -2.076636871181114785e-01
-1.896782302856445312e+01 6.851850891113281250e+01 8.885610103607177734e-01 -2.470046845694741922e-01 8.854737940474818325e-01 -3.936049362697224829e-01
-2.781908607482910156e+01 -5.117499828338623047e+00 -6.418321132659912109e+00 1.768096937775195943e-01 -1.331446769830917087e-01 9.751978400188179297e-01
-7.030021667480468750e+01 7.500500202178955078e+00 1.192867040634155273e+00 -8.317892836487973396e-01 4.986222361388259472e-02 -5.528474891534733704e-01
7.660814666748046875e+01 6.174499988555908203e+00 1.537656021118164062e+01 3.185580448639320217e-01 -8.399795923930447605e-01 4.392664981713076955e-01
1.101507282257080078e+01 6.702550506591796875e+01 -6.289783954620361328e+00 1.773157373723140973e-01 9.503888993650974060e-01 -2.555779122766894118e-01
8.562349319458007812e+00 2.993449974060058594e+01 -8.521607398986816406e+00 -1.728840700871218938e-02 3.351782694939516721e-02 9.992885800706879929e-01
-5.809941864013671875e+01 3.824349975585937500e+01 -2.155736923217773438e+00 -7.807646593203757535e-01 4.603163528117504844e-01 -4.225108307374209060e-01
2.704014778137207031e+01 7.053250122070312500e+01 1.737156486511230469e+01 2.008070479710072909e-01 3.425612081717134272e-01 9.177844780454207374e-01
5.450814819335937500e+01 1.298450088500976562e+01 -1.825969505310058594e+01 -1.222196021467756438e-01 -3.285770777459908615e-02 -9.919590414381448396e-01
5.690789413452148438e+01 5.082949829101562500e+01 1.781297111511230469e+01 2.230668313623089816e-01 1.537213492497414569e-01 9.626063242732297853e-01
1.898332977294921875e+01 1.804501056671142578e+00 -7.613936901092529297e+00 1.168288108468629703e-02 -3.324417421413471824e-02 9.993789747490094966e-01
-5.877710342407226562e+01 4.879150009155273438e+01 1.717890548706054688e+01 -7.852806380964455490e-01 6.012300497995839432e-01 1.478402741096923600e-01
6.804184722900390625e+01 1.754850006103515625e+01 -1.550744056701660156e+00 8.678908863139132013e-01 2.183036273813011297e-01 -4.462162432334980666e-01
1.641618013381958008e+00 1.141549873352050781e+01 -1.536973571777343750e+01 -8.241561382588373508e-02 -5.127625573537738374e-02 -9.952780577283230068e-01
3.662124252319335938e+01 3.819350051879882812e+01 -7.716276168823242188e+00 -1.331553417435742681e-01 -1.327986584315689333e-01 9.821579156550780398e-01
-1.789842033386230469e+01 4.056649780273437500e+01 -8.759170532226562500e+00 4.619909712002211871e-02 1.085834704098214733e-02 9.988732350628043433e-01
-3.412472152709960938e+01 2.824349975585937500e+01 -8.188849449157714844e+00 4.881231274851560026e-02 -3.026337623317932810e-02 9.983493808197159147e-01
-4.549454116821289062e+01 3.334501028060913086e+00 -6.988799095153808594e+00 6.474451146205370544e-02 1.780670827786036761e-02 9.977429876355170535e-01
-7.592846679687500000e+01 4.262500762939453125e+00 1.942317008972167969e+01 -3.845914219976282467e-01 4.886469190341674596e-02 9.217926448019784225e-01
-4.831726455688476562e+01 5.333049774169921875e+01 2.259948015213012695e+00 -6.042482976934209216e-01 7.020364293423657642e-01 -3.768671471630611336e-01
-3.014256095886230469e+01 1.133049964904785156e+01 -1.384912872314453125e+01 -9.718829830893606359e-02 2.939718234996599889e-03 -9.952616704809403858e-01
-6.897173309326171875e+01 -1.084849929809570312e+01 1.137624025344848633e+00 -8.694842204228990790e-01 -2.178872315494261303e-01 -4.433084081802535770e-01
8.197192192077636719e+00 4.799850082397460938e+01 -8.695390701293945312e+00 -1.819628053444866805e-02 -1.079283916793701142e-01 9.939921315806358182e-01
-2.569417190551757812e+01 7.030950927734375000e+01 1.749166870117187500e+01 2.324315794638960250e-02 9.772415844697825149e-02 9.949420809597456783e-01
-1.197791671752929688e+01 3.016499996185302734e+00 -7.428586006164550781e+00 1.668109243324662760e-02 1.137662738418229874e-01 9.933674929709452872e-01
-6.333775329589843750e+01 2.177950096130371094e+01 -6.782654762268066406e+00 -5.931775720759326909e-01 2.344554936862986438e-01 -7.701759470837918897e-01
2.737420654296875000e+01 6.146450042724609375e+01 -7.997210979461669922e+00 3.428018846455165858e-01 7.517447996284269962e-01 -5.633530190875858379e-01
4.142689514160156250e+01 8.149499893188476562e+00 -7.885506153106689453e+00 7.265246053550850004e-05 2.783067068322373980e-02 9.996126492251595774e-01
-2.197849273681640625e+01 5.680350112915039062e+01 -1.097578048706054688e+01 -1.063843602286792811e-01 2.405611815076419968e-01 -9.647863420728870487e-01
-5.485466957092285156e+00 6.623950195312500000e+01 -9.190003395080566406e+00 -8.783613519151844962e-02 7.547349812185398799e-01 -6.501230048842044917e-01
-4.567876815795898438e+01 3.577349853515625000e+01 -1.755239868164062500e+01 -7.825425027283534618e-01 5.058107510150819941e-01 -3.630188914935473798e-01
-3.426255798339843750e+01 6.194950103759765625e+01 -9.611800312995910645e-02 -4.318951723789200559e-01 8.242560258028530651e-01 -3.661537436698815151e-01
5.490821838378906250e+01 -4.639500141143798828e+00 -1.775371742248535156e+01 -1.956356561313967179e-01 4.892963304128961771e-03 -9.806644425898913831e-01
5.390920257568359375e+01 4.794550323486328125e+01 1.594560027122497559e+00 5.916308293941784369e-01 5.555919260449697639e-01 -5.842007988902423454e-01
4.160805130004882812e+01 6.312250137329101562e+01 1.765950012207031250e+01 1.735347451754044590e-01 7.708617875905728056e-02 9.818061994412308202e-01
4.512729263305664062e+01 2.874550056457519531e+01 -1.789103698730468750e+01 -6.024103057224456936e-01 -4.283212174020839536e-01 -6.735300722926826911e-01
-6.163992881774902344e+00 3.177650260925292969e+01 -1.506212043762207031e+01 1.538439746022762442e-02 3.748108988515286982e-02 -9.991789070110552728e-01
1.594749450683593750e+01 1.772850036621093750e+01 -1.525970935821533203e+01 1.038918176086743063e-02 5.437335265363498621e-02 -9.984666260940039395e-01
2.248952865600585938e+01 3.317449951171875000e+01 -1.475056362152099609e+01 -6.118861015331569959e-03 -1.413877541583972129e-03 -9.999802800506480960e-01
-5.768658828735351562e+01 3.815000057220458984e-01 -1.612754821777343750e+01 -7.822905775572024378e-01 -9.152639695997544927e-03 -6.228464348872954082e-01
1.452210521697998047e+01 6.888549804687500000e+01 8.555953979492187500e+00 -2.230205033759975752e-01 -9.094660285381306331e-01 3.509036876537445226e-01
-1.158776664733886719e+01 7.489950561523437500e+01 1.355153465270996094e+01 -1.518792391515218498e-01 9.843301793133084621e-01 -8.959238141597122840e-02
6.390039062500000000e+01 3.689949798583984375e+01 5.119485855102539062e+00 8.441616883965984419e-01 4.681205447139560882e-01 -2.612550467648679930e-01
-7.040252685546875000e+01 2.147650146484375000e+01 6.371040821075439453e+00 -8.651877082729784174e-01 2.002294324965079864e-01 -4.597373204510137867e-01
-6.005380153656005859e-01 6.859449768066406250e+01 4.606884002685546875e+00 2.907515585600863733e-02 -9.474391116361351450e-01 3.186122487508600831e-01
-4.073595428466796875e+01 -9.898498535156250000e+00 -1.132705402374267578e+01 5.016018522082302256e-02 -9.121125376724036338e-01 -4.068595266666624743e-01
5.196235275268554688e+01 2.178950119018554688e+01 -7.160796165466308594e+00 -1.530046784303829011e-01 -3.725310411299733587e-02 9.875230501676207640e-01
5.512799072265625000e+01 4.441500186920166016e+00 -7.023882865905761719e+00 -1.844916089667694437e-01 2.492930449107116919e-02 9.825178756635647437e-01
4.412358093261718750e+01 5.002050018310546875e+01 -8.651519775390625000e+00 4.532082087412561688e-01 4.976734866474400998e-01 -7.395427102052473112e-01
-4.919001007080078125e+01 2.819750022888183594e+01 -6.129796028137207031e+00 2.564905078974881736e-01 -1.432824623469891590e-01 9.558675406887044979e-01
7.374041748046875000e+01 1.950149917602539062e+01 1.120529365539550781e+01 8.877089937454063495e-01 2.059875503948668807e-01 -4.117546253605907092e-01
1.218297863006591797e+01 5.661550140380859375e+01 -1.893229103088378906e+01 1.510523465122409759e-01 8.788351784618491092e-01 -4.525836030073069338e-01
2.845664024353027344e+01 6.301350021362304688e+01 5.850523948669433594e+00 -4.305245546909415300e-01 -7.921587002302528102e-01 4.325889520753888329e-01
-5.790858840942382812e+01 9.171499252319335938e+00 -5.190423011779785156e+00 2.824298034403955882e-01 -2.876213370444451189e-02 9.588566867855630171e-01
3.075365257263183594e+01 2.766499996185302734e+00 -1.464680480957031250e+01 -2.129330244532452038e-02 -2.893624226999224561e-03 -9.997690844439053315e-01
7.219615173339843750e+01 5.125502109527587891e+00 2.310054063796997070e+00 7.740225977165267057e-01 1.891342110843193328e-02 -6.328754227540638322e-01
-2.522811126708984375e+01 4.613349914550781250e+01 -1.863695907592773438e+01 1.042394270785837462e-01 -1.101751688140610030e-01 -9.884308645621714406e-01
5.533380985260009766e+00 1.086500048637390137e+00 -7.520732879638671875e+00 1.273449965205386281e-01 2.107875662758966137e-02 9.916344779606136584e-01
-6.406626129150390625e+01 3.873950195312500000e+01 1.001161575317382812e+01 -8.053772062638445695e-01 5.220867536052676838e-01 -2.807008680794506605e-01
3.651747894287109375e+01 4.521649932861328125e+01 -1.910270118713378906e+01 2.688593673156014496e-01 3.336648634450263828e-01 -9.035388201449157108e-01
-4.496387958526611328e+00 4.375149917602539062e+01 -9.049673080444335938e+00 -4.622281063724482941e-02 -2.717034970541282179e-02 9.985615774070615291e-01
-7.472776031494140625e+01 1.747150039672851562e+01 1.845814895629882812e+01 -9.087440989373448685e-01 3.899010614555037391e-01 1.488668026204122696e-01
-4.084428405761718750e+01 1.592350101470947266e+01 -7.736949920654296875e+00 2.738529697855552822e-03 3.255694055485521682e-02 9.994661305300953646e-01
1.262448883056640625e+01 -7.288502216339111328e+00 -1.459759807586669922e+01 1.357890088228656533e-01 -9.498963716435008253e-01 -2.815283790693506316e-01
-4.895567321777343750e+01 4.505250167846679688e+01 -8.473112106323242188e+00 -4.047300591673487768e-01 3.653891808899584204e-01 -8.382626829908150778e-01
-2.263763236999511719e+01 2.995250129699707031e+01 -1.434833240509033203e+01 5.818813471249399683e-03 -3.702231995646609874e-02 -9.992974978627875426e-01
2.938121795654296875e+01 4.879150009155273438e+01 -7.566635131835937500e+00 -1.432914378249626301e-02 1.845152561050092399e-02 9.997270711754812078e-01
-1.372827053070068359e+00 2.173450088500976562e+01 -8.595727920532226562e+00 -3.056430936962762496e-02 -7.833306360975740568e-02 9.964586063345869382e-01
2.727859878540039062e+01 -7.810501098632812500e+00 -8.543340682983398438e+00 4.045684592819383946e-02 -9.402927675826365794e-01 3.379537762022021830e-01
-7.011278533935546875e+01 -1.751498937606811523e+00 9.912112236022949219e+00 9.217948534128632687e-01 1.825931871211106117e-01 3.419853450639559478e-01
-5.964550018310546875e+01 -3.401500940322875977e+00 -4.161131858825683594e+00 2.775464321295197934e-01 7.885302272153753289e-02 9.574707195626667167e-01
2.457239341735839844e+01 1.300049972534179688e+01 -7.657420158386230469e+00 1.294783269705157835e-01 1.421141466854733970e-01 9.813454703399696610e-01
-1.033749771118164062e+01 5.448549652099609375e+01 -8.122898101806640625e+00 -1.286203697685471027e-02 -8.462068566523874014e-02 9.963302201390615842e-01
-1.797210121154785156e+01 1.096049880981445312e+01 -1.431992053985595703e+01 -7.732913793018662829e-02 -5.360668519172663918e-03 -9.969912074135868219e-01
6.496332550048828125e+01 4.194350051879882812e+01 1.607450866699218750e+01 8.402335242033475149e-01 5.372152528520698356e-01 -7.353500464342938026e-02
4.963563537597656250e+01 5.717050170898437500e+01 1.054749774932861328e+01 6.169622710294285772e-01 7.037699903358214382e-01 -3.522291254693850071e-01
3.890811920166015625e+01 2.654949951171875000e+01 -7.885195732116699219e+00 7.217513556227679594e-02 -5.478065603815637785e-02 9.958864541355084699e-01
1.889646339416503906e+01 4.298850250244140625e+01 -8.593222618103027344e+00 -7.136625600621541998e-02 -7.637199049192576472e-02 9.945220845069034921e-01
1.699285316467285156e+01 5.584049987792968750e+01 -7.762888908386230469e+00 -1.555644610517177839e-01 -1.386473861380168038e-01 9.780473407636177674e-01
2.664746999740600586e+00 5.813449859619140625e+01 -1.211191558837890625e+01 4.098892334500829626e-02 4.685091141871425835e-01 -8.825072906705054843e-01
-3.416851425170898438e+01 3.834749984741210938e+01 -1.762704467773437500e+01 5.982602811068322701e-01 -6.065085754119686756e-01 -5.236716375761802933e-01
-5.374814605712890625e+01 4.422650146484375000e+01 7.558507919311523438e+00 7.125165732706069122e-01 -5.551104644656303932e-01 4.291532419258461961e-01
4.914358520507812500e+01 -5.868499755859375000e+00 -7.575336933135986328e+00 -6.851886066038893885e-02 5.623667665613222427e-02 9.960635531593734493e-01
4.268502235412597656e+00 3.877050018310546875e+01 -1.494413757324218750e+01 1.699513077298455202e-02 8.563851599291465166e-02 -9.961813138723996097e-01
6.626937866210937500e+01 7.844501018524169922e+00 -8.082456588745117188e+00 5.394460326945679229e-01 3.116450987590223265e-02 -8.414432548510243359e-01
-6.148791122436523438e+01 2.815749931335449219e+01 2.991688013076782227e+00 7.927442457726829872e-01 -3.651686493585943882e-01 4.880659979141344640e-01
-3.576330566406250000e+01 7.854999899864196777e-01 -1.276763343811035156e+01 -1.033328958986341056e-01 -5.631636310797955708e-02 -9.930512473540790142e-01
-4.851553344726562500e+01 5.375249862670898438e+01 1.461834716796875000e+01 5.893385196482591182e-01 -7.406688469089964810e-01 3.226294600269729584e-01
6.056404876708984375e+01 2.731550025939941406e+01 -1.137819051742553711e+00 -7.712225059657986659e-01 -4.254255926452803482e-01 4.735281527155969505e-01
-3.206424713134765625e+01 6.337050247192382812e+01 1.102293491363525391e+01 4.054127726540843191e-01 -8.443687748909605162e-01 3.502596975931800971e-01
4.348630905151367188e+01 1.781649971008300781e+01 -1.370065689086914062e+01 7.720014893719766291e-02 -5.266610215842709719e-02 -9.956236330499153020e-01
1.189755058288574219e+01 6.396502017974853516e+00 -1.525716972351074219e+01 7.472717495289406091e-03 -4.736661920096733175e-02 -9.988496192514196848e-01
-4.125980758666992188e+01 3.692350006103515625e+01 -6.926136016845703125e+00 2.125527794209102483e-01 -1.367817151439043588e-01 9.675288514368642900e-01
2.201391410827636719e+01 2.391950035095214844e+01 -8.130722999572753906e+00 -1.749834167727172887e-02 2.655329625629380963e-02 9.994942373503066246e-01
-9.320634841918945312e+00 -7.836498260498046875e+00 -7.306807041168212891e+00 -4.726086464042051904e-01 -7.486335138752218121e-01 4.649612126261961631e-01
-2.095751571655273438e+01 6.450100243091583252e-02 -1.354561519622802734e+01 -6.740270920473570571e-02 -1.286053262196465707e-01 -9.894026202005936632e-01
-3.213574886322021484e+00 1.354500055313110352e+00 -1.444733524322509766e+01 -2.959797373441240553e-02 -8.034145530336816998e-02 -9.963278629600569314e-01
-5.684395980834960938e+01 1.144650077819824219e+01 -1.604110908508300781e+01 -8.448577131469258150e-01 2.737185451471549902e-01 -4.596668386763087533e-01
-2.694989967346191406e+01 1.990450096130371094e+01 -7.696108818054199219e+00 3.780822836183831765e-05 4.470595200915043754e-02 9.990001884011301403e-01
-2.902895164489746094e+01 3.992449951171875000e+01 -8.027775764465332031e+00 1.478889722002032781e-01 -1.636698309958423414e-01 9.753671300199528993e-01
2.056933784484863281e+01 6.714649963378906250e+01 -9.331719875335693359e-01 2.812098813040329603e-01 8.648356285854934544e-01 -4.159090503777311820e-01
-8.222223281860351562e+00 1.612749862670898438e+01 -1.499466419219970703e+01 -3.515364707006136263e-02 1.190582629365049411e-02 -9.993109988376687181e-01
4.697397994995117188e+01 3.919650268554687500e+01 -1.066255378723144531e+01 2.326115553433315830e-01 1.440680429265453200e-01 -9.618400404059248565e-01
5.472771453857421875e+01 2.389550018310546875e+01 -1.759593963623046875e+01 8.715584133219187457e-01 3.624156555479427499e-01 -3.302133019451732876e-01
-7.055263519287109375e+01 9.804500579833984375e+00 1.169687652587890625e+01 9.033387063233562220e-01 -1.890595976387551003e-01 3.850138311784617740e-01
-5.152583694458007812e+01 1.772449874877929688e+01 -6.531805992126464844e+00 2.274704127685566457e-01 -2.416409161922756024e-02 9.734851349615566418e-01
-1.657051086425781250e+01 5.235050201416015625e+01 -1.942944335937500000e+01 3.931157178069880770e-02 -1.604011862019945334e-01 -9.862687563687313475e-01
6.883259582519531250e+01 2.707850074768066406e+01 5.561456203460693359e+00 8.916144539089554399e-01 3.151859825400444848e-01 -3.250868529960909137e-01
6.117947006225585938e+01 1.698250007629394531e+01 -9.546369552612304688e+00 2.766448783561268887e-01 6.021263713366888093e-02 -9.590839637950021590e-01
-4.008856582641601562e+01 5.721649932861328125e+01 7.584952831268310547e+00 5.209900138319916163e-01 -7.602272452732899977e-01 3.881030031209834474e-01
-1.586700820922851562e+01 6.501150512695312500e+01 -8.593666076660156250e+00 -1.692985258897443668e-01 7.484914112493536997e-01 -6.411697251255009666e-01
-4.075037002563476562e+01 5.522650146484375000e+01 -4.786612987518310547e+00 -5.504939702518392153e-01 7.864225255390175917e-01 -2.801713761989264584e-01
6.494499206542968750e+00 2.216750144958496094e+01 -1.548159980773925781e+01 5.679031558205831220e-02 5.783559009914750887e-02 -9.967095387192668188e-01
5.987765884399414062e+01 4.330500125885009766e+00 -1.623998260498046875e+01 9.955836405645227538e-01 5.928039945729980664e-02 -7.279456628398968399e-02
3.665794754028320312e+01 5.701049804687500000e+01 -7.146934986114501953e+00 5.081051653459074391e-01 7.895366011557034547e-01 -3.441817781119557718e-01
9.241361618041992188e+00 1.391650009155273438e+01 -8.480540275573730469e+00 -7.189121906395487538e-02 -5.600891022760855903e-02 9.958386689602960473e-01
3.273863220214843750e+01 3.124750137329101562e+01 -1.455984592437744141e+01 -2.557469191411235101e-03 3.389355896606859736e-02 -9.994221760657248099e-01
-1.411199188232421875e+01 3.115250015258789062e+01 -8.369862556457519531e+00 1.559393760928224791e-03 1.095891316678821031e-01 9.939757494583949526e-01
1.352045726776123047e+01 7.396150207519531250e+01 1.727935218811035156e+01 1.365178397340622574e-01 3.363796534176441422e-01 9.317787334989838799e-01
-3.194053840637207031e+01 5.757849884033203125e+01 -9.124426841735839844e+00 -2.352370545721011175e-01 3.232444488887863399e-01 -9.166114522625314898e-01
-6.830565643310546875e+01 -1.449687194824218750e+01 1.052360057830810547e+01 9.861203060566912093e-01 -2.886246283832706767e-04 1.660321013493517017e-01
2.902974128723144531e+01 4.092750167846679688e+01 -1.383823680877685547e+01 -9.766399453429380761e-02 1.019230722989088178e-02 -9.951672527997176276e-01
4.732242584228515625e+01 2.149499893188476562e+00 -1.340311241149902344e+01 1.175435479260864419e-01 1.074712324118524097e-02 -9.930095738123508875e-01
-4.889858627319335938e+01 -6.357498168945312500e+00 -6.016586780548095703e+00 1.094321349525182174e-01 5.520090600355120197e-02 9.924603104487962346e-01
-4.244335174560546875e+01 2.567750167846679688e+01 -1.307816028594970703e+01 1.650438789995369859e-01 -7.847959926306263823e-02 -9.831589243374110332e-01
-9.944767951965332031e+00 7.194450378417968750e+01 3.755053043365478516e+00 -1.239444218402692421e-01 8.844967779851282685e-01 -4.497813135609437518e-01
3.667008972167968750e+01 -6.255000233650207520e-01 -7.442842006683349609e+00 4.581583791140582916e-03 7.171800672980352398e-02 9.974144257031120064e-01
-2.725867462158203125e+01 4.765499114990234375e+00 -7.046345233917236328e+00 9.806157806815353484e-02 7.228735711047239339e-03 9.951540947445290941e-01
-7.678563690185546875e+01 -5.160500049591064453e+00 1.664439201354980469e+01 -9.689977048345199684e-01 -6.364768835562156779e-02 -2.387308522005860689e-01
3.475490951538085938e+01 6.754050445556640625e+01 1.201898860931396484e+01 3.603841773677486371e-01 8.676072818489769523e-01 -3.426088866121266285e-01
5.679273986816406250e+01 4.360449981689453125e+01 1.083377456665039062e+01 -7.315062371430828270e-01 -5.130932420054706844e-01 4.490366911835639296e-01
-6.465158081054687500e+01 1.562450027465820312e+01 7.307850122451782227e-01 9.175009337748475380e-01 -2.061793510616402592e-01 3.401207310913045845e-01
-2.536282920837402344e+01 6.360450363159179688e+01 -4.803217887878417969e+00 -3.340040194117723238e-01 9.012529995889076995e-01 -2.760151186960174696e-01
-5.858034896850585938e+01 3.034350013732910156e+01 -7.908139228820800781e+00 -4.038245202386742116e-01 1.453573290709734567e-01 -9.032148159432269452e-01
-3.450147247314453125e+01 2.011949920654296875e+01 -1.384959602355957031e+01 -9.222075774430839312e-02 -3.503397769056964400e-02 -9.951220790678108052e-01
-1.885357093811035156e+01 6.826350402832031250e+01 1.058569240570068359e+01 2.757055589719522026e-01 -8.677528756117249831e-01 4.135110538057546470e-01
5.860799026489257812e+01 -7.355503082275390625e+00 -8.851770401000976562e+00 6.835867173848096667e-02 -9.938968601612059306e-01 -8.658015569313061432e-02
-5.161756992340087891e+00 9.943498611450195312e+00 -8.262701988220214844e+00 -2.800861460812600207e-02 1.943587867530662538e-01 9.805305602170742985e-01
-6.895217132568359375e+01 -1.647499084472656250e+00 -1.728029966354370117e+00 -9.371786359405641642e-01 -8.321009701435143346e-02 -3.387805839941918085e-01
1.483514022827148438e+01 2.724250030517578125e+01 -1.533865642547607422e+01 7.466902501698276240e-02 4.444167246529068249e-02 -9.962175838899356428e-01
-6.316377639770507812e+01 -1.483375549316406250e+01 -5.321555137634277344e+00 -1.949728555588841061e-01 -6.912672205746507315e-01 -6.957982576539062380e-01
1.367694568634033203e+01 3.711450195312500000e+01 -1.485900592803955078e+01 2.602608475919915981e-02 1.695166192138769859e-02 -9.995175256443531442e-01
-4.807652282714843750e+01 1.085749816894531250e+01 -1.234440803527832031e+01 -1.131154686993879055e-01 -6.119253086360294802e-02 -9.916957017691591103e-01
2.131438636779785156e+01 7.726500034332275391e+00 -1.489147567749023438e+01 6.750419520360630143e-02 -3.775115632878411898e-02 -9.970045304940962083e-01
3.530605697631835938e+01 1.127150154113769531e+01 -1.446074581146240234e+01 4.567364070843165508e-02 -4.822610052220717425e-02 -9.977916424649281302e-01
4.252401351928710938e+01 3.784650039672851562e+01 -1.902009201049804688e+01 -7.432743110224450389e-02 -7.789982939799446060e-02 -9.941866271306933900e-01
7.017230224609375000e+01 1.049150085449218750e+01 9.908188819885253906e+00 -8.657420230755885626e-01 -1.064454000714628312e-01 4.890400047896010793e-01
4.997452926635742188e+01 1.235650062561035156e+01 -7.734112739562988281e+00 -9.716321173163951219e-02 -7.578593225807819800e-02 9.923788604952076264e-01
-2.756047058105468750e+01 4.938349914550781250e+01 -7.363434791564941406e+00 1.165842078680982413e-01 -7.001510155114776257e-02 9.907098505771256836e-01
6.351094245910644531e+00 7.391349792480468750e+01 8.295454025268554688e+00 6.282661895388039208e-02 9.499679114532482149e-01 -3.059636958202354706e-01
-5.148618316650390625e+01 -6.664501190185546875e+00 -1.527180290222167969e+01 7.386213210430393472e-01 4.183555765792911635e-02 -6.728211725385024877e-01
4.858103179931640625e+01 3.057449913024902344e+01 -7.130241870880126953e+00 -5.829568050378485487e-03 -1.106274519406650475e-01 9.938448485621192985e-01
4.438738822937011719e+00 5.098450088500976562e+01 -1.794525337219238281e+01 -1.194430609380181807e-01 -8.235244746793363158e-01 -5.545636075310748092e-01
-1.214893722534179688e+01 4.578649902343750000e+01 -1.407827377319335938e+01 -8.749002555272450410e-02 1.267985341806249500e-01 -9.880625623706366101e-01
2.144216156005859375e+01 -3.668498992919921875e+00 -1.482363605499267578e+01 4.103375691589609131e-01 -1.017162339687789213e-01 -9.062432825041648599e-01
-6.827003479003906250e+01 3.008250045776367188e+01 9.488050460815429688e+00 -8.689480233085408178e-01 3.782694614959378199e-01 -3.191262246944817083e-01
5.503843307495117188e+01 3.877949905395507812e+01 3.800579905509948730e-01 -7.438398559805661225e-01 -5.326747606563139170e-01 4.036828805071491222e-01
2.364559745788574219e+01 7.055049896240234375e+01 8.455756187438964844e+00 2.661390861739704183e-01 8.942268837180238350e-01 -3.599003573858131633e-01
-5.101567459106445312e+01 2.831050109863281250e+01 -1.649690055847167969e+01 -6.979374507309522579e-01 3.833042214108186574e-01 6.049472611028385849e-01
-2.756042671203613281e+01 6.730349731445312500e+01 4.011837005615234375e+00 -4.706436768799057702e-01 7.922716837826062619e-01 -3.883298964659258612e-01
1.911375045776367188e+00 6.858149719238281250e+01 -4.240968227386474609e+00 4.479983059623965369e-02 9.143739111331320446e-01 -4.023845496756150997e-01
-3.639685821533203125e+01 7.952500820159912109e+00 -7.018919944763183594e+00 -4.680289618601911339e-02 -1.906176640856570379e-03 9.989023252546840315e-01
4.518143844604492188e+01 5.054449844360351562e+01 2.245543003082275391e+00 -6.208214810607426415e-01 -7.061317347875164518e-01 3.405270353136714001e-01
-5.171396255493164062e+01 3.645949935913085938e+01 -9.613204956054687500e+00 -3.492863793785757620e-01 1.941979931360866274e-01 -9.166712413087486633e-01
5.328000057488679886e-03 3.373149871826171875e+01 -8.695268630981445312e+00 -1.114915349667208559e-03 1.112717516454974354e-01 9.937893912945067187e-01
1.495169448852539062e+01 4.872149658203125000e+01 -1.466024017333984375e+01 -1.296322575807032917e-01 -9.156129263277023034e-01 -3.805896043458779632e-01
6.421127796173095703e+00 -8.053497314453125000e+00 -7.904594898223876953e+00 1.832991069582895205e-01 -1.200737058064001855e-01 9.756965422518476538e-01
-2.647633075714111328e+00 7.490550231933593750e+01 1.063506031036376953e+01 -7.671561985750161537e-03 9.372573309448236634e-01 -3.485539308728049512e-01
-6.598597717285156250e+01 5.594500064849853516e+00 -6.425922870635986328e+00 -4.163580473390021686e-01 -1.792691719070464316e-03 -9.091989675931519965e-01
3.670418930053710938e+01 1.770949935913085938e+01 -7.941232204437255859e+00 6.768539397814545000e-02 7.003903431010846670e-02 9.952453070047256878e-01
1.291797542572021484e+01 2.198550033569335938e+01 -8.007289886474609375e+00 -5.874116345530891459e-02 7.905468863281975289e-02 9.951380969097127771e-01
-1.141459941864013672e+01 2.471350097656250000e+01 -1.486937713623046875e+01 -3.635009485550797642e-02 -6.926587735535219559e-02 -9.969357596345859163e-01
8.614369392395019531e+00 6.726649475097656250e+01 2.247912883758544922e+00 -1.593812945278329229e-01 -9.361094545065432593e-01 3.135230328669561528e-01
-1.251954650878906250e+01 -2.944499969482421875e+00 -1.387342643737792969e+01 -5.413030696656336710e-02 -4.813062013295942021e-02 -9.973732266675912062e-01
-6.310722732543945312e+01 4.100949859619140625e+01 1.844742774963378906e+01 2.825461943799492670e-02 2.817597828470676594e-02 9.992035782202312033e-01
7.516074371337890625e+01 1.436550045013427734e+01 1.815591049194335938e+01 3.860675231854441419e-02 -6.437691011374416239e-02 9.971785858709668604e-01
-1.809942054748535156e+01 4.948149871826171875e+01 -8.164847373962402344e+00 1.043388865225969298e-01 -1.253300320747520458e-01 9.866132878789776184e-01
-2.146268081665039062e+01 1.941650009155273438e+01 -1.442963218688964844e+01 -2.820840567023804452e-02 -1.093819298730242529e-01 -9.935994561526269031e-01
3.888410186767578125e+01 5.951149749755859375e+01 1.023554229736328125e+01 -5.245806178851679658e-01 -7.852725054967099050e-01 3.288803239023810887e-01
-1.424836993217468262e+00 -4.264500141143798828e+00 -6.804258823394775391e+00 1.046657474685575018e-02 -2.070825108552252353e-02 9.997307733335247804e-01
-5.360336303710937500e+01 4.562250137329101562e+01 -9.844499826431274414e-01 -6.730454342332393702e-01 5.235127308336445795e-01 -5.224406799942844515e-01
-1.029060459136962891e+01 6.520649719238281250e+01 -1.630373954772949219e+00 1.197243780759425918e-01 -9.325439150537002675e-01 3.406287125164959573e-01
5.224341583251953125e+01 4.415250015258789062e+01 -5.950444221496582031e+00 7.162659145002718830e-01 6.460487131890267909e-01 -2.637881724260813243e-01
-3.638455200195312500e+01 -4.667500019073486328e+00 -6.079026222229003906e+00 -4.793878856776895292e-02 1.141585789185988881e-01 9.923052410473003349e-01
1.687093544006347656e+01 3.213649749755859375e+01 -8.434749603271484375e+00 -1.212834634774452164e-01 -3.644303835338771891e-02 9.919487015176181588e-01
3.041729736328125000e+01 2.521950149536132812e+01 -7.955059051513671875e+00 8.191770866055862743e-02 5.293677346793930483e-02 9.952322276848796223e-01
5.896299362182617188e+01 2.602949905395507812e+01 -9.434952735900878906e+00 2.569031015278663288e-01 1.126917586786569808e-01 -9.598444477889498394e-01
3.669776916503906250e+00 3.016550064086914062e+01 -1.543618869781494141e+01 -7.487281111657678907e-03 4.538865178248730620e-02 -9.989413450803420469e-01
1.856170082092285156e+01 6.409349822998046875e+01 -8.736157417297363281e+00 2.269390972706166743e-01 6.343042330522397076e-01 -7.390242120945750282e-01
-1.293805122375488281e+01 3.684049987792968750e+01 -1.451627159118652344e+01 -4.789002744765512298e-02 -1.397071389420342750e-02 -9.987549070839897292e-01
3.325909042358398438e+01 6.183550262451171875e+01 -1.093431949615478516e+00 4.429834652293210828e-01 7.879528969189442122e-01 -4.276632808302188726e-01
-2.285360717773437500e+01 1.240649986267089844e+01 -7.582695007324218750e+00 1.370825228628589632e-01 8.071834001007438530e-02 9.872653804887375761e-01
-1.218551039695739746e+00 5.151450347900390625e+01 -8.553448677062988281e+00 2.588735502744332617e-02 -9.035630081861711904e-02 9.955729926791196949e-01
-1.017772483825683594e+01 7.003499984741210938e+00 -1.462923049926757812e+01 -5.281243308932576097e-02 -5.066467787727426536e-02 -9.973183731019786835e-01
2.809661483764648438e+01 3.461750030517578125e+01 -8.337564468383789062e+00 -1.181042627285163044e-01 -4.710132402328199436e-02 9.918834852948240632e-01
-6.897653961181640625e+01 2.214350128173828125e+01 1.458085250854492188e+01 8.830952462162787731e-01 -2.884244847578023019e-01 3.700731045380173945e-01
3.156025314331054688e+01 7.675500869750976562e+00 -7.910253047943115234e+00 4.890721916446094664e-02 1.282812793877249544e-02 9.987209435308672667e-01
2.390970039367675781e+01 5.361450195312500000e+01 -1.186722183227539062e+01 3.048202774495599732e-01 6.573119046056754566e-01 -6.892210519994528273e-01
1.664818382263183594e+01 1.012750053405761719e+01 -7.856358051300048828e+00 -6.231544799432341131e-02 -6.236408535460807173e-02 9.961061719511379309e-01
5.369671821594238281e+00 -3.310497045516967773e+00 -1.465568733215332031e+01 -1.194457730708572973e-01 -9.246034128012230180e-02 -9.885260707669113467e-01
6.464862823486328125e+01 3.117050170898437500e+01 1.139685440063476562e+01 -7.673874772316746640e-01 -4.119673761963576486e-01 4.913240689584571497e-01
1.845307350158691406e+01 -6.430500030517578125e+00 -7.626769065856933594e+00 -3.565163431020946794e-01 -5.621997843782757798e-01 7.462087506496621891e-01
-5.368237304687500000e+01 2.115499019622802734e+00 -5.754241943359375000e+00 1.413199422699175367e-01 7.890746160297523737e-02 9.868142106902403343e-01
1.091183567047119141e+01 6.021649932861328125e+01 -1.114668941497802734e+01 1.227654415817994310e-01 2.228143266064907257e-01 -9.671000063137845659e-01
3.665522384643554688e+01 4.735850143432617188e+01 -1.119092464447021484e+01 2.392713800760009613e-01 3.148828405238981998e-01 -9.184759133587157010e-01
3.922052001953125000e+01 3.293500900268554688e+00 -1.417335414886474609e+01 1.061738062892077228e-01 -8.217437458970408559e-02 -9.909462624274097964e-01
-1.738400840759277344e+01 -3.374500036239624023e+00 -7.031311988830566406e+00 8.129670015025833307e-02 -4.293952188434063122e-01 8.994501612535861224e-01
2.401609802246093750e+01 1.641950035095214844e+01 -1.513132572174072266e+01 1.094102757964841854e-02 -5.873421967559971923e-02 -9.982136972385220464e-01
-3.337962722778320312e+01 4.656150054931640625e+01 -1.841573143005371094e+01 -5.251130908853361978e-01 5.870452454449479607e-01 -6.161445622427657032e-01
2.736795616149902344e+01 7.195000052452087402e-01 -7.463631153106689453e+00 1.283625036377048223e-01 2.379742470470857379e-03 9.917244599613516121e-01
-2.366939544677734375e+01 3.814350128173828125e+01 -1.391912841796875000e+01 -1.162815578165797836e-01 1.081767627623044792e-01 -9.873076457265069772e-01
-1.278760337829589844e+01 1.305850028991699219e+01 -8.454642295837402344e+00 1.571941353908717226e-02 -1.738443886514934311e-02 9.997253029324260076e-01
-3.889115142822265625e+01 3.289550018310546875e+01 -1.397029018402099609e+01 5.613410452432381348e-01 -6.288628792380965837e-01 -5.379848604204395812e-01
7.305470275878906250e+01 2.372550201416015625e+01 1.803636360168457031e+01 1.945126692444413830e-01 1.301729811993616037e-01 9.722241595789898883e-01
-3.512480163574218750e+01 6.666949462890625000e+01 1.766418457031250000e+01 -4.295341883489877527e-02 2.603463307468069088e-01 9.645593770613958284e-01
5.519934844970703125e+01 5.146350097656250000e+01 9.698304176330566406e+00 6.486102171521613835e-01 6.858802293446932818e-01 -3.299592356638877400e-01
-7.395315551757812500e+01 -8.774497985839843750e+00 1.008129405975341797e+01 -9.548816997369580228e-01 -1.461365274720870799e-01 -2.585441061905260907e-01
2.621535491943359375e+01 2.598750114440917969e+01 -1.499544715881347656e+01 2.446201627114145960e-02 4.922487152253254145e-02 -9.984881179981766053e-01
3.066343116760253906e+01 5.020449829101562500e+01 -1.623225975036621094e+01 4.556794743969698191e-01 8.668844777248668754e-01 2.021571638428527329e-01
-3.032455253601074219e+01 3.237150192260742188e+01 -1.384917926788330078e+01 -1.443612055645089078e-02 5.300865801237900771e-02 -9.984896997961503207e-01
-6.452451324462890625e+01 1.362150001525878906e+01 -6.976523876190185547e+00 -3.579257118493431311e-01 4.398795706954488488e-02 -9.327133774263072219e-01
-4.456271743774414062e+01 -2.939502954483032227e+00 -1.189911460876464844e+01 -5.220032469031157113e-02 -6.336516066791530143e-03 -9.986165303390291959e-01
9.393486976623535156e+00 4.009749984741210938e+01 -8.860443115234375000e+00 1.205115382884090064e-02 4.095631588279294993e-02 9.990882593048034943e-01
-7.406780242919921875e+00 2.682850074768066406e+01 -8.279178619384765625e+00 4.224738981228928769e-02 4.671473766203225464e-02 9.980144745138799234e-01
-1.804179954528808594e+01 7.227949523925781250e+01 1.738115692138671875e+01 5.532800102332424697e-02 -2.435977033299534800e-01 9.682969437291099046e-01
3.197864055633544922e+00 8.597499847412109375e+00 -8.120795249938964844e+00 1.125718627550881812e-01 1.873679910279260064e-01 9.758180217919776300e-01
6.601332092285156250e+01 2.240499019622802734e+00 -1.927757024765014648e+00 -8.665524701815637831e-01 -7.728777964336303041e-02 4.930653258342439504e-01
3.202483749389648438e+01 -5.111504077911376953e+00 -1.442465019226074219e+01 2.675643640863868689e-02 -5.040981285192662475e-02 -9.983701437237315623e-01
-5.309251785278320312e+01 5.208650207519531250e+01 8.467945098876953125e+00 -6.668630298198142681e-01 6.825597159044455298e-01 -2.990082501938366444e-01
-5.449385452270507812e+01 2.397750091552734375e+01 -1.019365024566650391e+01 -2.627793489520293679e-01 4.626527790749481589e-02 -9.637460961396885351e-01
-4.402043151855468750e+01 4.842449951171875000e+01 -2.702461004257202148e+00 6.118253809505600493e-01 -6.851808060219313212e-01 3.952176188934881651e-01
-7.328815937042236328e+00 3.639749908447265625e+01 -8.800159454345703125e+00 3.809277981757611814e-02 -1.755345800863849712e-02 9.991200209372788077e-01
6.676595306396484375e+01 1.905649948120117188e+01 5.988914012908935547e+00 -9.137066351366158745e-01 -2.776426128077736366e-01 2.967402306068319118e-01
6.133478546142578125e+01 5.501000210642814636e-03 -9.867393493652343750e+00 2.311275533568125651e-01 -1.388735028972801211e-02 -9.728243395296112261e-01
-4.142482376098632812e+01 6.650501251220703125e+00 -1.278198242187500000e+01 -1.172367473619778493e-03 -6.459425264110298104e-02 -9.979109219165026579e-01
-5.900692367553710938e+01 3.519350051879882812e+01 5.052490234375000000e+00 8.398093983621099934e-01 -4.182935439266098898e-01 3.460501199710641074e-01
-5.116595077514648438e+01 3.937500000000000000e+00 -1.398525810241699219e+01 9.962587788887521389e-01 -6.752097357690922674e-02 5.393851698293946478e-02
-7.532158660888671875e+01 3.653501987457275391e+00 1.174646091461181641e+01 -9.240568967733366890e-01 3.331356547620816476e-03 -3.822404395000394417e-01
6.661048126220703125e+01 9.948499679565429688e+00 3.233600035309791565e-02 -9.261878017409724828e-01 -1.744840041386196416e-01 3.342626036606236584e-01
-1.956620407104492188e+01 5.013500213623046875e+00 -7.645810127258300781e+00 -1.146836523195021024e-02 6.451902176775436981e-02 9.978505762031901760e-01
-2.834960937500000000e+01 2.476549911499023438e+01 -1.419244289398193359e+01 -7.825131092251605414e-02 -2.899968192194833563e-03 -9.969294471141837422e-01
1.970006179809570312e+01 5.499850082397460938e+01 -1.816770935058593750e+01 2.932681323332676504e-01 9.268816471105482124e-01 -2.342738030753630796e-01
9.341900050640106201e-02 5.739049911499023438e+01 -1.932776451110839844e+01 1.549396236016096357e-02 6.338490061653839769e-01 -7.733016064340851869e-01
-3.280313873291015625e+01 1.492449951171875000e+01 -7.468074798583984375e+00 -4.821239531909622678e-02 7.753984122541335289e-02 9.958228446668278000e-01
5.814267349243164062e+01 1.012649917602539062e+01 -1.149960708618164062e+01 9.911970643618822630e-01 9.312479518376598486e-02 9.410713109200595505e-02
-3.241643524169921875e+01 -6.107498168945312500e+00 -1.248507308959960938e+01 -2.005747999405074200e-01 -1.859296929072890570e-01 -9.618731199717697189e-01
-7.151473999023437500e+01 1.391250228881835938e+01 5.298388957977294922e+00 -8.497890962919180113e-01 4.227683284877466197e-02 -5.254247436385555137e-01
-6.592906188964843750e+01 -7.581501007080078125e+00 -5.501746177673339844e+00 -4.657212516994506668e-01 -5.027894801153986321e-02 -8.835019768525420591e-01
4.158345222473144531e+00 4.203501224517822266e+00 -1.506417274475097656e+01 -7.468484660164144417e-02 -1.227552369315939029e-01 -9.896228198126585385e-01
-5.143528938293457031e+00 5.867449951171875000e+01 -1.180114269256591797e+01 -4.629280121938978559e-02 2.296970245616889172e-01 -9.721606109397608053e-01
-2.173923873901367188e+01 2.591149902343750000e+01 -7.972393989562988281e+00 -2.391047947918645278e-02 6.043200102735503398e-02 9.978858963944250426e-01
-3.290241956710815430e+00 3.893849945068359375e+01 -1.481325912475585938e+01 -3.974288758939920649e-04 2.681072961342102073e-02 -9.996404487754008139e-01
-3.762716054916381836e+00 2.449950027465820312e+01 -1.521405696868896484e+01 -4.239557822637519957e-02 -1.340402204427783815e-02 -9.990109844941084116e-01
-6.651255798339843750e+01 2.306650161743164062e+01 9.187500178813934326e-02 -8.052801690070954255e-01 2.766121162391074750e-01 -5.244135644256605611e-01
4.786724853515625000e+01 5.886149978637695312e+01 1.768726539611816406e+01 7.157444845697520652e-02 2.773868516594914929e-02 9.970494790497330673e-01
3.588636779785156250e+01 3.804750061035156250e+01 -1.542576789855957031e+01 -7.117735727207508134e-01 -6.397565534065750015e-01 -2.899826435317778839e-01
1.959000205993652344e+01 7.026249694824218750e+01 1.482353019714355469e+01 -5.945285469945344597e-02 -8.550173932457300063e-01 5.151801775256522609e-01
4.590386962890625000e+01 1.006550025939941406e+01 -1.360186672210693359e+01 6.336155700946843883e-02 1.507470160854847835e-02 -9.978767791990897917e-01
1.238963127136230469e+01 -2.063498973846435547e+00 -8.183819770812988281e+00 -1.281167575806044512e-01 9.065889476466010288e-02 9.876067340936284245e-01
6.093587112426757812e+01 3.473149871826171875e+01 -2.106100082397460938e+00 8.097350967700376323e-01 4.741233662145731831e-01 -3.457399408054835921e-01
-1.121662425994873047e+01 5.596150207519531250e+01 -1.540608787536621094e+01 -2.180273645077653866e-01 9.617957349369614661e-01 1.655688152487305997e-01
6.473020935058593750e+01 2.273749923706054688e+01 -5.783951759338378906e+00 9.153948612005106122e-01 3.150889216608354082e-01 -2.505418518617395507e-01
-4.213224029541015625e+01 4.324250030517578125e+01 -1.081638526916503906e+01 -1.691075150194458476e-01 1.062326085697477412e-01 -9.798557451178283584e-01
5.139076232910156250e+01 2.947950172424316406e+01 -1.391917324066162109e+01 8.570814811864365668e-01 5.036116107027530653e-01 1.085664781258134787e-01
1.810149997472763062e-01 4.581649780273437500e+01 -1.443805122375488281e+01 -1.119798579367262126e-02 9.847115739187971284e-02 -9.950768996796519605e-01
-2.407461547851562500e+01 6.794499874114990234e+00 -1.378495979309082031e+01 -6.853420680692797091e-03 -6.852481066718815739e-02 -9.976258722326719619e-01
4.850256919860839844e+00 6.499150085449218750e+01 -9.992729187011718750e+00 1.410739527854997233e-01 2.916179778060742911e-01 -9.460745715141966050e-01
-5.768719482421875000e+01 1.514949989318847656e+01 -9.685171127319335938e+00 -3.204453186699284251e-01 5.479716174619689989e-02 -9.456807435953685781e-01
-4.544743347167968750e+01 2.198749923706054688e+01 -7.334649085998535156e+00 1.531228262381651994e-01 -3.185263699312981117e-02 9.876936820702157949e-01
-6.027497100830078125e+01 4.499450302124023438e+01 1.084895229339599609e+01 -7.470967834367776561e-01 5.701308959234185902e-01 -3.417559914500117313e-01
-6.444306182861328125e+01 3.397149658203125000e+01 1.590714836120605469e+01 8.411892854748637127e-01 -3.968896347632921984e-01 3.672590418488682062e-01
7.187569427490234375e+01 1.389550018310546875e+01 3.537359952926635742e+00 8.719702126127126807e-01 1.740529292264384742e-01 -4.575735199329578062e-01
-2.539864540100097656e+01 3.303449630737304688e+01 -8.291628837585449219e+00 -6.383491347126535320e-02 1.134126135001147229e-01 9.914951754401982731e-01
5.272506713867187500e+01 5.871500015258789062e+00 -1.673194503784179688e+01 -9.126977952875794387e-01 -6.588398114089701052e-02 -4.032890222981745931e-01
-8.517769813537597656e+00 1.959450149536132812e+01 -8.555568695068359375e+00 4.948440619015121583e-02 -9.260693815166121112e-02 9.944723468001424038e-01
-2.828924942016601562e+01 8.354989886283874512e-01 -1.329284000396728516e+01 -1.634270113606543437e-02 -3.397799024339288182e-02 -9.992889533556332804e-01
3.973333740234375000e+01 5.235849761962890625e+01 -2.281893968582153320e+00 -5.382509354430836668e-01 -7.674297518256829598e-01 3.483353362887782745e-01
2.549620819091796875e+01 6.139849853515625000e+01 -6.375970244407653809e-01 -3.326273800173679129e-01 -8.403698149121442418e-01 4.279457912485060689e-01
8.134249687194824219e+00 1.506050014495849609e+01 -1.561774539947509766e+01 1.149075065295763511e-02 2.934800245433579272e-02 -9.995032052981981385e-01
3.585118865966796875e+01 6.415449523925781250e+01 5.525699138641357422e+00 4.520820972746075750e-01 8.343746659709843083e-01 -3.153421857436783937e-01
-4.731292724609375000e+01 5.718650054931640625e+01 8.333236694335937500e+00 -5.584509161642643438e-01 7.350509124565345331e-01 -3.844902213738469743e-01
4.191349792480468750e+01 4.309449768066406250e+01 -6.890938758850097656e+00 -9.974974073545625486e-02 -7.872729814718534835e-02 9.918931402876286496e-01
-4.688539981842041016e+00 6.980950164794921875e+01 -1.349427938461303711e+00 -6.562176240287068141e-02 9.340886046348135796e-01 -3.509590617016863368e-01
-1.932518005371093750e+00 3.496500015258789062e+00 -7.606741905212402344e+00 9.690421040183376522e-02 1.060636922903329532e-01 9.896262259985527665e-01
5.956330490112304688e+01 4.303150177001953125e+01 4.102419853210449219e+00 7.779524767107756089e-01 5.174421502601487255e-01 -3.564317117116880818e-01
-5.634932708740234375e+01 -6.458499908447265625e+00 -9.823627471923828125e+00 -8.856765962801255165e-01 -3.181532409402028083e-01 -3.381648741086172860e-01
1.472918796539306641e+01 -4.025000035762786865e-01 -1.511248111724853516e+01 -5.429821655074111748e-03 -2.657532137977447126e-02 -9.996320669778235857e-01
3.833417892456054688e+01 2.320249938964843750e+01 -1.424513053894042969e+01 1.098942683277003840e-01 -1.228372282811261360e-02 -9.938673754290365814e-01
3.994818115234375000e+01 3.193149948120117188e+01 -1.402352809906005859e+01 -2.636269935897785910e-01 -3.956425417713363979e-01 -8.797543903792303110e-01
-3.760137176513671875e+01 1.280750083923339844e+01 -1.336076545715332031e+01 -8.685582475820491366e-02 -9.667588738940395554e-02 -9.915189551909954213e-01
4.979369354248046875e+01 1.868950080871582031e+01 -1.711762809753417969e+01 -6.671357068548702252e-01 -2.531590707823203612e-01 -7.006000524692278519e-01
1.836872863769531250e+01 1.710350036621093750e+01 -7.683111190795898438e+00 -6.025340155915624718e-03 6.503139514268247573e-03 9.999607014540438099e-01
-5.384548187255859375e+00 7.433249664306640625e+01 1.724636840820312500e+01 -4.527356742431439679e-02 -8.832162863896263205e-02 9.950626080841532550e-01
5.635411262512207031e+00 2.010849952697753906e+01 -8.482474327087402344e+00 -5.181986992758582516e-02 -5.823854674211451782e-02 9.969568560143686753e-01
4.485391235351562500e+01 2.214350128173828125e+01 -7.988227844238281250e+00 -8.552966043705130528e-02 -6.420201895681079685e-02 9.942649435373812628e-01
-1.950274848937988281e+01 4.544449615478515625e+01 -1.390157032012939453e+01 9.378585008672155054e-02 -3.050944557134678825e-01 -9.476927705835966886e-01
2.815309333801269531e+01 9.818500518798828125e+00 -1.474553966522216797e+01 -1.321408156997777063e-02 3.379412592121141395e-02 -9.993414557104509655e-01
-7.617918395996093750e+01 1.062249946594238281e+01 1.616735267639160156e+01 -9.784794044012777858e-01 1.906382360881769267e-01 -7.896276403286132950e-02
1.026280403137207031e+01 6.720500946044921875e+00 -8.319398880004882812e+00 -4.740701343738029302e-03 3.718730089016909074e-02 9.992970681450403792e-01
3.814220130443572998e-01 1.843450164794921875e+01 -1.545855712890625000e+01 -8.724709803501361216e-02 8.290473454034583828e-03 -9.961522031970699853e-01
-2.825903320312500000e+01 6.946949768066406250e+01 1.089244937896728516e+01 -3.698895959317016202e-01 8.521466691626788936e-01 -3.701725827994755691e-01
-3.595172882080078125e+01 4.165049743652343750e+01 -7.222729206085205078e+00 9.025408324798758763e-02 -9.009708691289343430e-02 9.918350242791771354e-01
-7.350550842285156250e+01 1.675749969482421875e+01 1.150835609436035156e+01 -9.264310767652317313e-01 1.024817912323617158e-01 -3.622470737900033155e-01
-4.153992843627929688e+01 2.979050064086914062e+01 -7.381432056427001953e+00 8.703444360276310632e-02 -9.099812177536530100e-02 9.920404968851389560e-01
-4.078087234497070312e+01 4.088249969482421875e+01 -1.761889076232910156e+01 -6.683976519834691210e-01 7.398148315447123924e-01 7.693239791826536611e-02
6.756174468994140625e+01 2.344650077819824219e+01 1.149390220642089844e+01 -8.401884311817380269e-01 -3.120123403971118980e-01 4.435444730219130216e-01
-3.905425643920898438e+01 6.373049926757812500e+01 1.009747219085693359e+01 -4.176365556894390263e-01 8.514995028543961286e-01 -3.170619876153214500e-01
4.214908599853515625e+01 3.373750305175781250e+01 -7.567292213439941406e+00 -1.346172262560937360e-01 -1.491057744779196725e-01 9.796150623650371481e-01
-5.741239166259765625e+01 -1.035350036621093750e+01 -4.037920951843261719e+00 8.385717665141596833e-02 2.372910168248838075e-02 9.961952136290334048e-01
-3.828116607666015625e+01 2.248250007629394531e+01 -8.013537406921386719e+00 2.259331144232754399e-02 8.896242555542780567e-03 9.997051561067707981e-01
-6.020458602905273438e+01 2.308500051498413086e+00 -8.724639892578125000e+00 -2.863834712902115220e-01 -5.634548233676044821e-02 -9.564568437687119840e-01
4.358663558959960938e+01 5.492350006103515625e+01 7.717230796813964844e+00 -5.508745630234836987e-01 -7.526803446977652357e-01 3.605683215693513133e-01
4.364453506469726562e+01 -1.432498931884765625e+00 -7.765704154968261719e+00 -6.833182145263660620e-03 6.491855686656819446e-02 9.978671698157685066e-01
2.158511924743652344e+01 4.016249847412109375e+01 -1.442032909393310547e+01 5.987606763782284819e-02 9.661813372288396984e-02 -9.935188940126592483e-01
7.433944702148437500e+01 4.477499008178710938e+00 8.954540252685546875e+00 -8.723021410672285314e-02 -9.295668280340072531e-01 3.581848712127434498e-01
2.281749993562698364e-01 1.488050079345703125e+01 -8.861330032348632812e+00 4.227029540527757479e-02 1.529520858441435309e-02 9.989891284296891216e-01
-6.880395889282226562e+00 -7.067496776580810547e+00 -1.387087059020996094e+01 9.023188347040596302e-02 -1.119766375853650797e-01 -9.896056991754134113e-01
3.051521492004394531e+01 5.562049865722656250e+01 -1.012317657470703125e+01 1.506400435229361123e-01 3.034192698595173376e-01 -9.408742338725859522e-01
2.965090560913085938e+01 1.774950027465820312e+01 -8.033450126647949219e+00 1.525812156187751449e-02 -5.527552724140163964e-02 9.983545491530492200e-01
-2.309826850891113281e+01 5.229249572753906250e+01 -1.618636703491210938e+01 -3.195216060603086605e-01 9.095531356264361378e-01 2.657424255416487302e-01
7.524119853973388672e+00 5.488749694824218750e+01 -8.144225120544433594e+00 8.751924439969877706e-03 -1.636345647045498453e-01 9.864822010824877419e-01
-5.096985244750976562e+01 3.968450164794921875e+01 -3.509449005126953125e+00 6.876513445631171617e-01 -4.832050719009386430e-01 5.418934275387973232e-01
9.267979621887207031e+00 4.416550064086914062e+01 -1.448406696319580078e+01 1.399857000294532985e-02 1.082266395357720790e-01 -9.940276829810460457e-01
-6.780913543701171875e+01 1.626498937606811523e+00 4.277461051940917969e+00 9.153591545048832545e-01 -3.280369119853503157e-02 4.012998082579362635e-01
-5.959094619750976562e+01 4.210549926757812500e+01 4.489611148834228516e+00 -7.202253383283607757e-01 4.569308828799118483e-01 -5.220053929801707904e-01
4.849604415893554688e+01 3.476449966430664062e+01 -1.735234642028808594e+01 7.859508786029805183e-01 6.162257078675534849e-01 -5.046873672220684309e-02
-4.706404113769531250e+01 3.190449905395507812e+01 -1.195290184020996094e+01 -7.068341498022348013e-01 4.496606353948698898e-01 -5.460684917202546229e-01
-4.782493972778320312e+01 -1.158850097656250000e+01 -1.041008377075195312e+01 1.505192777218876121e-01 -7.835445916013298318e-01 -6.028281844824331381e-01
2.488507032394409180e+00 4.223149871826171875e+01 -9.005406379699707031e+00 1.397338573237083548e-02 2.836328602338964236e-02 9.995000092531914904e-01
-5.093626022338867188e+01 8.524499893188476562e+00 -6.509387016296386719e+00 1.317032307441374783e-01 -3.888296635671293668e-03 9.912815645218212568e-01
-7.155722045898437500e+01 -4.759499073028564453e+00 3.822750091552734375e+00 -9.226092434202177728e-01 -5.278606888461154223e-02 -3.821070725428706294e-01
2.806562042236328125e+01 6.610150146484375000e+01 1.216588306427001953e+01 -1.990214031432299968e-01 -8.826428653739235575e-01 4.258310149524218158e-01
-9.937596321105957031e+00 6.128949737548828125e+01 -7.513338088989257812e+00 4.678035207185457511e-02 -1.490857026131645058e-01 9.877170910419502681e-01
-1.466619205474853516e+01 1.866450119018554688e+01 -1.462806892395019531e+01 -4.354017025043639688e-02 -8.256922916225815923e-02 -9.956337559414674132e-01
-2.515875625610351562e+01 -5.257500171661376953e+00 -1.272503089904785156e+01 2.100667002541225237e-01 -6.596693636146311324e-01 -7.216012140736822733e-01
4.555067443847656250e+01 -5.136497020721435547e+00 -1.333652019500732422e+01 1.976662438985856973e-01 -4.792458653227513882e-02 -9.790971810952860954e-01
4.116904830932617188e+01 4.202550125122070312e+01 -1.373471164703369141e+01 6.885705764929339612e-01 7.251675858731730928e-01 1.591724556125788306e-03
1.479408836364746094e+01 7.012150573730468750e+01 1.825664043426513672e+00 1.870239246623872365e-01 8.182761929031875381e-01 -5.435495595911592481e-01
2.569051551818847656e+01 4.305049896240234375e+01 -8.327041625976562500e+00 -1.738432028467921248e-02 -5.627865183952401873e-02 9.982637420819036045e-01
4.859451675415039062e+01 4.959349822998046875e+01 -3.528969049453735352e+00 6.323241047937826487e-01 6.273159337823889237e-01 -4.545777664156825937e-01
-7.609959125518798828e+00 7.030850219726562500e+01 1.026074314117431641e+01 7.389104534180777895e-02 -9.174226021346595372e-01 3.909934558413544758e-01
6.115726852416992188e+01 3.818350219726562500e+01 1.192059516906738281e+01 -7.532861384148429318e-01 -4.816023294420910816e-01 4.479053359226764508e-01
-3.345216369628906250e+01 1.469501018524169922e+00 -6.439494132995605469e+00 3.630621484864818282e-02 7.680879415727015491e-02 9.963845983873244050e-01
-4.029878234863281250e+01 5.891650009155273438e+01 1.050142049789428711e+00 -5.414949831047407569e-01 7.431006781941391637e-01 -3.931724371567861809e-01
5.663055801391601562e+01 1.808950042724609375e+01 -1.440636920928955078e+01 9.558613820228021307e-01 2.292109755951754479e-01 1.838242286102853562e-01
-1.873756790161132812e+01 6.278049850463867188e+01 -2.966794013977050781e+00 2.943105272213997758e-01 -8.592656610670349471e-01 4.183824055546468412e-01
-5.752540969848632812e+01 3.138650131225585938e+01 -1.334334015846252441e+00 7.928420112670895303e-01 -4.418298741126218676e-01 4.197474330017766930e-01
-2.794282722473144531e+01 1.764749908447265625e+01 -1.414865398406982422e+01 -1.597754736040811196e-01 3.142042974801093763e-02 -9.866532088981629922e-01
3.387958526611328125e+01 3.095050048828125000e+01 -7.971107959747314453e+00 -2.367920622300781139e-02 -3.105111814232566422e-02 9.992372707494250328e-01
5.063304138183593750e+01 5.339450073242187500e+01 4.854997158050537109e+00 6.582134762792702931e-01 6.938782986216407433e-01 -2.920409668972758221e-01
-1.652709388732910156e+01 5.832150268554687500e+01 -7.431110858917236328e+00 2.689955411840669330e-02 -4.926021605069941245e-02 9.984236801593145971e-01
1.984235382080078125e+01 4.957550048828125000e+01 -8.098583221435546875e+00 -2.563738330959551212e-02 -1.379931295272839586e-01 9.901013184418567814e-01
2.187622833251953125e+01 3.698750305175781250e+01 -8.579652786254882812e+00 -5.075165981988297159e-02 8.658403181202525833e-02 9.949509909843303745e-01
-4.407011795043945312e+01 1.873049926757812500e+01 -1.295248889923095703e+01 -1.008164944798782964e-01 2.577944971940320656e-02 -9.945709901324054636e-01
-4.241395187377929688e+01 5.019250106811523438e+01 -8.895292282104492188e+00 -2.208314452538086836e-01 2.966365562392774824e-01 -9.291072200180213736e-01
-1.601000404357910156e+01 2.982150077819824219e+01 -1.458439922332763672e+01 -2.046238332675901286e-03 -6.769355090768545968e-02 -9.977040623723020252e-01
2.319499015808105469e+00 2.752449989318847656e+01 -8.365299224853515625e+00 7.956060707802616039e-03 7.286318537145938801e-02 9.973102111758097577e-01
5.475319290161132812e+01 -2.345500946044921875e+00 -6.858870983123779297e+00 -1.646320853763651171e-01 7.616257341406754144e-02 9.834101580091473283e-01
-3.321230316162109375e+01 3.480150222778320312e+01 -8.117895126342773438e+00 7.680645616024114886e-02 -5.717953338643890632e-02 9.954050779726885123e-01
-7.836430072784423828e-01 6.148149871826171875e+01 -7.572627067565917969e+00 2.608302659861055917e-02 -1.121889642236156559e-01 9.933445082295914164e-01
-5.633300018310546875e+01 -1.113850021362304688e+01 -1.568558883666992188e+01 -7.062650893166072530e-01 -1.783353174985255751e-01 -6.851176089879057463e-01
-2.886491394042968750e+01 4.879249954223632812e+01 -1.381440353393554688e+01 -5.013995110850522074e-01 8.643320327972012773e-01 3.909817597188417621e-02
2.387407493591308594e+01 6.317501068115234375e+00 -7.374978065490722656e+00 6.140201977593512730e-03 4.670520176565718697e-03 9.999702416376970993e-01
-6.294522094726562500e+01 2.760650062561035156e+01 -3.421158075332641602e+00 -8.942777386752008839e-01 3.100473986926343128e-01 -3.227041008011828360e-01
-1.130792140960693359e+01 4.168750000000000000e+01 -8.975275039672851562e+00 2.399398557466198706e-02 -4.424842787218022377e-02 9.987323792123110611e-01
-4.459188461303710938e+01 2.920750045776367188e+01 -1.820363426208496094e+01 6.209894972572999744e-02 -8.977099817330365383e-02 -9.940245914110626968e-01
6.795802307128906250e+01 3.627750396728515625e+01 1.390566730499267578e+01 8.335661306668841197e-01 5.008678426917632098e-01 -2.330212650432108845e-01
6.518212127685546875e+01 3.108350181579589844e+01 1.653697013854980469e+00 7.622177500251287041e-01 3.121986971615415829e-01 -5.670591459779714683e-01
4.271015548706054688e+01 1.461849975585937500e+01 -8.007435798645019531e+00 -4.842704828476034062e-02 6.352101020959430300e-02 9.968048466256462792e-01
-3.418080139160156250e+01 5.602649688720703125e+01 -2.944334983825683594e+00 3.984190709603769309e-01 -8.117108747135246549e-01 4.270687295586917953e-01
4.850243759155273438e+01 5.565500259399414062e+00 -7.916212081909179688e+00 -3.857073739723377529e-03 -3.738831537192384511e-03 9.999855719563672807e-01
2.029889678955078125e+01 2.264850044250488281e+01 -1.523519897460937500e+01 8.490425375671921751e-03 4.114739014016068064e-02 -9.991170126474643309e-01
5.112680435180664062e+01 5.297050094604492188e+01 1.555099773406982422e+01 -5.934206199963156791e-01 -7.022294412221854465e-01 3.933519793314448343e-01
-4.370945358276367188e+01 9.676500320434570312e+00 -7.425741195678710938e+00 6.887022309093629620e-03 7.871832986361090856e-02 9.968731080068304884e-01
-2.369944953918457031e+01 4.373249816894531250e+01 -8.168398857116699219e+00 8.913360659532891528e-02 -5.766806634765810069e-02 9.943488292842865839e-01
4.488416671752929688e+01 6.161650085449218750e+01 1.220815753936767578e+01 5.110694757572866731e-01 7.776120908883615845e-01 -3.662341150867878814e-01
6.060655212402343750e+01 1.177650070190429688e+01 -5.641094207763671875e+00 -3.563897847054737222e-01 -4.334358770178407122e-02 9.333314817162891019e-01
-6.480614471435546875e+01 2.465250015258789062e+01 7.497159004211425781e+00 8.744146852443464013e-01 -3.172726840847932550e-01 3.670653922159670124e-01
-5.516179275512695312e+01 1.775449943542480469e+01 -1.617571830749511719e+01 -9.514782006401647507e-01 2.832752385793679828e-01 1.201847449319436989e-01
-5.730752182006835938e+01 2.020349884033203125e+01 -4.810092926025390625e+00 1.706930487105296768e-01 -2.964825328299875232e-02 9.848780961109714349e-01
-2.931752204895019531e+01 4.133549880981445312e+01 -1.438941669464111328e+01 6.428998734640658519e-01 -7.152042282454569300e-01 -2.741581014664868365e-01
5.167758560180664062e+01 3.767850112915039062e+01 -5.421576976776123047e+00 -4.073128008685729662e-01 -5.326485192999391716e-01 7.418772385888251497e-01
-1.469618511199951172e+01 6.737450408935546875e+01 5.693316936492919922e+00 1.912196676934317940e-01 -9.265676285459047978e-01 3.238942241195909011e-01
6.115303039550781250e+01 4.696249771118164062e+01 1.456863880157470703e+01 8.095859605027780903e-01 5.749504189811293076e-01 -1.183325325944566825e-01
-1.636524772644042969e+01 4.583499908447265625e+00 -1.419513511657714844e+01 -1.034928233462409364e-01 -3.961023875989461845e-02 -9.938411666364037611e-01
-5.862799167633056641e+00 4.807749938964843750e+01 -1.395672893524169922e+01 -6.935510211718776824e-03 5.781670038078443735e-02 -9.983031242339082123e-01
3.375162506103515625e+01 -6.361499786376953125e+00 -8.088313102722167969e+00 1.257041026308338694e-01 -8.153867355164240438e-01 5.651043710020706712e-01
6.697528839111328125e+01 2.397949981689453125e+01 1.167349964380264282e-01 8.549323084489940383e-01 3.076868066646179511e-01 -4.176356988747541577e-01
-5.399317932128906250e+01 5.311149978637695312e+01 1.793204879760742188e+01 -4.264445762084784763e-01 4.590768467700402922e-01 7.793545227828271305e-01
1.974064826965332031e+01 6.624650573730468750e+01 5.704838752746582031e+00 -2.120630029028997277e-01 -8.918274058492507983e-01 3.995912423664967905e-01
1.008325195312500000e+01 3.180050086975097656e+01 -1.520336627960205078e+01 2.116110421038547643e-02 7.810527766252717274e-02 -9.967205091046620336e-01
-5.348984909057617188e+01 4.820149993896484375e+01 1.356541156768798828e+01 6.810649923374394454e-01 -6.182433178242114913e-01 3.923336286607541079e-01
2.338165473937988281e+01 3.027249908447265625e+01 -8.118652343750000000e+00 -5.866408184343714638e-02 -4.571609636676683512e-03 9.982673118392669798e-01
3.209753417968750000e+01 4.274050140380859375e+01 -7.696304798126220703e+00 -7.827335397473242362e-02 -9.981067189764362968e-02 9.919229364385557801e-01
-4.733860397338867188e+01 5.932250213623046875e+01 1.756944847106933594e+01 -5.238248827956591969e-01 6.497749238069118194e-01 5.508176109710326562e-01
-7.213758850097656250e+01 -9.847499847412109375e+00 1.620021438598632812e+01 9.033084672527330605e-01 2.036330771478974400e-01 3.775809620211227347e-01
5.550128173828125000e+01 1.551049995422363281e+01 -6.973698139190673828e+00 -8.239849628644525803e-02 4.554407199626957226e-02 9.955582480777963594e-01
1.571932029724121094e+01 6.345449829101562500e+01 -2.889056921005249023e+00 -2.115022437895489049e-01 -9.068511249001206531e-01 3.645378418482394522e-01
-2.761649131774902344e+01 6.123350143432617188e+01 6.945660114288330078e-01 2.981620417967190684e-01 -8.475630980501410727e-01 4.390173022276668280e-01
-6.989789009094238281e+00 -9.815009832382202148e-01 -7.200820922851562500e+00 -3.257945409386151653e-02 4.560593842170933276e-02 9.984281033462656385e-01
-5.633491897583007812e+01 6.942499160766601562e+00 -1.096842384338378906e+01 -9.624696758055553136e-01 1.865371921044198800e-01 -1.971192510044312840e-01
7.068625640869140625e+01 2.908749961853027344e+01 1.191850090026855469e+01 8.664231829179821487e-01 3.722504947665337682e-01 -3.327768580420576439e-01
2.443177223205566406e+01 1.977500915527343750e+00 -1.477370452880859375e+01 3.683265476405279959e-02 -7.704885201663166927e-03 -9.992917443304839553e-01
-6.475402832031250000e+01 9.642499923706054688e+00 -1.449357032775878906e+00 8.829905001940399067e-01 -1.117438790548227617e-01 4.558959114324896422e-01
-2.343708229064941406e+01 -5.724999904632568359e-01 -7.107111930847167969e+00 1.628286239456155915e-02 8.082054676160159434e-02 9.965956590380049551e-01
4.599611282348632812e+01 2.376049995422363281e+01 -1.401574993133544922e+01 -6.873058575465685882e-01 -2.817700022903796286e-01 -6.694895996141057015e-01
-3.484611892700195312e+01 7.039501190185546875e+00 -1.331161212921142578e+01 -4.749441732745299932e-02 -7.110542968853246493e-02 -9.963374419299592111e-01
-9.795612335205078125e+00 4.817150115966796875e+01 -8.697672843933105469e+00 5.676860517630552549e-02 -2.683782987839884379e-02 9.980265809855741743e-01
-6.832143402099609375e+01 -9.076499938964843750e+00 7.190826892852783203e+00 8.922074548270019223e-01 1.379945084120215160e-01 4.300271772798178738e-01
1.611688804626464844e+01 1.131150054931640625e+01 -1.531251430511474609e+01 5.368495316535149692e-02 4.381499577525799216e-02 -9.975961968396072077e-01
9.165784835815429688e+00 7.143949890136718750e+01 1.347365570068359375e+01 -6.910132580365192789e-02 -9.288070616493910858e-01 3.640637979838176053e-01
-4.287865161895751953e+00 9.303501129150390625e+00 -1.498697376251220703e+01 -4.855583792896894790e-02 3.068907168349865357e-03 -9.988157549877794139e-01
-4.268861007690429688e+01 -5.273499011993408203e+00 -6.179749011993408203e+00 -1.303172950129210528e-01 8.649356058363895372e-02 9.876923947252401748e-01
-6.510144805908203125e+01 3.361750030517578125e+01 5.319067955017089844e+00 -7.952786097567825507e-01 3.608333577036986206e-01 -4.871665226917728519e-01
-2.797021484375000000e+01 2.696350097656250000e+01 -8.123950004577636719e+00 1.478286870822893145e-02 9.356738671296356558e-02 9.955031948399070130e-01
5.136883163452148438e+01 -2.783501148223876953e+00 -1.290328121185302734e+01 -1.669011773354970030e-01 -3.681687510498197341e-02 -9.852860065542029533e-01
6.642016601562500000e+01 1.438950061798095703e+01 -7.250611782073974609e+00 7.558598773844005247e-01 1.512551555296286487e-01 -6.370225456654945440e-01
-4.679853439331054688e+01 3.409749984741210938e+01 -6.040252208709716797e+00 2.091003974360698403e-01 1.002486532237876517e-02 9.778427920005064999e-01
-3.608168411254882812e+01 2.617650032043457031e+01 -1.374967479705810547e+01 -9.570323278004783107e-02 3.027502897299690424e-02 -9.949494026613273645e-01
2.540620613098144531e+01 6.784749603271484375e+01 2.954415082931518555e+00 3.508451186813293932e-01 7.772204597043670393e-01 -5.223371130930830608e-01
-5.104882049560546875e+01 -1.867500066757202148e+00 -1.132096290588378906e+01 4.706310394353780957e-01 1.377204304292463898e-02 -8.822226224431106711e-01
-3.965211486816406250e+01 9.885010123252868652e-01 -6.649689197540283203e+00 2.657124364765900068e-03 3.486667297165948337e-02 9.993884404004268474e-01
-4.282712554931640625e+01 5.772450256347656250e+01 1.314760780334472656e+01 5.570975189965983176e-01 -7.131977039324050027e-01 4.254308280242283247e-01
7.578420257568359375e+01 1.178350067138671875e+01 1.253100013732910156e+01 9.103608107783606185e-01 1.265071368874201296e-01 -3.940039828675765410e-01
6.188488960266113281e+00 5.767050170898437500e+01 -1.765664863586425781e+01 7.634554718028167819e-02 9.970368973645963306e-01 9.422458242027484734e-03
-7.295332336425781250e+01 4.613501071929931641e+00 6.076010227203369141e+00 -8.681766824719612252e-01 4.167785305516557431e-02 -4.945019763122200929e-01
-6.493713378906250000e+01 -1.305500030517578125e+00 -6.635649204254150391e+00 -4.368179342642241059e-01 -9.224788850250153569e-06 -8.995499387027043880e-01
-3.469132614135742188e+01 6.458349609375000000e+01 5.534460067749023438e+00 -4.615897827667950759e-01 8.686845094348929486e-01 -1.797834684089791024e-01
-4.219892883300781250e+01 5.267449951171875000e+01 1.502292990684509277e+00 5.642307620593132178e-01 -6.609862335665785960e-01 4.947128926775965496e-01
-4.944872665405273438e+01 4.754949951171875000e+01 4.170625209808349609e+00 7.150203739297699146e-01 -6.320071417015985515e-01 2.988525350461455621e-01
4.242527961730957031e+00 7.164849853515625000e+01 2.115034103393554688e+00 7.520673981660104535e-02 8.390619365024394316e-01 -5.388125954345669433e-01
-7.288522338867187500e+01 -4.224990010261535645e-01 1.571662235260009766e+01 9.272145160410136810e-01 -6.891960559462967373e-02 3.681349334245658245e-01
-1.518586254119873047e+01 7.280549621582031250e+01 8.668793678283691406e+00 -1.771364088409335125e-01 8.989461327467483942e-01 -4.006476545327615768e-01
3.076779556274414062e+01 5.710950088500976562e+01 -4.103685855865478516e+00 -4.298366495498384121e-01 -7.784814122938797931e-01 4.573916761558913247e-01
3.034518241882324219e+01 4.461949920654296875e+01 -1.874356269836425781e+01 -1.369909780896736429e-01 -1.883575108940166165e-01 -9.724993162012224301e-01
5.999558639526367188e+01 -1.780499935150146484e+00 -1.576860046386718750e+01 9.810038597502844793e-01 4.910047204322796205e-02 1.876714437525757728e-01
-2.376187896728515625e+01 1.296850013732910156e+01 -1.417694854736328125e+01 -8.143768586803214193e-02 -3.840221274235665339e-02 -9.959383381399424806e-01
-4.577748489379882812e+01 3.785950088500976562e+01 -1.095299339294433594e+01 -1.651160881691989823e-01 3.629304346360497091e-02 -9.856061548224270830e-01
-2.632378005981445312e+01 5.783750152587890625e+01 -6.704218864440917969e+00 2.783402177489314733e-01 -4.228800013029972438e-01 8.623799787109244219e-01
-5.417622756958007812e+01 4.022150039672851562e+01 2.098539113998413086e+00 6.634045819780587383e-01 -5.014029102447169484e-01 5.554182948090975458e-01
-1.676172828674316406e+01 5.447750091552734375e+01 -1.314587116241455078e+01 -3.427040612945116416e-01 9.173952943562962981e-01 -2.023358600574108046e-01
-5.095190811157226562e+01 1.333150100708007812e+01 -1.713385772705078125e+01 1.895045143288225653e-01 -1.504591918221938052e-01 -9.702835001406596716e-01
-6.968669891357421875e+01 -1.579249954223632812e+01 4.715012073516845703e+00 -4.958840640377931153e-01 -8.558453860966436233e-01 -1.470634901341894285e-01
1.516488265991210938e+01 3.797949981689453125e+01 -8.642602920532226562e+00 1.174925129242539862e-02 2.960401501953812131e-01 9.551032324133155171e-01
3.982600402832031250e+01 -6.346499919891357422e+00 -7.695189952850341797e+00 1.113090989196939551e-02 -5.931143356763101115e-01 8.050412956241599360e-01
-2.157584762573242188e+01 6.564749145507812500e+01 5.818027973175048828e+00 3.264660420955058928e-01 -8.785893351573056398e-01 3.485695102936272605e-01
3.549248886108398438e+01 5.837349700927734375e+01 3.672155857086181641e+00 -4.815684555132548894e-01 -8.007809835184406255e-01 3.561483386031966125e-01
2.202394104003906250e+01 5.917050170898437500e+01 -1.035984420776367188e+01 8.107393257888080573e-02 2.987255953108646778e-01 -9.508890766868470790e-01
1.533404922485351562e+01 5.571649932861328125e+01 -1.358639240264892578e+01 1.259190272363707175e-01 9.908454618787991830e-01 -4.867924870039808810e-02
3.727713394165039062e+01 1.724950027465820312e+01 -1.426660346984863281e+01 1.073279501601903108e-01 -1.991357433379679562e-02 -9.940242253947657591e-01
-5.106096649169921875e+01 -1.193550109863281250e+01 -5.218269824981689453e+00 2.850673138053889111e-01 -5.370011892648205443e-01 7.939561381637831872e-01
2.408185005187988281e+00 7.137550354003906250e+01 1.207139015197753906e+01 -5.058716099961177784e-03 -9.291182580059985652e-01 3.697481197130268460e-01
-1.952078819274902344e+01 3.478250122070312500e+01 -8.390636444091796875e+00 3.953814017697021739e-03 -5.349024243047133947e-02 9.985605446438603483e-01
6.120386505126953125e+01 4.650501251220703125e+00 -6.042614936828613281e+00 -1.913354739716978947e-01 -2.460798458362252819e-02 9.812161757200896783e-01
-3.696389770507812500e+01 5.361350250244140625e+01 -9.256911277770996094e+00 -1.812466029322174210e-01 3.660923628356881898e-01 -9.127573887944779862e-01
5.689995574951171875e+01 3.033449935913085938e+01 -4.821197032928466797e+00 -5.563696722813553652e-01 -5.407711612012437996e-01 6.308877388082571036e-01
1.591056632995605469e+01 4.279949951171875000e+01 -1.439590930938720703e+01 7.200831190413406468e-02 1.977173995839938969e-01 -9.776106755342128807e-01
1.393164253234863281e+01 5.057350158691406250e+01 -8.302739143371582031e+00 -4.534025782465972432e-02 -1.567232107673649788e-01 9.866012853362605695e-01
-2.127675819396972656e+01 6.246749877929687500e+01 -9.159250259399414062e+00 -1.039186507892989192e-01 4.468664883958674006e-01 -8.885444589703308527e-01
-6.422359466552734375e+01 -1.444449996948242188e+01 5.935040116310119629e-01 8.374388773310895706e-01 -8.035752747138809327e-02 5.405911528254319087e-01
1.057967948913574219e+01 5.066750335693359375e+01 -1.821982765197753906e+01 -1.366913878537031335e-01 -7.599980058584377973e-01 -6.353884603750892257e-01
5.731060981750488281e+00 -9.229499816894531250e+00 -1.404903221130371094e+01 2.112248855877917886e-01 -9.768648671572204290e-01 -3.345263849579582088e-02
5.230760574340820312e+01 4.653649902343750000e+01 7.154463768005371094e+00 -6.902436402687426309e-01 -6.307831982247608105e-01 3.545084962393662553e-01
2.585757446289062500e+01 -7.684502124786376953e+00 -1.431440258026123047e+01 5.129635358502183939e-02 -2.396303079291062788e-01 -9.695081225191887198e-01
3.231312179565429688e+01 6.779250335693359375e+01 1.748716163635253906e+01 -5.308387136000176226e-02 -3.181704737208955192e-01 9.465461701648026915e-01
-5.301592254638671875e+01 3.040550041198730469e+01 -1.009966659545898438e+01 -2.755758177707473555e-01 8.228580286061466798e-02 -9.577510194761307272e-01
-1.117571353912353516e+01 5.000249862670898438e+01 -1.829819869995117188e+01 2.433473919533174767e-01 -8.527185920209595649e-01 -4.622261888419033071e-01
-2.112233161926269531e+01 1.808550071716308594e+01 -7.680274009704589844e+00 3.332161661034242078e-02 1.341289018137110586e-02 9.993546738988394740e-01
3.735285568237304688e+01 -2.521500110626220703e+00 -1.412976360321044922e+01 5.880262327403749933e-02 -8.676724540302403754e-02 -9.944916775022619726e-01
1.604345321655273438e+01 7.375849914550781250e+01 1.161757087707519531e+01 2.322285083622001034e-01 9.297934916989171183e-01 -2.855765793936942964e-01
-2.846840667724609375e+01 1.059549903869628906e+01 -7.114338874816894531e+00 2.242020854526709933e-02 8.028427984193808875e-02 9.965198285328035199e-01
-5.600284957885742188e+01 2.605450057983398438e+01 -4.757112979888916016e+00 1.372071638484449185e-01 -3.306215874159944279e-02 9.899904483620088902e-01
-3.873847198486328125e+01 -4.294501781463623047e+00 -1.223078155517578125e+01 -7.113431832442031200e-02 -1.578984010798934468e-01 -9.848898434306919691e-01
1.313555717468261719e+01 4.474750137329101562e+01 -8.864665985107421875e+00 -7.928274251771848247e-02 7.090384442718014948e-03 9.968269524783744950e-01
-2.242036819458007812e+01 7.232150268554687500e+01 1.296545505523681641e+01 -3.074965087977960532e-01 9.186840112360044053e-01 -2.479225374517041725e-01
4.738936614990234375e+01 4.514649963378906250e+01 -9.255355834960937500e+00 2.633431100878467213e-01 2.484567575166440057e-01 -9.321585948826388579e-01
3.657718658447265625e+01 1.148550033569335938e+01 -7.733700752258300781e+00 -2.563531031747259825e-02 -1.653490004982520467e-02 9.995346056766964971e-01
5.681491851806640625e+00 3.522949981689453125e+01 -8.809276580810546875e+00 9.084984435036920492e-03 -1.621865115707411126e-02 9.998271942753208519e-01
-6.553672027587890625e+01 3.614500045776367188e+00 -9.175959825515747070e-01 8.949142570239418948e-01 -6.281775887553379956e-02 4.417945243494325047e-01
-1.723693656921386719e+01 2.405550003051757812e+01 -1.467264080047607422e+01 -3.004322251993919030e-02 -4.002800199997864905e-02 -9.987467966589465007e-01
-5.299901199340820312e+01 3.324850082397460938e+01 -4.896864891052246094e+00 1.799796376696461697e-01 -1.231306507295044650e-01 9.759334879361563075e-01
-3.915611028671264648e+00 -9.184497833251953125e+00 -9.158901214599609375e+00 -1.298311322417052549e-01 -9.914249053852132176e-01 -1.485038998672747607e-02
-4.512707901000976562e+01 4.116349792480468750e+01 -5.884140014648437500e+00 1.703487855099366788e-01 -1.410562760678400231e-02 9.852828642299167328e-01
-6.809512329101562500e+01 1.700550079345703125e+01 9.344045639038085938e+00 9.080486003918302185e-01 -2.050055615861496316e-01 3.652676539815505330e-01
-3.219820404052734375e+01 2.243850135803222656e+01 -7.873514175415039062e+00 -1.881208128855740846e-02 6.560573525767959824e-02 9.976682780859037480e-01
6.674813842773437500e+01 2.018501043319702148e+00 -7.880339145660400391e+00 5.482634043252365696e-01 -2.583527408918921339e-02 -8.359065606217231936e-01
-5.748439407348632812e+01 -5.426502227783203125e+00 -1.543775463104248047e+01 -9.052772516310345630e-01 -1.090556217981773811e-03 -4.248198540163769521e-01
-1.868385505676269531e+01 3.516049957275390625e+01 -1.424199485778808594e+01 -4.736955645948778132e-02 -4.065160334826146971e-02 -9.980498846581001837e-01
5.038271331787109375e+01 1.373649978637695312e+01 -1.409658622741699219e+01 -7.403703976009990972e-01 -1.202327601910410243e-01 -6.613590233246857686e-01
-2.746275329589843750e+01 5.404150009155273438e+01 -1.094930648803710938e+01 -1.703185160494489203e-01 2.975093281995699890e-01 -9.394039614164686469e-01
-3.691587066650390625e+01 4.285149765014648438e+01 -1.369819736480712891e+01 -7.239190498272940477e-01 6.775117352357399314e-01 1.300732790199607136e-01
3.993393707275390625e+01 6.482250213623046875e+01 1.229309558868408203e+01 4.850441251739625592e-01 8.279653208268533682e-01 -2.814349376717666384e-01
-5.834199523925781250e+01 3.945249938964843750e+01 9.532473564147949219e+00 7.315651850120692412e-01 -5.756662582651307369e-01 3.652680374372783145e-01
5.129005813598632812e+01 3.453250122070312500e+01 -1.036199569702148438e+01 2.091382120893197361e-01 1.405869430231421469e-01 -9.677275028103161647e-01
2.147086334228515625e+01 6.105549621582031250e+01 -4.773497104644775391e+00 -3.601025864559302958e-01 -8.692369676050547556e-01 3.387524485173769584e-01
2.077058219909667969e+01 4.590349960327148438e+01 -1.403816986083984375e+01 -1.002590682493003510e-01 -6.336011243700411244e-01 -7.671360599207951436e-01
6.424450874328613281e+00 6.508249664306640625e+01 -3.367059946060180664e+00 -1.315151431596349174e-01 -9.060119907319837962e-01 4.023009318527219214e-01
2.790995216369628906e+01 3.513249969482421875e+01 -1.449487590789794922e+01 4.044930887485122251e-02 1.187434603207594142e-01 -9.921007227306102294e-01
-8.596178054809570312e+00 4.117649841308593750e+01 -1.454421997070312500e+01 -4.192950015969051925e-02 4.152925656001028865e-02 -9.982571000829051355e-01
-4.648485946655273438e+01 1.472850036621093750e+01 -7.427704811096191406e+00 2.209394123685664568e-01 2.823391488113528164e-02 9.748787730342257651e-01
3.631179428100585938e+01 5.110649871826171875e+01 -6.747599124908447266e+00 -1.669822713878059139e-01 -2.740394166424952038e-01 9.471110384576931773e-01
-6.289888381958007812e+01 3.242449951171875000e+01 1.058557987213134766e+01 8.469944172880836675e-01 -4.271389808140499400e-01 3.164691898936675685e-01
1.668693351745605469e+01 2.639450073242187500e+01 -8.243521690368652344e+00 -2.098601875496971267e-04 -1.524197384274926861e-02 9.998838123462537864e-01
-4.487975120544433594e+00 7.306550598144531250e+01 5.514350891113281250e+00 -2.481611109343336008e-02 9.689322798291263306e-01 -2.460780318015611534e-01
-3.484799861907958984e-01 -3.627499103546142578e+00 -1.424263572692871094e+01 -7.527515956887491366e-02 1.103442567855898856e-03 -9.971621897998238504e-01
-6.633005523681640625e+01 -5.776501178741455078e+00 1.608175992965698242e+00 8.726287707499685853e-01 1.755051475357408686e-01 4.557597740563077426e-01
5.381239318847656250e+01 2.476549911499023438e+01 -1.174425411224365234e+01 9.515135843296037566e-01 2.711020306223071441e-01 1.453464407155939109e-01
6.266592788696289062e+01 1.752149963378906250e+01 -4.042532920837402344e+00 -8.890216974870885913e-01 -1.166776472951079613e-01 4.427490802010254911e-01
5.787608337402343750e+01 2.069749832153320312e+01 -6.554687976837158203e+00 -1.578181455351056195e-01 1.509313901054048883e-02 9.873528397157060876e-01
2.303107833862304688e+01 -3.019496917724609375e+00 -7.340554237365722656e+00 -1.079046553305108569e-01 -1.491036082915193732e-02 9.940494285989747159e-01
-5.626047515869140625e+01 5.870501041412353516e+00 -1.714814567565917969e+01 -7.046898985870692078e-02 -5.870447751916951784e-02 -9.957850700766178731e-01
-3.060444259643554688e+01 6.133150100708007812e+01 -4.764130115509033203e+00 -4.106713350645146976e-01 8.452172148035159704e-01 -3.419896407146221229e-01
-2.977643203735351562e+01 6.654249572753906250e+01 1.555074310302734375e+01 3.287526128468504227e-01 -8.362734673490990200e-01 4.388261698603267424e-01
-1.524887466430664062e+01 6.737849426269531250e+01 -3.372546911239624023e+00 -2.283373415887365032e-01 8.533246471682959244e-01 -4.687207110543461508e-01
1.105336475372314453e+01 7.239450073242187500e+01 5.487574100494384766e+00 1.540983801071335035e-01 9.417382085944516756e-01 -2.989696234095871041e-01
-5.320520401000976562e+01 2.308549880981445312e+01 -1.597597789764404297e+01 -9.043971542334867664e-01 1.917216677869541808e-01 3.811936378211989718e-01
-7.868989706039428711e-01 3.384550094604492188e+01 -1.509435081481933594e+01 2.263353066232048905e-02 6.578184884403433241e-02 -9.975773010912077909e-01
-7.367298889160156250e+01 -1.402550125122070312e+01 1.231635570526123047e+01 -8.101087594003264503e-01 -1.651762084178302892e-01 -5.625305486065385052e-01
4.946778869628906250e+01 -2.014999985694885254e-01 -7.724243164062500000e+00 -6.580252824531791778e-02 5.562370223950070108e-02 9.962811004057517961e-01
5.554273605346679688e+01 9.934999942779541016e-01 -1.793499946594238281e+01 -1.571774323472384105e-01 1.074654217689117487e-02 -9.875119070633880947e-01
-3.556861877441406250e+01 5.875250244140625000e+01 4.400918006896972656e+00 4.729481973701181174e-01 -8.484237786522541569e-01 2.376911744718063213e-01
-5.394942092895507812e+01 -3.532500982284545898e+00 -5.339005947113037109e+00 7.387473938243029059e-02 1.095121039427058157e-01 9.912364107372266808e-01
-7.198594665527343750e+01 2.459849929809570312e+01 1.870505523681640625e+01 -5.646598085238799802e-01 1.911072015365532506e-01 8.028931050635835787e-01
-6.854743957519531250e+01 8.716499328613281250e+00 6.418191909790039062e+00 9.421975993113841374e-01 -6.327484538572436534e-02 3.290288403670368345e-01
6.902482032775878906e+00 9.383501052856445312e+00 -1.556068038940429688e+01 2.646674254276557697e-02 -6.767872361001704695e-02 -9.973560557342066035e-01
-8.990147590637207031e+00 1.496500015258789062e+00 -1.431270503997802734e+01 -1.221151010094818565e-02 -5.719593139068605142e-02 -9.982882872464278190e-01
-3.231259918212890625e+01 4.603250122070312500e+01 -7.240106105804443359e+00 1.172960152330558836e-01 -5.596496927718772052e-02 9.915188182905305680e-01
5.818153381347656250e+01 3.763450241088867188e+01 4.961572170257568359e+00 -7.883218603246973100e-01 -4.849983655989106857e-01 3.785831875567031712e-01
-4.950832748413085938e+01 4.952249908447265625e+01 -1.715480089187622070e+00 -5.684757143480433372e-01 6.542252165845503509e-01 -4.988233436612402594e-01
9.317305564880371094e+00 1.150501012802124023e+00 -1.505741500854492188e+01 6.582681698396914034e-03 -4.013216058727227947e-02 -9.991726967788175928e-01
5.112847518920898438e+01 4.338150024414062500e+01 -4.860399961471557617e-01 -7.483758375237066218e-01 -4.836475365374230950e-01 4.538927915399988966e-01
-6.228328323364257812e+01 3.386450195312500000e+01 3.512130081653594971e-01 -7.754213677608475797e-01 3.887384739298590519e-01 -4.975983333036601008e-01
-7.105224609375000000e+01 2.750849914550781250e+01 1.370704078674316406e+01 -8.723674336100999405e-01 2.963451988740982146e-01 -3.887860386906902832e-01
3.311141967773437500e+01 2.564650154113769531e+01 -1.472488594055175781e+01 8.471516583231301911e-02 7.717109839228868118e-02 -9.934122821119795166e-01
-1.765632057189941406e+01 1.030050086975097656e+01 -8.024428367614746094e+00 -6.863556342229921959e-04 1.381196241945976608e-02 9.999043747329374732e-01
1.210570144653320312e+01 2.220450019836425781e+01 -1.540083122253417969e+01 2.438321762261935408e-02 -3.116897011974163051e-02 -9.992166701972313714e-01
-2.483865022659301758e+00 6.516250610351562500e+01 -3.592019081115722656e+00 2.014662784232154960e-02 -9.472062945331370942e-01 3.199911701647198958e-01
-3.960475158691406250e+01 4.584049987792968750e+01 -6.534080982208251953e+00 9.438528827503869789e-02 -6.506561255874837579e-02 9.934072092649582908e-01
-4.722793960571289062e+01 5.130850219726562500e+01 7.668638229370117188e+00 6.153303269058492120e-01 -6.785349414884083163e-01 4.011968618636778672e-01
3.659443664550781250e+01 4.962502002716064453e+00 -7.684210777282714844e+00 -6.533366135490674409e-02 1.073570535539368487e-02 9.978057212325877057e-01
-1.078438949584960938e+01 6.685150146484375000e+01 -7.180049896240234375e+00 -1.434813982068716409e-01 9.521138434660679772e-01 -2.699857726786226153e-01
9.839569926261901855e-01 7.357449340820312500e+01 6.614233970642089844e+00 -7.658435058180404834e-03 9.504044985554350733e-01 -3.109222370594482143e-01
4.098644638061523438e+01 1.264849853515625000e+01 -1.399888324737548828e+01 1.397223613447921009e-01 1.878560830817486635e-02 -9.900125063153127902e-01
4.616412353515625000e+01 5.616550064086914062e+01 2.774671077728271484e+00 5.630938429433185455e-01 7.121043562779791891e-01 -4.193241106939238350e-01
5.901844024658203125e+01 9.692499160766601562e+00 -1.742169380187988281e+01 9.462579638270082194e-01 1.618243442077650640e-01 -2.800156201280405432e-01
-1.254625988006591797e+01 1.208850097656250000e+01 -1.473029708862304688e+01 -4.104521844017322563e-02 6.015848918167254538e-04 -9.991571088366516529e-01
6.189160156250000000e+01 -4.018500804901123047e+00 -5.870613098144531250e+00 -8.752105648003785654e-02 1.144578196170917411e-01 9.895652945617682272e-01
1.701206779479980469e+01 3.250550079345703125e+01 -1.503261947631835938e+01 5.961547344123974135e-02 5.056658297634469834e-02 -9.969398256727802776e-01
4.934641647338867188e+01 2.481750106811523438e+01 -1.839801406860351562e+01 -1.548279778188501599e-01 -1.147888994410766889e-01 -9.812501239998047131e-01
-7.508505249023437500e+01 -3.463500976562500000e+00 1.156697273254394531e+01 -8.904884708502840418e-01 -5.077763616760257864e-02 -4.521635931252685481e-01
-2.006834411621093750e+01 4.807049942016601562e+01 -1.870891952514648438e+01 6.208169298534180897e-02 -2.539339727877846231e-01 -9.652271239766764266e-01
4.829507064819335938e+01 1.772949981689453125e+01 -7.774790763854980469e+00 -1.705266639557755648e-01 -4.977270258225431621e-02 9.840951859234819965e-01
6.228514099121093750e+01 4.339649963378906250e+01 1.052092456817626953e+01 7.299985634372829768e-01 5.927786525556621999e-01 -3.401699082132292329e-01
-1.133592009544372559e+00 5.096749877929687500e+01 -1.661353302001953125e+01 1.340594197638552421e-01 -9.581443932456646939e-01 -2.529572961281716381e-01
6.061407852172851562e+01 3.255250167846679688e+01 4.380105018615722656e+00 -8.391898411327460838e-01 -4.089309824047959174e-01 3.585189843914057262e-01
-1.292666912078857422e+01 2.580249786376953125e+01 -8.113271713256835938e+00 5.974311150284688371e-02 1.454685942738014048e-02 9.981077845146577587e-01
3.139207458496093750e+01 6.734149932861328125e+01 7.690713882446289062e+00 3.357252750611219860e-01 8.566445867295486849e-01 -3.917251481741942931e-01
-2.393588256835937500e+01 6.640449523925781250e+01 -3.249340057373046875e-01 -3.320337620379363863e-01 8.705879960642775028e-01 -3.630841802884290370e-01
-1.682190132141113281e+01 4.068550109863281250e+01 -1.419652366638183594e+01 -7.005479776466047581e-02 -7.032190048106343183e-02 -9.950613828417239626e-01
-7.154667663574218750e+01 1.365850067138671875e+01 1.556586647033691406e+01 9.144833886440703052e-01 -1.549871173091651733e-01 3.737634617806472881e-01
-2.294951248168945312e+01 5.271750259399414062e+01 -7.481037139892578125e+00 5.782982521041864915e-02 -2.068292127216088058e-02 9.981121821137050043e-01
-6.534779357910156250e+01 1.997949981689453125e+01 4.439013004302978516e+00 8.418814871259963084e-01 -3.108786797159616699e-01 4.411235746733351837e-01
4.316053390502929688e+01 6.032150268554687500e+01 6.944530010223388672e+00 5.291851245485775790e-01 7.604820195265300509e-01 -3.763378826710869207e-01
-1.398215770721435547e+01 3.677849960327148438e+01 -8.569540977478027344e+00 3.793292423247216633e-02 -5.831756414538149386e-02 9.975771423661043968e-01
-2.966750335693359375e+01 6.253649902343750000e+01 5.986937999725341797e+00 4.176235341820483948e-01 -8.389902527177446334e-01 3.488351179882986375e-01
7.115413665771484375e+01 2.212450027465820312e+01 6.937321186065673828e+00 8.733762205802920731e-01 2.615910461174995039e-01 -4.108334235624425124e-01
-5.954027938842773438e+01 1.458850002288818359e+01 -4.604668140411376953e+00 2.129431824785978089e-01 2.865510161361480707e-02 9.766442987021426436e-01
-5.686650085449218750e+01 3.634650039672851562e+01 -7.128863811492919922e+00 -6.175184518642752307e-01 3.975379206550301303e-01 -6.787006433240090342e-01
-7.249829864501953125e+01 6.425500869750976562e+00 1.547577762603759766e+01 9.036089920171951340e-01 -1.178235590081322219e-02 4.281961765769224382e-01
4.903816986083984375e+01 5.120750045776367188e+01 9.560508728027343750e+00 -6.467252260718580059e-01 -6.844449399494426656e-01 3.365733295136557612e-01
-5.040099143981933594e+00 5.740550231933593750e+01 -1.724577713012695312e+01 -1.478810720707530169e-01 9.781473523972542550e-01 1.461469997004606891e-01
2.943043136596679688e+01 1.512250041961669922e+01 -1.492414379119873047e+01 2.876508394621917278e-02 -5.833940991536275961e-02 -9.978822992699560857e-01
1.787497043609619141e+00 2.485750007629394531e+01 -1.546465969085693359e+01 -3.660939779071612638e-02 4.610339146060253926e-03 -9.993190165139255177e-01
-1.043528938293457031e+01 8.179498672485351562e+00 -8.020082473754882812e+00 -2.449688651991355909e-02 2.309621983188601679e-01 9.726542887884420674e-01
6.709399223327636719e+00 6.026650238037109375e+01 -7.725606918334960938e+00 2.311020698404557712e-03 -1.017406471697540268e-02 9.999455723140466823e-01
6.343033599853515625e+01 2.746750068664550781e+01 5.392321109771728516e+00 -8.543692945544927309e-01 -3.187804982055931213e-01 4.104048031958844045e-01
-6.607693481445312500e+01 1.800149917602539062e+01 -4.029112815856933594e+00 -9.570393187161119197e-01 2.147312916278974193e-01 -1.948492104865072738e-01
-6.105722904205322266e+00 6.812449645996093750e+01 3.879441976547241211e+00 8.085091441615076258e-02 -9.246082720434068980e-01 3.722400742893994252e-01
2.070932197570800781e+01 2.804450035095214844e+01 -1.502302169799804688e+01 4.151611808177639584e-02 1.579057330611002147e-02 -9.990130478297490901e-01
-4.590945434570312500e+01 2.392049789428710938e+01 -1.684851264953613281e+01 8.175764508234683037e-01 -4.315920531311676078e-01 -3.811784972069179878e-01
-6.099454879760742188e+01 -8.484497070312500000e+00 -7.640252113342285156e+00 -3.506312462779831995e-01 -1.365301854530922288e-01 -9.265080882505518645e-01
2.539292716979980469e+01 5.297750091552734375e+01 -1.703255081176757812e+01 3.754634131321153978e-01 9.266821827524484023e-01 1.695162435697732811e-02
-2.342784309387207031e+01 7.023849487304687500e+01 8.000777244567871094e+00 -3.346315303605348346e-01 8.838880045622009574e-01 -3.267472024051883417e-01
-3.722056961059570312e+01 6.224749755859375000e+01 1.496356391906738281e+01 4.804557741118721803e-01 -7.827902509721015312e-01 3.954765127104212796e-01
5.509742355346679688e+01 3.003950119018554688e+01 -1.002211284637451172e+01 2.555905126915919423e-01 1.359968281389051514e-01 -9.571720600593218720e-01
7.346424865722656250e+01 9.038499832153320312e+00 5.812785148620605469e+00 9.371144475032540111e-01 1.053973376324257721e-01 -3.327279872518501547e-01
-4.903372573852539062e+01 -8.554990291595458984e-01 -6.412804126739501953e+00 7.937739577502930799e-02 1.042082174974746783e-01 9.913828102433355216e-01
-2.025099039077758789e+00 3.873250198364257812e+01 -8.841699600219726562e+00 6.597325206304546774e-02 -1.009260918709712351e-01 9.927041120051220968e-01
-5.149106025695800781e+00 1.539150047302246094e+01 -8.812057495117187500e+00 2.659934248191397552e-02 -4.139793587894146504e-02 9.987886092084213852e-01
-4.843850326538085938e+01 4.424250030517578125e+01 -1.945390939712524414e+00 6.854058958426261228e-01 -5.984075595179926266e-01 4.148820924743404359e-01
6.206182861328125000e+01 2.902350044250488281e+01 -6.193202972412109375e+00 8.959708847894476413e-01 3.519420083773325825e-01 -2.708745029509864177e-01
-4.881076431274414062e+01 1.617050170898437500e+01 -1.295886325836181641e+01 7.382878546374878059e-01 -1.465121385921344666e-01 -6.583807689627142468e-01
-5.862146377563476562e+01 4.329249954223632812e+01 1.568459796905517578e+01 7.579735453578131388e-01 -4.938667116064011653e-01 4.261123979712242993e-01
6.684798431396484375e+01 3.263949966430664062e+01 6.587532997131347656e+00 8.425196901101855707e-01 3.353469643395690092e-01 -4.215483190393159441e-01
-4.296493911743164062e+01 1.250349998474121094e+01 -1.299912452697753906e+01 -1.149578510995344881e-02 -4.203476270793393005e-02 -9.990500115854027419e-01
2.371494674682617188e+01 1.830850028991699219e+01 -7.932411193847656250e+00 2.162680512675788091e-02 5.542165409867487458e-02 9.982287921899348770e-01
7.124510192871093750e+01 1.475450038909912109e+01 1.300712013244628906e+01 -8.065152651042227783e-01 -2.586205578215047818e-01 5.316470015207073185e-01
5.695573425292968750e+01 3.893149948120117188e+01 -4.730446815490722656e+00 7.437479412777666665e-01 5.140115417071543513e-01 -4.273536414223216284e-01
-1.182819977402687073e-01 6.671450042724609375e+01 -8.895398139953613281e+00 2.332015601830925502e-02 7.778000869394439132e-01 -6.280789720093129525e-01
-6.906342315673828125e+01 1.259650039672851562e+01 4.521299898624420166e-02 -8.454678522295465681e-01 9.182894830350499249e-02 -5.260718155345616154e-01
3.367178344726562500e+01 6.258550262451171875e+01 1.026651668548583984e+01 -3.947617739305723239e-01 -7.978301321581249272e-01 4.556645938228430226e-01
1.821208572387695312e+01 4.988449859619140625e+01 -1.881681442260742188e+01 -8.912623606765061879e-02 -3.158016255846136655e-01 -9.446300055167253795e-01
3.749393463134765625e+01 6.649249267578125000e+01 1.697476005554199219e+01 4.938924462068119414e-01 7.778917729041346929e-01 3.885288164704303604e-01
5.899021530151367188e+01 4.861502170562744141e+00 -1.095531654357910156e+01 9.141597266757759410e-01 1.387001528850417553e-01 -3.808861532186967325e-01
5.852064895629882812e+01 -6.741497039794921875e+00 -1.439909553527832031e+01 -9.330096819420964638e-02 -9.952425609346722268e-01 2.805662556720483342e-02
5.765449905395507812e+01 4.719750213623046875e+01 6.959511756896972656e+00 7.091239212998964314e-01 5.813030853272840304e-01 -3.990363231953184542e-01
-4.026976776123046875e+01 3.562649917602539062e+01 -1.845773124694824219e+01 7.380362390470786293e-02 -1.111062708914760250e-01 -9.910642873533090924e-01
2.626234054565429688e+00 4.781250000000000000e+01 -8.823781013488769531e+00 8.927908734951185005e-03 -9.456388134725075834e-02 9.954787615967320979e-01
3.787357330322265625e+01 5.863850021362304688e+01 -2.029129981994628906e+00 5.341032177343068010e-01 7.818436753609256940e-01 -3.216430010181772214e-01
-1.196554946899414062e+01 -3.213500976562500000e+00 -6.909189224243164062e+00 3.820802801121669923e-02 1.080430044536755674e-01 9.934117252097022233e-01
-4.114028167724609375e+01 1.120501041412353516e+00 -1.239954948425292969e+01 -8.315640016809436319e-02 -2.264999523115469524e-03 -9.965339346395806208e-01
4.491025161743164062e+01 5.361049652099609375e+01 -2.114006996154785156e+00 5.943069023572494780e-01 7.273560459743612094e-01 -3.431508242669302211e-01
6.910617065429687500e+01 6.613499164581298828e+00 -3.277442932128906250e+00 8.945787857433791235e-01 8.554801545928761297e-02 -4.386460226069298085e-01
-5.410890579223632812e+01 1.309750175476074219e+01 -6.081474781036376953e+00 1.671386154870488638e-01 1.265416828456091339e-02 9.858521974607037386e-01
-5.466662979125976562e+01 4.869149780273437500e+01 4.693877220153808594e+00 -6.972595307944933207e-01 5.605947013730520068e-01 -4.467244424795910884e-01
-2.452085304260253906e+01 4.358950042724609375e+01 -1.401255226135253906e+01 2.795227384965206507e-01 -5.942941824623987346e-01 -7.541097157275954421e-01
-4.470606613159179688e+01 5.704949951171875000e+01 3.411803007125854492e+00 -5.206288776949113961e-01 7.041949458610228252e-01 -4.827577549184768335e-01
-4.465190505981445312e+01 -1.025550079345703125e+01 -6.366559028625488281e+00 2.892224058011813592e-01 -5.776107517902012711e-01 7.633585130192334089e-01
7.234967041015625000e+01 1.861650085449218750e+01 1.666656303405761719e+01 -8.034285855018712397e-01 -1.921619619424389802e-01 5.635390744046903100e-01
1.764802360534667969e+01 -6.952498912811279297e+00 -1.291358661651611328e+01 -2.101491498475767383e-02 -9.994021048833021670e-01 -2.745552955250616864e-02
1.167806982994079590e+00 -8.899501800537109375e+00 -7.660983085632324219e+00 -3.833446680644127247e-02 -4.617819858400746824e-01 8.861646947426098375e-01
1.098880195617675781e+01 3.470550155639648438e+01 -8.711431503295898438e+00 -4.075525502877624245e-02 -3.893714697772329009e-02 9.984101901386898126e-01
-6.196854400634765625e+01 2.099150085449218750e+01 -1.695855021476745605e+00 8.636752218618894972e-01 -2.720776142239935136e-01 4.243098902688877683e-01
-2.284828376770019531e+01 2.466450119018554688e+01 -1.442975616455078125e+01 -2.751717890758003521e-02 4.292387524421316380e-02 -9.986993270243991194e-01
-5.670087051391601562e+01 -1.236500024795532227e+00 -1.058522605895996094e+01 -9.828317099460597284e-01 6.264341807940514151e-02 -1.735443231449338430e-01
1.922070312500000000e+01 2.829499959945678711e+00 -1.500824260711669922e+01 1.039319161252591911e-01 3.567687230624910170e-03 -9.945780152498630011e-01
2.932852363586425781e+01 6.483950805664062500e+01 9.726390242576599121e-01 3.816673296375529545e-01 7.580991089848229114e-01 -5.287870936811497335e-01
5.587747192382812500e+01 9.701499938964843750e+00 -6.742819786071777344e+00 -3.837572434829072260e-02 9.522380674335886169e-03 9.992180082679841258e-01
-2.942638206481933594e+01 5.983500957489013672e+00 -1.356935882568359375e+01 -3.593289682516858513e-02 -8.116933407336519857e-02 -9.960523912585312889e-01
5.436753845214843750e+01 4.827149963378906250e+01 1.380963039398193359e+01 -6.872225894567037807e-01 -5.706748799578752473e-01 4.495056105606330954e-01
-5.377366256713867188e+01 1.874850082397460938e+01 -1.118632030487060547e+01 -7.478327568796852010e-01 3.648865455409633363e-01 -5.546205699583385273e-01
5.351003646850585938e+01 -6.955497741699218750e+00 -1.031579780578613281e+01 -1.102870287735010779e-01 -6.989180110728371309e-01 -7.066472847767142351e-01
-4.620742797851562500e+01 4.201499938964843750e+00 -1.213547134399414062e+01 -1.750872906966125520e-01 -8.644089372091939838e-02 -9.807509431702059466e-01
4.268108749389648438e+01 -7.425000071525573730e-01 -1.376585674285888672e+01 1.044418793501973308e-01 -4.908783203495904746e-02 -9.933188202102618547e-01
-1.301874160766601562e+01 5.914949798583984375e+01 -1.126589775085449219e+01 -3.427123676929713647e-02 2.498316307797884828e-01 -9.676826125296527081e-01
-3.223646926879882812e+01 5.146150207519531250e+01 -1.078247356414794922e+01 -1.682022821085239206e-01 2.043952725042490759e-01 -9.643290749901706205e-01
-1.430721282958984375e+01 7.039050292968750000e+01 1.325912666320800781e+01 1.696963511239352462e-01 -9.315708234649999753e-01 3.215259698437500369e-01
4.097479248046875000e+01 5.395949935913085938e+01 -7.183519840240478516e+00 6.082956245004681461e-01 7.300372771862437826e-01 -3.114835583655755080e-01
3.517117309570312500e+01 2.271949958801269531e+01 -8.224568367004394531e+00 7.897998651508107704e-02 9.902109802741251160e-03 9.968270210781468021e-01
-6.128043365478515625e+01 4.932498931884765625e+00 -4.208649158477783203e+00 2.712719422218123344e-01 4.376814458578578287e-02 9.615070893564559018e-01
-6.663481903076171875e+01 2.819649887084960938e+01 4.094583034515380859e+00 -8.313151501027931101e-01 3.633040383488024272e-01 -4.206248886228943218e-01
-1.528095722198486328e+01 4.510449981689453125e+01 -8.700331687927246094e+00 1.465519427973151489e-01 -1.968721967819326846e-01 9.694141871236403585e-01
7.373960876464843750e+01 1.440250015258789062e+01 8.384933471679687500e+00 9.128802677558942591e-01 1.805494851486665053e-01 -3.661304414474138569e-01
-5.123731613159179688e+01 -1.185149765014648438e+01 -1.477918052673339844e+01 6.390290262914676278e-01 -6.460258701931511638e-01 -4.174835069774140983e-01
-2.839654922485351562e+00 1.429949951171875000e+01 -1.531922531127929688e+01 -3.880386763967214048e-02 -6.454719708860570671e-02 -9.971599265936269552e-01
-6.588304138183593750e+01 2.932550048828125000e+01 1.405050277709960938e+01 8.421767745895799573e-01 -3.856909530531934527e-01 3.768033559760464168e-01
7.063301849365234375e+01 6.995009779930114746e-01 -9.677899628877639771e-02 7.583419245080774695e-01 -6.518362021994806854e-01 -5.204904950428584573e-03
4.381816101074218750e+01 2.858449935913085938e+01 -7.768848896026611328e+00 -2.901725706176057698e-02 -7.113072837173496643e-02 9.970448426595055480e-01
-4.952932834625244141e+00 3.178049850463867188e+01 -8.543081283569335938e+00 -3.863229734357923745e-02 7.480540628932741409e-02 9.964495455324600126e-01
5.145276069641113281e+00 4.732049942016601562e+01 -1.409294605255126953e+01 8.531624133789373916e-04 1.695242999551127283e-01 -9.855256383466769465e-01
-7.628694915771484375e+01 -9.484999775886535645e-01 1.964784049987792969e+01 -3.462512621744046060e-01 4.055852152968985463e-02 9.372646743444230655e-01
9.103856086730957031e+00 2.665350151062011719e+01 -1.543317604064941406e+01 -1.162016360043391094e-01 8.738792294088222959e-03 -9.931871995244179185e-01
2.767799568176269531e+01 -2.299499988555908203e+00 -1.459707450866699219e+01 6.461323648496963834e-02 -6.177258084891084494e-02 -9.959966254592442780e-01
7.280419158935546875e+01 2.434450149536132812e+01 1.278283977508544922e+01 8.809234592323869073e-01 3.102730364445948630e-01 -3.573576665324199042e-01
3.269303512573242188e+01 5.074050140380859375e+01 -1.103291320800781250e+01 1.399313243351674729e-01 2.386059260218315881e-01 -9.609820167604961050e-01
-2.408797073364257812e+01 3.850449752807617188e+01 -8.583293914794921875e+00 4.636251083076822765e-02 -3.678801850824928860e-02 9.982470432131034244e-01
4.204798126220703125e+01 2.706750106811523438e+01 -1.356146907806396484e+01 2.023719011231970427e-02 8.225981124884176876e-02 -9.964054293256648931e-01
-6.080436706542968750e+01 3.886149978637695312e+01 1.403956794738769531e+01 7.828459883958533982e-01 -4.996397375038588717e-01 3.708264973806409959e-01
-6.212125396728515625e+01 8.656499862670898438e+00 -8.133146286010742188e+00 -3.875956974971293545e-01 1.006913361169048046e-02 -9.217744777493156461e-01
4.744483947753906250e+01 4.457450103759765625e+01 -3.886636972427368164e+00 -5.548470136107552797e-01 -7.302523365393718269e-01 3.985929207424716569e-01
2.588267898559570312e+01 4.470750427246093750e+01 -1.535771751403808594e+01 -5.065608392585506659e-01 -8.566799607166943886e-01 -9.744516938317650256e-02
4.503436279296875000e+01 5.657849884033203125e+01 1.323520565032958984e+01 -5.706197629183570319e-01 -7.283685731117843787e-01 3.793050327508208364e-01
4.185823917388916016e+00 6.945550537109375000e+01 6.942481040954589844e+00 -1.809500380113785722e-01 -9.169701702291983558e-01 3.555598271086251594e-01
1.370388603210449219e+01 2.901500940322875977e+00 -8.183387756347656250e+00 -7.435239003475464792e-02 -8.859636328167841413e-02 9.932886823624744732e-01
-5.306063842773437500e+01 -1.841500997543334961e+00 -1.609281730651855469e+01 1.748937966477105421e-01 -7.706691161546148916e-02 -9.815665290891920636e-01
4.353441238403320312e+01 4.878450012207031250e+01 -3.188196897506713867e+00 -6.162871016652609057e-01 -6.923297750939677586e-01 3.753261126532076442e-01
-6.284985351562500000e+01 -1.052849960327148438e+01 -2.561434030532836914e+00 3.922835748439589820e-01 1.190732266458880695e-01 9.121047985860949447e-01
-7.037517547607421875e+01 3.808500051498413086e+00 1.042922401428222656e+01 8.622559428139848769e-01 4.257454241469884465e-02 5.046801932116468103e-01
3.470625686645507812e+01 6.017501831054687500e+00 -1.455161190032958984e+01 1.038038118003900556e-01 1.550038748424825176e-02 -9.944770015659222251e-01
1.421304225921630859e+01 6.093450164794921875e+01 -7.079476833343505859e+00 -1.392298254210838082e-01 -2.025203185645503279e-01 9.693299625420270793e-01
5.377613067626953125e+01 4.268250274658203125e+01 4.126451015472412109e+00 -7.437461539865138915e-01 -5.843492916612480492e-01 3.246191056688847443e-01
7.717279911041259766e+00 2.490049934387207031e+01 -8.258022308349609375e+00 -2.834490468533418239e-02 -7.941711734522748783e-04 9.995978869878259232e-01
-1.091023254394531250e+01 2.980050086975097656e+01 -1.489218139648437500e+01 -3.969705460408171072e-02 1.399059266096041101e-02 -9.991138109208358431e-01
-5.278742218017578125e+01 4.129550170898437500e+01 -8.002056121826171875e+00 -5.361608349603966817e-01 3.058089142783084191e-01 -7.867734534174958272e-01
1.864028358459472656e+01 7.138150024414062500e+01 6.859009742736816406e+00 2.506337259398566664e-01 8.954101951247833702e-01 -3.679990732163629930e-01
-3.923990249633789062e+01 -9.028499603271484375e+00 -6.382321834564208984e+00 4.738745507067372298e-01 -8.576513973999564389e-01 1.996922400354854688e-01
-1.389434337615966797e+01 6.984750366210937500e+01 1.306573033332824707e+00 -1.409964626469591698e-01 8.771619972359239181e-01 -4.590281343514028278e-01
-1.750355339050292969e+01 -3.654499053955078125e+00 -1.306694316864013672e+01 -1.714289170263148809e-01 -9.729228114037360431e-01 1.550268668890495971e-01
3.170419502258300781e+01 1.294050025939941406e+01 -8.033020973205566406e+00 1.795185377330525689e-02 -2.232684701226927623e-02 9.995895371844348842e-01
2.578068542480468750e+01 5.669249725341796875e+01 -7.201388835906982422e+00 -1.145870652297333869e-01 -8.147637910707311582e-02 9.900663634977391325e-01
-2.610310745239257812e+01 6.512750244140625000e+01 8.540149688720703125e+00 2.960134036064094865e-01 -9.250399525031083314e-01 2.380696351036731551e-01
8.585237503051757812e+00 7.518550109863281250e+01 1.700982666015625000e+01 3.218835119858510369e-02 7.341335937999671213e-01 6.782416800090225184e-01
-3.941144943237304688e+01 2.141149902343750000e+01 -1.349631404876708984e+01 -7.614575208519429317e-02 8.553820461910749406e-03 -9.970600065166015380e-01
-5.116971969604492188e+01 2.279550170898437500e+01 -6.339093208312988281e+00 1.958470425742308563e-01 -5.603534994865091295e-02 9.790321626336182526e-01
-5.686574935913085938e+01 4.852650451660156250e+01 9.524270057678222656e+00 -7.201458193345074976e-01 6.042854655962923704e-01 -3.409238550821916958e-01
-5.942280960083007812e+01 2.462849998474121094e+01 -8.318234443664550781e+00 -3.686992274948331927e-01 1.065484802115777008e-01 -9.234220600620911545e-01
3.786524057388305664e+00 -3.659500122070312500e+00 -7.102674007415771484e+00 8.842447361494451541e-02 -2.909362247444749125e-02 9.956579099255096210e-01
3.208767700195312500e+01 2.630501031875610352e+00 -7.799791812896728516e+00 5.079990441101887855e-02 -3.941708178686285750e-03 9.987010727181909742e-01
-5.207907199859619141e+00 5.516850280761718750e+01 -8.137266159057617188e+00 8.309794743854355403e-02 -1.609935093521116523e-01 9.834509754319188390e-01
-7.044352054595947266e+00 4.149499893188476562e+00 -7.681742191314697266e+00 -1.389865563032717695e-02 1.402517821755346894e-01 9.900183154711109657e-01
2.704175949096679688e+00 6.706350708007812500e+01 6.137019991874694824e-01 2.230440640124856447e-02 -8.612480238948433398e-01 5.076951396185660492e-01
-6.914308929443359375e+01 1.761549758911132812e+01 1.956099033355712891e+00 -9.171970414328034504e-01 2.189969953391651958e-01 -3.328511727774587370e-01
5.005450057983398438e+01 3.016150093078613281e+01 -1.874980545043945312e+01 1.916424614086946754e-01 7.599691470457008158e-02 -9.785180815603784499e-01
4.129168701171875000e+01 3.040501117706298828e+00 -7.861226081848144531e+00 7.846643628245324187e-02 1.663788985820284158e-02 9.967779085624832724e-01
2.407996559143066406e+01 7.215550231933593750e+01 1.322943115234375000e+01 3.233477275470367784e-01 9.351904821877173868e-01 -1.444472537491524045e-01
-3.524571990966796875e+01 6.697750091552734375e+01 1.262022781372070312e+01 -4.327526953485459904e-01 8.639130236999376100e-01 -2.576419844477983445e-01
-2.854792213439941406e+01 -1.065009981393814087e-01 -6.684533119201660156e+00 1.361684156146379665e-01 -9.836077817660812683e-03 9.906368730075436613e-01
-5.037462234497070312e+01 2.641250038146972656e+01 -1.186145782470703125e+01 -8.424142277232508080e-01 3.762243938029289914e-01 -3.857375719800413827e-01
-4.108412933349609375e+01 3.881050109863281250e+01 -1.298464393615722656e+01 -6.944207121529883953e-01 7.190451389328573750e-01 -2.745838141559035425e-02
-3.429315567016601562e+01 3.552949905395507812e+01 -1.344596576690673828e+01 1.501986744256136527e-02 -7.737649785489056353e-02 -9.968888008006309143e-01
6.827207946777343750e+01 7.412499904632568359e+00 4.476129055023193359e+00 -8.842419463363846432e-01 -1.075482599815331120e-01 4.544772294782070121e-01
-5.154534530639648438e+01 8.363498687744140625e+00 -1.659993171691894531e+01 4.309175621650075949e-01 -8.828901491548239722e-02 -8.980618600425143150e-01
2.244403266906738281e+01 -7.132500171661376953e+00 -1.067753124237060547e+01 -1.534691612739749050e-02 -9.978558815806968241e-01 6.362477316414617834e-02
2.628636550903320312e+01 2.089150047302246094e+01 -1.519997024536132812e+01 2.791765638964179355e-02 1.011387573571743970e-02 -9.995590597755152906e-01
-1.902742004394531250e+01 7.075150299072265625e+01 5.659975051879882812e+00 -1.964426089039509049e-01 9.428371152311409986e-01 -2.691996945570881428e-01
-4.823923873901367188e+01 -6.554501056671142578e+00 -1.097473907470703125e+01 -2.044589506640633880e-01 -1.460085403392927805e-01 -9.679246063828211843e-01
-7.335674285888671875e+01 9.584499359130859375e+00 7.451560020446777344e+00 -9.134598090055088271e-01 1.189113146487471018e-01 -3.891674145918770367e-01
4.677795791625976562e+01 3.585549926757812500e+01 -6.959670066833496094e+00 -1.710055532216755714e-01 -9.873712388008089313e-02 9.803101963844088607e-01
2.428237342834472656e+01 6.556349945068359375e+01 7.654768943786621094e+00 -3.757762506531785451e-01 -8.729318925913638338e-01 3.110982486962907689e-01
-6.590523529052734375e+01 3.856949996948242188e+01 1.466223335266113281e+01 -8.723617118053316188e-01 4.619916619532403734e-01 -1.598397574502488372e-01
4.076308059692382812e+01 4.249650192260742188e+01 -1.871658134460449219e+01 3.758867534125545085e-01 4.672426384759538198e-01 -8.002458780893523249e-01
-3.967656707763671875e+01 6.164049911499023438e+01 5.334440231323242188e+00 -5.507869002526503133e-01 8.040627597530326520e-01 -2.238679720022808128e-01
-2.413116073608398438e+01 6.754150390625000000e+01 1.290409755706787109e+01 3.165862068734399126e-01 -8.864716296471807366e-01 3.375518085393103274e-01
-7.275676727294921875e+01 -3.554989993572235107e-01 5.812982082366943359e+00 -8.983748332483899590e-01 5.917756654174917072e-03 -4.391897530021728335e-01
1.066812324523925781e+01 -6.531501770019531250e+00 -1.008830928802490234e+01 5.490598599237823674e-01 -8.257419096551091853e-01 1.291648901970262331e-01
2.491538429260253906e+01 5.128150177001953125e+01 -7.599015235900878906e+00 -1.180452321833283802e-01 -7.768182650902816233e-02 9.899650786714677686e-01
1.103249454498291016e+01 6.906649780273437500e+01 -1.694517016410827637e+00 1.293935148486521358e-01 9.296747542516162754e-01 -3.449089294615446111e-01
6.942362976074218750e+01 2.645050048828125000e+01 1.603507232666015625e+01 -8.365845572133635555e-01 -2.221921893368866696e-01 5.007563375832615460e-01
-4.723443984985351562e+00 1.963050079345703125e+01 -1.523774147033691406e+01 -2.328861850403739827e-03 -4.473148894889426852e-02 -9.989963314741934219e-01
-4.696272277832031250e+01 4.927449798583984375e+01 -6.808355808258056641e+00 -6.186383720323235247e-01 7.183197180975077201e-01 -3.182818675977531209e-01
-1.314195990562438965e+00 2.893350028991699219e+01 -1.545222759246826172e+01 -3.548460823137457310e-02 -2.230136228491531175e-02 -9.991213599052433114e-01
4.244499588012695312e+01 3.289250183105468750e+01 -1.823170089721679688e+01 -3.141496062568669423e-01 -3.633492000225110874e-01 -8.770902939445039959e-01
-4.320048141479492188e+01 6.069249725341796875e+01 9.222163200378417969e+00 -6.018878047992182179e-01 7.418223760595618055e-01 -2.956867139580743320e-01
-3.285913085937500000e+01 1.547049999237060547e+01 -1.376977443695068359e+01 -9.907164463778911356e-02 -6.948568903837117582e-03 -9.950560419488704289e-01
3.995908737182617188e+01 2.155149841308593750e+01 -8.141414642333984375e+00 -4.798076413207544993e-02 2.746892593504838762e-02 9.984704824787145050e-01
6.891352844238281250e+01 1.858449935913085938e+01 1.084694862365722656e+01 -8.528563164207674241e-01 -2.270569491582394850e-01 4.701927747000718694e-01
2.465081930160522461e+00 5.519850158691406250e+01 -8.166519165039062500e+00 -2.729432152812141365e-03 -1.358504622075660251e-01 9.907255937534437118e-01
-2.910592460632324219e+01 4.916149902343750000e+01 -1.875727462768554688e+01 -3.838113176553709649e-01 5.890111465705433202e-01 -7.111643562885459069e-01
-3.780189514160156250e+01 3.311249923706054688e+01 -7.615372180938720703e+00 1.523674544711826340e-01 -1.230547729066197304e-01 9.806333064315490011e-01
7.555034160614013672e+00 5.704250335693359375e+01 -1.297783184051513672e+01 1.896708894794125189e-01 9.625240076127776767e-01 -1.938362413304746401e-01
-1.656771659851074219e+01 1.618350028991699219e+01 -8.142919540405273438e+00 8.474473633913856552e-02 -5.490497229986500416e-02 9.948888247837347487e-01
6.606068420410156250e+01 -2.661503076553344727e+00 -2.338121891021728516e+00 -6.222374544641784411e-01 -2.844310372475268300e-01 7.293281396684456741e-01
4.086408615112304688e+01 5.406250000000000000e+01 2.181493997573852539e+00 -5.326075451938651062e-01 -7.402449396817556426e-01 4.103250322343479639e-01
1.338321971893310547e+01 1.651950073242187500e+01 -8.077285766601562500e+00 -6.795364803489555017e-02 -3.647213653926549559e-02 9.970216070752984105e-01
3.703610992431640625e+01 4.345249938964843750e+01 -7.299355030059814453e+00 -7.123577339240656781e-02 -7.266003404628884610e-02 9.948095214871930381e-01
5.089553451538085938e+01 8.877500534057617188e+00 -1.331190299987792969e+01 -2.797946768708933774e-01 -1.217568706545967411e-01 -9.523078300860032819e-01
6.553770446777343750e+01 3.755349731445312500e+01 9.801009178161621094e+00 8.283803005927046215e-01 4.496452033199724307e-01 -3.340737474290383369e-01
-3.098021125793457031e+01 6.706350708007812500e+01 7.599020004272460938e+00 -3.851560757989792028e-01 8.808679936071981409e-01 -2.751842566600785633e-01
-3.222957992553710938e+01 -7.075500011444091797e+00 -7.684185028076171875e+00 1.845946409948415190e-01 -9.709907348387258885e-01 1.519928003996792176e-01
6.966025543212890625e+01 2.032049942016601562e+01 2.242881059646606445e+00 8.053669779826750919e-01 2.035868935392992907e-01 -5.567193256516889122e-01
-6.714100646972656250e+01 -1.301849746704101562e+01 -3.112973928451538086e+00 -9.308954263438269372e-01 -2.255001965303963241e-01 -2.873732182665899582e-01
-7.649713134765625000e+01 -9.731498718261718750e+00 1.842308425903320312e+01 -5.594728660809130671e-01 -3.771702149579978514e-01 7.380601202258162408e-01
-3.629598236083984375e+01 4.264350128173828125e+01 -1.872556114196777344e+01 1.862617850771718445e-02 -7.543131879847025933e-02 -9.969770216100881655e-01
-4.469799995422363281e-01 5.854502201080322266e+00 -1.495027923583984375e+01 6.131033928715065280e-04 -8.009990144537788848e-02 -9.967866521441136607e-01
4.857797241210937500e+01 2.568750000000000000e+01 -7.360063076019287109e+00 -1.522753740036425496e-01 -1.015540061631972080e-01 9.831068071701345445e-01
4.127987670898437500e+01 7.728499889373779297e+00 -1.401965522766113281e+01 8.489356103851621038e-02 1.314029143874200466e-02 -9.963033755012098425e-01
-5.312450027465820312e+01 5.420349884033203125e+01 1.304251289367675781e+01 -6.262357764246884173e-01 7.019306949930905759e-01 -3.392964069251019898e-01
-2.508944988250732422e+00 2.676650047302246094e+01 -8.336553573608398438e+00 1.198507106921607203e-02 2.824780216789917267e-02 9.995290989981977514e-01
-2.126511001586914062e+01 -4.102500915527343750e+00 -9.985871315002441406e+00 2.317041748624860675e-01 -9.676603697589418740e-01 -9.973256313402745210e-02
2.962497329711914062e+01 -3.631500005722045898e+00 -7.610474109649658203e+00 1.173129096657153786e-01 9.442760178783116132e-02 9.885955235819967601e-01
6.003609085083007812e+01 3.873649978637695312e+01 5.835689902305603027e-01 7.322401883047077176e-01 4.235397986052742425e-01 -5.333276156631023834e-01
-5.847723007202148438e+01 -1.438987445831298828e+01 -6.602849006652832031e+00 2.931453886213947757e-01 -9.322170266093509072e-01 2.122196890715659645e-01
-7.195635223388671875e+01 -1.232449722290039062e+01 7.362867832183837891e+00 -8.272539515965224854e-01 -1.844750946596085683e-01 -5.306786589059965253e-01
5.598752212524414062e+01 4.368650054931640625e+01 -2.236109972000122070e-01 6.997326321015910899e-01 5.557874942904978965e-01 -4.488591146033120149e-01
6.678822326660156250e+01 1.433649921417236328e+01 2.144391059875488281e+00 -9.656935032410360886e-01 -1.209797982882426098e-01 2.297823888033874162e-01
-1.526616764068603516e+01 5.363650131225585938e+01 -7.861387252807617188e+00 6.012622499646668589e-02 -1.015081857241197233e-01 9.930160750454505303e-01
-1.814408063888549805e+00 7.027249145507812500e+01 9.015118598937988281e+00 2.350786960372927992e-03 -9.365005092189535585e-01 3.506583380347707002e-01
-7.731508255004882812e+00 3.638650131225585938e+01 -1.468832111358642578e+01 -3.012564240795278722e-02 3.319708798773944591e-02 -9.989946941894349841e-01
-1.880259132385253906e+01 2.977149963378906250e+01 -8.340262413024902344e+00 -2.297026354928852557e-02 1.100111950033400426e-01 9.936648851430814888e-01
5.980322837829589844e+00 7.554650115966796875e+01 1.286128044128417969e+01 9.460623375904157750e-02 9.760809453891444720e-01 -1.957438340846619773e-01
8.576149940490722656e+00 3.651950073242187500e+01 -1.499150371551513672e+01 2.443347825797871978e-02 3.195297196581479982e-02 -9.991906788610314116e-01
-7.000082397460937500e+01 2.545849990844726562e+01 9.111866950988769531e+00 -8.749415051787138298e-01 4.163900761585555554e-01 -2.471773998412450657e-01
-7.120609283447265625e+01 -6.109500885009765625e+00 1.305651569366455078e+01 8.900659992032388113e-01 1.811415762961113285e-01 4.182944494005390590e-01
-1.418257951736450195e+00 7.262150573730468750e+01 1.477403259277343750e+01 6.306598291097376303e-03 -9.237425233993685758e-01 3.829621094596201702e-01
1.704572105407714844e+01 5.960549926757812500e+01 -1.080896472930908203e+01 1.120207859806775785e-01 2.771170971692623608e-01 -9.542837408049834602e-01
2.076104545593261719e+01 1.266550064086914062e+01 -1.514305019378662109e+01 1.076585316061866165e-01 -1.566064843607441540e-02 -9.940645777126160265e-01
7.259033966064453125e+01 7.536499023437500000e+00 1.305367946624755859e+01 -8.819213902099918290e-01 -1.191067020099224189e-01 4.561011456096056849e-01
-4.846250915527343750e+01 5.838249969482421875e+01 1.296078205108642578e+01 -6.228605498081993819e-01 7.124519351639110321e-01 -3.231980438892317342e-01
-7.207337951660156250e+01 2.138750076293945312e+01 1.094669151306152344e+01 -8.971532893423115329e-01 2.776408436345184638e-01 -3.435571820937285414e-01
-4.566753768920898438e+01 5.296350097656250000e+01 -1.851621985435485840e+00 -5.426337065233721724e-01 6.737173307429302760e-01 -5.016508933524665981e-01
2.815754699707031250e+01 2.954649925231933594e+01 -8.168963432312011719e+00 2.530730208352542990e-02 -1.615030140418589194e-02 9.995492525262610339e-01
-6.419947814941406250e+01 -3.989501953125000000e+00 -2.668902873992919922e+00 7.801631928699862550e-01 7.265837455303855719e-02 6.213422189890358549e-01
5.445916748046875000e+01 1.906349945068359375e+01 -1.860143852233886719e+01 -6.075925665662653546e-02 -3.081948167504314912e-02 -9.976765368995182959e-01
3.999613571166992188e+01 4.751349639892578125e+01 -6.717464923858642578e+00 -1.144221649365715909e-01 -1.454226887013393976e-01 9.827307921206607233e-01
4.523491668701171875e+01 3.806650161743164062e+01 -1.500159358978271484e+01 7.126999362782686642e-01 6.613534368072415681e-01 2.338170918735452408e-01
5.524490356445312500e+01 3.467950057983398438e+01 -3.280771970748901367e+00 -6.986802242386990214e-01 -5.063784939639982552e-01 5.053976306914331751e-01
-3.021851539611816406e+01 5.363449859619140625e+01 -6.985534191131591797e+00 6.071399196736822906e-02 7.212686755470419653e-02 9.955458433222110770e-01
1.631300735473632812e+01 6.558149719238281250e+01 1.448822021484375000e+00 -1.867489419836397546e-01 -8.851367272357634208e-01 4.262133348058844695e-01
-1.590211677551269531e+01 4.791249847412109375e+01 -1.633235549926757812e+01 4.507732212518503201e-01 -8.914283295439641153e-01 -4.646543111484227606e-02
-3.617131042480468750e+01 -8.324497222900390625e+00 -1.048853206634521484e+01 3.699346864799898382e-01 -8.912522175998482954e-01 -2.623314932719745807e-01
-6.902695465087890625e+01 3.290349960327148438e+01 1.500040817260742188e+01 -8.938354315618433077e-01 4.161135124967131893e-01 -1.670561761872365047e-01
3.368602371215820312e+01 4.121149826049804688e+01 -1.835584640502929688e+01 -3.709464151700780921e-01 -5.132234379564090121e-01 -7.739511998858016328e-01
-3.466284179687500000e+01 5.017949676513671875e+01 -6.813045978546142578e+00 1.039368077460043477e-01 -3.280783017833131116e-02 9.940426481165482997e-01
5.227879714965820312e+01 1.833502054214477539e+00 -1.371668052673339844e+01 -7.907282399598598577e-01 -3.495515761386889381e-02 -6.111685426182958958e-01
2.930520439147949219e+01 6.245550155639648438e+01 -3.688414096832275391e+00 3.585937472287348271e-01 7.769817392981678283e-01 -5.174069010417702286e-01
1.975345420837402344e+01 6.809650421142578125e+01 1.013158035278320312e+01 -2.082593436228889205e-01 -8.668758697217278097e-01 4.529395901088372201e-01
-6.267178344726562500e+01 3.821450042724609375e+01 5.465970993041992188e+00 -7.707010801259687183e-01 4.841767152285205156e-01 -4.142375568718816292e-01
-2.992133712768554688e+01 3.135749816894531250e+01 -8.309882164001464844e+00 2.412985908110176769e-02 8.003620480939140081e-02 9.964998523935842956e-01
6.026647567749023438e+01 4.200849914550781250e+01 1.461938762664794922e+01 -7.482316404604238969e-01 -5.329308102906833433e-01 3.951381576826242803e-01
6.846114349365234375e+01 1.297050094604492188e+01 -3.186634063720703125e+00 9.354328707531701648e-01 1.840572489478262130e-01 -3.018083388911594889e-01
3.724821472167968750e+01 2.802750015258789062e+01 -1.439829254150390625e+01 1.811600800536766476e-01 3.595971403931312593e-02 -9.827959729064605909e-01
-3.290363311767578125e+01 4.602650070190429688e+01 -1.371475410461425781e+01 -5.263040247225898582e-01 8.415530303028998516e-01 1.216247127388595251e-01
-6.689866638183593750e+01 1.313850021362304688e+01 4.244096755981445312e+00 8.674799174000942248e-01 -1.211227496381443169e-01 4.825016812692169421e-01
4.852582931518554688e+01 4.908149719238281250e+01 5.288636207580566406e+00 -5.956554109065929081e-01 -7.011260257128086870e-01 3.919399539800193510e-01
-2.822578620910644531e+01 3.675449752807617188e+01 -1.378928279876708984e+01 -2.685523591088822756e-02 7.146561349217965542e-02 -9.970814722941936381e-01
-7.104605865478515625e+01 -1.512749862670898438e+01 1.619600486755371094e+01 8.749328949163666103e-01 -1.595575074217026879e-01 4.572021776179981400e-01
5.355645751953125000e+01 2.623850059509277344e+01 -6.736206054687500000e+00 -2.354660353972314324e-01 -1.154651411028333463e-01 9.649992473387803971e-01
-4.054144668579101562e+01 5.651501178741455078e+00 -6.941226005554199219e+00 4.985560427468898465e-02 3.631087489065421697e-02 9.980961572349034139e-01
-4.967045783996582031e+00 4.861849975585937500e+01 -8.696464538574218750e+00 5.402928210189638508e-02 -9.936932457332692259e-02 9.935826961100895360e-01
-9.377449035644531250e+00 6.971850585937500000e+01 -5.097110271453857422e-01 -1.095033503410376419e-01 9.249684206478278048e-01 -3.639264171070177856e-01
-3.590876388549804688e+01 6.037549972534179688e+01 8.961607933044433594e+00 5.156659535841146003e-01 -8.150495943977069668e-01 2.641643105839982519e-01
-7.359793090820312500e+01 2.136750030517578125e+01 1.543169307708740234e+01 -9.495588102948271381e-01 2.924480871033769969e-01 -1.131909101520451183e-01
6.279879093170166016e+00 6.954949951171875000e+01 -1.805353999137878418e+00 6.502398314550697500e-02 9.118590677548327195e-01 -4.053207645423318461e-01
2.656151962280273438e+01 2.208650016784667969e+01 -8.085840225219726562e+00 -4.717758081952328625e-02 -1.896491160017381439e-02 9.987064673846939300e-01
-3.187492179870605469e+01 5.920499801635742188e+00 -6.730168819427490234e+00 -2.676734570169482866e-03 1.291978010414535083e-01 9.916152294605472539e-01
4.281040954589843750e+01 3.846250152587890625e+01 -7.235487937927246094e+00 -6.071744699363400277e-02 -8.314179365626897522e-02 9.946862991808993470e-01
5.802329254150390625e+01 1.358250045776367188e+01 -1.474981117248535156e+01 9.283549969770312771e-01 2.566203640983775180e-01 2.688921499742832344e-01
-6.156040573120117188e+01 1.734349822998046875e+01 -8.087571144104003906e+00 -3.615914753022794748e-01 8.913501941429707864e-02 -9.280660285253059527e-01
-2.772473907470703125e+01 1.525150012969970703e+01 -7.338259220123291016e+00 -1.729185810294060072e-02 5.685590373454542379e-02 9.982326371412005850e-01
-4.589005279541015625e+01 4.934349822998046875e+01 1.570443987846374512e+00 6.563878759918647665e-01 -5.905090870883317189e-01 4.695252648335266898e-01
-2.938155364990234375e+01 4.363850021362304688e+01 -1.850008201599121094e+01 1.046463143993335704e-01 -2.465223935342653050e-01 -9.634707356057955474e-01
4.848890686035156250e+01 4.701950073242187500e+01 9.286779761314392090e-01 -6.403311597588347004e-01 -6.951570287920963986e-01 3.266997262974828953e-01
1.164188194274902344e+01 7.391050720214843750e+01 9.948499679565429688e+00 1.190750153886306617e-01 9.258487917710800374e-01 -3.586434935785517419e-01
-6.340655803680419922e+00 -2.395499944686889648e+00 -1.408342552185058594e+01 -1.839969606946914929e-02 -2.574398049171027630e-02 -9.994992239381647048e-01
-6.988461017608642578e+00 7.532849884033203125e+01 1.266274166107177734e+01 -5.515460754086850409e-02 9.808068472419847472e-01 -1.870184420592012065e-01
3.045629501342773438e+01 6.986050415039062500e+01 1.369246578216552734e+01 4.084696367208922596e-01 9.086504587161452484e-01 -8.664236695774771291e-02
-7.506562805175781250e+01 8.479501724243164062e+00 1.171356487274169922e+01 -9.283869014987649049e-01 8.933161322211875810e-02 -3.607182058125929514e-01
2.819297027587890625e+01 5.130850219726562500e+01 -1.238573455810546875e+01 4.316035718088041540e-01 8.373682474832474520e-01 -3.354590510162417383e-01
-1.649208450317382812e+01 1.469501018524169922e+00 -7.337220191955566406e+00 3.532935004205049138e-03 1.433493578165804250e-01 9.896658425871986964e-01
4.448314285278320312e+01 -6.697497844696044922e+00 -8.186593055725097656e+00 3.262090233443533382e-02 -9.342223439962881182e-01 3.551964086374867491e-01
7.118675231933593750e+01 9.709501266479492188e+00 1.536329984664916992e+00 8.141466755455676330e-01 7.273876122444829229e-02 -5.760852917004851692e-01
-3.588267135620117188e+01 1.847350120544433594e+01 -7.656230926513671875e+00 2.773182459704420788e-02 7.102625411232191092e-03 9.995901653261632935e-01
-4.878270030021667480e-01 7.079650878906250000e+01 4.654160141944885254e-01 -1.795737570424711313e-02 9.186319218357644756e-01 -3.947061246575054305e-01
-3.813554000854492188e+01 5.486350250244140625e+01 1.642329990863800049e-01 4.994640964235728675e-01 -7.381989495116830780e-01 4.534290763985382444e-01
2.778705596923828125e+01 3.046550178527832031e+01 -1.475549316406250000e+01 1.147250966791496865e-02 2.786351799942031818e-02 -9.995458998398301098e-01
-1.769037437438964844e+01 7.355149841308593750e+01 1.261215305328369141e+01 -2.114865334170522859e-01 9.533788941897576308e-01 -2.152722237000234407e-01
1.174070549011230469e+01 5.686849975585937500e+01 -7.756734848022460938e+00 -3.273284196604686613e-02 -8.095230814449537460e-02 9.961803475590674806e-01
5.136334991455078125e+01 4.029549789428710938e+01 -9.281796455383300781e+00 2.925690459820831091e-01 2.098781866041730115e-01 -9.329279179662690602e-01
-1.836320304870605469e+01 1.582750034332275391e+01 -1.438645267486572266e+01 -1.729070717650669706e-02 -3.676189601938317092e-02 -9.991744564621317659e-01
1.146088504791259766e+01 1.158149909973144531e+01 -1.542247867584228516e+01 5.948519636091004203e-02 -2.856140133212659374e-02 -9.978205037820424561e-01
-3.070023727416992188e+01 6.464450073242187500e+01 1.824898958206176758e+00 -4.181622929065223482e-01 8.201790315292608602e-01 -3.904441740260489180e-01
-1.070503950119018555e+00 5.716249847412109375e+01 -1.472172641754150391e+01 -8.436579612560540092e-03 9.946630132606274488e-01 1.028314843602365358e-01
6.237576293945312500e+01 2.179349899291992188e+01 -1.876265048980712891e+00 -8.692667163361428306e-01 -3.285083050692087503e-01 3.694017722896512645e-01
4.858376979827880859e+00 1.546249961853027344e+01 -8.796123504638671875e+00 8.174819861244374264e-04 -5.078807484379171955e-02 9.987091184007803601e-01
9.253602981567382812e+00 6.975250244140625000e+01 8.875238418579101562e+00 -8.328267451868502647e-02 -9.470528046435687797e-01 3.100886669031375775e-01
4.922312164306640625e+01 -7.701499938964843750e+00 -1.197486495971679688e+01 1.919446191203667551e-01 -9.786002188438441829e-01 7.415439885480525073e-02
-7.010838031768798828e+00 6.437249755859375000e+01 -4.827661037445068359e+00 1.123187080950689837e-01 -9.062240318798658878e-01 4.076058290251188820e-01
3.200230407714843750e+01 3.777249908447265625e+01 -8.076339721679687500e+00 1.801121663915930537e-02 4.588795050746080628e-03 9.998272545970926517e-01
-3.941195297241210938e+01 1.148349952697753906e+01 -7.292241096496582031e+00 -8.885657490842668524e-03 1.330643207998549390e-02 9.998719837840521762e-01
-9.188731193542480469e+00 5.585250091552734375e+01 -1.958894920349121094e+01 -1.644869612047679397e-02 1.693940507503827464e-01 -9.854111304254244974e-01
1.002106952667236328e+01 -3.462497949600219727e+00 -1.502973747253417969e+01 -5.449094541957762161e-02 -9.235723797482280062e-02 -9.942338142816017355e-01
-2.372777366638183594e+01 7.733500003814697266e+00 -7.528934001922607422e+00 1.084906919850220086e-01 -2.605738425512444875e-02 9.937558968269780690e-01
-6.798109436035156250e+01 1.721499919891357422e+00 -4.839686870574951172e+00 -7.054972100412599811e-01 -9.323413916942099866e-02 -7.025532591322420917e-01
2.259734344482421875e+01 6.405149841308593750e+01 2.787195920944213867e+00 -3.053170420752074898e-01 -8.883568875211357296e-01 3.429337315170475908e-01
4.541471862792968750e+01 1.085850143432617188e+01 -7.847235202789306641e+00 -4.014994911989464704e-02 8.062399248263001778e-03 9.991611378071264538e-01
-1.061656951904296875e+01 7.348149871826171875e+01 8.317278861999511719e+00 -1.069322908784746257e-01 9.323146659037352402e-01 -3.454777111599068862e-01
6.234482955932617188e+01 9.985502243041992188e+00 -9.537001609802246094e+00 3.003017699162653931e-01 4.571191441655440141e-03 -9.538332931880507681e-01
-6.313778686523437500e+01 4.289949798583984375e+01 1.422464752197265625e+01 -8.281641502422709689e-01 5.196732999935645969e-01 -2.099614286655909490e-01
4.947068405151367188e+01 5.160749816894531250e+01 7.509319782257080078e-01 6.084223477901539168e-01 5.840080828585744177e-01 -5.373609642180655621e-01
3.455700683593750000e+01 4.761650085449218750e+01 -1.567513084411621094e+01 5.416998173079524692e-01 7.874935713328712339e-01 2.939645948714418866e-01
5.817213821411132812e+01 1.003499984741210938e+00 -6.550562858581542969e+00 -1.635158064054731963e-01 3.394681940170840139e-03 9.865348737830269554e-01
-6.632106018066406250e+01 -1.245949935913085938e+01 4.554255008697509766e+00 8.949953627937269340e-01 1.544217427725771974e-01 4.184939974919653638e-01
1.198713016510009766e+01 2.685050010681152344e+01 -8.320594787597656250e+00 3.119668560822758466e-02 4.316586994073583899e-02 9.985807300761020411e-01
-5.785894775390625000e+01 2.002849960327148438e+01 -9.472935676574707031e+00 -3.973289758393722670e-01 8.751670413164727713e-02 -9.134935749398401805e-01
6.564142608642578125e+01 3.766950225830078125e+01 1.766625595092773438e+01 -3.319760312257439283e-01 -2.148379554606727193e-01 9.184969066823697181e-01
-7.003728485107421875e+01 2.905499935150146484e+00 4.513109922409057617e-01 -8.876392793658643976e-01 -1.807906588157477332e-03 -4.605358196716270447e-01
-4.497552871704101562e+00 4.372150039672851562e+01 -1.456170558929443359e+01 -8.193970973872882757e-02 3.119085231733028513e-02 -9.961490926059468620e-01
7.034968566894531250e+01 3.878501892089843750e+00 6.573333740234375000e+00 -4.282067265015448987e-01 -7.463764653530635673e-01 5.094714627394730799e-01
6.389372253417968750e+01 1.309350013732910156e+01 -2.626029014587402344e+00 -8.262160064162938911e-01 -1.618172155392151312e-01 5.396131016725280727e-01
2.367539596557617188e+01 6.487950134277343750e+01 -3.467802047729492188e+00 2.636506031049269949e-01 8.350270754677276974e-01 -4.829266432060070890e-01
-1.358554649353027344e+01 6.333149719238281250e+01 -4.968260765075683594e+00 1.721990732762010423e-01 -8.499678359844357045e-01 4.978977374469109041e-01
-3.625799179077148438e+01 5.760449981689453125e+01 -6.730973243713378906e+00 -5.278572435814479213e-01 8.166117386657892885e-01 -2.334780475158908797e-01
1.957947921752929688e+01 5.519749832153320312e+01 -1.190091037750244141e+01 1.956354284030085433e-01 5.838835785598476269e-01 -7.879129049848830890e-01
7.550121307373046875e+01 1.624750137329101562e+01 1.393320846557617188e+01 9.462133507630777762e-01 1.768691855376376965e-01 -2.709198886109351889e-01
-5.499550247192382812e+01 4.189350128173828125e+01 -3.323669910430908203e+00 -7.489999144323779001e-01 5.527060259945472120e-01 -3.653972865383726676e-01
-6.712789916992187500e+01 9.931499481201171875e+00 -5.428002834320068359e+00 -7.598472210144215921e-01 8.756997088811439844e-02 -6.441767621664999943e-01
1.669312667846679688e+01 6.664501190185546875e+00 -1.511081218719482422e+01 2.036238588268423841e-02 2.429425740214438342e-02 -9.994974548734194553e-01
-4.849953460693359375e+01 3.214949798583984375e+01 -1.664652633666992188e+01 -6.866318402356083039e-01 5.277558074344020911e-01 5.000105235831787676e-01
7.721990966796875000e+01 1.037249946594238281e+01 1.713110733032226562e+01 8.275109050117657183e-01 -3.621665377734630507e-03 5.614379624023478899e-01
-5.558205413818359375e+01 1.143250083923339844e+01 -1.151622867584228516e+01 -9.926936433427956397e-01 1.052151048655120408e-01 -5.906870723950081309e-02
-5.972288131713867188e+01 3.349250030517578125e+01 -4.763357162475585938e+00 -8.513196785488243989e-01 4.487424846609557871e-01 -2.718179305635267662e-01
3.754225540161132812e+01 3.370650100708007812e+01 -7.994074821472167969e+00 -8.093051337238925391e-02 -2.857746929374704870e-02 9.963099820106422477e-01
3.517092895507812500e+01 5.510949707031250000e+01 -3.252264022827148438e+00 -4.399112161199291715e-01 -8.279199835154789078e-01 3.478888081379077346e-01
-6.026939868927001953e+00 4.968500137329101562e+00 -1.469559097290039062e+01 2.305665922026156091e-03 -7.612464204748363439e-02 -9.970956437462750177e-01
-6.673358154296875000e+01 3.508349990844726562e+01 1.168864059448242188e+01 -8.482402000320319324e-01 4.387571431794686783e-01 -2.966154621030558380e-01
-5.640191650390625000e+01 4.479650115966796875e+01 2.600728034973144531e+00 -7.366530237579228535e-01 5.335899773872088137e-01 -4.154805153316185051e-01
-3.901183700561523438e+01 5.091550064086914062e+01 -5.580656051635742188e+00 5.140278876787803819e-01 -6.110820117302607768e-01 6.019585580654108758e-01
-9.524013519287109375e+00 3.204449844360351562e+01 -8.486007690429687500e+00 3.365428049688845569e-02 9.067303529040542098e-02 9.953119059247014233e-01
1.825220489501953125e+01 3.703549957275390625e+01 -1.478994083404541016e+01 3.399415136094279671e-02 7.126287761582186797e-02 -9.968781269278413903e-01
-1.058604717254638672e+01 6.736150360107421875e+01 3.365046024322509766e+00 1.168775544382119197e-01 -9.561027967938112715e-01 2.687137496139613835e-01
8.038430213928222656e-01 -1.975000053644180298e-01 -7.277995109558105469e+00 1.010054325076992568e-02 1.127982034072835815e-01 9.935665777058567683e-01
3.172919845581054688e+01 5.945449829101562500e+01 -7.910028934478759766e+00 4.184799973999785427e-01 7.715239544422938245e-01 -4.791923199487230778e-01
-5.669847106933593750e+01 3.515450286865234375e+01 1.099532008171081543e+00 7.488890274457210561e-01 -4.637341363311859865e-01 4.734087825258116999e-01
5.974465179443359375e+01 2.497150039672851562e+01 -5.068882942199707031e+00 -8.722447474260124345e-01 -3.526137204065482034e-01 3.388991955859209093e-01
-4.491347122192382812e+01 2.673050117492675781e+01 -7.171656131744384766e+00 4.958109739031187763e-02 -5.814232268267142956e-02 9.970763185908271264e-01
-3.460193252563476562e+01 3.079949951171875000e+01 -1.374338340759277344e+01 -1.536951998670643971e-01 2.492722517736651461e-02 -9.878038362867296307e-01
-6.978343963623046875e+01 -1.029550170898437500e+01 1.148633766174316406e+01 7.943284463862148037e-01 3.554207371258856774e-01 4.926646109500399939e-01
6.156579589843750000e+01 2.165150070190429688e+01 -9.046858787536621094e+00 2.900287155729874833e-01 1.649149806774940219e-01 -9.427016459576300633e-01
5.534902954101562500e+01 5.330950164794921875e+01 1.388746833801269531e+01 7.047406668352258485e-01 6.971837857352543022e-01 -1.314357691669212069e-01
6.416152954101562500e+01 7.322500228881835938e+00 -3.856910943984985352e+00 -8.592730112730334602e-01 -8.573627078040027549e-02 5.042808582233151427e-01
9.889136314392089844e+00 6.445249938964843750e+01 -9.865711212158203125e+00 6.862294118911446694e-02 3.907887797397675000e-01 -9.179188534789221032e-01
5.593762588500976562e+01 2.086550140380859375e+01 -1.081043910980224609e+01 3.566540763393921676e-01 5.556153858098585030e-02 -9.325828570486424107e-01
-5.078442382812500000e+01 5.637950134277343750e+01 1.763698768615722656e+01 -4.232740431204805587e-01 4.809290965760555370e-01 7.678191769466172767e-01
-1.501130676269531250e+01 6.360499858856201172e+00 -7.818652153015136719e+00 -3.379806847138270426e-02 1.291764087255214966e-01 9.910454812955763471e-01
-5.794698333740234375e+01 8.744999766349792480e-01 -4.857474803924560547e+00 1.923151650768346599e-01 1.249162161306583002e-01 9.733503049925389394e-01
-3.982234954833984375e+01 1.675550079345703125e+01 -1.333038425445556641e+01 -7.171976408203327435e-02 3.436131301779847547e-02 -9.968327721376891715e-01
-1.343022346496582031e+01 7.293350219726562500e+01 1.719300651550292969e+01 2.147607123562293371e-02 -5.143269288368083059e-01 8.573252525369700061e-01
3.141147232055664062e+01 6.010750198364257812e+01 2.747561931610107422e+00 -4.353316305960175381e-01 -8.173603165575702434e-01 3.773704868157037318e-01
1.323920965194702148e+00 7.570950317382812500e+01 1.280481910705566406e+01 6.426913625188514223e-02 9.670773535029114631e-01 -2.462333658691308325e-01
5.850991058349609375e+01 4.868050384521484375e+01 1.114714145660400391e+01 6.963739861815674281e-01 5.965689512517472481e-01 -3.989595941595899253e-01
1.485617637634277344e+01 5.287450027465820312e+01 -1.932880783081054688e+01 1.338269527279674874e-02 -1.234327366021784611e-01 -9.922626985844689163e-01
-5.294722080230712891e+00 6.051450347900390625e+01 -7.671691894531250000e+00 -1.004007687698698498e-01 -2.949893812919716224e-02 9.945096773182596772e-01
2.167168426513671875e+01 5.442850112915039062e+01 -7.627036094665527344e+00 -3.003415930650608565e-02 -6.840889369450953161e-02 9.972051807618352859e-01
-6.733290863037109375e+01 2.182649993896484375e+01 1.038707828521728516e+01 8.762193263375293029e-01 -2.825785544889387602e-01 3.903704044821382224e-01
4.231187057495117188e+01 4.591949844360351562e+01 -1.039070224761962891e+01 1.790253946804205021e-01 2.043912985921099990e-01 -9.623793977010057787e-01
-5.147723388671875000e+01 4.789649963378906250e+01 8.883357048034667969e+00 6.654882592000394004e-01 -6.358078945474942012e-01 3.909906624178942636e-01
-1.510689353942871094e+01 6.549949645996093750e+01 7.239310145378112793e-01 2.218295013054727427e-01 -8.555083190136330007e-01 4.678644979575101726e-01
1.793038940429687500e+01 2.202150154113769531e+01 -7.998075008392333984e+00 5.290416565721303829e-04 2.593589288611205038e-02 9.996634681607234896e-01
2.726226425170898438e+01 9.256500244140625000e+00 -7.761297225952148438e+00 1.448796108636469238e-01 1.584102970949910136e-02 9.893224753000110505e-01
6.446265411376953125e+01 2.647850036621093750e+01 -3.220906972885131836e+00 8.361217722861922219e-01 3.844633004770656171e-01 -3.912650667965113516e-01
-7.014417266845703125e+01 1.780849838256835938e+01 1.435860157012939453e+01 8.966710749765449684e-01 -2.024564220111575996e-01 3.936907167902835014e-01
1.977942943572998047e+00 1.924989968538284302e-01 -1.459982681274414062e+01 -5.731874389911029155e-02 -8.258588778876445324e-02 -9.949342353824044416e-01
2.384916687011718750e+01 6.778250122070312500e+01 1.225808334350585938e+01 -2.861632022134951714e-01 -8.372195018689819745e-01 4.660194495824953043e-01
-6.270178604125976562e+01 2.936949920654296875e+01 7.132143020629882812e+00 8.804095793419721705e-01 -3.571436304172959653e-01 3.119733960696740582e-01
6.096589660644531250e+01 3.517549896240234375e+01 8.033320426940917969e+00 -7.923370486685561431e-01 -5.405857422841020554e-01 2.827880063693445356e-01
-6.847024536132812500e+01 6.572500228881835938e+00 -2.787234067916870117e+00 -9.653190170883040322e-01 9.536395206962507143e-02 -2.430327383159169852e-01
3.503984069824218750e+01 1.490500926971435547e+00 -1.448694419860839844e+01 4.397051969537686678e-02 -1.545639137327185948e-02 -9.989132561756475237e-01
1.941085433959960938e+01 6.321498870849609375e+00 -7.679008960723876953e+00 -4.630277572987371443e-02 -8.073599095246911800e-03 9.988948242719841719e-01
-5.196788406372070312e+01 4.468550109863281250e+01 -5.064693927764892578e+00 -7.523217664610859501e-01 6.140448208194239088e-01 -2.386648648915729309e-01
3.622651290893554688e+01 6.313349914550781250e+01 1.431054019927978516e+01 -3.823080310478942923e-01 -8.393401309999394266e-01 3.864566132042338009e-01
-2.284628105163574219e+01 6.215549850463867188e+01 -1.170397996902465820e+00 2.718893891654512451e-01 -8.539145904626248562e-01 4.437409517435657591e-01
5.102970504760742188e+01 5.750550079345703125e+01 1.484728240966796875e+01 6.663007396017236461e-01 7.414565216150813542e-01 -7.928146669090194165e-02
-3.375241041183471680e+00 6.269749832153320312e+01 -1.105875492095947266e+01 4.046072892425110756e-03 2.726637082541764068e-01 -9.621008946546254492e-01
5.914399719238281250e+01 -3.621501922607421875e+00 -1.128097343444824219e+01 9.835845429569555209e-01 -1.701021370901812935e-01 -6.022217044834925204e-02
3.352172470092773438e+01 4.717150115966796875e+01 -7.309953212738037109e+00 -3.329599772541929487e-02 1.857566976289853899e-02 9.992728961741775828e-01
2.784969139099121094e+01 4.844449996948242188e+01 -1.920119094848632812e+01 -7.040590513024583275e-02 -2.679429273731102623e-01 -9.608587805674250193e-01
4.128546524047851562e+01 5.983450317382812500e+01 1.413099002838134766e+01 -4.415511382655284423e-01 -7.334461304077470878e-01 5.168068943873699306e-01
1.562479591369628906e+01 6.787849426269531250e+01 -2.401336908340454102e+00 2.217544095075557609e-01 8.879028243892997940e-01 -4.030552769850054839e-01
-5.576793289184570312e+01 4.466950225830078125e+01 1.210562801361083984e+01 7.398539259926979472e-01 -5.747187061961888110e-01 3.497350096020845900e-01
-4.055077362060546875e+01 4.149649810791015625e+01 -6.618525981903076172e+00 1.185897920094900748e-01 -5.639933767677125093e-02 9.913402927051676583e-01
3.156336021423339844e+01 5.262350082397460938e+01 -7.000556945800781250e+00 -7.094053757822696427e-02 -1.097997115458493045e-01 9.914189142196957460e-01
1.930579566955566406e+01 6.956949615478515625e+01 2.571938991546630859e+00 2.199831552825393666e-01 8.123551840198081075e-01 -5.400800555362894606e-01
-4.380044555664062500e+01 -9.954990148544311523e-01 -6.626979827880859375e+00 -1.314330409895424767e-01 5.962290861626701188e-02 9.895304262650934657e-01
-7.675687408447265625e+01 1.745501041412353516e+00 1.550216293334960938e+01 -9.576240095649271034e-01 5.830186068443704572e-02 -2.820587693115123584e-01
-1.196182441711425781e+01 6.931250000000000000e+01 9.054883003234863281e+00 1.868653800654644925e-01 -9.325167014019256628e-01 3.090209237890877980e-01
1.128502178192138672e+01 6.466050720214843750e+01 -2.171514987945556641e+00 -1.498325132318976405e-01 -8.766924642538739265e-01 4.571220199236556980e-01
5.258940124511718750e+01 3.266249847412109375e+01 -6.552095890045166016e+00 -6.524776839975256204e-02 -1.196965821110191203e-01 9.906641494218876298e-01
-4.335049438476562500e+01 5.403850173950195312e+01 6.369298934936523438e+00 5.943235984585554244e-01 -7.250227411447568437e-01 3.480251214182917274e-01
6.488150024414062500e+01 1.866550064086914062e+01 -7.788670063018798828e+00 6.320254371534983484e-01 1.736543353492267516e-01 -7.552403714085652586e-01
6.231161499023437500e+01 4.067850112915039062e+01 6.792947769165039062e+00 7.819219847451388539e-01 4.999554796141748580e-01 -3.723473219669817258e-01
7.186930084228515625e+01 1.789050102233886719e+01 5.858635902404785156e+00 9.116965079961282248e-01 2.714205135289421977e-01 -3.084483459890017265e-01
-5.377188491821289062e+01 -8.018497467041015625e+00 -4.979609012603759766e+00 1.741155166712979874e-01 9.877429329352217791e-02 9.797588610666668751e-01
-5.642880249023437500e+01 5.139849853515625000e+01 1.441825866699218750e+01 -7.749473416031060768e-01 6.189940771294872857e-01 -1.276830067820036441e-01
-2.806608772277832031e+01 4.433350372314453125e+01 -7.840340137481689453e+00 9.060601830826620073e-02 -1.217761931440831669e-01 9.884134298104497729e-01
-6.090809631347656250e+01 -2.243499994277954102e+00 -8.233565330505371094e+00 -3.511793267652996708e-01 3.176726649574106859e-02 -9.357691602270612474e-01
3.937538909912109375e+01 6.331749725341796875e+01 8.050292968750000000e+00 4.909580499506976392e-01 7.890929339370955642e-01 -3.691781884119847978e-01
-2.481862258911132812e+01 3.388349914550781250e+01 -1.406180477142333984e+01 -3.909686162444427071e-02 5.728457982176594909e-02 -9.975920570683002309e-01
-3.204928207397460938e+01 -2.752499103546142578e+00 -6.227105140686035156e+00 1.291263990966604880e-01 7.561061439660807237e-02 9.887413251436886208e-01
-9.135412216186523438e+00 2.093750000000000000e+01 -1.488166332244873047e+01 -2.994962452516394813e-02 3.854405355058399441e-04 -9.995513350630849114e-01
-6.850756835937500000e+01 1.272750091552734375e+01 8.356788635253906250e+00 9.181504655930816661e-01 -1.798033917426668515e-01 3.530870471272494204e-01
-6.085735702514648438e+01 2.522650146484375000e+01 -3.555549979209899902e-01 8.273685389898155496e-01 -3.032630789621117429e-01 4.727502571424768707e-01
1.424140453338623047e+01 6.486750793457031250e+01 -9.124733924865722656e+00 1.428929353604024843e-01 7.275147046525914929e-01 -6.710469160486026707e-01
-2.728545188903808594e+01 2.904049873352050781e+01 -1.414151191711425781e+01 -3.806253646852988948e-02 6.785403048337367016e-02 -9.969689432799515583e-01
4.778836441040039062e+01 4.015950012207031250e+01 -6.444482803344726562e+00 -2.049750311317718177e-01 -2.298934034787736280e-01 9.513854422101879482e-01
-1.092461013793945312e+01 -5.983498096466064453e+00 -1.111609363555908203e+01 -7.371750763491157210e-01 -6.747094048508505137e-01 -3.660772890369495131e-02
3.501739120483398438e+01 -7.784500122070312500e+00 -1.217500877380371094e+01 1.354596199862855357e-02 -9.934069131482834436e-01 1.138385339976349109e-01
-6.053387451171875000e+01 3.800250244140625000e+01 1.497614026069641113e+00 -7.815520807573371753e-01 4.957833399880448577e-01 -3.786492108194279838e-01
4.758462524414062500e+01 3.499250030517578125e+01 -1.267839241027832031e+01 7.759749959538100317e-01 6.159117095242288009e-01 -1.360719358480163843e-01
5.429549813270568848e-01 4.108549880981445312e+01 -1.478270912170410156e+01 -4.016734144618039348e-02 8.554311207000107886e-02 -9.955244651230451547e-01
2.783223915100097656e+01 3.912350082397460938e+01 -8.154910087585449219e+00 -6.711695211516924275e-02 5.774821479343552472e-02 9.960725166507412576e-01
-3.106565284729003906e+01 5.884950256347656250e+01 -5.709310173988342285e-01 4.391242828599871695e-01 -8.202394742605496614e-01 3.665747796391329305e-01
5.387206268310546875e+01 5.051550292968750000e+01 5.488831996917724609e+00 6.721245534282325185e-01 6.702404853253208783e-01 -3.146844077957743901e-01
-3.190135574340820312e+01 -1.596499919891357422e+00 -1.283671760559082031e+01 -1.700019938608706149e-01 -6.177360449637125939e-02 -9.835056399791789472e-01
-1.728918457031250000e+01 2.546249961853027344e+01 -7.975512981414794922e+00 1.947283171432222237e-02 3.319473464698680792e-02 9.992591848047942538e-01
2.722709083557128906e+01 5.356501102447509766e+00 -1.466835021972656250e+01 -4.646857696912375102e-02 8.843134380384027118e-03 -9.988806086458956734e-01
-3.799693679809570312e+01 5.824150085449218750e+01 -2.611566066741943359e+00 -4.739670399058935057e-01 7.475705270066341779e-01 -4.652886762364504825e-01
-4.954115295410156250e+01 5.100650024414062500e+01 1.136558341979980469e+01 6.553049241719700602e-01 -6.693761242937759093e-01 3.500158004739387096e-01
8.038556098937988281e+00 -3.045501947402954102e+00 -7.908699035644531250e+00 2.459473161309934652e-01 -3.761472784251245621e-02 9.685530702740531295e-01
3.220625686645507812e+01 3.578450012207031250e+01 -1.404744052886962891e+01 6.649005924540575541e-02 1.883602926268377886e-01 -9.798466574842589205e-01
3.804027175903320312e+01 4.486650085449218750e+01 -1.483155059814453125e+01 5.455019787473625037e-01 8.132274064622392329e-01 2.027036668672083375e-01
-7.353885650634765625e+01 -4.933497905731201172e+00 7.708993911743164062e+00 -8.747235270550760555e-01 -8.593783065875436333e-02 -4.769417579516338490e-01
2.021647834777832031e+01 7.258450317382812500e+01 1.110249328613281250e+01 2.404337542429431096e-01 8.940771500755775314e-01 -3.779122378719395603e-01
5.989548110961914062e+01 3.315549850463867188e+01 -6.331582069396972656e+00 8.455154737796621855e-01 4.233964126100102643e-01 -3.253291585273710429e-01
-5.580789089202880859e+00 2.286350059509277344e+01 -8.441850662231445312e+00 1.700889921006787722e-02 -6.059853182100290170e-02 9.980172920790504332e-01
2.226284599304199219e+01 4.574749755859375000e+01 -8.393022537231445312e+00 -2.469126143119224071e-02 -7.548375829635549372e-02 9.968412831752073711e-01
9.857349395751953125e+00 4.886450195312500000e+01 -1.431994438171386719e+01 -9.040223152968793197e-02 -7.741281618164974621e-01 -6.265405219274037263e-01
-2.327135276794433594e+01 5.260449981689453125e+01 -1.184437179565429688e+01 -2.109658164909609390e-01 3.606308679580877419e-01 -9.085366263107385043e-01
4.734384536743164062e+01 5.721450042724609375e+01 6.833518981933593750e+00 5.515482609169285455e-01 7.370020957171632414e-01 -3.906692037875789669e-01
-6.320206451416015625e+01 2.410750007629394531e+01 3.137571096420288086e+00 8.165056600397527786e-01 -3.083970796590352892e-01 4.880673604952764921e-01
4.758939361572265625e+01 1.962150001525878906e+01 -1.348439216613769531e+01 -1.864045701945699629e-01 -2.409470720152573353e-01 -9.524693405553020797e-01
-4.594052505493164062e+01 5.403749847412109375e+01 1.100128555297851562e+01 6.374194559022832163e-01 -6.756079066481862627e-01 3.704732024204893115e-01
-3.190444374084472656e+01 2.736849975585937500e+01 -1.395665931701660156e+01 -7.417044818917466198e-02 7.809810743702264024e-02 -9.941827951791220030e-01
-2.253538322448730469e+01 4.791650009155273438e+01 -7.980053901672363281e+00 9.023866273115266345e-02 -7.106418407950804150e-02 9.933815306767118658e-01
2.313394737243652344e+01 6.289850234985351562e+01 -8.341938018798828125e+00 2.812218821873608832e-01 7.057140330224825897e-01 -6.502937463747751057e-01
3.884720993041992188e+01 3.530649948120117188e+01 -1.702696228027343750e+01 -5.596634304277181560e-01 -7.447110322827830142e-01 -3.635688697319812146e-01
-5.724928855895996094e+00 -5.133499145507812500e+00 -7.153725147247314453e+00 -4.350592740170877715e-02 -2.940493559229617054e-02 9.986203402914094474e-01
-1.261740684509277344e+01 1.796750068664550781e+01 -8.366089820861816406e+00 7.804334859113548628e-02 -7.015969539467352412e-02 9.944781811999743315e-01
6.885140991210937500e+01 -6.350100040435791016e-02 -4.410008907318115234e+00 9.070257600622474436e-01 -1.874882910565709576e-02 -4.206575233972039696e-01
-7.663949012756347656e+00 2.693650054931640625e+01 -1.518399524688720703e+01 -1.310905208686833356e-01 1.210622223837599584e-02 -9.912964817457451394e-01
8.382860183715820312e+00 5.439749908447265625e+01 -1.947095489501953125e+01 3.655003373802818978e-02 -1.884806925776215669e-01 -9.813965169895444429e-01
-3.682182693481445312e+01 3.740550231933593750e+01 -7.407689094543457031e+00 7.175535763751489382e-02 -1.501638248685457575e-02 9.973092183005833888e-01
-5.400826644897460938e+01 3.654750061035156250e+01 -2.273123979568481445e+00 8.083340633254916252e-01 -4.567663991468196016e-01 3.714303416229594590e-01
2.286536598205566406e+01 7.168450164794921875e+01 1.742030715942382812e+01 -6.641479512083682535e-02 2.813185819777905827e-01 9.573133919584863039e-01
4.162807083129882812e+01 5.639550018310546875e+01 -1.637422084808349609e+00 5.424930796432360092e-01 7.611435387312315282e-01 -3.554740102833058302e-01
-1.373086261749267578e+01 5.560150146484375000e+01 -1.908422279357910156e+01 -2.609222824376126737e-01 8.368646048501473533e-01 -4.812246831538813940e-01
-6.841570281982421875e+01 -7.007500171661376953e+00 -1.981473922729492188e+00 -9.600557228566453105e-01 -4.495696267323637252e-02 -2.761736419671536602e-01
3.949710845947265625e+01 5.080349731445312500e+01 -9.753001213073730469e+00 2.872199118703712140e-01 2.714187197178418720e-01 -9.186057918453943705e-01
-1.582681179046630859e+01 2.925010025501251221e-01 -1.399929046630859375e+01 -6.979041232124243155e-02 -9.568892518500356215e-02 -9.929616951045844297e-01
-2.545888900756835938e+01 2.121450042724609375e+01 -1.432725811004638672e+01 -9.085121629963777146e-02 6.164288419101131289e-02 -9.939548336446127896e-01
3.062569046020507812e+01 -7.759499073028564453e+00 -1.130108261108398438e+01 -9.583798381832227264e-02 -9.944864236751215225e-01 -4.256564322908483466e-02
-6.225581741333007812e+01 7.394999861717224121e-01 -3.769068956375122070e+00 2.132177003621007483e-01 7.340388397876622395e-02 9.742433382215808235e-01
5.725668716430664062e+01 1.558850002288818359e+01 -1.092678356170654297e+01 6.243760217676380675e-01 1.237684724541102954e-01 -7.712560850119719591e-01
2.239161968231201172e+00 3.791650009155273438e+01 -8.842551231384277344e+00 6.267795025252992890e-03 -4.049036378060293789e-02 9.991602700199981868e-01
4.143331050872802734e+00 3.445650100708007812e+01 -1.519732379913330078e+01 -4.038067804918879511e-02 1.018675422318162131e-03 -9.991838485187156671e-01
-7.831806182861328125e+00 1.177950096130371094e+01 -1.500165653228759766e+01 -2.227823329655005680e-02 -1.295289955651164442e-02 -9.996678962106683164e-01
-1.220283031463623047e+00 8.189500808715820312e+00 -7.986300945281982422e+00 3.988937385234281319e-02 1.018969098048484456e-01 9.939948981890653901e-01
-4.857657623291015625e+01 4.089949798583984375e+01 -9.697471618652343750e+00 -3.259916756066557619e-01 1.891868172923650282e-01 -9.262493053157719869e-01
