6.085832595825195312e+01 -8.083185577392578125e+01 -5.846251010894775391e+00 4.448321036409525475e-01 -5.481789244686643414e-01 -7.082543796820061077e-01
-5.972153091430664062e+01 9.370623016357421875e+01 1.872371482849121094e+01 -5.519944644339411788e-01 8.280734384605368259e-01 9.796168511428292314e-02
-9.345795440673828125e+01 -6.048976898193359375e+01 2.038112068176269531e+01 -8.399959448026883546e-01 -5.394600215737693771e-01 5.822111162342245155e-02
8.844021606445312500e+01 6.553140258789062500e+01 1.797559928894042969e+01 9.723061728185821151e-01 2.331597715313493691e-01 1.603830534472022729e-02
-1.139516258239746094e+01 2.284044981002807617e+00 -2.282771110534667969e+01 -1.363686287623577520e-01 4.158927500592884963e-02 -9.897847893830029609e-01
-1.924419975280761719e+01 -1.100247726440429688e+02 2.024734497070312500e+01 -1.620657454458759306e-01 -8.813263353016724810e-01 4.438452262408558169e-01
-1.008625793457031250e+02 2.169246101379394531e+01 -5.522661209106445312e+00 -7.286900168757288743e-01 1.369896390762360694e-01 -6.710027556511316549e-01
1.610274124145507812e+01 9.020495605468750000e+01 -2.174193954467773438e+01 6.231470447109741656e-02 3.765650403232280174e-01 -9.242919711936513627e-01
1.081897277832031250e+02 -1.637991905212402344e+01 2.111805534362792969e+01 9.701601360129623597e-01 -1.772500988461119809e-01 1.654439873502629998e-01
5.705318069458007812e+01 1.332431697845458984e+01 -1.594120693206787109e+01 1.696240314268706861e-01 1.163032339786682426e-02 -9.854402181462642574e-01
-3.823142623901367188e+01 -5.831781005859375000e+01 -1.648035430908203125e+01 -1.015069677216403343e-01 -1.519363048974391173e-01 -9.831641240190115427e-01
-4.898994064331054688e+01 4.780666351318359375e+01 -1.718334579467773438e+01 -9.973652125367835075e-02 8.469986865508394303e-02 -9.914023192317164002e-01
1.761061668395996094e+01 -4.631739425659179688e+01 -1.773929023742675781e+01 1.069275361227964571e-01 -1.499551888729140914e-01 -9.828936582096746699e-01
-8.239663696289062500e+01 -2.708311843872070312e+01 -2.085833358764648438e+01 1.129234791821867451e-01 5.436991298020137087e-02 -9.921150137014940196e-01
8.038591003417968750e+01 -3.400135040283203125e+01 -2.004671478271484375e+01 -7.850944758584683936e-02 4.119034163968249979e-02 -9.960620575021275069e-01
4.823825454711914062e+01 9.952307128906250000e+01 1.887675285339355469e+01 2.961324593563448571e-01 7.175211207064087215e-01 6.304514317977095716e-01
-1.058144760131835938e+01 1.103728942871093750e+02 1.809396743774414062e+01 -6.303751830551700130e-02 5.500843490807895142e-01 8.327265338526482763e-01
1.665045547485351562e+01 4.163368225097656250e+01 -1.126201057434082031e+01 -7.199566684960839735e-02 -1.247046528651549330e-01 9.895783816902333774e-01
5.864630889892578125e+01 6.531769561767578125e+01 -2.097691345214843750e+01 -1.509134420011920830e-01 -1.625716847421652678e-01 -9.750874731753285118e-01
2.935581398010253906e+01 -1.065199279785156250e+02 2.095401954650878906e+01 2.012358428649283770e-01 -7.450908754523035693e-01 6.358802740014519728e-01
-1.065746383666992188e+02 -1.522596263885498047e+01 2.352850723266601562e+01 -3.736180063728399836e-01 -6.487195764141212573e-02 9.253114148359757873e-01
-9.211540222167968750e+01 5.947453689575195312e+01 2.151479339599609375e+01 -5.353082336889355419e-01 3.046551305185530301e-01 7.878009560755528939e-01
-6.067227554321289062e+01 -9.178814697265625000e+01 8.265560150146484375e+00 -5.124370015607513373e-01 -8.148882651784210562e-01 -2.708605447567619673e-01
9.141362762451171875e+01 -5.972052764892578125e+01 2.212111282348632812e+01 4.603454618386021990e-01 -1.276076015539656938e-01 8.785205494410749383e-01
-2.660857915878295898e+00 -8.786090087890625000e+01 -1.880447387695312500e+01 -5.568208768337970516e-02 -9.954493059205025141e-01 -7.733165233984226616e-02
-2.927919960021972656e+01 8.832910156250000000e+01 -2.065656661987304688e+01 -2.591921689303215981e-01 9.564315544730236374e-01 1.343804344892192970e-01
-5.388848114013671875e+01 4.758532047271728516e+00 -1.016279029846191406e+01 1.701247560400369618e-01 -1.050532138317293307e-01 9.798068124104581944e-01
9.787019348144531250e+01 1.069554042816162109e+01 -8.649722099304199219e+00 8.915931710532642995e-01 1.262052733235680124e-01 -4.348952130301139141e-01
2.529467010498046875e+01 -8.468151092529296875e+00 -1.330891227722167969e+01 -1.068586902283367723e-01 1.564512717491281166e-02 9.941511204632649257e-01
-7.371446990966796875e+01 7.217308807373046875e+01 -7.118832111358642578e+00 -4.617967661453983852e-01 4.371596949580919267e-01 -7.717740264363658342e-01
-7.347856140136718750e+01 -6.248796081542968750e+01 -9.613498687744140625e+00 -1.987784001230463726e-01 -1.634037386132440595e-01 -9.663262212378057603e-01
8.541392517089843750e+01 4.390937042236328125e+01 -1.035678672790527344e+01 2.518122166686176944e-01 1.049996874769062449e-01 -9.620632376128863683e-01
-1.509419441223144531e+01 5.731740951538085938e+01 -1.083871650695800781e+01 1.269989617194873348e-03 -1.210487625944401680e-01 9.926457496008971315e-01
-1.444801044464111328e+01 -3.214610671997070312e+01 -1.361398220062255859e+01 5.320145415517651272e-02 1.247070649609946791e-01 9.907662455012226088e-01
5.065863800048828125e+01 -4.677085876464843750e+01 -5.702470779418945312e+00 -2.598104722801635180e-01 2.400224443381160366e-01 9.353543417911280855e-01
3.028985786437988281e+01 -7.813171386718750000e+01 -2.122024536132812500e+01 -2.674147012071628748e-02 1.296496109125569729e-01 -9.911992091229722135e-01
-5.109239578247070312e+01 -2.839839744567871094e+01 -1.012210559844970703e+01 -3.338913357747012867e-02 2.026378172581061177e-01 9.786843621800729309e-01
-8.147032165527343750e+01 4.311013793945312500e+01 -2.128457832336425781e+01 -3.152880756876907387e-01 1.699333657393806707e-01 -9.336573678484194616e-01
-3.235264587402343750e+01 -9.642944335937500000e+01 -7.517718791961669922e+00 -1.890262336621001960e-01 -4.472648060296658401e-01 -8.741986480627651490e-01
1.941400527954101562e+01 1.076700363159179688e+02 5.575179100036621094e+00 1.786141940879729662e-01 9.285959900294178393e-01 -3.252790447778483029e-01
-1.010266723632812500e+02 -3.693059921264648438e+01 1.813480973243713379e+00 -8.708953667028742629e-01 -2.982983995963131574e-01 -3.905884343573737261e-01
5.711552810668945312e+01 -9.259826660156250000e+01 2.248438072204589844e+01 7.388002270225629831e-02 -8.072332241371027450e-02 9.939947119899613659e-01
5.815236282348632812e+01 -1.641727256774902344e+01 -7.900945186614990234e+00 -2.227305655616474978e-01 6.681594794672369997e-02 9.725876434875004861e-01
-2.651057624816894531e+01 2.708227539062500000e+01 -1.252294635772705078e+01 5.134483231124464114e-02 -7.069480932573035670e-02 9.961756632890249596e-01
4.418086624145507812e+01 9.005613708496093750e+01 -9.950282096862792969e+00 1.371838643009873904e-01 2.531018596506263152e-01 -9.576638429098401906e-01
-1.061353530883789062e+02 1.511381053924560547e+01 2.355530166625976562e+01 -1.713518966086271383e-02 3.344686134921685816e-02 9.992935968678936520e-01
-8.245162200927734375e+01 2.890408992767333984e+00 -1.987619590759277344e+01 5.755440844330037553e-01 1.098236730724261485e-02 -8.176970065265644072e-01
5.577929019927978516e+00 -1.075393905639648438e+02 2.733911991119384766e+00 8.271108843184145354e-02 -9.008964191632197194e-01 -4.260804123511297004e-01
-3.575273895263671875e+01 1.036101684570312500e+02 4.012813091278076172e+00 -3.131045882396327196e-01 8.710672823734474379e-01 -3.784274123287407199e-01
4.677194595336914062e+01 4.060984802246093750e+01 -1.001965618133544922e+01 -6.487341990483248833e-02 -4.518402281593759950e-02 9.968700233591237803e-01
8.151574707031250000e+01 -5.984379577636718750e+01 -5.933271884918212891e+00 6.722481208812677300e-01 -3.545180619679084710e-01 -6.499226167091914919e-01
6.844297027587890625e+01 8.269425201416015625e+01 4.945106983184814453e+00 6.387374388821532856e-01 6.827698423460784038e-01 -3.547390964539696157e-01
9.836396789550781250e+01 -3.754815292358398438e+01 3.160259008407592773e+00 8.798329562117350733e-01 -3.216025005501394474e-01 -3.499511405948218523e-01
-8.133058547973632812e+00 -6.034854125976562500e+01 -1.085775184631347656e+01 -1.612437298138651165e-02 8.896518117576773799e-02 9.959042128308926989e-01
-6.973351955413818359e+00 1.023545455932617188e+02 -9.226993560791015625e+00 -3.735531872951816657e-02 5.986741191067094237e-01 -8.001211653708589777e-01
-1.038740310668945312e+02 -8.111049652099609375e+00 -4.087801933288574219e+00 -8.685770751668032696e-01 -3.593472428585956641e-02 -4.942494917399313237e-01
3.094791030883789062e+01 6.554361724853515625e+01 -1.528040027618408203e+01 3.731934550205170953e-02 1.272711887919955598e-01 -9.911656324524023010e-01
1.373480033874511719e+01 1.557485294342041016e+01 -2.188968658447265625e+01 2.292714790203424780e-02 7.367706996108501494e-02 -9.970185731725500489e-01
3.863149261474609375e+01 -9.635317993164062500e+01 -2.341373920440673828e+00 3.621762257923717421e-01 -8.203098207507149020e-01 -4.426287151221922067e-01
-4.652732467651367188e+01 7.280329895019531250e+01 -7.309847831726074219e+00 6.991963904749136371e-02 -8.688107121798505084e-02 9.937620054819382709e-01
8.096932220458984375e+01 -7.259253025054931641e+00 -1.921586418151855469e+01 -1.579752686504159453e-01 -2.429400985238663532e-02 -9.871441716285018764e-01
-3.441328048706054688e+01 -1.076874351501464844e+01 -2.073461532592773438e+01 -1.094880316908946050e-01 -2.384815654704790146e-03 -9.939852531958141002e-01
-6.426026916503906250e+01 2.829460716247558594e+01 -9.449682235717773438e+00 1.383359544798426488e-01 -5.427932313590651259e-02 9.888968190757105869e-01
-9.560272979736328125e+01 4.622968673706054688e+01 -2.693569958209991455e-01 -8.311797701323930809e-01 4.559388355597107645e-01 -3.182137142725263712e-01
6.713825225830078125e+00 7.044075775146484375e+01 -8.998363494873046875e+00 -1.292254184877615099e-02 -5.230335531188512466e-02 9.985476287765573389e-01
7.607160949707031250e+01 -7.789718627929687500e+01 1.410207939147949219e+01 6.818833598432786358e-01 -6.894600213892799756e-01 -2.442948269504194303e-01
1.011887054443359375e+02 -1.378000736236572266e+01 -4.290654182434082031e+00 9.071834743703011128e-01 -1.585654900067471063e-01 -3.897115974773519009e-01
7.599927902221679688e+00 -2.368451881408691406e+01 -2.187161636352539062e+01 2.480223229603348983e-02 -1.145705305326141232e-01 -9.931054540211774473e-01
-5.089252853393554688e+01 -7.886911773681640625e+01 -1.056330776214599609e+01 -8.348281581754610214e-02 -9.993532669389959544e-02 -9.914855268443192315e-01
-7.657073974609375000e+01 -7.851396179199218750e+01 2.199696540832519531e+01 -2.859337980987841296e-03 -8.386437429628888773e-02 9.964730758581500369e-01
3.621899032592773438e+01 -3.013365936279296875e+01 -1.701802825927734375e+01 5.281366937446805958e-03 8.450643917880337752e-02 -9.964089365820597566e-01
-4.221829986572265625e+01 -1.017274627685546875e+02 2.082216644287109375e+01 4.349008123323336306e-01 -1.098722735050157440e-01 8.937501703202721526e-01
-4.051410198211669922e+00 3.256779861450195312e+01 -2.043388175964355469e+01 -1.726535398815610967e-02 1.406783821847371885e-01 -9.899047935723660485e-01
7.932391357421875000e+01 2.193117332458496094e+01 -1.919693756103515625e+01 -1.867681094435635625e-01 -1.694258338773388037e-02 -9.822579203870166475e-01
-2.455087471008300781e+01 -7.795652770996093750e+01 -2.069335556030273438e+01 2.275300078462732037e-02 1.536523676367994862e-01 -9.878629717095891438e-01
-7.793617248535156250e+01 7.782282257080078125e+01 1.583201694488525391e+01 -7.552768146045075737e-01 6.541259610083424159e-01 -4.094093862848008358e-02
6.239584732055664062e+01 -6.165473175048828125e+01 -2.014729690551757812e+01 3.668960503121320160e-01 -3.010275778864741070e-01 -8.802100235836674003e-01
1.172071647644042969e+01 -7.302938842773437500e+01 -7.258905887603759766e+00 -7.818062897746823336e-02 9.151645950967958465e-02 9.927298358020175684e-01
-1.027910308837890625e+02 3.835339736938476562e+01 2.128994941711425781e+01 -9.532399174906773798e-01 4.161145213844805874e-02 2.993361768201366346e-01
3.451262664794921875e+01 2.041918373107910156e+01 -1.191884994506835938e+01 -6.975784892614456112e-02 -7.203830198773218674e-02 9.949594592544570570e-01
4.125000381469726562e+01 -6.786997985839843750e+01 -3.318888902664184570e+00 -1.892649304583111092e-01 2.026335605980664201e-01 9.607905215071391725e-01
7.784591674804687500e+01 6.570635986328125000e+01 -7.706254959106445312e+00 5.826555606862849901e-01 5.662398258103436000e-01 -5.829965328092633348e-01
-6.932094573974609375e+01 -1.248053646087646484e+01 -9.418405532836914062e+00 1.238727857831418144e-01 3.178799881679104933e-02 9.917888162676303798e-01
-7.022904205322265625e+01 -4.016285705566406250e+01 -6.893764972686767578e+00 1.091840646903245032e-01 6.942664779899368477e-02 9.915940603861508329e-01
-1.273460769653320312e+01 8.094199371337890625e+01 -7.971208095550537109e+00 1.663332610415152457e-02 -2.893004468830123188e-01 9.570938218879079251e-01
1.768666458129882812e+01 -9.392920684814453125e+01 -9.522660255432128906e+00 7.928878883734333249e-02 -1.775548624041739243e-01 -9.809115958134769775e-01
-1.012973556518554688e+02 -4.053461837768554688e+01 2.301233291625976562e+01 -1.045177767086569870e-01 -3.346436617734923485e-02 9.939598435290167844e-01
-5.311261749267578125e+01 9.244202423095703125e+01 -1.906962990760803223e+00 -4.478196609669248818e-01 7.864274671450447451e-01 -4.254284783266139014e-01
-6.785471343994140625e+01 5.140224456787109375e+01 -7.021986961364746094e+00 1.449473612582920790e-01 -9.131976262271344902e-02 9.852162013582549394e-01
7.032903289794921875e+01 -3.957762145996093750e+01 -2.223058938980102539e+00 1.373244668895210185e-01 -1.105836516698089633e-01 9.843339102036865462e-01
-9.135850524902343750e+01 -5.586349487304687500e+01 -1.903650015592575073e-01 -7.479007160370909624e-01 -4.667874992808076495e-01 -4.719681657340636938e-01
-4.623871612548828125e+01 2.230521011352539062e+01 -1.905179786682128906e+01 -1.247539944570046633e-01 5.996320938502232301e-02 -9.903740982009120453e-01
-3.431795883178710938e+01 -3.758063888549804688e+01 -1.887931632995605469e+01 -8.716619118424406842e-02 -1.010879697211524708e-01 -9.910516018311493758e-01
6.671434020996093750e+01 3.487701416015625000e+01 -8.053825378417968750e+00 -1.915984113304920466e-01 -7.492301283469564310e-02 9.786095191256847237e-01
-1.217782783508300781e+01 -1.019832992553710938e+02 -6.863105773925781250e+00 -6.713676629948091279e-02 -6.919561657578624514e-01 -7.188110456027553274e-01
4.515587234497070312e+01 -3.578577041625976562e+00 -1.785813140869140625e+01 1.891294621468320447e-01 -4.549711937374534276e-02 -9.808975780767027475e-01
-6.024126815795898438e+01 6.514153289794921875e+01 -2.124537467956542969e+01 1.569109397920251947e-01 -1.490829470091715458e-01 -9.762956682709618139e-01
-8.734426879882812500e+01 2.304448509216308594e+01 -2.118099212646484375e+01 1.082907889803400546e-02 -5.560126632854971857e-03 -9.999259052760093303e-01
7.790470123291015625e+01 -2.038976287841796875e+01 -3.769629001617431641e+00 7.060842094041267503e-01 -4.009324954632910443e-02 7.069919522674675827e-01
7.420574188232421875e+01 6.927291870117187500e+00 -6.314013004302978516e+00 -2.904066782265203872e-01 2.021699312266823576e-02 9.566897273570550420e-01
-5.781748199462890625e+01 -5.605753326416015625e+01 -2.054067993164062500e+01 5.600903787263489253e-01 6.069822097104062841e-01 -5.638008201069304448e-01
-3.271033477783203125e+01 7.981490135192871094e+00 -1.314305210113525391e+01 7.608914123887171310e-02 -4.976048372328260860e-02 9.958585927957622763e-01
5.636959075927734375e+00 -4.234895229339599609e+00 -1.458558940887451172e+01 -4.260404195849934461e-02 4.785754835894963366e-02 9.979451641617735902e-01
-3.374385452270507812e+01 6.072898101806640625e+01 -1.675561904907226562e+01 -5.560896129023881057e-02 1.358416843376432648e-01 -9.891686813787287091e-01
9.990628814697265625e+01 -4.173583602905273438e+01 2.250641250610351562e+01 2.293412377647967293e-01 -8.215987568485172421e-02 9.698723377269612422e-01
-7.402484893798828125e+01 -7.857669067382812500e+01 2.004925012588500977e+00 -6.673413365408387143e-01 -6.468259834581499002e-01 -3.691499528203741054e-01
2.934279918670654297e+00 5.357921600341796875e+01 -1.799348449707031250e+01 1.829521193139027960e-02 1.420349453922621075e-01 -9.896925580743761719e-01
2.620078086853027344e+01 8.261600494384765625e+01 -7.154963016510009766e+00 4.311757803364190539e-02 1.149853811814725672e-02 9.990038328683520374e-01
-8.729408264160156250e+01 6.335349273681640625e+01 3.315993070602416992e+00 -8.455975295915375556e-01 5.055528222855191212e-01 -1.714093399667450945e-01
-4.179099947214126587e-02 -1.104807662963867188e+02 2.087983512878417969e+01 -5.028032736549145447e-03 -3.237114250937955795e-01 9.461425009746385895e-01
6.995137023925781250e+01 4.952686309814453125e+01 -2.012204933166503906e+01 -1.880403226444717357e-01 -1.657078466958196161e-01 -9.680814772544704683e-01
3.486399459838867188e+01 -5.389028930664062500e+01 -1.474955749511718750e+01 2.411775189521944418e-01 -1.562369501202510169e-01 -9.578222276441417105e-01
-1.073178558349609375e+02 7.743466854095458984e+00 5.816572189331054688e+00 -9.639802904154204377e-01 1.541913166986889558e-02 -2.655263641696414267e-01
-1.180251002311706543e+00 -4.421353149414062500e+01 -1.950631332397460938e+01 3.058182971324865940e-02 -1.533825025911677575e-01 -9.876935555071016948e-01
-1.688642692565917969e+01 -1.297858715057373047e+01 -1.318632602691650391e+01 9.866174876982060360e-02 -1.125238081284760383e-01 9.887387177277658923e-01
-8.741723632812500000e+01 -1.722738265991210938e+01 -5.437170028686523438e+00 1.887414163398682676e-01 6.274517065671089688e-02 9.800202657686629681e-01
3.721901321411132812e+01 1.015784149169921875e+02 3.714523077011108398e+00 3.651942057201901792e-01 8.308741279934305224e-01 -4.198587566546110317e-01
4.864408111572265625e+01 -7.439175415039062500e+01 -2.000378227233886719e+01 5.753941151575996393e-01 -7.791845684381371040e-01 -2.485820197638539397e-01
-2.786991119384765625e+00 8.899895477294921875e+01 -2.147046661376953125e+01 1.535416069468033273e-02 -2.790009797602731045e-01 -9.601680597906648851e-01
4.714862442016601562e+01 7.143250274658203125e+01 -7.717824935913085938e+00 -1.732845534000739332e-02 -4.515583517144803466e-02 9.988296527363904609e-01
-8.375724029541015625e+01 3.290718841552734375e+01 -5.961210250854492188e+00 1.560056941749272397e-01 -6.813833929543601509e-02 9.854031612000537788e-01
-5.270066452026367188e+01 -1.164725494384765625e+01 -1.848924446105957031e+01 -1.005275551815350693e-01 -3.112837375412682434e-02 -9.944472007083366982e-01
-7.742288970947265625e+01 1.535074138641357422e+01 -7.304172992706298828e+00 5.830748119383016154e-02 -5.757320675128823305e-03 9.982820698056611430e-01
-2.586894798278808594e+01 4.420845413208007812e+01 -1.895302200317382812e+01 -2.508608194945639164e-02 1.025692809529861749e-01 -9.944094886399730271e-01
9.030307769775390625e+01 5.537453460693359375e+01 2.964355945587158203e+00 9.854241320790962932e-01 1.451600345594910302e-01 -8.870086968483972822e-02
-2.039309883117675781e+01 -4.930620956420898438e+01 -1.863573265075683594e+01 -6.057915057662544012e-02 -7.948961365050369321e-02 -9.949932501465063028e-01
2.370636177062988281e+01 -1.047401351928710938e+02 3.743613958358764648e+00 2.343823661380409484e-01 -8.817979541325977610e-01 -4.092643088898645920e-01
-1.514536857604980469e+01 -8.371904754638671875e+01 -6.393239974975585938e+00 3.890105013566109299e-02 1.915639375088444285e-01 9.807089099954431344e-01
9.239024353027343750e+01 2.776221466064453125e+01 -6.340234756469726562e+00 7.592576952453765349e-02 -4.623964405057133242e-01 8.834165548198388285e-01
1.485588073730468750e+00 1.095125579833984375e+02 4.758469104766845703e+00 2.009755830391704579e-02 9.360766949707848283e-01 -3.512214533350618839e-01
-9.228805541992187500e+01 5.473105907440185547e+00 -5.233736991882324219e+00 2.190272473747228721e-01 1.903289832031855935e-02 9.755330920522278237e-01
-8.783190155029296875e+01 -4.084147644042968750e+01 -9.516659736633300781e+00 -2.534051778246562692e-01 -7.057735341940052365e-02 -9.647821790621794458e-01
3.224974441528320312e+01 4.796371078491210938e+01 -1.777593803405761719e+01 8.115423913847256976e-02 1.249796204188365761e-01 -9.888347101259233884e-01
7.664488220214843750e+01 7.865780639648437500e+01 2.018939781188964844e+01 3.574534428740492320e-01 4.263486992849941370e-01 8.309355106116733669e-01
1.077038669586181641e+01 1.016949539184570312e+02 -9.212455749511718750e+00 6.525602540674459162e-02 5.989025379829046036e-01 -7.981587568558964341e-01
-3.457101058959960938e+01 -7.283760070800781250e+01 -7.039214134216308594e+00 6.198372701578346716e-02 1.242949565021392727e-01 9.903074176099884163e-01
6.605417633056640625e+01 -4.427442550659179688e+01 -1.874291992187500000e+01 -8.403043448558084050e-01 5.315903770433386688e-01 1.063027706664861766e-01
-3.085943603515625000e+01 -1.055077972412109375e+02 7.531297206878662109e+00 -2.671840112605128881e-01 -9.173912461012554420e-01 -2.949678045203036336e-01
-7.461795043945312500e+01 -4.935511016845703125e+01 -2.132765769958496094e+01 -2.426264411263644727e-01 -2.221091683115059279e-01 -9.443515909968733801e-01
6.292082595825195312e+01 8.991310119628906250e+01 1.994389343261718750e+01 1.161172404747322917e-01 1.898515712977341396e-01 9.749221339883070714e-01
-1.181258201599121094e+01 1.774048042297363281e+01 -1.425811767578125000e+01 2.749037526086516720e-02 -5.669013654718670081e-02 9.980132803155868926e-01
-4.834497833251953125e+01 -4.560593414306640625e+01 -1.007365608215332031e+01 1.253357869769754496e-01 1.167244533240295451e-01 9.852240062539424637e-01
5.380574798583984375e+01 -9.236869812011718750e+01 5.167131900787353516e+00 5.129805667851946582e-01 -7.783814186176672978e-01 -3.619023421470056734e-01
-1.874915695190429688e+01 1.073695678710937500e+02 2.510900020599365234e+00 -1.225629374422093215e-01 8.938585570799202351e-01 -4.312716154589126272e-01
-4.370923995971679688e+01 1.007969360351562500e+02 1.918872070312500000e+01 6.287090940188097554e-02 -3.736733042473869976e-02 9.973218795192998476e-01
-1.065755462646484375e+02 -2.134682083129882812e+01 7.057702064514160156e+00 -9.524253274650165135e-01 -1.579977229684913220e-01 -2.606198671243770693e-01
5.823413467407226562e+01 5.351391601562500000e+01 -7.989253044128417969e+00 -5.567901080452083984e-02 -1.476293870013634275e-02 9.983395731897869441e-01
-2.923595046997070312e+01 7.567511749267578125e+01 -8.201166152954101562e+00 -7.506620927081088419e-03 8.519880948537925103e-02 9.963356931800301242e-01
5.449647140502929688e+01 9.287083435058593750e+01 4.081939220428466797e+00 4.969715753040980788e-01 7.935743314817227390e-01 -3.510826594309380821e-01
-6.774202728271484375e+01 8.488053894042968750e+01 3.797659873962402344e+00 -6.171494399421602051e-01 7.048281807669202204e-01 -3.497767922202265067e-01
3.055305290222167969e+01 6.237647056579589844e+00 -2.080680084228515625e+01 1.688442176536602557e-01 -3.214146154494276764e-02 -9.851185495231924438e-01
9.216252899169921875e+01 -5.328878021240234375e+01 6.166763782501220703e+00 8.276237855177379643e-01 -4.741249040082654576e-01 -3.004071321464293343e-01
3.027543258666992188e+01 1.054506912231445312e+02 1.893677520751953125e+01 -8.299636198024576417e-02 -4.200269009716647850e-02 9.956642897697222105e-01
5.317447280883789062e+01 -3.184284210205078125e+01 -1.377848339080810547e+01 1.830100634923104153e-01 -8.490195121617202800e-02 -9.794380916322517061e-01
-2.741362953186035156e+01 1.068605728149414062e+02 1.862768745422363281e+01 -3.716098953023157063e-03 1.586011236911616940e-01 9.873357454141282741e-01
1.335231494903564453e+01 -8.212295532226562500e+01 -2.148572158813476562e+01 -1.850032089724245807e-02 1.664817251283537691e-01 -9.858709719456123510e-01
-4.582915878295898438e+01 -9.784519958496093750e+01 2.570117950439453125e+00 -4.124117542210271048e-01 -8.219416117859619231e-01 -3.928467026653400529e-01
3.519616317749023438e+01 8.121869659423828125e+01 -2.136015892028808594e+01 -1.152628430794143677e-01 -2.557288807652727258e-01 -9.598527056521699574e-01
8.745105743408203125e+01 -4.389816665649414062e+01 -7.971942901611328125e+00 2.526956167010954712e-01 -1.204956595398642555e-01 -9.600133964336676762e-01
-4.425366592407226562e+01 8.042156219482421875e+01 -2.213708877563476562e+01 -8.909873598675158157e-02 1.413351207416070343e-01 -9.859441155007309110e-01
-1.057974700927734375e+02 2.575188636779785156e+01 1.002481079101562500e+01 -9.717009208661402386e-01 1.943419312225609374e-01 -1.342703770627776405e-01
2.914656066894531250e+01 -8.240473175048828125e+01 -5.029868125915527344e+00 -1.177504891015606070e-01 1.783116382898111418e-01 9.769031589501320223e-01
7.615455150604248047e+00 -5.978961944580078125e+01 -1.730070495605468750e+01 7.580702658171704911e-02 -5.349179357765864590e-02 -9.956866589146826652e-01
2.016185951232910156e+01 -3.022160720825195312e+01 -1.224042987823486328e+01 -1.013040869895764501e-01 1.134261747099397921e-01 9.883683447226943031e-01
6.325747299194335938e+01 7.692147064208984375e+01 -9.859539031982421875e+00 2.246894760446543904e-01 2.153603687052058624e-01 -9.503339154980928738e-01
5.701609802246093750e+01 -6.249204254150390625e+01 -4.339015007019042969e+00 4.748104039968740753e-01 -4.454740050185213018e-01 7.590177804960063224e-01
9.233830261230468750e+01 -2.729998016357421875e+01 -8.520174026489257812e+00 3.530866589486296725e-01 -8.836814080330104848e-02 -9.314080110045553917e-01
2.326832580566406250e+01 2.911573219299316406e+01 -2.047198104858398438e+01 6.409344570624439519e-02 1.013640106301760130e-01 -9.927826386306652928e-01
-9.036872863769531250e+01 -1.158831501007080078e+01 -2.071418380737304688e+01 -5.283050052413753583e-01 -5.233565503693594911e-02 -8.474401457617906086e-01
-5.146413803100585938e+01 -6.280001068115234375e+01 -6.893962860107421875e+00 1.866538225682319863e-01 1.864144572007025158e-01 9.645776281187711243e-01
4.183573532104492188e+01 -9.645754241943359375e+01 1.723943328857421875e+01 -4.259886920530374654e-01 8.874928857125597981e-01 1.757555462923877931e-01
-8.584513092041015625e+01 -6.906259155273437500e+01 8.583877563476562500e+00 -7.543858649432740870e-01 -6.083419321087446541e-01 -2.466212894540694700e-01
-2.196163368225097656e+01 9.447209930419921875e+01 -7.309521198272705078e+00 4.267025168070373575e-02 1.476005678635176344e-01 9.881261670393475249e-01
1.022713928222656250e+02 -5.858304977416992188e+00 9.993395805358886719e+00 -2.832880074778142965e-01 8.245367814315466282e-01 4.897826057402975275e-01
6.267446517944335938e+01 -2.092101097106933594e+00 -1.431933689117431641e+01 2.150459816784946188e-01 -5.113395454380912503e-02 -9.752643459373689927e-01
2.694918823242187500e+01 9.897088623046875000e+01 -8.673995971679687500e+00 2.534659476809593692e-01 6.915220432426765207e-01 -6.764261061458722857e-01
1.716342353820800781e+01 5.786379241943359375e+01 -1.013553524017333984e+01 -2.190234823038685746e-02 -1.560527578254398418e-01 9.875058601937860558e-01
4.332189083099365234e+00 8.691639709472656250e+01 -6.984166145324707031e+00 -4.745709478973021700e-02 1.031915762552274192e-02 9.988199733385482171e-01
-6.639543914794921875e+01 -2.726189804077148438e+01 -1.600353050231933594e+01 -2.737029152941929389e-01 -7.846086042311256614e-02 -9.586086832180922279e-01
-3.766387176513671875e+01 8.961255645751953125e+01 -6.875207901000976562e+00 -5.405068241736102775e-04 1.096738984585375332e-01 9.939674762532622054e-01
-4.041988372802734375e+01 3.519507980346679688e+01 -1.113181686401367188e+01 7.027597054116568875e-02 -1.012679632474161075e-02 9.974761831546127278e-01
2.560353088378906250e+01 -6.474111175537109375e+01 -7.214552879333496094e+00 -1.908580433729230030e-01 2.583689939162362448e-01 9.470051057214905477e-01
8.924811553955078125e+01 -2.694988012313842773e+00 -6.182721138000488281e+00 -8.734705965854608345e-02 2.051626195315850443e-02 9.959666531387865174e-01
9.908162117004394531e+00 1.096692962646484375e+02 1.839672279357910156e+01 -1.501486399375165717e-02 1.287407188479985365e-01 9.915646127054704717e-01
-6.512006378173828125e+01 1.366908359527587891e+01 -1.743313980102539062e+01 -1.366033003758593822e-01 3.199473683023917880e-02 -9.901090218463753923e-01
2.417284965515136719e+00 -9.377706146240234375e+01 -4.795033931732177734e+00 -3.231539290161462852e-02 1.033066099119141767e-01 9.941244689323976980e-01
-8.355580139160156250e+01 5.373058319091796875e+01 -8.890352249145507812e+00 -4.078460538413884451e-01 2.220367772506647852e-01 -8.856417254816678630e-01
8.731024169921875000e+01 7.310786247253417969e+00 -2.038352394104003906e+01 -5.296955600456273311e-02 -8.795246059648116621e-02 -9.947153315455150580e-01
-9.614297866821289062e+00 -1.093041076660156250e+02 7.157588958740234375e+00 -7.339523081781886005e-02 -9.483370391087098117e-01 -3.086583877812562604e-01
7.080541992187500000e+01 -7.040978240966796875e+01 7.579339742660522461e-01 -6.351212595289784657e-01 6.269143989345405954e-01 4.512198157249607822e-01
-1.044171371459960938e+02 -2.044429928064346313e-01 1.924114036560058594e+01 9.991480153214995497e-01 2.183644984982416586e-03 -4.121256087272574808e-02
4.793682861328125000e+01 2.675907897949218750e+01 -1.744593429565429688e+01 1.690405922114860959e-01 4.281753415682500175e-02 -9.846785957628606534e-01
-2.607131195068359375e+01 -2.412203025817871094e+01 -2.098917770385742188e+01 -9.045439550250201910e-02 -6.381872188764275977e-02 -9.938536980214464078e-01
4.263041305541992188e+01 5.643817138671875000e+01 -9.320569992065429688e+00 -4.242426630473856292e-02 -6.939435480876808560e-02 9.966868139737675714e-01
-4.368781089782714844e+00 -1.352020931243896484e+01 -2.282420730590820312e+01 -1.598294009395939685e-02 -5.398765799006745997e-02 -9.984136810013674035e-01
-7.355117797851562500e+01 5.662029647827148438e+01 -2.076492500305175781e+01 -7.628442936394884688e-01 5.996693765728101644e-01 -2.417958280501282253e-01
1.410493087768554688e+01 -1.052778015136718750e+02 1.668362236022949219e+01 -1.634715506499759829e-01 9.539474793667672703e-01 2.515179093780078312e-01
1.001003799438476562e+02 -2.256114196777343750e+01 9.245812416076660156e+00 -9.451094911686087618e-01 1.989556736757267241e-01 2.592000957084146240e-01
-6.019833755493164062e+01 8.005879211425781250e+01 -9.434049606323242188e+00 -2.890464246935984804e-01 3.672092295476814816e-01 -8.840868430798221045e-01
-4.003119277954101562e+01 -7.620298004150390625e+01 -2.149218750000000000e+01 8.847521114929612907e-02 2.280697388227959366e-01 -9.696165898154739393e-01
7.981459045410156250e+01 7.197675323486328125e+01 6.487702846527099609e+00 7.436354549285855153e-01 5.843804531616866305e-01 -3.248165576686283806e-01
-2.379045295715332031e+01 -6.208581924438476562e+01 -1.019891166687011719e+01 5.928236176946839048e-02 1.678239712588854293e-01 9.840328837259101347e-01
4.287273406982421875e+01 -1.713713073730468750e+01 -1.052584648132324219e+01 -2.053038600254476487e-01 7.759844255498722643e-02 9.756171414913187290e-01
9.142007827758789062e+00 2.819435501098632812e+01 -1.300505065917968750e+01 -5.518978912723986052e-02 -1.667193149862931656e-01 9.844586112105434550e-01
-5.449811172485351562e+01 5.953807449340820312e+01 -7.838963985443115234e+00 -2.148819003468996902e-01 3.241080583165696360e-01 9.212924266689530572e-01
4.565704345703125000e+01 -8.270532989501953125e+01 -4.024259090423583984e+00 -1.433242180331456735e-03 -4.017200565608118612e-02 9.991917512561943049e-01
-1.229058647155761719e+01 4.215523147583007812e+01 -1.173103427886962891e+01 1.143736830898881875e-02 -1.589353300257591861e-01 9.872227446102360693e-01
8.419866180419921875e+01 -6.626593780517578125e+01 7.793099880218505859e+00 7.433458658244597173e-01 -5.893900027202495506e-01 -3.163168481998842596e-01
-9.863600134849548340e-01 -7.282109832763671875e+01 -1.549061489105224609e+01 4.596094169913171601e-02 -2.108194824594845918e-01 -9.764439244798670536e-01
-6.884580135345458984e+00 6.930850219726562500e+01 -1.557119560241699219e+01 -2.538042673675930741e-02 1.901474999398266308e-01 -9.814274105634576140e-01
-6.977567291259765625e+01 2.454951047897338867e+00 -8.700139999389648438e+00 -1.797663172404633664e-02 -1.230459390165827560e-01 9.922381456099061969e-01
-9.900402832031250000e+01 -4.937818527221679688e+01 1.119953346252441406e+01 -9.233163662402595895e-01 -3.817270264423004988e-01 -4.208758862660359062e-02
4.933404541015625000e+01 7.684690093994140625e+01 -2.141960525512695312e+01 4.110664520709215730e-01 4.986157816359211847e-01 -7.631557339661571016e-01
6.730603027343750000e+01 2.013031768798828125e+01 -7.749536037445068359e+00 -1.215790121851321182e-01 5.841744410863328879e-02 9.908612143079887913e-01
-6.195027160644531250e+01 -5.248358917236328125e+01 -6.731994152069091797e+00 1.507639666640321896e-01 1.515774317618919786e-01 9.768799867620358013e-01
6.720821380615234375e+01 -2.814059829711914062e+01 -1.087944316864013672e+01 2.388220077569757349e-01 -1.294611537362676257e-01 -9.623948557033134010e-01
-6.500961303710937500e+01 -8.760285949707031250e+01 2.164204025268554688e+01 1.911662995607131821e-01 2.635254396982212866e-01 9.455209085705735816e-01
-1.003133239746093750e+02 -2.413808631896972656e+01 -6.037417888641357422e+00 -5.789703254209378480e-01 -1.143501036500696594e-01 -8.072901684507197695e-01
-6.486594390869140625e+01 -7.431247711181640625e+01 -9.150677680969238281e+00 -2.793132806422816694e-01 -3.074471024527998808e-01 -9.096484873016739137e-01
7.686363983154296875e+01 3.633650970458984375e+01 -1.963779258728027344e+01 -2.048641458378954172e-01 -1.067658933191540371e-01 -9.729500119604669317e-01
-8.185499906539916992e-01 1.253242683410644531e+01 -2.231997871398925781e+01 1.404227718682150849e-02 1.653227569874514136e-01 -9.861395441181114441e-01
6.255698394775390625e+01 -8.317450714111328125e+01 1.236084747314453125e+01 -5.959980974844663049e-01 7.778021653083347919e-01 1.995245835393786027e-01
4.392480850219726562e+01 9.228485107421875000e+00 -1.102200031280517578e+01 -1.744065414504936962e-01 -2.871834262337712509e-02 9.842548527166343764e-01
-3.775533676147460938e+01 -2.248626136779785156e+01 -1.249126338958740234e+01 7.065585712001719310e-02 3.492636438312835684e-02 9.968891106465215257e-01
-4.390901565551757812e+01 3.824110031127929688e-01 -1.978858947753906250e+01 -1.229955576396798145e-01 4.188599404168859286e-03 -9.923983819192448985e-01
1.700698280334472656e+01 1.182157039642333984e+00 -2.227152061462402344e+01 9.894217295932881961e-02 -5.929645689738485825e-02 -9.933249098907682706e-01
3.338462829589843750e+01 3.484918975830078125e+01 -1.078844070434570312e+01 -8.561632712669406398e-02 -2.264858199860874388e-01 9.702443083443285099e-01
6.843209075927734375e+01 -5.361585235595703125e+01 -5.621037006378173828e+00 4.202612939794390413e-03 -1.050616246064100534e-01 9.944568331906318281e-01
8.644617462158203125e+01 -2.080780410766601562e+01 -2.005518150329589844e+01 1.737120045671627644e-01 -1.257329876456581008e-01 -9.767370962991807071e-01
-6.249633407592773438e+01 4.119019317626953125e+01 -1.581226539611816406e+01 -2.505184346106850146e-01 1.298005053024932909e-01 -9.593708056551593089e-01
-5.445359802246093750e+01 -7.006655883789062500e+01 -2.148521423339843750e+01 -2.861344464749889238e-01 -3.704081991077721736e-01 -8.836995216555164623e-01
2.881786918640136719e+01 -4.166865539550781250e+01 -1.004950332641601562e+01 -9.967966485716484026e-02 8.027519011661421455e-02 9.917761129739436354e-01
-7.758571624755859375e+01 -2.761971855163574219e+01 -6.627308845520019531e+00 2.182150601963540049e-01 1.015202626217118764e-01 9.706059054944599085e-01
7.251419067382812500e+01 -7.380753993988037109e+00 -5.685986995697021484e+00 -2.085720449380424613e-01 8.264250662700337036e-02 9.745090652060496295e-01
7.441617584228515625e+01 5.203815841674804688e+01 -6.916419982910156250e+00 -3.230493912916765908e-01 -7.627763689834285432e-02 9.433031394494995059e-01
-9.460017395019531250e+01 4.717410659790039062e+01 1.375258159637451172e+01 8.330637353014020974e-01 -4.978270684225343801e-01 2.411908432579908113e-01
-2.427517318725585938e+01 1.616935729980468750e+01 -2.108609390258789062e+01 -7.737299599663272076e-02 4.664074739595731878e-02 -9.959106687714773809e-01
-8.215465545654296875e+01 -4.022610187530517578e+00 -6.876375198364257812e+00 2.043006581221099294e-01 -4.942661516127397001e-03 9.788957100672214251e-01
8.484355926513671875e+01 1.593424797058105469e+01 -6.629171848297119141e+00 2.242207487860620463e-01 2.516522588917080583e-01 9.414861636840544667e-01
-7.923365783691406250e+01 -5.075880050659179688e+01 -4.817006111145019531e+00 7.507580192675737674e-02 4.601342482025275182e-02 9.961156502642477539e-01
-2.501946449279785156e+01 -1.023600026965141296e-01 -2.161767196655273438e+01 -1.207623950761138598e-01 1.375539089483782118e-02 -9.925861338729303762e-01
7.028853893280029297e+00 -3.504608154296875000e+01 -1.308225059509277344e+01 -7.712662070426989924e-02 1.063007027801739640e-01 9.913383100471709897e-01
-5.972795104980468750e+01 -3.974920654296875000e+01 -1.595889854431152344e+01 -1.969264026958273961e-01 -1.474091552041572883e-01 -9.692731982693412185e-01
1.922126579284667969e+01 7.291846466064453125e+01 -1.439320945739746094e+01 3.330587315618618177e-02 2.217235140039215124e-01 -9.745406108269972778e-01
2.681776046752929688e+00 4.119766235351562500e+01 -1.189214515686035156e+01 -1.511327068113493474e-02 -1.076006440175386741e-01 9.940793179904355847e-01
2.151217651367187500e+01 -1.936634445190429688e+01 -2.083003997802734375e+01 1.544422187172462824e-01 -1.222358037529350794e-01 -9.804111430204005551e-01
-3.658742141723632812e+01 4.866464233398437500e+01 -1.082001399993896484e+01 1.048489197941617629e-01 -1.408048952439728552e-01 9.844697483891169387e-01
-1.059246749877929688e+02 -2.814445114135742188e+01 1.895517539978027344e+01 -9.803884620105697278e-01 -1.959985733131529295e-01 2.056751846378620727e-02
-1.640673255920410156e+01 8.365215301513671875e+01 -2.102287673950195312e+01 4.072885372211178939e-02 -1.309948696039236749e-01 -9.905460638516180305e-01
-4.038513565063476562e+01 -8.567567443847656250e+01 -5.215713024139404297e+00 1.152708894313297233e-02 3.859025448291548976e-02 9.991886300791462672e-01
-5.480756378173828125e+01 -9.649945068359375000e+01 2.039606666564941406e+01 -4.595941021030724438e-01 -8.550509262174610381e-01 2.401274138592521534e-01
1.031706390380859375e+02 -8.156000077724456787e-02 -2.282545089721679688e+00 9.525298653665794646e-01 4.117685734185622115e-02 -3.016476785990150900e-01
7.883425140380859375e+01 2.887985610961914062e+01 -7.301888942718505859e+00 -1.722410321282700496e-01 -3.002861891284215254e-02 9.845970286861399634e-01
-9.735848236083984375e+01 3.306245422363281250e+01 2.007783889770507812e+00 8.968598201786233126e-01 -2.785660801511539164e-01 3.435744489021093084e-01
1.022856216430664062e+02 -2.848676109313964844e+01 2.137108421325683594e+01 -7.456836488617187841e-01 2.432335282148631872e-01 6.203171338697830439e-01
-5.505367660522460938e+01 -8.968103790283203125e+01 -3.762188911437988281e+00 -4.585344186705208602e-01 -7.603934404235772604e-01 -4.599434776744670827e-01
-3.248330116271972656e+00 -2.333390617370605469e+01 -1.378975582122802734e+01 3.036391794444924606e-03 1.165076718750343715e-01 9.931851502711515067e-01
-2.052351951599121094e+01 6.852976989746093750e+01 -1.571218395233154297e+01 1.787052967501738185e-02 1.781359342373554644e-01 -9.838436019523219001e-01
-1.081755065917968750e+02 -8.178303718566894531e+00 8.741199493408203125e+00 -9.826911685618004988e-01 -5.505799457577615491e-02 -1.768804241965082069e-01
-1.736597061157226562e+01 3.329339981079101562e+01 -2.030726432800292969e+01 -1.747819321316017999e-02 1.112187219748889261e-01 -9.936422437901257787e-01
4.214163970947265625e+01 -4.195501327514648438e+01 -1.474666309356689453e+01 1.545885778220700835e-01 -6.951671120186565800e-02 -9.855302118507712761e-01
-7.712725067138671875e+01 3.070073509216308594e+01 -1.727310180664062500e+01 9.491844912500989606e-01 -3.119028375948629250e-01 -4.201691886090017786e-02
8.287060546875000000e+01 -6.990432739257812500e+01 2.229311561584472656e+01 1.186218607704469241e-01 -9.658516197681255022e-02 9.882308235595921309e-01
-3.154169082641601562e+01 -4.814153671264648438e+01 -1.135562515258789062e+01 1.148569526938631458e-01 1.871715701188986503e-01 9.755894032620003875e-01
-1.445189094543457031e+01 -7.064186096191406250e+01 -1.606501770019531250e+01 -4.196934441961446688e-02 -2.380368076872780014e-01 -9.703489332786621180e-01
4.665397262573242188e+01 -5.831063842773437500e+01 -1.128867340087890625e+01 2.951883855798276834e-01 -2.610629177983200266e-01 -9.190810464640223332e-01
-1.540613746643066406e+01 -8.719442749023437500e+01 -2.124381637573242188e+01 -9.038487178713699999e-02 -8.760968582916437430e-01 -4.735872357269929611e-01
-7.228603363037109375e+01 3.874086761474609375e+01 -7.574429988861083984e+00 1.306006411223150088e-01 -6.475739078027044349e-02 9.893179230549559167e-01
-6.197291946411132812e+01 -2.699853897094726562e+00 -1.772075843811035156e+01 -8.039844768310570877e-02 -1.785716050172110950e-02 -9.966028353506538595e-01
5.899681472778320312e+01 4.270072937011718750e+01 -1.498282432556152344e+01 1.622796776117408912e-01 7.157731231961342311e-02 -9.841453117275569262e-01
-5.501760482788085938e+01 1.793609619140625000e+01 -1.067223644256591797e+01 2.310551946796231826e-01 8.217552418858271868e-02 9.694641201384882612e-01
8.111457824707031250e+01 -3.299306869506835938e+01 -5.613220214843750000e+00 -1.585620249503480461e-01 5.974054242326504865e-02 9.855400305591952570e-01
-5.165271377563476562e+01 3.474849319458007812e+01 -1.794835090637207031e+01 -1.236051482850932109e-01 6.965325903757210724e-02 -9.898839279546187697e-01
6.513005065917968750e+01 6.448738098144531250e+01 -7.376630783081054688e+00 -6.136812782580285813e-02 -5.936954605827982762e-02 9.963479361588449823e-01
-8.291799926757812500e+01 6.566508483886718750e+01 1.519963073730468750e+01 7.949473705760372599e-01 -6.055738762104535544e-01 3.659178139542611924e-02
-5.147150039672851562e+01 9.806237030029296875e+01 9.399044036865234375e+00 -4.543603778548071515e-01 8.840174161107616779e-01 -1.098628920449906676e-01
-4.806855010986328125e+01 6.850187683105468750e+01 -1.989572525024414062e+01 5.626613584203690177e-01 -8.122736370692680286e-01 -1.537001439908501355e-01
-2.185266017913818359e+00 -8.187927246093750000e+01 -6.675822257995605469e+00 1.594551624411139155e-03 5.611095565510201832e-02 9.984232659852174674e-01
-7.373399353027343750e+01 -3.635941314697265625e+01 -2.091144371032714844e+01 2.021038071211955778e-02 2.336486964039040382e-02 -9.995226977803749469e-01
-6.646553802490234375e+01 8.316883850097656250e+01 1.633369445800781250e+01 6.610070439867414827e-01 -7.314691586725127204e-01 1.673993957899378715e-01
2.288870048522949219e+01 1.373184871673583984e+01 -1.335305881500244141e+01 -1.224645821051798811e-01 -6.188306628789803920e-02 9.905417266509326524e-01
-1.355405044555664062e+01 -2.263172912597656250e+01 -2.191138076782226562e+01 -4.320544674986075834e-02 -9.502618271781386461e-02 -9.945367333433319246e-01
1.211200809478759766e+01 -1.512143707275390625e+01 -1.361107921600341797e+01 -1.128107130721938967e-01 1.155410932967167736e-01 9.868758781001502056e-01
5.395329284667968750e+01 8.396578216552734375e+01 -4.868566036224365234e+00 -5.145535944019633545e-01 -7.181102104345399306e-01 4.685641089089948585e-01
-9.023361968994140625e+01 1.692393684387207031e+01 -1.026644229888916016e+01 -2.312747794975749116e-01 3.252588345544683845e-02 -9.723446113769493859e-01
3.366131591796875000e+01 -1.661416816711425781e+01 -1.910300827026367188e+01 1.432533540791700311e-01 -1.101810566448014894e-01 -9.835337367379438644e-01
3.512273025512695312e+01 -1.028874816894531250e+02 8.791942596435546875e+00 3.692965952034965582e-01 -9.007939241885738468e-01 -2.284520319805771194e-01
-2.762822341918945312e+01 -8.492144775390625000e+01 -5.812269210815429688e+00 2.735736823709088161e-02 7.575744088997776737e-02 9.967509139965419207e-01
-4.851556777954101562e+01 8.470372772216796875e+01 -1.080143737792968750e+01 -6.212227985176306533e-02 1.470129785448105741e-01 -9.871818507678321586e-01
-7.648042297363281250e+01 7.114367675781250000e+01 5.340188026428222656e+00 7.216896150672373889e-01 -6.490345944975716153e-01 2.406619925320066800e-01
1.653316879272460938e+01 9.081105804443359375e+01 -7.053284168243408203e+00 1.062199856526609403e-03 3.085405509290702064e-02 9.995233359035639031e-01
-8.371559906005859375e+01 -6.824127960205078125e+01 2.151893043518066406e+01 6.384470403612546585e-01 4.922800314758795648e-01 5.916466405415157226e-01
-1.957726287841796875e+01 -1.016883544921875000e+02 3.203885078430175781e+00 1.508877074873868074e-01 9.057214514174645181e-01 3.961080056896633672e-01
1.723566436767578125e+01 -5.582319641113281250e+01 -9.820981025695800781e+00 -7.784591700773033085e-02 3.398812682479843833e-02 9.963858792858151237e-01
8.891595458984375000e+01 -1.508032321929931641e+01 -5.683313846588134766e+00 -6.883121774456925357e-02 1.377689538770780070e-02 9.975331877272433090e-01
3.803607940673828125e+01 -7.042060852050781250e+01 -1.509427356719970703e+01 -2.880264262130230457e-01 9.505768195543989885e-01 1.159503683857779910e-01
6.004610061645507812e+01 2.651373100280761719e+01 -1.536366939544677734e+01 1.728509608534778696e-01 -1.734795721872449750e-03 -9.849464634262274920e-01
-8.358247375488281250e+01 -6.490956878662109375e+01 -2.929023027420043945e+00 -6.678391888400260212e-01 -5.734420646357867302e-01 -4.745050224768357916e-01
-7.969435882568359375e+01 -1.559377574920654297e+01 -1.626588821411132812e+01 8.317141634017530816e-01 1.929282525817653804e-01 -5.206056470618317666e-01
-4.385330200195312500e+01 1.270060729980468750e+01 -1.152856254577636719e+01 9.303415304859667667e-02 -2.457190365448178385e-02 9.953596676163473100e-01
-5.879291152954101562e+01 -1.898032951354980469e+01 -1.066506576538085938e+01 7.124307670546588256e-02 6.110184157240824976e-02 9.955857516949503383e-01
-1.019198417663574219e+01 -4.798190307617187500e+01 -1.212623691558837891e+01 2.216299086838919435e-02 1.817305686689399125e-01 9.830985719891121022e-01
3.528110885620117188e+01 7.406413269042968750e+01 -7.700294971466064453e+00 -7.649999394017591332e-03 -5.656982300300482380e-02 9.983693367860815293e-01
-6.704045867919921875e+01 6.295084381103515625e+01 -1.135898303985595703e+01 -4.069853805634927046e-01 3.601260379027474978e-01 -8.394475188074939087e-01
-8.929264068603515625e+01 -2.882194328308105469e+01 -9.885776519775390625e+00 -1.701569683392971377e-01 -6.545203973344765336e-02 -9.832408843311545299e-01
-1.143546676635742188e+01 9.172818756103515625e+01 -1.329078578948974609e+01 -1.645890043957664861e-01 9.756440288709394837e-01 -1.450144425927702707e-01
-1.844234085083007812e+01 7.401744842529296875e+00 -1.446671104431152344e+01 4.821869417333860507e-03 -1.905264947692245081e-02 9.998068544090061849e-01
6.942344665527343750e+01 -8.433190155029296875e+01 2.221542358398437500e+01 2.728929047780739858e-01 -3.028365410211032449e-01 9.131371703879754831e-01
7.301032066345214844e+00 -4.918786621093750000e+01 -1.143852043151855469e+01 -7.494658766021118634e-02 1.287988178493893188e-01 9.888346037223263441e-01
2.224114227294921875e+01 -7.589752197265625000e+01 -1.246478366851806641e+01 2.769181106816246962e-01 8.479113423402749872e-01 -4.520649461164098493e-01
7.572600555419921875e+01 -4.513993453979492188e+01 -1.145182514190673828e+01 7.398621211692862909e-01 -4.519393791348476075e-01 -4.983521237499574652e-01
-7.182374572753906250e+01 -8.445156860351562500e+01 1.227536582946777344e+01 -6.592752736967029126e-01 -7.493146175765397210e-01 -6.231947832147999300e-02
-2.072638702392578125e+01 -9.419815063476562500e+01 -9.999853134155273438e+00 -8.162994317028198638e-03 -2.609683045188190831e-01 -9.653128557935779508e-01
-2.267378807067871094e+01 -7.395012664794921875e+01 -7.868103981018066406e+00 5.355468618944029396e-02 2.325534669513479313e-01 9.711080169559198616e-01
-4.273648071289062500e+01 -9.125333786010742188e+00 -1.228513145446777344e+01 1.635099677162724086e-01 2.316579234284014618e-02 9.862696571032447679e-01
-5.153635978698730469e+00 -3.304207229614257812e+01 -2.109400749206542969e+01 -1.721984151573044235e-03 -1.197263343325925267e-01 -9.928054389646855382e-01
1.075198745727539062e+01 -8.484722900390625000e+01 -5.940695762634277344e+00 -5.107581268913735650e-02 2.757950139894670416e-01 9.598585164578651296e-01
8.543087959289550781e+00 7.321025848388671875e+00 -1.464623355865478516e+01 -5.927849426029386040e-03 5.979174596007135606e-02 9.981932717245838305e-01
-6.257197570800781250e+01 -8.127120971679687500e+01 2.709909975528717041e-01 5.408546871994652783e-01 7.133243558945991936e-01 4.456956030991598428e-01
-1.030474548339843750e+02 2.657985305786132812e+01 2.294046592712402344e+01 5.102546148613580357e-01 -1.187506211551732221e-01 8.517854882468636202e-01
-3.282149124145507812e+01 7.700960540771484375e+01 -1.989565658569335938e+01 3.539134979044591955e-01 -9.148330210969438658e-01 -1.944885074025428096e-01
6.777214813232421875e+01 -6.487502288818359375e+01 -9.358965873718261719e+00 1.828647216857895719e-01 -1.871191596716086092e-01 -9.651667802232782867e-01
-4.643215179443359375e+01 -3.601249694824218750e+01 -1.795722198486328125e+01 -7.491376540432273523e-02 -4.401494904052152823e-02 -9.962181548305102385e-01
7.244303226470947266e+00 8.301592254638671875e+01 -1.846652603149414062e+01 -7.241676221348040954e-02 -9.950703664858936426e-01 6.775528239292910593e-02
-9.354400634765625000e+01 -6.174425125122070312e+00 -9.565354347229003906e+00 -2.022662626074542280e-01 -3.685860927882317339e-02 -9.786367057968158312e-01
-4.287534713745117188e+01 6.137450027465820312e+01 -9.187232971191406250e+00 1.259551156629429292e-01 -1.453647064140102252e-01 9.813278814787150806e-01
3.471724700927734375e+01 -9.626719951629638672e-01 -1.241730308532714844e+01 -2.193252036348174172e-01 2.486142716823452545e-02 9.753350011609879244e-01
5.866471862792968750e+01 -3.816833877563476562e+01 -5.221327781677246094e+00 -2.490559681275457127e-01 1.568678077659222125e-01 9.557005889015474098e-01
-2.377845191955566406e+01 -3.940043258666992188e+01 -1.253384113311767578e+01 -8.745279314754453304e-03 6.607315455720711057e-03 9.999399299318811885e-01
-3.616360092163085938e+01 2.826218032836914062e+01 -1.974763870239257812e+01 -8.170635490816807733e-02 8.512821939235802604e-02 -9.930142284130207830e-01
-8.350430130958557129e-01 2.170324897766113281e+01 -1.429946994781494141e+01 1.713043649198865486e-03 -8.723725939250427663e-02 9.961860900731052126e-01
-9.077667236328125000e+01 1.125267028808593750e+01 -2.045117187500000000e+01 -7.991570803108393184e-01 4.320688856282525747e-02 -5.995674488910937017e-01
-6.020814895629882812e+00 -4.516201972961425781e+00 -1.502456569671630859e+01 -6.607070596130736051e-02 -2.269488952581342686e-02 9.975568173308153597e-01
-8.523771286010742188e+00 5.127381896972656250e+01 -1.833436203002929688e+01 1.066053058592562539e-02 1.317996405018516115e-01 -9.912190513964153071e-01
-1.031322555541992188e+02 1.029478359222412109e+01 -4.804629802703857422e+00 -8.270610091313260748e-01 8.841563787849709977e-02 -5.551150891060440129e-01
5.187723159790039062e+01 -7.291394805908203125e+01 -4.805243968963623047e+00 -7.077773632241431134e-02 1.515231161891955058e-01 9.859164555383941320e-01
5.293408203125000000e+01 -6.141554832458496094e+00 -9.410665512084960938e+00 -1.671226671775317696e-01 4.500190626327930932e-02 9.849085452711530131e-01
-8.867478942871093750e+01 4.290458297729492188e+01 -9.229146957397460938e+00 -4.031768299179066539e-01 1.555081079536322908e-01 -9.018124373604684552e-01
-2.611575126647949219e+01 5.368761825561523438e+01 -1.093837547302246094e+01 3.371281761865892179e-02 -1.422566795342252444e-01 9.892555195985047733e-01
2.679980099201202393e-01 7.335540056228637695e-01 -2.356903648376464844e+01 6.570700291971441620e-02 5.603085719458284625e-02 -9.962645897598434441e-01
2.776973152160644531e+01 -9.833660125732421875e+01 -5.819024085998535156e+00 2.503829464414585315e-01 -7.415046709861969898e-01 -6.224782751525916868e-01
6.903551483154296875e+01 -1.672806167602539062e+01 -1.181502056121826172e+01 3.244447118298136035e-01 -9.728009030281251079e-02 -9.408890545629415847e-01
7.255297851562500000e+01 7.483728027343750000e+01 -2.478363037109375000e+00 6.874297836394358541e-01 6.327336526380592518e-01 -3.564946246225010884e-01
-3.639010620117187500e+01 1.639737892150878906e+01 -2.029095649719238281e+01 -7.467949821803773758e-02 4.303076102695520266e-02 -9.962787391846436025e-01
1.453604507446289062e+01 -1.032844467163085938e+02 -3.178380012512207031e+00 1.483341506392240883e-01 -8.691685424061951215e-01 -4.717446604314988190e-01
1.027827453613281250e+01 3.750503540039062500e+01 -1.995782089233398438e+01 -5.717841430931629339e-03 1.322693909454686068e-01 -9.911973136103050530e-01
-6.201254272460937500e+01 -6.272412872314453125e+01 -1.211636924743652344e+01 -6.704375436337023375e-01 -7.401295617683973926e-01 -5.217022026911034144e-02
2.669312667846679688e+01 8.795739746093750000e+01 -1.745680046081542969e+01 2.968975796893806307e-01 9.537021835299844819e-01 4.799971150671275555e-02
5.013958740234375000e+01 5.010507965087890625e+01 -1.562343120574951172e+01 1.450829824589216221e-01 8.629750491946970581e-02 -9.856488567666977785e-01
2.073039245605468750e+01 4.990320587158203125e+01 -1.818064117431640625e+01 2.219919134347399237e-02 1.267789866843029578e-01 -9.916825522509696844e-01
9.423870849609375000e+01 -4.326073837280273438e+01 1.226811695098876953e+01 -8.862710719051091202e-01 3.896763098305877082e-01 2.503516739728028906e-01
-3.206301879882812500e+01 9.977738952636718750e+01 -6.243491172790527344e+00 -2.611690268744752408e-01 8.439588072392392171e-01 -4.685341728036070963e-01
5.988071823120117188e+01 -5.255385208129882812e+01 -1.367172908782958984e+01 -7.374363177037257522e-01 6.634436502383851408e-01 1.266104272559608890e-01
2.839909934997558594e+01 5.568599319458007812e+01 -9.999290466308593750e+00 -4.819289917143147056e-02 -9.180218424325657656e-02 9.946103777045659511e-01
-9.022129774093627930e-01 6.120298385620117188e+01 -1.014907836914062500e+01 -3.397895824069806225e-02 -1.587608363679989532e-01 9.867321963089126236e-01
-9.243228149414062500e+01 -4.435762023925781250e+01 4.956319928169250488e-01 8.099293203951926090e-01 3.806958140027748572e-01 4.461896381192039240e-01
-4.734407043457031250e+01 -2.170929145812988281e+01 -1.876911735534667969e+01 -9.951017642814453945e-02 -9.935028978476567740e-02 -9.900642629177777154e-01
1.735468673706054688e+01 -6.577753448486328125e+01 -1.535577487945556641e+01 1.639117939950809344e-01 -2.201834861028788837e-01 -9.615883507181737233e-01
-2.503509044647216797e+00 7.961228942871093750e+01 -1.353991031646728516e+01 1.919114602821443347e-02 1.775686120511025812e-01 -9.839212813677570280e-01
8.536065673828125000e+01 5.546144104003906250e+01 -7.261274814605712891e+00 6.997234785515807909e-01 4.285641785176116381e-01 -5.715940853920727927e-01
7.571371459960937500e+01 -2.391186523437500000e+01 -1.786898803710937500e+01 -9.215355506850345657e-01 3.335339445730646224e-01 1.988148300332795715e-01
-5.688724136352539062e+01 4.851231384277343750e+01 -8.884049415588378906e+00 2.158881998536264224e-01 -1.350937897597398463e-01 9.670273797221627943e-01
-9.947964477539062500e+01 -3.556740951538085938e+01 1.306501293182373047e+01 9.538610923299053468e-01 2.915806107481291320e-01 7.162237063200205256e-02
1.307121181488037109e+01 7.990566253662109375e+01 -7.638637065887451172e+00 -1.499144380936322934e-02 -3.108362709457271680e-02 9.994043549730791121e-01
6.324839401245117188e+01 7.852753162384033203e+00 -8.318036079406738281e+00 -1.533642800533576711e-01 4.227437072342550561e-02 9.872650480917745108e-01
-4.272829437255859375e+01 9.496217346191406250e+01 1.519384026527404785e+00 3.620516285676273482e-01 -8.576488495670280265e-01 3.651808717442386887e-01
-8.725167274475097656e+00 1.060468444824218750e+02 7.664678096771240234e+00 8.679975471799421249e-02 -9.648643195828789931e-01 2.479972729220303040e-01
6.821994018554687500e+01 6.023240661621093750e+01 -1.746329879760742188e+01 7.542431242474390007e-01 6.531318984471975453e-01 6.735007614117441421e-02
-5.812771987915039062e+01 8.855761718750000000e+01 8.114396095275878906e+00 5.781603542083327829e-01 -7.923342949590462814e-01 1.947741508862159965e-01
5.531576919555664062e+01 -6.773152923583984375e+01 -1.405467414855957031e+01 6.420371858571147783e-01 -7.665741810978383697e-01 -1.234005068284681726e-02
8.096282958984375000e+01 6.175662231445312500e+01 2.355684041976928711e+00 -7.548853986855295073e-01 -5.625585306904102856e-01 3.371586190487139700e-01
-9.423055267333984375e+01 3.001231956481933594e+01 -8.610669136047363281e+00 -4.685328304256143883e-01 1.358973295677015913e-01 -8.729312130000450587e-01
-1.017651290893554688e+02 3.937508392333984375e+01 9.953296661376953125e+00 -9.192566420098025048e-01 3.735156349978401291e-01 -1.243112888398402588e-01
7.120490074157714844e+00 -1.159688568115234375e+01 -2.282935333251953125e+01 7.443663842263526821e-03 -1.109206758942649640e-01 -9.938013863583421426e-01
-7.638373565673828125e+01 -7.376238250732421875e+01 1.181879425048828125e+01 7.359043466344425966e-01 6.500791862452963699e-01 1.893194237662563228e-01
-4.050722122192382812e+01 -4.735622024536132812e+01 -1.774350929260253906e+01 -8.025777682195449347e-02 -8.350764665114555896e-02 -9.932699342124399200e-01
-6.333414840698242188e+01 5.439522171020507812e+01 -1.727641105651855469e+01 7.536608952492753755e-01 -6.539211292039288637e-01 -6.619978665161337095e-02
-8.743828773498535156e+00 -9.206661224365234375e+01 -1.063994693756103516e+01 -1.422468423626146485e-02 -2.280320544726376075e-01 -9.735497113611439879e-01
5.088245010375976562e+01 6.267672729492187500e+01 -1.363041400909423828e+01 1.330768986536850218e-01 1.577985665963076434e-01 -9.784631579292435433e-01
-7.671705627441406250e+01 6.168606185913085938e+01 -5.563147068023681641e+00 7.057528241355182086e-02 9.211420095731970639e-03 9.974639237847487960e-01
-7.503503417968750000e+01 2.606680107116699219e+01 -7.405166149139404297e+00 1.058305898987515620e-01 -2.926713852246506931e-02 9.939533796131432286e-01
6.764245605468750000e+01 -8.103565979003906250e+01 2.779422044754028320e+00 5.908644149819627378e-01 -7.145556403973258863e-01 -3.745523726855704005e-01
8.898822784423828125e+00 6.273579025268554688e+01 -1.648438072204589844e+01 1.406466303599085768e-02 1.530370962582008609e-01 -9.881203532073116191e-01
-5.872567749023437500e+01 6.960926055908203125e+01 -6.553750038146972656e+00 9.696823914076620199e-02 -7.721535609898380614e-02 9.922877351758643272e-01
-8.995088958740234375e+01 -5.605713653564453125e+01 1.064496421813964844e+01 8.391627990869500175e-01 5.160659857932746730e-01 1.717023440019702085e-01
4.378260040283203125e+01 -2.829024314880371094e+01 -9.349561691284179688e+00 -1.869076591695647549e-01 1.163406440596093799e-01 9.754641876991431149e-01
2.856199645996093750e+01 -2.320945358276367188e+01 -1.203868865966796875e+01 -1.756647086727760043e-01 1.325705011882050421e-01 9.754829431320759525e-01
4.462857055664062500e+01 9.565941619873046875e+01 9.139329910278320312e+00 -4.465003145290910025e-01 -8.705956428878328657e-01 2.066414665795409389e-01
-2.345286178588867188e+01 -1.157888698577880859e+01 -2.179786109924316406e+01 -1.083304695038923987e-01 -1.353341665673082547e-02 -9.940228146328743408e-01
-3.298814392089843750e+01 -8.140901184082031250e+01 -1.464475822448730469e+01 -3.611708742946238559e-01 -9.319537379907355534e-01 -3.190344505460837587e-02
-9.608438873291015625e+01 -5.011194992065429688e+01 2.246758270263671875e+01 5.798924106860654515e-01 2.699409884893423373e-01 7.686720072710468976e-01
-6.856462097167968750e+01 -5.831130599975585938e+01 -1.988522338867187500e+01 -7.145202147407874183e-01 -6.763079018975386436e-01 1.790767560509411160e-01
-2.957759284973144531e+01 -1.071737289428710938e+02 1.825616645812988281e+01 -7.320729531924258238e-01 5.222788579428593314e-01 4.373716791814747373e-01
4.219308471679687500e+01 1.673838615417480469e+01 -1.872583389282226562e+01 1.929564493247519219e-01 4.014441103379122466e-02 -9.803857582231263468e-01
-9.325502777099609375e+01 5.781563949584960938e+01 1.052153110504150391e+01 -8.485118309883362686e-01 5.212357362979745945e-01 -9.132896516839233980e-02
3.419955444335937500e+01 2.820848655700683594e+01 -1.948333740234375000e+01 1.420491916209061234e-01 7.491213428360547766e-02 -9.870208707504224410e-01
1.020526351928710938e+02 -3.563692474365234375e+01 1.320345973968505859e+01 9.399650755853504736e-01 -2.599412422917225518e-01 -2.211248679720631549e-01
9.994474792480468750e+01 -2.747014999389648438e+01 -5.460969805717468262e-01 8.682844981381715455e-01 -2.438589032449142713e-01 -4.319894276497179830e-01
-1.036291275024414062e+02 1.545907974243164062e+01 1.269502925872802734e+01 9.893688275521129727e-01 -1.174784342078970950e-01 8.572129586175260274e-02
-1.315730762481689453e+01 -4.088600540161132812e+01 -1.991598320007324219e+01 -3.058875672026388493e-02 -1.191043705536941749e-01 -9.924104377107874075e-01
-3.197882890701293945e+00 -1.016526184082031250e+02 8.789599686861038208e-02 4.452817948486537006e-04 8.659636191478953249e-01 5.001068006300273261e-01
-7.086009979248046875e+01 4.596546936035156250e+01 -2.076309585571289062e+01 8.911303837206131784e-02 -7.962349206986309158e-02 -9.928338057815617734e-01
-3.844427871704101562e+01 -9.874646759033203125e+01 1.115610027313232422e+01 4.425520121441782750e-01 8.833029817222364244e-01 1.546724249106654625e-01
-3.297555923461914062e+01 -2.793305873870849609e+00 -1.353798866271972656e+01 6.676745734020675394e-02 -1.895688123530868061e-02 9.975884638938815607e-01
-1.670326805114746094e+01 -5.940568542480468750e+01 -1.793149185180664062e+01 -2.809705273737433950e-02 -8.093672101996152168e-02 -9.963231417657676392e-01
4.452983856201171875e+01 -9.792863464355468750e+01 6.523486137390136719e+00 4.523061824625931315e-01 -8.426489161533533556e-01 -2.921676255365989738e-01
-5.199959945678710938e+01 1.093161487579345703e+01 -1.876348495483398438e+01 -7.875190184033556418e-02 3.400717651112239448e-02 -9.963140317702404714e-01
-8.634465217590332031e+00 -7.886258697509765625e+01 -2.000299453735351562e+01 1.034905788988757652e-01 5.692173856161107937e-01 -8.156477597538874802e-01
4.959180450439453125e+01 1.861763763427734375e+01 -1.031554126739501953e+01 -1.680518424463892380e-01 -2.488430954202790202e-02 9.854640274454418147e-01
3.786125946044921875e+01 -8.057223510742187500e+01 -1.109320831298828125e+01 2.568541770605683450e-01 -4.478149775153030254e-01 -8.564389514959642735e-01
-4.451279449462890625e+01 -6.628163909912109375e+01 -1.998447227478027344e+01 5.644318795652849552e-01 8.076188522173355366e-01 -1.707877128881152562e-01
-8.109786987304687500e+01 1.506503677368164062e+01 -1.738221740722656250e+01 9.863728919663683481e-01 -6.083332079146414745e-02 -1.528653822007644825e-01
-7.472248840332031250e+01 -4.723379135131835938e+00 -1.494820213317871094e+01 -2.969094134280110819e-01 -4.126448657099154871e-02 -9.540136489410760978e-01
2.335119247436523438e+01 2.129441022872924805e+00 -1.368485832214355469e+01 -5.653378972713951622e-02 -8.148459002251562042e-03 9.983674339815858945e-01
4.059606933593750000e+01 7.237854003906250000e+01 -1.685333442687988281e+01 -4.875859017593972555e-01 -8.675258817394697619e-01 -9.827936160573605417e-02
2.055127716064453125e+01 1.092413940429687500e+02 1.650638389587402344e+01 1.973721099966364856e-01 9.802643714927667951e-01 1.122551457024195676e-02
2.816747474670410156e+01 1.944665908813476562e+01 -2.075179290771484375e+01 1.267146787166839594e-01 3.371365152335709103e-02 -9.913661179900637999e-01
-2.994402313232421875e+01 3.736553192138671875e+01 -1.148779869079589844e+01 -6.921028293822951982e-02 9.758403494986226182e-03 9.975543645821211003e-01
-2.641282081604003906e+00 -5.473545074462890625e+01 -1.823457145690917969e+01 3.269172908335336164e-02 -7.098110016587354243e-02 -9.969417908126747552e-01
7.005875396728515625e+01 -5.417508316040039062e+01 -1.935274696350097656e+01 7.878314523472454978e-01 -6.092733725302266201e-01 -9.004199141552446384e-02
2.610244941711425781e+01 3.935345077514648438e+01 -1.931393432617187500e+01 6.793041005053704340e-02 1.112726972531477426e-01 -9.914655043098449250e-01
3.374751663208007812e+01 9.020704650878906250e+01 -7.663089752197265625e+00 7.967890256983338471e-02 2.021260417671540965e-01 9.761128703817041341e-01
-3.765450119972229004e-01 1.114844894409179688e+02 1.513920211791992188e+01 -1.226262827299810614e-02 9.947301906760136481e-01 -1.017913341375376313e-01
3.963154220581054688e+01 3.978268051147460938e+01 -1.792076110839843750e+01 1.321201998364665009e-01 9.496943199471927222e-02 -9.866737352244522308e-01
8.073641967773437500e+01 8.133209943771362305e-01 -1.225006294250488281e+01 -8.744078173974504375e-01 4.984602493727593314e-02 4.826244323199765374e-01
5.350001525878906250e+01 2.905916929244995117e+00 -1.647192764282226562e+01 3.042103238255807751e-01 -8.071912630199309935e-02 -9.491788564474968881e-01
-3.193945503234863281e+01 -6.686846923828125000e+01 -1.564644718170166016e+01 -7.769276802205984933e-02 -2.685391135526479789e-01 -9.601305006557330213e-01
-5.743942260742187500e+01 2.581832885742187500e+01 -1.778220367431640625e+01 -1.156379273832879861e-01 3.167697857673743012e-02 -9.927861999336747845e-01
5.542843246459960938e+01 3.428753280639648438e+01 -9.531055450439453125e+00 -9.191563444582923070e-02 -1.886865743682292901e-02 9.955880121370247471e-01
-3.903323364257812500e+01 7.007434082031250000e+01 -1.435303592681884766e+01 -1.825621803803916809e-01 2.143990819711586449e-01 -9.595332635946925981e-01
7.575727081298828125e+01 4.069695663452148438e+01 -7.283049106597900391e+00 -4.356626128136545373e-02 3.632908438408299912e-02 9.983897928693872270e-01
5.197794723510742188e+01 -2.127456283569335938e+01 -1.506098079681396484e+01 1.802972432719293361e-01 -1.082966303149672099e-01 -9.776322130182526493e-01
-2.921922492980957031e+01 -3.021277046203613281e+01 -1.288821792602539062e+01 1.409093435719941945e-01 1.502693302386766960e-01 9.785518306577987158e-01
6.745553588867187500e+01 8.127963256835937500e+01 1.559401512145996094e+01 -6.398334347943656075e-01 -7.239185045944522834e-01 2.579828956054570077e-01
-4.848803710937500000e+01 -5.460383987426757812e+01 -1.567873287200927734e+01 -1.700065995701990629e-01 -1.727590070579111403e-01 -9.701814683774074854e-01
-7.828263092041015625e+01 -4.276532745361328125e+01 -1.380532169342041016e+01 -8.407982544122220014e-01 -5.152922433410848102e-01 1.659282957481111598e-01
-4.105971527099609375e+01 -6.444555664062500000e+01 -7.847718238830566406e+00 1.137064690248850984e-01 1.286295334303031446e-01 9.851524156349591443e-01
9.876948356628417969e+00 1.036177902221679688e+02 1.111269950866699219e+00 -1.027164915671054807e-01 -9.091052572526847619e-01 4.037040420848850841e-01
9.666959381103515625e+01 -5.112784576416015625e+01 1.883466720581054688e+01 8.768987898544753357e-01 -4.633132130948227068e-01 -1.280210096957059840e-01
2.300140380859375000e+01 -8.495155334472656250e+01 -1.792626571655273438e+01 2.309837950971729836e-01 -9.672876152138084604e-01 1.048863950018808638e-01
1.737278938293457031e+01 -9.475457191467285156e+00 -2.195115852355957031e+01 1.689404793841697838e-01 -4.131804442698227414e-02 -9.847598355082201049e-01
-1.141057109832763672e+01 2.833169746398925781e+01 -1.321996021270751953e+01 4.658494234511850046e-02 -8.902280369074198896e-02 9.949395878995576092e-01
-2.894913673400878906e+01 -1.695303153991699219e+01 -1.389972496032714844e+01 6.765438486943743668e-02 4.295827490619512357e-02 9.967835626779876224e-01
9.545515060424804688e+00 4.933748626708984375e+01 -1.104634952545166016e+01 1.646804146212462469e-03 -5.215162163604685625e-02 9.986378204318293594e-01
2.693139839172363281e+01 1.004904403686523438e+02 2.047007083892822266e+00 -2.547311407232591973e-01 -8.997398194308955377e-01 3.543731130832116216e-01
1.522352313995361328e+01 -3.577003479003906250e+01 -1.962201690673828125e+01 7.822159804103231973e-02 -1.214569505777967767e-01 -9.895097729463058212e-01
3.964622497558593750e+01 1.034525222778320312e+02 1.404387855529785156e+01 4.029103995345696410e-01 8.935583253681369520e-01 -1.980321416138914326e-01
-4.923431396484375000e+01 -9.390125274658203125e+01 1.163516902923583984e+01 4.735786533212671401e-01 8.720502667315639389e-01 1.234973336223227497e-01
-4.093492984771728516e+00 5.752894878387451172e+00 -1.499472141265869141e+01 -1.545917666119177129e-03 1.487661947726574320e-02 9.998881419096329326e-01
-1.831816673278808594e+01 1.053983459472656250e+02 1.318506908416748047e+01 1.688522320562660384e-01 -9.785130955118634954e-01 1.183260142209121707e-01
5.379041290283203125e+01 9.143648529052734375e+01 1.517968654632568359e+01 -5.214240610557757671e-01 -8.161971258851015154e-01 2.488758731757711729e-01
1.449574947357177734e+00 9.628707122802734375e+01 -1.045541191101074219e+01 1.364615954299668379e-02 1.208540783941144947e-01 -9.925764827282762548e-01
6.566975402832031250e+01 4.622155380249023438e+01 -7.825791835784912109e+00 -1.289642179391082277e-01 -2.942741353298744186e-02 9.912125190009016817e-01
-1.331894969940185547e+01 -8.229345321655273438e+00 -2.269553375244140625e+01 -1.104483840354116425e-01 -7.185989919163786321e-02 -9.912806410659567025e-01
4.304340839385986328e+00 -6.588950347900390625e+01 -9.559756278991699219e+00 -8.262235680413637651e-02 1.495216714099479871e-01 9.853003683826092596e-01
-7.154338073730468750e+01 -5.234492111206054688e+01 -1.185943126678466797e+01 -8.194730544119307458e-01 -5.730132105220343552e-01 1.094411531425526843e-02
-9.484148025512695312e+00 -1.066115112304687500e+02 1.719308853149414062e+01 7.258534761750275177e-02 9.226491985816952512e-01 3.787477045049933988e-01
-7.460070252418518066e-01 -1.058633728027343750e+02 1.123397254943847656e+01 -1.612911850941850175e-02 9.883705789288126375e-01 1.512066474862558685e-01
-2.298890113830566406e+01 8.418418121337890625e+01 -7.407873153686523438e+00 3.432418627645273442e-03 -2.431151204509063996e-02 9.996985390028565455e-01
-3.905966567993164062e+01 2.256329917907714844e+01 -1.161935615539550781e+01 1.260324976117843665e-01 -6.978981826850190473e-02 9.895681840135044371e-01
-3.646940612792968750e+01 4.183609008789062500e+01 -1.857435226440429688e+01 -7.883815608551325571e-02 1.284525520844976287e-01 -9.885770010515193551e-01
4.057292938232421875e+01 -4.962219619750976562e+01 -7.270750999450683594e+00 -1.805369860924825043e-01 1.410471489075450779e-01 9.734023312267623407e-01
-7.566857147216796875e+01 -7.173774719238281250e+01 -5.574493885040283203e+00 -5.712119356670404269e-01 -5.415223131585839011e-01 -6.168229153516343599e-01
-6.458513641357421875e+01 -4.844353866577148438e+01 -1.888555717468261719e+01 7.864910665644472276e-01 6.147892524123923508e-01 5.887255160539345278e-02
8.464694976806640625e+01 -5.151153182983398438e+01 -7.586029767990112305e-01 -7.734264802643474601e-01 4.470848245672405796e-01 4.493624809300202916e-01
2.713999176025390625e+01 -3.499284744262695312e+01 -1.811253738403320312e+01 1.658585883951111672e-01 -1.421450255366201731e-01 -9.758512798427713131e-01
7.955490875244140625e+01 -1.310011577606201172e+01 -1.088167190551757812e+01 -8.613753331371262201e-01 4.416376069934149773e-01 2.509756154530452532e-01
7.575952148437500000e+01 1.570928096771240234e+01 -1.183899879455566406e+01 2.773539577218602781e-01 2.899142413064581189e-02 -9.603302970660133608e-01
-2.803126907348632812e+01 -5.651469039916992188e+01 -1.771721076965332031e+01 -7.942595069080732317e-02 -1.429689213929078717e-01 -9.865350505038378293e-01
4.475267028808593750e+01 9.587335205078125000e+01 -1.104722023010253906e+00 4.136545259384860618e-01 8.141232889104523807e-01 -4.075453393479485098e-01
6.981050014495849609e+00 -8.748781585693359375e+01 -1.536141109466552734e+01 8.529548806698754315e-02 -9.948903054897282328e-01 -5.401814285931775400e-02
-8.864344787597656250e+01 5.323398590087890625e+01 2.472175121307373047e+00 8.075618287223442771e-01 -2.194052906151134352e-01 5.474533872766893516e-01
-8.389189720153808594e+00 -7.390264129638671875e+01 -8.235593795776367188e+00 -8.766285397298215556e-03 1.810310646678118529e-01 9.834383081137176852e-01
1.868553543090820312e+01 2.393316268920898438e+01 -1.294501972198486328e+01 -5.511094752307364730e-02 -8.201703734464936557e-02 9.951060189991394189e-01
-1.747798156738281250e+01 -2.764782905578613281e+00 -1.480736351013183594e+01 4.204114867511904441e-02 -1.720670164280654890e-02 9.989677027995710334e-01
4.698094558715820312e+01 -6.432054138183593750e+01 -1.954973793029785156e+01 -3.880400224244582863e-01 6.307337065764694328e-01 -6.720118543486670593e-01
-6.996511840820312500e+01 2.273244285583496094e+01 -1.583786773681640625e+01 -2.439106146220078875e-01 7.008102505121932557e-02 -9.672622508929441532e-01
3.585351943969726562e+01 -5.963948059082031250e+01 -6.380259037017822266e+00 -2.203931141479898437e-01 2.554239359106184604e-01 9.413742551185896312e-01
8.637263488769531250e+01 -5.800829315185546875e+01 1.343459987640380859e+01 -8.094627408493770826e-01 5.596779145448137482e-01 1.775688687450095726e-01
3.155208778381347656e+01 -7.244250488281250000e+01 -4.227445125579833984e+00 -1.791286645245667719e-01 2.099149196165799591e-01 9.611704573425100540e-01
-2.708409118652343750e+01 1.074739608764648438e+02 8.476572036743164062e+00 -2.286711878772198503e-01 9.672053410310031962e-01 -1.105591068882255390e-01
-1.052772369384765625e+02 1.727447319030761719e+01 2.831732034683227539e+00 -9.281991031143068671e-01 1.506992719618628629e-01 -3.402001681480492090e-01
5.192624664306640625e+01 -9.602993774414062500e+01 1.445207595825195312e+01 4.796925763275775578e-01 -8.619163942377136012e-01 -1.643020436892664582e-01
-2.138459396362304688e+01 -1.085739364624023438e+02 1.041735744476318359e+01 -1.932515240153722669e-01 -9.700318883738063835e-01 -1.472819880490589817e-01
-1.686232566833496094e+01 1.032697372436523438e+02 -6.561182022094726562e+00 -1.176141675930687108e-01 8.890338840646748730e-01 -4.424767344915071510e-01
-1.021053771972656250e+02 6.244490146636962891e-01 7.320899963378906250e-01 9.376550296388665995e-01 -1.715800158631965860e-02 3.471435558591000614e-01
2.566373825073242188e+01 -5.805713653564453125e+01 -1.553362178802490234e+01 1.286703366997511699e-01 -1.197763149693148454e-01 -9.844275386365134439e-01
1.066457824707031250e+02 -1.494512748718261719e+01 1.094405937194824219e+01 9.791390447325242219e-01 -1.668645257932070969e-01 -1.159437842753465731e-01
-2.812214088439941406e+01 6.559539794921875000e+01 -9.694433212280273438e+00 2.799004163714754675e-02 -6.164631252373673626e-02 9.977055125243001754e-01
7.151016998291015625e+01 -3.628019332885742188e+01 -1.506207275390625000e+01 -8.709258437973775857e-01 4.574633728295928181e-01 -1.794865931628285283e-01
1.877030014991760254e+00 1.050600967407226562e+02 -4.883941173553466797e+00 1.938470604153333041e-02 9.153689010813325089e-01 -4.021492361112191105e-01
8.435208892822265625e+01 3.013865661621093750e+01 -1.615078353881835938e+01 9.502371164510922119e-01 3.107118023857375899e-01 2.252994400614050791e-02
-5.010603332519531250e+01 2.755066871643066406e+01 -1.104276371002197266e+01 3.006393316643075561e-02 -2.290580473850057155e-02 9.992854867513317751e-01
-5.619532012939453125e+01 7.288675689697265625e+01 -1.586454486846923828e+01 -6.099829845182579424e-01 7.872532487767734954e-01 9.029441227791702718e-02
5.891851425170898438e+01 -5.171451568603515625e+01 -2.758249998092651367e+00 -1.794836787172812975e-01 1.492290864379560988e-01 9.723766188236967478e-01
6.222455215454101562e+01 8.974253082275390625e+01 9.706114768981933594e+00 5.536388549335493625e-01 7.944152064280275427e-01 -2.497768966573625238e-01
4.490097427368164062e+01 8.026363372802734375e+01 -1.212423896789550781e+01 4.522828625696576066e-01 7.551490044645632338e-01 -4.745420879984988405e-01
-6.227709579467773438e+01 9.971219062805175781e+00 -8.313654899597167969e+00 8.450235210919844475e-02 5.735105191652514062e-02 9.947714357238456317e-01
-8.191743469238281250e+01 6.020227909088134766e+00 -7.028709888458251953e+00 1.522495579452330106e-01 5.772802902299618323e-03 9.883252232196304554e-01
-1.856667900085449219e+01 5.121722412109375000e+01 -1.835525512695312500e+01 1.531594920861030149e-02 8.715068980396845078e-02 -9.960773960724796927e-01
-9.137563323974609375e+01 -1.669455051422119141e+00 -1.922759437561035156e+01 -9.525453704055943938e-01 -6.303508669455725431e-03 3.043313705442195483e-01
5.487321472167968750e+01 7.307428741455078125e+01 -1.394245910644531250e+01 6.106589950674907730e-01 7.916903708199303225e-01 -1.794292323350893392e-02
-9.609450531005859375e+01 -3.557183074951171875e+01 -6.824365139007568359e+00 -4.745365546158203940e-01 -1.792445825075486276e-01 -8.617925724761388295e-01
-2.199914169311523438e+01 -3.327590179443359375e+01 -2.045266914367675781e+01 -6.883598687638356473e-02 -1.310282301276103900e-01 -9.889859502644010592e-01
1.922964477539062500e+01 1.035647888183593750e+02 -3.588866949081420898e+00 1.852864734810511504e-01 8.852768762182181561e-01 -4.265604003869434280e-01
-3.873619842529296875e+01 7.911380004882812500e+01 -7.322271823883056641e+00 1.493948598064346461e-02 -6.775892981211542598e-02 9.975898652198461614e-01
-6.304221343994140625e+01 -1.277788829803466797e+01 -1.729762649536132812e+01 -1.541663755353858412e-01 2.526502949203326964e-02 -9.877218266997288554e-01
8.758888244628906250e+01 1.686316108703613281e+01 -1.669774818420410156e+01 9.834885133094984910e-01 1.666322774200110768e-01 7.059765088225609941e-02
-7.909166717529296875e+01 4.522832489013671875e+01 -1.167934894561767578e+01 -8.637285864846405703e-01 5.017397494944310088e-01 -4.722449223136619689e-02
6.345427989959716797e+00 2.338035202026367188e+01 -2.130930328369140625e+01 1.397907179781620983e-02 1.559788457680449658e-01 -9.876614729878553378e-01
-3.938434600830078125e+01 -3.244816207885742188e+01 -1.184093189239501953e+01 2.470101063958016208e-01 1.891167892313165219e-02 9.688283417296600364e-01
-1.631604576110839844e+01 2.336405754089355469e+01 -2.116960144042968750e+01 -5.908955818721682574e-02 6.539489119248369231e-02 -9.961083938604085031e-01
-4.214228439331054688e+01 5.505465316772460938e+01 -1.699220848083496094e+01 -9.641885218212865871e-02 1.510078435953901010e-01 -9.838191074158659788e-01
9.026583862304687500e+01 -4.373854446411132812e+01 1.951606988906860352e+00 -8.460593664201887520e-01 3.992005027300539188e-01 3.533022885755778275e-01
7.942852783203125000e+01 6.948336029052734375e+01 1.641776847839355469e+01 -7.215840105528640303e-01 -6.299793503930827265e-01 2.871280790740500244e-01
-7.371503448486328125e+01 8.601750373840332031e+00 -1.546901226043701172e+01 -4.135520769656574891e-01 1.949252571344965435e-01 -8.893699026661749940e-01
1.979636192321777344e+01 8.108416748046875000e+01 -2.005845832824707031e+01 -1.644628681397812819e-01 -6.274772702510542643e-01 -7.610678289886666503e-01
-3.426621246337890625e+01 1.014618835449218750e+02 1.361681842803955078e+01 3.140741998201878049e-01 -9.408307219488052375e-01 1.272593793973498255e-01
-1.348714065551757812e+01 1.200757789611816406e+01 -2.221345520019531250e+01 -6.088420773221748378e-02 -2.534270023832195171e-02 -9.978230608647259414e-01
1.370596504211425781e+01 -1.030455856323242188e+02 6.731544017791748047e+00 -1.708213690151657582e-01 9.289936106307894459e-01 3.283152925085181528e-01
-3.651932907104492188e+01 -1.006966705322265625e+02 5.700049996376037598e-01 -2.819554087679311816e-01 -8.571059909173315283e-01 -4.311269741040659742e-01
5.777347183227539062e+01 -8.295202636718750000e+01 3.357125997543334961e+00 -5.369000667038179575e-01 7.681369388620379324e-01 3.488609487017624300e-01
8.585673522949218750e+01 5.880662918090820312e+01 1.116051197052001953e+01 -9.022284307734352859e-01 -4.248978098819071181e-01 7.379505309750249153e-02
3.415990066528320312e+01 -9.032444000244140625e+01 -8.820279121398925781e+00 1.193209380176427914e-01 -2.202457228724073457e-01 -9.681189675380813542e-01
-5.605709457397460938e+01 -7.169091033935546875e+01 -5.449443817138671875e+00 7.258941888982060886e-02 1.089837136770438336e-01 9.913895936605336967e-01
-8.626905822753906250e+01 3.299645614624023438e+01 -2.031039237976074219e+01 -9.339113751554598553e-01 3.371771471352079663e-01 -1.188322969777173832e-01
2.069502115249633789e+00 -1.352094078063964844e+01 -1.453437900543212891e+01 -2.883926887946740292e-02 3.194529672350115285e-02 9.990734680631576659e-01
3.415195083618164062e+01 1.015668964385986328e+01 -1.227001476287841797e+01 -1.692684673789247862e-01 -3.602648628799194619e-02 9.849113047563881063e-01
5.824120330810546875e+01 -2.672932624816894531e+01 -6.939506053924560547e+00 -1.719857497670363444e-01 8.899171995022635284e-02 9.810715446170941156e-01
4.789941024780273438e+01 -3.745994186401367188e+01 -7.591456890106201172e+00 -1.853099204112155507e-01 1.398108998735518582e-01 9.726834766118609421e-01
-5.429507827758789062e+01 -5.060987949371337891e+00 -1.130391216278076172e+01 -3.445563501447647392e-02 -8.891096341749703258e-02 9.954434437977487393e-01
9.397042083740234375e+01 -3.671709060668945312e+01 -6.042575836181640625e+00 6.415052168624943985e-01 -2.396588289150458351e-01 -7.287212789957987491e-01
3.854634094238281250e+01 4.681646728515625000e+01 -1.027050495147705078e+01 -8.660934967370799431e-02 -9.118844264459230464e-02 9.920602242188482078e-01
4.006733703613281250e+01 -7.932669067382812500e+01 -2.074807548522949219e+01 3.574885513046429653e-01 -6.418735244475441970e-01 -6.783806559000600256e-01
2.271094131469726562e+01 3.368409347534179688e+01 -1.175259208679199219e+01 -6.994709696943715582e-02 -1.149882310884954018e-01 9.909011607303157554e-01
-5.053618240356445312e+01 4.091259384155273438e+01 -1.032059669494628906e+01 6.834590814673111026e-02 -1.910028505091709156e-02 9.974788298257624142e-01
-3.002291297912597656e+01 1.779869461059570312e+01 -1.292387485504150391e+01 1.286404224074044200e-01 -6.816492163838519525e-02 9.893458369957784937e-01
-3.616359949111938477e+00 4.234642028808593750e+01 -1.953357696533203125e+01 4.448304470466041272e-03 1.759378249151137275e-01 -9.843912303304396261e-01
3.224148178100585938e+01 -6.621009826660156250e+00 -2.003744506835937500e+01 1.391524022091021329e-01 -5.364886842492486152e-02 -9.888166705088267117e-01
2.892208480834960938e+01 7.725428009033203125e+01 -1.489137649536132812e+01 -3.175864265441046830e-01 -7.937246482069940656e-01 -5.187870897619074606e-01
-6.052544403076171875e+01 -3.226934814453125000e+01 -9.685132026672363281e+00 1.656367393728064297e-01 9.830691708112536398e-02 9.812747936352740341e-01
-2.207261085510253906e+01 -8.500597381591796875e+01 -1.436086177825927734e+01 -2.669355373638861439e-01 -9.612253681772194858e-01 -6.921857023098908213e-02
-2.419023132324218750e+01 7.956054687500000000e+01 -1.595715522766113281e+01 2.387731147913758067e-01 -8.443769404007559487e-01 -4.795987720712832081e-01
-9.697507476806640625e+01 5.102531051635742188e+01 2.246611595153808594e+01 -4.348737553203015360e-01 1.926776704913145677e-01 8.796363636342343639e-01
9.282116889953613281e+00 9.156462860107421875e+01 -1.403851890563964844e+01 1.105439201955623063e-01 9.914776514894193538e-01 -6.893553731438331611e-02
2.468292236328125000e+01 -1.022798233032226562e+02 1.316687297821044922e+01 -2.666512705774557457e-01 9.461142945093964363e-01 1.837521200542068800e-01
-6.654830169677734375e+01 7.700370788574218750e+01 -2.533479928970336914e+00 5.705532503797657862e-01 -6.308931173229753719e-01 5.257783401734827944e-01
-9.655039215087890625e+01 -1.545180511474609375e+01 -8.802424430847167969e+00 -2.160048481409106991e-01 1.548344945130293929e-02 -9.762695162570176333e-01
-7.958700561523437500e+01 -3.737911224365234375e+01 -5.575384140014648438e+00 1.546659282923504297e-01 5.447208235274422772e-02 9.864640099211026136e-01
-5.689476394653320312e+01 -2.571194839477539062e+01 -1.767834091186523438e+01 -1.107696557497828971e-01 -5.464913359120526781e-02 -9.923424588128864077e-01
-2.721526527404785156e+01 3.343250656127929688e+01 -1.998088455200195312e+01 -2.263760666799088939e-02 7.652500587785687758e-02 -9.968106451276186331e-01
4.256495285034179688e+01 3.157445335388183594e+01 -1.072760009765625000e+01 -1.116255698118150536e-01 -7.821416331798151933e-02 9.906675914859915943e-01
8.947900390625000000e+01 5.863215923309326172e+00 -1.100868892669677734e+01 6.811975543685607759e-01 1.915773422957908756e-02 -7.318489414773245993e-01
-8.816804504394531250e+01 -2.043708419799804688e+01 -1.671763420104980469e+01 -9.300645823439011028e-01 -2.446483151249334853e-01 2.740931859349959865e-01
7.034802246093750000e+01 2.747674560546875000e+01 -1.334711933135986328e+01 2.605717828856334850e-01 1.272400553311304680e-02 -9.653706260535358519e-01
6.434390258789062500e+01 -4.516682052612304688e+01 -8.868845939636230469e+00 3.738749719077713030e-01 -1.493349445440296241e-01 -9.153778344044576354e-01
-3.765307235717773438e+01 8.423834228515625000e+01 -1.550705909729003906e+01 -4.453116007706719448e-01 8.947072189786794416e-01 3.459148054794906890e-02
8.455017089843750000e+00 -4.272765350341796875e+01 -1.925883293151855469e+01 9.019827267660518455e-02 -1.720072749106604515e-01 -9.809575775659032937e-01
2.832126426696777344e+01 1.066300430297851562e+02 9.496393203735351562e+00 2.164486352395819657e-01 9.679707337922190957e-01 -1.272110326374056299e-01
3.241833925247192383e+00 -8.003459930419921875e+01 -2.042101097106933594e+01 -4.800867012380141512e-03 6.764282281464342184e-01 -7.364929082093085722e-01
8.918042755126953125e+01 -2.112896919250488281e+00 -1.880271530151367188e+01 9.568717781142729306e-01 -2.560639012070888357e-02 2.893798766905114062e-01
-6.181109905242919922e+00 -3.889107513427734375e+01 -1.313430023193359375e+01 -9.392180350515234866e-03 1.227965263403806018e-01 9.923874243797125017e-01
2.597303962707519531e+01 4.506399917602539062e+01 -1.099017524719238281e+01 -8.162913029932139519e-02 -6.597826332872440414e-02 9.944765225256461116e-01
-1.923236274719238281e+01 -2.373691177368164062e+01 -1.406251239776611328e+01 3.891137769134307700e-03 4.480879109158648899e-02 9.989880035755044352e-01
-1.037359237670898438e+02 -1.493852710723876953e+01 1.406325054168701172e+01 9.861754768119681547e-01 1.637764608168405800e-01 -2.520317077268300135e-02
3.996014022827148438e+01 4.601675033569335938e+00 -1.922967338562011719e+01 1.748045771451655350e-01 -1.947474514078411517e-02 -9.844105312880401248e-01
6.207942581176757812e+01 -7.083592987060546875e+01 -4.318517208099365234e+00 -4.459301805720827447e-03 5.693478165264363039e-02 9.983679408242090991e-01
7.780149078369140625e+01 4.552544784545898438e+01 -1.618935012817382812e+01 8.849703011686314014e-01 4.652810701148691885e-01 -1.846867191392003588e-02
8.405017089843750000e+01 -2.801816940307617188e+01 -1.335757160186767578e+01 9.229918290014109683e-01 -3.811171380183541180e-01 5.325233051547296342e-02
3.593486785888671875e+01 5.672790908813476562e+01 -1.628721618652343750e+01 8.971552965027991544e-02 1.150762207039274926e-01 -9.892970166578238800e-01
2.559745407104492188e+01 -5.067663955688476562e+01 -9.333212852478027344e+00 -9.137239469120712887e-02 5.818350261121765093e-02 9.941155694949579402e-01
1.035675048828125000e+01 1.099570465087890625e+02 8.821164131164550781e+00 1.380351515896963144e-01 9.702216157784124828e-01 -1.990384716629830242e-01
-2.560430335998535156e+01 1.008512725830078125e+02 9.568619728088378906e-01 2.418324916401683455e-01 -8.923247490697087114e-01 3.811477248847082167e-01
-7.717020416259765625e+01 -1.776907157897949219e+01 -7.277442932128906250e+00 1.449770394967908882e-01 6.142721025870936241e-02 9.875263823607843827e-01
3.861653900146484375e+01 6.510449218750000000e+01 -8.557790756225585938e+00 -3.787926560120818964e-02 -3.014987837289878070e-01 9.527138314559383536e-01
4.786441040039062500e+01 -9.187284851074218750e+01 -2.349716901779174805e+00 4.300310131441419381e-01 -7.854697597804106701e-01 -4.450961516399875029e-01
1.135276317596435547e+01 -2.596893501281738281e+01 -1.336848258972167969e+01 -5.206182901716840949e-02 5.806204071497735042e-02 9.969545452965242749e-01
-1.004537582397460938e+02 -1.658634376525878906e+01 -1.405140012502670288e-01 9.019700644286284819e-01 1.362210218441850251e-01 4.097485034534499304e-01
-1.002173080444335938e+02 -2.846915626525878906e+01 6.498799800872802734e+00 9.445321574463222403e-01 2.255796605946739086e-01 2.386897992704916371e-01
3.619201278686523438e+01 -1.040737438201904297e+01 -1.176783752441406250e+01 -1.177498569514304205e-01 1.626141374245359053e-02 9.929101357177367859e-01
4.354773998260498047e+00 -1.030956497192382812e+02 -5.682293891906738281e+00 1.229574326629957887e-01 -8.197129535082385843e-01 -5.594212577331372227e-01
2.288074874877929688e+01 6.586225891113281250e+01 -9.089335441589355469e+00 -3.664307631622666650e-02 -1.186107747519918043e-01 9.922644652867579351e-01
-4.149876022338867188e+01 -7.788780975341796875e+01 -1.212703704833984375e+01 -4.269147306462806046e-01 -7.395749192962813856e-01 -5.203582914733967391e-01
7.270146942138671875e+01 -2.924823379516601562e+01 -3.094279050827026367e+00 -1.419114581896448457e-01 9.627950580564763328e-02 9.851859696505573805e-01
-2.519140005111694336e+00 4.943791198730468750e+01 -1.114421176910400391e+01 -6.624301598373100175e-03 3.938437600296387613e-03 9.999703032278520753e-01
9.804824066162109375e+01 -5.680189132690429688e+00 -8.346356391906738281e+00 7.376970733190050256e-01 -3.101554215110373658e-01 -5.996721125114000683e-01
-5.157348155975341797e+00 8.777630615234375000e+01 -7.230569839477539062e+00 -2.310769164066714398e-02 1.084415743650824632e-02 9.996741663344772544e-01
1.525889587402343750e+01 -3.801879882812500000e+00 -1.435679054260253906e+01 -4.668207132773351947e-02 1.644058423833533178e-02 9.987744947716948873e-01
-4.196686935424804688e+01 -9.504006195068359375e+01 -5.783131122589111328e+00 -3.268154774748128766e-01 -7.350553897216179911e-01 -5.940414276160462803e-01
-8.322175598144531250e+01 -3.655917358398437500e+01 -2.024151802062988281e+01 -9.042783239587315336e-01 -4.206596850586575287e-01 -7.298042329788473337e-02
-1.395617294311523438e+01 7.160475921630859375e+01 -9.311378479003906250e+00 2.154120165241059370e-02 -9.129483484358116852e-02 9.955908947766917150e-01
-1.084668197631835938e+02 7.852242946624755859e+00 1.571544647216796875e+01 -9.955455201850679225e-01 7.319518765552181228e-02 5.942711286538689824e-02
-8.845446014404296875e+01 -5.039662933349609375e+01 -7.350224018096923828e+00 -3.643368177435125643e-01 -2.288161384828117650e-01 -9.027191468038912037e-01
4.923154067993164062e+01 -1.199563980102539062e+01 -1.640392303466796875e+01 1.921162400574941420e-01 -8.811202706416083885e-02 -9.774086253930931445e-01
-6.824972152709960938e+00 2.356004905700683594e+01 -2.136292457580566406e+01 1.990615745636658152e-03 8.296168790010426120e-02 -9.965507492294203296e-01
2.026538658142089844e+01 -8.557218933105468750e+01 -5.155117988586425781e+00 -6.548430587256631741e-02 1.725322191490732959e-01 9.828247244752670309e-01
-1.000131301879882812e+02 3.110474205017089844e+01 1.519731044769287109e+01 9.806015966503895953e-01 -1.688012684958112020e-01 9.963252682187544174e-02
9.134481048583984375e+01 3.669777679443359375e+01 -9.238980293273925781e+00 9.957041609305229413e-01 -5.537638653168642545e-03 9.242596206580877549e-02
-6.074356079101562500e+01 8.700081634521484375e+01 -2.637404918670654297e+00 -5.385431061776022599e-01 7.495795695034740413e-01 -3.848399560487011928e-01
-8.664413452148437500e+01 2.557214546203613281e+01 -1.194165229797363281e+01 -9.708547768218328544e-01 2.378637808486801786e-01 -2.935684047373340530e-02
2.160133552551269531e+01 9.686948776245117188e+00 -2.174004173278808594e+01 6.442684596214057202e-02 -7.644582346416546950e-03 -9.978931515348321568e-01
-2.499972152709960938e+01 -1.014856185913085938e+02 -4.576762199401855469e+00 -2.008261877882032698e-01 -8.450297144157179474e-01 -4.955740348857551880e-01
8.798311614990234375e+01 -9.896456718444824219e+00 -1.350713539123535156e+01 9.888033067333730219e-01 -1.472331368747058500e-01 2.429864192050998004e-02
-2.039958953857421875e+01 3.743549346923828125e+01 -1.203554821014404297e+01 5.892787590875889214e-02 -1.350357545282148408e-01 9.890868770941598775e-01
6.088726043701171875e+01 8.677828216552734375e+01 7.889320254325866699e-01 5.492190057204805465e-01 7.589512610691595551e-01 -3.497877457501038512e-01
-2.130778121948242188e+01 8.980085754394531250e+01 -1.590892028808593750e+01 -2.385652463941572432e-01 9.707011726787413419e-01 2.873772038647805574e-02
-8.211371612548828125e+01 -7.189334869384765625e+00 -2.017995834350585938e+01 4.033997238358557058e-01 4.382326713344906338e-02 -9.139738421130583212e-01
3.654719924926757812e+01 -3.640596008300781250e+01 -9.592426300048828125e+00 -1.631755268201553755e-01 1.197005710568843223e-01 9.793086953231961989e-01
-3.518559265136718750e+01 -2.793309974670410156e+01 -1.972459602355957031e+01 -1.300057119084016277e-01 -7.700876721943268610e-02 -9.885181660660228298e-01
7.587687969207763672e+00 -1.100879364013671875e+02 1.153105640411376953e+01 1.050880997609868611e-01 -9.816020544368311285e-01 -1.594173704902238087e-01
-5.570465469360351562e+01 -4.857763290405273438e+01 -1.537009811401367188e+01 -2.149515870099435177e-01 -1.755294394808410985e-01 -9.607212036368555363e-01
-3.422562789916992188e+01 2.924145936965942383e+00 -2.084162139892578125e+01 -7.974465882373454884e-02 6.027619102842932813e-02 -9.949912412600377953e-01
-5.814322662353515625e+01 3.552688217163085938e+01 -9.827350616455078125e+00 1.437424324996714742e-01 -8.885007128094958573e-02 9.856184748331614509e-01
6.003320693969726562e+01 5.620510482788085938e+01 -1.930529022216796875e+01 -7.560696384678878834e-01 -6.509494734329644983e-01 -6.799621183848011952e-02
6.333682250976562500e+01 -8.710855484008789062e+00 -7.475986957550048828e+00 -1.512077507735898607e-01 6.424610511572725891e-02 9.864120103098151793e-01
7.524145507812500000e+01 7.877606201171875000e+01 1.099983406066894531e+01 6.779423342786238260e-01 7.133860933132026849e-01 -1.774104654753404786e-01
5.391803359985351562e+01 -5.818251037597656250e+01 -1.861683464050292969e+01 -6.543654833995281583e-01 7.170890672045845404e-01 2.399772569035667769e-01
-4.661090850830078125e+01 -7.184484863281250000e+01 -6.274609088897705078e+00 8.763594353382589408e-02 6.817985797234660250e-02 9.938166070094656135e-01
7.138040924072265625e+01 6.459199786186218262e-01 -1.266569423675537109e+01 2.899187085997204094e-01 -3.920637389863668859e-02 -9.562478772000441163e-01
-5.325014114379882812e+01 1.161494016647338867e+00 -1.868207931518554688e+01 -1.182472390054204875e-01 -4.243568905268657598e-02 -9.920770145317442390e-01
1.858465385437011719e+01 -3.950937271118164062e+01 -1.152564620971679688e+01 -9.431833426393085307e-02 4.916319915946969904e-02 9.943274267916397680e-01
-7.125959014892578125e+01 7.788077545166015625e+01 9.407087326049804688e+00 6.819471279207971470e-01 -6.996585983749135096e-01 2.131336680128863292e-01
-2.944046974182128906e+01 9.046408843994140625e+01 -1.104050254821777344e+01 -5.820863901879486102e-02 1.878949015297559644e-01 -9.804627786523580912e-01
-6.883462524414062500e+01 3.413488006591796875e+01 -1.502556037902832031e+01 -2.862438386453621808e-01 1.173547048940921100e-01 -9.509428679351817904e-01
-7.964724063873291016e+00 -1.514527797698974609e+01 -1.431041145324707031e+01 4.768480509766952896e-02 1.479859473379431870e-02 9.987528027278332887e-01
7.950482177734375000e+01 -6.700070190429687500e+01 -4.351490139961242676e-01 6.885415050127159375e-01 -5.597526938621799619e-01 -4.610721392459716794e-01
-4.786603927612304688e+01 5.333392715454101562e+01 -9.574058532714843750e+00 7.810813446981369756e-02 -7.283880815909896111e-02 9.942804570922669782e-01
-7.477487945556640625e+01 -2.367712593078613281e+01 -1.449772644042968750e+01 -8.342790572975530838e-02 -4.899804992203958542e-03 -9.965017694196961484e-01
9.664459228515625000e+00 1.853669166564941406e+01 -1.415386486053466797e+01 -4.519605187384432426e-02 -6.666284707923031405e-02 9.967514142023116142e-01
8.764187622070312500e+01 4.800863647460937500e+01 -2.324851989746093750e+00 1.474874158653259326e-01 -7.890584472075979905e-01 5.963507600831096100e-01
4.569287490844726562e+01 -7.536470031738281250e+01 -1.132477569580078125e+01 3.343458425479982621e-01 -5.398916524404728801e-01 -7.724829196791116459e-01
3.075811767578125000e+01 -9.689240264892578125e+01 2.777765035629272461e+00 -2.995819858510652689e-01 8.717180942116706799e-01 3.877604904802773311e-01
-3.162359809875488281e+01 5.148101043701171875e+01 -1.805218315124511719e+01 -1.763417468397855681e-01 7.230046010221072295e-02 -9.816701237129006330e-01
-6.433736419677734375e+01 1.908648300170898438e+01 -9.373629570007324219e+00 1.748526410647682217e-01 1.341774809756783315e-01 9.754091231435643161e-01
9.450813293457031250e+01 1.919536972045898438e+01 -9.665750503540039062e+00 2.461067753035520722e-01 4.567392192532734180e-02 -9.681659713115545740e-01
-6.179760742187500000e+01 -6.449826049804687500e+01 -2.113071441650390625e+01 -4.491058273720531790e-01 -5.290046493738383981e-01 -7.200403021785140023e-01
-4.321360397338867188e+01 1.020712814331054688e+02 9.773618698120117188e+00 -3.958251894353397859e-01 9.146038711154073075e-01 -8.259647903626922416e-02
1.391306591033935547e+01 2.857087707519531250e+01 -2.090961074829101562e+01 5.278449209251240282e-02 1.123835266913849051e-01 -9.922619313079295011e-01
-8.962549209594726562e+00 6.049248886108398438e+01 -1.708412933349609375e+01 7.630002569468912442e-03 1.767305474766759088e-01 -9.842296970978798853e-01
2.357338905334472656e+01 6.000443649291992188e+01 -1.650877380371093750e+01 3.631000705167684167e-02 1.654377222167325856e-01 -9.855515935026671892e-01
-4.154391479492187500e+01 -5.263754653930664062e+01 -1.000896167755126953e+01 1.386566837537286101e-01 1.719035145561930988e-01 9.753068777229284558e-01
-2.439328575134277344e+01 6.031863403320312500e+01 -1.704734420776367188e+01 -1.945044208778674844e-02 1.781648439115579574e-01 -9.838084003994679305e-01
-1.469467043876647949e+00 -6.387297821044921875e+01 -1.740696525573730469e+01 1.690790649620134076e-02 -2.129474480127591385e-01 -9.769173491564006051e-01
-1.805158042907714844e+01 -5.365000915527343750e+01 -1.094066905975341797e+01 1.393718736611386511e-02 2.901643240201847579e-02 9.994817664464823448e-01
-9.705985069274902344e+00 1.065076751708984375e+02 -1.399654984474182129e+00 -4.354493668593339278e-02 8.905040967959078069e-01 -4.528866216601267758e-01
-5.270476150512695312e+01 -3.735225296020507812e+01 -1.028041458129882812e+01 4.581271408328503603e-02 -1.982754727393347058e-02 9.987532546116798526e-01
7.764145660400390625e+01 -7.331913757324218750e+01 6.402315139770507812e+00 6.971508101245837974e-01 -6.493640922768825208e-01 -3.038207096365502236e-01
7.695014190673828125e+01 -4.257117080688476562e+01 -2.008888244628906250e+01 1.152293687543301109e-01 -9.383507711344159230e-02 -9.888969465417482008e-01
5.445193481445312500e+01 -4.195498657226562500e+01 -1.236658954620361328e+01 2.047926401676385677e-01 -1.457532911261881781e-01 -9.678925315648699845e-01
-4.587458419799804688e+01 9.337207031250000000e+01 -7.228579998016357422e+00 -3.469284186309347096e-01 7.145994072181611756e-01 -6.074441205161932311e-01
-5.871286010742187500e+01 -8.249402618408203125e+01 -7.869350910186767578e+00 -2.886568233627430091e-01 -3.828909356235348782e-01 -8.775373323930237834e-01
-4.250073623657226562e+01 9.296579360961914062e+00 -1.991107940673828125e+01 -1.030869568009357001e-01 9.608863735064730044e-03 -9.946259342462587805e-01
-6.176836395263671875e+01 -4.335861968994140625e+01 -7.954297065734863281e+00 2.511964370994723694e-01 1.811532537827568456e-01 9.508332391289499030e-01
-2.100355148315429688e+01 1.973552894592285156e+01 -1.348128700256347656e+01 8.574274228764798556e-02 -8.614996950030368028e-02 9.925856965018640121e-01
-6.939193725585937500e+01 -3.116058349609375000e+01 -7.777616024017333984e+00 2.492229717550989432e-01 1.196732266036652642e-01 9.610235320655915459e-01
-5.306027603149414062e+01 -5.325408935546875000e+01 -8.045523643493652344e+00 2.488177842673597873e-01 2.344381012039830070e-01 9.397491617108006956e-01
-9.580796813964843750e+01 3.858923339843750000e+01 -5.843605041503906250e+00 -7.146245816568344011e-01 2.725178674479632468e-01 -6.442404203505153193e-01
-7.760654449462890625e+01 -6.900161743164062500e+01 2.775485992431640625e+00 7.020289420951345560e-01 5.948277881945094325e-01 3.915804730223585994e-01
6.710016632080078125e+01 1.371143150329589844e+01 -1.404645824432373047e+01 1.381789243421662206e-01 -3.885575762173269082e-02 -9.896447923205997643e-01
-6.762266540527343750e+01 -2.131206893920898438e+01 -9.361341476440429688e+00 1.474252896422463543e-01 4.309398981984961796e-02 9.881339443695407176e-01
4.811483001708984375e+01 -6.206619262695312500e+01 -3.123181104660034180e+00 -1.578266182031841103e-01 1.581879340530012723e-01 9.747139765626579022e-01
8.029583740234375000e+01 -3.136967897415161133e+00 -4.188669204711914062e+00 6.082180895057906489e-02 -1.011193825144247362e-02 9.980974182216775237e-01
-4.863898086547851562e+01 -1.613071823120117188e+01 -1.184524631500244141e+01 1.577736466735654985e-01 4.603436137110999971e-02 9.864017001143494667e-01
1.019024014472961426e+00 3.202649307250976562e+01 -1.300788974761962891e+01 -3.766827857736796542e-02 -1.236347365699447254e-01 9.916126021296312043e-01
1.684234023094177246e+00 -5.739411926269531250e+01 -1.078281974792480469e+01 -3.294517304926122825e-02 1.291531951657382826e-01 9.910772259270389517e-01
5.015651321411132812e+01 3.566172790527343750e+01 -1.668667602539062500e+01 1.424192454909554983e-01 3.723471446607574259e-02 -9.891058257600229275e-01
3.499560546875000000e+01 9.855802154541015625e+01 -4.414249897003173828e+00 3.515108069575857974e-01 8.517140343505910094e-01 -3.886172362135612013e-01
-1.083462295532226562e+02 -8.327293395996093750e+00 1.810773849487304688e+01 -9.963620102780077481e-01 -2.993999840922340755e-02 7.978935373859580293e-02
9.680474281311035156e+00 -7.784172058105468750e+01 -1.453580665588378906e+01 -1.550027921581374757e-01 8.014161470313401203e-01 -5.776731720450783980e-01
4.794756317138671875e+01 6.798313140869140625e+01 -2.020364379882812500e+01 -2.974029514751542203e-01 -4.333325354908006966e-01 -8.507493156852851124e-01
3.779307937622070312e+01 -1.035606613159179688e+02 2.095493698120117188e+01 3.287519463452185375e-01 -8.774938960738689619e-01 3.491799251493886702e-01
7.848931884765625000e+01 -6.878433990478515625e+01 1.458432960510253906e+01 -7.457191081189328274e-01 6.506610571935974585e-01 1.433289937103214284e-01
-3.245473480224609375e+01 -5.985520553588867188e+01 -9.837924957275390625e+00 7.938488523324339907e-02 1.399824988359277822e-01 9.869665343952418457e-01
-3.795222091674804688e+01 -4.127220535278320312e+01 -1.160501766204833984e+01 7.566859774191787846e-02 8.120110980925203392e-02 9.938212329596894934e-01
1.003052291870117188e+02 -1.275500392913818359e+01 4.676342010498046875e+00 -9.229939762436771833e-01 1.483611940137132268e-01 3.550648897437081453e-01
1.291462802886962891e+01 5.419755935668945312e+01 -1.778075790405273438e+01 8.701785779741830207e-03 1.470295535290930822e-01 -9.890938223006344732e-01
5.857468795776367188e+01 1.891954612731933594e+01 -9.137516975402832031e+00 -1.297941704953336217e-01 4.834248657487365958e-02 9.903617911133215657e-01
-8.188905334472656250e+01 7.201654815673828125e+01 2.137796974182128906e+01 -2.710526910402814571e-01 2.456219257867548744e-01 9.306988278990295793e-01
-3.597851037979125977e+00 -9.908776855468750000e+01 -8.719701766967773438e+00 1.194541118568919272e-02 -4.639683465180877153e-01 -8.857712349025996801e-01
8.616107177734375000e+01 -5.999123001098632812e+01 1.792616009712219238e+00 7.476452659723671346e-01 -5.208948858497504109e-01 -4.119406197071174836e-01
7.989692687988281250e+01 1.204574298858642578e+01 -1.905860137939453125e+01 -4.886645819192035889e-01 -4.328199279543717970e-02 -8.713974956800059068e-01
-8.506727600097656250e+01 -6.089906692504882812e+01 5.009149074554443359e+00 7.662408406564216179e-01 5.482752747339142418e-01 3.350659595148264280e-01
4.204052734375000000e+01 -2.334238624572753906e+01 -1.683550071716308594e+01 5.825189431663201772e-02 -2.738118005723216841e-02 -9.979263438687233645e-01
3.215502548217773438e+01 -6.401322937011718750e+01 -1.326259040832519531e+01 2.226060839867393115e-01 -2.765177911776111608e-01 -9.348713507934360845e-01
3.674510955810546875e+00 -3.163369369506835938e+01 -2.126677894592285156e+01 3.235927437724291783e-02 -1.310749003762556320e-01 -9.908442096783596220e-01
-4.277588272094726562e+01 -1.405766105651855469e+01 -1.967243957519531250e+01 -1.300027121398646124e-01 -3.584151431829150913e-02 -9.908656219123009867e-01
-1.043307266235351562e+02 4.803439974784851074e-01 9.953387260437011719e+00 9.876543408332232321e-01 -1.736492640092642328e-02 1.556835327334966379e-01
-6.690885162353515625e+01 -6.674021148681640625e+01 -4.995894908905029297e+00 4.645633772521468724e-02 9.947399544849067077e-02 9.939550960253056289e-01
-8.999981689453125000e+01 5.371397018432617188e+00 -1.385605335235595703e+01 -9.886931994236589638e-01 4.099570411227231731e-02 1.442397644817400848e-01
-5.080712509155273438e+01 9.553705596923828125e+01 1.839934921264648438e+01 4.357751747302691658e-01 -7.522718453958704421e-01 4.941528788881986989e-01
-9.961383819580078125e+01 9.992280006408691406e-01 -7.770866870880126953e+00 -4.602408513756857111e-01 -1.009836873398489016e-02 -8.877366623463831541e-01
-8.133445739746093750e+01 6.807058715820312500e+01 -1.506519079208374023e+00 -7.356968190282786590e-01 5.603698328348402091e-01 -3.804416393092707183e-01
1.662636566162109375e+01 -2.673636245727539062e+01 -2.071628761291503906e+01 1.148968988979902628e-01 -4.117458232485823183e-02 -9.925237308971500694e-01
-4.765159606933593750e+01 -7.428626251220703125e+01 -1.744877052307128906e+01 -4.880038489524405887e-01 -8.445758352460467355e-01 2.203268070981058147e-01
-2.792828750610351562e+01 -4.469084167480468750e+01 -1.869119262695312500e+01 -5.806370440416401546e-02 -1.015235877461321684e-01 -9.931372349086601270e-01
5.368281173706054688e+01 -8.612902832031250000e+01 -5.692345142364501953e+00 4.055667473589038563e-01 -6.134799426414249135e-01 -6.776119637472414192e-01
-5.461602020263671875e+01 5.435321807861328125e+01 -1.532537174224853516e+01 -1.810249854028861682e-01 2.214242922787590939e-01 -9.582281760878960108e-01
3.696663665771484375e+01 8.409375000000000000e+01 -1.315947246551513672e+01 4.075747160543898850e-01 8.997602998069286206e-01 -1.559302848215496640e-01
2.831585884094238281e+00 -7.469271087646484375e+01 -7.707079887390136719e+00 -8.303694099379958782e-02 2.469222022898540925e-01 9.654710210289693118e-01
8.573631286621093750e+00 -2.202190876007080078e+00 -2.306148147583007812e+01 1.445729241366968364e-02 3.807151785769064684e-02 -9.991704290180315473e-01
7.593874931335449219e+00 4.584982299804687500e+01 -1.899075698852539062e+01 2.219115801760181139e-02 1.186019554195142933e-01 -9.926938746041024109e-01
-7.459203338623046875e+01 5.284214782714843750e+01 -1.252122116088867188e+01 -8.295646898149829918e-01 5.028001832039017405e-01 2.429287985857050136e-01
5.952389526367187500e+01 -9.130834197998046875e+01 1.387993621826171875e+01 5.230408982358862868e-01 -8.219858196718641263e-01 -2.253165130010914563e-01
-2.364079284667968750e+01 -6.983219146728515625e+01 -1.561063003540039062e+01 -3.000915560836540583e-02 -2.120791471159574337e-01 -9.767916287203943781e-01
-2.853270721435546875e+01 2.385095214843750000e+01 -2.045700836181640625e+01 -4.678135071458141420e-02 4.951241358022335365e-02 -9.976773156320536406e-01
-4.529766845703125000e+01 3.610440015792846680e+00 -1.168659400939941406e+01 6.826668970652348400e-02 -1.848076566076798863e-02 9.974959249927315419e-01
-2.553792953491210938e+01 -8.008304595947265625e+00 -1.402963733673095703e+01 1.003441919170253160e-01 2.068633468304342110e-02 9.947377135234696244e-01
-1.184696674346923828e+01 9.112500762939453125e+01 -2.206009483337402344e+01 -1.273705820669562491e-02 2.865389127717005158e-01 -9.579839345290979136e-01
5.617630004882812500e+01 6.704330444335937500e+01 -7.682006835937500000e+00 1.937367701856028412e-02 1.663275610663949786e-02 9.996739528781759532e-01
-1.000973892211914062e+02 2.446776962280273438e+01 3.459286928176879883e+00 9.437930787765029805e-01 -2.113579095680353237e-01 2.541307901782066669e-01
-1.675060033798217773e+00 -2.186321830749511719e+01 -2.230361175537109375e+01 3.537027756709490087e-03 -8.079656568400088446e-02 -9.967243372208381968e-01
4.717484283447265625e+01 1.088292956352233887e+00 -1.059714889526367188e+01 -9.234771475513783856e-02 1.872090451046872286e-02 9.955508160379425986e-01
-1.632148551940917969e+01 4.205867004394531250e+01 -1.951995086669921875e+01 -1.472639664607853713e-02 9.902354158090229119e-02 -9.949761160221876066e-01
9.398957252502441406e+00 -9.671304321289062500e+01 -9.380069732666015625e+00 4.677536876135843236e-02 -3.267943695372230728e-01 -9.439372356867844482e-01
-2.079597091674804688e+01 4.614646530151367188e+01 -1.140839576721191406e+01 -2.167131413241837109e-03 -2.285634821913259951e-02 9.997364107041033510e-01
1.760644912719726562e+00 6.803013610839843750e+01 -1.578987884521484375e+01 8.596196919907631365e-03 1.909175198376433236e-01 -9.815684418406885881e-01
-4.820665740966796875e+01 -8.729504394531250000e+01 -8.719615936279296875e+00 -2.088043815252468571e-01 -4.807156226054729031e-01 -8.516532278098238873e-01
5.312738800048828125e+01 8.525171279907226562e+00 -9.812092781066894531e+00 -1.380070707716827272e-01 1.587420354643497358e-02 9.903040230549334799e-01
6.664052581787109375e+01 5.590111541748046875e+01 -7.625350952148437500e+00 9.362337498662393065e-02 3.832012240430359568e-02 9.948699572683019632e-01
7.695589447021484375e+01 -5.181635665893554688e+01 -4.830998897552490234e+00 -2.918721249173124310e-02 3.541968399869738909e-02 9.989462210811927978e-01
1.041271514892578125e+02 -9.394817352294921875e+00 1.787947845458984375e+01 -2.740914404170473606e-01 7.289989023957135217e-01 6.272435592303465812e-01
-6.841474914550781250e+01 -4.087430572509765625e+01 -1.537633895874023438e+01 5.849176880283232238e-01 3.446389095639794675e-01 -7.342311081983330379e-01
2.722233200073242188e+01 2.536474037170410156e+01 -1.204058265686035156e+01 -7.114343448378709911e-02 -3.730598960995269719e-02 9.967682152180984412e-01
5.847543334960937500e+01 -1.079481887817382812e+01 -1.452746486663818359e+01 2.101758899503980427e-01 -7.229678654887013167e-02 -9.749868050072603154e-01
5.676026821136474609e+00 9.106350708007812500e+01 -2.193597984313964844e+01 9.136070997342121691e-03 -3.197877185579477838e-02 -9.994467921592056214e-01
7.023446655273437500e+01 4.187388229370117188e+01 -1.396255016326904297e+01 -7.841263260302552274e-01 -4.858365983641215746e-01 -3.861459627087579505e-01
-8.116445159912109375e+01 -5.849433135986328125e+01 -8.267321586608886719e+00 -3.656339369768391578e-01 -2.587542288197165474e-01 -8.940682709942963102e-01
2.076571846008300781e+01 -7.703826904296875000e+01 -2.092235946655273438e+01 1.009796860106631881e-02 6.974977131564402688e-02 -9.975134086474964912e-01
-6.598380279541015625e+01 4.972136020660400391e+00 -1.747275352478027344e+01 -1.383581597383602702e-01 -4.711335149229688157e-03 -9.903710531689251528e-01
-8.310905456542968750e+01 3.783175277709960938e+01 -1.389494609832763672e+01 -9.301490941575056848e-01 3.471297979855791915e-01 1.196811012167862814e-01
6.348801040649414062e+01 7.865303802490234375e+01 -1.410881042480468750e+00 -6.031176281023126196e-01 -7.068531724539990346e-01 3.696048149902240176e-01
-5.371290969848632812e+01 -9.419812774658203125e+01 3.461592912673950195e+00 -4.635768538211056944e-01 -8.130694107037770291e-01 -3.521571154742412224e-01
-4.490483093261718750e+01 4.011835479736328125e+01 -1.818084716796875000e+01 -4.737764054188764451e-02 5.769976437210204423e-02 -9.972091537727115762e-01
1.061024703979492188e+02 -2.323628044128417969e+01 1.570406627655029297e+01 9.442107679304483359e-01 -2.244692548929360931e-01 -2.409970525379994677e-01
2.414119720458984375e+01 -3.982737064361572266e+00 -2.132986450195312500e+01 9.998153452161183397e-02 -2.138431743056663781e-02 -9.947594702855220294e-01
4.701719284057617188e+01 -4.963171005249023438e+01 -1.296897125244140625e+01 1.833006171485214164e-01 -1.322138833515374978e-01 -9.741254399727363733e-01
2.088025093078613281e+01 -1.081198577880859375e+02 2.115446853637695312e+01 1.261099599672939608e-01 -5.097201196438160276e-01 8.510474003410980481e-01
4.735234069824218750e+01 -6.694144439697265625e+01 -1.081246185302734375e+01 -6.175060522515316563e-01 7.331236164119797616e-01 2.849842776220277152e-01
-6.153295898437500000e+01 1.271129995584487915e-01 -9.476629257202148438e+00 1.347128617007665452e-01 -2.348301975775696493e-01 9.626563370165229783e-01
-5.772370910644531250e+01 -8.950145721435546875e+01 1.633828735351562500e+01 5.346099329249343057e-01 8.432345696952873171e-01 5.610418958331617190e-02
9.541397094726562500e+01 -2.066238212585449219e+01 -4.012693881988525391e+00 -9.028000396186117715e-01 2.120543208193566564e-01 3.741457650254433887e-01
3.424290084838867188e+01 -4.517808532714843750e+01 -1.571025562286376953e+01 1.550764123269284256e-01 -1.040069250347201574e-01 -9.824122687978965596e-01
-3.418778610229492188e+01 -1.944169235229492188e+01 -2.041662216186523438e+01 -1.323220767156637612e-01 -4.745937564332284447e-02 -9.900699347405716999e-01
-8.580805969238281250e+01 -6.295778656005859375e+01 1.460389709472656250e+01 8.024935773750975221e-01 5.935961827694741233e-01 6.039561302965069933e-02
1.559943294525146484e+01 -8.647975158691406250e+01 -1.321674633026123047e+01 1.993288455370529344e-01 -9.704863348153781599e-01 -1.357360868504731699e-01
9.445920944213867188e+00 -6.935826110839843750e+01 -1.557081699371337891e+01 1.059800845817695236e-01 -2.583695908257568896e-01 -9.602152759712646590e-01
-4.940296173095703125e+01 6.157011032104492188e+01 -1.470443439483642578e+01 -1.517424522283042088e-01 2.760782036033041509e-01 -9.490811628553763590e-01
-7.451260375976562500e+01 3.822821044921875000e+01 -2.042497825622558594e+01 6.038370735200982997e-01 -2.509135699831782085e-01 -7.565865244907419296e-01
8.622697830200195312e+00 -1.105593948364257812e+02 2.055802345275878906e+01 6.326832845920646320e-02 -7.467370388838171502e-01 6.621034008166749585e-01
8.119819641113281250e+01 9.222306251525878906e+00 -1.076630592346191406e+01 -9.140776248015922700e-01 -4.221987696862671002e-02 -4.033355647916921916e-01
3.063430976867675781e+01 -7.386595153808593750e+01 -1.258490753173828125e+01 -3.586217480702281191e-01 7.867019290193306702e-01 5.024843447196318813e-01
7.925335693359375000e+01 -1.625922012329101562e+01 -1.907312965393066406e+01 -1.114143843190274624e-01 5.313582921273865556e-02 -9.923524669293095624e-01
2.574427032470703125e+01 -2.662283325195312500e+01 -1.930776596069335938e+01 1.638757924954947764e-01 -1.166318823491831608e-01 -9.795620085801919341e-01
9.600534820556640625e+01 2.806686878204345703e+00 -6.064106941223144531e+00 -8.050780211512971463e-02 -1.557848171950429938e-03 9.967527611738351556e-01
6.495305061340332031e+00 6.742170810699462891e+00 -2.286687850952148438e+01 1.986737431131031240e-01 1.577738506160886178e-01 -9.672828727209020760e-01
5.382015609741210938e+01 4.589994812011718750e+01 -9.070413589477539062e+00 -6.953643430862377350e-02 -4.931509341517915229e-02 9.963597271392972132e-01
-9.640181732177734375e+01 -4.158971405029296875e+01 7.952470779418945312e+00 8.904100580509731744e-01 3.902209303927816064e-01 2.343022705930403737e-01
-8.266902923583984375e+00 8.309853363037109375e+01 -1.871875000000000000e+01 8.641419321942435394e-02 -9.956112347245622551e-01 -3.592849148612622251e-02
-6.454873657226562500e+01 4.357089233398437500e+01 -7.943422794342041016e+00 2.152742953541317561e-01 -1.586518891717963731e-01 9.635800723458336492e-01
-1.340397000312805176e+00 -3.158510017395019531e+01 -1.360481739044189453e+01 9.138257270923147435e-02 1.665566850427048842e-02 9.956765609934371541e-01
1.414549541473388672e+01 6.638636779785156250e+01 -9.278079986572265625e+00 -6.303560489124417077e-02 -1.362039620179698873e-01 9.886733501246011135e-01
-1.524878978729248047e+00 7.238219451904296875e+01 -9.088547706604003906e+00 -2.309872293725644815e-02 -9.339946012227540173e-02 9.953607335270642231e-01
-6.539516925811767578e+00 3.579390335083007812e+01 -1.244542407989501953e+01 1.821499803274971227e-02 -1.785666666779839040e-01 9.837591978722134423e-01
-6.710370635986328125e+01 -8.627798461914062500e+01 5.366219997406005859e+00 -5.862593739393147096e-01 -7.610531227922043840e-01 -2.776654295307875997e-01
-5.543731689453125000e+01 -6.844210815429687500e+01 -1.322097778320312500e+01 -6.089220776099084631e-01 -7.924922374355989341e-01 3.420463424085941340e-02
7.734955596923828125e+01 -7.629130554199218750e+01 2.230155563354492188e+01 9.180551890418695016e-02 -1.260365691314090930e-01 9.877684596808690154e-01
2.577276992797851562e+01 7.391731262207031250e+01 -7.821630954742431641e+00 -4.178048517568573594e-02 -1.665523729418774135e-01 9.851470439106611021e-01
1.338748264312744141e+01 -1.750050735473632812e+01 -2.205871963500976562e+01 1.309472617825719609e-01 -7.567921030067563393e-02 -9.884965714457044639e-01
-6.550151062011718750e+01 7.308757019042968750e+01 -1.015423774719238281e+01 -2.458057412924033180e-01 2.345076330817605637e-01 -9.405241663955702380e-01
-8.509348297119140625e+01 6.079362106323242188e+01 -4.563507080078125000e+00 -7.382085450879102284e-01 5.212340894507746514e-01 -4.282092572021447552e-01
1.220580291748046875e+01 -6.288871765136718750e+01 -9.352311134338378906e+00 -9.849291673820584347e-02 1.448247756019643839e-01 9.845430055229895672e-01
1.364755249023437500e+01 -5.372814941406250000e+01 -1.727621650695800781e+01 1.135258298443305863e-01 -8.262446245512609921e-02 -9.900934724368994910e-01
7.029430389404296875e+01 7.085695648193359375e+01 -9.540419578552246094e+00 2.635930508540014761e-01 2.565727609311892476e-01 -9.298866177602659322e-01
4.900551986694335938e+01 1.104985332489013672e+01 -1.747399902343750000e+01 3.111211529238201989e-01 3.535983113273113987e-02 -9.497122251217036126e-01
3.007248687744140625e+01 -8.264385986328125000e+01 -1.349554061889648438e+01 3.459406734410276352e-01 -9.372469203680863226e-01 -4.351161591697391001e-02
-7.851183319091796875e+01 2.274087715148925781e+01 -1.494313621520996094e+01 6.313518087711763593e-01 -1.651924533973516407e-01 -7.576980578712919634e-01
2.599578285217285156e+01 -4.645946121215820312e+01 -1.668876457214355469e+01 1.395346722812741969e-01 -1.079178205991652428e-01 -9.843189621400595390e-01
-4.400631713867187500e+01 3.137070274353027344e+01 -1.875921249389648438e+01 -9.211876872814474260e-02 4.644661321704053603e-02 -9.946641868332635195e-01
-5.154763793945312500e+01 7.615884399414062500e+01 -2.204144668579101562e+01 -1.963675832340519845e-01 2.861181994469324530e-01 -9.378572109868661411e-01
-5.173396682739257812e+01 -6.183271026611328125e+01 -2.081461143493652344e+01 2.063802485825751154e-01 1.895596361975487310e-01 -9.599345484561161435e-01
3.450612640380859375e+01 1.372455120086669922e+01 -2.019514465332031250e+01 1.637175127561678600e-01 4.610371151369688225e-02 -9.854293601276531422e-01
-2.707458877563476562e+01 8.265613555908203125e+00 -2.123647308349609375e+01 -6.965608785712100459e-02 6.794534307904272208e-02 -9.952544698610060747e-01
8.318830108642578125e+01 3.659804153442382812e+01 -6.909335136413574219e+00 -9.945342650330549206e-02 -6.580356056484593097e-02 9.928639923845261617e-01
-9.060987854003906250e+01 5.082248687744140625e+01 -5.421379089355468750e+00 -7.607381765950770314e-01 3.891582638072180189e-01 -5.194547837698186843e-01
-8.272624206542968750e+01 -3.367206573486328125e+01 -1.239885330200195312e+01 -9.010615330470734818e-01 -3.476724690357493319e-01 2.592527105691348477e-01
2.040847969055175781e+01 -9.750729370117187500e+01 -1.686358928680419922e+00 -2.162780311349872808e-01 8.098316311747969509e-01 5.453407580560443169e-01
-1.550433993339538574e+00 -4.935411071777343750e+01 -1.192359733581542969e+01 -2.426421652383432132e-02 1.314207548617115917e-01 9.910296832023056668e-01
-1.573064327239990234e+01 -6.432466125488281250e+01 -1.023322486877441406e+01 -5.391848592551738012e-03 1.469584916740112601e-01 9.891279642663302063e-01
6.859712219238281250e+01 -2.213954734802246094e+01 -5.224995136260986328e+00 -1.536400663744523221e-01 1.243614949879790627e-01 9.802698345704660143e-01
4.456092071533203125e+01 -8.159498214721679688e+00 -1.062958621978759766e+01 -1.990146613895937833e-01 3.593636956601242716e-02 9.793373994157479334e-01
8.704353332519531250e+01 2.375868797302246094e+01 -1.146917438507080078e+01 5.711938285506608093e-01 1.169026179996895398e-01 -8.124477756326600186e-01
6.212625885009765625e+01 -2.171511459350585938e+01 -1.297483444213867188e+01 1.721549597772645268e-01 -7.119458602262541957e-02 -9.824937662627460933e-01
4.876802825927734375e+01 -9.693624114990234375e+01 2.212024688720703125e+01 6.875774187050114061e-02 -1.481995299841846470e-01 9.865643781554938041e-01
7.038840770721435547e+00 5.733999633789062500e+01 -1.040109539031982422e+01 -7.200539486512909544e-03 -1.065536736464103712e-01 9.942808792607635837e-01
2.555731201171875000e+01 -9.022070312500000000e+01 -9.616220474243164062e+00 1.102641504476042089e-01 -2.143740050537835673e-01 -9.705079098509545865e-01
2.597932624816894531e+01 -1.219334220886230469e+01 -2.073644447326660156e+01 1.217998765164352987e-01 -7.129210678090856790e-02 -9.899910229852191268e-01
4.263854217529296875e+01 2.325052452087402344e+01 -1.113836765289306641e+01 -3.178280506260125482e-02 9.273852419811181441e-03 9.994517742060635701e-01
-7.398191070556640625e+01 7.801501464843750000e+01 1.349207043647766113e+00 -6.572399099967852765e-01 6.476922532658094811e-01 -3.853964786643439555e-01
5.240507507324218750e+01 2.654015159606933594e+01 -9.968391418457031250e+00 -1.448950834217407335e-01 -1.823797121388913076e-02 9.892789248772099198e-01
8.681126403808593750e+01 -6.592793273925781250e+01 1.596715927124023438e+01 7.900585345187564057e-01 -5.937394951559383793e-01 -1.525808766721655774e-01
7.371592712402343750e+01 -5.895995712280273438e+01 -9.191914558410644531e+00 2.234372344718913439e-01 -2.223614718991638040e-01 -9.490158997964104337e-01
6.541178894042968750e+01 -3.329676055908203125e+01 -4.580423831939697266e+00 -2.182150287474391159e-01 1.419736660708109666e-01 9.655183475062335541e-01
4.222074031829833984e+00 7.829125213623046875e+01 -7.917941093444824219e+00 -2.022163063532871410e-02 -1.617698944527089788e-01 9.866212986263817042e-01
6.863198852539062500e+01 -7.749929046630859375e+01 1.023035240173339844e+01 -6.354444956493499053e-01 7.155673401729296668e-01 2.901269974111030936e-01
9.752275085449218750e+01 -3.014554405212402344e+01 7.053515911102294922e+00 -8.934664521664122949e-01 2.914921341579415626e-01 3.416870418631832718e-01
-9.690796661376953125e+01 -4.314636993408203125e+01 1.626905822753906250e+01 9.237947285344439985e-01 3.821253408075397928e-01 -2.415622993544943795e-02
2.895540952682495117e+00 -4.220802307128906250e+01 -1.235830879211425781e+01 -1.052305866164653381e-01 6.050200606329408926e-02 9.926056774483367207e-01
1.843908882141113281e+01 -2.072645950317382812e+01 -1.324365043640136719e+01 -3.856743462875968087e-02 7.040325509226774692e-02 9.967727597895968961e-01
-3.403909683227539062e+01 -8.850037384033203125e+01 -1.047424697875976562e+01 -5.741106325574147490e-02 -1.722882406304431790e-01 -9.833721228285413618e-01
7.333451080322265625e+01 5.951656723022460938e+01 -1.091331195831298828e+01 1.795299524274734937e-01 1.320007581490474091e-01 -9.748562950658243853e-01
-8.894081115722656250e+01 -1.296339416503906250e+01 -1.266801071166992188e+01 -9.743552199110917522e-01 -1.267608917287794124e-01 1.859128337693032040e-01
-6.893141174316406250e+01 -5.694895553588867188e+01 -5.463174819946289062e+00 1.467377210763210760e-01 5.823845891096236099e-02 9.874595298628719986e-01
2.447602033615112305e+00 1.380270862579345703e+01 -1.481976795196533203e+01 2.462159463832140887e-03 -1.288788053858873905e-01 9.916572952855645662e-01
8.654581451416015625e+01 -2.020569419860839844e+01 -1.173130130767822266e+01 9.497916775569471559e-01 -2.521606391899348654e-01 -1.852316962263305944e-01
6.196008682250976562e+01 3.454991149902343750e+01 -1.489630889892578125e+01 1.693630822403127401e-01 2.598155677603602998e-02 -9.852111982116091848e-01
4.120232009887695312e+01 -1.321348953247070312e+01 -1.797918319702148438e+01 2.208674928277712390e-01 -1.100940634736869428e-01 -9.690700943687335922e-01
-3.206572723388671875e+01 -7.365097045898437500e+01 -2.037687301635742188e+01 1.374478668619632214e-02 1.238358943228235476e-01 -9.922075146440976212e-01
-5.699699878692626953e+00 -5.090435028076171875e+00 -2.339417648315429688e+01 -4.286373841539044618e-03 -6.986572587306287552e-02 -9.975471955489226827e-01
-5.224888610839843750e+01 7.870998382568359375e+01 -6.474109172821044922e+00 4.111194388049270454e-02 -2.372491034144719180e-02 9.988728330972154179e-01
-3.449206161499023438e+01 2.944885635375976562e+01 -1.162244701385498047e+01 9.931574466181328220e-02 -7.883977587923568509e-02 9.919277557370703713e-01
-1.066342620849609375e+02 2.172490501403808594e+01 1.719013595581054688e+01 -9.822926172977973769e-01 1.606354079403860824e-01 9.642343967142399941e-02
1.079435348510742188e+01 7.538768768310546875e+01 -1.420389747619628906e+01 3.217550741456191854e-02 1.766715915129954684e-01 -9.837438108953372451e-01
-2.098510360717773438e+01 7.590446472167968750e+01 -8.247237205505371094e+00 3.925819421581293843e-03 -5.649344143582861466e-02 9.983952519000708348e-01
1.925232696533203125e+01 -1.079213027954101562e+02 1.041812133789062500e+01 2.101402305830903927e-01 -9.605465862925015585e-01 -1.821849034698197478e-01
-6.809384155273437500e+01 6.292338562011718750e+01 -2.000896263122558594e+01 -7.180164680964977730e-01 6.661670045077999758e-01 2.016776478624636160e-01
-9.602886962890625000e+01 5.118935012817382812e+01 6.304743766784667969e+00 -9.044286015260341038e-01 3.824130199229032190e-01 -1.891274357017179719e-01
2.500202941894531250e+01 9.108361053466796875e+01 -7.269985198974609375e+00 -3.226703833677678490e-02 5.659007876630139933e-02 9.978759448058645010e-01
4.201830863952636719e+00 3.164778327941894531e+01 -2.060267257690429688e+01 -1.666705507852241780e-02 1.280371103133587651e-01 -9.916293196843336544e-01
7.979779815673828125e+01 -4.144104385375976562e+01 -5.317897796630859375e+00 -1.388649638518208995e-01 1.113407472272888166e-01 9.840323977498410812e-01
7.548178100585937500e+01 6.754452514648437500e+01 2.886039912700653076e-01 -7.328939355086249163e-01 -5.934141165388631123e-01 3.327554140612593025e-01
1.964521026611328125e+01 -7.039578247070312500e+01 -6.783088207244873047e+00 -1.191739102082978174e-01 1.484518150355102206e-01 9.817126044511843563e-01
-1.060183944702148438e+02 6.651010036468505859e+00 2.349527931213378906e+01 5.114693000434175074e-01 -3.366409761813261847e-02 8.586418832345958929e-01
-2.625056838989257812e+01 2.521699905395507812e+00 -1.392420673370361328e+01 1.697503442222573211e-01 -2.714773025362000880e-02 9.851131008054364591e-01
-4.732548141479492188e+01 -9.006020355224609375e+01 -9.845960140228271484e-01 4.138002279841433984e-01 7.590475000989542753e-01 5.026094546601754809e-01
-9.557690429687500000e+01 1.353357982635498047e+01 -4.834643840789794922e+00 5.586789487692575551e-02 1.236115590932073023e-02 9.983616479746235672e-01
1.938313293457031250e+01 2.150991439819335938e+01 -2.125027465820312500e+01 4.656540827647950159e-02 8.163273596947717703e-02 -9.955740852242902506e-01
7.573530578613281250e+01 -2.563477325439453125e+01 -9.822576522827148438e+00 -9.989607055516933620e-01 -3.100543637693597282e-02 3.340915561248073568e-02
-3.813449859619140625e+00 -6.724790191650390625e+01 -9.747509956359863281e+00 -3.783908631988969207e-02 1.332042095887321642e-01 9.903660142060192184e-01
1.862390899658203125e+01 9.836551666259765625e+01 -9.919681549072265625e+00 4.054408770006410340e-02 2.373752363385925046e-01 -9.705715708415154630e-01
1.805217742919921875e+01 4.095563888549804688e+01 -1.943885231018066406e+01 1.586190357310234347e-02 9.967848930463144019e-02 -9.948932599957565071e-01
-6.232894515991210938e+01 -8.243673324584960938e+00 -1.051448535919189453e+01 6.382733391323464067e-02 1.832828892740794718e-02 9.977926364082477795e-01
8.523310089111328125e+01 6.710643005371093750e+01 1.022276401519775391e+01 7.510739030314877995e-01 6.189138169991501570e-01 -2.298557793760904189e-01
-3.170653152465820312e+01 8.359045410156250000e+01 -7.239928245544433594e+00 2.429615520953679747e-02 -6.697908447309380842e-02 9.974585199822498804e-01
-7.042333984375000000e+01 1.060093498229980469e+01 -8.253697395324707031e+00 -4.578048400693078557e-02 1.313205292075981384e-02 9.988652043545102055e-01
7.990445709228515625e+01 -3.736705780029296875e+01 -1.262813758850097656e+01 8.278471780349090370e-01 -5.533348035278322641e-01 9.213926971955374579e-02
2.985337638854980469e+01 -3.163004684448242188e+01 -1.119410324096679688e+01 -1.144504826459856045e-01 1.246563717332604404e-01 9.855769254646741251e-01
-1.096991539001464844e+01 -5.304765319824218750e+01 -1.846843910217285156e+01 -1.985632474086027142e-03 -1.197688025407264018e-01 -9.927998243360232067e-01
-9.248074340820312500e+01 2.286822891235351562e+01 -5.093966007232666016e+00 9.084325335897540377e-02 7.313384494301161665e-03 9.958383491944843291e-01
6.080823516845703125e+01 -3.403192901611328125e+01 -1.191124439239501953e+01 2.474253084399399838e-01 -1.098821032249769486e-01 -9.626560341753725991e-01
4.171477127075195312e+01 5.082588195800781250e+01 -1.661192131042480469e+01 1.117334246945410475e-01 1.373405389214194250e-01 -9.842018178071016976e-01
4.546389389038085938e+01 -3.418181610107421875e+01 -1.495792007446289062e+01 1.859031950950685574e-01 -1.066250084575079415e-01 -9.767656370004430544e-01
-8.228816986083984375e+01 7.277261352539062500e+01 1.116001701354980469e+01 -7.842174974020812428e-01 6.190704623989291555e-01 -4.188889296212923441e-02
8.469564819335937500e+01 -2.540012168884277344e+01 -5.678454875946044922e+00 -1.131922382762103052e-01 1.071858961841337388e-01 9.877746204743396152e-01
6.385995864868164062e+01 5.128079986572265625e+01 -1.407723712921142578e+01 -7.329840746960493147e-01 -5.568154842283845607e-01 -3.907567821106706085e-01
-1.589967727661132812e+01 8.853424835205078125e+01 -7.300837993621826172e+00 -1.807475136980964819e-02 -6.047429631163797614e-02 9.980060935928857235e-01
-6.237408065795898438e+01 5.767092514038085938e+01 -7.159484863281250000e+00 1.468177324941136730e-01 -1.269382361406590221e-01 9.809848304794447360e-01
-4.251682662963867188e+01 4.302569580078125000e+01 -1.079434204101562500e+01 1.381570810150587747e-01 -1.197596732557372340e-01 9.831430423021247922e-01
5.672332382202148438e+01 1.148607015609741211e+00 -9.247203826904296875e+00 -1.531639978845455996e-01 4.161012293309461485e-02 9.873243577576295005e-01
7.805201721191406250e+01 2.083244132995605469e+01 -5.994654178619384766e+00 -3.066144724002052915e-02 4.970502318177086321e-02 9.982931865557567175e-01
6.771169281005859375e+01 -7.665742492675781250e+01 -4.308591842651367188e+00 5.942722198704202263e-01 -6.648811296605979804e-01 -4.525191842469556414e-01
1.387210041284561157e-01 -8.962497711181640625e+01 -1.136120605468750000e+01 -1.423410891594429836e-02 -5.495793364203473974e-01 -8.353202638049311846e-01
-1.419017696380615234e+01 -9.383493041992187500e+01 -4.920134067535400391e+00 2.356139671785106166e-02 3.188939680735748163e-03 9.997173056661651236e-01
4.289574813842773438e+01 6.244840621948242188e+01 -1.491730022430419922e+01 1.112041350882071733e-01 1.929294166821291789e-01 -9.748907018317372053e-01
-3.630041885375976562e+01 5.670450592041015625e+01 -1.008485317230224609e+01 2.833217379049918563e-02 -8.612317203301864121e-02 9.958815628212402959e-01
-2.900801277160644531e+01 4.588849258422851562e+01 -1.114095783233642578e+01 1.479576724020443060e-02 -7.401097123838790148e-02 9.971476627902831069e-01
9.721657752990722656e+00 3.661376953125000000e+01 -1.195989894866943359e+01 -3.242742472191191550e-02 -8.098075041156946319e-02 9.961880245157959113e-01
-3.649942398071289062e+01 -1.422646045684814453e+01 -1.318394756317138672e+01 1.456763373700140363e-01 3.231602497361348025e-02 9.888043685483811629e-01
-1.717887496948242188e+01 -7.812600708007812500e+01 -1.728237533569335938e+01 2.205739959530821082e-01 9.737314843990925173e-01 5.651644538742325169e-02
5.066055679321289062e+01 5.615517807006835938e+01 -8.679841995239257812e+00 -1.353008878760487421e-01 -1.659338341524906335e-01 9.768109501963041508e-01
-1.002617645263671875e+01 6.428899383544921875e+01 -1.007024765014648438e+01 -1.611394194111216704e-02 -2.751136299972863422e-02 9.994916036570871132e-01
-5.448585128784179688e+01 -3.337949371337890625e+01 -1.738973999023437500e+01 -1.357400158700467485e-01 -8.823259970375219030e-02 -9.868078112991995887e-01
-1.772204208374023438e+01 -4.511336517333984375e+01 -1.231903839111328125e+01 5.091836931570899866e-02 1.732130958065563053e-01 9.835672539828365091e-01
-1.016786766052246094e+01 7.666613769531250000e+01 -1.427078723907470703e+01 1.008764728566807073e-02 1.980150204636094979e-01 -9.801470762304178574e-01
5.053588104248046875e+01 9.123461151123046875e+01 -4.193078041076660156e+00 4.695392089156027460e-01 8.210291845839882141e-01 -3.247214334660731838e-01
5.446243667602539062e+01 -5.672333908081054688e+01 -9.461847305297851562e+00 2.039446510910331856e-01 -8.729385825793678499e-02 -9.750827460281512593e-01
-6.084196853637695312e+01 3.304653167724609375e+01 -1.699951744079589844e+01 -1.545813765015980612e-01 8.178176544058105013e-02 -9.845894275688180652e-01
-1.155551528930664062e+01 -1.062379302978515625e+02 -8.609600365161895752e-02 -9.029282529452091130e-03 -8.223984474995716942e-01 -5.688402812805168907e-01
6.186191177368164062e+01 -8.631143188476562500e+01 2.039889717102050781e+01 -4.934487801570622834e-01 6.782708985400591750e-01 5.444785482965951440e-01
1.026557235717773438e+02 -2.029207801818847656e+01 1.799013018608093262e+00 9.154411845243924928e-01 -1.674599351516499746e-01 -3.659571119620198543e-01
1.707446670532226562e+01 7.111511230468750000e+00 -1.400117301940917969e+01 -1.056836670050571442e-01 -3.911721785408757424e-02 9.936301151815599697e-01
3.795384979248046875e+01 -8.516396331787109375e+01 -4.004974842071533203e+00 -3.912993776619156511e-02 3.604686920230479319e-02 9.985837326890147914e-01
-2.793460464477539062e+01 7.151451110839843750e+01 -1.508900547027587891e+01 -2.371366860168888299e-02 1.259913292804192009e-01 -9.917478746473835649e-01
-7.270696258544921875e+01 8.107897186279296875e+01 2.095289230346679688e+01 1.187272308139789151e-01 -4.271707825687628100e-03 9.929177192373475069e-01
3.637884521484375000e+01 -2.462051391601562500e+01 -1.107282161712646484e+01 -1.645778143476287481e-01 1.069119083921362262e-01 9.805528985569870182e-01
-6.371368026733398438e+01 -8.512918090820312500e+01 1.251969337463378906e+01 5.719657212303472793e-01 8.131278419195940854e-01 1.080663057230714791e-01
-7.801670837402343750e+01 5.014018630981445312e+01 -1.937904167175292969e+01 -7.856351776566695699e-01 5.168349631757989115e-01 3.400867366826348936e-01
-4.981001281738281250e+01 7.739749145507812500e+01 -1.421956920623779297e+01 -5.550807753866406902e-01 8.317962303095756127e-01 -6.033563998144101910e-04
-1.122591876983642578e+01 -2.308341979980468750e+01 -1.386322784423828125e+01 1.760784898171042254e-04 7.964765314897545578e-02 9.968230637100176095e-01
3.182649230957031250e+01 -1.005231781005859375e+02 1.623966407775878906e+01 -3.248179890172793183e-01 9.310391301822042998e-01 1.663111904843898037e-01
-9.686483764648437500e+01 -2.963024330139160156e+01 -1.403835058212280273e+00 8.198850922832950916e-01 2.373143017297370816e-01 5.210281735627546595e-01
-5.784138107299804688e+01 1.777395439147949219e+01 -1.812309455871582031e+01 -7.352891646858798758e-02 4.033957884795790622e-02 -9.964769023019672822e-01
-8.365081024169921875e+01 2.023958587646484375e+01 -6.416293144226074219e+00 1.408700756557663414e-01 -2.486292017187171841e-02 9.897158465869210220e-01
-7.664837646484375000e+01 -9.826789855957031250e+00 -7.608074188232421875e+00 2.633934336287361844e-01 3.169264832050018577e-02 9.641677629768055091e-01
-6.577225494384765625e+01 8.871621704101562500e+01 1.066929054260253906e+01 -6.267879671307742262e-01 7.687218100198608406e-01 -1.272934525412063311e-01
6.401219177246093750e+01 2.739720916748046875e+01 -8.348886489868164062e+00 -2.131946552881433532e-01 -1.223299012815709519e-02 9.769331568275765321e-01
5.396604537963867188e+01 2.123188972473144531e+01 -1.642416000366210938e+01 1.432939403960595826e-01 8.840731709577661496e-03 -9.896406863648087304e-01
-4.738338851928710938e+01 2.006484413146972656e+01 -1.130924797058105469e+01 1.342370408913614865e-01 -5.339982584759022516e-02 9.895094115025778736e-01
-6.880337524414062500e+01 -7.941381072998046875e+01 -4.289546012878417969e+00 -6.033257457600561535e-01 -6.453070235106789232e-01 -4.685903220413967785e-01
2.278121566772460938e+01 -7.745257568359375000e+01 -4.698709964752197266e+00 3.082806233341764401e-02 -1.815094582114664956e-01 9.829058689175411700e-01
-9.253771972656250000e+01 -2.322310447692871094e+01 -4.550035953521728516e+00 5.100824978756505340e-02 4.359636090445370010e-03 9.986887162808879559e-01
-9.610964202880859375e+01 -5.061694717407226562e+01 3.676959037780761719e+00 -8.473573436762883437e-01 -4.219918007419707351e-01 -3.223483398815844003e-01
4.044755172729492188e+01 -7.549569702148437500e+01 -5.385270118713378906e+00 -1.041513006722358109e-01 2.004482282266511484e-01 9.741524595098438599e-01
1.745231628417968750e+01 4.983572006225585938e+01 -1.085974693298339844e+01 -4.641823265021523953e-02 -1.209625159397071936e-01 9.915711862570264490e-01
7.170849609375000000e+01 7.439646911621093750e+01 5.424359798431396484e+00 -6.932071525726027916e-01 -6.673818469965867584e-01 2.721494330723632227e-01
1.933461570739746094e+01 8.991886138916015625e+01 -1.440777492523193359e+01 2.207044478514382790e-01 9.745826612197149297e-01 -3.844714746883056561e-02
6.584779357910156250e+01 -5.753400421142578125e+01 -1.215254878997802734e+01 7.227408607393891460e-01 -6.905000331312256545e-01 -2.924640941146651116e-02
-1.175767707824707031e+01 5.012066650390625000e+01 -1.120018672943115234e+01 1.816503219817043949e-02 -1.023597772347996371e-01 9.945815741354158135e-01
1.046364593505859375e+02 -6.528447151184082031e+00 2.416901111602783203e+00 9.358707750578239004e-01 -7.651378191600048673e-02 -3.439353624877479199e-01
-8.185709381103515625e+01 4.058824157714843750e+01 -5.827271938323974609e+00 1.860167327121859948e-01 -5.204554043402531693e-02 9.811671808983489784e-01
3.914119005203247070e+00 -5.022364807128906250e+01 -1.850965881347656250e+01 4.746619333607393632e-02 -1.466590993984509539e-01 -9.880476046496027287e-01
-7.043000793457031250e+01 -1.712903785705566406e+01 -1.571427154541015625e+01 -2.176518490546626161e-01 -5.610032788358319811e-02 -9.744128620941130414e-01
-5.195670318603515625e+01 -4.157522201538085938e+01 -1.697061538696289062e+01 -6.562535422364350335e-02 -2.557561934002765963e-02 -9.975165164439109278e-01
6.139071273803710938e+01 6.744331359863281250e+01 -1.367385387420654297e+01 7.221898973412839151e-01 6.849733202057345371e-01 -9.619408913502945635e-02
-4.299617004394531250e+01 -2.841459465026855469e+01 -1.884039306640625000e+01 -9.403312012032824518e-02 -8.356327091443251087e-02 -9.920559218484195085e-01
-1.027607116699218750e+02 -2.077673912048339844e+01 1.946788215637207031e+01 9.785042881805848802e-01 1.222291555218372044e-01 1.661005465151320637e-01
7.353429412841796875e+01 3.473156356811523438e+01 -1.269992446899414062e+01 -8.743629266411653278e-01 -3.248443455905090094e-01 -3.605074529789500382e-01
-1.155481147766113281e+01 2.753212928771972656e+00 -1.498577880859375000e+01 9.318623766729611235e-02 -2.789648498888827946e-02 9.952578114411758659e-01
-1.281849479675292969e+01 -3.081878089904785156e+01 -2.118185043334960938e+01 -3.034965040272152512e-02 -9.957985304922271907e-02 -9.945666149570514536e-01
4.042090606689453125e+01 -6.308192062377929688e+01 -1.175688743591308594e+01 2.324685265000835666e-01 -2.419086251197473947e-01 -9.420395964499334029e-01
-2.064710998535156250e+01 6.282765579223632812e+01 -1.022487354278564453e+01 4.902061792972277343e-03 -3.780420028765851120e-02 9.992731419540846760e-01
-2.898947906494140625e+01 -9.904902648925781250e+01 2.012537002563476562e+00 2.330951992001854822e-01 8.758498506929650596e-01 4.225561112455204493e-01
6.888664245605468750e+01 -6.837955951690673828e+00 -1.268928718566894531e+01 2.629273023802258247e-01 -1.020923012507290589e-01 -9.593989762806648391e-01
-8.191040802001953125e+01 -7.479779052734375000e+01 1.728220367431640625e+01 -7.607203019537132072e-01 -6.450369854552370219e-01 -7.233194031872727803e-02
-1.029347515106201172e+01 -6.413565826416015625e+01 -1.740752029418945312e+01 -1.268297825953388150e-02 -1.272194170905223409e-01 -9.917935077311283987e-01
4.290399169921875000e+01 8.128434753417968750e+01 -1.994824409484863281e+01 4.568645440301484784e-01 8.765553261837767396e-01 1.514118507481404530e-01
-3.666240692138671875e+01 -1.047986679077148438e+02 1.590897083282470703e+01 -3.624987466034471639e-01 -9.236585765066516185e-01 -1.242959884977618418e-01
4.904354095458984375e+00 -2.153879165649414062e+01 -1.372181034088134766e+01 -6.749410935432412217e-02 8.395932500931801989e-02 9.941807566767957294e-01
-5.472491455078125000e+01 4.188338088989257812e+01 -1.716699409484863281e+01 -1.208986806226096528e-01 3.454641947103207628e-02 -9.920635332101688242e-01
-8.858767700195312500e+01 -3.453615951538085938e+01 -4.614504814147949219e+00 1.001003483405204231e-01 2.691336216972119166e-02 9.946132872623550947e-01
-1.859486007690429688e+01 5.183813095092773438e+00 -2.202914428710937500e+01 -9.508351299876541263e-02 2.068875681053270257e-02 -9.952542895649575394e-01
-3.431036376953125000e+01 -8.085285949707031250e+01 -6.060524940490722656e+00 9.435550710737594660e-02 1.836358619021804806e-01 9.784553686816548357e-01
7.444537353515625000e+01 -6.766302490234375000e+01 -6.337165832519531250e+00 4.757587026093635929e-01 -4.156530349630463972e-01 -7.751685051764317658e-01
-2.557087898254394531e+01 1.108925437927246094e+01 -1.359901905059814453e+01 1.260075204868035259e-01 -6.219168109390480620e-02 9.900779260156655770e-01
-5.146120834350585938e+01 6.670777893066406250e+01 -7.491387844085693359e+00 1.407674641833018825e-01 -1.565759948445764327e-01 9.775829779951337173e-01
-4.590936660766601562e+01 -1.006669616699218750e+02 1.356717872619628906e+01 -4.162983147018852748e-01 -9.083091852351499185e-01 -4.086731204554501506e-02
-3.933850860595703125e+01 -6.911653137207031250e+01 -1.478039550781250000e+01 5.283082051358410913e-01 6.681914298419218134e-01 -5.238422028358864502e-01
4.846957397460937500e+01 -5.419553375244140625e+01 -4.908205032348632812e+00 -1.470092320514086726e-01 1.622551319311825724e-01 9.757364182265871877e-01
-9.573413848876953125e+01 4.056168746948242188e+01 5.189743041992187500e+00 8.932271054759807205e-01 -3.703596638905272131e-01 2.549099005646836003e-01
-1.645054817199707031e+01 -1.543408679962158203e+01 -2.231122207641601562e+01 -6.143503312159628860e-02 -7.258714885508898984e-02 -9.954681524420746497e-01
-1.446744823455810547e+01 -8.667563629150390625e+01 -1.355220317840576172e+01 -1.414670572696394846e-01 -9.848937408095927992e-01 -9.985685265195903826e-02
-7.209056091308593750e+01 -8.470397186279296875e+01 2.032068634033203125e+01 -6.282967968702485306e-01 -7.501323764054832477e-01 2.062633096574570668e-01
-8.757196807861328125e+01 -9.447093009948730469e+00 -5.661728858947753906e+00 2.091540540187826480e-01 4.879845972691820855e-02 9.766643701987846038e-01
-1.007082138061523438e+02 4.511328125000000000e+01 1.809903907775878906e+01 -8.708519019055782628e-01 4.873722669347344549e-01 -6.391586947179263289e-02
9.043023681640625000e+01 -5.138652038574218750e+01 1.348690605163574219e+01 -8.726216691575954254e-01 4.484228761333650670e-01 1.935157530458251063e-01
1.666909790039062500e+01 6.372010803222656250e+01 -1.611280441284179688e+01 4.253770209947130981e-02 1.541257049453980121e-01 -9.871351533478993634e-01
3.301988601684570312e+01 -4.824121856689453125e+01 -8.695570945739746094e+00 -1.204542224220529339e-01 9.287579336750571846e-02 9.883647440631697645e-01
-2.816165351867675781e+01 -6.827078247070312500e+01 -8.563117027282714844e+00 1.116387520727219473e-01 2.518223324280307596e-01 9.613128012911051901e-01
-2.613006114959716797e+00 -1.084432754516601562e+02 3.956915855407714844e+00 -2.257829121062342875e-02 -9.280061543419125814e-01 -3.718800858738505744e-01
-8.721013641357421875e+01 6.547525787353515625e+01 2.163093376159667969e+01 -3.026859150269677334e-01 2.639701258197921785e-01 9.158062074036026345e-01
-4.518257522583007812e+01 -7.960147857666015625e+01 -5.425041198730468750e+00 9.599971247480236503e-02 7.251634255668927553e-02 9.927363372350969106e-01
-9.628961944580078125e+01 -5.520613479614257812e+01 1.553233146667480469e+01 -8.846777230176916529e-01 -4.662024949088629522e-01 7.484229979629352693e-04
-7.753562164306640625e+01 4.994799423217773438e+01 -5.784904003143310547e+00 1.525481775198712087e-01 -8.017901657874386412e-02 9.850382626252806029e-01
-1.423816776275634766e+01 9.608894348144531250e+01 -7.525962829589843750e+00 5.819990896542924681e-03 1.084298191440104392e-01 9.940870696404622286e-01
5.039351654052734375e+01 -1.603229141235351562e+01 -9.290898323059082031e+00 -2.078658545287400128e-01 7.116957794895968636e-02 9.755647993319580547e-01
-3.961571502685546875e+01 9.740643310546875000e+01 -5.271344184875488281e+00 -3.457441231164655182e-01 8.420711808889767003e-01 -4.139772066752834823e-01
-4.194613265991210938e+01 7.305223846435546875e+01 -2.090952873229980469e+01 2.709733551680274521e-01 -4.489211108013365092e-01 -8.514947310852112317e-01
2.844530296325683594e+01 -1.555008602142333984e+01 -1.270232677459716797e+01 -1.118635052634306126e-01 1.784344294365980063e-02 9.935633687561628014e-01
-6.861265563964843750e+01 -4.799146652221679688e+01 -6.242096900939941406e+00 1.055952319481222590e-01 6.082812697906223726e-02 9.925470195200030155e-01
-2.591539001464843750e+01 -5.349128341674804688e+01 -1.097881793975830078e+01 4.418195909302950752e-02 7.609395584272769797e-02 9.961213100696656442e-01
6.606501770019531250e+01 -1.472718954086303711e+00 -7.454399108886718750e+00 -2.046229914479279210e-01 3.517350262223487706e-02 9.782086976122145172e-01
-1.451578235626220703e+01 -1.051649703979492188e+02 1.137301731109619141e+01 1.393061635631367423e-01 9.685887505070851500e-01 2.059845265655752544e-01
-1.026406402587890625e+02 -9.721033096313476562e+00 3.666810035705566406e+00 9.577990826848470363e-01 9.485020387899983918e-02 2.713380843747846827e-01
-1.646083450317382812e+01 6.206287002563476562e+01 -1.684676551818847656e+01 -2.544119262354039776e-02 1.117866670219817143e-01 -9.934065063175339105e-01
4.117665481567382812e+01 3.112479972839355469e+01 -1.826179695129394531e+01 1.877924025688005871e-01 6.757070380994703584e-02 -9.798817344578202304e-01
5.303911209106445312e+01 7.685273742675781250e+01 -7.530980110168457031e+00 -5.107128686997855146e-03 3.547120444613691831e-02 9.993576491385428584e-01
-4.589379882812500000e+01 -7.076180934906005859e+00 -1.952228927612304688e+01 -1.190500439287942719e-01 -3.025436328508409982e-03 -9.928836456380849551e-01
2.866999053955078125e+01 -5.767121505737304688e+01 -8.079444885253906250e+00 -1.662630172296621078e-01 1.860608149904961206e-01 9.683687222472447953e-01
-5.846545410156250000e+01 6.726335048675537109e+00 -1.826226997375488281e+01 -3.954767123402483375e-02 -1.171309464315335377e-02 -9.991490304823630320e-01
6.983234405517578125e+01 -8.378873443603515625e+01 1.458652782440185547e+01 6.459694852100612561e-01 -7.343552493073481902e-01 -2.084365418831135575e-01
1.063563537597656250e+01 -4.233218765258789062e+01 -1.195481300354003906e+01 -4.039807277868323609e-02 2.119018948514203929e-02 9.989589438937678256e-01
-6.627153778076171875e+01 4.780042266845703125e+01 -1.480691814422607422e+01 3.858602337870468135e-01 -2.016289455368551753e-01 -9.002542131550961280e-01
-7.285739898681640625e+01 -3.163073539733886719e+01 -1.500285243988037109e+01 5.154308172201108595e-01 2.398009437109480391e-01 -8.226947064708435287e-01
8.044639587402343750e+01 4.251262187957763672e+00 -1.903700828552246094e+01 -4.992373883179422323e-01 9.205250631803314418e-03 -8.664163511074139956e-01
-3.899642944335937500e+00 9.218072509765625000e+01 -1.425924873352050781e+01 -5.720126329594230757e-02 9.974017634363195883e-01 -4.379198295885006198e-02
-9.982387542724609375e+00 3.731778335571289062e+01 -1.999789047241210938e+01 4.712898304233725973e-03 9.771930964658409602e-02 -9.952028562618623342e-01
-6.076506423950195312e+01 -8.879848480224609375e+01 1.189367055892944336e+00 -5.270285457543847363e-01 -7.591539132015531210e-01 -3.820029424373418969e-01
-1.055784530639648438e+02 -3.069211769104003906e+01 1.179511833190917969e+01 -9.671832347991733414e-01 -2.429084324318660504e-01 -7.451230621112622798e-02
5.366621398925781250e+01 -7.918519592285156250e+01 -8.790063858032226562e+00 1.435433638576055215e-01 -2.028726198335738251e-01 -9.686268645945689260e-01
8.415216445922851562e+00 9.461298370361328125e+01 -7.129690170288085938e+00 -2.821933193943380880e-02 1.604949150986593465e-01 9.866331899608721256e-01
6.080535507202148438e+01 5.243481159210205078e+00 -1.502589416503906250e+01 2.064414910019945482e-01 -4.926783083199356289e-02 -9.772177810692883604e-01
-1.945874404907226562e+01 2.990606689453125000e+01 -1.271057796478271484e+01 7.787481586356155561e-02 -1.445060090476581183e-01 9.864347552693663035e-01
-5.836973190307617188e+01 -5.931165695190429688e+01 -6.394215106964111328e+00 9.509736484146168178e-02 7.957323695616388970e-02 9.922825157990683431e-01
-4.525526046752929688e+01 -3.867744064331054688e+01 -1.091058063507080078e+01 1.377192286631905294e-01 5.748716216382420557e-02 9.888016182444110402e-01
8.700721740722656250e+01 -1.324988746643066406e+01 -2.033465003967285156e+01 -2.205339230275112083e-02 1.094558123640778508e-02 -9.996968751273247467e-01
-2.109987449645996094e+01 -4.084045028686523438e+01 -1.947957992553710938e+01 -5.175774069499191471e-02 -1.612986652544166621e-01 -9.855475010699856764e-01
-5.549505996704101562e+01 8.668905639648437500e+01 -8.099252700805664062e+00 -3.205863598519402280e-01 4.936483856006496640e-01 -8.084155226557407925e-01
-8.734146118164062500e+01 1.139162921905517578e+01 -5.977667808532714844e+00 1.672872593969788046e-01 1.008058530663057117e-02 9.858566602926226441e-01
7.601816558837890625e+01 2.885466766357421875e+01 -1.882953262329101562e+01 -5.341741385726518354e-01 -1.675144418862740403e-01 -8.286114297061654144e-01
-9.109625244140625000e+01 5.357754516601562500e+01 1.687544059753417969e+01 8.641058791453256616e-01 -4.896049633600187967e-01 1.166533732033430276e-01
-6.190345764160156250e+01 6.794796752929687500e+01 -1.441315364837646484e+01 -6.769986198014174006e-01 7.322254691350369438e-01 7.428816283198026726e-02
-3.408273315429687500e+01 -5.198273849487304688e+01 -1.783312797546386719e+01 -7.170870306514998127e-02 -7.434520357254824352e-02 -9.946510205144669658e-01
-2.451045799255371094e+01 1.017636489868164062e+02 -6.466756820678710938e+00 -1.901213445856689555e-01 8.788627309659776676e-01 -4.375547673742808397e-01
8.067404174804687500e+01 5.003879165649414062e+01 -1.085146331787109375e+01 1.480015144295025731e-01 1.001702904638693964e-01 -9.839011457636166469e-01
-3.615367126464843750e+01 6.526293945312500000e+01 -9.288080215454101562e+00 1.028360544353055517e-01 -1.697277596369045072e-01 9.801108271602838595e-01
-1.037384262084960938e+02 -2.484565544128417969e+01 6.595090031623840332e-01 -9.150227946720979055e-01 -1.821736739239768477e-01 -3.599250446405533044e-01
-4.757238006591796875e+01 -6.214849090576171875e+01 -1.444967365264892578e+01 -3.525566799551736047e-02 -5.855003329222296937e-02 -9.976617319891895042e-01
7.127663421630859375e+01 -5.116189956665039062e+01 -1.244520378112792969e+01 7.714752319416272597e-01 -6.348412629775026517e-01 4.245629896424573529e-02
3.319382476806640625e+01 1.008514404296875000e+02 1.006229782104492188e+01 -3.207478554869490073e-01 -9.345784477321276151e-01 1.538958681548341645e-01
-6.241998291015625000e+01 -2.036647987365722656e+01 -1.714147949218750000e+01 -1.609056177576986824e-01 -3.223323347805815559e-02 -9.864433084742185720e-01
-3.000250053405761719e+01 -8.312683868408203125e+01 -2.143467330932617188e+01 -2.685916635888800919e-01 -6.837318219170165357e-01 -6.785052055427394091e-01
-2.620297622680664062e+01 -9.229817962646484375e+01 -5.135050773620605469e+00 -3.692507208976026495e-02 -3.412710179752276307e-02 9.987351400516892852e-01
-1.033028411865234375e+02 3.222700500488281250e+01 6.574917793273925781e+00 -9.251863356890038803e-01 2.485114103960402998e-01 -2.868315239950527951e-01
-4.511423110961914062e+01 -2.354219436645507812e+01 -1.122057819366455078e+01 1.516687679351124418e-01 2.516966398125773385e-01 9.558479933232598702e-01
1.853675079345703125e+01 -4.831526947021484375e+01 -1.051422405242919922e+01 -1.002585853234335272e-01 5.249577003409312131e-02 9.935755684382902020e-01
6.198196887969970703e+00 1.526696491241455078e+01 -2.206369209289550781e+01 5.773721155068877765e-03 1.035933180712071688e-01 -9.946029803871598851e-01
5.516972351074218750e+01 7.208371734619140625e+01 -2.144225883483886719e+01 1.988463955174148423e-01 1.835030508726015475e-01 -9.626976375322520152e-01
8.358097839355468750e+01 -5.038277053833007812e+01 -8.126882553100585938e+00 2.699342400591074331e-01 -1.374936194987344540e-01 -9.530115480102271386e-01
2.411592102050781250e+01 -6.866094207763671875e+01 -1.346903991699218750e+01 1.427484982140090064e-01 -1.844715393383711544e-01 -9.724161235971856554e-01
3.305390548706054688e+01 3.563741302490234375e+01 -1.905573272705078125e+01 1.209767505102146840e-01 8.241025864276542434e-02 -9.892285757631660292e-01
-7.864842987060546875e+01 -4.244147491455078125e+01 -2.131634902954101562e+01 -1.021755600407478343e-01 -5.359530136376012416e-02 -9.933215484434470000e-01
8.693846893310546875e+01 -3.627371978759765625e+01 -9.063272476196289062e+00 2.638678083398887653e-01 -9.226897397947347867e-02 -9.601355196859862051e-01
-2.817076921463012695e+00 1.040250091552734375e+02 8.995029926300048828e-01 5.146088859286587769e-02 -8.977683120801976946e-01 4.374515227655580984e-01
6.077092742919921875e+01 -6.305352783203125000e+01 -1.159446907043457031e+01 5.870739329926248917e-01 -6.028208205465490632e-01 -5.403251387046102971e-01
-8.999616241455078125e+01 6.306457519531250000e+01 1.479567146301269531e+01 -8.108411180773508198e-01 5.848414911295524155e-01 2.229599713924787160e-02
-4.039504241943359375e+01 -2.003715991973876953e+00 -1.271131038665771484e+01 1.224030577283653498e-01 -3.844004791607277816e-02 9.917357784082192484e-01
-1.005767631530761719e+01 1.047418689727783203e+01 -1.484003162384033203e+01 4.148404656524928846e-02 -3.378959452473896848e-03 9.991334528047747243e-01
7.116041564941406250e+01 -4.666994857788085938e+01 -4.904530048370361328e+00 5.153095554171644999e-01 -2.630645034184196374e-01 8.156305101803050794e-01
8.659725189208984375e+01 2.363461112976074219e+01 -1.980924606323242188e+01 9.428176813479497431e-01 2.374342911388401256e-01 -2.339225878983731133e-01
-5.721239852905273438e+01 2.523443031311035156e+01 -1.032019042968750000e+01 6.307825449841479581e-02 -1.505248002890077243e-02 9.978950629472083111e-01
-6.954554748535156250e+01 -4.998755931854248047e+00 -9.439129829406738281e+00 1.250898479202010583e-01 -1.116518007760207779e-02 9.920825916732616268e-01
-5.178815841674804688e+00 6.494678020477294922e+00 -2.306600761413574219e+01 -8.644886877028798433e-02 1.093016215262655050e-01 -9.902422676396248624e-01
-7.052453613281250000e+01 4.142028045654296875e+01 -1.477251243591308594e+01 4.936142478847348469e-01 -7.618576083665468124e-02 -8.663375232153619487e-01
-8.510261535644531250e+01 -2.443779563903808594e+01 -5.506690979003906250e+00 1.747185221698830393e-01 4.076132378450658678e-02 9.837743402295604511e-01
-6.894373893737792969e+00 5.677751922607421875e+01 -1.077536582946777344e+01 -2.871506496780396045e-02 -4.907412326523415830e-02 9.983822792245680144e-01
