-5.541167068481445312e+01 4.146373367309570312e+01 1.256856155395507812e+01 5.795332433659288185e-01 -7.717621318941751962e-01 -2.617717165927693768e-01
4.641233444213867188e+01 6.299029827117919922e+00 -1.594864654541015625e+01 9.257093133713347743e-01 -1.667684448749049697e-01 -3.394857183028145986e-01
1.508435726165771484e+01 6.892400360107421875e+01 1.241808509826660156e+01 2.250952097400940599e-01 8.252505895746811149e-01 5.179706661179804827e-01
-1.993704223632812500e+01 -8.674962043762207031e+00 -1.669609832763671875e+01 2.098113913062564506e-01 -9.213389049647997542e-01 -3.272824503030929977e-01
-1.473273849487304688e+01 4.128232574462890625e+01 -1.682068252563476562e+01 -7.006115449668735840e-02 -2.324853798487930279e-02 -9.972717483776210035e-01
4.233185958862304688e+01 4.104480361938476562e+01 3.471609115600585938e+00 7.785973429014039215e-01 -6.173201142211434123e-01 -1.127033903876374504e-01
-2.372031402587890625e+01 6.451212310791015625e+01 1.376795864105224609e+01 -3.425143160260514796e-01 9.296617939389415497e-01 1.356941126483941773e-01
9.886806488037109375e+00 1.341081047058105469e+01 -1.008289337158203125e+01 -5.831434322369446338e-02 -2.066990778723102329e-01 9.766652080324791374e-01
-3.883712005615234375e+01 1.859708976745605469e+01 -8.680646896362304688e+00 -8.809312433433804657e-01 2.357873021109058997e-01 4.103224252520769055e-01
1.713030052185058594e+01 4.383841323852539062e+01 -1.649005889892578125e+01 3.782320170514715807e-01 9.030284198634420667e-01 -2.036669197393384534e-01
-3.528301620483398438e+01 4.791954803466796875e+01 -2.439733982086181641e+00 -4.277724011762547573e-01 6.655059359850592493e-01 -6.116474654247753273e-01
-3.933495044708251953e+00 5.941337203979492188e+01 -2.038587093353271484e+00 -7.248551627583894874e-02 7.578336402361071089e-01 -6.484088398971097345e-01
-1.465923690795898438e+01 1.549522304534912109e+01 -1.397432708740234375e+01 -4.756779954335314808e-02 1.463187270536667750e-01 -9.880931811119829655e-01
3.603746795654296875e+01 2.842380523681640625e+01 -1.651068878173828125e+01 1.824370632366442702e-01 1.312185627360426265e-01 -9.744220885997381121e-01
-4.337484741210937500e+01 -5.043279170989990234e+00 -1.169091987609863281e+01 -9.167158032908416798e-01 -2.572074864852124665e-01 3.057391778833489782e-01
3.606021499633789062e+01 6.037337875366210938e+01 1.360897731781005859e+01 4.861984698989373910e-01 8.453407583547032367e-01 2.213821359826196600e-01
2.592897224426269531e+01 -7.004269957542419434e-01 -1.408954620361328125e+01 2.122207632644372566e-01 -9.760831257493305380e-01 -4.716014489880313715e-02
4.745329916477203369e-01 -3.920018911361694336e+00 -1.685030364990234375e+01 -1.349415152377662352e-01 -7.629927067857292800e-01 -6.321652607167860261e-01
1.884150981903076172e+00 3.242083358764648438e+01 -8.718155860900878906e+00 -1.549380228028238438e-01 -2.301558738479097532e-01 9.607405908065176359e-01
2.138987922668457031e+01 5.266402816772460938e+01 1.507483959197998047e+00 -2.862757888658568617e-01 -6.816007864421658180e-01 6.733992431170771065e-01
-3.908551406860351562e+01 5.212874221801757812e+01 1.764356803894042969e+01 -1.114461151273459481e-02 2.793545027279403098e-02 9.995476017940748692e-01
-4.938378810882568359e+00 6.416688537597656250e+01 1.614583206176757812e+01 -5.020364074719900482e-02 2.544634560704707726e-01 9.657784134988719460e-01
-3.231166458129882812e+01 3.484126663208007812e+01 -1.566749095916748047e+01 -1.681919601785774043e-01 2.933903541917647906e-01 -9.410810616511834370e-01
1.992901802062988281e+01 2.773596382141113281e+01 -1.005243396759033203e+01 -3.352966677235736520e-02 -8.451764031435080038e-02 9.958576855765229885e-01
-2.844009590148925781e+01 4.969449996948242188e+00 -1.048420238494873047e+01 1.558953779633663883e-01 -2.381950511916684776e-01 9.586238828223806463e-01
-1.841377067565917969e+01 5.033808517456054688e+01 -2.535643100738525391e+00 2.586704526654792224e-01 -7.973500105314929032e-01 5.452729203098793942e-01
7.743300199508666992e-01 4.715893173217773438e+01 -1.630048751831054688e+01 3.775226582775745299e-02 9.774544115018002355e-01 -2.077441692576225130e-01
3.158004379272460938e+01 4.237483978271484375e+01 -8.838307380676269531e+00 4.765984715431520469e-01 5.567768508175210407e-01 -6.803333266248651201e-01
3.285055541992187500e+01 1.368890666961669922e+01 -1.025113868713378906e+01 -7.481290429521320062e-02 -5.459007316361460388e-02 9.957022412663870670e-01
-1.976877021789550781e+01 2.910099792480468750e+01 -8.913213729858398438e+00 -1.724383664202063654e-02 1.629292388513756129e-01 9.864870567955641434e-01
-4.609826660156250000e+01 3.767205429077148438e+01 1.014471054077148438e+00 -1.866826252207472170e-01 -9.470818624633187133e-01 -2.611236167674258479e-01
9.398976325988769531e+00 5.480335998535156250e+01 -6.883037090301513672e+00 1.472279951317811975e-01 7.389954216152750943e-01 -6.574265618920016596e-01
-1.167493438720703125e+01 1.871809959411621094e+00 -1.318940830230712891e+01 1.086365477919127992e-01 -1.645401313438820956e-01 9.803696474601778510e-01
-1.679336071014404297e+00 1.990321922302246094e+01 -1.367695236206054688e+01 2.283342297488279507e-02 7.202690182450253997e-02 -9.971412940044223072e-01
7.380185127258300781e+00 5.986830520629882812e+01 5.638343811035156250e+00 -7.532754553215341431e-02 -7.524462537243299387e-01 6.543320228602009792e-01
1.258376312255859375e+01 -1.405999995768070221e-03 -1.152539539337158203e+01 -7.983984515109276980e-02 -9.894962077494943997e-02 9.918843539822287392e-01
3.493599319458007812e+01 5.238257980346679688e+01 2.574705123901367188e+00 4.665655047438459491e-01 6.126687760901166069e-01 -6.379291501313910651e-01
4.608659362792968750e+01 5.139144897460937500e+01 1.137278270721435547e+01 9.866889814413133397e-01 1.518351699595172077e-01 5.823173589777165537e-02
2.283164024353027344e+01 5.812015151977539062e+01 1.441149902343750000e+01 -3.824664294832632594e-01 -9.018272206309206895e-01 2.010649010827913474e-01
-3.233342742919921875e+01 -1.249799919128417969e+01 -1.304943370819091797e+01 4.595533466316920751e-02 -9.961308061453845175e-01 7.491010789033986095e-02
-2.976169967651367188e+01 5.394070434570312500e+01 8.222181320190429688e+00 4.233096724810140321e-01 -7.190045201920968188e-01 5.512181248175256343e-01
-1.385668754577636719e+01 5.894291305541992188e+01 6.713932991027832031e+00 2.124028567411457846e-01 -7.818146928704997611e-01 5.862173764568960888e-01
3.862936401367187500e+01 3.132277488708496094e+01 -4.187433242797851562e+00 1.177521860501038048e-01 -6.024304338542540993e-01 7.894377714846160243e-01
-4.568912124633789062e+01 4.912486267089843750e+01 6.982963085174560547e+00 -4.647144690277351109e-01 7.066126151406584288e-01 -5.336094774274067198e-01
-2.601873207092285156e+01 1.789126968383789062e+01 -8.644268035888671875e+00 2.122545111542432396e-03 -7.577142820174681895e-03 9.999690403752169443e-01
-2.505337333679199219e+01 4.051727676391601562e+01 -7.082909107208251953e+00 1.174561920903972323e-01 -8.549476328106435374e-02 9.893910694923108151e-01
2.137137031555175781e+01 1.120796966552734375e+01 -1.419778060913085938e+01 7.286189977596049805e-02 6.918503232660128122e-02 -9.949394830154268954e-01
4.291796112060546875e+01 1.821688652038574219e+01 -1.572078037261962891e+01 8.581733495129790779e-01 3.734887064955177971e-01 -3.521997846478320260e-01
-4.047000503540039062e+01 6.900929927825927734e+00 -1.248125457763671875e+01 -1.589330516346350586e-01 1.694839294795089102e-01 -9.726332724857231771e-01
-7.706419825553894043e-01 7.439918041229248047e+00 -1.190122509002685547e+01 -1.386539654574686364e-01 -2.882952506537465043e-01 9.474496959276584862e-01
-8.833280563354492188e+00 5.152401351928710938e+01 -1.015510654449462891e+01 -1.037258592893423176e-01 4.617053978639474865e-01 -8.809478257524571143e-01
2.612651443481445312e+01 3.554397201538085938e+01 -1.729208946228027344e+01 1.346276100687510136e-01 9.745401505007079968e-02 -9.860923494063814632e-01
-8.652359962463378906e+00 2.921084785461425781e+01 -1.245223426818847656e+01 -2.664857206867270178e-02 5.909152229310250803e-02 -9.978968110981136785e-01
9.246219635009765625e+00 2.467980384826660156e+01 -1.337061023712158203e+01 -3.153281065229900093e-02 6.277510680237538554e-02 -9.975294320561758354e-01
3.663933944702148438e+01 2.600229024887084961e+00 -1.099027442932128906e+01 -1.504549289453801508e-01 -4.047007985158440624e-01 9.019870165566015174e-01
3.733047008514404297e+00 6.956662750244140625e+01 1.071054077148437500e+01 -4.094083976591403329e-02 8.706541742907210057e-01 -4.901888987210998305e-01
8.344440460205078125e+00 4.203717041015625000e+01 -9.493000030517578125e+00 -3.717538361682164172e-02 -1.851610287753654993e-01 9.820047781328714587e-01
-6.118692874908447266e+00 4.043357086181640625e+01 -9.364546775817871094e+00 4.341019072651983168e-02 -7.138462213138883211e-03 9.990318301727521000e-01
-3.739756774902343750e+01 3.756238174438476562e+01 -6.026413917541503906e+00 1.276561810680130749e-01 -9.136056220708455022e-01 3.860423121312922534e-01
2.108842658996582031e+01 4.481690979003906250e+01 -6.328504085540771484e+00 -3.588825926300580060e-01 -6.900757165851567621e-01 6.284892919426792179e-01
2.007781028747558594e+01 6.279716110229492188e+01 5.096932888031005859e+00 2.264049681164530814e-01 6.847569741272672150e-01 -6.927111063035276128e-01
-3.186941719055175781e+01 2.677618408203125000e+01 -8.715359687805175781e+00 1.153526105699020782e-01 -7.001035126904038564e-02 9.908543414396963067e-01
3.655030441284179688e+01 5.004272079467773438e+01 1.579908752441406250e+01 -6.025370014131916641e-01 -6.482777444267463496e-01 4.654944983659524693e-01
-4.821099853515625000e+01 4.711081695556640625e+01 1.766141700744628906e+01 -2.719745179998295237e-01 2.647680044409281286e-01 9.251636424887920152e-01
2.944551658630371094e+01 2.354092979431152344e+01 -1.009890556335449219e+01 -1.154142397508091389e-01 -6.947756431601358196e-02 9.908846660027881281e-01
-6.447827148437500000e+01 3.741256332397460938e+01 1.564096260070800781e+01 -8.913898006974706467e-01 -2.774178671176351640e-01 3.584181220535950230e-01
-1.391667747497558594e+01 6.758088684082031250e+01 1.237552833557128906e+01 -2.866994618315126808e-01 9.378215046196843874e-01 -1.956891516114071528e-01
-3.391278839111328125e+01 -2.563098907470703125e+00 -1.483690643310546875e+01 -1.282676088573302120e-01 1.256194831726788197e-01 -9.837515773636411609e-01
-5.206252098083496094e+00 6.546086120605468750e+01 6.053547859191894531e+00 -1.053171937531049707e-01 7.953011296815019060e-01 -5.969961489216641937e-01
-2.277108764648437500e+01 5.796770095825195312e+01 2.231024980545043945e+00 -3.017950875705035507e-01 7.880130771922699839e-01 -5.366144941131218982e-01
-3.344332885742187500e+01 6.007997512817382812e+01 1.518381118774414062e+01 -2.775925548024299472e-01 6.274295082023435555e-01 7.275126017844814053e-01
2.681120038032531738e-01 5.086259078979492188e+01 -6.072483062744140625e+00 -6.210060958093219924e-02 -8.350252189834301841e-01 5.466958916539899072e-01
2.942247200012207031e+01 5.971183776855468750e+01 6.098753929138183594e+00 3.531351195212457661e-01 6.307819305299052770e-01 -6.909484376403792760e-01
-1.978038597106933594e+01 7.099298000335693359e+00 -1.497761154174804688e+01 -7.324949540883329835e-02 1.274259869753130436e-01 -9.891395903843495097e-01
1.261124324798583984e+01 3.383132553100585938e+01 -1.260650539398193359e+01 2.080895882306067410e-02 8.443477133016422109e-02 -9.962117027133956526e-01
4.213815689086914062e+01 1.131122493743896484e+01 -8.869296073913574219e+00 -1.408584339921332418e-01 -1.386151242348472312e-01 9.802778937151657157e-01
8.510065078735351562e+00 6.235543441772460938e+01 1.494605445861816406e+01 -1.067167709849668050e-01 -9.042941660388831293e-01 4.133564951208373861e-01
-2.281847953796386719e+01 3.618288421630859375e+01 -1.553066921234130859e+01 3.997438804240189825e-01 -7.376971424525257115e-01 -5.440659482828582583e-01
3.875509262084960938e+01 2.248725128173828125e+01 -8.225201606750488281e+00 -3.150118788600689834e-01 -2.370198717512132791e-02 9.487917221292562209e-01
2.997019386291503906e+01 3.297005081176757812e+01 -8.638491630554199219e+00 -2.317225822994818940e-01 -1.597904104948149884e-01 9.595684809154363393e-01
2.864673995971679688e+01 4.996128463745117188e+01 -4.023942947387695312e+00 4.095948837735103876e-01 6.429181617506267710e-01 -6.472157820060937539e-01
3.380124664306640625e+01 4.334280014038085938e+01 2.406380027532577515e-01 -5.395891793849532103e-01 -5.671684792062647862e-01 6.222245846039239359e-01
1.694013977050781250e+01 1.938344955444335938e+01 -1.362586021423339844e+01 7.783887524781950285e-02 1.862712010505844507e-01 -9.794101026430792611e-01
-1.084399223327636719e+01 -6.460621833801269531e+00 -1.723337173461914062e+01 1.369492690945655344e-01 -9.885599265393613111e-01 6.319944093864245105e-02
-9.355903625488281250e+00 2.078341865539550781e+01 -8.488147735595703125e+00 2.531484765091920330e-01 -7.127718734241775267e-02 9.647981195077179883e-01
-2.687759590148925781e+01 4.961384201049804688e+01 -6.103762149810791016e+00 -3.615633785111122545e-01 6.989698103975858778e-01 -6.170195519368840698e-01
-1.289897727966308594e+01 5.764294052124023438e+01 -2.390187978744506836e+00 -1.881074164005063221e-01 7.838783687606060147e-01 -5.917349937973399587e-01
-3.294968414306640625e+01 1.270484638214111328e+01 -1.243684291839599609e+01 -1.212687080939874734e-01 1.638176584170999150e-01 -9.790085164225863501e-01
-1.450570297241210938e+01 4.428044128417968750e+01 -8.204097747802734375e+00 1.313824127565943189e-01 -1.170635813559259553e-01 9.843956417713258800e-01
-5.396729660034179688e+01 4.136198043823242188e+01 3.639986038208007812e+00 -6.451603814324469166e-01 -7.561179848739002507e-02 -7.602966119610437001e-01
7.504261016845703125e+00 6.464917182922363281e+00 -1.538007068634033203e+01 7.515793953358960999e-03 1.374535823368871756e-01 -9.904796946651693856e-01
-3.873752593994140625e+01 5.462157821655273438e+01 8.893919944763183594e+00 -4.464548875662584515e-01 7.425211045333002247e-01 -4.993400071002196405e-01
-2.201104545593261719e+01 -1.156849026679992676e+00 -1.218970012664794922e+01 1.245719517935481996e-01 -2.799723014084127062e-02 9.918154989365646212e-01
1.415740966796875000e+01 5.927001953125000000e+01 -6.651849746704101562e-01 1.468798029107143965e-01 7.620362759221315230e-01 -6.306560375320597878e-01
-3.701960372924804688e+01 2.422213935852050781e+01 -1.558811569213867188e+01 -2.540098248030097094e-01 -3.300626231438565372e-01 -9.091411736946802824e-01
2.164941406250000000e+01 3.639740371704101562e+01 -9.410222053527832031e+00 -7.165386394249802227e-02 -6.749413504240861506e-02 9.951433391813397922e-01
-4.104193878173828125e+01 -1.347296428680419922e+01 -1.260963439941406250e+01 -6.877822861809971267e-01 -6.331252172129600009e-01 -3.551168626588761534e-01
2.359330368041992188e+01 6.658751678466796875e+01 1.225168418884277344e+01 3.188752711640990833e-01 9.452853658320714558e-01 6.895026166556081360e-02
-1.406272411346435547e+01 3.565390396118164062e+01 -9.248772621154785156e+00 4.025669215400606155e-02 -1.505118841391616114e-01 9.877882219735651947e-01
1.785158920288085938e+01 5.290979766845703125e+01 -6.382225990295410156e+00 2.438829313337388394e-01 7.207798031819565576e-01 -6.488432716219246776e-01
-4.001351547241210938e+01 4.352669525146484375e+01 3.304574012756347656e+00 4.257602904749065442e-01 -6.231952069068449340e-01 6.560151744762142689e-01
-8.515562057495117188e+00 9.583994865417480469e+00 -1.491470146179199219e+01 8.612189894130801993e-02 9.099925777337546096e-02 -9.921200298388486161e-01
3.903893280029296875e+01 4.735419082641601562e+01 8.153583526611328125e+00 -5.162402308097466808e-01 -5.222462873947902873e-01 6.787892451975484631e-01
-7.743696212768554688e+00 4.626017379760742188e+01 -1.667721748352050781e+01 -1.026431846086496291e-01 5.537171167563408325e-01 -8.263544828125757302e-01
2.779218101501464844e+01 6.957230091094970703e+00 -1.074652671813964844e+01 3.420944918637302407e-02 -4.884129928867184112e-02 9.982205372913138808e-01
-1.663001441955566406e+01 6.041658401489257812e+01 1.587818145751953125e+01 2.819810746573173654e-01 -8.820093680146808834e-01 3.775528416916598684e-01
8.874823570251464844e+00 4.523362350463867188e+01 -1.727828979492187500e+01 6.453021288028076841e-02 2.878900337844670365e-01 -9.554868811622710956e-01
3.020873641967773438e+01 5.433594131469726562e+01 1.250449562072753906e+01 -5.199765484435397989e-01 -8.379468630282131958e-01 -1.657390835316767119e-01
-1.781251716613769531e+01 2.103219223022460938e+01 -8.545867919921875000e+00 7.129542739028311635e-03 -7.511968502865743781e-03 9.999463685366052346e-01
3.950996398925781250e+01 3.959713363647460938e+01 -4.465481758117675781e+00 6.223861075857228808e-01 4.669355468532175313e-01 -6.281773063150081216e-01
4.517336845397949219e+00 5.946609878540039062e+01 -2.070063114166259766e+00 2.929079382555599062e-02 7.603379128119793773e-01 -6.488669414739753893e-01
1.983202171325683594e+01 3.809812068939208984e+00 -1.075225734710693359e+01 4.669598210235731406e-02 -4.708460635680745271e-02 9.977988399971813305e-01
-2.595275497436523438e+01 5.697389984130859375e+01 1.574446392059326172e+01 3.966856679923034812e-01 -9.091375322852892626e-01 1.269229222785024369e-01
3.965552139282226562e+01 1.073704147338867188e+01 -1.652688980102539062e+01 -8.049755080192494416e-01 -2.499383871728792228e-01 -5.380940755170710021e-01
1.248069047927856445e+00 3.985260009765625000e+01 -1.264891052246093750e+01 -6.911953262927381103e-02 -5.247050437110862831e-01 -8.484733981176179052e-01
1.570876407623291016e+01 6.085948181152343750e+01 1.156021213531494141e+01 -2.597565336605791586e-01 -8.946463027442174143e-01 -3.635031446999356652e-01
1.301832866668701172e+01 4.871079635620117188e+01 -1.135182762145996094e+01 1.129593740795664658e-01 4.145419403272200265e-01 -9.029923363557944560e-01
3.968479156494140625e+01 5.529130554199218750e+01 8.489139556884765625e+00 5.040659982875040912e-01 6.210115054854750127e-01 -6.002184430897519185e-01
-2.993675804138183594e+01 5.332230377197265625e+01 2.949329912662506104e-01 -3.572314661225762245e-01 7.286383339449342689e-01 -5.843559342711128757e-01
3.532877731323242188e+01 2.056454658508300781e+01 -1.535237884521484375e+01 -8.879315492112039854e-01 -4.306438107974456808e-01 -1.616275723298629674e-01
-2.677648162841796875e+01 3.287195968627929688e+01 -8.595414161682128906e+00 1.059919076620153000e-01 -1.515402920640750994e-01 9.827518788541192984e-01
-3.244537353515625000e+01 4.333251571655273438e+01 -8.228644371032714844e+00 -2.674770374212628865e-01 3.293590511927614317e-01 -9.055267250886349650e-01
2.415360832214355469e+01 1.755201911926269531e+01 -1.041828060150146484e+01 7.906869942151648067e-02 3.105477770355065392e-02 9.963853378856861731e-01
4.859580993652343750e+00 1.965290069580078125e+01 -9.202743530273437500e+00 3.547276652855200357e-02 -8.989773487658767048e-02 9.953190845647789109e-01
-2.751160812377929688e+01 -6.800733089447021484e+00 -1.620212554931640625e+01 -1.421111976968995882e-01 1.093052256894860158e-01 -9.837971209177852616e-01
3.414629936218261719e+00 1.363169956207275391e+01 -1.441038131713867188e+01 9.390619808162402674e-03 1.322652027679498687e-01 -9.911698806947130125e-01
-2.645941972732543945e+00 2.592818069458007812e+01 -8.839537620544433594e+00 3.557623830975811807e-02 1.859372555582572981e-03 9.993652355377521390e-01
-4.555749893188476562e-01 5.941636276245117188e+01 4.844276905059814453e+00 3.325425469471871703e-02 -7.870436884550746637e-01 6.160003141295709028e-01
1.287894058227539062e+01 6.535338592529296875e+01 5.953814983367919922e+00 1.118444296058034443e-01 7.364765348043450510e-01 -6.671530088733295116e-01
-3.464035797119140625e+01 4.881030654907226562e+01 5.168026924133300781e+00 4.319622905778355837e-01 -6.670495135530710717e-01 6.070037281494742309e-01
-4.556515502929687500e+01 5.312439346313476562e+01 1.364283561706542969e+01 -5.239423608713236202e-01 8.093572821674970275e-01 -2.653774524842425486e-01
-4.575335979461669922e+00 2.176081895828247070e+00 -1.602655601501464844e+01 -1.892569950955190136e-02 1.300123366160275684e-01 -9.913317357099563631e-01
-2.052224349975585938e+01 1.270630931854248047e+01 -9.802437782287597656e+00 1.489815795892057149e-01 -2.779328719873375153e-01 9.489772429368237283e-01
1.860503768920898438e+01 -1.708204030990600586e+00 -1.589830589294433594e+01 3.075245021608445303e-02 1.478483111552163221e-01 -9.885318222972175883e-01
1.862669372558593750e+01 3.642300415039062500e+01 -1.656668281555175781e+01 -4.409723325620967804e-01 -8.301424158624913785e-01 -3.411846586538291870e-01
-5.498239040374755859e+00 1.444916915893554688e+01 -9.931245803833007812e+00 1.280292500571235670e-01 -5.205506753125000996e-01 8.441774135580213390e-01
-2.529383087158203125e+01 2.481963157653808594e+01 -1.187150764465332031e+01 -3.108367949329600075e-02 -8.038149166032921428e-03 -9.994844636246942304e-01
-2.098722076416015625e+01 5.891370391845703125e+01 9.530704498291015625e+00 2.790453047676588194e-01 -7.210699903593850157e-01 6.341859245444041449e-01
-5.190862655639648438e+01 4.795320892333984375e+01 1.113672924041748047e+01 -4.868447077476799056e-01 7.599280672385881896e-01 -4.306873148365296666e-01
1.371160984039306641e+00 6.272589492797851562e+01 1.242892456054687500e+01 1.830811817689199927e-02 -9.785179463983787462e-01 -2.053471241218643439e-01
1.485269260406494141e+01 7.711014747619628906e+00 -1.488037204742431641e+01 5.758242754934433938e-02 5.216197494524882350e-02 -9.969771273240604081e-01
-7.074811935424804688e+00 5.270540237426757812e+01 -3.040817022323608398e+00 8.067553211754710518e-02 -8.064063775444236803e-01 5.858329222340027398e-01
5.536741256713867188e+00 5.018050384521484375e+01 -1.125142002105712891e+01 2.437736264697935168e-02 3.691224527842389969e-01 -9.290610093211988385e-01
1.563715457916259766e+01 4.077412414550781250e+01 -9.293634414672851562e+00 -4.836151469121986041e-02 -1.063177944161220467e-01 9.931554211135648069e-01
2.793833351135253906e+01 5.251871871948242188e+01 4.927569866180419922e+00 -4.176505677378923864e-01 -6.551352890081724167e-01 6.295758543371837712e-01
7.759581089019775391e+00 -2.736500024795532227e+00 -1.639006996154785156e+01 -4.757094731118014647e-02 -2.509370149969456509e-01 -9.668338117155085287e-01
2.879082298278808594e+01 2.903765106201171875e+01 -1.505903816223144531e+01 -6.920418209103269547e-01 -6.986278468608682068e-01 -1.816514511410963206e-01
-2.138675880432128906e+01 4.636243820190429688e+01 -9.816013336181640625e+00 -1.877941255148589395e-01 2.964204553592231228e-01 -9.364124518964600519e-01
-4.762121582031250000e+01 4.212776184082031250e+01 7.079320907592773438e+00 4.057997222766785983e-01 -6.865068998258047062e-01 6.033530159796445247e-01
-3.223191070556640625e+01 2.016502761840820312e+01 -1.168405628204345703e+01 -1.384881095756601843e-01 1.173231667058108885e-01 -9.833902165774686122e-01
3.662552261352539062e+01 3.551351928710937500e+01 -9.823803901672363281e+00 5.410360774483811142e-01 4.307450890814876754e-01 -7.223147728874514950e-01
-6.222369003295898438e+01 4.159981155395507812e+01 1.021830558776855469e+01 -7.192337605653826849e-01 2.375069814429109083e-01 -6.529113503599510704e-01
2.901781463623046875e+01 6.187264251708984375e+01 1.371254634857177734e+01 4.412287311072856039e-04 1.037863209695207012e-01 9.945995198555138694e-01
8.488588333129882812e+00 2.963721847534179688e+01 -8.218540191650390625e+00 7.128343430304424633e-01 -6.992995777816766179e-01 5.336009661466307313e-02
-4.235803985595703125e+01 4.200715255737304688e+01 -3.393095970153808594e+00 -4.311004851488904888e-01 6.401980844363306389e-01 -6.358449373773799040e-01
3.149183034896850586e+00 1.347566962242126465e+00 -1.277503490447998047e+01 -9.230430907544896757e-02 -1.501104589858155980e-01 9.843509357079778255e-01
-3.654448318481445312e+01 3.197577857971191406e+01 -1.037669754028320312e+01 -8.194729183869680078e-01 2.477409034603146043e-01 -5.168061346220773622e-01
-3.856933593750000000e+01 3.637770116329193115e-01 -1.032028770446777344e+01 1.539092028850010674e-01 -1.818645067741959109e-01 9.712040251373972310e-01
2.509349822998046875e+01 4.219406127929687500e+01 -1.173370361328125000e+01 2.018692692979699166e-01 2.815823115042170866e-01 -9.380619382327830547e-01
-2.840119743347167969e+01 6.066220092773437500e+01 1.003477191925048828e+01 -3.656458600581627416e-01 7.899961726879165536e-01 -4.921474902514186289e-01
-3.248064041137695312e+00 6.957645416259765625e+01 1.187803649902343750e+01 -1.826058114793924769e-01 9.437304284089035322e-01 -2.757317466471715384e-01
-1.580175304412841797e+01 5.122431564331054688e+01 -9.083431243896484375e+00 -2.031168954657186498e-01 5.900012921717264769e-01 -7.814358591797930798e-01
4.361856079101562500e+01 4.391299247741699219e+00 -9.762319564819335938e+00 4.412641243803110819e-02 -7.063685553598153533e-01 7.064674965801585049e-01
-2.623340606689453125e+01 1.086453437805175781e+01 -1.361254405975341797e+01 -1.085717079130107399e-01 1.945334453251850726e-01 -9.748686695605542907e-01
-7.473238945007324219e+00 5.804937362670898438e+01 3.847841024398803711e+00 1.674112413456853854e-01 -7.694389681726574448e-01 6.163904205359561628e-01
-3.838045120239257812e+00 3.428086853027343750e+01 -1.228738880157470703e+01 -4.226033725338528696e-02 1.818658520473071250e-01 -9.824148185742808126e-01
-1.640960121154785156e+01 -2.147617101669311523e+00 -1.636256599426269531e+01 -5.954666536503819274e-02 1.330293056087213655e-01 -9.893216860521987233e-01
3.180916070938110352e+00 6.535698699951171875e+01 5.106462001800537109e+00 -2.962864842125787976e-02 7.540323101135939510e-01 -6.561687423959529086e-01
3.972113037109375000e+01 2.900593948364257812e+01 -1.059433174133300781e+01 4.160182159920971512e-01 1.938543071240608484e-01 -8.884533479998840688e-01
-1.464541912078857422e+01 2.579560852050781250e+01 -1.257763481140136719e+01 -3.606229611739884822e-02 9.085477732731174483e-02 -9.952109928229017077e-01
-1.428554534912109375e+01 9.157990455627441406e+00 -1.126122760772705078e+01 6.463615049026841253e-02 -2.557439525055064111e-01 9.645813593506047390e-01
-1.051572990417480469e+01 6.169004821777343750e+01 1.301288318634033203e+01 1.389747503219867786e-01 -9.612144668427441419e-01 -2.382283935746545567e-01
2.312574577331542969e+01 5.699311828613281250e+01 6.985440254211425781e+00 -2.866265079127391924e-01 -6.638826000368512892e-01 6.907279770865362156e-01
1.209390830993652344e+01 3.920385742187500000e+01 -1.677537727355957031e+01 -3.062222591675479721e-01 -8.715483987612349104e-01 -3.829246879048811558e-01
2.721533060073852539e+00 2.680553627014160156e+01 -1.292067718505859375e+01 -2.928842503963468083e-02 6.928403377907128846e-02 -9.971669423030419255e-01
9.056664466857910156e+00 5.484709548950195312e+01 -6.261599808931350708e-02 -1.325284460835738365e-01 -7.707032583897820421e-01 6.232597359737317433e-01
3.952832031250000000e+01 4.693119430541992188e+01 1.409937024116516113e+00 5.403202285563437623e-01 5.358030332225079961e-01 -6.488213623196914526e-01
-3.716048049926757812e+01 -7.727271080017089844e+00 -1.161194515228271484e+01 1.210807285584317994e-01 -1.319737486541316951e-01 9.838304665123638326e-01
-2.122223472595214844e+01 4.275570678710937500e+01 -1.556198596954345703e+01 -3.108485284408690208e-01 8.931237600217234451e-01 -3.251201956981524810e-01
-1.273072957992553711e+00 4.506079101562500000e+01 -9.042999267578125000e+00 5.457469553170958554e-02 -1.136335999323050128e-01 9.920226850097965121e-01
-3.413177490234375000e+01 4.126524925231933594e+00 -1.387149047851562500e+01 -1.341664928078987462e-01 1.859647454656658261e-01 -9.733532070381841761e-01
-1.670933914184570312e+01 5.482323837280273438e+01 2.297852039337158203e+00 2.172281188184737033e-01 -7.793288352996352586e-01 5.877571869957024520e-01
-2.777224540710449219e+01 1.599929928779602051e-01 -1.524190998077392578e+01 -1.669227049799792695e-01 1.398762280200080699e-01 -9.759976697703030002e-01
-4.113595199584960938e+01 1.235147380828857422e+01 -8.743353843688964844e+00 -5.608638279236588531e-01 1.411714662326893077e-01 8.157832945387721857e-01
3.317706680297851562e+01 3.763041687011718750e+01 -4.473120212554931641e+00 -5.709124623923474973e-01 -5.129167839745452095e-01 6.410735784621888200e-01
-2.370397758483886719e+01 5.145059967041015625e+01 1.352828979492187500e+00 3.303521660063695742e-01 -6.984530032265203747e-01 6.348471065530300050e-01
2.722683715820312500e+01 4.347581481933593750e+01 -4.013203144073486328e+00 -4.268827637006389897e-01 -5.951753789866176536e-01 6.808357909976829880e-01
-5.613413810729980469e+00 -4.058957099914550781e+00 -1.402767276763916016e+01 -1.020794800297441240e-01 -1.012937942085229553e-01 9.896056522735198202e-01
-2.059786033630371094e+01 3.580313491821289062e+01 -8.567818641662597656e+00 9.904388053827574423e-02 -1.614051970072277187e-01 9.819056329948299133e-01
1.642947196960449219e+01 1.346202754974365234e+01 -1.040554046630859375e+01 1.322540672073589385e-01 -5.769695684691190235e-02 9.895352054766505256e-01
6.291309833526611328e+00 3.551411437988281250e+01 -1.245485401153564453e+01 -1.492305140897844627e-02 5.511487641739137161e-02 -9.983684955637075475e-01
4.235332870483398438e+01 5.584019088745117188e+01 1.443278694152832031e+01 1.837662202847293869e-01 5.276393953123176273e-01 8.293531484215370675e-01
-3.396688842773437500e+01 5.370164489746093750e+01 1.388786220550537109e+01 3.523316174138051426e-01 -8.123009123761395500e-01 -4.647899085860874857e-01
1.158581161499023438e+01 1.970404815673828125e+01 -9.756248474121093750e+00 1.629460992006780407e-01 6.882419038789984456e-02 9.842315782237089916e-01
-3.197284698486328125e+01 2.834012603759765625e+01 -1.517689609527587891e+01 6.919076123335369255e-01 -4.961794280294057335e-01 -5.244710012911254493e-01
-2.914972305297851562e+01 4.691115188598632812e+01 -5.337039828300476074e-01 3.559034768488836820e-01 -7.081446995665960920e-01 6.098063624156535578e-01
1.701191139221191406e+01 5.715262603759765625e+01 4.735136985778808594e+00 -2.301592347626445212e-01 -7.347950883045550885e-01 6.380461620110062793e-01
-3.350701093673706055e+00 4.156512832641601562e+01 -1.681749534606933594e+01 -5.581368519697737932e-04 -7.401858797006288793e-01 -6.724020761234014154e-01
2.366855049133300781e+01 2.344956970214843750e+01 -1.304786109924316406e+01 9.589740387232595364e-02 9.265948654865743817e-02 -9.910690730131209714e-01
3.369509887695312500e+01 8.032231330871582031e+00 -1.316950893402099609e+01 9.524146555617279963e-02 1.130021597148992141e-01 -9.890195018999781151e-01
4.295340728759765625e+01 1.776458168029785156e+01 -9.250488281250000000e+00 6.587013867151221280e-01 4.201817616162163982e-01 6.241472345085479212e-01
-1.742505264282226562e+01 6.404815673828125000e+01 8.224726676940917969e+00 -2.775146762464232308e-01 7.733225833055268339e-01 -5.700506877616315915e-01
1.258845233917236328e+01 4.959032821655273438e+01 -5.010023117065429688e+00 -2.012139186572296512e-01 -7.383059477793956216e-01 6.437525040045825042e-01
2.740719795227050781e+01 1.306683444976806641e+01 -1.351346874237060547e+01 1.242867161614994165e-01 8.179677160382979595e-02 -9.888691017222560609e-01
-3.608263397216796875e+01 4.171815490722656250e+01 -1.314682960510253906e+00 5.375064178123620806e-01 -6.712511684045412430e-01 5.104005483206895954e-01
2.593150138854980469e-01 5.471580886840820312e+01 -1.062286019325256348e+00 1.044846361053426709e-02 -7.404519037998279485e-01 6.720281301905371985e-01
-2.989403915405273438e+01 3.801254653930664062e+01 -1.052506446838378906e+01 -2.897719841550179254e-01 4.110672502540616557e-01 -8.643239629718874051e-01
3.379866790771484375e+01 2.782314682006835938e+01 -8.599576950073242188e+00 -2.292556464488274826e-01 -1.653555707559861976e-01 9.592181106460054840e-01
-2.117322158813476562e+01 1.809648323059082031e+01 -1.296757030487060547e+01 -1.612757335367528133e-01 1.645988831468796210e-01 -9.730865046022281195e-01
-4.602953720092773438e+01 4.422304916381835938e+01 1.377205014228820801e+00 -3.885867111990444767e-01 7.041845894896117120e-01 -5.942427381170571898e-01
4.061741638183593750e+01 3.889130115509033203e+00 -1.579252052307128906e+01 -2.542876316458715924e-01 -7.313784763714399340e-01 -6.327901110893916492e-01
3.214842605590820312e+01 3.425759887695312500e+01 -1.589816188812255859e+01 7.167919692084482319e-01 6.780991954251551768e-01 -1.624523131322910541e-01
1.536065483093261719e+01 5.314285278320312500e+01 -4.098199903964996338e-01 -2.259753216118096653e-01 -7.439375691776098920e-01 6.288815843929189686e-01
-1.135315036773681641e+01 6.474936676025390625e+01 6.800170898437500000e+00 -2.075211408226425580e-01 7.957570174283955522e-01 -5.689514437323568430e-01
-3.974549865722656250e+01 4.846238708496093750e+01 8.597063064575195312e+00 4.391116337777371537e-01 -7.173794375496737041e-01 5.408768026657829742e-01
-8.928193092346191406e+00 1.774715423583984375e+01 -1.392718219757080078e+01 -2.531219671363089604e-02 9.152508940086587219e-02 -9.954810147399566489e-01
2.369957160949707031e+01 3.183653450012207031e+01 -1.298743915557861328e+01 -3.980217966885368219e-01 -6.010838697500835437e-01 -6.930200797142125335e-01
1.421562004089355469e+01 2.541358375549316406e+01 -9.830440521240234375e+00 4.189203548378602621e-02 7.250420923610406687e-02 9.964879311893708458e-01
4.516950607299804688e+01 1.244749546051025391e+01 -1.449696731567382812e+01 8.696534671101848746e-01 2.757589141832523794e-01 4.094629023387933442e-01
3.116316986083984375e+01 2.437613010406494141e+00 -1.386488628387451172e+01 2.905147090390848216e-02 2.040224229107205633e-02 -9.993696816232798819e-01
-2.408877563476562500e+01 -1.025310993194580078e+01 -1.253217697143554688e+01 2.449586679928277000e-01 -6.974747258247592230e-01 6.734420968508402217e-01
-9.064723014831542969e+00 4.045429611206054688e+01 -1.478947162628173828e+01 2.083879994821928872e-01 -9.742619606934033172e-01 -8.595390402800173746e-02
-3.887496185302734375e+01 5.742508316040039062e+01 1.459927368164062500e+01 -5.926949030993586831e-01 7.776799669807650250e-01 -2.095867858354571178e-01
3.447656250000000000e+01 5.221232604980468750e+01 8.664846420288085938e+00 -4.577345813772416561e-01 -5.669467281623139510e-01 6.848725870097653878e-01
-3.955738067626953125e+00 5.483340072631835938e+01 -7.776099205017089844e+00 -3.525619812027884492e-02 7.705879398244741552e-01 -6.363577826122472914e-01
-3.541894149780273438e+01 8.021815299987792969e+00 -9.374408721923828125e+00 1.385412540426218531e-01 -2.423606795663446056e-01 9.602435222007161819e-01
3.012249565124511719e+01 4.790592956542968750e+01 1.667114019393920898e+00 -4.487709746006908751e-01 -6.217767791139483524e-01 6.418708976972162805e-01
2.567816162109375000e+01 5.701972579956054688e+01 1.520741939544677734e+00 3.447580034983916963e-01 6.975142192887238135e-01 -6.281845532276680855e-01
-3.112781143188476562e+01 -6.780869007110595703e+00 -1.139373302459716797e+01 4.122171649483135497e-02 -8.457369057597972917e-02 9.955641922807278998e-01
9.717056274414062500e+00 6.878855133056640625e+01 9.735681533813476562e+00 4.541066714506387936e-02 8.428024340697837236e-01 -5.363039515382000966e-01
-6.479378223419189453e+00 2.345543479919433594e+01 -1.314425086975097656e+01 -2.238733241286380501e-02 1.320170823326916598e-01 -9.909946000457314774e-01
7.999100208282470703e+00 1.748652458190917969e+01 -1.402015972137451172e+01 3.008115135579370221e-03 1.277048430288714453e-01 -9.918076548959997574e-01
4.001906204223632812e+01 2.422894668579101562e+01 -1.497978973388671875e+01 8.569882365358977294e-01 4.347052563990019269e-01 2.767715709717498140e-01
-1.267867851257324219e+01 5.097798919677734375e+01 -4.014834880828857422e+00 1.572678816066807872e-01 -8.124807571794259164e-01 5.613749483438796872e-01
2.822369933128356934e-01 1.586583328247070312e+01 -9.360308647155761719e+00 1.945440914351446171e-01 -5.509484541129334723e-01 8.115469163260020657e-01
1.862552833557128906e+01 4.658926773071289062e+01 -1.144412517547607422e+01 1.346103877184601783e-01 3.702888074493682069e-01 -9.191116594821386876e-01
4.478300094604492188e+01 4.781347274780273438e+01 6.747856140136718750e+00 8.930532729108003887e-01 -4.046791958356407148e-01 -1.966992633466797258e-01
-8.773240089416503906e+00 4.576869583129882812e+01 -8.519127845764160156e+00 6.883692814009063909e-02 -2.296620535917785200e-01 9.708330538585112635e-01
-2.393944025039672852e+00 1.246288490295410156e+01 -1.462309646606445312e+01 -2.476678781887212827e-02 1.591653482112451168e-01 -9.869412333821746541e-01
2.345496749877929688e+01 5.284589385986328125e+01 -4.033456802368164062e+00 3.004422204744008895e-01 6.751994897387276762e-01 -6.736765701825864205e-01
2.895624351501464844e+01 3.771681976318359375e+01 -1.199380779266357422e+01 3.498389384027044691e-01 2.779348858803842304e-01 -8.946311622048085388e-01
3.513026952743530273e+00 5.575009536743164062e+01 -6.570830821990966797e+00 6.513615954967258426e-02 7.857872315515993522e-01 -6.150574830449532238e-01
3.828175067901611328e+00 4.204121017456054688e+01 -1.746618652343750000e+01 -5.606202221291314153e-02 -3.323599721495246184e-01 -9.414849433624341568e-01
3.002342033386230469e+01 1.831989860534667969e+01 -1.274065303802490234e+01 1.866283066417727954e-01 1.002360581328327199e-01 -9.773037438841701841e-01
-3.381100463867187500e+01 5.790600585937500000e+01 9.726847648620605469e+00 -4.180717158534731914e-01 7.699644260322173750e-01 -4.820485691797156136e-01
-5.935126495361328125e+01 4.016551971435546875e+01 1.670229911804199219e+01 -1.131231235678207409e-01 5.910415086766608594e-02 9.918214850790799675e-01
2.245196914672851562e+01 4.084954833984375000e+01 -1.682387924194335938e+01 2.849110020551369749e-01 4.457992992153648748e-01 -8.485804061649240282e-01
3.485857391357421875e+01 5.858901977539062500e+01 8.152224540710449219e+00 4.258464657553214794e-01 6.563910508262210675e-01 -6.227403760789490539e-01
4.798345088958740234e+00 9.130460739135742188e+00 -1.093084144592285156e+01 -7.747711482319184773e-02 -1.946215585105090518e-01 9.778137581572547976e-01
-3.997037887573242188e+01 4.946487808227539062e+01 2.839956045150756836e+00 -5.045663719906853251e-01 6.737580163044446513e-01 -5.398730514867889907e-01
-3.155055999755859375e+00 5.017438507080078125e+01 -1.114519405364990234e+01 -1.417654451111008927e-02 3.245845931788066685e-01 -9.457504255651557612e-01
-5.313249969482421875e+01 4.396164321899414062e+01 1.728461456298828125e+01 -1.561925923195921218e-01 2.132782698661835619e-01 9.644253489552070402e-01
-4.288719177246093750e+01 4.829128265380859375e+01 1.552853202819824219e+01 5.273326909338922341e-01 -8.387782738614922851e-01 -1.355405488049812313e-01
3.724267196655273438e+01 1.520672702789306641e+01 -1.375925445556640625e+01 -7.317590081334095498e-01 -2.981008259298636442e-01 -6.129148811992918278e-01
-2.720437049865722656e+01 3.993223190307617188e+01 -1.524852085113525391e+01 -4.723340127483134365e-01 8.067861270722848088e-01 -3.549601746179124606e-01
-1.746512603759765625e+01 2.370483875274658203e+00 -1.252149200439453125e+01 7.216244987501379410e-03 -1.501974671432675656e-01 9.886296812619107532e-01
6.333301067352294922e+00 6.382601165771484375e+01 9.713668823242187500e+00 -4.114973376944605632e-02 -8.332573522603423655e-01 5.513518697844304040e-01
-3.673389816284179688e+01 2.383399772644042969e+01 -9.847291946411132812e+00 -8.966241072753231567e-01 2.417010430962732159e-01 -3.710064905347384423e-01
2.602733039855957031e+01 4.692370605468750000e+01 -8.456054687500000000e+00 3.941954912613565565e-01 6.395408771684113480e-01 -6.599980159817729897e-01
-1.772260665893554688e+01 3.774400329589843750e+01 -1.337383460998535156e+01 3.941200224636141058e-01 -8.273895055750735139e-01 -4.001199994470606147e-01
2.515387153625488281e+01 6.345899963378906250e+01 7.692897796630859375e+00 3.179597913761784134e-01 6.778548040354062110e-01 -6.628834254332643949e-01
3.287096405029296875e+01 4.615223312377929688e+01 -4.735481262207031250e+00 4.822583455082560255e-01 5.770631183294154809e-01 -6.591092820250451512e-01
1.977882766723632812e+01 5.794616317749023438e+01 -2.126470059156417847e-01 2.326381319934743841e-01 7.021971706077122510e-01 -6.729031380021275321e-01
-1.527295303344726562e+01 -7.290069103240966797e+00 -1.372642993927001953e+01 1.729753141855007448e-01 -3.538919728106186824e-01 9.191517895661388549e-01
-3.449954223632812500e+01 5.451848983764648438e+01 5.095273971557617188e+00 -3.975782426908298639e-01 7.462288679384341261e-01 -5.339232319296425278e-01
-1.934696006774902344e+01 4.133250427246093750e+01 -7.705352783203125000e+00 1.840844120014620278e-01 -1.352712568792220904e-01 9.735577108319730666e-01
-1.304524326324462891e+01 3.000830459594726562e+01 -8.931681632995605469e+00 -2.162326175720160129e-02 1.400377491035406374e-01 9.899100279202112107e-01
1.111782264709472656e+01 5.537484169006347656e+00 -1.109573745727539062e+01 4.250885031845694738e-03 -7.864538714373139894e-02 9.968935916422868582e-01
6.359484195709228516e+00 3.430581283569335938e+01 -5.838789939880371094e+00 1.229714133645105345e-01 9.408708577257764993e-01 3.156581387791168591e-01
-1.171708583831787109e+01 6.129911041259765625e+01 2.067492961883544922e+00 -1.629705860442729470e-01 7.997587729426947067e-01 -5.777772002991996558e-01
-8.460388183593750000e+00 6.802362060546875000e+01 1.042324161529541016e+01 -1.896100106534203966e-01 8.437778452317736821e-01 -5.020826543070719961e-01
-5.956992721557617188e+01 4.502737426757812500e+01 1.385048103332519531e+01 -5.084356932818900887e-01 8.608831877935758659e-01 -1.932052720125761180e-02
5.866151809692382812e+00 5.059359359741210938e+01 -5.666182041168212891e+00 -1.141154319240347548e-01 -7.850847841409629435e-01 6.087853069080498836e-01
-2.013120460510253906e+01 5.568394470214843750e+01 -2.157881021499633789e+00 -2.936524348978442611e-01 7.374981812165835038e-01 -6.081650106515489318e-01
1.809986305236816406e+01 3.257675552368164062e+01 -1.253278732299804688e+01 3.071505090868676194e-02 2.960112923994904013e-02 -9.990897651339426533e-01
-2.731679344177246094e+01 3.283352661132812500e+01 -1.415919876098632812e+01 6.121714691420715448e-01 -7.660965165380547726e-01 -1.958116945350703020e-01
-8.622624397277832031e+00 3.398057556152343750e+01 -9.426473617553710938e+00 7.516541447268093069e-03 8.771488917517453188e-02 9.961172620839668923e-01
1.987137031555175781e+01 6.284205627441406250e+01 1.468162536621093750e+01 2.937375587679132982e-01 7.494778664287324865e-01 5.932968686100589251e-01
-2.151347732543945312e+01 5.122861099243164062e+01 -7.063262939453125000e+00 -2.902511821646769907e-01 7.009273113331183636e-01 -6.515022298345057861e-01
3.457212066650390625e+01 1.895862007141113281e+01 -9.626945495605468750e+00 -2.676299360406125261e-01 -9.861664851182268265e-02 9.584617749139467957e-01
2.423676872253417969e+01 4.603525161743164062e+00 -1.429320526123046875e+01 -2.867546952755063716e-02 5.273475757084898630e-02 -9.981967555503866718e-01
-1.778800392150878906e+01 6.031090545654296875e+01 3.049526929855346680e+00 -2.318769312264818139e-01 8.172691707114312365e-01 -5.275454400993710991e-01
3.488687133789062500e+01 4.697234344482421875e+01 4.441741943359375000e+00 -5.284684352799964291e-01 -5.634841524604078389e-01 6.349856083713141253e-01
1.891110801696777344e+01 6.670072937011718750e+01 9.085767745971679688e+00 2.358148977127939028e-01 8.018923099075582206e-01 -5.489627103254145490e-01
-1.103422546386718750e+01 1.455826091766357422e+01 -9.864134788513183594e+00 -6.687172882573538812e-01 -3.010155730339403868e-01 6.798579360254458637e-01
-3.279170989990234375e+01 3.470534896850585938e+01 -7.165685176849365234e+00 1.922698799025696348e-01 -2.167917353988387807e-01 9.570964615674907305e-01
-3.109494781494140625e+01 -2.848899923264980316e-02 -1.082818412780761719e+01 1.480347936787680951e-01 -7.111410306199016096e-02 9.864220619015843239e-01
2.395986175537109375e+01 4.760611343383789062e+01 -2.316158056259155273e+00 -3.362087180688725363e-01 -5.801879853490706784e-01 7.418528152882294391e-01
-2.867170524597167969e+01 1.288583278656005859e+01 -8.959392547607421875e+00 -1.050477249769711692e-02 -1.397610075370948057e-01 9.901295422958492631e-01
-2.503608703613281250e+01 5.181194782257080078e+00 -1.481394481658935547e+01 -2.522459998575161955e-02 1.455006985594923530e-01 -9.890365343475734372e-01
2.701653861999511719e+01 2.847654533386230469e+01 -9.851707458496093750e+00 -1.309046468726042800e-01 -1.721503089445061696e-01 9.763340845005207269e-01
-2.464596366882324219e+01 5.554234695434570312e+01 6.963209152221679688e+00 3.037582012443675872e-01 -7.702781015809954113e-01 5.607161504732710577e-01
-3.743202590942382812e+01 2.974335098266601562e+01 -1.532900142669677734e+01 -7.825347421902789646e-01 3.263549283936620915e-01 -5.302186699639698242e-01
4.125455093383789062e+01 4.910139846801757812e+01 1.287787914276123047e+01 4.946769508950328298e-01 -7.649476022903448635e-01 4.124922787197910501e-01
-4.661167907714843750e+01 4.651409912109375000e+01 1.172951602935791016e+01 4.548697186247001034e-01 -7.264121609573770399e-01 5.151882291857217133e-01
3.493810272216796875e+01 5.526203155517578125e+01 1.531271076202392578e+01 3.639887923786726542e-01 6.435419423953359086e-01 6.733245334909117030e-01
-5.747001266479492188e+01 4.273506164550781250e+01 7.614612102508544922e+00 -3.935406567289506108e-01 7.611325361852527838e-01 -5.155608730902211390e-01
3.937578582763671875e+01 3.746767425537109375e+01 5.604869723320007324e-01 -1.631628242662380712e-01 -5.591153936461995544e-01 8.128762940111612378e-01
9.045400619506835938e+00 6.127362060546875000e+01 6.358029842376708984e-01 7.603106253586397467e-02 7.917553500718657045e-01 -6.060880655170870490e-01
-1.215038490295410156e+01 4.463406753540039062e+01 -1.321234798431396484e+01 -1.986253609869469139e-01 9.797239404420886588e-01 -2.624817131595676145e-02
-3.396435928344726562e+01 1.616758918762207031e+01 -8.398983955383300781e+00 -2.780520275039529646e-03 -6.574183652904123931e-02 9.978327914218839689e-01
3.820539474487304688e+01 7.856180191040039062e+00 -1.020667743682861328e+01 -2.033151019852398877e-01 -1.213675508273222847e-01 9.715620859785074614e-01
1.307388019561767578e+01 1.531986618041992188e+01 -1.420216083526611328e+01 -9.986892221497576608e-04 7.319239488976295172e-02 -9.973173396417703840e-01
1.268373489379882812e+01 5.998724365234375000e+01 6.608345031738281250e+00 -1.264641363980848476e-01 -7.255895602326726257e-01 6.764071350055701481e-01
3.016050148010253906e+01 5.314797973632812500e+01 5.787599831819534302e-02 4.102376623812385992e-01 6.434265471435106631e-01 -6.463028228276248566e-01
-1.994461441040039062e+01 2.480780792236328125e+01 -1.231693935394287109e+01 -3.682440111102647934e-02 5.200042555509536146e-02 -9.979678948868561106e-01
3.226602935791015625e+01 2.487812042236328125e+01 -1.448597812652587891e+01 -7.946681961540303929e-01 -5.762047741410837309e-01 -1.910249100989762916e-01
-3.789557933807373047e+00 6.354925155639648438e+01 1.094943237304687500e+01 -6.918714950783248774e-02 -7.397981282234099565e-01 -6.692621816748050012e-01
-4.323957061767578125e+01 2.953804016113281250e+00 -9.905143737792968750e+00 -6.773608675880361529e-01 -3.635640016660231233e-02 7.347519766746523073e-01
-3.967293977737426758e+00 2.059872055053710938e+01 -8.895718574523925781e+00 9.955632601879717269e-02 -4.804768636845096336e-02 9.938711977838365907e-01
-1.833455467224121094e+01 6.519477081298828125e+01 1.418984222412109375e+01 1.902561205440931810e-02 1.544029998704687379e-01 9.878247515207112528e-01
4.056784152984619141e+00 4.534123992919921875e+01 -9.066048622131347656e+00 1.303312203016776007e-02 -1.796490327647733698e-01 9.836444290274957147e-01
1.356190204620361328e+01 6.410729217529296875e+01 1.520550632476806641e+01 1.679987458606332917e-01 7.030035799817980768e-01 6.910588888958958398e-01
-2.869228363037109375e+01 2.249059104919433594e+01 -8.304420471191406250e+00 -3.033052531582823910e-02 7.971524351042019729e-02 9.963561307013373280e-01
-2.714626884460449219e+01 4.508277130126953125e+01 -8.881361961364746094e+00 -1.893482740868163983e-01 3.058262328094303872e-01 -9.330688862168409203e-01
-2.657728767395019531e+01 -3.864169120788574219e+00 -1.185745620727539062e+01 7.368228892238865013e-02 3.823541969865863061e-02 9.965485301678113084e-01
2.125247764587402344e+01 -1.392082929611206055e+00 -1.130735683441162109e+01 2.101586417722260125e-01 -7.019271955754934345e-01 6.805376972659017420e-01
-2.199499130249023438e+01 6.034989547729492188e+01 1.677240753173828125e+01 9.501445333079209035e-03 3.026593177355120234e-01 9.530514466304832455e-01
-1.447362422943115234e+01 5.753053188323974609e+00 -1.544383335113525391e+01 -4.225926106459668152e-02 1.634686870196797870e-01 -9.856430100286494023e-01
-1.043733501434326172e+01 5.512322235107421875e+01 -6.352053165435791016e+00 -1.444775534019539509e-01 7.629562640948569507e-01 -6.300983856838584529e-01
-2.293415641784667969e+01 7.926592826843261719e+00 -1.076844882965087891e+01 1.134852535515208510e-01 -1.811392581671215085e-01 9.768877450234555448e-01
-3.695777511596679688e+01 -1.171672344207763672e+01 -1.540721225738525391e+01 3.308640938290072914e-02 -2.985168595633198030e-01 -9.538306841733497077e-01
1.300836753845214844e+01 -2.398826122283935547e+00 -1.617483329772949219e+01 1.228332738102161092e-01 7.352026134488990339e-01 -6.666251600584641723e-01
-1.346217155456542969e+01 2.055564308166503906e+01 -1.327040767669677734e+01 -8.714491831674057998e-02 1.435278210996424608e-01 -9.858019718898708428e-01
9.053269386291503906e+00 4.726370239257812500e+01 -8.234890937805175781e+00 -1.044963954707264497e-01 -4.851034154869446891e-01 8.681907507089245968e-01
2.079145431518554688e+01 6.055701446533203125e+01 1.005344009399414062e+01 -3.433004465286089157e-01 -7.630967515032585080e-01 -5.475656593125904914e-01
1.041785621643066406e+01 1.077107048034667969e+01 -1.474346733093261719e+01 1.007375920322940016e-02 1.209150535449983188e-01 -9.926117414184286725e-01
1.041083145141601562e+01 2.141773939132690430e+00 -1.577319908142089844e+01 8.191308408529777985e-02 1.305615434590369217e-01 -9.880505705808932948e-01
1.893057823181152344e+01 4.865069961547851562e+01 -3.520166873931884766e+00 -2.978009490102730417e-01 -6.417231068995528087e-01 7.067574186662393121e-01
2.689755249023437500e+01 3.954660797119140625e+01 -7.563127040863037109e+00 -4.149269523062291132e-01 -4.539727148971202664e-01 7.885077034365626236e-01
-5.199127197265625000e+01 4.511465835571289062e+01 6.761814117431640625e+00 -3.455830882060342835e-01 7.415972710503170306e-01 -5.749833186421174913e-01
4.218658828735351562e+01 3.515675735473632812e+01 -5.021916866302490234e+00 9.232011455824660207e-01 1.574655659899231452e-01 -3.505770105450379814e-01
-3.903355407714843750e+01 -3.376384019851684570e+00 -1.428927612304687500e+01 -1.591058709396203363e-01 1.573788647932271856e-01 -9.746369656179371121e-01
2.776168441772460938e+01 5.725349044799804688e+01 1.606341934204101562e+01 -1.195353874656898130e-01 -1.178309642936767876e-01 9.858129411795373276e-01
-1.684310150146484375e+01 3.210865020751953125e+01 -1.200481891632080078e+01 -5.756211793441843444e-02 -1.523419977321717640e-02 -9.982256867743755091e-01
1.928215217590332031e+01 2.240137863159179688e+01 -1.008044433593750000e+01 1.095891072458861498e-01 5.718224590686311892e-02 9.923308008552876869e-01
-3.725148010253906250e+01 4.283785629272460938e+01 -6.279788970947265625e+00 -4.253398704819479348e-01 5.662184878026444990e-01 -7.060330152683272908e-01
-2.291591453552246094e+01 -4.292416095733642578e+00 -1.623235130310058594e+01 -6.243785374412540168e-02 1.346408117010873262e-01 -9.889253592887076172e-01
1.574569511413574219e+01 2.580368995666503906e+00 -1.528253173828125000e+01 2.564799383938451069e-02 7.470275339126293546e-02 -9.968759597100227410e-01
-1.917016983032226562e+00 2.947685241699218750e+01 -1.270877647399902344e+01 -2.725916439629262611e-02 1.506765726533434643e-02 -9.995148341375180712e-01
6.028828144073486328e+00 2.499436569213867188e+01 -9.312894821166992188e+00 -2.815573037302779649e-02 -5.197121111006314242e-02 9.982515955724361456e-01
2.698231887817382812e+01 5.778604507446289062e+01 1.038413047790527344e+01 -2.250537946396271305e-01 -4.610169571863489968e-01 -8.583787944170946371e-01
2.173333168029785156e+01 4.976193237304687500e+01 -7.913766860961914062e+00 3.269712417726289289e-01 6.644510639318668144e-01 -6.720078799340639675e-01
-9.296524047851562500e+00 -1.418519020080566406e+00 -1.651349067687988281e+01 -2.599094937068879233e-03 1.075027694574052367e-01 -9.942013876798283523e-01
1.246382999420166016e+01 4.413650512695312500e+01 -1.372608375549316406e+01 2.511548718153910897e-01 8.772002664129853189e-01 -4.091954581473042363e-01
-5.515360236167907715e-01 6.747591400146484375e+01 7.964907169342041016e+00 -6.264575280607483088e-02 8.063351678881052198e-01 -5.881318786481665173e-01
-7.691896915435791016e+00 6.132814407348632812e+01 8.014436721801757812e+00 1.363339770995095068e-01 -7.480912879829131334e-01 6.494401215911259628e-01
-3.519716024398803711e+00 6.255531311035156250e+01 2.026280879974365234e+00 -5.958705644634478688e-02 7.902061078085961254e-01 -6.099374475190464384e-01
-1.141550445556640625e+01 4.025542449951171875e+01 -9.051419258117675781e+00 5.734765514300569494e-02 -8.287786961601678604e-02 9.949082898325400937e-01
-7.568879127502441406e+00 4.991795063018798828e+00 -1.280865287780761719e+01 5.395323638489895463e-02 -2.573479454562214719e-01 9.648114236746250238e-01
3.433279800415039062e+01 3.143749046325683594e+01 -1.220318317413330078e+01 4.644510619538970708e-01 3.754272434172686301e-01 -8.020845316735687458e-01
-2.327265167236328125e+01 4.829553222656250000e+01 -2.699970006942749023e+00 3.689372578124672231e-01 -7.656305264530692822e-01 5.269679276398262502e-01
2.426821947097778320e+00 5.772250175476074219e+00 -1.560268592834472656e+01 -6.846637089295291682e-03 1.298929425026895124e-01 -9.915043857939109806e-01
1.384583854675292969e+01 5.582817077636718750e+01 -4.545197963714599609e+00 2.079269905418550668e-01 7.247835195021599120e-01 -6.568525073882792720e-01
4.858973026275634766e+00 6.597997283935546875e+01 1.430547523498535156e+01 2.880449864125550138e-02 7.855709167158178019e-01 6.181008296939064506e-01
-9.901481628417968750e+00 2.593269348144531250e+01 -8.718830108642578125e+00 -7.135275042136324242e-02 3.590740917453220937e-02 9.968046162481789541e-01
-3.091192817687988281e+01 5.615003967285156250e+01 1.727789306640625000e+01 1.615404224895109278e-02 -1.109804285159609293e-02 9.998079217349116199e-01
-1.609474372863769531e+01 5.458769226074218750e+01 -5.229463100433349609e+00 -2.044607264959711623e-01 7.578013300010935094e-01 -6.196232367893520498e-01
-4.113093185424804688e+01 -8.665323257446289062e+00 -1.467675018310546875e+01 -1.447988086276957020e-01 1.416209200203269736e-01 -9.792736185727644038e-01
-1.727739906311035156e+01 4.324925613403320312e+01 -1.236233139038085938e+01 -3.116224442023372010e-01 8.675813854594142116e-01 -3.875486961320918078e-01
3.507217025756835938e+01 4.857659530639648438e+01 -8.254439830780029297e-01 4.931898558290591650e-01 5.732511320395010657e-01 -6.543293556938603039e-01
3.841228008270263672e+00 5.758231353759765625e+01 2.611223936080932617e+00 7.602009009359000404e-03 -7.503907726663963107e-01 6.609507528977861535e-01
7.482131958007812500e+00 4.009257507324218750e+01 -1.450484657287597656e+01 -2.009374572682973981e-01 -9.481664095221613575e-01 -2.461800116183359144e-01
3.947233963012695312e+01 5.136481094360351562e+01 5.048604011535644531e+00 5.100583835864322957e-01 5.112356641591141448e-01 -6.917214331108911818e-01
-3.985602569580078125e+01 4.590687179565429688e+01 -1.192335963249206543e+00 -4.250136060576678032e-01 6.417883646787728713e-01 -6.383346533197175043e-01
-1.828484153747558594e+01 1.191741466522216797e+01 -1.432733345031738281e+01 -4.937432459967080328e-02 1.685798860874857252e-01 -9.844506072307827038e-01
1.815372085571289062e+01 8.692067146301269531e+00 -1.076571846008300781e+01 4.313112402780221177e-02 -7.623540324520665379e-02 9.961565486569562422e-01
6.532315254211425781e+00 3.016664695739746094e+01 -1.289952468872070312e+01 -1.847807187986643881e-02 3.054936314780164024e-03 -9.998245987290547143e-01
1.822202920913696289e+00 6.223344802856445312e+01 1.299198985099792480e+00 -9.061070639283916664e-03 7.874082249100021746e-01 -6.163653010536441768e-01
-3.484805107116699219e+00 4.586297988891601562e+01 -1.378525257110595703e+01 -4.323787108020063497e-02 9.845708122198422174e-01 -1.695606152065165240e-01
-2.858594131469726562e+01 5.658235931396484375e+01 3.960340976715087891e+00 -3.374335864546734731e-01 8.068472312604524355e-01 -4.849083626208959830e-01
-3.372385025024414062e+01 -7.798267841339111328e+00 -1.561714267730712891e+01 -1.144449068700122696e-01 1.301285196544357259e-01 -9.848700074954355177e-01
-4.993056106567382812e+01 4.093906784057617188e+01 5.258669853210449219e-01 -6.307701632955157178e-01 -6.878682520462072424e-03 -7.759392275319834109e-01
-2.384428405761718750e+01 2.986549949645996094e+01 -1.180266284942626953e+01 -9.945859456549126232e-02 1.096574177591471688e-01 -9.889809091673373853e-01
-3.077963829040527344e+01 8.198463439941406250e+00 -1.357452583312988281e+01 -1.383119405145225023e-01 1.652144670302227447e-01 -9.765111299903481701e-01
-1.490021944046020508e+00 -7.368789911270141602e-01 -1.330582237243652344e+01 4.944276824478074234e-02 -1.269141261011391408e-01 9.906806838049670993e-01
-1.663837051391601562e+01 1.602877616882324219e+01 -9.381933212280273438e+00 1.147659068961653928e-01 -2.234880241106841359e-01 9.679265931326626049e-01
3.154366970062255859e+00 2.176695823669433594e+01 -1.343446826934814453e+01 -2.010997752802483329e-02 9.142062848603614567e-02 -9.956092895765088491e-01
1.587506580352783203e+01 4.643970870971679688e+01 -7.238986015319824219e+00 -2.756403831067400501e-01 -6.486821476368832551e-01 7.093897733531054905e-01
-3.752814865112304688e+01 1.458996486663818359e+01 -1.159868621826171875e+01 -1.086814814586011813e-01 1.420536813202848414e-01 -9.838745281850317381e-01
3.805903625488281250e+01 4.396274566650390625e+01 -2.350770950317382812e+00 5.726205523506615602e-01 5.296066826210538148e-01 -6.257974630411550221e-01
-3.172784233093261719e+01 4.324875640869140625e+01 -3.261744022369384766e+00 4.327879796183820571e-01 -7.182814288045921147e-01 5.447626581661711986e-01
1.206819152832031250e+01 2.880370330810546875e+01 -1.305330753326416016e+01 1.117417537779488018e-02 4.952372893404675264e-02 -9.987104375528942368e-01
-3.974147033691406250e+01 5.129097747802734375e+01 1.272851467132568359e+01 5.907336866197909764e-01 -7.976230748252676195e-01 -1.217831761733785823e-01
1.122912502288818359e+01 3.793434143066406250e+01 -1.010564422607421875e+01 3.003538752265286563e-03 -6.668702791721903278e-02 9.977694217916941444e-01
-5.275660705566406250e+01 4.046768188476562500e+01 8.439537048339843750e+00 3.559366317482486330e-01 -7.395306544350952471e-01 5.713173595564127183e-01
-5.088754177093505859e+00 3.028336524963378906e+01 -8.878771781921386719e+00 2.409492252654839989e-02 -2.782399241474188198e-02 9.993224005067353755e-01
1.115114498138427734e+01 6.265130615234375000e+01 1.060894012451171875e+01 -1.404784100975569050e-01 -6.308631343603994246e-01 -7.630711120213076182e-01
4.928608894348144531e+00 4.558776855468750000e+01 -1.403804683685302734e+01 9.847157169041804992e-02 9.933302022538429421e-01 5.998715578487069655e-02
-2.907662963867187500e+01 1.640289115905761719e+01 -1.249310398101806641e+01 -1.031551296742446028e-01 1.251124165678490496e-01 -9.867653735526205061e-01
2.076578903198242188e+01 1.621158218383789062e+01 -1.381874179840087891e+01 8.162880094168348255e-02 8.812754978137264661e-02 -9.927589202955341419e-01
-2.268109321594238281e+01 2.203306198120117188e+01 -8.609603881835937500e+00 4.984374471025109637e-02 -2.003520363262623408e-02 9.985560533733989219e-01
-2.359756469726562500e+01 4.041569900512695312e+01 -1.183321189880371094e+01 -4.535481176975396100e-01 7.720923237967324271e-01 -4.451601380033710087e-01
-1.191348361968994141e+01 5.611507034301757812e+01 2.332484006881713867e+00 1.778439403902267457e-01 -7.966335456549695770e-01 5.777079944086533914e-01
-4.328483581542968750e+01 4.478384017944335938e+01 6.909225940704345703e+00 4.177696071548677170e-01 -6.505497705121464636e-01 6.342346185949335746e-01
-3.145310783386230469e+01 4.761258697509765625e+01 -5.591269969940185547e+00 -3.853620456518235815e-01 6.801040899598300715e-01 -6.236621846728828134e-01
-2.766627502441406250e+01 6.171261978149414062e+01 1.482076644897460938e+01 -7.240234088430429205e-02 1.732758229526636384e-01 9.822084250374509828e-01
-5.534399795532226562e+01 4.757287979125976562e+01 1.467867755889892578e+01 -5.317377356899846141e-01 6.809861736445055325e-01 5.035005578430906681e-01
-2.422390937805175781e+01 5.311915206909179688e+01 -3.386503934860229492e+00 -3.735015310929190036e-01 7.537145763474154547e-01 -5.407503524480415935e-01
3.882901000976562500e+01 1.504859924316406250e+01 -9.055824279785156250e+00 -2.211054742697605990e-01 -7.228729299640308803e-02 9.725671784093870009e-01
-3.453845596313476562e+01 5.156098175048828125e+01 1.064635992050170898e+00 -3.793062486899482777e-01 7.317994346687973772e-01 -5.662122898023209672e-01
2.440255928039550781e+01 1.055841255187988281e+01 -1.035066509246826172e+01 3.416131110534608578e-02 -1.773899575104029985e-02 9.992588918059766012e-01
1.554413414001464844e+01 6.224208831787109375e+01 3.197598934173583984e+00 1.767011485854813879e-01 7.129584922413438886e-01 -6.785771086836934751e-01
-4.986692047119140625e+01 5.072997665405273438e+01 1.466275787353515625e+01 -4.877721204111765130e-01 8.306076025347374214e-01 -2.686435727150015551e-01
8.221862792968750000e+00 6.465073394775390625e+01 4.556352138519287109e+00 9.543844551714612823e-02 7.444314599194976623e-01 -6.608428743653033122e-01
-2.997726058959960938e+01 5.642346572875976562e+01 1.245072269439697266e+01 3.412404002708951389e-01 -8.892721725089952622e-01 -3.045488342188997222e-01
3.201285171508789062e+01 5.605535125732421875e+01 4.101929187774658203e+00 3.963253496465600767e-01 6.183145677317725131e-01 -6.786849877212572935e-01
-6.057937240600585938e+01 3.764027786254882812e+01 1.259471702575683594e+01 5.390526411161132847e-01 -7.975271137764785578e-01 -2.708740535693713314e-01
-5.090577125549316406e+00 9.726754188537597656e+00 -1.141586208343505859e+01 -2.548378677186809681e-03 -3.153978583293915450e-01 9.489561089572851049e-01
7.208380103111267090e-01 2.226513099670410156e+01 -9.005875587463378906e+00 5.941131607885483806e-02 -5.016329463201663064e-02 9.969723864748912812e-01
-1.793298530578613281e+01 4.749430084228515625e+01 -6.538879871368408203e+00 2.468109051718739566e-01 -5.567344777405525136e-01 7.931778478898630080e-01
3.772075271606445312e+01 4.272474670410156250e+01 3.129209995269775391e+00 -5.894870062695232171e-01 -5.669223644772161119e-01 5.754164597011084403e-01
4.548194122314453125e+01 8.519865036010742188e+00 -1.155288410186767578e+01 7.130670731225382530e-01 1.836216163599555529e-01 6.766228278988332123e-01
4.224673843383789062e+01 4.373720169067382812e+01 7.568707942962646484e+00 2.868952323271768967e-01 -7.492852075286107194e-01 5.968775447667150624e-01
-1.982065391540527344e+01 -5.808173179626464844e+00 -1.277436447143554688e+01 2.539216163712409990e-01 -4.573248850077624855e-02 9.661430288704372371e-01
-5.336448192596435547e+00 5.019419479370117188e+01 -6.805148124694824219e+00 9.388653428474488805e-02 -7.407400554421483818e-01 6.651988341417642836e-01
-3.487700271606445312e+01 4.543112564086914062e+01 1.705693006515502930e+00 4.282902957194619775e-01 -6.318256946624702941e-01 6.460369294063788015e-01
5.083818912506103516e+00 1.487182235717773438e+01 -9.928509712219238281e+00 6.040639349394768751e-03 -1.469157402622942865e-01 9.891305656683714309e-01
7.689620018005371094e+00 -2.028120011091232300e-01 -1.214900779724121094e+01 -1.335168501222954163e-01 -1.211967065912290253e-01 9.836079549520022614e-01
-2.023853063583374023e+00 3.786921691894531250e+01 -9.570693016052246094e+00 2.499269605658215737e-02 -9.281098332798455586e-02 9.953700249241564935e-01
2.018966484069824219e+01 4.217037963867187500e+01 -1.276143169403076172e+01 2.366108501778752538e-01 4.695059909966477485e-01 -8.506347218379688435e-01
-3.029276657104492188e+01 5.080716323852539062e+01 4.393575191497802734e+00 4.476646672535016247e-01 -6.938164018796735277e-01 5.641056161531767810e-01
3.555897521972656250e+01 4.185773468017578125e+01 -6.174190044403076172e+00 5.551521134101354837e-01 5.328014165147092474e-01 -6.386930260588253860e-01
-4.314129257202148438e+01 5.236450195312500000e+01 9.499039649963378906e+00 -4.468390081452555673e-01 7.584932997124316234e-01 -4.743656976332831787e-01
-4.163548660278320312e+01 3.959961700439453125e+01 6.980299949645996094e-01 3.760413286396228072e-01 -6.594099176620531466e-01 6.509773265205719417e-01
-2.119924545288085938e+01 2.395522117614746094e+00 -1.555861282348632812e+01 -5.748184015168536498e-02 1.148655163051705563e-01 -9.917165679853910953e-01
1.325980186462402344e+01 9.881196975708007812e+00 -1.058162212371826172e+01 -1.878839914125852648e-02 -1.454331285811241714e-01 9.891896689557645450e-01
-4.090963840484619141e+00 7.201762199401855469e+00 -1.534901905059814453e+01 -1.263158560189325992e-02 1.526715480818587600e-01 -9.881962565459710968e-01
2.576018905639648438e+01 5.031065750122070312e+01 1.293293952941894531e+00 -3.745024234950686814e-01 -6.420560740195933036e-01 6.689633268056379700e-01
1.224320507049560547e+01 5.687628936767578125e+01 2.973630905151367188e+00 -1.350318342019812545e-01 -7.601892491757956671e-01 6.355145231932850525e-01
4.797030925750732422e+00 5.359136581420898438e+01 -2.133766889572143555e+00 -7.620183391211315937e-02 -7.151942455460831294e-01 6.947592904353274701e-01
-4.278306198120117188e+01 -5.864269733428955078e-01 -1.323545932769775391e+01 -5.825338863265883127e-01 1.598528242948011879e-01 -7.969324600279606985e-01
-1.975841140747070312e+01 5.641075515747070312e+01 5.681660175323486328e+00 2.658570545582604194e-01 -7.613265085590666947e-01 5.913560466477598698e-01
-8.889439702033996582e-01 5.716222763061523438e+01 -4.997712135314941406e+00 3.153957613295750324e-03 7.975920821167798991e-01 -6.031889613512447790e-01
-3.438288879394531250e+01 5.236886978149414062e+01 9.350647926330566406e+00 3.561975141806622558e-01 -7.762269077080452551e-01 5.201875802453597153e-01
-2.866823196411132812e+01 2.913460922241210938e+01 -1.151038551330566406e+01 6.386237814999710938e-02 -5.185661364741189078e-02 -9.966104997831648493e-01
3.169451332092285156e+01 6.178813552856445312e+01 9.708087921142578125e+00 4.463701661560494083e-01 7.636024623381392207e-01 -4.665457686840076001e-01
-5.012514114379882812e+01 3.882035064697265625e+01 4.781930923461914062e+00 3.664471178386211059e-01 -7.123834900453478447e-01 5.985200689522260920e-01
-2.467617797851562500e+01 6.027759170532226562e+01 6.876238822937011719e+00 -3.471654834534174672e-01 7.762403015880918744e-01 -5.262386543090340485e-01
-8.715635299682617188e+00 5.950489807128906250e+01 -1.229027986526489258e+00 -1.124635517760105979e-01 7.856367117077061035e-01 -6.083805607833202567e-01
-1.263001441955566406e+01 -3.409126043319702148e+00 -1.371068954467773438e+01 8.594134142689562050e-02 -9.568115540256043328e-02 9.916951156149640401e-01
-1.499077415466308594e+01 6.184163284301757812e+01 1.157706451416015625e+01 3.059503271129391799e-01 -7.485844209804733973e-01 -5.882310447475677107e-01
-2.809417915344238281e+01 -1.124217987060546875e+01 -1.480108833312988281e+01 3.031747880266476014e-01 -9.391145272240942754e-01 -1.617063779251252387e-01
1.346705532073974609e+01 2.253506278991699219e+01 -1.349633502960205078e+01 1.204532132491937147e-04 3.227226229758042853e-02 -9.994791076241762440e-01
-5.033814620971679688e+01 4.422035598754882812e+01 1.349897384643554688e+01 4.346980098555299765e-01 -8.583339456968008818e-01 -2.725811400155976338e-01
1.269693970680236816e+00 5.198058700561523438e+01 -1.053276157379150391e+01 4.185816769561746982e-03 5.331857684907241879e-01 -8.459878339650798162e-01
-3.198748111724853516e+00 5.695521545410156250e+01 1.871458053588867188e+00 6.868598378858600806e-02 -7.898456788443415366e-01 6.094473227785280889e-01
-1.354074478149414062e+01 2.293255615234375000e+01 -8.613735198974609375e+00 5.504754088649696682e-03 1.256354687327507040e-02 9.999059230609580462e-01
-3.302782821655273438e+01 3.921925735473632812e+01 -5.954926013946533203e+00 3.016224599428414255e-01 -3.393435983244603160e-01 8.909937227243726054e-01
1.986069869995117188e+01 6.582297801971435547e+00 -1.456895256042480469e+01 7.090496500993756501e-02 7.732585240683961803e-02 -9.944813716136140513e-01
1.632131195068359375e+01 3.623069763183593750e+01 -1.009086799621582031e+01 -8.190835681892391640e-02 -9.646265752153540540e-02 9.919606730042812570e-01
3.486303329467773438e+01 3.221395492553710938e+01 -7.054049015045166016e+00 -5.251544356539644687e-01 -4.028158172392015679e-01 7.496347351176307905e-01
-1.408777952194213867e+00 2.466329765319824219e+01 -1.313605690002441406e+01 -1.473978683575795194e-02 9.296601761075688752e-02 -9.955601730953447248e-01
7.410629987716674805e-01 3.502614593505859375e+01 -1.241803359985351562e+01 1.661823094086592109e-02 1.552186774283750570e-01 -9.877403487646851943e-01
-1.176998972892761230e+00 6.614768981933593750e+01 1.430234241485595703e+01 -1.910150120837023069e-02 7.235571068394989203e-01 6.900001781113108690e-01
3.839879035949707031e+00 -3.137474060058593750e+00 -1.364514064788818359e+01 -1.707899416812607221e-02 -8.650311152834408990e-01 5.014274399648384062e-01
1.671178054809570312e+01 -2.087054967880249023e+00 -1.165870094299316406e+01 -6.928489773919578598e-02 -8.535247638190095465e-01 5.164252903305310838e-01
2.753954887390136719e+01 2.347809076309204102e+00 -1.103217983245849609e+01 6.944134049425043642e-02 -6.359637364311239438e-02 9.955568298644769110e-01
1.740925025939941406e+01 2.540656280517578125e+01 -1.313309288024902344e+01 4.770302270038215969e-02 1.027429630397100890e-01 -9.935634379198278188e-01
-1.331050968170166016e+01 3.902548217773437500e+01 -1.303998374938964844e+01 2.256093674480982303e-01 -8.780453398009011590e-01 -4.220625481769130216e-01
-2.176144981384277344e+01 6.348672866821289062e+01 9.760755538940429688e+00 -3.332101558100388772e-01 7.741811061178220932e-01 -5.381585333293853468e-01
1.287680816650390625e+01 5.238965606689453125e+01 -8.616648674011230469e+00 1.926853746234405140e-01 6.946473367254500930e-01 -6.930637950336634434e-01
-2.684774398803710938e+01 4.542712020874023438e+01 -4.274102210998535156e+00 3.916119579993674882e-01 -7.567951048036375417e-01 5.233557525213159423e-01
2.202083015441894531e+01 4.090738677978515625e+01 -8.608829498291015625e+00 -2.281237128602588149e-01 -3.312283890666051778e-01 9.155584776010715631e-01
3.701149368286132812e+01 3.548340225219726562e+01 -2.803024053573608398e+00 -5.511975933965664876e-01 -4.175192308873884039e-01 7.223980238573725066e-01
4.125967025756835938e+01 2.111549949645996094e+01 -1.188403034210205078e+01 6.882566776096611383e-01 2.759089638059410432e-01 -6.709523004038683291e-01
-3.640682601928710938e+01 2.800022506713867188e+01 -8.024776458740234375e+00 -2.655246722791274605e-01 -3.962329179701633980e-02 9.632894908376351539e-01
-1.365548801422119141e+01 6.398382949829101562e+01 1.538738536834716797e+01 -1.431894501659128072e-01 7.638011604357909379e-01 6.293683886867235122e-01
9.503149986267089844e-01 1.155363655090332031e+01 -1.068564605712890625e+01 -3.445103403896269956e-02 -2.045940973405177277e-01 9.782404518251456293e-01
2.436384010314941406e+01 6.237108612060546875e+01 1.385909461975097656e+01 1.799235044719652010e-01 4.072802608989997131e-01 8.954051159227143231e-01
-1.250643062591552734e+01 4.846525192260742188e+01 -1.078226757049560547e+01 -1.392855220288730100e-01 2.817405913601110923e-01 -9.493270155922032272e-01
-4.135820388793945312e+01 3.758003234863281250e+01 -3.710256099700927734e+00 -7.239758591391293185e-02 -9.940192059480358333e-01 8.175822747756909814e-02
1.540755176544189453e+01 2.989455032348632812e+01 -1.003216934204101562e+01 3.722426323526303177e-02 4.765086436966913669e-02 9.981702005927721721e-01
8.525096893310546875e+00 5.778036117553710938e+01 -3.557507991790771484e+00 1.141502035156014838e-01 7.447243192523163025e-01 -6.575373900787093717e-01
-4.585619926452636719e+00 1.643929290771484375e+01 -1.415732669830322266e+01 -1.172183170095449090e-01 1.897839418213795315e-01 -9.748035297351916872e-01
4.279996109008789062e+01 5.202539825439453125e+01 8.089881896972656250e+00 5.241039423838291800e-01 5.384289822025466465e-01 -6.598555059269094469e-01
2.546807861328125000e+01 3.397303390502929688e+01 -9.288028717041015625e+00 -1.240794163794187999e-01 -1.042265701354973123e-01 9.867832185990664806e-01
4.766325950622558594e+00 3.912594223022460938e+01 -9.906091690063476562e+00 5.269634702054246111e-02 1.872322765904019617e-04 9.986105647121731321e-01
3.236325979232788086e+00 6.121781158447265625e+01 6.915529251098632812e+00 1.266827194366919665e-02 -7.105265809875298544e-01 7.035563179988738591e-01
2.374030685424804688e+01 6.037703323364257812e+01 4.036486148834228516e+00 2.909646583678288656e-01 6.799127240867576250e-01 -6.730960222775181911e-01
-8.889410018920898438e+00 6.573116302490234375e+01 1.428893375396728516e+01 -2.071989868905192711e-02 6.129103923100160944e-01 7.898807104852589855e-01
-2.587297248840332031e+01 5.527995300292968750e+01 2.986199855804443359e-01 -3.066811462566977342e-01 7.425336167224941830e-01 -5.954750226228553434e-01
3.196075248718261719e+01 5.851594161987304688e+01 1.432690143585205078e+01 1.619299845178244490e-01 4.282777073025502146e-01 8.890201828652307681e-01
3.322639465332031250e+01 3.847033309936523438e+01 -1.036494827270507812e+01 4.439757685667811149e-01 3.975149147206830658e-01 -8.030363687281816265e-01
1.244007492065429688e+01 4.410109329223632812e+01 -8.941809654235839844e+00 -7.724097052919330630e-02 -2.118374710167648667e-01 9.742477705106281638e-01
-2.479352188110351562e+01 1.520332145690917969e+01 -1.307841968536376953e+01 -8.185506717458099213e-02 1.289861158553969323e-01 -9.882622778869902813e-01
-6.658450126647949219e+00 5.695035552978515625e+01 -4.769075870513916016e+00 -7.890141965279655334e-02 7.879428949979531138e-01 -6.106722199339167378e-01
3.194639396667480469e+01 5.037921905517578125e+01 5.449736118316650391e+00 -4.826234094228522009e-01 -6.065601813671153142e-01 6.317906227991632040e-01
2.486494636535644531e+01 3.818867492675781250e+01 -1.389925861358642578e+01 5.342092621617923198e-01 8.176977908816875917e-01 -2.144546269208507661e-01
-2.717457771301269531e+01 2.043262100219726562e+01 -1.214066314697265625e+01 -1.902292303049061273e-01 1.781422299249108832e-01 -9.654419640014532122e-01
3.113197517395019531e+01 4.152420806884765625e+01 -3.074886083602905273e+00 -4.700637553094032528e-01 -5.107558918170713724e-01 7.198392076836114262e-01
6.508152008056640625e+00 4.171741008758544922e+00 -1.168365764617919922e+01 -1.201335508593794621e-01 -1.680732048565296288e-01 9.784269659852860013e-01
-5.571183395385742188e+01 4.569065475463867188e+01 1.056283283233642578e+01 -4.852730721214483789e-01 7.504155145408647476e-01 -4.487611848301729101e-01
3.575729370117187500e+01 3.947924041748046875e+01 -1.265694022178649902e+00 -5.650533269472278741e-01 -4.759435471761007119e-01 6.739380369197897069e-01
4.188628005981445312e+01 4.104001235961914062e+01 -9.791960120201110840e-01 6.576640484434657097e-01 4.527238653747439057e-01 -6.020955913350484190e-01
-2.561651992797851562e+01 1.443724036216735840e+00 -1.155740070343017578e+01 8.227009536163985837e-02 -7.648966081260530347e-02 9.936704499973617599e-01
4.032521820068359375e+01 3.301324462890625000e+01 -8.458412170410156250e+00 5.730735340666599509e-01 5.263001373061129140e-01 -6.281678836297789337e-01
-2.167074394226074219e+01 1.692615318298339844e+01 -8.686541557312011719e+00 4.053562715818701673e-02 -1.122240147106758762e-01 9.928557969076428069e-01
1.523198509216308594e+01 3.839076995849609375e+00 -1.104638671875000000e+01 -7.607298128558501182e-02 2.384878584314120697e-02 9.968170027302558633e-01
-1.059112262725830078e+01 1.364096736907958984e+01 -1.432090854644775391e+01 1.165991697451023053e-02 2.119875561171802869e-01 -9.772028051472287924e-01
1.009411621093750000e+01 6.630918884277343750e+01 1.352483940124511719e+01 8.521919556003396123e-02 5.443750310387435176e-01 8.345019558333389709e-01
-7.788191795349121094e+00 6.305803680419921875e+01 3.384871959686279297e+00 -1.230804288457441886e-01 7.940584957870264748e-01 -5.952497906791671678e-01
1.657316923141479492e+00 4.783599853515625000e+01 -1.200616741180419922e+01 -1.686912487979470160e-02 4.165291931799796621e-01 -9.089658210596396337e-01
1.907146453857421875e+01 1.779861068725585938e+01 -1.006604671478271484e+01 -1.982677492781157597e-02 -4.341895581368466345e-02 9.988601970606353353e-01
3.382247924804687500e+01 2.329049301147460938e+01 -9.267314910888671875e+00 -2.147137170380804816e-01 -9.242969277434875952e-02 9.722935624642027319e-01
2.102847099304199219e+01 1.348139572143554688e+01 -1.036982631683349609e+01 -7.635158811315352623e-02 -1.013299162901158124e-01 9.919186877245722567e-01
3.062763214111328125e+01 5.428260421752929688e+01 8.115590095520019531e+00 -3.772332669143197426e-01 -5.733683417348327538e-01 7.272852308615910255e-01
-2.465144348144531250e+01 5.891364288330078125e+01 1.196953010559082031e+01 2.896449105905903876e-01 -9.080490731089372325e-01 -3.025767780167028520e-01
-1.712508773803710938e+01 2.547195816040039062e+01 -8.695565223693847656e+00 5.442563768501946370e-02 -4.222561876543198117e-02 9.976246022840732364e-01
2.062484931945800781e+01 2.021717071533203125e+00 -1.479566001892089844e+01 7.493480287666909323e-02 3.598984514871768348e-02 -9.965387631015695247e-01
1.691420555114746094e+01 1.167846965789794922e+01 -1.437802600860595703e+01 3.305259083230423223e-02 4.591569991469715561e-02 -9.983983547365328226e-01
-7.139822006225585938e+00 3.715420532226562500e+01 -1.208235454559326172e+01 -3.927973655306302679e-03 2.513923792294177340e-02 -9.996762424603362618e-01
-3.110048484802246094e+01 9.255092620849609375e+00 -9.349196434020996094e+00 6.262932540602875187e-02 -1.532416526569825299e-01 9.862020905930702908e-01
-1.301258945465087891e+01 1.849172401428222656e+01 -9.117505073547363281e+00 4.797992996471638072e-02 -2.392449656888101517e-01 9.697730521689807981e-01
3.939589309692382812e+01 5.792264938354492188e+01 1.199711418151855469e+01 5.752454262061461598e-01 7.574182592279342652e-01 -3.088855454970902970e-01
-4.384672164916992188e+01 4.738757705688476562e+01 3.432950973510742188e+00 -4.237510803988671637e-01 7.056673885471893559e-01 -5.678631512977250217e-01
-4.491376113891601562e+01 4.085713195800781250e+01 3.916100978851318359e+00 4.115371956998067349e-01 -6.460589123834709069e-01 6.428413632346829942e-01
8.953025817871093750e+00 4.639954757690429688e+01 -1.250328540802001953e+01 6.072192496103311771e-02 4.684423208106601177e-01 -8.814049239155345994e-01
6.050574779510498047e+00 2.169107913970947266e+00 -1.591005802154541016e+01 5.590300769102119621e-02 1.243168240479915476e-01 -9.906665336982561909e-01
-4.630846023559570312e+01 4.092795562744140625e+01 -1.927368998527526855e+00 -3.854239131613724223e-01 5.094211966738899644e-01 -7.693753645280806408e-01
-1.777728462219238281e+01 2.097742080688476562e+01 -1.289147663116455078e+01 -1.181670708490516059e-01 1.414527475326402550e-01 -9.828670630265429198e-01
-1.859544563293457031e+01 8.659070968627929688e+00 -1.105364036560058594e+01 8.769207571056832073e-02 -1.960909455102670673e-01 9.766567672147986601e-01
1.515130996704101562e+01 3.756888198852539062e+01 -1.416562652587890625e+01 -3.078114329312564568e-01 -8.326217552106826014e-01 -4.604271218191744452e-01
3.613589096069335938e+01 5.515874099731445312e+01 5.835877895355224609e+00 4.396378764820985663e-01 5.834909003897963409e-01 -6.828300716317461383e-01
-7.835892200469970703e+00 5.531760787963867188e+01 3.229930102825164795e-01 1.442262781599519261e-01 -7.559620615760584972e-01 6.385296720950432992e-01
3.849156570434570312e+01 1.803490638732910156e+01 -1.686700248718261719e+01 -6.128143597240361291e-03 2.379821661180271664e-02 -9.996979997690049746e-01
-4.805834960937500000e+01 4.604739761352539062e+01 5.084804058074951172e+00 -4.442165928035095024e-01 7.114747290669343194e-01 -5.444954807683655140e-01
-3.595259094238281250e+01 -3.215924978256225586e+00 -1.108218097686767578e+01 -8.625815319251436269e-03 -1.285707833198218297e-01 9.916628202098763945e-01
1.698819923400878906e+01 5.011412429809570312e+01 -9.567066192626953125e+00 2.460237272559556432e-01 6.521204268685286687e-01 -7.170852630530729632e-01
-4.205566406250000000e+01 5.458559036254882812e+01 1.568283557891845703e+01 4.610335899636661822e-02 -4.611048985504921649e-02 9.978718870749789804e-01
-2.986051559448242188e+01 3.957658052444458008e+00 -1.445207786560058594e+01 -1.199744371436428786e-01 1.564076455790031073e-01 -9.803788975883248602e-01
-5.755515289306640625e+01 3.895177459716796875e+01 9.681679725646972656e+00 1.358294664195928425e-01 -9.838543445453797887e-01 1.165374822593563536e-01
-2.789094924926757812e+00 5.271268844604492188e+01 -3.494199991226196289e+00 -2.113662681798353111e-03 -8.055541033758202296e-01 5.925184545349162502e-01
3.782999420166015625e+01 5.115710449218750000e+01 1.115523147583007812e+01 -4.519824998765847868e-01 -5.254516722310782484e-01 -7.208414249714542033e-01
-3.761463546752929688e+01 1.024459743499755859e+01 -1.233310985565185547e+01 -1.409485030444131703e-01 1.731935305520806989e-01 -9.747499784377757770e-01
4.293549346923828125e+01 4.549144744873046875e+01 3.599083900451660156e+00 9.154247535643136313e-01 1.863761853073731545e-01 -3.567372115605371707e-01
-2.304040044546127319e-01 2.421121120452880859e+00 -1.600938415527343750e+01 1.141076315848636724e-02 1.040373965541358248e-01 -9.945079258620205254e-01
9.278138160705566406e+00 5.182451248168945312e+01 -3.365071058273315430e+00 -1.393145077179916147e-01 -7.550391574849710796e-01 6.407084661557695959e-01
-3.806472015380859375e+01 4.649247169494628906e+00 -9.634410858154296875e+00 7.156994279535830450e-02 -2.371008570999869891e-01 9.688451511210244282e-01
3.671122360229492188e+01 1.105461978912353516e+01 -1.276809406280517578e+01 -1.925450563591252495e-01 9.057116402258279242e-03 -9.812463349812509117e-01
-1.201773452758789062e+01 3.303718948364257812e+01 -1.196152877807617188e+01 -7.216012532977698381e-03 -4.350660262917286497e-02 -9.990270790578157367e-01
1.205042004585266113e+00 2.809514045715332031e+01 -9.129581451416015625e+00 -3.594083540958828166e-03 -4.008335317403674547e-03 9.999855078007300335e-01
-6.947849988937377930e-01 6.237000656127929688e+01 8.154372215270996094e+00 3.206685029840750795e-02 -6.806181784784595123e-01 7.319362077644495646e-01
2.568078041076660156e+01 8.758126258850097656e+00 -1.401568984985351562e+01 1.279120728143997021e-01 6.670134448793679782e-02 -9.895400104451689272e-01
-1.690996551513671875e+01 5.801058959960937500e+01 -5.491579771041870117e-01 -2.388266641756091047e-01 7.715568634886186272e-01 -5.896285533133178713e-01
-1.082180213928222656e+01 2.392609977722167969e+01 -1.299497795104980469e+01 -2.233883869351658072e-02 1.451898198984374611e-01 -9.891516023763416987e-01
-2.286236000061035156e+01 3.409642410278320312e+01 -1.180294227600097656e+01 2.261270645006052959e-01 -3.666274685055374016e-01 -9.024693069781156707e-01
-2.918076515197753906e+01 4.142190170288085938e+01 -6.164348125457763672e+00 2.189470871513850003e-01 -3.399434498538098648e-01 9.146040804246469147e-01
9.124021530151367188e+00 3.352422332763671875e+01 -9.952055931091308594e+00 2.525730437115217622e-02 2.497110307817297647e-02 9.993690572491037427e-01
-1.370524215698242188e+01 5.332250976562500000e+01 -5.960329771041870117e-01 2.354170049193012870e-01 -7.327404549000015033e-01 6.384906103833981605e-01
-3.393888473510742188e+01 2.540910720825195312e+01 -1.266492652893066406e+01 7.735057507811673450e-01 -6.056983755805371850e-01 -1.865967077082587577e-01
-3.170857238769531250e+01 5.026729202270507812e+01 -2.257257938385009766e+00 -3.974114261930558611e-01 7.055258840109731588e-01 -5.867685960595849792e-01
-1.016490077972412109e+01 1.049390888214111328e+01 -1.108709812164306641e+01 2.692162976772652372e-02 -2.679240305542663902e-01 9.630638295057114551e-01
1.229071974754333496e+00 9.815518379211425781e+00 -1.496068859100341797e+01 3.434498094086492481e-02 1.449530552321470489e-01 -9.888422695572017806e-01
-3.116680908203125000e+01 3.096630859375000000e+01 -8.438244819641113281e+00 1.705359728710982292e-01 -1.486387376222393364e-01 9.740759763154900330e-01
-3.298503112792968750e+01 3.417883682250976562e+01 -1.138345527648925781e+01 -5.013467023387234711e-01 5.695714395786040107e-01 -6.513369782765631166e-01
2.970405769348144531e+01 1.080024719238281250e+01 -1.074452114105224609e+01 -1.747381386001480366e-02 -4.528487741701160696e-02 9.988212781606686796e-01
1.961336970329284668e+00 1.771740913391113281e+01 -1.394050788879394531e+01 3.781750301400482218e-03 1.028955517009985388e-01 -9.946849771685530861e-01
-2.338319778442382812e+01 2.682973670959472656e+01 -8.649578094482421875e+00 -6.344776011547467731e-02 1.689430546134593758e-01 9.835815299375048060e-01
-2.063041305541992188e+01 6.133273315429687500e+01 6.039916992187500000e+00 -2.952211322796259862e-01 7.893486517878547382e-01 -5.383058507728031294e-01
-2.453997421264648438e+01 1.382771110534667969e+01 -9.000967025756835938e+00 5.109599483295403088e-02 -1.485965529530805240e-01 9.875769659942931211e-01
-3.495437622070312500e+01 2.028707122802734375e+01 -8.373064994812011719e+00 2.559846532296993285e-02 2.294537362667467550e-02 9.994089395248779706e-01
-2.325189590454101562e+01 4.436642074584960938e+01 -6.587223052978515625e+00 2.331546071965421574e-01 -3.207320244020819278e-01 9.180249983883709275e-01
4.245278930664062500e+01 7.418540000915527344e+00 -1.722204589843750000e+01 9.177372797612534661e-02 2.861369206920191463e-02 -9.953686952479130490e-01
-2.644606399536132812e+01 5.266445922851562500e+01 4.330952167510986328e+00 3.341238091758895745e-01 -7.463785578824039257e-01 5.755695687535751226e-01
2.744013977050781250e+01 6.475128936767578125e+01 1.105659103393554688e+01 4.121397191405075655e-01 8.312781074143906768e-01 -3.729846646181746994e-01
2.273546600341796875e+01 4.577775192260742188e+01 -1.093377017974853516e+01 2.863418595848041259e-01 5.011761168676205358e-01 -8.165971095534256818e-01
3.372741699218750000e+01 5.202284622192382812e+01 1.281317901611328125e+01 -5.537214383642047322e-01 -8.180258544231283624e-01 -1.556479045512242643e-01
-2.127201080322265625e+01 4.150630950927734375e+00 -1.172258186340332031e+01 9.723764761855036021e-02 -1.527226827073223103e-01 9.834737526097426796e-01
3.796850204467773438e+01 2.664978599548339844e+01 -7.570857048034667969e+00 -3.817400661034607845e-01 -3.225078441804656304e-01 8.661773561883234773e-01
-4.735196304321289062e+01 5.054824829101562500e+01 1.076802253723144531e+01 -4.674741765646036606e-01 7.627539662482220040e-01 -4.468492824407936381e-01
2.227605819702148438e+01 3.431363677978515625e+01 -1.611908721923828125e+01 -5.238693327096651808e-01 -8.420040750615739311e-01 -1.288024061344874016e-01
2.217715024948120117e+00 3.097859001159667969e+01 -1.275690078735351562e+01 -6.142168448268137820e-03 3.879063700306262241e-02 -9.992284825042018204e-01
-2.408282470703125000e+01 -9.601848602294921875e+00 -1.667672729492187500e+01 -2.254750091861288108e-01 2.469090663883686254e-01 -9.424420052012426607e-01
2.321012306213378906e+01 6.469851016998291016e+00 -1.067880535125732422e+01 -3.144049837841919603e-02 -6.307274559052590546e-02 9.975135707474808155e-01
3.877638626098632812e+01 5.361791229248046875e+01 1.491677856445312500e+01 1.823933265928129321e-01 2.962976823931017800e-01 9.375181906623913930e-01
1.634834289550781250e+01 3.990903091430664062e+01 -1.773009300231933594e+01 1.624626760808783529e-02 6.042168182520283454e-02 -9.980407201884201607e-01
-3.609462976455688477e+00 4.019238281250000000e+01 -1.271637058258056641e+01 1.619051183999600796e-02 -6.604647977296843608e-01 -7.506824350457695916e-01
-3.826243972778320312e+01 5.243274307250976562e+01 5.256253242492675781e+00 -4.475248714148364892e-01 7.150541192312389605e-01 -5.370466423278068557e-01
3.716317749023437500e+01 2.661241722106933594e+01 -1.289456176757812500e+01 7.381230117628528875e-01 4.475893568528358513e-01 -5.048150028854136995e-01
-1.659864807128906250e+01 4.705399322509765625e+01 -1.054524230957031250e+01 -1.704705649302793724e-01 2.518208587886311411e-01 -9.526416123450138773e-01
-9.468250274658203125e-01 6.481619262695312500e+01 4.648159027099609375e+00 -3.111970033268639940e-02 7.895563430420639017e-01 -6.128885260903865762e-01
-1.164430046081542969e+01 5.940606117248535156e+00 -1.220111846923828125e+01 4.597199105554164444e-02 -2.624350585684693815e-01 9.638539391798703893e-01
2.617385482788085938e+01 2.003483963012695312e+01 -1.311722946166992188e+01 9.189883439097694395e-02 6.008591539908472029e-02 -9.939538656337294498e-01
-6.286579513549804688e+01 4.109511566162109375e+01 1.432224369049072266e+01 -4.261733556167078829e-01 3.745746418856946702e-01 8.234501251554938728e-01
1.987469100952148438e+01 5.499573135375976562e+01 -3.372303009033203125e+00 2.851944480616854238e-01 7.043301120480618405e-01 -6.500640122766027096e-01
-3.035940551757812500e+01 1.828767013549804688e+01 -8.346364974975585938e+00 8.695282988948319081e-02 -6.241954905423909017e-02 9.942550001232460799e-01
5.964159965515136719e+00 6.756141662597656250e+01 7.796223163604736328e+00 2.780733928415602199e-02 7.738651561997473838e-01 -6.327396557051537807e-01
-1.555061721801757812e+01 3.975404739379882812e+01 -8.713304519653320312e+00 1.233381871817696568e-01 -1.246570138672908612e-01 9.845040987605915284e-01
-3.656064987182617188e+01 7.350460290908813477e-01 -1.404375362396240234e+01 -7.142710396140825035e-02 1.239758229691897973e-01 -9.897111518714934997e-01
-6.732828140258789062e+00 4.804995346069335938e+01 -1.148676204681396484e+01 -6.923804926171937824e-02 2.955718627866437132e-01 -9.528081477733413296e-01
1.010677146911621094e+01 2.376356887817382812e+01 -9.396302223205566406e+00 2.545735290351400226e-01 -1.049208386710141633e-01 9.613448579605372579e-01
6.035943984985351562e+00 1.031984329223632812e+01 -1.478177452087402344e+01 1.275643540383739191e-03 1.054338109656624139e-01 -9.944255046200367598e-01
-1.470345306396484375e+01 6.274095153808593750e+01 5.230281829833984375e+00 -2.449872772169421620e-01 8.063817393962920965e-01 -5.382654775945041603e-01
-2.675362777709960938e+01 9.277956008911132812e+00 -9.744522094726562500e+00 1.419017331444884233e-01 -2.001630064081414417e-01 9.694321373857196500e-01
-4.292740631103515625e+01 4.853035736083984375e+01 1.137630844116210938e+01 4.824930810231193301e-01 -7.213197317385174889e-01 4.968885905004168935e-01
1.886640042066574097e-01 5.985457992553710938e+01 -1.718529939651489258e+00 -1.256893045107140708e-03 7.938110754362659449e-01 -6.081631333241040993e-01
-3.491044616699218750e+01 1.209502696990966797e+01 -8.712643623352050781e+00 -1.019017292771772984e-02 -1.255880658907792546e-01 9.920301397041908498e-01
-2.987259101867675781e+01 -3.468152046203613281e+00 -1.544443893432617188e+01 -7.891966570096857481e-02 1.595103797310145899e-01 -9.840366482625101385e-01
8.972629547119140625e+00 9.407645225524902344e+00 -1.070983409881591797e+01 1.667070871987486394e-02 -1.021445700960590675e-01 9.946298679763585504e-01
4.194133377075195312e+01 1.419257164001464844e+01 -1.680615615844726562e+01 1.413362919365895587e-01 7.904826562418534874e-02 -9.868006000623547047e-01
-3.254726028442382812e+01 4.587625026702880859e+00 -1.004536247253417969e+01 5.221915490947943994e-02 -9.314261251559341481e-02 9.942824616749054156e-01
2.327120971679687500e+01 2.772886085510253906e+01 -1.261639022827148438e+01 1.096000065621284408e-01 1.096953262661043149e-01 -9.879042331911298547e-01
7.195390224456787109e+00 6.922331237792968750e+01 1.299853038787841797e+01 -3.236004672350013822e-02 1.438453287578594919e-01 9.890709523439641382e-01
-2.702360153198242188e+01 3.691345214843750000e+01 -7.604545116424560547e+00 1.201228805592069182e-01 -3.149511658804320380e-01 9.414755741264426714e-01
-4.039500427246093750e+01 2.821995019912719727e+00 -1.314447116851806641e+01 -1.119068405881468303e-01 1.369861649839207995e-01 -9.842315020525288505e-01
1.716484260559082031e+01 6.000114440917968750e+01 7.723047256469726562e+00 -1.690833440588660197e-01 -6.472710294972308098e-01 7.432705006493032229e-01
3.021286582946777344e+01 3.706799316406250000e+01 -7.291666984558105469e+00 -4.565579278986025558e-01 -4.325205835436362056e-01 7.774836353801968247e-01
-3.482993698120117188e+01 3.758748245239257812e+01 -9.304653167724609375e+00 -2.346689030232999296e-01 2.437136966888871770e-01 -9.410282354956616135e-01
-1.087004375457763672e+01 4.352656555175781250e+01 -1.697480964660644531e+01 -7.057372826112627562e-02 9.194863830915139813e-02 -9.932596824559112303e-01
1.494199275970458984e+01 1.733630752563476562e+01 -1.009006023406982422e+01 5.139334268102543207e-02 -4.923787362782212212e-02 9.974639623207853800e-01
-1.496117973327636719e+01 1.690048933029174805e+00 -1.599682140350341797e+01 -3.415199986453661823e-02 1.248369863459821427e-01 -9.915893140536085060e-01
2.104084396362304688e+01 2.032237625122070312e+01 -1.350826072692871094e+01 9.723788590617316041e-02 1.083796795607449848e-01 -9.893425284515007245e-01
3.631579589843750000e+01 2.432732772827148438e+01 -1.674263000488281250e+01 1.890681061306357102e-01 9.564701896656008229e-02 -9.772946838118915514e-01
2.414115333557128906e+01 5.393691635131835938e+01 4.304131031036376953e+00 -3.257972334165179507e-01 -6.890369349082219319e-01 6.473671794510635902e-01
2.638703536987304688e+01 5.400654602050781250e+01 -1.273404955863952637e+00 3.634672407852380660e-01 6.823641145654486539e-01 -6.342482006511940273e-01
-1.019402217864990234e+01 4.932960128784179688e+01 -6.982411861419677734e+00 1.186632299818267816e-01 -6.440084928723651680e-01 7.557592863859132759e-01
-3.042925834655761719e+01 5.803021621704101562e+01 7.432260990142822266e+00 -3.479617822700254437e-01 7.685118005560446219e-01 -5.369471207535929658e-01
-2.219877815246582031e+01 1.048494148254394531e+01 -1.414452075958251953e+01 -7.799319384515994436e-02 1.627710739751773716e-01 -9.835764531498295549e-01
1.810698509216308594e+01 6.626057434082031250e+01 1.310132026672363281e+01 6.672951062826991409e-02 2.024010911837794413e-01 9.770265967203385360e-01
-8.686487197875976562e+00 2.658873081207275391e+00 -1.596529197692871094e+01 -3.433735876227370087e-02 1.208011211732212126e-01 -9.920826754442009232e-01
-2.699460983276367188e+00 3.980527877807617188e+00 -1.288334655761718750e+01 -1.941127831226388545e-02 -1.261361378042851200e-01 9.918230068989638548e-01
-4.230253601074218750e+01 8.466138839721679688e+00 -9.165466308593750000e+00 -7.719531243511725815e-01 1.030889618603097468e-01 6.272647286011120427e-01
3.164339065551757812e+01 5.283701896667480469e+00 -1.097169685363769531e+01 -2.506485857930366989e-02 -7.263913105064113973e-03 9.996594362235579068e-01
-2.935120010375976562e+01 2.499300956726074219e+01 -1.158293628692626953e+01 -1.841299078219297836e-01 1.063404780113464260e-01 -9.771324781122597836e-01
9.413660049438476562e+00 5.112247085571289062e+01 -1.044425392150878906e+01 1.120074095249204427e-01 5.826861201888521302e-01 -8.049417528932012456e-01
4.310757827758789062e+01 1.553721618652343750e+01 -1.265045928955078125e+01 9.020705863104271360e-01 3.300789322810171456e-01 -2.780585473920660911e-01
3.193070030212402344e+01 3.492754364013671875e+01 -1.188511466979980469e+01 2.985539251710120912e-01 2.759726351528986599e-01 -9.136217261053651839e-01
-1.975904846191406250e+01 5.941651153564453125e+01 1.348631191253662109e+01 2.066765911447507043e-01 -9.364973769169667728e-01 -2.832974579844059204e-01
-1.257101726531982422e+01 9.335419654846191406e+00 -1.495785522460937500e+01 -3.120893939200587025e-02 1.477435670641961685e-01 -9.885331762228183328e-01
-6.253877162933349609e+00 2.395397758483886719e+01 -8.753171920776367188e+00 1.826798685992597759e-02 5.400219177347492794e-02 9.983736995432854755e-01
2.983079528808593750e+01 4.498555755615234375e+01 -1.289631962776184082e+00 -4.644492889679878167e-01 -6.014934843881769577e-01 6.499941893707207319e-01
8.246809959411621094e+00 1.735654449462890625e+01 -9.389525413513183594e+00 1.898237246587881344e-01 -4.287947476792456358e-01 8.832338410179699784e-01
-4.504671096801757812e+00 5.997539520263671875e+01 5.898644924163818359e+00 1.019969320211403657e-01 -7.759410185750310607e-01 6.225047482156406131e-01
3.219839859008789062e+01 3.019045829772949219e+01 -1.692761421203613281e+01 1.885389467751892312e-01 9.512617846472364025e-02 -9.774477355437476422e-01
3.952622604370117188e+01 7.504808902740478516e+00 -1.408627605438232422e+01 -7.880514629878979660e-01 -1.289228137544851938e-01 -6.019583040180275235e-01
5.913188934326171875e+00 5.346298217773437500e+01 -8.913616180419921875e+00 7.606125106000556635e-02 7.209467821131488874e-01 -6.888036174758974672e-01
2.348593330383300781e+01 2.095665931701660156e+00 -1.088679790496826172e+01 -2.751325540380216914e-02 -6.865588431971883510e-02 9.972609439486550542e-01
-1.987711143493652344e+01 5.262545013427734375e+01 8.858190178871154785e-01 3.185350483378130426e-01 -7.062720825750843368e-01 6.322303127464551364e-01
-1.179643249511718750e+01 6.151174926757812500e+01 9.149431228637695312e+00 1.595091505681792421e-01 -7.261304048418464330e-01 6.687985242576676148e-01
2.980358314514160156e+01 4.563766860961914062e+01 -7.305603981018066406e+00 4.553601336388728438e-01 6.009580147347352019e-01 -6.568840180872677070e-01
-3.799987030029296875e+01 4.662224578857421875e+01 5.117238044738769531e+00 4.640937026204126070e-01 -6.685130452297398662e-01 5.811259274423538068e-01
1.540254402160644531e+01 2.143915367126464844e+01 -9.798578262329101562e+00 4.776846889457443679e-02 -2.539375566530829853e-02 9.985355930324560925e-01
2.878874969482421875e+01 3.236627197265625000e+01 -1.728569412231445312e+01 1.480176675127513053e-01 1.075953280552649355e-01 -9.831144467887573679e-01
-1.540124320983886719e+01 4.504684066772460938e+01 -1.550685596466064453e+01 -3.181652646448881461e-01 9.470172002240049292e-01 -4.392364799666988173e-02
1.631497001647949219e+01 6.121353530883789062e+01 1.551197242736816406e+01 -2.132051971169725280e-01 -5.840084929661635282e-01 7.832481242018414225e-01
-1.712623596191406250e+01 5.973561477661132812e+01 8.867414474487304688e+00 2.349494273635448771e-01 -7.563212202272994178e-01 6.105546481810051329e-01
2.114634323120117188e+01 3.235361862182617188e+01 -9.963383674621582031e+00 -4.219376483841411063e-02 -5.271684390519110197e-02 9.977177058554370648e-01
-3.617606735229492188e+01 5.482592010498046875e+01 1.701021003723144531e+01 -2.876775702178127059e-01 6.109196890333087326e-01 7.375762666633334241e-01
-3.621674060821533203e+00 -1.651649951934814453e+00 -1.653790283203125000e+01 2.982535979560786352e-03 1.197856558089272216e-01 -9.927952966959279202e-01
1.322999477386474609e+01 4.306237792968750000e+01 -1.747518157958984375e+01 8.377720413047175241e-02 1.913217288481210143e-01 -9.779454873041990570e-01
2.800344276428222656e+01 1.566720771789550781e+01 -1.057005310058593750e+01 -1.009923244082463513e-02 -2.641536545184394041e-02 9.996000370008755187e-01
-1.396767616271972656e+01 4.808398056030273438e+01 -7.114573001861572266e+00 1.450524396814777406e-01 -5.080576369270176640e-01 8.490213350102492340e-01
-2.001290512084960938e+01 3.907507324218750000e+01 -1.639604568481445312e+01 -2.837935314943092896e-02 -5.662517528909288833e-02 -9.979920850579424574e-01
1.679098510742187500e+01 6.479503631591796875e+01 6.208340167999267578e+00 1.709803783447268188e-01 7.334477302704685009e-01 -6.578906726669653260e-01
-4.202785873413085938e+01 5.063242340087890625e+01 6.015244007110595703e+00 -4.366188358936923253e-01 7.116978356713841158e-01 -5.503182559605892532e-01
-2.794070625305175781e+01 5.170629501342773438e+01 -2.918661117553710938e+00 -3.403217723613728429e-01 7.218350662569168463e-01 -6.026070264929594966e-01
-2.761700057983398438e+01 4.984356307983398438e+01 1.631031036376953125e+00 3.585906029651105276e-01 -6.937025250283914701e-01 6.246515718657501548e-01
1.492656230926513672e+01 6.734590148925781250e+01 8.684434890747070312e+00 1.538043241232483205e-01 8.087427640479509794e-01 -5.676965487662145593e-01
-2.725717353820800781e+01 -7.964150905609130859e+00 -1.195154476165771484e+01 9.214657802220546645e-02 -7.218609547277388128e-02 9.931254582273043585e-01
4.359870910644531250e+01 5.209358978271484375e+01 1.437007141113281250e+01 4.726729864115515323e-01 -2.228337500052819109e-01 8.525991835413454512e-01
1.588742971420288086e+00 4.228181457519531250e+01 -9.433897018432617188e+00 1.333476784606542863e-02 -1.960134598201269118e-01 9.805105341279282127e-01
4.018770980834960938e+01 2.490308761596679688e+01 -1.102737617492675781e+01 9.571465430697759791e-01 2.522855350079452608e-01 -1.422058504961467018e-01
-6.899219989776611328e+00 -3.111200034618377686e-02 -1.370240974426269531e+01 -9.090217322054408577e-02 -1.270778042004868380e-01 9.877185968601406296e-01
-1.778168869018554688e+01 2.824788856506347656e+01 -1.221008396148681641e+01 -6.229086029635797633e-02 1.362727466474299154e-01 -9.887110736937788635e-01
-4.032928085327148438e+01 4.036494064331054688e+01 -6.342514991760253906e+00 -4.011524753142164945e-01 5.456706678312094327e-01 -7.357446661838050739e-01
2.635823011398315430e+00 -4.289700090885162354e-01 -1.625100135803222656e+01 6.837266408725665989e-03 9.947983839193126621e-02 -9.950160870767724708e-01
7.075216770172119141e+00 2.129096031188964844e+01 -1.360553550720214844e+01 3.861754278581848790e-03 1.054437228808662447e-01 -9.944177734528455437e-01
-2.780865859985351562e+01 4.128835678100585938e+01 -9.843719482421875000e+00 -1.833605712373818086e-01 2.759259618090625366e-01 -9.435272992951740934e-01
-5.139225959777832031e+00 4.432513809204101562e+01 -8.903527259826660156e+00 5.309325023546783429e-02 -4.878540612290924172e-02 9.973971580713757445e-01
2.519933509826660156e+01 4.993653106689453125e+01 -6.013123989105224609e+00 3.383471195026358513e-01 6.561439750142097349e-01 -6.745341435218984438e-01
-6.482750892639160156e+00 1.292644786834716797e+01 -1.456625843048095703e+01 -8.298663559267397544e-03 7.302522991053367329e-02 -9.972955670109255877e-01
-1.815361595153808594e+01 -1.802691936492919922e+00 -1.286059093475341797e+01 8.272255819215180994e-02 -7.847845384501177246e-02 9.934777856843315380e-01
-2.387245750427246094e+01 -5.252439975738525391e-01 -1.570112991333007812e+01 -8.883456947984794128e-02 1.208198617245584278e-01 -9.886915496140282755e-01
5.694119930267333984e+00 6.272972869873046875e+01 2.060585021972656250e+00 5.642425387449253454e-02 7.769264753169233817e-01 -6.270578566020276190e-01
4.938040077686309814e-01 6.960419464111328125e+01 1.304992771148681641e+01 6.581778203415679374e-02 5.338029759581910394e-01 8.430435353089916761e-01
-5.170516967773437500e+00 2.728851127624511719e+01 -1.274139785766601562e+01 -4.480859308019350534e-02 1.211711115026359725e-01 -9.916197616644141233e-01
3.265183639526367188e+01 2.142983245849609375e+01 -1.262490367889404297e+01 -2.922158302134041929e-01 -1.993802854475448250e-01 -9.353381262129468743e-01
1.154514598846435547e+01 6.296524810791015625e+01 3.133611917495727539e+00 1.233715053534525236e-01 7.358063249286933560e-01 -6.658592372729789099e-01
-3.719655227661132812e+01 2.747826385498046875e+01 -1.199874019622802734e+01 -8.479914374548930267e-01 -7.783079712288963614e-02 5.242641405078170003e-01
2.053089714050292969e+01 5.542325973510742188e+01 4.188454151153564453e+00 -3.092039921915610279e-01 -7.247919791599471973e-01 6.156861848037582519e-01
-1.968994975090026855e+00 3.296752548217773438e+01 -9.018123626708984375e+00 -8.555869288335817002e-02 3.062115192541421393e-01 9.481108666965910592e-01
-2.868270683288574219e+01 3.636337661743164062e+01 -1.577224349975585938e+01 -9.851766090295724365e-02 1.247337449251663677e-01 -9.872870724197463366e-01
-5.060009765625000000e+01 4.341389465332031250e+01 3.542241096496582031e+00 -4.171212388517123726e-01 7.419067251813615815e-01 -5.249612206910909684e-01
2.700551414489746094e+01 2.556423377990722656e+01 -1.244226264953613281e+01 1.193738138149437883e-01 1.031376627944736585e-01 -9.874778554927541308e-01
3.909858322143554688e+01 3.670104598999023438e+01 -7.041378021240234375e+00 5.977094758174564815e-01 4.708203519545064442e-01 -6.489002840987636578e-01
-5.680649948120117188e+01 4.340904235839843750e+01 1.611092185974121094e+01 -4.305022405333190916e-01 5.948175829717727847e-01 6.788666024215732619e-01
1.163400268554687500e+01 1.892310905456542969e+01 -1.385846519470214844e+01 1.227980738017656753e-02 1.013141966789202209e-01 -9.947786888961840379e-01
-3.194603347778320312e+01 4.792995071411132812e+01 2.273995876312255859e+00 4.477768108062110120e-01 -6.178565692091045891e-01 6.463351975479701972e-01
-1.661191940307617188e+01 1.213454914093017578e+01 -1.033604717254638672e+01 8.119196482077462029e-02 -2.686818516505657950e-01 9.598009832471342540e-01
-4.611145782470703125e+01 5.028346252441406250e+01 1.638681221008300781e+01 -3.105123650935666668e-01 5.472707001902989976e-01 7.772238106473704500e-01
-2.699440002441406250e+01 5.659278106689453125e+01 9.919265747070312500e+00 3.627999715293252492e-01 -7.155908226026300722e-01 5.969136916382566938e-01
2.683850479125976562e+01 5.544952392578125000e+01 7.223333835601806641e+00 -3.482072813819083179e-01 -6.271222500272863876e-01 6.967563223346698864e-01
-4.129542541503906250e+01 5.488340759277343750e+01 1.180464839935302734e+01 -4.697912727498558261e-01 7.904860772972254201e-01 -3.929731818423690126e-01
1.140100765228271484e+01 6.002431869506835938e+00 -1.535504722595214844e+01 8.936337760580982670e-02 1.392026638512274261e-01 -9.862235066756437352e-01
-6.006300076842308044e-02 5.475706863403320312e+01 -7.928047180175781250e+00 -5.027686151630883157e-03 7.750702115086895994e-01 -6.318551175735115377e-01
8.202421188354492188e+00 5.737102127075195312e+01 2.784254074096679688e+00 -9.648320095394397056e-02 -7.662747480113266674e-01 6.352275202585753178e-01
-2.224499130249023438e+01 5.408618164062500000e+01 3.796761035919189453e+00 2.652387195869680414e-01 -7.449196350172933023e-01 6.121626899751146933e-01
-5.166040039062500000e+01 4.741528701782226562e+01 1.588058757781982422e+01 -3.944424842375981455e-01 4.163228259285674526e-01 8.192010932849906890e-01
-4.915469360351562500e+01 4.788861846923828125e+01 8.407370567321777344e+00 -4.766849314646365299e-01 7.286793681134697831e-01 -4.917294526467874127e-01
1.831119954586029053e-01 4.350868988037109375e+01 -1.746776580810546875e+01 -4.580165392827007659e-02 1.677660386512638477e-02 -9.988096685856558965e-01
-3.472067642211914062e+01 1.294438958168029785e+00 -1.046418285369873047e+01 -2.932190911935002309e-02 -1.363320429886214491e-01 9.902291652441594927e-01
4.054394531250000000e+01 3.441427946090698242e+00 -1.194326210021972656e+01 3.251412895084686561e-01 -9.454864932562154767e-01 1.839654660077652201e-02
4.240484237670898438e+01 4.676722335815429688e+01 1.001912784576416016e+01 -4.081099899659666741e-02 -5.044953147969908347e-01 8.624493838532119039e-01
1.031503963470458984e+01 -2.787045955657958984e+00 -1.331601238250732422e+01 8.515174996333667312e-02 -9.963039398697000060e-01 -1.129773775118446053e-02
-2.361033058166503906e+01 -6.438204765319824219e+00 -1.216920852661132812e+01 1.501029566144436722e-01 4.122524647440604408e-03 9.886617759406569617e-01
1.696718215942382812e+01 1.552516078948974609e+01 -1.407158565521240234e+01 5.614411906931311702e-02 8.093933404424846767e-02 -9.951365042537653194e-01
-1.574653053283691406e+01 -7.385412216186523438e+00 -1.755495834350585938e+01 7.405863213852943716e-02 8.332081795689439963e-01 -5.479775985432036034e-01
-9.194496154785156250e+00 3.006766128540039062e+01 -8.710773468017578125e+00 5.249288448954184810e-02 8.813267397470518627e-02 9.947246497679826938e-01
-2.237532043457031250e+01 2.173187637329101562e+01 -1.244232940673828125e+01 -1.649223773813316973e-01 1.831475772040968286e-01 -9.691530190858195226e-01
3.052135944366455078e+00 4.886710357666015625e+01 -7.884253978729248047e+00 -5.680721328403159215e-02 -5.365923499571493283e-01 8.419273071271454745e-01
1.821502923965454102e+00 6.429907226562500000e+01 1.596052360534667969e+01 1.542768370143281047e-02 1.079738575581206950e-01 9.940340198703598862e-01
2.288867950439453125e+01 5.586154174804687500e+01 -1.092249989509582520e+00 3.029472214694884924e-01 6.872362509262583963e-01 -6.602494349991808731e-01
-3.560160827636718750e+01 1.796850013732910156e+01 -1.136056518554687500e+01 -1.008783936218291821e-01 9.946358347749748030e-02 -9.899144130994831370e-01
4.392228698730468750e+01 4.605683803558349609e+00 -1.359086513519287109e+01 4.310187272426116434e-01 -8.976284847738081885e-01 -9.211927099601152635e-02
-1.220188140869140625e+01 5.271165084838867188e+01 -8.738945960998535156e+00 -1.857640220186880520e-01 6.709225863460493988e-01 -7.178820315721574641e-01
2.812351036071777344e+01 4.904310226440429688e+00 -1.395303916931152344e+01 1.496288678829239827e-01 9.402883959256697066e-02 -9.842610320544799007e-01
-3.206291580200195312e+01 8.398050069808959961e-01 -1.463151550292968750e+01 -1.357009496029616957e-01 1.306827780672747685e-01 -9.820933070709084722e-01
3.171418762207031250e+01 5.018311691284179688e+01 -1.754472970962524414e+00 4.628924148647259873e-01 6.099758158947484743e-01 -6.431641441220417033e-01
-8.370828628540039062e+00 1.715319633483886719e+01 -9.050174713134765625e+00 2.356549058472387215e-01 -7.207431569912332858e-02 9.691604915423618349e-01
5.632377147674560547e+00 3.200751113891601562e+01 -9.203954696655273438e+00 6.431661125781474864e-01 6.847967622895935191e-01 3.426233296038140308e-01
-3.460971832275390625e+01 4.548990631103515625e+01 -5.623109817504882812e+00 -4.398319336889086051e-01 6.462550649430017780e-01 -6.236202860258733827e-01
2.231439208984375000e+01 -1.405564069747924805e+00 -1.502216911315917969e+01 2.173706551786805108e-01 -9.746963785135499547e-01 -5.212454296933390768e-02
-3.510101699829101562e+01 3.254549407958984375e+01 -1.408197021484375000e+01 -6.122849018453555558e-01 5.258657711644121324e-01 5.904001945205316071e-01
-5.012382888793945312e+01 4.298815536499023438e+01 9.914354324340820312e+00 4.365056613316839473e-01 -7.458999368063785607e-01 5.030865650140438072e-01
-6.565752983093261719e+00 6.219034957885742188e+01 1.334290885925292969e+01 1.019693485281077394e-01 -9.901794680640693125e-01 -9.563928578314495610e-02
1.612529945373535156e+01 4.401941680908203125e+01 -1.273074150085449219e+01 1.733633572496079966e-01 4.543662597030214134e-01 -8.737828382422210272e-01
4.265753555297851562e+01 5.464146423339843750e+01 1.084458160400390625e+01 6.079996841884930392e-01 6.976531070019257319e-01 -3.789677114441974415e-01
3.116371345520019531e+01 5.529746627807617188e+01 1.616264343261718750e+01 -1.754082377498620005e-01 -9.900065976476472851e-02 9.795053953376823275e-01
-2.728270530700683594e+01 2.664969444274902344e+01 -8.874732971191406250e+00 -6.461248170665560842e-02 1.741324294074124701e-01 9.826001853431433064e-01
9.134773254394531250e+00 4.138381958007812500e+01 -1.767553901672363281e+01 -6.951403240930639771e-02 -1.393014969568885097e-01 -9.878071128736459761e-01
-3.467667388916015625e+01 7.947124958038330078e+00 -1.308397197723388672e+01 -2.192267969765251609e-02 1.338498830033289233e-01 -9.907591054009391440e-01
3.442226409912109375e+01 4.333715915679931641e+00 -1.351568222045898438e+01 1.657514042424594602e-01 7.896653532122478725e-02 -9.830008943490410322e-01
-7.044991970062255859e+00 4.254904556274414062e+01 -1.720125389099121094e+01 -9.935419238277148901e-03 -1.389233561767102831e-01 -9.902532951488515200e-01
2.935471343994140625e+01 3.680088424682617188e+01 -1.578968143463134766e+01 5.772527465389202250e-01 7.750134253108260651e-01 2.571642611275019030e-01
-1.881907463073730469e+01 -5.046142101287841797e+00 -1.655735969543457031e+01 -4.185115924635194468e-02 1.261967808144671410e-01 -9.911220172016167451e-01
-1.601718330383300781e+01 5.824289798736572266e+00 -1.200198936462402344e+01 7.086074700708341889e-02 -2.253010637254772575e-01 9.717088994229529098e-01
-2.115111732482910156e+01 1.425400257110595703e+01 -1.359638690948486328e+01 -3.559616178660249264e-02 1.270220569689477774e-01 -9.912609698305686612e-01
1.851201629638671875e+01 4.307532882690429688e+01 -8.489271163940429688e+00 -1.752105200451651024e-01 -3.440477274566391963e-01 9.224599909467212644e-01
1.869499778747558594e+01 5.147014236450195312e+01 -1.031525969505310059e+00 -2.397832196375353497e-01 -6.967602014709527447e-01 6.760393695831737881e-01
-4.020656967163085938e+01 -3.242470979690551758e+00 -1.071386146545410156e+01 7.123567123545025692e-02 -1.095223616460963972e-01 9.914284298138199558e-01
7.754241943359375000e+00 1.364012336730957031e+01 -1.434644794464111328e+01 -3.639539348340934538e-02 1.979543960671876490e-01 -9.795353145297328590e-01
-2.529466438293457031e+01 6.262655258178710938e+01 1.083026885986328125e+01 -3.800626738732093002e-01 7.957386299744996228e-01 -4.715425714552747283e-01
2.435006523132324219e+01 4.288214111328125000e+01 -6.359827995300292969e+00 -4.156801818961552430e-01 -6.388264389720723635e-01 6.473876483599609877e-01
3.281064224243164062e+01 6.223560333251953125e+01 1.328165054321289062e+01 4.794233472702207899e-01 8.401771148556179680e-01 2.534870209006900299e-01
3.135981082916259766e+00 5.884479999542236328e+00 -1.183162689208984375e+01 -1.433975132341540615e-01 -2.461198355748742683e-01 9.585729913443510330e-01
-4.899156093597412109e+00 6.776930236816406250e+01 9.030406951904296875e+00 -8.888142260557931051e-02 8.190671928966659632e-01 -5.667706998742828572e-01
1.878534317016601562e+01 6.056129837036132812e+01 2.325802087783813477e+00 2.419168282086155142e-01 7.216159634567735903e-01 -6.486498666567624971e-01
-1.996613025665283203e+00 -5.046219825744628906e+00 -1.420228481292724609e+01 1.413460525980344273e-01 -7.147848654936204138e-01 6.849115924527928723e-01
2.445124816894531250e+01 1.551862621307373047e+01 -1.366607475280761719e+01 1.135449618823091839e-01 4.469932542983510310e-02 -9.925268318475137796e-01
-7.015008926391601562e+00 -5.404026985168457031e+00 -1.723507499694824219e+01 -2.758784964338602541e-01 -5.482543739037855357e-02 -9.596276499874033528e-01
-5.268552780151367188e+00 6.698025512695312500e+01 1.367698764801025391e+01 -3.689030896190897274e-02 3.655004073221357341e-01 9.300798661147586799e-01
-3.166000556945800781e+01 6.016939163208007812e+01 1.182153224945068359e+01 -3.994965428889462045e-01 8.223067316679688599e-01 -4.052334528063092911e-01
-2.025874328613281250e+01 -1.462880969047546387e+00 -1.601521301269531250e+01 -4.315004000955089541e-02 1.259693079146177730e-01 -9.910952565271848869e-01
1.687962722778320312e+01 5.704105377197265625e+01 -2.401968955993652344e+00 2.863970629146248559e-01 6.754781969377710027e-01 -6.794894611512193316e-01
2.814999008178710938e+01 4.354253005981445312e+01 -1.004884624481201172e+01 4.049203125258786229e-01 5.317787884760203365e-01 -7.438083493958110859e-01
-1.418560791015625000e+01 6.567921447753906250e+01 9.169745445251464844e+00 -2.104382011982376954e-01 7.994671208834516207e-01 -5.626438359235570452e-01
1.562726783752441406e+01 5.048285675048828125e+01 -3.030339002609252930e+00 -2.385350937013321071e-01 -6.834574621755948876e-01 6.899180432989063805e-01
3.393224716186523438e+01 1.654992294311523438e+01 -1.240816593170166016e+01 -2.964607558977070539e-02 -1.645056066588593963e-02 -9.994250793610813810e-01
5.047678947448730469e+00 6.249211502075195312e+01 1.300842952728271484e+01 -8.469483362155610928e-02 -9.950859029953117441e-01 -5.129162522110264355e-02
-2.404527091979980469e+01 4.857585144042968750e+01 -8.289205551147460938e+00 -2.913781470650020911e-01 5.201015513452219574e-01 -8.028655875682176868e-01
-3.714909362792968750e+01 5.702095413208007812e+01 1.125845336914062500e+01 -4.407775153496341636e-01 7.895682748339403201e-01 -4.269626697241321045e-01
-2.085323524475097656e+01 4.288433074951171875e+01 -1.100520420074462891e+01 -3.150165234475349463e-01 4.532882629805277119e-01 -8.338431150996719055e-01
1.884498977661132812e+01 5.960451507568359375e+01 1.318991851806640625e+01 -3.302082985189631059e-01 -9.438814730304737610e-01 7.088332599029978538e-03
-2.163710117340087891e+00 6.256338500976562500e+01 1.413420200347900391e+01 3.753265285742331953e-02 -9.874904037092386844e-01 1.531469965479218542e-01
3.774766921997070312e+00 3.546025085449218750e+01 -9.734016418457031250e+00 -1.153323021581511903e-03 -1.264969052887372596e-02 9.999193243334841830e-01
3.922665023803710938e+01 1.882641410827636719e+01 -8.545280456542968750e+00 -2.551628114519611246e-01 -1.104881699703819525e-01 9.605645756265046575e-01
1.175727367401123047e+01 3.084317207336425781e+01 -9.994257926940917969e+00 5.865596121907247495e-02 6.184010353453615189e-02 9.963610188121093669e-01
-3.261413574218750000e+01 2.316975784301757812e+01 -8.543241500854492188e+00 -3.159206441678289595e-02 1.059146959805381955e-01 9.938732407310482131e-01
4.181583786010742188e+01 7.602668762207031250e+00 -9.520428657531738281e+00 -1.741918240937185280e-01 -1.278228315911371371e-01 9.763803214644009021e-01
-9.303281784057617188e+00 -5.036654949188232422e+00 -1.420599460601806641e+01 2.325464607714623072e-02 -1.975718417290485418e-02 9.995343291300126110e-01
-1.025686359405517578e+01 5.930364990234375000e+01 6.048195838928222656e+00 1.423129561074805982e-01 -7.720038400174896731e-01 6.194813100668982164e-01
-2.361243438720703125e+01 3.977048492431640625e+01 -1.601908874511718750e+01 -1.197589178056508719e-01 7.663327012300956420e-02 -9.898409688006821749e-01
2.583387947082519531e+01 2.247433853149414062e+01 -1.025259113311767578e+01 -3.856544120215345262e-02 -9.226220731694820265e-02 9.949876340165680899e-01
-9.899017333984375000e+00 6.240029811859130859e+00 -1.548364162445068359e+01 -4.237967362418953825e-03 1.946512219633932117e-01 -9.808633653168992161e-01
-3.726746368408203125e+01 4.922010421752929688e+01 3.673340082168579102e-01 -4.555075311931034432e-01 6.470401154049936210e-01 -6.114343612220826119e-01
-2.043688583374023438e+01 3.135401153564453125e+01 -1.189371109008789062e+01 -2.876849707203299814e-02 1.162471435010425380e-01 -9.928035934685491837e-01
-8.546725273132324219e+00 4.529764938354492188e+01 -1.323764610290527344e+01 -1.502194170132881146e-01 9.540228145800113690e-01 -2.593734682133489455e-01
-1.245547962188720703e+01 2.871968269348144531e+01 -1.234148788452148438e+01 -9.497785799277110030e-02 1.526937447839325501e-01 -9.836990529602862576e-01
2.240352439880371094e+01 6.553196716308593750e+01 8.931082725524902344e+00 2.812054843959846950e-01 7.811149826249444983e-01 -5.574790215465080800e-01
2.981144142150878906e+01 8.219099044799804688e+00 -1.352298831939697266e+01 1.412504035991442863e-01 7.242123990659503352e-02 -9.873213699163360113e-01
-5.779792785644531250e+00 1.986193656921386719e+01 -1.368122863769531250e+01 7.174371569444121764e-03 9.978667187487602619e-02 -9.949829890549483080e-01
1.768337821960449219e+01 5.460090255737304688e+01 2.047785997390747070e+00 -2.227881359308866160e-01 -7.083116382391493326e-01 6.698209235485356183e-01
-8.989308357238769531e+00 6.261928176879882812e+01 1.620368003845214844e+01 5.071072472986665192e-02 -4.147172601903604816e-01 9.085361943794934003e-01
-3.711454772949218750e+01 -6.399516105651855469e+00 -1.501950931549072266e+01 -1.418246248635932627e-01 1.250489042161684328e-01 -9.819615813954417627e-01
-4.293451786041259766e+00 5.474319839477539062e+01 -8.227499723434448242e-01 8.705315070353318585e-02 -7.489345189622184096e-01 6.569009326065980980e-01
-2.322053909301757812e+00 4.150799179077148438e+01 -9.440105438232421875e+00 3.449207198681249198e-02 -1.173552165886663362e-01 9.924908312470617222e-01
3.624583435058593750e+01 3.882150650024414062e+01 -8.086297988891601562e+00 5.836245354697354726e-01 4.647027189294840044e-01 -6.659082403884791779e-01
-1.639270210266113281e+01 8.848339080810546875e+00 -1.488349628448486328e+01 -1.776738178403098126e-02 1.517618579443560378e-01 -9.882573848030772323e-01
-3.874075317382812500e+01 9.460927963256835938e+00 -8.950635910034179688e+00 6.613921046544585063e-03 -9.947403188443629252e-02 9.950181772354935728e-01
-2.058232116699218750e+01 -9.340147018432617188e+00 -1.313888454437255859e+01 3.157631552891691507e-01 -8.919420552489200071e-01 3.236247824876220536e-01
-3.382078933715820312e+01 -9.418680191040039062e+00 -1.182829475402832031e+01 -8.615837992568124715e-02 -1.385065149723290201e-01 9.866066485072974013e-01
-3.623133468627929688e+01 3.348316955566406250e+01 -7.091805934906005859e+00 -7.149732473083908468e-01 3.165066420194768970e-02 6.984350299697673625e-01
3.853401565551757812e+01 1.144536113739013672e+01 -9.657073974609375000e+00 -2.557409310384824441e-01 -1.412387733862669470e-01 9.563724092025621681e-01
-3.028297042846679688e+01 3.158016395568847656e+01 -1.582327079772949219e+01 1.629442993722157174e-01 -1.756168941070170852e-01 -9.708799420146151382e-01
-3.981301116943359375e+01 -1.020053577423095703e+01 -1.165173339843750000e+01 9.494238959022426039e-02 -1.041110759960583720e-01 9.900236494719918401e-01
-6.969768047332763672e+00 3.246248245239257812e+01 -1.234506607055664062e+01 -1.276218914075654721e-02 3.708587155093630294e-02 -9.992305863311247149e-01
1.875049781799316406e+01 3.880866622924804688e+01 -9.366705894470214844e+00 -4.373114721387864196e-02 -1.234846182819270277e-01 9.913824367070079857e-01
-2.005552053451538086e+00 4.865453720092773438e+01 -8.076592445373535156e+00 1.912947729333972988e-02 -4.453817999018698792e-01 8.951363669378282761e-01
3.055149459838867188e+01 1.475625419616699219e+01 -1.298521614074707031e+01 1.643965445312148554e-01 4.873945998053728912e-02 -9.851894443136313129e-01
-2.937416076660156250e+01 1.278089904785156250e+01 -1.291446590423583984e+01 -9.868802390147340953e-02 1.563642489350552389e-01 -9.827567835397515994e-01
-3.153198051452636719e+01 -1.062061786651611328e+01 -1.610540008544921875e+01 -2.415270663433627049e-02 -1.112314084450825163e-01 -9.935009917144314029e-01
-1.954939079284667969e+01 5.355664825439453125e+01 -5.129417896270751953e+00 -2.696673065457468876e-01 7.569818379240632611e-01 -5.951958004165263105e-01
-1.478028583526611328e+01 -5.487059950828552246e-01 -1.317671298980712891e+01 1.969952972320374585e-01 -1.748930477293777208e-01 9.646788453803631924e-01
1.105555057525634766e+01 2.721980667114257812e+01 -9.771213531494140625e+00 1.603869483789105432e-02 5.014107036414661850e-02 9.986133552735185770e-01
-1.083589553833007812e+01 3.666240310668945312e+01 -1.191180419921875000e+01 -3.281934434298291320e-02 7.214928007878484983e-02 -9.968537365235732306e-01
-3.838678359985351562e+01 3.919710540771484375e+01 -2.461405992507934570e+00 4.924240959319492461e-01 -6.720294265380746257e-01 5.530777157077556572e-01
1.740821838378906250e+01 2.900126266479492188e+01 -1.289380264282226562e+01 4.870758578932152943e-02 1.237463280870415017e-01 -9.911177616063340245e-01
3.056398963928222656e+01 2.933103561401367188e+01 -9.071463584899902344e+00 -1.824949166232294751e-01 -1.468645984440116459e-01 9.721761132277214612e-01
-2.667940139770507812e+00 1.234861278533935547e+01 -1.065515422821044922e+01 -6.034216843218850879e-03 -1.645417364651469150e-01 9.863516640570557659e-01
3.603060531616210938e+01 4.923506164550781250e+01 7.373978137969970703e+00 -4.781438614224335359e-01 -5.682354354672322083e-01 6.696916735807677545e-01
4.802123069763183594e+00 2.851471519470214844e+01 -9.014341354370117188e+00 -1.004186970569549558e-01 -1.452131475596054322e-01 9.842912308139374344e-01
3.740614318847656250e+01 4.975162124633789062e+01 2.071834087371826172e+00 5.189496796295250958e-01 5.831306790739182455e-01 -6.250198725922275766e-01
3.757581329345703125e+01 3.192570495605468750e+01 -1.074535465240478516e+01 3.872066578537458614e-01 2.408312060443144609e-01 -8.899838955334938850e-01
4.161415100097656250e+01 3.759105682373046875e+01 -2.361499071121215820e+00 6.671684831140213268e-01 -4.886182179182694263e-01 5.622619071729030304e-01
-4.384887218475341797e+00 4.497733306884765625e+01 -1.720174598693847656e+01 -3.835696443554082596e-02 1.167544166757842894e-01 -9.924198453608170656e-01
-2.485988426208496094e+01 4.922961235046386719e+00 -1.113913059234619141e+01 1.458579487781714590e-01 -2.026092654853196839e-01 9.683361731948898488e-01
4.183969116210937500e+01 4.866778945922851562e+01 4.890937805175781250e+00 5.725867780318815159e-01 5.086509513855682618e-01 -6.429763535913470829e-01
2.714101600646972656e+01 4.749398040771484375e+01 -6.761559844017028809e-01 -4.260369371352858425e-01 -6.298415134906507618e-01 6.494553072230536683e-01
-2.630171775817871094e+01 -3.204281091690063477e+00 -1.585045337677001953e+01 -1.814863778959093302e-02 1.469086139388770806e-01 -9.889835620964284590e-01
5.579514980316162109e+00 2.467919540405273438e+01 -1.323475933074951172e+01 -2.407648187394392444e-02 1.347504189928120689e-02 -9.996193006672021708e-01
3.712950050830841064e-01 5.705645751953125000e+01 1.846840977668762207e+00 -1.047386224965282317e-02 -7.918873247596207587e-01 6.105774013952909307e-01
-1.916278648376464844e+01 4.955131912231445312e+01 -9.186660766601562500e+00 -2.230739936183589456e-01 4.347423960898494366e-01 -8.724889927175086823e-01
3.899595642089843750e+01 4.453918457031250000e+01 5.956699848175048828e+00 -5.943538535238285236e-01 -4.859953997192363317e-01 6.407432935685827280e-01
-3.230717468261718750e+01 -3.436131000518798828e+00 -1.103184509277343750e+01 3.920954729538328465e-02 -5.543507439068826037e-02 9.976921188062928270e-01
3.406532669067382812e+01 1.030970191955566406e+01 -1.045326042175292969e+01 -9.264974994713483236e-02 -7.537902884741663756e-02 9.928413900743430220e-01
-1.804440879821777344e+01 1.644388389587402344e+01 -1.337156295776367188e+01 -2.445831585057016422e-02 1.265818631176931219e-01 -9.916545884104037700e-01
-3.750213623046875000e+01 5.073329925537109375e+00 -1.323033809661865234e+01 -1.835541694411745861e-01 1.388649996483327098e-01 -9.731517758055160394e-01
-1.744930648803710938e+01 3.419511795043945312e+01 -9.201112747192382812e+00 4.521445409871308052e-02 -6.942515798760952317e-02 9.965619903342445296e-01
2.865575408935546875e+01 5.735039901733398438e+01 3.419431924819946289e+00 3.365606417235542658e-01 6.468853580874609488e-01 -6.842998377427008672e-01
2.529314804077148438e+01 3.225889587402343750e+01 -1.625912475585937500e+01 -5.576225385554950398e-01 -7.996459908195536759e-01 -2.227630890904944705e-01
-4.301025772094726562e+01 4.443888473510742188e+01 -4.513640105724334717e-01 -4.161378233566551121e-01 6.536221983049411710e-01 -6.321450259671443916e-01
4.091400146484375000e+01 2.108371925354003906e+01 -1.632489967346191406e+01 3.307150696920435617e-01 1.576923889652975530e-01 -9.304626016885386708e-01
1.062413024902343750e+01 3.876894378662109375e+01 -1.358644866943359375e+01 -2.575368657646915360e-01 -7.316096685896089635e-01 -6.312068247399594823e-01
-3.153954315185546875e+01 5.473027801513671875e+01 3.184349060058593750e+00 -3.135997416140560157e-01 7.580067503517718963e-01 -5.719099303917913879e-01
-1.634634017944335938e+01 5.706494140625000000e+01 5.067968845367431641e+00 2.197715116714495098e-01 -7.525901588073669046e-01 6.207322575184476277e-01
-1.037344741821289062e+01 5.301186752319335938e+01 -1.834375023841857910e+00 1.259564930386381787e-01 -7.655458593959646452e-01 6.309314535059266094e-01
-3.003684234619140625e+01 5.921031188964843750e+01 1.554539680480957031e+01 -1.531329558001298108e-01 6.199422459128343110e-01 7.695595555773878660e-01
-3.695708847045898438e+01 5.182423782348632812e+01 1.485420036315917969e+01 4.648970439399257581e-01 -8.609964554837241657e-01 -2.062906740024428032e-01
-7.383459091186523438e+00 5.414502716064453125e+01 -8.195785522460937500e+00 -9.682942466847273277e-02 7.383529416783001231e-01 -6.674271466110538453e-01
2.351605606079101562e+01 5.851736068725585938e+01 1.095037937164306641e+01 -2.829076920169501519e-01 -6.202834198597905191e-01 -7.315816542565054537e-01
-5.931130218505859375e+01 4.377069473266601562e+01 1.057363986968994141e+01 -4.183802881899870152e-01 7.761991398028386113e-01 -4.716702553939530196e-01
-3.503510665893554688e+01 4.095367813110351562e+01 -8.269283294677734375e+00 -2.858956942868329243e-01 3.128796584613274256e-01 -9.057427732581545543e-01
-3.155592918395996094e+00 1.698575592041015625e+01 -9.269680023193359375e+00 -1.527491853207050936e-02 -1.040090634106013712e-01 9.944590447033442304e-01
-2.200044441223144531e+01 3.892002868652343750e+01 -7.756155014038085938e+00 1.917127894091050777e-01 -2.566617450488183350e-01 9.472966562832761950e-01
2.240254592895507812e+01 2.509051322937011719e+01 -1.021528244018554688e+01 -8.841623309102621120e-02 -6.924691647928506166e-02 9.936737061450826580e-01
8.884786605834960938e+00 6.201273727416992188e+01 8.009660720825195312e+00 -7.185069801337823359e-02 -6.596274848150293080e-01 7.481504250293442571e-01
-1.375750732421875000e+01 2.643343925476074219e+01 -8.747017860412597656e+00 5.133627271216753551e-02 9.084573904209755982e-03 9.986401041521418831e-01
3.980987548828125000e+01 2.959334564208984375e+01 -7.133706092834472656e+00 8.395750598975918466e-01 -2.165646674838558883e-01 4.982102604278258462e-01
1.203623771667480469e+01 5.299079132080078125e+01 -1.558115005493164062e+00 -1.683971461747773013e-01 -7.287093619006829170e-01 6.637959528638980311e-01
-5.570803833007812500e+01 3.980033493041992188e+01 6.698557853698730469e+00 -5.611824349401757228e-01 -5.850762807291800538e-01 -5.854571038451281684e-01
2.268696594238281250e+01 2.096896171569824219e+01 -1.034472370147705078e+01 5.553347530356044642e-02 -1.546452908885133848e-03 9.984556282600191013e-01
-1.775808906555175781e+01 4.299602985382080078e+00 -1.546383285522460938e+01 -1.567645934209256978e-02 1.156621567069268663e-01 -9.931648977528343414e-01
-1.376292991638183594e+01 -4.531627178192138672e+00 -1.681231117248535156e+01 -2.594983731487148990e-02 1.232385383263041451e-01 -9.920377354791135582e-01
-3.750872421264648438e+01 4.526813125610351562e+01 -3.691313982009887695e+00 -4.792446008104312427e-01 6.364345719564634685e-01 -6.043803837093355558e-01
4.384822845458984375e+01 1.439963054656982422e+01 -9.427214622497558594e+00 9.094618679645225523e-01 8.381385427200560567e-02 4.072521928124542279e-01
-9.619920253753662109e-01 1.583736038208007812e+01 -1.421058559417724609e+01 3.153000752734160667e-02 1.184168687045532159e-01 -9.924632506201599425e-01
-3.761032867431640625e+01 5.085049438476562500e+01 9.969176292419433594e+00 4.429530989144778719e-01 -7.426280327963654670e-01 5.022909088039134717e-01
3.357195281982421875e+01 1.104539036750793457e+00 -1.173190784454345703e+01 2.217077640215514012e-01 -8.325014892358448826e-01 5.077272277440558756e-01
-2.676814651489257812e+01 3.860145187377929688e+01 -1.194251918792724609e+01 -4.534317674660177655e-01 8.479824469190241354e-01 -2.744547357395527576e-01
-4.271789169311523438e+01 5.144470214843750000e+01 1.702838325500488281e+01 -3.533065203027067058e-01 6.119755640909138039e-01 7.075736086565135308e-01
9.787662506103515625e+00 6.666578674316406250e+01 6.978631019592285156e+00 5.108681275084200890e-02 7.455165909038635741e-01 -6.645262600153900578e-01
9.767705917358398438e+00 3.144226455688476562e+01 -1.284505367279052734e+01 2.021323918557354701e-02 1.850991539116625673e-01 -9.825119481119878317e-01
2.190559387207031250e+01 3.750683593750000000e+01 -1.760063934326171875e+01 1.183964505493543262e-01 1.157398987858238443e-01 -9.861980309888889185e-01
-4.581957626342773438e+01 4.645347976684570312e+01 1.521869468688964844e+01 5.054609752914079879e-01 -8.502808089712752260e-01 -1.467370040331084091e-01
4.001995086669921875e+01 5.050526809692382812e+01 1.582428073883056641e+01 5.551824151812371211e-01 3.706322228382987610e-02 8.309024030699801999e-01
2.841789627075195312e+01 6.241917800903320312e+01 8.253793716430664062e+00 3.704148682214762345e-01 7.013023320331170929e-01 -6.090713131361368271e-01
-2.122903823852539062e+01 4.736580276489257812e+01 -5.345933914184570312e+00 3.297416147758083782e-01 -7.513181088102592886e-01 5.716568611140936396e-01
8.173060417175292969e+00 2.088273811340332031e+01 -9.417493820190429688e+00 4.812030567111900276e-02 1.439878672956843020e-02 9.987377589351643659e-01
-2.430461692810058594e+01 4.324973297119140625e+01 -9.961325645446777344e+00 -2.171453823404093930e-01 2.872088996013632545e-01 -9.329302926360636405e-01
-3.008965873718261719e+01 -1.015231609344482422e+01 -1.182556152343750000e+01 3.660608786356075312e-02 -1.196720938139512747e-01 9.921383896884092835e-01
2.668177127838134766e+00 6.370584106445312500e+01 9.263397216796875000e+00 -4.022445378718266656e-02 -7.463366832323429234e-01 6.643519764245968684e-01
-2.392812156677246094e+01 3.485307312011718750e+01 -8.451313018798828125e+00 8.550275370764037763e-02 -1.894196612068448915e-01 9.781663820928905295e-01
2.490377616882324219e+01 1.413424110412597656e+01 -1.035077190399169922e+01 5.353552670197406216e-02 3.826651976938409694e-02 9.978324613107560914e-01
2.208946037292480469e+01 5.019993591308593750e+01 -8.215649724006652832e-01 -3.227449731973963121e-01 -6.904637029768947443e-01 6.473759009626834926e-01
-6.462380886077880859e+00 6.127542495727539062e+01 7.269769906997680664e-01 -1.005488673271612149e-01 7.943490633693660596e-01 -5.990822070496132357e-01
1.982676315307617188e+01 5.799142837524414062e+01 6.664742946624755859e+00 -2.622732146473742976e-01 -6.908374124885762191e-01 6.737628888448971010e-01
-1.065029621124267578e+01 6.847652435302734375e+01 1.308859252929687500e+01 -3.271215352484663774e-01 7.951340865715703643e-01 5.106400743661632102e-01
-1.279021263122558594e+01 -1.183169007301330566e+00 -1.635596466064453125e+01 1.202027962057800915e-02 1.064893247444593516e-01 -9.942411863292086593e-01
4.147964477539062500e+01 4.394144058227539062e+01 8.769990205764770508e-01 5.999289374760937710e-01 4.700797848643439303e-01 -6.473872611047403192e-01
-4.114274215698242188e+01 1.046175289154052734e+01 -1.172942352294921875e+01 -2.977160018338055880e-01 2.193402113889695582e-01 -9.291151994881666765e-01
2.383939170837402344e+01 2.992127418518066406e+01 -1.001535224914550781e+01 -2.958445908443498723e-02 -3.501300606410685107e-02 9.989488721586486930e-01
4.312813949584960938e+01 1.078016281127929688e+01 -1.685935974121093750e+01 8.960294703360574542e-02 5.012898734508183796e-02 -9.947152338788469716e-01
-4.022891235351562500e+01 1.561268711090087891e+01 -9.715137481689453125e+00 -8.877527176135785458e-01 4.093143594830769838e-01 -2.106107012729031280e-01
2.846603202819824219e+01 2.024337577819824219e+01 -1.023135757446289062e+01 -8.634162494225068596e-02 -6.224540707046687105e-02 9.943191806965022694e-01
3.811414003372192383e+00 4.548027801513671875e+01 -1.732194900512695312e+01 9.713852023099313511e-04 1.852340463479277555e-01 -9.826939526039439876e-01
-1.482130050659179688e+01 6.000008010864257812e+01 1.337008953094482422e+00 -2.101048035520219071e-01 8.094963481233992120e-01 -5.482441371316676415e-01
-8.592021942138671875e+00 6.334503555297851562e+01 1.065021800994873047e+01 1.481633466369807195e-01 -9.889047593373843092e-01 1.072379005761936455e-02
2.917391204833984375e+01 -1.454630047082901001e-01 -1.278295898437500000e+01 2.110649404011741836e-01 -9.774502823754316339e-01 6.521994912417372267e-03
-8.971317291259765625e+00 3.782523727416992188e+01 -9.257236480712890625e+00 4.594194957174413396e-02 -5.583498994090656947e-02 9.973824698518849452e-01
-4.276009368896484375e+01 -8.440063476562500000e+00 -1.162703514099121094e+01 -8.611780877778794085e-01 -3.054008987562258359e-01 4.063281828400839291e-01
-2.047067070007324219e+01 2.470990753173828125e+01 -8.590877532958984375e+00 3.520190600561026728e-02 -3.684964860533088832e-02 9.987006204119609487e-01
-1.783699035644531250e+01 4.268979263305664062e+01 -1.643363952636718750e+01 -7.892247639575866724e-02 5.208099723583520940e-02 -9.955193681925438298e-01
-3.247512817382812500e+01 1.655129241943359375e+01 -1.206835842132568359e+01 -4.648620198176208612e-02 7.642234378980986009e-02 -9.959912943369448879e-01
-5.155283927917480469e+00 3.588191986083984375e+01 -9.560193061828613281e+00 4.533119367489889251e-02 -1.560304316650369671e-02 9.988501528877856694e-01
1.768959999084472656e+00 5.268224716186523438e+01 -3.447768926620483398e+00 -1.989916063611488553e-02 -8.221096132360160569e-01 5.689813768752945977e-01
-1.645268821716308594e+01 3.029810905456542969e+01 -9.032473564147949219e+00 -6.667807417735532871e-02 1.617569941967163805e-01 9.845753954128869667e-01
7.852581977844238281e+00 3.739199066162109375e+01 -1.005591201782226562e+01 6.590265626949520783e-02 5.026347444221986038e-02 9.965592922820101229e-01
-2.745836830139160156e+01 7.548039913177490234e+00 -1.406637287139892578e+01 -1.349712319775109304e-01 1.775294809853026901e-01 -9.748159056558124425e-01
-2.086734390258789062e+01 6.300121688842773438e+01 1.489318847656250000e+01 -1.118688009171359965e-01 4.706448864942904819e-01 8.752021264817281265e-01
-1.983427429199218750e+01 4.468124771118164062e+01 -7.255434036254882812e+00 1.901165917656532922e-01 -2.012456610650179001e-01 9.609140780724965136e-01
-3.509876251220703125e+01 2.713257789611816406e+01 -1.582382774353027344e+01 3.352145223128826651e-02 -4.158817367281245764e-02 -9.985723489316462587e-01
1.742991065979003906e+01 1.165470004081726074e+00 -1.091820144653320312e+01 -1.488648042628503698e-01 -6.688368493712099072e-02 9.865930481921182382e-01
-3.038635444641113281e+01 3.736822128295898438e+01 -7.065811157226562500e+00 8.418570824443181999e-02 -1.272706035828258253e-01 9.882889051239250877e-01
-1.469800376892089844e+01 1.195699119567871094e+01 -1.448271942138671875e+01 -3.779294545431780700e-02 1.395484584257302152e-01 -9.894937700788668522e-01
1.156824684143066406e+01 6.926643371582031250e+01 1.255461502075195312e+01 8.207195372539612122e-02 5.850340178922203149e-01 8.068453335804710580e-01
1.252619838714599609e+01 4.733477401733398438e+01 -7.560501098632812500e+00 -1.966064000465624628e-01 -6.026841347471858512e-01 7.733807323594033001e-01
3.284486389160156250e+01 3.494941329956054688e+01 -6.898883819580078125e+00 -5.044980844696864697e-01 -4.654810625384813161e-01 7.271925901605872378e-01
-4.614112854003906250e+01 4.463936614990234375e+01 8.940708160400390625e+00 4.661007501302321665e-01 -6.465703215501128476e-01 6.039014075315758401e-01
-3.212628936767578125e+01 4.513750839233398438e+01 -4.715439975261688232e-01 4.723681647199365341e-01 -6.384503250313060541e-01 6.076590322101191877e-01
-3.877423477172851562e+01 4.162833786010742188e+01 7.478190064430236816e-01 4.776321368058938921e-01 -6.046008861592587769e-01 6.374365147570971724e-01
-1.586728668212890625e+01 4.965130233764648438e+01 -4.787566184997558594e+00 2.412728644356940677e-01 -8.132916079790271091e-01 5.294753679614224717e-01
2.058551979064941406e+01 3.012960433959960938e+01 -1.256198596954345703e+01 1.104411486421909144e-01 1.341851752438753542e-01 -9.847827635734514029e-01
-8.301081657409667969e+00 6.602944183349609375e+01 7.523176193237304688e+00 -1.909857388702365932e-01 7.909490960084868405e-01 -5.813122870467708481e-01
1.173524379730224609e+01 6.160847091674804688e+01 1.377821350097656250e+01 -1.764396946834295432e-01 -9.757471086792094406e-01 1.295631662324647493e-01
1.379581928253173828e+01 2.589063453674316406e+01 -1.320774269104003906e+01 4.243255436194617869e-02 6.975363799411316013e-02 -9.966613809699392812e-01
1.000618171691894531e+01 2.193228006362915039e+00 -1.156395435333251953e+01 -9.827033964860508453e-02 -1.365731407781632378e-01 9.857437382825902095e-01
-2.557927894592285156e+01 5.811980056762695312e+01 4.162271022796630859e+00 -3.454146932531456660e-01 7.803410306499001248e-01 -5.213027580677919159e-01
1.160581016540527344e+01 1.632262039184570312e+01 -9.852838516235351562e+00 1.075154104338974931e-01 -4.452076824563938606e-02 9.932060902521935297e-01
6.824452877044677734e+00 1.200206947326660156e+01 -1.036017608642578125e+01 1.147139722492899420e-03 -1.185267602036729484e-01 9.929501957228661357e-01
-9.522470235824584961e-01 5.763535022735595703e+00 -1.554663467407226562e+01 -1.893014645610860067e-02 1.905963081773003887e-01 -9.814859636613932903e-01
1.351705074310302734e+00 3.793966674804687500e+01 -9.676917076110839844e+00 5.492773050448057637e-02 6.541897812583667704e-02 9.963449712436945882e-01
-1.697743606567382812e+01 6.603079986572265625e+01 1.103456687927246094e+01 -2.863676284409055750e-01 8.376382668841755308e-01 -4.651405327773596721e-01
-4.393696212768554688e+01 3.811615371704101562e+01 -1.601738929748535156e+00 -5.131632400421545226e-01 -6.917979238437773626e-01 -5.080148832808714099e-01
6.579139828681945801e-01 3.755554914474487305e+00 -1.266604709625244141e+01 -7.433239009528908037e-02 -1.798740778959464492e-01 9.808771645235730974e-01
1.088296508789062500e+01 5.922288513183593750e+01 -1.454911947250366211e+00 1.381063775085545897e-01 7.559762168225835355e-01 -6.398645076030383683e-01
3.528403091430664062e+01 6.265522956848144531e+00 -1.073771095275878906e+01 -6.669901739269379348e-02 -1.012975622917000051e-01 9.926177738448008769e-01
-3.216357040405273438e+01 5.450124359130859375e+01 1.071000766754150391e+01 3.823344110188911515e-01 -6.980117776205387869e-01 6.054749841685063139e-01
5.901896953582763672e+00 5.580428695678710938e+01 6.366360187530517578e-01 -4.544054496880847727e-02 -7.725441134017514422e-01 6.333330480254757422e-01
1.535763978958129883e+00 1.897438430786132812e+01 -9.114637374877929688e+00 1.656274785358798421e-02 -6.566605739055761566e-03 9.998412649378931594e-01
-2.555375480651855469e+01 2.381057357788085938e+01 -8.388718605041503906e+00 3.388309692617787888e-02 4.120395656690511305e-02 9.985760710661577555e-01
-9.796549797058105469e+00 5.734460449218750000e+01 -3.645048141479492188e+00 -1.309971652263845765e-01 7.976260872462547225e-01 -5.887549300404043562e-01
3.212961578369140625e+01 1.179522228240966797e+01 -1.293643856048583984e+01 1.315578266873862756e-01 5.758992718174520825e-02 -9.896342448220418753e-01
2.551846504211425781e+01 5.979215240478515625e+01 1.566646194458007812e+01 2.200924734349214984e-01 5.743701313509634865e-01 7.884530774555802424e-01
3.301647186279296875e+01 5.466441345214843750e+01 1.043634414672851562e+01 -3.668337875260381242e-01 -9.020762927723490199e-01 -2.273572834711851676e-01
2.033020019531250000e+01 2.371404838562011719e+01 -1.315529346466064453e+01 4.122219755552002790e-02 7.434975529496672120e-02 -9.963798694856657034e-01
-9.140947341918945312e+00 2.106918907165527344e+01 -1.348169517517089844e+01 -2.928684714652790566e-02 1.619466841683042391e-01 -9.863648169268343091e-01
2.684410095214843750e+00 2.501339912414550781e+01 -9.217651367187500000e+00 2.166094421364174807e-02 5.434213249701357051e-02 9.982874015690323954e-01
-3.570318222045898438e+01 5.576325607299804688e+01 7.957901000976562500e+00 -3.884427509399104306e-01 7.700161184063780695e-01 -5.061495891894109977e-01
2.471173048019409180e+00 5.779030990600585938e+01 -4.132880210876464844e+00 5.114818532602981999e-02 7.876852036856596406e-01 -6.139510428629754157e-01
-5.777039718627929688e+01 3.940494155883789062e+01 1.385387325286865234e+01 5.668919046797190608e-01 -8.093473812548482860e-01 -1.535916171687750353e-01
-8.780643463134765625e+00 4.242011642456054688e+01 -8.968094825744628906e+00 9.119335570000558500e-02 -1.843997833232756123e-01 9.786115121878045109e-01
-6.756457805633544922e+00 2.738517570495605469e+01 -8.842243194580078125e+00 3.599588658414135112e-02 -1.155317740898331030e-02 9.992851546184294831e-01
1.357724952697753906e+01 1.184123325347900391e+01 -1.438378906250000000e+01 6.249847961397229229e-02 2.665580572053186104e-01 -9.617903837036779757e-01
-1.948882865905761719e+01 3.539489364624023438e+01 -1.169161510467529297e+01 9.458202385683141256e-02 -2.742849355807817635e-01 -9.569859010855866766e-01
9.645110130310058594e+00 3.577812957763671875e+01 -1.248384666442871094e+01 -9.176577344055476815e-03 2.345105871758077290e-02 -9.996828688505535743e-01
1.400418376922607422e+01 6.215634918212890625e+01 8.961845397949218750e+00 -1.170225570638197266e-01 -6.763434614763103037e-01 7.272312171905767064e-01
-2.274665260314941406e+01 3.178381156921386719e+01 -9.313428878784179688e+00 4.656421219004790862e-02 -7.152868491878512647e-02 9.963510532823806054e-01
-3.284674453735351562e+01 5.119713592529296875e+01 6.641460895538330078e+00 4.260675976399277975e-01 -6.854162240929890793e-01 5.904837017153395928e-01
4.344534873962402344e+00 -3.245625019073486328e+00 -1.693204307556152344e+01 4.724091628569187379e-02 -9.624228663712290910e-01 -2.674145136567489534e-01
9.159066200256347656e+00 4.970754623413085938e+01 -5.982798099517822266e+00 -1.889172207207316656e-01 -7.553900941831743765e-01 6.274520613760777854e-01
-4.610320031642913818e-01 4.115045166015625000e+01 -1.518821525573730469e+01 4.131111903155648690e-02 -9.972081478589105430e-01 -6.220370799366896353e-02
4.185157775878906250e+00 4.065234756469726562e+01 -1.447015953063964844e+01 -1.400709262992062276e-01 -9.610911399563075719e-01 -2.380839270155956089e-01
2.631051445007324219e+01 2.959018135070800781e+01 -1.292181205749511719e+01 -4.097063950420444800e-01 -4.664914427697455790e-01 -7.839173449313731057e-01
2.257701492309570312e+01 5.848111724853515625e+01 1.571686983108520508e+00 2.809460761712516685e-01 7.043682205755793513e-01 -6.518701650844048734e-01
-2.608182907104492188e+01 4.830272674560546875e+01 -9.333310127258300781e-01 3.424612069381114399e-01 -6.894218087356800417e-01 6.382929510672316065e-01
2.561500930786132812e+01 5.671421432495117188e+01 1.328482341766357422e+01 -4.352595540988033473e-01 -9.001869674047948688e-01 -1.457889845872106099e-02
1.519273185729980469e+01 7.200382232666015625e+00 -1.083117961883544922e+01 -2.311042118735518250e-02 -1.255122097809412418e-01 9.918228640379531669e-01
2.477275657653808594e+01 3.737322235107421875e+01 -8.916935920715332031e+00 -1.588688740249100673e-01 -1.829017865754637984e-01 9.702100892763177997e-01
2.965544891357421875e+01 3.982173538208007812e+01 -5.493874073028564453e+00 -4.882964550891407685e-01 -5.809744227967651442e-01 6.511799229117435361e-01
-2.442907333374023438e+01 1.855924224853515625e+01 -1.264353179931640625e+01 -1.287741412443808575e-01 1.582734910791094851e-01 -9.789620639066681784e-01
-3.666825485229492188e+01 -1.108492660522460938e+01 -1.214507198333740234e+01 8.447597398701163496e-02 -1.369367825602145206e-01 9.869711887390645311e-01
-3.063182258605957031e+01 3.606132888793945312e+01 -1.308573055267333984e+01 -5.698098800001734077e-01 6.273147910125004278e-01 5.308416464739093010e-01
-2.116889572143554688e+01 2.793801116943359375e+01 -1.193814468383789062e+01 1.605220048817720263e-02 -3.565844443733730273e-02 -9.992351085704488378e-01
3.138649368286132812e+01 1.672980499267578125e+01 -1.019195175170898438e+01 -6.218056838845970047e-02 -4.895104115236548203e-02 9.968637682677545797e-01
3.314655685424804688e+01 2.677221679687500000e+01 -1.703670120239257812e+01 6.080113606361169099e-02 -1.804343067872209855e-02 -9.979868017477566688e-01
4.457523727416992188e+01 1.167337512969970703e+01 -1.112535285949707031e+01 5.759484637798878426e-01 4.096243793927074606e-01 7.074540514243498057e-01
3.866844558715820312e+01 1.407205295562744141e+01 -1.650134849548339844e+01 -7.173865129205492241e-01 -3.035860171361184356e-01 -6.270503339279256405e-01
-5.549550056457519531e+00 5.221137237548828125e+01 -1.012328243255615234e+01 -7.607514457501540761e-02 5.358180769148699341e-01 -8.408992572414016875e-01
-1.946784019470214844e+00 2.932730484008789062e+01 -8.992756843566894531e+00 2.425332866995909276e-02 -9.552713757326735181e-03 9.996602031231900387e-01
-2.586429595947265625e+01 2.971380233764648438e+01 -9.215495109558105469e+00 5.777771356624963189e-02 -3.305738083914769136e-03 9.983239994664944161e-01
3.803403854370117188e+01 4.851624298095703125e+01 1.314233684539794922e+01 -6.220834972117155193e-01 -7.788739681882109744e-01 -7.979639199607466149e-02
-3.447151947021484375e+01 3.064808464050292969e+01 -7.892890930175781250e+00 2.028655683102141005e-01 -2.107263192963203802e-01 9.562635513026725986e-01
2.969812774658203125e+01 4.075391769409179688e+01 -1.098114013671875000e+01 2.812339317854716247e-01 3.472056561715518574e-01 -8.946260156819534348e-01
1.462827968597412109e+01 3.307901382446289062e+01 -1.008103084564208984e+01 1.790397652404491710e-02 3.942379869161315165e-02 9.990621660944576377e-01
3.430601119995117188e+00 3.739242172241210938e+01 -1.235358524322509766e+01 -3.994656857664474064e-02 1.105055066386989582e-02 -9.991407093042384835e-01
-1.334577560424804688e+01 1.221652126312255859e+01 -1.050255775451660156e+01 6.839196226420944658e-02 -2.034428312019631591e-01 9.766952205934974485e-01
4.622441482543945312e+01 9.322242736816406250e+00 -1.472490692138671875e+01 9.734806292906067471e-01 2.220745685335208941e-01 -5.493951589352421422e-02
1.779752159118652344e+01 3.571896743774414062e+01 -1.336992263793945312e+01 -3.425857374010906620e-01 -6.497824713822324405e-01 -6.785408995880418681e-01
-3.385687637329101562e+01 5.695785140991210938e+01 1.604793930053710938e+01 -2.316170892053727171e-01 5.727914468360163491e-01 7.862973244387477800e-01
3.782079315185546875e+01 4.782457828521728516e+00 -1.314441013336181641e+01 -1.212162843401375784e-01 5.218756589676810248e-02 -9.912532826561238908e-01
-2.000431632995605469e+01 5.778799438476562500e+01 5.096369981765747070e-01 -2.452208305418737411e-01 7.838749935416818859e-01 -5.704443345045875358e-01
3.567739105224609375e+01 1.535271453857421875e+01 -9.828964233398437500e+00 -2.081778416716495994e-01 -1.246451896066475828e-01 9.701162625916835980e-01
3.488501739501953125e+01 3.134622955322265625e+01 -1.541335201263427734e+01 7.645236736265001998e-01 6.400091564871209782e-01 7.675827041618804580e-02
3.283968353271484375e+01 4.602219772338867188e+01 1.821979045867919922e+00 -5.162969226881372053e-01 -5.941835097201665361e-01 6.167523363550270199e-01
-3.805594635009765625e+01 1.338742733001708984e+01 -8.583709716796875000e+00 9.617379225970071333e-03 -5.657280264467604708e-02 9.983521543111680829e-01
-3.168691062927246094e+01 2.771077537536621094e+01 -1.199777030944824219e+01 7.216092070018992333e-01 -4.140927845332552648e-01 -5.548038555810378414e-01
-3.198966789245605469e+01 4.029032897949218750e+01 -9.266607284545898438e+00 -2.171400578871690579e-01 2.698161818223947517e-01 -9.381094942955974236e-01
-6.125548553466796875e+01 3.757295989990234375e+01 1.597127819061279297e+01 4.596534478132312529e-01 -6.693509018467381777e-01 5.836849133825263714e-01
-3.179664611816406250e+01 1.377698135375976562e+01 -8.722964286804199219e+00 8.433443459233740114e-02 -1.193896216662630599e-01 9.892592286051100636e-01
-2.798974609375000000e+01 -9.595540165901184082e-01 -1.156463527679443359e+01 1.871893781771320209e-01 -6.870850919255248879e-02 9.799179952741940980e-01
-3.558620834350585938e+01 3.997472381591796875e+01 -4.114438056945800781e+00 4.921848011851961413e-01 -6.584984285699405637e-01 5.693276218955195533e-01
-5.284121704101562500e+01 4.238417816162109375e+01 1.442148303985595703e+01 5.048825545217392463e-01 -8.355145064740968630e-01 -2.168158564564620361e-01
2.126543426513671875e+01 9.817771911621093750e+00 -1.064864349365234375e+01 -4.599068277033966506e-02 -4.572531971321307925e-02 9.978948102056862668e-01
-1.812609291076660156e+01 9.636909961700439453e-01 -1.586852836608886719e+01 -8.314236002683617066e-02 1.102697153302149569e-01 -9.904180621586832212e-01
2.637011909484863281e+01 6.106960678100585938e+01 5.885006904602050781e+00 3.094187658999985047e-01 6.560210510502670900e-01 -6.884013421600982952e-01
-1.600371742248535156e+01 -4.164356231689453125e+00 -1.334974765777587891e+01 1.932660239878403741e-01 -5.421717673114333225e-02 9.796472537190289431e-01
1.928883743286132812e+01 4.134031677246093750e+01 -1.725507354736328125e+01 1.230564241656867119e-01 2.030898525275471600e-01 -9.713967409209759429e-01
-3.022097015380859375e+01 4.567666244506835938e+01 -7.859098911285400391e+00 -3.271543324036462752e-01 4.748993341007641811e-01 -8.169704188403490441e-01
-1.684283828735351562e+01 5.262423324584960938e+01 -3.505379855632781982e-01 2.552106428266183724e-01 -7.350066810647265525e-01 6.281979835833918502e-01
-2.141179084777832031e+01 5.041532135009765625e+01 -8.896279931068420410e-01 2.958671848058815890e-01 -7.758836847653722835e-01 5.571957615326507129e-01
-2.069202899932861328e+00 5.288888168334960938e+01 -9.794254302978515625e+00 -2.554606414997365529e-02 6.262163303360882560e-01 -7.792307143759469312e-01
-1.203611946105957031e+01 -6.751697063446044922e+00 -1.425763702392578125e+01 3.031784132956022448e-01 -6.103014013278114103e-01 7.318572601599786509e-01
-8.009391784667968750e+00 8.030144691467285156e+00 -1.184213733673095703e+01 6.604120284078186798e-02 -2.716796658301942613e-01 9.601191169337982556e-01
1.472802352905273438e+01 3.139382743835449219e+01 -1.281571865081787109e+01 2.901807454076819545e-02 3.900522368852674809e-02 -9.988175728705188661e-01
-4.021810913085937500e+01 -1.173602581024169922e+01 -1.518319797515869141e+01 -1.545810882563236899e-01 5.229330170247502296e-02 -9.865952046054879965e-01
-2.970221710205078125e+01 3.431166839599609375e+01 -7.943892955780029297e+00 1.287857551001102829e-01 -2.520458377782969217e-01 9.591074626661658664e-01
-4.117686462402343750e+01 5.398076057434082031e+00 -9.408207893371582031e+00 1.329165664688629900e-01 -1.182411978868265212e-01 9.840488836843506171e-01
3.943851089477539062e+01 3.995642471313476562e+01 2.617411136627197266e+00 -6.230763418208842275e-01 -3.577509690716998425e-01 6.955502256425227792e-01
-2.525017547607421875e+01 6.014105987548828125e+01 1.622514915466308594e+01 -2.628114307605688982e-01 6.958284040658971881e-01 6.683958287995886982e-01
-2.302798271179199219e+01 5.812376785278320312e+01 1.470962238311767578e+01 3.052868775356830655e-01 -9.500189980027228254e-01 -6.529797729191431921e-02
-1.788536643981933594e+01 3.756153488159179688e+01 -8.632106781005859375e+00 1.215773654357130557e-01 -7.467897284096888799e-02 9.897686574291635342e-01
-1.343331146240234375e+01 6.096984863281250000e+01 1.432542228698730469e+01 2.196408974286044036e-01 -9.743919362699932085e-01 4.814800835725957517e-02
-3.808084964752197266e+00 -4.823824882507324219e+00 -1.694236564636230469e+01 1.995875202489340861e-01 -8.905677436405612379e-01 -4.087222966120650502e-01
3.551960372924804688e+01 4.581889343261718750e+01 -2.956325054168701172e+00 5.265723520251732737e-01 5.785920726862998631e-01 -6.228585485543636224e-01
3.417952728271484375e+01 5.222348785400390625e+01 1.598480701446533203e+01 -4.980924300966324547e-01 -5.791787795351185375e-01 6.453339231875556692e-01
8.720815658569335938e+00 2.782614707946777344e+01 -1.308130645751953125e+01 6.140686878864948066e-03 1.142913761709272863e-01 -9.934282929822421115e-01
4.476277923583984375e+01 4.891483306884765625e+01 9.752046585083007812e+00 9.333165260831195464e-01 -3.033457873224990053e-01 1.920978798785416553e-01
-4.331859970092773438e+01 -2.100497007369995117e+00 -1.044050407409667969e+01 -2.108538209746362579e-01 -3.721657571373401252e-01 9.038989519823475982e-01
-5.463595962524414062e+01 4.328533935546875000e+01 6.242799758911132812e+00 -4.031463062543227394e-01 7.068901614806678557e-01 -5.811878830080090541e-01
-1.204436016082763672e+01 3.633955955505371094e+00 -1.582880401611328125e+01 -9.517139670680888411e-03 1.442585878324649240e-01 -9.894942566225797265e-01
1.199940013885498047e+01 4.098587036132812500e+01 -9.489252090454101562e+00 -4.686028157019954399e-02 -1.344582725008868218e-01 9.898106318721975327e-01
3.661858367919921875e+01 2.955151748657226562e+01 -7.173810958862304688e+00 -5.250913154728915622e-01 -3.758924162725038043e-01 7.635338904094349788e-01
-5.876958847045898438e+00 4.745074462890625000e+01 -8.342029571533203125e+00 8.208207101820864937e-02 -2.178799335280480198e-01 9.725177983888907418e-01
