-4.168971252441406250e+01 -7.692661285400390625e+01 4.979457855224609375e+00 4.126682654742170886e-01 7.819774893179817221e-01 4.671360710440233266e-01
4.616121292114257812e+01 7.579107666015625000e+01 -1.107709050178527832e+00 4.961670847649587990e-01 8.648796711000523718e-01 -7.616678090681996971e-02
-8.256403350830078125e+01 4.899551391601562500e+01 2.036869049072265625e+01 -8.523256604471933784e-01 5.191114478357952144e-01 6.375165306939098442e-02
8.370029449462890625e+01 -4.739084625244140625e+01 1.329378962516784668e+00 6.398579571593622228e-01 -7.599500610858633820e-01 1.142702906071406121e-01
-1.132060432434082031e+01 6.323400974273681641e+00 -2.066471099853515625e+01 -5.826224018523879986e-03 3.361717301280956610e-02 -9.994178009182709266e-01
-2.421586990356445312e+01 8.988911437988281250e+01 8.064275741577148438e+00 -2.629874370913228288e-01 9.090712268204939051e-01 -3.231518412437406340e-01
2.721760940551757812e+01 -8.897107696533203125e+01 -8.576110005378723145e-01 2.900444470473979575e-01 -8.767512468401210679e-01 -3.836423724007322900e-01
-7.504423522949218750e+01 -1.851824760437011719e+01 -1.104204845428466797e+01 -9.586642635395286050e-01 -2.105030576852282564e-01 1.914452729042495915e-01
8.838931274414062500e+01 2.132239341735839844e+01 -1.759866952896118164e+00 8.934823866896607347e-01 4.048530491895420691e-01 1.943790967086676813e-01
3.083840560913085938e+01 -3.363059234619140625e+01 -1.869502449035644531e+01 1.146181061388430039e-01 -2.652614221846454345e-01 -9.573395780211555461e-01
-4.699275970458984375e+01 4.973749542236328125e+01 -2.084502220153808594e+01 1.996471547799842650e-01 -2.435746130344957350e-01 -9.491113851773946841e-01
3.793065261840820312e+01 2.590032958984375000e+01 -1.760595321655273438e+01 1.077587593896733864e-01 1.347167873051679787e-01 -9.850073283955671499e-01
-1.720620536804199219e+01 -4.226993560791015625e+01 -1.922869682312011719e+01 -1.593220203582588201e-01 -1.691093104997095919e-01 -9.726348415162163752e-01
4.676379859447479248e-01 5.597494125366210938e+01 -1.552381038665771484e+01 -3.333700911868574257e-02 2.005544757346668372e-01 -9.791151853003883243e-01
7.032624816894531250e+01 -1.291612052917480469e+01 -2.129401779174804688e+01 -6.051582240450983363e-01 6.547367217016079877e-02 -7.934082947153607845e-01
-7.638891601562500000e+01 2.269682884216308594e+01 -1.068152999877929688e+01 -3.293205337822810996e-01 1.598992315742472359e-01 -9.305805831690874275e-01
-5.557361984252929688e+01 -5.106016540527343750e+01 -2.129691314697265625e+01 -5.435443821728194180e-01 -1.908110369459135314e-01 -8.174048279695889097e-01
-5.290338993072509766e+00 -7.888316345214843750e+01 -1.888291549682617188e+01 -6.292377070808757855e-02 -9.889274516174344498e-01 -1.343990123376015977e-01
-4.492181015014648438e+01 3.079466104507446289e+00 -4.629344940185546875e+00 -6.692812503186380824e-02 -1.203200923268932937e-02 9.976852493815591139e-01
5.244422149658203125e+01 -6.349261856079101562e+01 -1.133486080169677734e+01 1.438669297870154851e-01 -3.071578707281956699e-01 -9.407211855610454476e-01
-5.698521804809570312e+01 7.246964263916015625e+01 6.879660129547119141e+00 -5.582962038682671713e-01 7.429620176906670537e-01 -3.692056188836989050e-01
1.165470504760742188e+01 8.853048706054687500e+01 -9.297599643468856812e-02 1.189230953314723560e-01 8.828482344151072914e-01 -4.543526079895540692e-01
6.553043365478515625e+01 4.727618789672851562e+01 -9.471501350402832031e+00 3.113504881283067349e-01 2.474947022717160217e-01 -9.175005427190218166e-01
-2.261109924316406250e+01 3.333377838134765625e+01 -1.928395032882690430e+00 9.685737655460202600e-02 -2.100632378508444920e-01 9.728782476294653980e-01
2.005817413330078125e+01 -2.434304952621459961e+00 -1.274336242675781250e+01 -8.578169393422601860e-03 -3.926442997319919831e-02 9.991920333693306011e-01
1.727998733520507812e+01 -5.984924316406250000e+01 -8.105223655700683594e+00 -1.649656721678758875e-01 2.851631710948353549e-01 9.441759861685418143e-01
-2.565986061096191406e+01 7.205301666259765625e+01 -1.931798171997070312e+01 -3.429096197251205735e-01 9.377745323176691628e-01 -5.469843906685318419e-02
9.280578613281250000e+01 -9.233090400695800781e+00 -4.218209981918334961e-01 6.731412090811225157e-01 -2.549407745148169271e-02 7.390743972373161608e-01
-4.144781112670898438e+01 -2.710205841064453125e+01 -8.447664260864257812e+00 9.381687309927673468e-03 -1.395299690090369971e-01 9.901734048597528037e-01
8.421898841857910156e+00 2.719823837280273438e+01 -1.110393619537353516e+01 -5.913789153900387251e-03 -9.104592060236556955e-03 9.999410650139636259e-01
2.846553039550781250e+01 5.158801651000976562e+01 -5.179174900054931641e+00 2.534218491493073766e-01 -7.457386917400556092e-02 9.644771145082521313e-01
6.185400390625000000e+01 1.208124160766601562e+01 -8.865312576293945312e+00 -1.093317214092000833e-01 -3.312288712689273606e-02 9.934532948468590696e-01
-3.213209152221679688e+01 -6.802248382568359375e+01 -2.085768508911132812e+01 9.106428122003144832e-02 1.344088610302819065e-01 -9.867327676541511883e-01
5.788688278198242188e+01 -3.539992904663085938e+01 -8.223675727844238281e+00 -2.002630670633265275e-01 1.035349946792467751e-01 9.742562336711826365e-01
-1.736519813537597656e+01 -9.132976531982421875e+01 3.531888961791992188e+00 9.266083443301795231e-02 -7.212240451648903594e-01 6.864763990394493476e-01
4.600073814392089844e+00 -2.594448852539062500e+01 -1.191500663757324219e+01 -6.690194175977870299e-03 1.490297321729551205e-01 9.888100829938705205e-01
-6.984416961669921875e+01 4.931814575195312500e+01 -4.543560981750488281e+00 -7.080783544999130763e-01 4.758378189514229084e-01 -5.217311701865705587e-01
2.249845886230468750e+01 7.355140686035156250e+01 -2.004313087463378906e+01 8.201557003648442257e-02 2.942487609342549493e-01 -9.522032939242786043e-01
4.560513305664062500e+01 -1.109282875061035156e+01 -1.044646167755126953e+01 -8.610728646454190094e-04 -8.247000371591409543e-03 9.999656221782790011e-01
-4.028508377075195312e+01 2.449171066284179688e+01 -1.910950088500976562e+01 -2.926746297639746808e-01 7.252104643910430026e-02 -9.534580530447563929e-01
-2.105960655212402344e+01 -1.710112380981445312e+01 -1.994212532043457031e+01 -4.501216902375223400e-02 3.438049666206694725e-03 -9.989805225600096872e-01
4.666912841796875000e+01 5.981836318969726562e+01 -2.050856781005859375e+01 9.922907807828519611e-02 1.020231572732308023e-01 -9.898206228624130132e-01
-8.313939094543457031e+00 7.486244964599609375e+01 -2.518007993698120117e+00 8.400898322166326648e-02 5.757827279246760521e-02 9.948000971251955704e-01
-6.821665191650390625e+01 2.418407917022705078e+00 -2.111990165710449219e+01 3.978854979571421202e-01 -1.263878048756341549e-02 -9.173480210602650287e-01
-2.167848205566406250e+01 4.864989089965820312e+01 -1.988924980163574219e+01 -2.100570840453444277e-01 3.819153320226961190e-01 -9.000092780679324056e-01
-6.305472850799560547e+00 -5.886485671997070312e+01 -6.703648090362548828e+00 4.116306371170393857e-02 4.411046163851847085e-02 9.981782753395822549e-01
-3.665322494506835938e+01 -4.960139465332031250e+01 -8.086063385009765625e+00 8.457027851246814998e-02 5.354088226530120953e-02 9.949780107713821486e-01
4.574447154998779297e+00 -8.643755340576171875e+01 2.321860045194625854e-01 -2.883563287864860172e-02 6.453515997378435065e-01 7.633412205510025084e-01
3.294053268432617188e+01 -7.136479187011718750e+01 -1.981253623962402344e+01 3.612790889099343761e-01 -6.240689427148859991e-01 -6.928314186403008446e-01
7.853749847412109375e+01 -2.625300216674804688e+01 -4.889822959899902344e+00 -4.243563854666195789e-01 2.898711298615162524e-01 8.578440337185505582e-01
7.273977661132812500e+01 2.855878639221191406e+01 -1.987414741516113281e+01 8.199728972444387809e-01 3.400278435308797254e-01 -4.604622822862919351e-01
-5.665158462524414062e+01 -6.131073760986328125e+01 -1.292189002037048340e+00 -7.889928589866351816e-01 7.455053068757259982e-02 6.098626786763531316e-01
-1.157238006591796875e+01 2.874401283264160156e+01 -2.101915168762207031e+01 7.019929070645079816e-02 -3.878675722323664254e-02 -9.967786349277439895e-01
-4.026066207885742188e+01 6.371231842041015625e+01 -4.791339874267578125e+00 -6.017313359273578598e-03 -1.760537016865837689e-01 9.843621722020750031e-01
-6.196349334716796875e+01 -3.583507537841796875e+01 -6.604094028472900391e+00 3.169653645364205879e-02 5.333142446597536473e-02 9.980736890336668887e-01
-8.373545837402343750e+01 2.552361011505126953e+00 -5.428938865661621094e+00 -6.237910059761684334e-01 -5.733101481018781920e-01 5.312252393727562305e-01
-5.699793243408203125e+01 3.195410346984863281e+01 -7.158493995666503906e+00 1.603251477057612007e-01 -1.541596114289899566e-01 9.749516199366963232e-01
-8.480391693115234375e+01 3.365814590454101562e+01 5.627395153045654297e+00 -9.208577251043643663e-01 -1.556729841659605373e-01 3.574730369083509718e-01
-2.591889190673828125e+01 1.293765926361083984e+01 -6.703307151794433594e+00 2.618572030522050009e-01 -1.787566429605638163e-01 9.484075430990338562e-01
-5.285387420654296875e+01 -1.176759910583496094e+01 -1.740702629089355469e+01 -3.047480947662047912e-01 -7.288229552373537423e-02 -9.496403370411132805e-01
-6.996218109130859375e+01 6.592527008056640625e+01 2.218505668640136719e+01 -2.822608138622825225e-01 2.571200254000333696e-01 9.242392144331943449e-01
4.666370773315429688e+01 -8.077001190185546875e+01 -7.132290005683898926e-01 5.678297524126829643e-01 -5.779032171330258372e-01 5.861716846643569845e-01
5.336281776428222656e+00 -4.584218597412109375e+01 -1.844589996337890625e+01 -1.225845831849643741e-02 2.117269231204334246e-01 -9.772519839967620525e-01
8.097003936767578125e+01 4.099436759948730469e+00 -1.121292781829833984e+01 3.448828846788162816e-01 8.428527868358703934e-02 -9.348538857237789212e-01
3.595363235473632812e+01 -5.096053695678710938e+01 -8.688071250915527344e+00 -1.016313015066395153e-01 1.659360451542844228e-01 9.808854711293372164e-01
-3.272936630249023438e+01 -1.935479938983917236e-01 -2.103417396545410156e+01 3.220873723976560438e-02 -3.374449754745509344e-02 -9.989113604973612892e-01
3.774020385742187500e+01 5.530678749084472656e+00 -1.963457679748535156e+01 2.092588229982282055e-01 -1.886213383347919437e-01 -9.594960842662090261e-01
4.604297256469726562e+01 4.170833587646484375e+01 -7.628969192504882812e+00 -5.991497993036502129e-02 -6.726618342623648383e-02 9.959344635804164847e-01
2.707485914230346680e+00 -8.289522171020507812e+00 -2.156065177917480469e+01 -1.107123154714471785e-01 1.829438617291537228e-01 -9.768696569443514610e-01
-2.024854278564453125e+01 -7.348389434814453125e+01 -5.492464065551757812e+00 8.964465716170652576e-02 1.984047768940199186e-01 9.760119773588817882e-01
6.837001037597656250e+01 -6.013942718505859375e+01 2.202149927616119385e-01 3.429425571546275697e-01 -4.505720796443685727e-01 8.242421995610232921e-01
-4.017548751831054688e+01 4.228074645996093750e+01 -3.745790004730224609e+00 -2.886864566486650463e-01 5.715672341319159161e-02 9.557160868774294826e-01
2.951354980468750000e+00 7.478052520751953125e+01 -2.028744125366210938e+01 -1.856626116918686231e-01 9.823733668430488786e-01 -2.172470338593167002e-02
1.367546367645263672e+01 -7.451766204833984375e+01 -2.078196907043457031e+01 -1.402698796654315849e-01 -6.222148534618128224e-01 -7.701772763397657373e-01
2.258219528198242188e+01 3.841116333007812500e+01 -1.819312858581542969e+01 7.547960500233488745e-02 1.478467559453487401e-01 -9.861258367901776234e-01
2.132093429565429688e+01 1.560575103759765625e+01 -1.960255813598632812e+01 -5.626354194529534225e-02 2.254064576058834035e-02 -9.981614764838732112e-01
-4.902899742126464844e+00 4.005630493164062500e+01 -6.158031940460205078e+00 2.992781574544315926e-01 -8.519758623731234215e-02 9.503546473659274518e-01
6.168291091918945312e+01 -4.953766250610351562e+01 -2.059357833862304688e+01 3.680259455475400898e-01 -8.309550629152800960e-02 -9.260950492460229277e-01
-4.047014617919921875e+01 8.121018218994140625e+01 2.889408111572265625e+00 -3.779364698168908299e-01 7.810860570334509090e-01 -4.970599524104541977e-01
2.692644882202148438e+01 7.727539825439453125e+01 -1.741209983825683594e+00 -2.260657620160382297e-01 -6.214440756818758738e-01 7.501343426640368905e-01
-5.607452869415283203e+00 9.215448760986328125e+01 6.627495765686035156e+00 -2.442034556661113603e-02 5.090467578806289195e-01 8.603923785190266127e-01
7.096983337402343750e+01 -3.179411888122558594e+01 -2.122345924377441406e+01 1.358419735047921295e-01 -1.306924857654347683e-01 -9.820725189102762487e-01
-6.048498535156250000e+01 1.318582057952880859e+01 -7.380146026611328125e+00 -1.651204847767720751e-01 -3.904978657755860810e-02 9.855000454973764645e-01
1.211128044128417969e+01 6.677751922607421875e+01 -5.893370151519775391e+00 -3.382480005364923992e-02 -1.833666534617970079e-01 9.824624946019833160e-01
1.947705078125000000e+01 -1.914165687561035156e+01 -2.107372474670410156e+01 -1.064749491489514754e-01 1.052585844046265845e-01 -9.887283325630263908e-01
5.416770935058593750e+00 8.826513290405273438e+00 -1.303968524932861328e+01 -9.711187527472732450e-02 -2.650478780755753383e-01 9.593325315073292225e-01
5.979172134399414062e+01 6.356157684326171875e+01 -2.980445861816406250e+00 6.167072353111723304e-01 3.476860154062598185e-01 7.062482712232069915e-01
7.989013671875000000e+01 3.739289855957031250e+01 -3.908298015594482422e+00 8.945531529116939051e-01 4.280512232677039508e-01 1.286343922703794274e-01
5.982551574707031250e+01 3.002335929870605469e+01 -7.309741973876953125e+00 -2.370892195461883900e-01 -1.634541055600839676e-01 9.576384794642143206e-01
-1.931895065307617188e+01 6.083926391601562500e+01 -6.653952121734619141e+00 5.567286851449999158e-02 -9.342224087253761522e-02 9.940688188559787530e-01
-3.289761734008789062e+01 -1.174319362640380859e+01 -7.810127258300781250e+00 1.963927399432565668e-01 -9.460383797757478119e-02 9.759508212699516960e-01
-6.729853057861328125e+01 3.322596740722656250e+01 -2.119642829895019531e+01 -4.085995988704639870e-01 2.194809789116629328e-01 -8.859314125251874783e-01
-5.733648300170898438e+01 6.115949249267578125e+01 -6.699491024017333984e+00 -5.265573161541918790e-01 5.580271044800672042e-01 -6.413603850177266308e-01
4.673409652709960938e+01 -2.653610038757324219e+01 -1.826479530334472656e+01 2.072835418036531596e-01 -1.019498425539894088e-01 -9.729541422392681271e-01
6.170609283447265625e+01 -5.085093975067138672e+00 -8.695491790771484375e+00 2.634123814697282850e-01 3.828316099486696600e-01 8.854681675320441592e-01
-2.431150436401367188e+01 -3.021382522583007812e+01 -9.329899787902832031e+00 7.470234980450306261e-02 8.084643619868661646e-02 9.939232428551296739e-01
-6.855500793457031250e+01 -3.049419975280761719e+01 -2.148702430725097656e+01 -2.430711080658560508e-01 -9.214956429116441528e-02 -9.656215067119132689e-01
-2.512073898315429688e+01 7.676316833496093750e+01 -2.961420059204101562e+00 3.157701618208388350e-01 -5.826061152952630717e-01 7.489054141373286955e-01
1.979377555847167969e+01 -4.330430984497070312e+01 -1.024262428283691406e+01 -2.396495601289055921e-02 6.479480343496232808e-02 9.976108030344923439e-01
-4.477758407592773438e+01 -6.944977569580078125e+01 -9.794952392578125000e+00 -2.645487755692300103e-01 -5.221296908657231395e-01 -8.107986995927445317e-01
5.027062892913818359e+00 -7.110694885253906250e+01 -6.402959823608398438e+00 -1.639054817290503188e-02 1.534428238960713620e-01 9.880215836333692270e-01
-6.464992523193359375e+01 -6.159864902496337891e+00 -7.258619785308837891e+00 1.956395235718987047e-01 2.291929202942828009e-02 9.804080185664693081e-01
-4.865146255493164062e+01 1.029883098602294922e+01 -1.896932411193847656e+01 -3.682282532618464943e-01 1.855069791830616099e-01 -9.110406764651645117e-01
-2.022805404663085938e+01 -5.809048843383789062e+01 -1.549118804931640625e+01 -7.808386834549480016e-02 -1.978136120693042843e-01 -9.771247025760316784e-01
3.491748809814453125e+01 6.671329498291015625e+01 -1.140839004516601562e+01 3.915465272575526789e-01 7.923421489245811022e-01 -4.678517244064915870e-01
1.290677833557128906e+01 4.774831390380859375e+01 -8.887409210205078125e+00 -2.603111789613864469e-01 -2.175467031510146532e-01 9.406973594391860871e-01
8.920466613769531250e+01 6.081667900085449219e+00 3.979511022567749023e+00 -4.642908220972618571e-01 -2.385927895380769714e-01 8.529405098227469395e-01
-6.905773925781250000e+01 6.100992965698242188e+01 6.726624965667724609e+00 -6.990479486588919711e-01 6.017122174955226166e-01 -3.863604182527191067e-01
7.298001098632812500e+01 -4.389595794677734375e+01 -1.034404373168945312e+01 4.493209305355304606e-01 -2.522014094841994458e-01 -8.570327592553671492e-01
2.583185577392578125e+01 -7.336059570312500000e+01 -5.387162208557128906e+00 -4.420341158575571278e-02 2.662471373260438812e-01 9.628907104494606184e-01
-2.719298553466796875e+01 3.361912536621093750e+01 -2.203990364074707031e+01 -1.870339302152187466e-01 1.325250355097389553e-02 -9.822640582337726078e-01
-1.053675937652587891e+01 -7.574646949768066406e+00 -1.235858154296875000e+01 8.224566045264661285e-02 3.711930394346758810e-02 9.959205834861836193e-01
-9.129547119140625000e+00 -2.824407768249511719e+01 -1.986745262145996094e+01 -1.552097617795575660e-02 -7.601311384118807080e-02 -9.969860108460147918e-01
3.260638809204101562e+01 -9.647915840148925781e+00 -1.958546447753906250e+01 1.360565056204807166e-01 2.375823598581633389e-02 -9.904161617730127265e-01
-3.615321350097656250e+01 2.479356384277343750e+01 -3.760562896728515625e+00 -1.102954833772558790e-01 -7.040545669342679336e-02 9.914020264324495679e-01
7.661293792724609375e+01 -1.045658493041992188e+01 -6.540309906005859375e+00 -1.422462092434488012e-01 3.573805997346825303e-02 9.891859314735534925e-01
7.191837310791015625e+01 1.265793514251708984e+01 -2.109731483459472656e+01 -2.357288891827184416e-02 1.595104223954114595e-02 -9.995948595103513190e-01
4.629801559448242188e+01 1.477222251892089844e+01 -9.980728149414062500e+00 -6.729283047689817165e-02 -2.273868245271163865e-02 9.974741236176115633e-01
3.819423913955688477e+00 4.001618957519531250e+01 -1.934231185913085938e+01 1.610037233399460310e-01 1.313335103536482085e-01 -9.781765229900287739e-01
6.388266754150390625e+01 -2.070719909667968750e+01 -8.341877937316894531e+00 -2.550457088082456192e-01 2.225328455106284631e-02 9.666728907677036853e-01
4.560528945922851562e+01 5.718122482299804688e+01 -4.871599197387695312e+00 -1.485017244361805655e-01 -2.052222066122761646e-01 9.673836280156228318e-01
-2.342037582397460938e+01 1.837938117980957031e+01 -2.118065452575683594e+01 1.453525248237470813e-01 -1.376585606100740045e-01 -9.797564821005905200e-01
-3.445588684082031250e+01 5.901992416381835938e+01 -1.953779029846191406e+01 4.472476162525903520e-01 -8.856640063157334986e-01 -1.247751484596996280e-01
5.426152038574218750e+01 4.620703887939453125e+01 -2.017231750488281250e+01 3.632354530591160036e-02 7.082626363168213757e-02 -9.968270865282428117e-01
-3.509019851684570312e+01 -3.769835662841796875e+01 -1.800691604614257812e+01 -1.394720595178133293e-01 -1.601401055449146460e-01 -9.771912255080492660e-01
7.332685852050781250e+01 2.231031227111816406e+01 -5.541607856750488281e+00 -2.088529597545663030e-01 -1.053675398437082383e-01 9.722541451436667037e-01
-6.585630798339843750e+01 1.774213600158691406e+01 -2.125418663024902344e+01 1.627149663490917997e-01 -5.211688315689721324e-02 -9.852957272900477736e-01
-1.072922801971435547e+01 6.842630004882812500e+01 -1.697568702697753906e+01 2.425770239240944703e-01 -9.605230286301424947e-01 -1.362053557511881396e-01
-5.182796096801757812e+01 -4.745088195800781250e+01 -6.462612152099609375e+00 2.800838518529263910e-01 3.197113668366806105e-01 9.051727337070254453e-01
8.971866607666015625e+01 -3.332944488525390625e+01 2.925724983215332031e+00 8.018946541851843524e-01 1.035363877180681264e-01 5.884260191455825684e-01
4.608222198486328125e+01 -4.190958786010742188e+01 -1.584957599639892578e+01 1.244308856068022107e-01 -1.277906079301242004e-01 -9.839646920657042495e-01
-1.152590942382812500e+01 1.780857467651367188e+01 -1.024665641784667969e+01 3.067843427908686915e-01 -2.965615403645700532e-01 9.043973793609578760e-01
-3.016771316528320312e+01 -8.448494720458984375e+01 -1.453029990196228027e+00 -2.964057419991271702e-01 -8.073034263227453211e-01 -5.102987497118747218e-01
-6.030738830566406250e+01 -2.069864082336425781e+01 -7.535181999206542969e+00 7.875589992004555784e-02 7.257614661692357583e-02 9.942485660889949228e-01
-5.450088024139404297e+00 -3.940751266479492188e+01 -1.014961051940917969e+01 1.330828890582689550e-01 8.199308415300018971e-02 9.877074864508131880e-01
-2.633784294128417969e+01 4.809214782714843750e+01 -3.009344100952148438e+00 5.202413244154245608e-02 3.465832802198288154e-01 9.365754211571903909e-01
5.228982543945312500e+01 3.059916973114013672e+00 -1.716495704650878906e+01 2.009088596959428819e-01 -1.158292256849768470e-01 -9.727380020195031118e-01
-3.146726036071777344e+01 -6.352231597900390625e+01 -6.412330150604248047e+00 -2.460231867015055113e-02 1.043934167397931739e-01 9.942317337811362732e-01
3.485684204101562500e+01 -2.147547531127929688e+01 -1.072084903717041016e+01 -6.228596783163255907e-02 1.436815440225526763e-01 9.876619219746056721e-01
4.176441955566406250e+01 -5.937745666503906250e+01 -2.094436073303222656e+01 -3.461348720799542478e-01 5.209713315421001800e-01 -7.802432454314776056e-01
3.857742691040039062e+01 -6.560620117187500000e+01 -5.861451148986816406e+00 -1.517673837502024059e-01 5.246962325438076641e-02 9.870225933914391625e-01
-4.177741241455078125e+01 -5.665196228027343750e+01 -2.027861213684082031e+01 6.210376391856083922e-01 7.480967457551878086e-01 2.338022876390739857e-01
-3.923544692993164062e+01 -1.770766258239746094e+01 -1.989383125305175781e+01 -1.484399948322933094e-01 -1.979518195619173748e-01 -9.689069331294490883e-01
-5.422911071777343750e+01 4.650265884399414062e+01 -5.957005977630615234e+00 5.046192366032905413e-02 -1.135392420883029052e-01 9.922511953968676801e-01
5.652884292602539062e+01 -5.006690597534179688e+01 -6.610428810119628906e+00 -6.026149429352810338e-02 1.581564776082423074e-01 9.855734781821517965e-01
-7.250028991699218750e+01 3.486325836181640625e+01 -3.132477998733520508e+00 6.502873228978887088e-01 -2.966081347143275093e-01 6.993926022625521766e-01
1.559444236755371094e+01 -8.337008666992187500e+01 -8.988513946533203125e+00 3.539554885042114907e-02 -6.443108798521145486e-01 -7.639441375033723114e-01
-1.940628051757812500e+01 -7.527447509765625000e+01 -2.014443778991699219e+01 -1.165165576305628586e-01 -4.841462085096024937e-01 -8.671945229207229655e-01
-5.037308120727539062e+01 -3.615513610839843750e+01 -1.559991836547851562e+01 -2.288015269307155097e-01 -1.523306219960779695e-01 -9.614807553333875045e-01
-7.573867797851562500e+01 4.479133987426757812e+01 7.940363883972167969e+00 7.879836710129852761e-01 -4.741025396286951965e-01 3.928212266852707524e-01
1.526025199890136719e+01 -3.293612289428710938e+01 -1.940176963806152344e+01 -1.357606418637617440e-01 -2.740706906476697013e-01 -9.520789382444340143e-01
-8.230001449584960938e+00 -8.599841308593750000e+01 -6.535065174102783203e+00 -5.289075641925557181e-02 -6.809832676138040108e-01 -7.303864436826748019e-01
2.527811050415039062e+01 2.605678367614746094e+01 -1.044015026092529297e+01 -5.774715940200186165e-02 -8.517939324292825298e-02 9.946907743353038400e-01
2.025209808349609375e+01 5.864571380615234375e+01 -1.479021453857421875e+01 8.529385053300753139e-02 2.912110763615320397e-01 -9.528489219522741083e-01
-2.040230035781860352e-01 1.994475936889648438e+01 -2.023104286193847656e+01 -5.717549358123683728e-02 6.966978554226774256e-02 -9.959302605685983467e-01
-2.305582618713378906e+01 -8.783630132675170898e-01 -1.038800430297851562e+01 3.192624670025877021e-01 -1.020643963730366588e-01 9.421540936367198693e-01
5.043663978576660156e+00 -5.986134719848632812e+01 -1.556410598754882812e+01 3.398302860115030161e-02 -2.230687286396628166e-01 -9.742101909086036127e-01
-6.031895828247070312e+01 4.538018035888671875e+01 -1.880356788635253906e+01 -7.672908064878759538e-01 5.892297550117436833e-01 -2.531266759707188618e-01
-6.758338928222656250e+01 -1.169978237152099609e+01 -2.087265777587890625e+01 5.569509489170356709e-01 8.597126548711224447e-02 -8.260838831565217033e-01
1.998070955276489258e+00 8.243166351318359375e+01 -8.275556564331054688e+00 6.253193605679194939e-03 5.048431883920913021e-01 -8.631884224801891214e-01
3.500687408447265625e+01 4.500711441040039062e+01 -1.568535518646240234e+01 9.606865643173728708e-02 1.203140220138843447e-01 -9.880765908360765737e-01
-4.645815658569335938e+01 3.670262908935546875e+01 -1.573363399505615234e+01 -2.509912237575585570e-01 1.214604394586270286e-01 -9.603388814596649503e-01
-8.231256103515625000e+01 1.553586101531982422e+01 -2.097779959440231323e-01 -3.877239720549368607e-01 -2.401090946493406597e-01 8.899537876545144943e-01
5.603040695190429688e+01 -7.041062164306640625e+01 2.916390001773834229e-01 2.658401040157762907e-01 -4.313180014921609851e-01 8.621448954124182329e-01
-6.497348785400390625e+01 -4.875209426879882812e+01 -1.048608303070068359e+01 -8.243189831967324688e-01 -3.714225897413864774e-01 -4.272510664367110134e-01
-4.734511947631835938e+01 1.680531501770019531e+01 -5.482945919036865234e+00 -2.450450446619997502e-01 8.816532050309851265e-02 9.654945894965877295e-01
-1.511932945251464844e+01 8.675666809082031250e+01 -1.839110970497131348e+00 -1.322593216643923042e-01 8.279296880592881269e-01 -5.450136727302576922e-01
-3.462366867065429688e+01 4.442812347412109375e+01 -1.806342697143554688e+01 -2.969419982926779777e-01 2.478669121211632964e-01 -9.221645425440464505e-01
-9.493691444396972656e+00 4.225542068481445312e+01 -2.144141578674316406e+01 7.115605835151601888e-02 1.084494475515130757e-01 -9.915520826893801098e-01
3.254050827026367188e+01 1.451929855346679688e+01 -1.068143463134765625e+01 -8.393440428278674259e-02 -1.399235080870059322e-01 9.865984125581792608e-01
1.589965057373046875e+01 7.927704620361328125e+01 -9.246166229248046875e+00 -1.347002585106929842e-02 4.060433134050969173e-01 -9.137545545947126646e-01
-7.066593170166015625e+00 -5.112673950195312500e+01 -1.764145469665527344e+01 -5.915894979944556070e-02 -3.087536284324505220e-01 -9.493004875108950191e-01
-5.380375671386718750e+01 2.230132484436035156e+01 -1.589526748657226562e+01 -1.979897428486572519e-01 1.664786729940445908e-01 -9.659632048711092045e-01
6.595712280273437500e+01 4.005282592773437500e+01 -2.053665161132812500e+01 5.927189893955911448e-02 -7.181614996672663030e-03 -9.982160419479032543e-01
-7.084432983398437500e+01 5.234119892120361328e+00 -4.307967185974121094e+00 4.586794890382475676e-01 -1.164195363794059551e-01 8.809424600306290376e-01
-8.744670867919921875e+00 5.268653869628906250e+01 -6.551441192626953125e+00 1.513658927612045180e-01 1.700410330511412660e-01 9.737424780646597444e-01
4.954270935058593750e+01 3.175328063964843750e+01 -1.552823257446289062e+01 1.477989920268254764e-01 1.166008546285746822e-01 -9.821200021666091073e-01
7.428283691406250000e+01 -3.164960145950317383e-01 -2.163651847839355469e+01 5.550973736412198600e-02 8.423539991302943231e-02 -9.948985206840232909e-01
-4.592523956298828125e+01 -1.048705577850341797e+01 -6.310073852539062500e+00 -3.422330074162115848e-02 -1.652167564103181607e-01 9.856633244103192304e-01
2.858479499816894531e+01 -5.999501037597656250e+01 -1.475381374359130859e+01 -6.493384468778172491e-02 9.083183381972613490e-02 -9.937470371170968875e-01
-2.381916809082031250e+01 -4.676515197753906250e+01 -8.863327026367187500e+00 3.366119432549736362e-02 3.931564454868485131e-02 9.986597038482640798e-01
1.033068275451660156e+01 -1.431434154510498047e+01 -1.286003303527832031e+01 4.412258998786282305e-02 1.445903528274706910e-02 9.989214850785097521e-01
-3.507416152954101562e+01 1.266951942443847656e+01 -2.098130035400390625e+01 -4.650906650144289584e-02 5.448648302600212628e-02 -9.974307644646929205e-01
-6.793320178985595703e-01 6.527738189697265625e+01 -6.447623252868652344e+00 -2.368514278789324041e-03 -2.430570871408462286e-01 9.700090940453693911e-01
4.051438903808593750e+01 -3.282749557495117188e+01 -8.665226936340332031e+00 -1.823733726632591479e-01 -1.772431441412971320e-01 9.671219265420133437e-01
2.282345581054687500e+01 -2.680444145202636719e+01 -1.104010677337646484e+01 -1.066411191377603235e-01 1.271801393494688681e-01 9.861302570472603168e-01
5.665773391723632812e+01 -1.396290493011474609e+01 -1.642457008361816406e+01 1.601797782767404588e-01 -1.783471746397584032e-02 -9.869267254888755003e-01
-5.366243743896484375e+01 -7.321553802490234375e+01 2.591052055358886719e+00 -9.306855658426447242e-01 -3.602549253204193058e-01 6.356702222485660636e-02
9.020286560058593750e+01 -2.166664505004882812e+01 -2.531008005142211914e+00 6.950143832348188999e-01 -1.719550687811545464e-01 -6.981306907858961797e-01
-1.056226730346679688e+01 -6.792053222656250000e+01 -1.465721511840820312e+01 -2.623522280971203862e-03 3.451206979626476046e-01 -9.385546446364303463e-01
5.637662124633789062e+01 2.108944702148437500e+01 -1.602958679199218750e+01 2.976750172147609244e-02 1.507549081896269669e-02 -9.994431576722255794e-01
-3.254296875000000000e+01 -7.556536865234375000e+01 -1.007423973083496094e+01 -2.519150068104754614e-01 -4.233908411264201144e-01 -8.702178031929367341e-01
-7.647491455078125000e+01 -5.873883247375488281e+00 -1.154465103149414062e+01 -3.411366840126044409e-01 -1.858685002000843786e-02 -9.398299270757546342e-01
-4.515851593017578125e+01 -2.004518985748291016e+00 -2.036576461791992188e+01 -2.521758318316746350e-01 1.029669524971712352e-01 -9.621876929858582672e-01
3.723360443115234375e+01 -7.784081268310546875e+01 -8.402394294738769531e+00 3.077230553335721930e-01 -6.162735936845391560e-01 -7.249230158736269525e-01
-4.180894851684570312e+00 2.804216957092285156e+01 -9.577415466308593750e+00 2.880405598679166568e-01 -3.013698750877422672e-01 9.089603040070428630e-01
-5.761384010314941406e+00 -1.908331871032714844e+01 -1.203199958801269531e+01 2.706046535428869096e-02 4.977685357157170948e-02 9.983937079445781571e-01
-5.084327316284179688e+01 -5.860476303100585938e+01 -1.190242671966552734e+01 -2.290070421095191655e-01 -2.352729775318063432e-01 -9.445646620044426678e-01
-4.813523101806640625e+01 7.287741088867187500e+01 -2.142553091049194336e+00 -5.104262543571370658e-01 7.034751462439478020e-01 -4.945581436797896191e-01
-6.401908874511718750e+01 -4.198383712768554688e+01 -2.088160133361816406e+01 -7.449932558027388962e-01 -3.832961479614764300e-01 -5.459570603686053625e-01
-5.673086166381835938e+01 6.205270290374755859e-01 -1.690029907226562500e+01 -3.223008366365481825e-01 9.117571876849429532e-03 -9.465933871448984904e-01
-5.002318572998046875e+01 -2.386591339111328125e+01 -1.689246559143066406e+01 -1.865297225846155316e-01 -1.440094124969451550e-01 -9.718374101179636515e-01
-3.661651229858398438e+01 7.528993225097656250e+01 -7.215928077697753906e+00 -3.240487435147786366e-01 6.247691428175871087e-01 -7.103913921279385590e-01
-7.221762084960937500e+01 5.475141143798828125e+01 1.684806060791015625e+01 4.858160923893943273e-01 -7.174515996685015828e-01 4.992453570225842685e-01
3.439249801635742188e+01 3.445149612426757812e+01 -9.418210029602050781e+00 -7.441558623354890822e-02 -1.097504193546256362e-01 9.911695949619324653e-01
-3.048328018188476562e+01 -2.635384178161621094e+01 -1.914134025573730469e+01 -4.833684324238839147e-02 -1.969587511746685032e-02 -9.986368819990166790e-01
2.424788856506347656e+01 6.550727844238281250e+01 -5.400046825408935547e+00 -9.821010313126724012e-02 -1.806470049954892465e-01 9.786324311145149224e-01
3.200481414794921875e+01 -9.427559971809387207e-01 -1.096961116790771484e+01 -1.067903365542064720e-01 5.028495688294367695e-03 9.942688460621464941e-01
1.704751968383789062e+01 2.723003387451171875e+01 -1.967486953735351562e+01 4.538046606325839977e-02 5.665656681162793695e-02 -9.973618434334656779e-01
1.474814224243164062e+01 5.568161010742187500e+00 -2.002112388610839844e+01 -3.615060946894680521e-02 2.577247131323448862e-02 -9.990139704515809127e-01
8.356795310974121094e+00 -3.733130645751953125e+01 -1.058294963836669922e+01 2.039791458562505502e-02 1.674041653183845901e-01 9.856773156132854208e-01
5.609468078613281250e+01 5.458692550659179688e+01 -1.027704715728759766e+01 2.386043059177963832e-01 2.673381894948472781e-01 -9.335942789215793125e-01
-5.302782058715820312e+00 -9.267584991455078125e+01 2.924606084823608398e+00 7.600228192256898441e-02 -7.193120149652796336e-01 6.905171093239844682e-01
8.234566497802734375e+01 -3.753986740112304688e+01 -5.486481189727783203e+00 6.601283370207653434e-01 -3.046776683256171570e-01 -6.865872829333966587e-01
6.991171264648437500e+01 3.403866052627563477e+00 -7.023917198181152344e+00 -1.255677124259943767e-01 5.020435766192333366e-02 9.908139442235643912e-01
-4.744473648071289062e+01 7.753519439697265625e+01 1.172078037261962891e+01 -5.879571738206774978e-02 5.043105053794714543e-04 9.982699080351176146e-01
-3.319622039794921875e+01 3.355349063873291016e+00 -5.923913002014160156e+00 3.355712034656956333e-01 -1.675557513190567560e-01 9.269935477685328218e-01
-4.731787872314453125e+01 5.731847763061523438e+01 -1.175558280944824219e+01 -3.813081136511911051e-01 4.694439527278797541e-01 -7.963833861344639109e-01
2.532137870788574219e+00 -8.195792388916015625e+01 -1.047340202331542969e+01 -7.226856458804206684e-02 -4.572214604477082278e-01 -8.864117500791879323e-01
1.593403720855712891e+01 -8.854615020751953125e+01 2.497853040695190430e+00 1.079290990457244248e-01 -5.438468127237671146e-01 8.322150887056650737e-01
2.943059158325195312e+01 -4.515868759155273438e+01 -1.684717750549316406e+01 2.889134324717114108e-02 -1.588290751668942069e-01 -9.868832834570677726e-01
-2.310968780517578125e+01 6.551005840301513672e+00 -2.068045616149902344e+01 2.321165043214696092e-02 -3.187671346228611313e-02 -9.992222447599228285e-01
7.129049897193908691e-01 -3.459711074829101562e+01 -1.904990386962890625e+01 -1.092955156156985436e-01 1.430903885725899431e-02 -9.939063042728323305e-01
-6.422753810882568359e+00 -7.442686462402343750e+01 -5.832152843475341797e+00 1.376912842936014840e-02 1.891105612902975741e-01 9.818592601339380943e-01
-1.581911468505859375e+01 4.294747543334960938e+01 -2.967165946960449219e+00 2.620832460235851258e-01 1.421723038338515432e-01 9.545152739355803329e-01
-7.257656097412109375e+01 1.102757644653320312e+01 -1.445784664154052734e+01 -8.740480040602550682e-01 2.287253414605836532e-01 4.286313156688666415e-01
-7.135649108886718750e+01 -2.965616798400878906e+01 -1.018713569641113281e+01 -8.349368530142066147e-01 -3.415310333926731001e-01 4.315518563376430361e-01
6.923366546630859375e+01 -3.327410507202148438e+01 -6.546073913574218750e+00 -9.939689707992868661e-02 3.918442114443123486e-02 9.942760371197014724e-01
8.193294525146484375e+01 1.561512947082519531e+01 -9.848221778869628906e+00 3.820281184972517119e-01 1.855079699836121032e-01 -9.053404385920300612e-01
-1.386558151245117188e+01 5.685931396484375000e+01 -1.612757301330566406e+01 7.042346341054382675e-02 4.184648606597879406e-01 -9.054985898355932816e-01
-1.150714993476867676e+00 -7.600250244140625000e-01 -1.336893939971923828e+01 6.125999625509660762e-02 2.448271953560618788e-02 9.978215317896114156e-01
5.060735702514648438e+01 -5.239564895629882812e+01 -1.794431495666503906e+01 -5.874745287013933837e-01 6.368473628043644919e-01 -4.992986226860655075e-01
-1.895230102539062500e+01 -5.521183967590332031e+00 -2.020564651489257812e+01 -1.184881685326294974e-02 -2.781032391722366645e-02 -9.995429912829147945e-01
2.431345176696777344e+01 -1.326897525787353516e+01 -1.232060337066650391e+01 -8.609745404527002766e-02 2.162650538961822383e-02 9.960519678568762192e-01
-4.550662612915039062e+01 3.151924324035644531e+01 -5.408492088317871094e+00 -2.596428475621320731e-01 -5.123018510530943925e-02 9.643448863575225793e-01
-4.176943969726562500e+01 -3.916306304931640625e+01 -8.437996864318847656e+00 8.839102997123045313e-02 5.541024440459011574e-02 9.945434785044083847e-01
7.073925781250000000e+01 3.546520233154296875e+01 -1.079080963134765625e+01 3.622814617448942842e-01 9.921536567125777140e-02 -9.267731403589022365e-01
7.342604064941406250e+01 -2.216004562377929688e+01 -1.504712677001953125e+01 9.240609368745313912e-01 -2.485370940068293566e-01 2.904146997746559489e-01
1.491076278686523438e+01 -5.201760482788085938e+01 -1.643939399719238281e+01 9.499012660789986351e-02 -1.441966992416151561e-01 -9.849792829165689989e-01
-6.564555358886718750e+01 2.365795516967773438e+01 -6.545145988464355469e+00 6.466830668634793167e-02 -7.046523947847262159e-02 9.954158227271464598e-01
6.721053314208984375e+01 -5.384288406372070312e+01 -9.516731262207031250e+00 4.834723655053899671e-01 -4.178516235778472199e-01 -7.691908036800619852e-01
2.761794090270996094e+00 -7.083405303955078125e+01 -2.074799537658691406e+01 -3.550325451479817429e-02 9.497478348277011984e-01 -3.109960918708639110e-01
4.355059432983398438e+01 3.622930049896240234e-01 -1.019145584106445312e+01 -5.941346766623414183e-02 -1.522920158572618060e-02 9.981172833284346346e-01
2.625790214538574219e+01 3.995944023132324219e+00 -1.997776412963867188e+01 5.461237723043518844e-02 3.347782369598995000e-02 -9.979462528482286876e-01
3.801532363891601562e+01 5.595207977294921875e+01 -1.386310291290283203e+01 -1.219916777779077449e-01 -2.349769162008767120e-01 -9.643152386049166358e-01
5.799571609497070312e+01 -2.697014045715332031e+01 -1.594975852966308594e+01 1.725013521131030791e-01 -2.638527406668959852e-02 -9.846558286180896458e-01
-3.649151229858398438e+01 5.296191406250000000e+01 -5.416551113128662109e+00 -1.850409155949293144e-02 1.528528514843139618e-01 9.880757078223671996e-01
-1.658091545104980469e+01 7.570951080322265625e+01 -1.043429660797119141e+01 -8.147144615562469661e-02 3.102925426704246648e-01 -9.471435695946173183e-01
1.493876743316650391e+01 3.650244903564453125e+01 -9.961976051330566406e+00 1.192472781553137809e-02 -7.176858688162614242e-02 9.973500242159418772e-01
-1.949105834960937500e+01 -8.480142974853515625e+01 -5.540584087371826172e+00 -1.704249041764851480e-01 -7.170296384410710377e-01 -6.758874533777816662e-01
-2.910762023925781250e+01 6.636956787109375000e+01 -5.203639984130859375e+00 -6.540919152670035541e-02 -1.821994991834909317e-01 9.810835745037771449e-01
-1.668544578552246094e+01 -2.188371467590332031e+01 -1.065555000305175781e+01 1.694918397872340610e-01 1.692127503683873713e-01 9.708962670431401376e-01
-6.589888000488281250e+01 3.884223937988281250e+01 -1.140872764587402344e+01 -2.995830277143944897e-01 -2.403957259243172662e-01 -9.232875524249186672e-01
4.635804367065429688e+01 -5.497736358642578125e+01 -6.803050041198730469e+00 -6.053630896860259791e-02 1.328398126867766371e-01 9.892870864727790758e-01
1.246052360534667969e+01 6.949226379394531250e+01 -1.689204788208007812e+01 -1.099293936249455816e-01 -9.649484447325268333e-01 -2.383065828413674092e-01
-2.043357849121093750e+01 2.279539108276367188e+01 -5.456058025360107422e+00 2.305581271328390747e-01 -2.713868202985077471e-01 9.344475072369036184e-01
5.000570297241210938e+01 6.736615753173828125e+01 -7.499808788299560547e+00 3.651678069941743932e-01 5.502496408396121419e-01 -7.509179752083068315e-01
-8.372286224365234375e+01 2.635908317565917969e+01 -2.936598062515258789e+00 -8.326489402582516464e-01 2.484960551809275997e-01 -4.949196428172233930e-01
6.245734405517578125e+01 -3.844936370849609375e+01 -1.809634590148925781e+01 -7.509273262389606352e-01 4.611051677327559495e-01 -4.727474748718945019e-01
-6.103713226318359375e+01 7.061789703369140625e+01 1.721293258666992188e+01 4.879638551059660712e-01 2.734691573252559516e-01 8.289185099284115399e-01
2.246091270446777344e+01 -6.740072631835937500e+01 -2.067313957214355469e+01 -2.630394435511254625e-01 8.970229903486250933e-01 -3.551900982886833091e-01
-3.450249481201171875e+01 8.643893432617187500e+01 1.086535358428955078e+01 -2.027446718369548262e-01 2.674488737154417928e-01 9.420009012681819227e-01
-2.017867851257324219e+01 -3.080537796020507812e+01 -1.972357749938964844e+01 9.673862149972236105e-03 -2.685121495946013459e-01 -9.632277206928742119e-01
3.587440872192382812e+01 -8.233737945556640625e+01 1.853224992752075195e+00 -3.518681285046876966e-02 1.981576264274738375e-01 9.795383827548851396e-01
5.705039215087890625e+01 4.076848983764648438e+01 -6.033502101898193359e+00 -1.798597290354264633e-01 -1.835603213923743815e-01 9.664140346050605901e-01
3.001786231994628906e+01 -2.271767997741699219e+01 -2.072552490234375000e+01 1.829649281038048803e-01 -4.400339716272785862e-02 -9.821341741952108739e-01
1.290594768524169922e+01 1.697915840148925781e+01 -1.200569152832031250e+01 1.582020910955397874e-02 -7.385589852747789785e-02 9.971434336325084580e-01
1.375324440002441406e+01 -7.099613189697265625e+00 -2.060601043701171875e+01 2.689732204771743684e-01 1.835814724220477534e-01 -9.454899521673882923e-01
5.190839767456054688e-01 -5.057490539550781250e+01 -9.557966232299804688e+00 6.457888331316916086e-02 4.820752195982031668e-02 9.967475119891283653e-01
4.122140502929687500e+01 -1.669512367248535156e+01 -1.896310043334960938e+01 1.113627141918450553e-01 4.941978778042488418e-02 -9.925502659631718627e-01
-4.179709625244140625e+01 -5.955679702758789062e+01 -5.552474975585937500e+00 2.885519184979270513e-01 2.573703564011088907e-01 9.222246418184302241e-01
8.624016571044921875e+01 -5.406260013580322266e+00 -8.574277877807617188e+00 6.901133984929040954e-01 -3.211915155472638839e-02 -7.229881446635059161e-01
5.097513580322265625e+01 -2.073199272155761719e+01 -9.780924797058105469e+00 -6.729004136531132121e-03 1.238178506056657607e-01 9.922821475642518152e-01
-5.418247604370117188e+01 -2.744677066802978516e+00 -6.413352966308593750e+00 -1.687276893057036431e-01 -4.671982540897433311e-02 9.845548358396869482e-01
4.706073760986328125e+01 -7.281461334228515625e+01 -8.393670082092285156e+00 3.184158859973750810e-01 -5.659912844990290237e-01 -7.604374986911454082e-01
7.330369567871093750e+01 -5.035519409179687500e+01 -9.345149993896484375e-01 -5.489714983178508589e-01 3.690601916640025015e-01 7.499499109697818078e-01
-1.099437427520751953e+01 1.770318603515625000e+01 -2.123725509643554688e+01 3.246214166511871696e-02 -8.786152636917987646e-02 -9.956036166781394581e-01
-1.376627540588378906e+01 -5.112717056274414062e+01 -8.932466506958007812e+00 -9.030687203967947829e-02 1.831012420164266075e-01 9.789374872965336261e-01
-3.018710136413574219e+01 -1.079875373840332031e+01 -2.011830711364746094e+01 5.612152974783222309e-02 -7.245567056119769922e-02 -9.957914187731737865e-01
-3.121274948120117188e+01 -5.641600418090820312e+01 -1.472474098205566406e+01 -7.741385586478462255e-02 -2.005050236990737200e-01 -9.766293208743940246e-01
-4.495198822021484375e+01 -4.744084548950195312e+01 -1.494422435760498047e+01 -1.408449923343576271e-01 -1.550760518671197574e-01 -9.778108744903798444e-01
2.837341690063476562e+01 6.431652832031250000e+01 -1.980669593811035156e+01 -3.084862333296968240e-01 -5.764015261499203513e-01 -7.567017407790856964e-01
-1.715859031677246094e+01 8.233459472656250000e+00 -1.150110435485839844e+01 4.372850479640018606e-01 -2.939271895901180431e-01 8.499344645599301584e-01
-3.676061630249023438e+01 1.391454601287841797e+01 -4.304186820983886719e+00 4.501404418208866665e-02 -1.190133434289175618e-02 9.989154589189375155e-01
-2.219038963317871094e+01 -1.181111812591552734e+01 -1.051413822174072266e+01 1.845846130812533736e-01 6.871940223637275358e-02 9.804112220746554751e-01
2.096112966537475586e+00 4.832042694091796875e+01 -7.969202041625976562e+00 2.084657033752544131e-01 -5.821894835124696854e-02 9.762953469975851339e-01
3.671404266357421875e+01 7.651708984375000000e+01 -6.409884929656982422e+00 3.192275053247061734e-01 6.067928571375135194e-01 -7.279397147917248123e-01
-5.312951278686523438e+01 -2.899436759948730469e+01 -7.853688240051269531e+00 6.601206614289287233e-02 2.711826046916528902e-03 9.978151397543721934e-01
1.785730004310607910e+00 -1.894791793823242188e+01 -1.978268051147460938e+01 -6.593508730296157583e-02 -5.379140592605650972e-02 -9.963729466975952409e-01
-1.608016395568847656e+01 -3.720707321166992188e+01 -9.677898406982421875e+00 3.998687873279832550e-02 3.996012558847174961e-02 9.984008402901922707e-01
2.483119010925292969e+01 4.901782989501953125e+01 -1.649351310729980469e+01 1.367480514225028754e-01 1.328123614557172871e-01 -9.816622876920068075e-01
6.304241561889648438e+01 3.626995086669921875e+00 -1.542107295989990234e+01 1.081389596570855871e-01 1.013929186005059664e-02 -9.940840810338228417e-01
-3.167896461486816406e+01 -2.237352371215820312e+01 -8.960464477539062500e+00 9.792113030207952318e-02 -4.755425703863885162e-02 9.940573649834631986e-01
8.331233215332031250e+01 -1.809833145141601562e+01 -1.000984573364257812e+01 5.431470265024710420e-01 -4.889702899148498649e-02 -8.382126151265738567e-01
2.618835258483886719e+01 4.167941284179687500e+01 -8.597143173217773438e+00 -5.586630310742073807e-02 -5.262585747142844994e-01 8.484874004467005681e-01
-1.057265853881835938e+01 -1.453868770599365234e+01 -2.050783157348632812e+01 7.633290996668015693e-02 7.229117891518678507e-03 -9.970561803181049454e-01
1.525683999061584473e+00 8.534580993652343750e+01 2.005373954772949219e+00 -1.090944511428204068e-02 -8.700760241241294324e-01 4.927968103099347186e-01
6.712504577636718750e+01 5.581348419189453125e+01 -3.219340085983276367e+00 4.871691894024721137e-01 3.072329051502334374e-01 8.174803501552108109e-01
-6.255089950561523438e+01 5.524923706054687500e+01 4.936800003051757812e-01 4.271339102585253178e-01 -4.060710454908890155e-01 8.078755651220046463e-01
7.155369567871093750e+01 4.357841110229492188e+01 -1.495229005813598633e+00 3.238662292698287204e-01 2.765598465290853292e-01 9.047791536205680440e-01
-1.126136064529418945e+00 3.057544136047363281e+01 -2.009474754333496094e+01 5.281359907956004185e-02 -4.078581650500563011e-02 -9.977711365459934756e-01
-6.519638824462890625e+01 -2.138623046875000000e+01 -1.693621826171875000e+01 8.541473433507541513e-01 2.819417732622327977e-01 -4.369681365232442882e-01
1.562639522552490234e+01 -7.047734832763671875e+01 -6.313385009765625000e+00 -1.242287250190208907e-02 1.294918652087422850e-01 9.915026621666541695e-01
-1.237479972839355469e+01 3.260159683227539062e+01 -4.612998962402343750e+00 3.754752815335727911e-01 -2.472312332944349711e-01 8.932497020659995179e-01
-3.105513763427734375e+01 -3.906054306030273438e+01 -8.322631835937500000e+00 1.416012841979538694e-02 2.503751849859930587e-02 9.995862211087982452e-01
6.692034912109375000e+01 2.030435943603515625e+01 -1.577038097381591797e+01 -6.391193923043884118e-01 -1.394879809070324883e-01 -7.563527652907395815e-01
7.776169776916503906e+00 5.722254943847656250e+01 -7.520895004272460938e+00 4.978661920522747114e-02 -1.681286124811238736e-01 9.845070148116191744e-01
-5.093225002288818359e+00 9.826475143432617188e+00 -1.280136775970458984e+01 5.342586615498636643e-02 -7.175945907790798328e-02 9.959900887350414678e-01
-2.511556434631347656e+01 5.715496063232421875e+01 -1.464514732360839844e+01 -1.547461874986579000e-01 4.413965022478210654e-01 -8.838680587384180054e-01
8.023084259033203125e+01 2.766650581359863281e+01 3.336949944496154785e-01 -5.025687622193149018e-01 -1.109052399194772331e-01 8.573941141620631257e-01
4.242884063720703125e+01 -5.576190948486328125e+00 -1.880439376831054688e+01 8.255213832650369621e-03 -1.041357080500420751e-01 -9.945288360593138588e-01
-3.304606246948242188e+01 3.469325256347656250e+01 -2.139566898345947266e+00 -1.804411357309808894e-01 -1.421046714484639206e-01 9.732662836493606306e-01
1.871372222900390625e+01 5.571316146850585938e+01 -4.829806804656982422e+00 -1.671722570900439631e-01 1.434064788268972490e-01 9.754424730807506050e-01
4.023981857299804688e+01 1.569713306427001953e+01 -1.850191497802734375e+01 1.344239987432030714e-01 5.847141618954267844e-02 -9.891972917728175663e-01
-7.218900299072265625e+01 1.563866615295410156e+01 -4.161231994628906250e+00 2.259279414751012016e-01 1.119264889437837501e-01 9.676926300915701384e-01
-1.671761894226074219e+01 -6.368612289428710938e+01 -7.339715003967285156e+00 7.006537475621750499e-02 1.824373777800059881e-01 9.807178220308969685e-01
4.670216369628906250e+01 5.017363739013671875e+01 -1.418336677551269531e+01 -2.711923763874579119e-01 -3.358039768178866513e-01 -9.020478835087500924e-01
-3.838918924331665039e+00 7.472145843505859375e+01 -1.214127635955810547e+01 -5.575355680938720061e-03 8.647351740500263118e-01 -5.021971666285082181e-01
4.430467987060546875e+01 2.501970672607421875e+01 -9.434571266174316406e+00 -9.969149165080401498e-02 -8.277818431700671720e-02 9.915691497286597267e-01
-3.052581214904785156e+01 8.455794525146484375e+01 1.290431022644042969e+00 -3.289343759421350377e-01 8.155866502047061095e-01 -4.760468383798222014e-01
6.171423339843750000e+01 -6.435837554931640625e+01 -6.556436061859130859e+00 4.299274559548472152e-01 -5.523339431042886272e-01 -7.142055711845584076e-01
9.487322807312011719e+00 -6.591719985008239746e-01 -1.358754062652587891e+01 -4.644245825733384070e-02 -9.027153582712892088e-02 9.948337287659817507e-01
4.539987087249755859e+00 3.668676376342773438e+01 -9.588837623596191406e+00 1.385234540332973274e-01 -1.690503499590076120e-01 9.758243857689875567e-01
-3.718419265747070312e+01 3.425930786132812500e+01 -1.939264869689941406e+01 -2.130214663599947766e-01 2.173317921353289106e-01 -9.525695496902489845e-01
2.548760795593261719e+01 -5.176497268676757812e+01 -9.473571777343750000e+00 -3.105265822644389870e-02 5.191025382030085844e-02 9.981688524319838329e-01
2.147860145568847656e+01 8.589723968505859375e+01 -1.225875973701477051e+00 3.373730804417831020e-01 9.353625420078438557e-01 1.061900164885870995e-01
2.101496315002441406e+01 8.303514480590820312e+00 -1.237774467468261719e+01 -4.960767572447787044e-02 -5.083239380630148740e-02 9.974743837558617265e-01
1.327277946472167969e+01 -6.599642181396484375e+01 -1.514330863952636719e+01 -4.978917604676939834e-02 3.094658918696064909e-01 -9.496061813814886676e-01
3.172602844238281250e+01 -3.832378387451171875e+01 -9.694084167480468750e+00 -1.333018386764491803e-01 -8.001769677819696447e-02 9.878399607263265159e-01
1.353784465789794922e+01 4.326701736450195312e+01 -1.797860717773437500e+01 2.373188866752457687e-02 1.856679113458644392e-01 -9.823259256258771721e-01
-3.020269393920898438e+01 -4.652298355102539062e+01 -1.671762084960937500e+01 -5.022050728356139415e-02 -1.940128327024705501e-01 -9.797126728765659376e-01
-8.152949523925781250e+01 1.163175868988037109e+01 -9.516157150268554688e+00 -6.134870149096256498e-01 7.327016209337795793e-02 -7.862983949392793326e-01
-6.065536117553710938e+01 -3.026268386840820312e+01 -1.491412258148193359e+01 4.422313116203430705e-01 2.271967288557547315e-01 -8.676480354497414504e-01
1.068244457244873047e+01 -2.397964859008789062e+01 -2.020651054382324219e+01 -1.620457622736505565e-01 1.518578344808766030e-02 -9.866663888621215461e-01
8.812902069091796875e+01 8.647481918334960938e+00 -5.659466743469238281e+00 7.533351257802365364e-01 8.230731011356431925e-02 -6.524658573194038746e-01
-5.034865951538085938e+01 -1.937382888793945312e+01 -7.694736003875732422e+00 3.170872929940766749e-01 8.979714096542544544e-02 9.441356481439115989e-01
6.347846221923828125e+01 3.108198356628417969e+01 -1.655801582336425781e+01 -6.452586646963007766e-01 -3.507245941655158794e-01 -6.786998708426139615e-01
-5.769473266601562500e+01 3.582983016967773438e+01 -2.029082870483398438e+01 8.176159675521479375e-01 -4.893733762123419484e-01 3.033444053519011585e-01
-6.167697143554687500e+01 5.235824584960937500e+01 -9.405702590942382812e+00 -3.767056723733845924e-01 3.698001537683018314e-01 -8.493177748491176349e-01
-1.068925571441650391e+01 6.591722106933593750e+01 -6.194439888000488281e+00 8.990262517444062851e-02 -2.096433905325992275e-01 9.736360545875137884e-01
-1.437925148010253906e+01 8.754498291015625000e+01 8.058314323425292969e+00 2.170035426649371268e-01 -4.532757281774070224e-01 8.645522405940015975e-01
2.937530326843261719e+01 3.113647842407226562e+01 -1.803902626037597656e+01 1.273251784704980405e-01 8.851278380825286507e-02 -9.879037331794882082e-01
4.093922424316406250e+01 6.734400939941406250e+01 -3.396183967590332031e+00 -2.082344543285660210e-01 -3.120743955037171835e-01 9.269563008586079178e-01
3.053201675415039062e+01 1.944464683532714844e+01 -1.920523834228515625e+01 3.886055934467402568e-03 5.078729310973523897e-02 -9.987019322239545360e-01
-6.151463699340820312e+01 6.512602233886718750e+01 1.722219944000244141e+00 -5.713800362878295180e-01 6.269207989070449960e-01 -5.296179434549693754e-01
4.795401096343994141e+00 7.343804931640625000e+01 -4.912243843078613281e+00 1.723904391957743407e-02 -2.379324453690554453e-01 9.711287076414950592e-01
6.377517318725585938e+01 -4.328808975219726562e+01 -6.496140956878662109e+00 -1.280137815028576098e-01 1.199123407386478574e-01 9.844965730178633079e-01
-1.369225215911865234e+01 -7.882184600830078125e+01 -1.094250011444091797e+01 -1.874864416031644596e-02 -2.009484115672344751e-01 -9.794223931638256220e-01
-4.633546829223632812e+00 -2.957791709899902344e+01 -1.113574218750000000e+01 7.743162296472139161e-02 1.724636761899331072e-01 9.819677307122179899e-01
-1.901633262634277344e+01 3.921346282958984375e+01 -2.205384445190429688e+01 1.380139514380221075e-02 8.447334304529259541e-02 -9.963301540186551009e-01
3.881992340087890625e+01 4.861276626586914062e+01 -7.299341201782226562e+00 -9.911509152269994127e-02 -1.295170802239572760e-01 9.866111313798906490e-01
4.160700988769531250e+01 3.768050003051757812e+01 -1.575048828125000000e+01 1.473900472797391725e-01 1.136916587052690802e-01 -9.825224581167195659e-01
-6.301968383789062500e+01 2.587101936340332031e+01 -1.630414199829101562e+01 8.096038642559032494e-01 -3.401639777123501296e-01 -4.783618413385629653e-01
-4.212490463256835938e+01 -3.087017250061035156e+01 -1.746332740783691406e+01 -1.291608768066221657e-01 -7.260298776624229955e-02 -9.889622207495893935e-01
9.888826370239257812e+00 5.339975357055664062e+01 -1.628300857543945312e+01 7.887600652314583072e-02 1.891840015562822608e-01 -9.787686085843340100e-01
3.870568084716796875e+01 6.552124023437500000e+01 -2.034867858886718750e+01 7.228923898687364402e-02 1.492521504078161698e-01 -9.861531633196445323e-01
-4.094731521606445312e+01 -7.691965484619140625e+01 -4.763394832611083984e+00 -4.340884768457554110e-01 -6.952853343160604327e-01 -5.728398538463750356e-01
-6.180432510375976562e+01 3.391175031661987305e+00 -7.505702972412109375e+00 -2.238617176796865726e-02 -2.652982591681240024e-02 9.993973322209732668e-01
-7.970635890960693359e+00 8.313315582275390625e+01 -7.645634174346923828e+00 -2.885105694897979051e-02 6.179675020334679525e-01 -7.856740946113995872e-01
-4.154782485961914062e+01 -6.630606842041015625e+01 -1.919365882873535156e+01 -4.923839536685427620e-01 -7.674303195576220871e-01 4.106199542075619768e-01
6.879296875000000000e+01 -5.385486125946044922e+00 -1.538326740264892578e+01 -4.435925930094060110e-01 1.199057270564718621e-02 -8.961483345927625521e-01
-4.615928173065185547e+00 -6.043876647949218750e+01 -1.627699851989746094e+01 -6.010212376922634270e-02 -3.587926002301929373e-01 -9.314803297646631064e-01
7.331610107421875000e+01 1.245461940765380859e+01 -6.388648986816406250e+00 -2.172497727504430487e-01 -6.911727045872151365e-02 9.736659279055710492e-01
-1.988932609558105469e+01 6.528956604003906250e+01 -1.527518653869628906e+01 3.065078914118755660e-01 -7.971020132518770174e-01 -5.202704037056598008e-01
-7.669771194458007812e+00 -2.791265964508056641e+00 -2.026771354675292969e+01 1.196943974932380139e-01 -1.356745290726580622e-01 -9.834966565116748383e-01
-3.990137481689453125e+01 5.170289611816406250e+01 -1.440712547302246094e+01 8.134830254025708640e-02 6.287403356057348625e-02 -9.947006130377333832e-01
9.401886940002441406e+00 2.122236251831054688e+01 -1.995098114013671875e+01 4.099748277867056034e-02 2.500559665683342939e-03 -9.991561207374807241e-01
-3.081822204589843750e+01 2.465667915344238281e+01 -2.103819084167480469e+01 -1.020472381409032320e-01 -8.802053913155178863e-03 -9.947406119359578636e-01
-6.007027816772460938e+01 -5.709085845947265625e+01 -9.477724075317382812e+00 -5.133237657938120035e-01 -5.123089904840225639e-01 -6.885043280477629590e-01
2.518681526184082031e+01 -8.266143798828125000e+01 -7.868369102478027344e+00 2.167434721198151504e-01 -6.945213531958535080e-01 -6.860483636365936055e-01
1.439409542083740234e+01 -4.245951080322265625e+01 -1.822866630554199219e+01 -2.036848495643039658e-01 8.636727969676362415e-02 -9.752195522320847854e-01
-7.572529792785644531e+00 -4.154424667358398438e+01 -1.929355812072753906e+01 2.160918249499592728e-02 2.045447904207973316e-02 -9.995572307371974885e-01
-2.327465820312500000e+01 -6.714144134521484375e+01 -1.670347404479980469e+01 2.959351588264381161e-01 8.192830883596075031e-01 -4.911187258681085632e-01
-4.406372451782226562e+01 5.905028533935546875e+01 -2.064462852478027344e+01 4.549145792468129584e-02 4.739104595622561922e-01 -8.793971819225815389e-01
-1.129565000534057617e+00 -1.052352619171142578e+01 -1.302325439453125000e+01 1.163272972275661704e-01 1.512574986682815037e-01 9.816257581259490994e-01
5.302118301391601562e+01 7.880434989929199219e+00 -8.882037162780761719e+00 6.069350294496130699e-02 3.398613980192818906e-02 9.975776866999551684e-01
4.049562454223632812e+01 -3.398083877563476562e+01 -1.820034027099609375e+01 1.155013773893217577e-01 -1.614982394760721973e-01 -9.800906848181442088e-01
-3.202362823486328125e+01 6.677983093261718750e+01 -1.432180404663085938e+01 -3.890603681003519942e-01 8.586766949696800211e-01 3.336260833471590970e-01
-7.352981567382812500e+01 5.312128448486328125e+01 3.659348011016845703e+00 -7.139072785800942844e-01 5.267073987548489544e-01 -4.614279073563541944e-01
-4.845710754394531250e+01 -6.623940277099609375e+01 -1.465326070785522461e+00 3.279627922872718759e-01 3.081320598231787611e-01 8.930257782305394132e-01
5.219549942016601562e+01 -4.182226181030273438e+00 -9.967228889465332031e+00 -2.746321147104986010e-02 -1.252557109137902511e-02 9.995443372279846361e-01
2.344185447692871094e+01 -7.066655158996582031e+00 -2.040385437011718750e+01 -2.054506798398954802e-03 2.933475516011362083e-02 -9.995675320564947341e-01
9.321513366699218750e+01 1.471503734588623047e+01 3.185549974441528320e+00 7.227695954475855666e-01 6.512149282576903397e-01 2.313508787769450459e-01
2.387038993835449219e+01 7.390322875976562500e+01 -1.012425231933593750e+01 2.874747539340894442e-01 1.830588826620954124e-01 -9.401317521119260112e-01
-5.771853637695312500e+01 1.005624103546142578e+01 -1.598965167999267578e+01 -2.496544085349691744e-01 8.046029631318898923e-02 -9.649864335918140190e-01
4.969305801391601562e+01 -3.031596946716308594e+01 -8.978886604309082031e+00 6.731422722405121239e-02 -5.070222049313235363e-02 9.964427126786037370e-01
-7.037580871582031250e+01 3.037382507324218750e+01 -1.135369777679443359e+01 -3.009229320375677585e-01 2.798885643840836046e-01 -9.116511287224571269e-01
3.613806152343750000e+01 -1.188747882843017578e+01 -1.103517341613769531e+01 -5.693132829160695713e-02 3.674990976519803415e-02 9.977014924270701801e-01
5.221871185302734375e+01 1.262017536163330078e+01 -1.723323822021484375e+01 -6.005338499983588901e-02 2.456753468731672219e-01 -9.674901626832236312e-01
-5.638388824462890625e+01 -1.203492546081542969e+01 -7.587953090667724609e+00 -7.037384610837299839e-03 -7.312076617378883425e-02 9.972982646991808142e-01
9.799766540527343750e+00 -4.700330352783203125e+01 -1.015576457977294922e+01 -6.767908849957545749e-03 6.665089617926638066e-02 9.977534031253911806e-01
-7.655969238281250000e+01 4.333716201782226562e+01 -1.535403966903686523e+00 -7.809538834851026401e-01 4.981108145823339162e-01 -3.768244263123879390e-01
5.541473388671875000e+01 -4.434002685546875000e+01 -1.573471736907958984e+01 -3.282170228042458615e-01 3.360042847422324286e-01 -8.828220129654550385e-01
8.573336601257324219e+00 3.147464370727539062e+01 -1.970841217041015625e+01 5.903866625415857793e-03 4.920231773083972443e-02 -9.987713833950103703e-01
5.142701148986816406e+00 6.405034637451171875e+01 -1.379924011230468750e+01 4.264063340814088637e-02 1.262373880088722700e-01 -9.910831944147019401e-01
-3.888801956176757812e+01 -4.207839965820312500e+00 -5.653792858123779297e+00 1.590323478575359217e-01 -1.601164344611029078e-01 9.742029766688167225e-01
5.816886138916015625e+01 3.902378845214843750e+01 -1.528354835510253906e+01 -5.944955892539600661e-01 -4.343132557665856375e-01 -6.767178069350734404e-01
-4.543602371215820312e+01 5.001824951171875000e+01 -5.922196865081787109e+00 -1.245100800040528505e-01 6.752544993558630415e-02 9.899179529579110737e-01
9.144827270507812500e+01 -8.259800076484680176e-02 -2.790763854980468750e+00 8.391404059562259654e-01 4.368802039084314359e-02 -5.421574826246978729e-01
3.425956726074218750e+01 5.905775833129882812e+01 -5.801167964935302734e+00 -9.444169126607099285e-02 -2.064548814113702502e-01 9.738876469553462423e-01
7.839450836181640625e+01 2.951746177673339844e+01 -8.833274841308593750e+00 4.433958379122631688e-01 2.476970918626555107e-01 -8.614210826331480941e-01
-1.906947016716003418e+00 4.744900512695312500e+01 -1.881794166564941406e+01 2.000097004022253488e-01 2.444678193421220280e-01 -9.488053567782591680e-01
-2.180359959602355957e-01 6.007394790649414062e+00 -2.001121520996093750e+01 8.271716946019233574e-02 -5.659105554515252157e-02 -9.949649854687245831e-01
-5.320458221435546875e+01 7.376543045043945312e+00 -6.259485244750976562e+00 -2.331211421497048075e-01 7.863468594708568349e-02 9.692631836858450756e-01
-4.885451507568359375e+01 6.596840667724609375e+01 -8.446794509887695312e+00 -3.871944473656133701e-01 4.490143566966373068e-01 -8.052742187662176310e-01
2.048583984375000000e+01 -7.348405456542968750e+01 -1.382314395904541016e+01 2.750928478446262870e-01 -9.436172296248782621e-01 1.841478998517311616e-01
-4.004835510253906250e+01 -1.792943382263183594e+01 -7.528625011444091797e+00 1.251083127553569152e-01 -1.842021554950404316e-01 9.748935716223021686e-01
2.932870292663574219e+01 -6.479277801513671875e+01 -6.653336048126220703e+00 -1.258214533668507162e-02 4.505179720071625371e-02 9.989054135340904583e-01
3.561005115509033203e+00 1.809994697570800781e+01 -1.191356563568115234e+01 1.499324094036736700e-02 -1.916323403849868046e-01 9.813522552298316048e-01
-2.560850715637207031e+01 -3.831279754638671875e+01 -1.852917861938476562e+01 1.926674135956685935e-02 -8.812995939704941495e-02 -9.959226390307923671e-01
3.922870254516601562e+01 -6.622529602050781250e+01 -1.518419933319091797e+01 3.051830119968220179e-01 -9.076675382873935494e-01 2.881023587682865483e-01
2.278113937377929688e+01 -3.845582962036132812e+01 -1.813974189758300781e+01 1.875242067519377470e-02 -1.057884362975672898e-01 -9.942118252487928132e-01
-7.148812103271484375e+01 2.504913902282714844e+01 -1.995954132080078125e+01 -9.099771722130998164e-01 3.566360743017566448e-01 -2.115472915394628339e-01
-5.232032394409179688e+01 6.489660644531250000e+01 1.166630014777183533e-01 4.701281359160329187e-01 -5.761888985688609077e-01 6.685700329704579170e-01
-5.370248413085937500e+01 5.024929428100585938e+01 -1.449647426605224609e+01 -7.220898713622176945e-01 6.706144439749586184e-01 1.698896265469229672e-01
-2.508263206481933594e+01 -5.690686416625976562e+01 -7.708176136016845703e+00 1.282647054396031105e-01 2.632665757608819712e-01 9.561583945276178609e-01
1.362967205047607422e+01 -2.790119171142578125e+01 -1.155877208709716797e+01 -1.639742229180497779e-02 1.161809409307532487e-01 9.930927013661056124e-01
-1.037189674377441406e+01 1.916161060333251953e+00 -1.260095787048339844e+01 1.117177472182496190e-01 5.139582374727054252e-03 9.937266876005156346e-01
1.059367752075195312e+01 -7.603324127197265625e+01 -1.188632297515869141e+01 9.194448250502634812e-02 -4.491784149451131247e-01 -8.886984661201338120e-01
-1.805212402343750000e+01 5.181756210327148438e+01 -5.245734214782714844e+00 9.821656497988415224e-02 1.887081671989082610e-01 9.771093766800014180e-01
7.825885009765625000e+01 -8.393493652343750000e+00 -1.965688896179199219e+01 9.839370440754308111e-01 -8.495155780081758978e-02 1.570067709473644824e-01
-6.767966461181640625e+01 -1.530018043518066406e+01 -6.614215850830078125e+00 1.637024984478812895e-01 2.113137606841020144e-02 9.862834059981829826e-01
5.278536987304687500e+01 -3.553395080566406250e+01 -1.586143016815185547e+01 1.418685116108112099e-01 -1.140766469790624599e-01 -9.832903152311364137e-01
6.755414581298828125e+01 -1.230752754211425781e+01 -7.988593101501464844e+00 -1.921449980881721753e-01 2.040771959328338894e-02 9.811543327584597574e-01
5.462148284912109375e+01 5.538772583007812500e+01 -1.943122100830078125e+01 6.699764210058073433e-01 6.662536845972952815e-01 -3.274715606839424531e-01
-7.687171173095703125e+01 3.277532100677490234e+00 -1.153555488586425781e+01 -2.920203767003760609e-01 2.239332121066279352e-02 -9.561499039151374335e-01
-2.440689659118652344e+01 -8.575077056884765625e+01 5.536986827850341797e+00 2.493428915842119953e-01 3.090538276053583777e-01 9.177765817773415602e-01
-6.075268173217773438e+01 -7.661861896514892578e+00 -1.540863132476806641e+01 -2.758159012491204765e-01 2.157174162410866944e-02 -9.609683910417855524e-01
-2.073747634887695312e+01 2.718123054504394531e+01 -2.173762321472167969e+01 6.252691079848110567e-02 -9.999344116935802995e-02 -9.930214988353017747e-01
-6.117263412475585938e+01 6.409912109375000000e+01 1.076732540130615234e+01 4.693699251348604773e-01 -6.729563364177314488e-01 5.716831663204022806e-01
2.333355331420898438e+01 -2.899599266052246094e+01 -2.095456886291503906e+01 -1.684765252118283069e-02 -1.633971075111157190e-01 -9.864165154038765371e-01
6.204536819458007812e+01 2.116795539855957031e+01 -8.143952369689941406e+00 -2.446710717407778457e-01 -1.174984604021150764e-01 9.624604815037092198e-01
-5.318650817871093750e+01 2.361630630493164062e+01 -6.909315109252929688e+00 -2.521609780887806296e-01 1.058425265032841428e-01 9.618795146548817510e-01
5.064088058471679688e+01 -6.128688812255859375e+01 -1.995907783508300781e+01 3.942903156703964629e-01 -5.061090195242470280e-01 -7.670650606856921350e-01
-3.429188919067382812e+01 -8.202655792236328125e+01 6.266809940338134766e+00 4.816174580002813461e-03 -1.471988861423738360e-01 9.890951887360788231e-01
-3.899372100830078125e+01 -8.631798744201660156e+00 -2.100659179687500000e+01 1.223414273436492783e-01 -9.326536409870109234e-02 -9.880962235607699817e-01
4.820473861694335938e+01 -4.620432662963867188e+01 -8.154146194458007812e+00 -5.047236524335546592e-02 1.771844991266114666e-01 9.828825940141544537e-01
-3.957853698730468750e+01 7.243054962158203125e+01 8.976200222969055176e-01 5.418191588418136417e-01 -6.584898001397595513e-01 5.223247861473250264e-01
-7.349406433105468750e+01 -4.840456008911132812e+00 -2.003709983825683594e+01 -4.398876886484749948e-01 -8.592451013039463514e-02 -8.939327714847207229e-01
-5.339556121826171875e+01 -3.858167266845703125e+01 -7.392745018005371094e+00 1.857110238918122380e-01 8.660387271407873899e-02 9.787804579352706869e-01
3.892669296264648438e+01 8.142930030822753906e+00 -1.051858329772949219e+01 -1.089912061852763153e-01 2.441967153578568708e-02 9.937427215413267012e-01
8.477559661865234375e+01 -1.245219230651855469e+01 -3.129354953765869141e+00 -6.696926578814801356e-01 6.838481341330297780e-02 7.394831041166974872e-01
3.961149597167968750e+01 -4.269263839721679688e+01 -9.588879585266113281e+00 -2.678255922535965894e-02 7.453535512750160408e-02 9.968586536502340723e-01
4.743464660644531250e+01 2.125323867797851562e+01 -1.697031974792480469e+01 1.079488660306993364e-01 1.056009075019152949e-01 -9.885319876753903001e-01
5.051925277709960938e+01 4.923904037475585938e+01 -5.628468990325927734e+00 -1.840534587471714112e-01 -1.794262963349668449e-01 9.664008115201061511e-01
5.904015350341796875e+01 -5.721430969238281250e+01 -1.143832015991210938e+01 2.226563719870434388e-01 -1.511658654899818710e-01 -9.631059241455386388e-01
-8.282331085205078125e+01 4.336929702758789062e+01 1.327182483673095703e+01 -7.970237390527659116e-01 -6.038471780578777981e-01 1.103380885669262915e-02
-5.060897064208984375e+01 -5.850214385986328125e+01 -2.094070243835449219e+01 -2.239141904503818004e-01 -4.917523981849984960e-01 -8.414523243739080449e-01
-2.179915428161621094e+01 8.299166870117187500e+01 2.781713962554931641e+00 2.219611298012255096e-01 -7.917508528893971720e-01 5.690903652376093635e-01
7.706075286865234375e+01 -3.267802810668945312e+01 -1.093512725830078125e+01 3.322966204303715032e-01 -9.108653919952534872e-02 -9.387663172628250008e-01
2.897413444519042969e+01 5.673758316040039062e+01 -1.435502052307128906e+01 1.154659590628168142e-01 2.612978407197032449e-01 -9.583272148556173375e-01
4.239096069335937500e+01 -5.015514755249023438e+01 -1.483429718017578125e+01 3.887561486557847973e-02 -1.032788890571355866e-01 -9.938924276016731785e-01
-4.066083908081054688e+01 5.688901901245117188e+00 -2.092176818847656250e+01 -5.133253709597724451e-02 1.431992398338297924e-02 -9.985789455082658694e-01
-7.328229522705078125e+01 -1.865359306335449219e+01 -1.979086875915527344e+01 -6.346447227070881603e-01 -8.265727360064337170e-02 -7.683709072192618228e-01
7.367080688476562500e+01 -1.887281990051269531e+01 -6.722313880920410156e+00 -1.463549031925695798e-01 5.993419088610092184e-03 9.892139916312959746e-01
2.402311897277832031e+01 1.720113372802734375e+01 -1.126717948913574219e+01 -2.053516320511165894e-01 -1.110182345786342867e-01 9.723711528037974894e-01
-2.894166755676269531e+01 5.752537155151367188e+01 -6.513173103332519531e+00 1.010336134237348193e-01 -2.023566811341812391e-02 9.946771972326232669e-01
1.743803787231445312e+01 -1.960497283935546875e+01 -1.243626976013183594e+01 -9.706440169854625710e-02 8.851383587915510887e-02 9.913343546860773348e-01
8.669025421142578125e+00 -6.317729949951171875e+01 -8.115163803100585938e+00 -4.545616879009477251e-02 2.152015243344700401e-01 9.755111688971310757e-01
-6.789472198486328125e+01 -4.039797592163085938e+01 -1.132563686370849609e+01 -6.846868237623494613e-01 -1.517516753258086049e-01 -7.128642103528806118e-01
-2.046457672119140625e+01 6.949872589111328125e+01 -5.259562015533447266e+00 4.785331331946855726e-02 -1.311383903047697030e-01 9.902084543128395477e-01
-5.513513183593750000e+01 -4.226875686645507812e+01 -2.055506706237792969e+01 8.203127261907585677e-01 5.694394564693668892e-01 5.315765857670572136e-02
-1.703701782226562500e+01 7.332570648193359375e+01 -2.073156547546386719e+01 4.328929579583119802e-02 4.992485158618187868e-01 -8.653767712847810767e-01
8.842084884643554688e+00 -8.016911315917968750e+01 -4.289415836334228516e+00 -7.341412479466910557e-02 4.132153384446559108e-01 9.076692406128464841e-01
3.131882476806640625e+01 -2.952880668640136719e+01 -1.012348842620849609e+01 -3.003520871249529822e-01 2.143843418556788949e-01 9.294234652335779945e-01
-6.275736618041992188e+01 4.408853149414062500e+01 -5.063965797424316406e+00 1.856309967864640531e-01 -1.282055769808946311e-01 9.742199254085598392e-01
-4.857070922851562500e+01 3.976670837402343750e+01 -6.245451927185058594e+00 -3.049458137129976154e-01 -5.474806332104600187e-02 9.507947729460404229e-01
-2.675292587280273438e+01 6.340739440917968750e+01 -2.056709098815917969e+01 3.744434939667986434e-02 -1.498310312959715285e-01 -9.880023192073210669e-01
3.417761993408203125e+01 2.337578964233398438e+01 -1.010638809204101562e+01 -2.573480744126429264e-03 3.695144863271510732e-02 9.993137483497379625e-01
4.272544097900390625e+01 6.274319839477539062e+01 -1.098400688171386719e+01 3.047271004818902784e-01 4.491127960519791795e-01 -8.399042151663921318e-01
-3.996921539306640625e+01 6.191650772094726562e+01 -1.334879302978515625e+01 -5.500803927602965215e-01 8.332099998135102936e-01 -5.632635006325327487e-02
-7.137620925903320312e+00 8.458265686035156250e+01 1.091588020324707031e+00 5.079458621886338149e-02 -8.398149920416629888e-01 5.404911554807495522e-01
9.996282577514648438e+00 8.022930908203125000e+01 -2.884191989898681641e+00 -5.521101349031442423e-02 -5.770337755482126685e-01 8.148519901589166281e-01
8.662592315673828125e+01 -2.947258186340332031e+01 -4.321334838867187500e+00 6.934801315115433074e-01 -2.525862172955203877e-01 -6.747484790876321359e-01
6.527783966064453125e+01 3.809772491455078125e+01 -4.521740913391113281e+00 -1.885205770460824937e-01 -1.404078297210162030e-01 9.719802638856646082e-01
5.785391616821289062e+01 -5.016534805297851562e+00 -1.653471565246582031e+01 8.517670313153567763e-02 -1.928024028524106259e-01 -9.775337143536171336e-01
4.303118133544921875e+01 -2.420633506774902344e+01 -9.072941780090332031e+00 -4.251744113205918607e-02 2.001257851327213066e-01 9.788472492297222161e-01
3.813842010498046875e+01 -2.548065185546875000e+01 -1.932577705383300781e+01 3.682438495950043911e-02 3.561078246530547525e-02 -9.986870565119801979e-01
5.320088577270507812e+01 2.454013061523437500e+01 -8.714820861816406250e+00 -4.904577382231450899e-02 -8.469416558241464610e-02 9.951991812629616962e-01
-6.053098201751708984e+00 6.157944107055664062e+01 -1.430144882202148438e+01 -1.161760280094553330e-02 2.769111114443345567e-01 -9.608253054868105547e-01
-2.154507255554199219e+01 -4.947027206420898438e+01 -1.678537178039550781e+01 -6.367414996334391786e-02 -1.917844531262441476e-01 -9.793693512488090835e-01
-3.641768646240234375e+01 -6.800241851806640625e+01 -1.193851566314697266e+01 -1.713289819373634559e-01 -3.077747659189044027e-01 -9.359065516449117661e-01
3.165857315063476562e+01 6.983831024169921875e+01 -4.024991989135742188e+00 -1.006924405418042623e-01 -2.288792997937135199e-01 9.682330806906334075e-01
5.897803497314453125e+01 -1.346658515930175781e+01 -8.011599540710449219e+00 -2.386207097212331707e-01 -3.302846185491218334e-01 9.132207989538982940e-01
7.515135955810546875e+01 2.033100700378417969e+01 -1.880594062805175781e+01 8.315012789210884936e-01 1.981640908596582207e-01 5.189765083762067910e-01
8.030381011962890625e+01 1.829520034790039062e+01 -1.795220971107482910e+00 -5.965926650435601220e-01 -3.726104962666297316e-01 7.108013858231835291e-01
7.697918701171875000e+01 -3.434103012084960938e+00 -1.270781803131103516e+01 4.789332577732771656e-01 1.095714005025890114e-01 -8.709862471879660228e-01
1.923029518127441406e+01 -3.470009231567382812e+01 -1.064338207244873047e+01 -3.634764621738866691e-02 3.551974702212127438e-02 9.987077631549381440e-01
4.686486053466796875e+01 -6.351425552368164062e+01 -4.734362125396728516e+00 -8.467613388379859052e-02 6.727904423741270633e-04 9.964082996962206895e-01
-5.282666778564453125e+01 3.083667373657226562e+01 -1.518830013275146484e+01 -1.247702069679297587e-01 2.190240259050839078e-01 -9.677090841412563371e-01
-2.689863014221191406e+01 7.288410186767578125e+01 -1.043879604339599609e+01 -7.470052116330017089e-02 2.208206006992379233e-01 -9.724495331094354933e-01
1.669404029846191406e+01 2.487145996093750000e+01 -1.100455188751220703e+01 -9.910057068872105135e-02 -1.465024734659903793e-01 9.842337639796333582e-01
-3.360686874389648438e+01 -3.066072845458984375e+01 -7.759049892425537109e+00 1.192904785960477165e-01 -1.255200136121252530e-01 9.848931454219476134e-01
-7.892755889892578125e+01 5.115075302124023438e+01 1.275165748596191406e+01 -7.814331563480653164e-01 5.571788690061496574e-01 -2.809162332314175670e-01
9.354359626770019531e+00 1.223510837554931641e+01 -1.989381790161132812e+01 -3.828830256924337788e-02 -5.419115082363185759e-02 -9.977962342376205385e-01
-2.778542709350585938e+01 2.652277755737304688e+01 -3.147598028182983398e+00 1.790432532891842246e-02 -2.047073566891907670e-01 9.786594572433459094e-01
-2.262927055358886719e+00 -6.669898986816406250e+01 -7.202495098114013672e+00 2.884100181070492833e-02 1.770712611988403684e-01 9.837753631149780409e-01
-5.701187896728515625e+01 -1.903304290771484375e+01 -1.579524040222167969e+01 -2.195118830430724255e-01 -7.308006814871600976e-02 -9.728688692944509331e-01
9.131506919860839844e+00 -1.449784755706787109e+01 -2.129398918151855469e+01 9.885977227152087377e-02 -1.897391400209874346e-01 -9.768448209262918791e-01
-4.638299179077148438e+01 1.848469734191894531e+01 -1.833524703979492188e+01 -1.844782653185108312e-01 4.112061688908481144e-02 -9.819759999570936149e-01
-2.489189720153808594e+01 -7.939221191406250000e+01 -9.503111839294433594e+00 -1.918812108816086992e-01 -5.615085995821291753e-01 -8.049159543119540627e-01
8.544282531738281250e+01 -4.019829177856445312e+01 5.530632972717285156e+00 -1.153570854961356029e-01 -2.530205636987375994e-01 9.605588671036305870e-01
6.023638534545898438e+01 5.074178314208984375e+01 -3.801708936691284180e+00 -2.287889906915799576e-01 -3.110713374957481681e-01 9.224371093613561445e-01
7.627175903320312500e+01 -4.249908447265625000e+01 -2.217305898666381836e+00 -5.745852273229408169e-01 3.403158900411282217e-01 7.443365579680735200e-01
-3.307907867431640625e+01 -7.635713958740234375e+01 -1.616755962371826172e+00 4.664241120422789599e-01 5.522099530034478843e-01 6.910229486127804632e-01
4.384613037109375000e+01 3.357335281372070312e+01 -8.644377708435058594e+00 -2.961396609931494714e-02 -1.693757506354084952e-01 9.851065262744738149e-01
-5.686315536499023438e+01 -4.926327896118164062e+01 -1.304768562316894531e+01 -5.729076248849623854e-01 -4.618567412065512356e-01 -6.771005862873963332e-01
-5.326568222045898438e+01 4.184012985229492188e+01 -1.552258491516113281e+01 6.769594357195583001e-01 -3.926123854924206125e-01 -6.225603883545822725e-01
6.809275054931640625e+01 2.924731254577636719e+01 -5.672414779663085938e+00 -1.807624261880243777e-01 -1.202474554321254496e-01 9.761482954657647593e-01
3.123805427551269531e+01 1.094583415985107422e+01 -1.974883460998535156e+01 -4.672288857508641487e-03 1.440202349764616863e-01 -9.895637127715207759e-01
-1.322116374969482422e+01 -8.468080139160156250e+01 1.552859991788864136e-01 2.894546711706112996e-01 6.159989345371478242e-01 7.326399565861885232e-01
7.495384216308593750e+01 -1.390346908569335938e+01 -1.419532394409179688e+01 9.833499251752522152e-01 -1.795185945641604164e-01 -2.821345181884955117e-02
5.025661468505859375e+01 -8.604761123657226562e+00 -1.752664947509765625e+01 4.876671303472356889e-01 -1.011109944625306206e-01 -8.671547363519905849e-01
3.152234649658203125e+01 -7.252162933349609375e+01 -1.160108184814453125e+01 4.802326063557768587e-02 -8.017051293446944560e-02 -9.956236514334879661e-01
3.626848602294921875e+01 -5.658914566040039062e+01 -1.498803997039794922e+01 -7.707004737948046358e-02 2.095363582795241042e-01 -9.747588021433197802e-01
5.016359329223632812e+01 6.865275573730468750e+01 8.089129924774169922e-01 5.217837191815964931e-04 -7.326524363455146072e-02 9.973123541884559851e-01
6.638820648193359375e+01 -2.662552642822265625e+01 -1.621568107604980469e+01 -6.408692126901794905e-01 2.392518932908762885e-01 -7.294142744576641579e-01
4.950120162963867188e+01 -1.814951705932617188e+01 -1.778522682189941406e+01 1.312113050494199129e-01 6.530532662448508552e-02 -9.892010957038498420e-01
7.790285491943359375e+01 6.957731246948242188e+00 -1.951713943481445312e+01 9.557928556940279430e-01 2.665620464461306294e-01 1.241156412331099329e-01
-2.684418106079101562e+01 4.196142196655273438e+01 -2.087158584594726562e+01 -1.652488283294735461e-01 2.254726301824243051e-01 -9.601327604942745397e-01
3.279539489746093750e+01 -1.227612018585205078e+00 -1.953314208984375000e+01 1.679479591731722066e-01 -3.419494782459809451e-02 -9.852026129445857761e-01
-6.540776062011718750e+01 6.649848937988281250e+00 -1.447824382781982422e+01 1.870660921056903625e-01 -7.815996327317357648e-03 -9.823162359371430119e-01
5.248684692382812500e+01 3.395359039306640625e+01 -8.013689994812011719e+00 -4.627545469814066392e-02 -8.185009241084270637e-02 9.955697588139249543e-01
-3.149976348876953125e+01 5.194406127929687500e+01 -1.601503562927246094e+01 -2.546546964192102913e-01 3.850793042036817493e-01 -8.870540654693197524e-01
-1.570539951324462891e+00 5.687488937377929688e+01 -7.417489051818847656e+00 5.310222430966760748e-02 -1.272538343007685591e-01 9.904476843473957182e-01
6.969200134277343750e+00 7.445683288574218750e+01 -1.290458774566650391e+01 8.076637614555867706e-02 9.966850023217458387e-01 -9.787677518982041205e-03
-3.276385068893432617e+00 6.919712829589843750e+01 -2.063300323486328125e+01 1.203648949629636811e-01 -7.463921965789157564e-01 -6.545311153388018166e-01
-7.567320251464843750e+01 6.087690830230712891e+00 -2.045993614196777344e+01 -9.635889859399567881e-01 8.326710688429285467e-02 -2.540922176815447187e-01
-7.728717803955078125e+01 3.680690383911132812e+01 3.585911035537719727e+00 7.307472795237984764e-01 -3.766243172759058400e-01 5.693527352222218507e-01
-7.538500213623046875e+01 -1.187402057647705078e+01 -5.875888824462890625e+00 -2.435690767209511554e-01 -1.013823333740192234e-01 9.645702293482537604e-01
1.786858367919921875e+01 7.263188171386718750e+01 -4.495192050933837891e+00 -3.494679200901646549e-02 -1.545461796165263080e-01 9.873673075883234729e-01
1.126024007797241211e+00 -5.301351547241210938e+01 -1.820293426513671875e+01 1.516357595953687736e-03 -8.610696594261263437e-02 -9.962847439742309463e-01
2.304871368408203125e+01 3.405755233764648438e+01 -1.007282829284667969e+01 5.858404545540540041e-03 -5.256776448554371234e-02 9.986001748613773099e-01
6.485002136230468750e+01 -1.582671833038330078e+01 -1.501573085784912109e+01 1.256513479458587490e-01 -5.106035376734247705e-02 -9.907595969923999046e-01
2.099359893798828125e+01 4.777664947509765625e+01 -5.727577209472656250e+00 -1.856266323747080282e-01 -3.651326324460947848e-01 9.122614285807605361e-01
-7.513547515869140625e+01 2.700918197631835938e+01 -3.689590930938720703e+00 6.025316981504361680e-01 -2.389649650640099932e-01 7.614796768108184066e-01
-5.237670516967773438e+01 5.454459381103515625e+01 -5.100215911865234375e+00 1.556721503007404972e-01 -1.754162717509963609e-01 9.721086941416192673e-01
-1.339619445800781250e+01 4.938170623779296875e+01 -1.968564224243164062e+01 1.444454547005014598e-02 3.846122588501005857e-01 -9.229652027288931526e-01
-6.715604400634765625e+01 6.129759216308593750e+01 1.577668571472167969e+01 6.845916380230722131e-01 -6.437136096246953709e-01 3.420044998721977203e-01
2.031001091003417969e+01 6.701473999023437500e+01 -1.546214485168457031e+01 -2.447629313846292620e-01 -8.220803364224607002e-01 -5.140768696289855777e-01
5.473698043823242188e+01 1.630112266540527344e+01 -8.933687210083007812e+00 -4.666239993480644950e-03 -3.385427125552300381e-02 9.994158866668473307e-01
-4.454370880126953125e+01 4.473935317993164062e+01 -1.472322082519531250e+01 -2.535958942183097475e-01 2.392094966716554194e-01 -9.372662050547374557e-01
-1.677057027816772461e+00 -8.219148254394531250e+01 -3.217446088790893555e+00 4.923158411736423823e-02 5.327932558255049633e-01 8.448121670952383200e-01
-2.009039497375488281e+01 8.219182586669921875e+01 -6.639366149902343750e+00 -1.475947169910024614e-01 7.394356714094713068e-01 -6.568490598026081040e-01
-5.598670005798339844e+00 -7.081692504882812500e+01 -2.062981605529785156e+01 3.472812707783705377e-02 8.917139449358643111e-01 -4.512651078873523569e-01
-4.449997329711914062e+01 -5.182867050170898438e+01 -6.884662151336669922e+00 1.105541492445490381e-01 1.785365516706572397e-01 9.777026540837274737e-01
7.607519149780273438e+00 -5.497702026367187500e+01 -9.439100265502929688e+00 2.213895933382283715e-02 -1.479970833961510857e-02 9.996453546696837389e-01
4.550426101684570312e+01 7.911223888397216797e+00 -1.825885200500488281e+01 1.439135807292269420e-01 2.474037540503343582e-02 -9.892809485209499432e-01
-5.352217102050781250e+01 -6.537189483642578125e+01 -7.901272773742675781e+00 -5.444219288267515555e-01 -5.487200929373435843e-01 -6.344375643192895486e-01
-1.726520156860351562e+01 1.241726112365722656e+01 -2.060361862182617188e+01 -3.315347042216014711e-03 -8.179855103229879965e-02 -9.966433692765963581e-01
-6.082775878906250000e+01 1.797012519836425781e+01 -1.475288486480712891e+01 -2.973648875156525984e-01 7.785781647085726620e-02 -9.515840919683312693e-01
-7.396347045898437500e+01 1.677752304077148438e+01 -2.028204536437988281e+01 -9.340320030994839762e-01 2.400986945686522100e-01 -2.644557317442653988e-01
4.171332931518554688e+01 -7.440315246582031250e+01 -2.311357021331787109e+00 -1.884895131075214336e-01 4.307346925617788203e-01 8.825753951205524972e-01
-1.431491565704345703e+01 -2.185604858398437500e+01 -2.031921386718750000e+01 9.557433790347201474e-02 2.688179265073143559e-02 -9.950592520841138322e-01
1.097873306274414062e+01 -8.854128265380859375e+01 -4.470951080322265625e+00 5.324337842035698626e-02 -7.344600163457823960e-01 -6.765601429612446704e-01
-4.296461105346679688e+01 -3.957523727416992188e+01 -1.655750465393066406e+01 -1.295597992860346159e-01 -1.451998441828609987e-01 -9.808829000743337634e-01
8.324919891357421875e+01 7.135000228881835938e-01 -3.981178998947143555e+00 -5.083886108933924897e-01 -5.397087424275669176e-02 8.594347939473705456e-01
-1.300560474395751953e+01 -2.961922073364257812e+01 -1.032045745849609375e+01 4.802648739794383725e-02 7.223737154064771571e-02 9.962305047834630889e-01
2.908507537841796875e+01 7.119808197021484375e+00 -1.149707126617431641e+01 -2.116536949803236589e-01 -5.148735823893337699e-02 9.759875846253125431e-01
6.221927261352539062e+01 4.706707763671875000e+01 -1.838266754150390625e+01 7.132676004296646388e-01 6.043625322268826316e-01 3.549581099476648016e-01
-5.940510177612304688e+01 -4.408165359497070312e+01 -6.452918052673339844e+00 1.443943284961061169e-01 6.663947353620131020e-02 9.872737505195691154e-01
-3.959488677978515625e+01 8.001751708984375000e+01 1.092757797241210938e+01 4.292447777759850758e-01 -6.022128083740018178e-01 6.731186033548194336e-01
-2.808931732177734375e+01 -7.085370635986328125e+01 -5.019650936126708984e+00 4.712210219033006325e-02 3.967340671064696900e-01 9.167232883931352161e-01
2.667774391174316406e+01 -1.516687870025634766e+01 -2.063548278808593750e+01 -5.704424805386592093e-03 1.798892722706074698e-01 -9.836703254950771580e-01
3.660468292236328125e+01 -4.114059829711914062e+01 -1.701857948303222656e+01 9.942305130473706731e-02 -2.791972787656084656e-02 -9.946534801952658933e-01
-1.078616023063659668e+00 -2.657595062255859375e+01 -2.012233161926269531e+01 -4.069025845290395738e-02 -2.105733382388915928e-02 -9.989498944187666929e-01
2.357384920120239258e+00 9.288761901855468750e+01 5.059639930725097656e+00 5.286471186756714902e-01 7.758613712843512866e-01 3.443419179604430003e-01
-6.410592651367187500e+01 -2.785620689392089844e+01 -6.688670158386230469e+00 -4.819982577546404689e-04 4.618683721099532680e-02 9.989327023108837134e-01
-3.011919784545898438e+01 -4.086989879608154297e+00 -7.848691940307617188e+00 1.912619523226315177e-01 4.818646400013778391e-03 9.815272009682700638e-01
2.066987228393554688e+01 -5.761713027954101562e+01 -1.516146945953369141e+01 2.290749990283195286e-02 -1.037854099731982949e-01 -9.943358764144523132e-01
-3.279409027099609375e+01 7.687062835693359375e+01 -1.382100023329257965e-02 2.855047082779508805e-01 -7.304981664160427046e-01 6.203704461158040528e-01
-4.372074127197265625e+00 1.297100257873535156e+01 -2.041241645812988281e+01 -4.767339913430718168e-02 7.597483513942438448e-03 -9.988340829483324246e-01
-1.217318820953369141e+01 -5.749658203125000000e+01 -1.627857398986816406e+01 -3.671887386948682885e-02 -1.415220336079330010e-01 -9.892538796007986912e-01
5.362314605712890625e+01 5.822084045410156250e+01 -3.473537921905517578e+00 -2.409690506188582881e-01 -2.855705661958407582e-01 9.275685248899042668e-01
-1.319784545898437500e+01 -3.522401046752929688e+01 -1.936331748962402344e+01 -4.406799534210680686e-02 -6.196400851938124732e-02 -9.971050463390194185e-01
-4.896834564208984375e+01 7.214002227783203125e+01 5.918297767639160156e+00 5.412999425192894787e-01 -6.996848054961863905e-01 4.662998447205161101e-01
-2.689066696166992188e+01 4.013060760498046875e+01 -1.172333955764770508e+00 -1.501874806091866091e-02 4.316669377219387038e-02 9.989549908556742963e-01
-6.641819000244140625e+01 -1.979501008987426758e+00 -1.457782745361328125e+01 3.943716915813900159e-01 7.430436203621322393e-03 -9.189209745658529771e-01
7.065824890136718750e+01 -4.621449947357177734e+00 -6.945256233215332031e+00 -1.535767719921191377e-01 -8.755400760560444473e-02 9.842502074455857786e-01
1.988849449157714844e+01 -8.273925018310546875e+01 -1.797085046768188477e+00 -9.473973758030040937e-02 5.986467826880419452e-01 7.953907289505405265e-01
-7.830965423583984375e+01 8.006623268127441406e+00 -3.042702913284301758e+00 8.091981238956527656e-02 -4.533068941711652922e-02 9.956892650620506879e-01
6.263435745239257812e+01 -2.864871597290039062e+01 -7.927636146545410156e+00 -2.048309064478334995e-01 1.773663340034949132e-01 9.625931037182426930e-01
2.163774299621582031e+01 -4.761838912963867188e+01 -1.684582328796386719e+01 1.930210121019698410e-01 -7.848410370400452085e-02 -9.780506808713493871e-01
1.277345657348632812e+01 6.155889511108398438e+01 -1.424635314941406250e+01 5.161036322477553784e-02 2.352841161850354468e-01 -9.705553848590163790e-01
-6.497335815429687500e+01 3.299316787719726562e+01 -5.971201896667480469e+00 2.143263033819614305e-01 -1.347321981252214695e-01 9.674251756425245041e-01
5.361480712890625000e+01 -5.814162063598632812e+01 -5.469991207122802734e+00 1.068182790604113065e-02 2.964692475302852515e-01 9.549826615292092979e-01
1.945800065994262695e+00 -4.271732711791992188e+01 -1.028534793853759766e+01 1.324268096428899560e-02 4.884901669838039723e-02 9.987183812108794134e-01
8.308528900146484375e+00 -3.718545532226562500e+01 -1.859558105468750000e+01 -1.245501415370504905e-02 -1.273346481744632719e-01 -9.917816090232347559e-01
3.454377746582031250e+01 -5.873677062988281250e+01 -7.238241195678710938e+00 -1.480115818706377595e-01 2.117780107670429735e-01 9.660448466751974106e-01
-4.959282684326171875e+01 -5.859790039062500000e+01 -3.996272087097167969e+00 4.961147637493427964e-02 4.775130145957434125e-01 8.772229034308125506e-01
5.107863998413085938e+01 4.251143646240234375e+01 -1.378959369659423828e+01 -3.716487221149743225e-02 2.746682587720540233e-02 -9.989316021378713550e-01
4.919849777221679688e+01 -3.831690979003906250e+01 -9.281461715698242188e+00 -1.443452040551192472e-01 1.158398984172770430e-01 9.827235521757686776e-01
4.566382884979248047e+00 -3.884379863739013672e-01 -1.987243080139160156e+01 4.743741106673449864e-02 5.564558981089803846e-02 -9.973230471446464795e-01
6.670245361328125000e+01 1.110353088378906250e+01 -1.528412437438964844e+01 -1.853105680355285334e-01 3.077355775226177370e-02 -9.821980357940133244e-01
-3.043707275390625000e+01 1.910775375366210938e+01 -4.321311950683593750e+00 1.035916784045156913e-01 -1.605781823208690118e-01 9.815719084854971355e-01
-2.717040252685546875e+01 -7.388403320312500000e+01 -1.876470184326171875e+01 -3.462416778167149989e-01 -8.740673438659130046e-01 3.407682187790611605e-01
-7.038436126708984375e+01 -2.278710365295410156e+01 -6.203125000000000000e+00 9.452642150290535561e-02 -4.348293557978528262e-02 9.945722648210230110e-01
8.319395446777343750e+01 2.329046630859375000e+01 -7.644484996795654297e+00 6.809116086819143598e-01 2.021468842101246943e-01 -7.039147806136378804e-01
-5.956456756591796875e+01 -3.532832336425781250e+01 -2.094430351257324219e+01 7.214616167320041518e-01 4.068158346364061928e-01 -5.603516862395677700e-01
-4.349684524536132812e+01 -6.158602142333984375e+01 -1.310147285461425781e+01 -4.856804336320115212e-01 -7.251295238836109602e-01 -4.881615408646493570e-01
6.220496749877929688e+01 -5.666550827026367188e+01 -4.026175022125244141e+00 -3.495928105135168162e-01 3.658729075009360399e-01 8.625090622098249282e-01
6.847085571289062500e+01 -3.485760498046875000e+01 -1.429550933837890625e+01 8.383619663803543176e-01 -4.689772826238592374e-01 2.778660139520601202e-01
-1.271284675598144531e+01 2.516080474853515625e+01 -7.477513790130615234e+00 3.979684119371517115e-01 -3.839038852035867033e-01 8.332100275595661909e-01
1.687147712707519531e+01 -9.816463470458984375e+00 -1.311569118499755859e+01 -6.965583727075771135e-03 -2.000668913835636567e-02 9.997755813346624887e-01
-2.434068489074707031e+01 -1.945173645019531250e+01 -9.731698036193847656e+00 1.182642003826826910e-01 1.410856857001297968e-02 9.928819301411170306e-01
6.184844589233398438e+01 -4.839519119262695312e+01 -1.225057411193847656e+01 5.087655513899613097e-02 -1.461216434710061185e-01 -9.879575099398358873e-01
-2.887205886840820312e+01 -1.861520767211914062e+01 -1.950769996643066406e+01 3.826700558875244934e-02 7.651288783196494303e-02 -9.963339873149382742e-01
-5.136056137084960938e+01 5.618566894531250000e+01 -1.950304031372070312e+01 -6.991184779215950940e-01 7.094625409115961068e-01 8.886088493737923089e-02
-6.889149188995361328e+00 -4.725812911987304688e+01 -9.263819694519042969e+00 1.348979820698131132e-02 1.503828986746217899e-01 9.885357905157270419e-01
7.112303924560546875e+01 2.604023170471191406e+01 -1.221809291839599609e+01 5.895548465627875601e-01 2.237872250141485220e-01 -7.761084723250964990e-01
2.466550827026367188e+01 2.472208595275878906e+01 -1.925948333740234375e+01 1.493262386662189689e-01 9.488130115085241512e-02 -9.842251841614908514e-01
1.386628031730651855e+00 -5.971410751342773438e+01 -8.422153472900390625e+00 2.706648252522750875e-01 2.462638257053085533e-01 9.306420797063394978e-01
-6.850615692138671875e+01 1.029420280456542969e+01 -2.119034194946289062e+01 -4.156902134858889847e-02 -2.073729142030448711e-02 -9.989204078447240231e-01
-3.785640716552734375e+01 6.611531066894531250e+01 -1.967291259765625000e+01 -4.663119509693059439e-01 7.226520056634417877e-01 -5.102227387071301967e-01
-1.435725402832031250e+01 -1.441382408142089844e+01 -1.148435497283935547e+01 1.064628327923477918e-01 5.441827709981448408e-02 9.928264281088192700e-01
4.503570556640625000e+01 -6.135634231567382812e+01 -1.289408302307128906e+01 5.786613261584945267e-01 -8.146039549766008747e-01 -3.964172227555571443e-02
6.803810000419616699e-01 -6.649043273925781250e+01 -1.448908901214599609e+01 -3.677689422700223393e-02 2.609302690786649559e-01 -9.646568585406686269e-01
1.530687332153320312e+01 3.549663925170898438e+01 -1.920298004150390625e+01 3.442714768012272719e-02 1.354073460932605777e-01 -9.901917097848229599e-01
8.031394195556640625e+01 9.180858612060546875e+00 -4.970985889434814453e+00 -3.456242415392163370e-01 -6.017531273911894130e-02 9.364415707331615879e-01
1.705268478393554688e+01 5.017455291748046875e+01 -1.672973251342773438e+01 5.882214750685912930e-03 2.515007435645402745e-01 -9.678392302113559831e-01
-4.180335998535156250e+00 2.028790283203125000e+01 -1.146011257171630859e+01 6.300006888717409048e-02 -1.572833154612943429e-01 9.855419575024263468e-01
-7.164427185058593750e+01 -2.485262870788574219e+00 -6.373315811157226562e+00 8.212449638260613249e-02 -4.467169833278968744e-02 9.956204128391339392e-01
-7.274571990966796875e+01 -1.194251251220703125e+01 -1.483433628082275391e+01 -9.715766053583739792e-01 -1.406755650645652445e-01 1.903924507801285915e-01
-7.013078212738037109e+00 5.320050430297851562e+01 -1.716509437561035156e+01 1.395690049134373223e-01 4.203839099956676040e-01 -8.965477461263439141e-01
-3.889982986450195312e+01 -6.929322814941406250e+01 -4.618957996368408203e+00 2.039554517752412977e-01 3.650730758740947657e-01 9.083632659696146971e-01
4.856130981445312500e+01 5.753921890258789062e+01 -1.227206325531005859e+01 6.290258596282928272e-01 7.467153313310197493e-01 -2.162005593750682408e-01
-7.837724304199218750e+01 5.558568954467773438e+01 2.160695838928222656e+01 -6.566110351307632431e-01 4.269249581057663612e-01 6.217692728745103370e-01
3.006066322326660156e+01 -7.931174468994140625e+01 -2.424394130706787109e+00 -1.822734664873842947e-01 5.286925694142997623e-01 8.290117915088892619e-01
3.334104156494140625e+01 8.175571441650390625e+01 -1.645429015159606934e+00 3.932118583469184081e-01 8.954583922100731730e-01 2.086592971231185922e-01
-2.021017074584960938e+00 -7.589634704589843750e+01 -1.235611915588378906e+01 4.284911715164975606e-03 -9.525263239815222605e-01 -3.044260856987145991e-01
-4.388203811645507812e+01 2.388789939880371094e+01 -5.087250232696533203e+00 -2.364745694186946579e-01 -4.450205770870003380e-02 9.706180221271055730e-01
-8.016133880615234375e+01 3.336425018310546875e+01 -2.961924076080322266e+00 -7.821273231381764557e-01 3.156758664687868143e-01 -5.372388646867342077e-01
1.321169471740722656e+01 8.466952323913574219e+00 -1.279837512969970703e+01 -2.000104407173412258e-01 -1.256762781566860832e-01 9.717002092789412959e-01
5.786745452880859375e+01 1.660726070404052734e+00 -9.480895042419433594e+00 1.172647990127057352e-02 -4.476818812276002479e-02 9.989285755254628807e-01
2.579655838012695312e+01 -7.445508575439453125e+01 -1.945780944824218750e+01 2.770652927504155816e-01 -9.053157170534192888e-01 -3.219289921848907388e-01
6.910249328613281250e+01 -2.066958999633789062e+01 -2.135111427307128906e+01 -5.632791926705281726e-01 1.102301942030505938e-01 -8.188808554303829146e-01
-1.884891510009765625e+01 1.574849605560302734e+01 -8.367988586425781250e+00 3.265258333875146746e-01 -3.691958345076999382e-01 8.701007504379892898e-01
5.737685775756835938e+01 -5.591064071655273438e+01 -1.949867630004882812e+01 6.920963035877502056e-01 -6.886867362201035681e-01 -2.161325656042475674e-01
6.173624992370605469e+00 -7.781972885131835938e+00 -1.347186279296875000e+01 -7.739865535302256627e-02 1.738683079071066950e-01 9.817225981177490901e-01
-4.681129455566406250e+01 -1.668982505798339844e+01 -1.852410507202148438e+01 -2.818215275893453664e-01 -1.465322739112780437e-01 -9.482114317437847495e-01
-4.789407730102539062e+01 -7.416766357421875000e+01 -2.651463985443115234e+00 -4.883979833096366296e-01 -7.050152256943638118e-01 -5.142187680727000609e-01
2.991225814819335938e+01 7.178908538818359375e+01 -1.838064193725585938e+01 3.575101871260291109e-01 8.957672054061384115e-01 2.641733896894023492e-01
-1.006400394439697266e+01 -6.765131378173828125e+01 -6.848824977874755859e+00 3.520063027482021184e-02 2.255060237231089060e-01 9.736056434167007501e-01
3.394310379028320312e+01 3.731470870971679688e+01 -1.681813049316406250e+01 1.338086735876180822e-01 7.301236584782284933e-02 -9.883139345906370998e-01
-7.171393585205078125e+01 4.232879257202148438e+01 -7.665011882781982422e+00 -6.850193537523531218e-01 3.346262053076408116e-01 -6.471273350014795644e-01
7.467459869384765625e+01 1.155160713195800781e+01 -1.395553302764892578e+01 9.749662489049383263e-01 2.210666126116327124e-01 2.388234252857471263e-02
-4.833256912231445312e+01 -7.445789337158203125e+01 8.066283226013183594e+00 3.823498045953068747e-01 1.358734101471736622e-01 9.139732180654466243e-01
-4.645602798461914062e+01 -3.302258300781250000e+01 -8.304466247558593750e+00 1.897434153340843976e-01 1.411331553840666220e-01 9.716372104796595632e-01
-4.293959045410156250e+01 7.091450500488281250e+01 -7.910626888275146484e+00 -2.817451567863913375e-01 5.950277285584320008e-01 -7.527029087721162082e-01
-8.618254852294921875e+01 9.812617301940917969e+00 -3.606809139251708984e+00 -9.882114095773634199e-01 1.474141922030462043e-02 1.523840560573571368e-01
3.832921600341796875e+01 4.097721481323242188e+01 -8.354256629943847656e+00 -9.736142426398407268e-02 -1.425158720072448315e-01 9.849923752452619530e-01
6.996697235107421875e+01 -2.563471603393554688e+01 -6.890884876251220703e+00 -7.376315973958058603e-02 4.323236689290466811e-02 9.963382752449442270e-01
-3.564228057861328125e+01 -6.125848007202148438e+01 -1.993660354614257812e+01 4.219161673381849331e-01 7.780914840563247781e-01 4.653604948614383785e-01
5.427709197998046875e+01 -6.965486145019531250e+01 -7.145096778869628906e+00 3.673996881213354437e-01 -5.323038717802551778e-01 -7.626729687461691887e-01
-2.404637336730957031e+01 -7.982581329345703125e+01 -1.883585929870605469e+00 2.367007118547014566e-01 6.559148621862033179e-01 7.167624896510220722e-01
7.630148315429687500e+01 -1.779997253417968750e+01 -2.066473007202148438e+01 6.826062425138206269e-01 -1.248773431094749031e-01 -7.200377537734266031e-01
-8.220965576171875000e+01 1.893206405639648438e+01 -7.086027145385742188e+00 -7.828044805118673510e-01 2.221672940952083564e-01 -5.812562590845440358e-01
-4.780390930175781250e+01 -5.136475372314453125e+01 -2.101721382141113281e+01 5.700212835668655442e-01 6.013418799457858066e-01 -5.598782722199989736e-01
2.718413925170898438e+01 -2.033926200866699219e+01 -1.156673049926757812e+01 -1.252473409205953625e-01 1.553263928637379221e-01 9.798912262451684452e-01
-3.749844360351562500e+01 -4.910593032836914062e+01 -1.567749404907226562e+01 -1.468224616340579602e-01 -2.294303781555111776e-01 -9.621875421866230571e-01
-1.397701978683471680e+00 -8.983435058593750000e+01 -3.162229061126708984e+00 -6.674639566257602186e-02 -7.907546911713876359e-01 -6.084833087739532909e-01
1.857894134521484375e+01 -1.151340007781982422e+00 -2.013639831542968750e+01 1.759345338174198763e-03 2.851705403066743735e-02 -9.995917578358641808e-01
-2.502794265747070312e+01 -9.028469920158386230e-01 -2.060978889465332031e+01 5.174285348387528544e-02 -1.854374667130947660e-02 -9.984882606083742562e-01
5.202292251586914062e+01 -7.585831451416015625e+01 -3.301834106445312500e+00 3.849402375174887370e-01 -6.467441142091296946e-01 -6.584398714201833425e-01
-5.899041175842285156e+00 -2.066354179382324219e+01 -2.026608085632324219e+01 1.176091602509149285e-02 -3.139008553213507111e-03 -9.999259109951865732e-01
8.613842010498046875e+01 1.329000568389892578e+01 5.507199838757514954e-02 -7.579737181915214839e-01 -1.440826503557842420e-01 6.361729579268303736e-01
-2.341166687011718750e+01 -3.908988189697265625e+01 -8.813272476196289062e+00 1.413510045746095567e-01 -8.441694696196362646e-02 9.863537258871026836e-01
-1.844447517395019531e+01 -7.306163024902343750e+01 -1.292484760284423828e+01 -2.513905988386899715e-01 -9.569543586180314643e-01 -1.450555836135832277e-01
3.412546157836914062e+01 -6.386687850952148438e+01 -2.029486465454101562e+01 -2.976177201271094641e-01 7.441376420677155989e-01 -5.980659347632514278e-01
-1.183307743072509766e+01 -7.546987152099609375e+01 -2.071640968322753906e+01 2.822727122142052944e-02 -6.914994855622255687e-02 -9.972068520492948229e-01
1.058022975921630859e+00 -3.458023071289062500e+01 -1.066081428527832031e+01 -3.913261416670190014e-03 7.226663317636797257e-02 9.973776717545050907e-01
2.171993255615234375e+01 -6.588307189941406250e+01 -6.896944046020507812e+00 -6.762473471550632664e-02 1.222753447175855962e-01 9.901896966384031717e-01
-6.118043518066406250e+01 -4.290368652343750000e+01 -1.381456470489501953e+01 -8.205056572309865626e-01 -5.518827582076296645e-01 -1.489828434588557349e-01
-8.217002868652343750e+01 2.654309463500976562e+01 4.475378990173339844e+00 3.492578399540028911e-01 -4.386067192346641552e-01 8.280356919075823052e-01
5.877744197845458984e+00 4.712630844116210938e+01 -1.766728782653808594e+01 1.524722396834200279e-02 2.518089144042177652e-01 -9.676568569424951471e-01
7.044285583496093750e+01 5.119729042053222656e+00 -1.802118301391601562e+01 -9.037662661757426275e-01 -1.940019644446774050e-01 -3.815360715769388067e-01
-3.379133224487304688e+01 4.622686004638671875e+01 -2.795810937881469727e+00 -1.573443911660507011e-01 2.667897921812459328e-01 9.508238266663664451e-01
-4.459402084350585938e+00 -1.014144802093505859e+01 -1.993764495849609375e+01 2.887264615125511788e-02 5.386320507837367988e-02 -9.981308157966617411e-01
5.540999221801757812e+01 -4.268041992187500000e+01 -7.670147895812988281e+00 -1.585289136986585412e-01 1.728236182885243277e-01 9.721114033294669943e-01
5.924023437500000000e+01 1.013474655151367188e+01 -1.577852344512939453e+01 1.582568145395862047e-01 -2.772745480065598803e-02 -9.870085961642180994e-01
3.936962890625000000e+01 1.772210884094238281e+01 -1.035251045227050781e+01 -7.434207341866912178e-02 -5.325451647444368053e-02 9.958098275247571074e-01
2.303318786621093750e+01 8.092225646972656250e+01 -7.063380241394042969e+00 1.364253309658302604e-01 6.053500336305012164e-01 -7.841807609565634163e-01
-7.277548789978027344e+00 3.493510437011718750e+01 -2.105435180664062500e+01 1.851008260971573893e-01 -1.655807295386784936e-02 -9.825800295132220974e-01
-6.415612030029296875e+01 -1.431966304779052734e+01 -1.448226356506347656e+01 9.329573950731924470e-02 1.137003220049177636e-02 -9.955735168020202197e-01
-7.048981475830078125e+01 1.960645484924316406e+01 -1.419831180572509766e+01 -9.555536063300542615e-01 2.948173674745064865e-01 1.589497707960169104e-04
1.533946800231933594e+01 7.605062866210937500e+01 -1.921011543273925781e+01 1.546589030170570089e-01 9.647061238473468858e-01 -2.131260620594959132e-01
7.245050811767578125e+01 3.603292465209960938e+01 -3.483268022537231445e+00 -4.203183786732251348e-01 -2.914687159419155349e-01 8.592895019588463468e-01
1.799753570556640625e+01 -5.066516876220703125e+01 -9.720616340637207031e+00 -2.017055162765183166e-02 2.873173060220754471e-02 9.993836282947797800e-01
5.640835952758789062e+01 2.849874305725097656e+01 -1.482335567474365234e+01 1.318048300193889744e-01 1.182497355477411666e-01 -9.841973820461266120e-01
3.178472995758056641e+00 -1.683735275268554688e+01 -1.272428131103515625e+01 -1.105130402559653842e-02 -2.118382445995484198e-02 9.997145163798430989e-01
-3.351846313476562500e+01 -5.641083526611328125e+01 -7.559793949127197266e+00 2.380721994752664494e-02 1.773726646306926780e-01 9.838557587980962804e-01
-2.627458953857421875e+01 5.579504966735839844e+00 -8.052248954772949219e+00 3.398273059426495379e-01 -1.178341545885959046e-01 9.330769068775369712e-01
2.660228538513183594e+01 -6.018445014953613281e+00 -1.180982398986816406e+01 -7.323306458842293587e-02 -9.286685280765556716e-02 9.929817047159474885e-01
4.373964786529541016e+00 -7.658417510986328125e+01 -1.612088584899902344e+01 3.023427481120742333e-01 -9.270330494615535155e-01 -2.218075469186110704e-01
-4.560824966430664062e+01 2.939912605285644531e+01 -1.694872283935546875e+01 -3.440162919141568909e-01 1.263669126047120006e-01 -9.304215143129412890e-01
2.466102027893066406e+01 -5.902228927612304688e+01 -7.563472747802734375e+00 -7.287048666893307380e-02 4.858367030054854263e-01 8.710066533531144461e-01
-1.731765747070312500e+01 1.881453990936279297e+00 -2.042347526550292969e+01 3.332548484428735796e-04 -1.566244363319233349e-02 -9.998772808703290105e-01
-7.901998138427734375e+01 -3.286191940307617188e+00 -5.049304008483886719e+00 -4.357733072945189079e-01 -4.707773018424446509e-01 7.671182156092661852e-01
-6.600564575195312500e+01 -3.552677154541015625e+01 -1.664925765991210938e+01 -8.124296885938502299e-01 -3.512423481505884126e-01 4.653888846512779232e-01
-3.789471435546875000e+01 -8.195700073242187500e+01 -2.408380061388015747e-01 -2.088287292028271902e-01 -8.310288452137378767e-01 -5.155401248033498751e-01
-5.629221725463867188e+01 3.932113265991210938e+01 -6.579664230346679688e+00 1.249937050366764363e-01 -8.355053161327553879e-02 9.886333407124925365e-01
3.896300506591796875e+01 7.497352600097656250e+01 4.955169856548309326e-01 -1.915055742134035011e-01 -1.094146635509958138e-01 9.753737983179662230e-01
-3.776583099365234375e+01 -2.499060630798339844e+01 -1.874341583251953125e+01 -7.243757271355778793e-02 -1.420470941525382169e-01 -9.872058656137473465e-01
5.849423980712890625e+01 4.776517105102539062e+01 -1.200732803344726562e+01 7.489590548333435738e-01 6.315081828033797251e-01 -2.006433383781222324e-01
-1.417351818084716797e+01 -4.890739440917968750e+01 -1.734473037719726562e+01 -7.869804338776761887e-02 -3.231650585439234669e-01 -9.430646652818880371e-01
-1.302047014236450195e+00 7.758589172363281250e+01 -3.742372035980224609e+00 1.419025905383002051e-01 3.861384694928663569e-02 9.891272039643317360e-01
-1.413520812988281250e+01 7.940892791748046875e+01 -3.245593070983886719e+00 4.759410653682720482e-02 -4.735180592149754175e-01 8.794972703881714926e-01
2.995862579345703125e+01 -5.238256835937500000e+01 -1.537551212310791016e+01 6.419058706781005652e-02 -1.624968024957693935e-01 -9.846188895763379190e-01
-2.927761459350585938e+01 -6.950674438476562500e+01 -1.310455703735351562e+01 -4.311084897495846557e-01 -8.649734277781241376e-01 -2.568393258509968913e-01
-4.369940948486328125e+01 1.036407852172851562e+01 -4.523305892944335938e+00 -1.061909662059193765e-01 4.828282202854718153e-02 9.931728186943159509e-01
-2.416734695434570312e+01 -6.463941192626953125e+01 -6.555866241455078125e+00 1.021209514421990289e-01 9.134310234828939279e-02 9.905694064173039548e-01
-2.336510467529296875e+01 -2.414803504943847656e+01 -1.964699745178222656e+01 -1.318988380370251234e-01 -1.817372231333333130e-02 -9.910965706437292466e-01
2.706775093078613281e+01 -4.457265853881835938e+01 -9.861690521240234375e+00 -4.530381298242756871e-02 9.089160975046606250e-02 9.948297742861449411e-01
-4.619388198852539062e+01 -9.329835891723632812e+00 -1.963470649719238281e+01 -3.624682704309258319e-01 -1.770243084291392432e-01 -9.150295881314430835e-01
-1.778337097167968750e+01 -6.008453845977783203e+00 -1.154784965515136719e+01 1.188261195905763457e-01 6.399740662723017726e-02 9.908504858191445885e-01
1.755543327331542969e+01 7.973752593994140625e+01 -2.028090000152587891e+00 -1.394944135329796442e-01 -6.710855592087781041e-01 7.281383665310677822e-01
6.440679168701171875e+01 4.029195404052734375e+01 -1.147654533386230469e+01 4.879961041942705302e-01 3.196440620280381339e-01 -8.122114724020035315e-01
7.122656250000000000e+01 4.250687408447265625e+01 -8.762845039367675781e+00 4.418856285827266195e-01 3.191769715640556671e-01 -8.383693410873555019e-01
7.553936767578125000e+01 1.875332260131835938e+01 -1.163943862915039062e+01 2.466866872318444481e-01 1.038966083028337734e-01 -9.635098199425606857e-01
-4.688887405395507812e+01 5.984465789794921875e+01 -4.878179073333740234e+00 1.577950675286664550e-01 -1.250032955026177950e-01 9.795278928019910403e-01
8.951840209960937500e+01 -1.557872867584228516e+01 1.492166042327880859e+00 -2.926613998919251614e-02 -1.000916398264153490e-01 9.945477146356489495e-01
-2.357374906539916992e+00 8.674875640869140625e+01 -4.034316062927246094e+00 -3.669482132949223631e-03 7.630556921558818706e-01 -6.463223232794795825e-01
-2.765059280395507812e+01 1.227088832855224609e+01 -2.107008934020996094e+01 -8.547821958901304432e-03 -6.955416308422619764e-03 -9.999392766182031433e-01
3.825650787353515625e+01 -4.724102973937988281e+00 -1.076546573638916016e+01 -1.780950121337888589e-02 -2.936097517783277377e-02 9.994102034715961480e-01
4.105624771118164062e+01 -1.729029464721679688e+01 -1.083099746704101562e+01 -5.487348349045585022e-02 3.155104967290537753e-03 9.984883304887783861e-01
1.228597259521484375e+01 -5.876850891113281250e+01 -1.537679290771484375e+01 8.238996559514506768e-02 -1.436848701684073637e-01 -9.861878886165246216e-01
5.572477340698242188e+01 -2.620870018005371094e+01 -8.893825531005859375e+00 -8.480986472794103948e-02 2.193935769069559338e-01 9.719432829423740872e-01
6.768096923828125000e+00 -3.009391403198242188e+01 -1.934535598754882812e+01 3.134269250157644543e-02 -1.825033700906574241e-01 -9.827055283920530515e-01
-7.099604797363281250e+01 4.644834899902343750e+01 2.224673986434936523e+00 7.209478446336983204e-01 -4.859906270399407813e-01 4.940114530528112446e-01
-5.100561904907226562e+01 -4.339515304565429688e+01 -1.467585182189941406e+01 1.775452586206738570e-01 2.300231541853889061e-01 -9.568526687426455180e-01
3.453852462768554688e+01 -7.196588897705078125e+01 -5.013475894927978516e+00 -1.159993988492396266e-01 3.144864597306494258e-01 9.421477623561484993e-01
2.640104866027832031e+01 5.853463363647460938e+01 -5.604400157928466797e+00 1.294197608286950518e-01 2.231348213808804770e-01 9.661580496970285648e-01
-5.962242126464843750e+01 4.574070739746093750e+01 -1.159204483032226562e+01 -3.115871211776337635e-01 1.922168382331858050e-01 -9.305730240104060913e-01
-1.674339294433593750e+01 -4.441936492919921875e+01 -9.303664207458496094e+00 5.637808109393024902e-02 6.488387678937274083e-02 9.962989483608559738e-01
7.108604431152343750e+01 4.977155303955078125e+01 -5.232913017272949219e+00 6.143486215534954553e-01 4.777851476906834760e-01 -6.279308272743996389e-01
3.221081542968750000e+01 4.565922927856445312e+01 -7.672048091888427734e+00 1.327041510072904662e-01 -2.927673699804053120e-01 9.469302378634821826e-01
-6.460560798645019531e+00 2.360303306579589844e+01 -2.025181961059570312e+01 3.367500899716880519e-02 6.131520864150169503e-02 -9.975502187650954200e-01
8.749993133544921875e+01 -2.645854759216308594e+01 2.317949056625366211e+00 -6.894214150740626268e-01 3.088608871714027537e-01 6.552122288335064937e-01
-1.531268000602722168e+00 6.736273193359375000e+01 -1.384499740600585938e+01 1.519858118554256836e-02 -3.521041234787494756e-01 -9.358374267783949874e-01
6.612993621826171875e+01 2.568028259277343750e+01 -2.058521652221679688e+01 -6.411692400494608535e-01 -2.603954440509135826e-01 -7.218699455801746989e-01
-6.420286560058593750e+01 3.927645492553710938e+01 -1.864966392517089844e+01 -7.303338936983433394e-01 4.037087345757204848e-01 5.510278226575201499e-01
-5.166746139526367188e+01 -4.700724124908447266e+00 -1.839990425109863281e+01 -3.077319960718676861e-01 -8.304203471853778551e-02 -9.478423070655946914e-01
7.630002593994140625e+01 7.575999945402145386e-02 -6.356829166412353516e+00 -1.087902958970767830e-01 -8.219297860639311962e-03 9.940307413059741304e-01
1.712481880187988281e+01 7.293573760986328125e+01 -1.258024215698242188e+01 1.962777822678717365e-01 9.800814378307729502e-01 3.025570041447448941e-02
-5.020967483520507812e+01 2.977664947509765625e+00 -1.900063514709472656e+01 -4.579835145088361759e-01 4.486414093456076585e-02 -8.878278601712937812e-01
-7.405155944824218750e+01 5.666488265991210938e+01 1.012739181518554688e+01 -7.778415189315119882e-01 5.658631856786506820e-01 -2.734253582240085967e-01
-1.891567945480346680e+00 -4.598497772216796875e+01 -1.893827819824218750e+01 1.045127122164209339e-02 -5.872821836133495371e-02 -9.982192981995264836e-01
-5.821825790405273438e+01 -5.115509033203125000e+01 -5.646872997283935547e+00 2.155344325148585705e-01 1.731355377992317424e-01 9.610249705140176957e-01
3.406715393066406250e+01 6.153276062011718750e+01 -1.635695266723632812e+01 -5.338055965932119173e-01 -7.659004610993047635e-01 -3.583965244441380538e-01
3.400985336303710938e+01 -1.671114158630371094e+01 -1.984202194213867188e+01 1.479762895544266266e-01 9.610951599891000285e-02 -9.843098997085011348e-01
-1.237546634674072266e+01 5.889813232421875000e+01 -6.848316192626953125e+00 5.664227420156928150e-02 7.758214432276508421e-02 9.953756394726345214e-01
-8.051215362548828125e+01 3.732925033569335938e+01 1.010585212707519531e+01 8.301352425416353986e-01 -3.220656912960752627e-01 4.551364296343695659e-01
6.804550170898437500e+01 1.732919692993164062e+01 -7.091296195983886719e+00 -1.792515443400608255e-01 -7.393536499153965935e-02 9.810211239597601551e-01
8.310861206054687500e+01 -2.065504646301269531e+01 -3.289217948913574219e+00 -6.073470789068424747e-01 1.392023743922543577e-01 7.821459101132500757e-01
2.839764404296875000e+01 4.246451568603515625e+01 -1.697373771667480469e+01 1.032028602503244769e-01 1.282602994330890311e-01 -9.863561553645247004e-01
1.031305217742919922e+01 -2.147591400146484375e+01 -1.220361614227294922e+01 -1.496175331590137714e-01 1.535735206713667034e-01 9.767444740156008276e-01
-5.358237838745117188e+01 4.686090850830078125e+01 -2.091474151611328125e+01 8.199434569325218802e-02 -4.674767071998883750e-02 -9.955358268573717417e-01
-9.497679710388183594e+00 4.568993377685546875e+01 -5.092782020568847656e+00 2.665926026310668218e-01 1.987218297728600425e-01 9.431002166228784622e-01
7.173489093780517578e+00 4.336443328857421875e+01 -9.246224403381347656e+00 1.044982913470829389e-01 -1.828259017474623549e-01 9.775759800423533541e-01
8.226885223388671875e+01 -1.106736946105957031e+01 -1.103091430664062500e+01 3.716938936965889506e-01 9.638934840764788736e-02 -9.233378270720947745e-01
-2.834824943542480469e+01 8.389672088623046875e+01 8.181204795837402344e+00 2.622369335170460225e-01 -9.036974728124734790e-01 3.384710745867735571e-01
4.041143035888671875e+01 -7.192626190185546875e+01 -1.100049400329589844e+01 1.976584349102804283e-01 -2.810060659806398187e-01 -9.391308396548920800e-01
5.735406875610351562e+00 8.681721496582031250e+01 -3.747057914733886719e+00 3.052172934471288068e-02 8.378167974503043514e-01 -5.450976407469800833e-01
7.196836853027343750e+01 -5.629756927490234375e+01 -4.661025047302246094e+00 6.152043831979313593e-01 -4.484957730007194665e-01 -6.483634077387002703e-01
-1.552016067504882812e+01 -6.928651428222656250e+01 -2.007558822631835938e+01 1.974982754428987186e-01 9.680047721914062375e-01 1.547940315766231367e-01
-4.220582199096679688e+01 1.303380107879638672e+01 -2.024812698364257812e+01 -1.041561794493109927e-01 2.271802308735066112e-01 -9.682668191065844088e-01
-1.530822467803955078e+01 -7.908282470703125000e+01 -4.017045974731445312e+00 8.410406163006307889e-02 4.467492016081779926e-01 8.906972873427774218e-01
1.779837608337402344e+01 6.254416656494140625e+01 -6.579529762268066406e+00 -1.182023530610472883e-01 -2.705468995237777508e-01 9.554227226149178964e-01
8.678101348876953125e+01 -5.482861995697021484e+00 -1.490422010421752930e+00 -7.312424283802797520e-01 -8.731112209920867395e-02 6.765066732075069034e-01
-5.624333190917968750e+01 -6.856584167480468750e+01 -2.112432003021240234e+00 -8.723947802950843267e-01 -4.099666903480554958e-01 -2.661853867494479720e-01
4.219654464721679688e+01 4.472232437133789062e+01 -1.469109439849853516e+01 1.221739582660765766e-01 1.416027584866770550e-01 -9.823554258569363595e-01
1.580794811248779297e+01 -7.754116821289062500e+01 -4.961791038513183594e+00 -1.008759644685214701e-01 3.793725939379978263e-01 9.197284788247565013e-01
4.496648788452148438e+01 -6.544880676269531250e+01 -1.924511718750000000e+01 5.184082686222378777e-01 -6.653371414324835698e-01 -5.371958257977671458e-01
-7.425791168212890625e+01 6.105345153808593750e+01 1.928142929077148438e+01 -7.624648308260619789e-01 6.017457340236758156e-01 -2.378012896047706215e-01
4.609751892089843750e+01 7.045783042907714844e+00 -9.943224906921386719e+00 -1.656522918258302238e-02 3.851119240621263262e-02 9.991208541720967284e-01
4.555520248413085938e+01 8.604760169982910156e-01 -1.840414237976074219e+01 2.853328332673552570e-01 4.399501577555098297e-02 -9.574182016478132162e-01
-1.800906753540039062e+01 -5.683058929443359375e+01 -8.287097930908203125e+00 -2.260745897692197429e-02 1.622045978912055875e-01 9.864981354374466882e-01
2.992526626586914062e+01 7.733367156982421875e+01 -8.109112739562988281e+00 1.268557200550190223e-01 2.926774185522687532e-01 -9.477592283691584907e-01
7.553550720214843750e+01 -3.594706344604492188e+01 -4.737638950347900391e+00 -3.329389465908431656e-01 1.424969409195179226e-01 9.321192411229151098e-01
6.131613540649414062e+01 5.790205001831054688e+01 -6.858981132507324219e+00 3.824447919026779386e-01 5.606803070399004607e-01 -7.344205705480751911e-01
4.076817989349365234e+00 2.580748558044433594e+01 -2.004537773132324219e+01 -1.381031482379722723e-02 -4.017173585760171195e-02 -9.990973460292318364e-01
-5.440659713745117188e+01 1.668751716613769531e+01 -6.980688095092773438e+00 -1.235328195144709679e-01 1.631932134043108037e-02 9.922062901704427063e-01
-6.256359100341796875e+00 -8.615477752685546875e+01 5.131400227546691895e-01 8.560814407205273591e-02 7.661173195464181518e-01 6.369737030361223296e-01
-1.665147590637207031e+01 -6.402052307128906250e+01 -1.437165164947509766e+01 -1.065726958866562019e-01 -2.610771888422125930e-01 -9.594169906551051064e-01
7.973764896392822266e+00 -5.303541183471679688e+01 -1.640231704711914062e+01 1.309082916257759688e-01 -3.402575039884275232e-01 -9.311755205991973927e-01
-5.316461944580078125e+01 1.536397075653076172e+01 -1.667285537719726562e+01 -2.616862534684075703e-01 1.030292558911827527e-01 -9.596380969804072514e-01
-7.114542388916015625e+01 -2.505520439147949219e+01 -1.790828895568847656e+01 -7.273680606257277859e-01 -2.677813148340174587e-01 6.318456075714480313e-01
-2.963499450683593750e+01 -5.064120483398437500e+01 -8.392986297607421875e+00 5.591828336803929267e-02 1.234874387753181479e-01 9.907693970091544511e-01
-4.689665222167968750e+01 -3.618632078170776367e+00 -5.153283119201660156e+00 -1.184660209855547125e-01 -1.103862273932514765e-01 9.868032644219087990e-01
-4.674023056030273438e+01 7.875784301757812500e+01 4.865372180938720703e+00 -5.136521645620951704e-01 7.296467305781938473e-01 -4.514167723924610298e-01
6.598034667968750000e+01 -4.449637985229492188e+01 -1.833808326721191406e+01 8.985660062782139246e-01 -4.382206287969145908e-01 -2.327687388928521145e-02
6.290925216674804688e+01 -6.458820343017578125e+01 3.333820104598999023e-01 1.105786248346139061e-01 -1.715889320906748006e-01 9.789431066786606905e-01
5.194926834106445312e+01 -5.661196899414062500e+01 -1.252705860137939453e+01 3.820371716993131161e-01 -2.749578293658365147e-01 -8.822957505907058628e-01
-5.274468994140625000e+01 7.302750396728515625e+01 1.242827320098876953e+01 2.926230554339906420e-01 -2.367723563981538049e-01 9.264505376295819605e-01
5.258876419067382812e+01 -1.116266441345214844e+01 -9.938959121704101562e+00 -2.176740363573109044e-02 -6.396634793543133635e-02 9.977146317814340470e-01
6.945896911621093750e+01 3.453490447998046875e+01 -1.805566024780273438e+01 7.278823676745953541e-01 3.153193824580427518e-01 6.089014254168763074e-01
-3.558644866943359375e+01 6.885713958740234375e+01 -4.231812000274658203e+00 1.390233207299498286e-01 -2.702313967035432918e-01 9.527053629159802917e-01
-2.652989196777343750e+01 -6.153087234497070312e+01 -1.399620723724365234e+01 1.120213746679441791e-01 1.496364991559742952e-01 -9.823747399734219510e-01
3.971577453613281250e+01 5.858624649047851562e+01 -2.008995246887207031e+01 4.200147674121875070e-03 7.090051608554187590e-02 -9.974745488373722990e-01
-3.978336334228515625e+01 3.520350646972656250e+01 -3.837332010269165039e+00 -2.242559633328444491e-01 -8.216769698407110079e-02 9.710601075535909565e-01
4.046487045288085938e+01 -8.186343383789062500e+01 -3.684554100036621094e+00 3.012884965920680225e-01 -6.256837840179637622e-01 -7.195450258588780290e-01
-6.263675212860107422e+00 -3.462217330932617188e+01 -1.931784057617187500e+01 3.821983117323932838e-02 -1.865792305189450384e-01 -9.816962031321336823e-01
4.273201751708984375e+01 3.086019897460937500e+01 -1.662755966186523438e+01 2.186041449854441709e-01 1.949388433044901281e-01 -9.561438569411458976e-01
-5.350744628906250000e+01 -2.975663757324218750e+01 -1.565660667419433594e+01 -2.244471623908189939e-01 -1.188673476274606372e-01 -9.672094007828511142e-01
-3.442269134521484375e+01 8.080121612548828125e+01 6.344855785369873047e+00 3.518650766982241995e-01 -8.296004126281395497e-01 4.335367610334484034e-01
-6.898191928863525391e+00 -8.060562133789062500e+01 -1.080946922302246094e+01 -2.847197733563057442e-02 -2.995035903152425405e-01 -9.536702500837900276e-01
6.759734344482421875e+01 -4.890932083129882812e+01 -4.629540920257568359e+00 -2.858337019763236841e-01 2.128133249808583927e-01 9.343498186038791120e-01
2.107361793518066406e+01 8.621000289916992188e+00 -1.998271942138671875e+01 3.079305960134456899e-02 5.077631917643881006e-03 -9.995128839262139575e-01
1.927862167358398438e+01 4.201912689208984375e+01 -9.171538352966308594e+00 -1.538328928056413303e-01 -3.779017756868451872e-01 9.129762806468618708e-01
-6.685283660888671875e+01 1.072670364379882812e+01 -6.223689079284667969e+00 4.042535591862257971e-01 -3.833769656994757968e-02 9.138431380204040666e-01
1.852640724182128906e+01 -1.210761547088623047e+01 -2.083649635314941406e+01 -4.466099279228307600e-02 -4.505945754484393800e-02 -9.979854913817997053e-01
-1.669640159606933594e+01 2.160058403015136719e+01 -2.086324310302734375e+01 -2.419486291947480980e-02 -9.731453621299561429e-03 -9.996598958739537633e-01
3.583565521240234375e+01 -4.812615966796875000e+01 -1.568295574188232422e+01 1.665608637566243569e-02 -1.710884820643452930e-01 -9.851148694906420866e-01
1.671748995780944824e+00 2.485521316528320312e+01 -1.139620208740234375e+01 1.642321927482560950e-02 -5.191066223004988517e-02 9.985166803892103760e-01
-1.234961032867431641e+01 -7.878550052642822266e+00 -2.006836318969726562e+01 -3.654685804837978780e-02 -5.932474510802585033e-02 -9.975694972204489641e-01
8.335540008544921875e+01 -3.376318359375000000e+01 2.845149934291839600e-01 -6.979857111933757130e-01 2.861684958971254522e-01 6.564476665552665402e-01
2.508580923080444336e+00 1.359832096099853516e+01 -2.024607467651367188e+01 9.444475469830190817e-02 4.145302395897037390e-02 -9.946666954888127021e-01
2.610905456542968750e+01 -3.421357727050781250e+01 -1.045892238616943359e+01 -7.938039758055569217e-02 5.316929941305671009e-02 9.954254256748104046e-01
7.914501190185546875e+01 -2.347776412963867188e+01 -1.116957569122314453e+01 2.909138086891697172e-01 -1.261425004612512224e-01 -9.483971876230677944e-01
-3.057152175903320312e+01 7.858531188964843750e+01 -6.752631187438964844e+00 -2.853382954291772688e-01 6.895523604966364850e-01 -6.656572686413695372e-01
-4.002593231201171875e+01 4.009521484375000000e+01 -1.711039733886718750e+01 -4.148672584502395289e-01 2.018322625561841388e-01 -8.872141205241459438e-01
3.861811065673828125e+01 2.887764739990234375e+01 -9.608955383300781250e+00 -6.655063724814398729e-02 -6.837506319843625335e-02 9.954375236118416792e-01
2.614028549194335938e+01 -7.682118225097656250e+01 -1.135998821258544922e+01 9.997860057679960888e-02 -1.995502000824373734e-01 -9.747738184182852539e-01
-4.552623748779296875e+01 -4.487656402587890625e+01 -7.834681987762451172e+00 7.126821608996206092e-02 7.390053224720709302e-02 9.947158150491697270e-01
1.630468940734863281e+01 2.028611373901367188e+01 -1.970737457275390625e+01 -3.884443254924995186e-03 -6.246666287618374974e-02 -9.980394917685935230e-01
-6.625007629394531250e+01 1.373544788360595703e+01 -1.569865322113037109e+01 7.830431550990847311e-01 -1.502220948053417104e-01 -6.035534271999172251e-01
4.270372009277343750e+01 7.317899322509765625e+01 -6.571905136108398438e+00 3.260974433645244530e-01 5.865733032130578950e-01 -7.413448707510172930e-01
-3.545042800903320312e+01 1.963663291931152344e+01 -2.048938560485839844e+01 -1.237300354259363716e-01 4.268061413037687463e-02 -9.913976212957898992e-01
2.240302848815917969e+01 3.143661880493164062e+01 -1.892306327819824219e+01 2.080176405386743310e-01 1.970336343579580374e-02 -9.779266018950706352e-01
7.396345520019531250e+01 -2.563517189025878906e+01 -2.100748252868652344e+01 5.926479556262784776e-01 3.255458413808793444e-02 -8.048034541076404258e-01
-1.109285068511962891e+01 9.009960174560546875e+01 2.626555919647216797e+00 -1.136586625748051971e-01 8.550869316111836538e-01 -5.058735492289329061e-01
6.688682556152343750e+01 -4.132292175292968750e+01 -1.226458930969238281e+01 1.860919419623098814e-01 -1.445533512977283941e-01 -9.718405824852611730e-01
-2.947237968444824219e+00 4.034754943847656250e+01 -2.025207328796386719e+01 1.870221230482161934e-01 1.398215021769770861e-01 -9.723541911358799528e-01
3.360899984836578369e-01 -7.600486755371093750e+01 -5.556776046752929688e+00 1.072844670778730532e-02 1.646784742428979154e-01 9.862889538833280456e-01
5.928372955322265625e+01 -2.025035095214843750e+01 -1.590059185028076172e+01 2.266323186553849678e-01 -1.832494767970179947e-02 -9.738079833485759895e-01
1.721583366394042969e+01 -2.597047805786132812e+01 -2.126658248901367188e+01 -8.598545340083522948e-02 -7.347555920355565429e-02 -9.935833352080626346e-01
2.864753723144531250e+01 6.938355255126953125e+01 -1.197075557708740234e+01 3.432491350660658025e-01 9.383411811136201930e-01 -4.118080988389963976e-02
4.805498123168945312e+01 5.297316741943359375e+01 -2.025821113586425781e+01 -1.043260536798099186e-01 -2.253256570352828517e-02 -9.942878647586993468e-01
-3.191560173034667969e+01 6.633776187896728516e+00 -2.110783767700195312e+01 1.519637925221583447e-02 -8.216561777807544764e-03 -9.998507679499848422e-01
1.449917793273925781e+01 8.489370727539062500e+01 -5.267498016357421875e+00 1.513461499243705377e-01 6.525382409898632385e-01 -7.424878362296079004e-01
-7.893261718750000000e+01 2.164536857604980469e+01 -1.769851922988891602e+00 6.900307101435978474e-01 -2.080183758252844295e-01 6.932430846230871468e-01
-5.958505249023437500e+01 3.165775299072265625e+01 -1.516963481903076172e+01 6.517496410010746866e-01 -3.512663174441452707e-01 -6.721862685924188119e-01
6.058160781860351562e+00 6.376859283447265625e+01 -6.693016052246093750e+00 1.014661543705588399e-02 -1.822433835664498403e-01 9.832010960843281522e-01
2.564944458007812500e+01 6.285850143432617188e+01 -1.375012302398681641e+01 -8.960748957948559690e-02 -1.614737656657059262e-01 -9.828004481139591686e-01
5.587158584594726562e+01 -6.437792205810546875e+01 -3.081257104873657227e+00 -3.037634643053871986e-01 4.072913935820851594e-01 8.613021992698919327e-01
6.971401214599609375e+00 -6.862464904785156250e+01 -1.588594245910644531e+01 -1.189574556149330387e-01 7.871618940266986719e-01 -6.051654950060533222e-01
-1.424976921081542969e+01 7.171891784667968750e+01 -3.671433925628662109e+00 -3.165543597355364724e-01 -3.195795950934939844e-01 8.931193759695861267e-01
-7.641780090332031250e+01 1.572888946533203125e+01 -1.129321002960205078e+01 -1.836234248006962666e-01 5.120212600918250950e-02 -9.816622536069128380e-01
6.363869476318359375e+01 5.461837768554687500e+00 -8.582658767700195312e+00 -2.315052100249316569e-01 1.674278653464210745e-02 9.726895788638673102e-01
-1.810106992721557617e+00 3.443092346191406250e+01 -8.314099311828613281e+00 3.566046241268348571e-01 -3.000225509457148942e-01 8.847709370087745162e-01
6.968015289306640625e+01 -3.999704360961914062e+01 -5.888683795928955078e+00 -1.948111952683152237e-01 7.950183325885309960e-02 9.776134495323864915e-01
6.206265640258789062e+01 -3.232218170166015625e+01 -1.524134826660156250e+01 -2.321806307573337502e-01 9.317508581079737839e-02 -9.681996478440163534e-01
-3.800663375854492188e+01 -5.576755523681640625e+01 -1.467409038543701172e+01 1.835549660333971045e-01 1.822597770063029421e-01 -9.659652934397235935e-01
-1.001115322113037109e+01 7.726405334472656250e+01 -1.047163105010986328e+01 -7.734961177133238552e-02 3.588206983306402864e-01 -9.301960782589527854e-01
2.016011810302734375e+01 -6.434815216064453125e+01 -1.507961273193359375e+01 -5.682706290503607843e-02 2.992695271738555207e-01 -9.524748999457802734e-01
7.150876045227050781e+00 5.859862804412841797e+00 -1.986658859252929688e+01 -6.990682536911874134e-02 -2.302068515489637604e-02 -9.972878640702547148e-01
7.184066009521484375e+01 -2.876145362854003906e+01 -1.262836647033691406e+01 2.809583380740462433e-01 -2.513930126645510035e-02 -9.593906544252474022e-01
6.136703109741210938e+01 1.653522872924804688e+01 -1.515289115905761719e+01 1.548491544996838665e-01 7.912946000100971877e-02 -9.847640671301333137e-01
-1.357294368743896484e+01 6.330246734619140625e+01 -1.365905952453613281e+01 -2.019790261211211468e-02 1.883300649744714672e-01 -9.818980758494146865e-01
-3.760877227783203125e+01 6.769534301757812500e+01 -1.054836463928222656e+01 -1.381463975131674016e-01 3.868988940981137881e-01 -9.117153166420922661e-01
-7.614757537841796875e+01 3.233833694458007812e+01 -8.497117996215820312e+00 -6.359350711923046351e-01 2.721930780167986508e-01 -7.221478474020255334e-01
4.906815338134765625e+01 -6.977373504638671875e+01 -2.734527111053466797e+00 -2.779712099241427592e-01 4.540989882770399277e-01 8.464786561391119957e-01
-5.684453964233398438e+01 -3.796655654907226562e+01 -1.527055072784423828e+01 4.803215572826410873e-01 2.863523071371623097e-01 -8.290316989155498417e-01
4.142723083496093750e+01 -5.950983428955078125e+01 -6.204170227050781250e+00 -2.258931056960200856e-01 2.665492027572337053e-01 9.369758947318175268e-01
6.282599639892578125e+01 -9.409510612487792969e+00 -1.544857215881347656e+01 1.971446866469751258e-01 -1.057186846344598807e-02 -9.803174017245933625e-01
-3.002714347839355469e+01 -3.327706527709960938e+01 -1.906978607177734375e+01 -3.583271520781297625e-02 -6.627865302445307139e-02 -9.971575385434842120e-01
2.548927497863769531e+01 1.461622953414916992e+00 -1.195058441162109375e+01 -2.301184733707692942e-01 2.625057383794793600e-02 9.728085092075855478e-01
4.665560150146484375e+01 6.368690109252929688e+01 -2.993452072143554688e+00 -3.362511614266142645e-01 -3.502581050734661083e-01 8.742164584755870438e-01
1.142759418487548828e+01 -5.271530151367187500e-01 -2.000959777832031250e+01 -7.546007182346143802e-04 3.428812948158706762e-03 -9.999938368907692610e-01
-5.763529586791992188e+01 5.993551254272460938e+01 -1.152480021119117737e-01 5.533233912660859843e-01 -5.376085407992768905e-01 6.362470287062016450e-01
-1.898079872131347656e+01 8.916985321044921875e+01 3.468621015548706055e+00 -1.835454667767653647e-01 8.787220202472165731e-01 -4.406343980652774328e-01
6.189165878295898438e+01 2.458917808532714844e+01 -1.454293251037597656e+01 5.720662804009949559e-02 4.002841002736428483e-02 -9.975595862398209945e-01
5.498975753784179688e+01 -4.839624786376953125e+01 -2.104913902282714844e+01 -4.360704919184810180e-01 2.771307270675463230e-01 -8.561781860062700478e-01
-1.099776649475097656e+01 -8.948940277099609375e+01 4.485383987426757812e+00 -2.130651429694663535e-01 3.176628782954658003e-01 9.239553780375115988e-01
-2.330892944335937500e+01 -1.059210872650146484e+01 -2.004801368713378906e+01 1.710244752586553146e-02 -3.487121686444755175e-02 -9.992454676019388859e-01
-1.789735412597656250e+01 2.880382728576660156e+01 -3.983954906463623047e+00 2.513347738722698788e-01 -3.195864593676632781e-01 9.136166189553558414e-01
-5.946500015258789062e+01 2.101389694213867188e+01 -7.527976989746093750e+00 6.175370397445190118e-02 1.249879955499172933e-02 9.980131562535234924e-01
-2.392680358886718750e+01 -8.701549530029296875e+01 -1.067602992057800293e+00 -2.407515631706551584e-01 -8.242796277200798993e-01 -5.124468559338937190e-01
2.056945610046386719e+01 -8.937855529785156250e+01 -2.235023021697998047e+00 4.116811192561315585e-02 -7.535538966313871656e-01 -6.560958096437843334e-01
7.918193817138671875e+00 -9.224357604980468750e+01 1.608549952507019043e-01 1.820526867725644760e-01 -9.345290953268897693e-01 3.057976278953052907e-01
4.247351074218750000e+01 -4.960966491699218750e+01 -8.023583412170410156e+00 -1.559787027338828680e-01 2.390734547379524400e-01 9.583916357800266184e-01
-4.600949478149414062e+01 6.652235412597656250e+01 -2.445053100585937500e+00 3.895776400985361265e-01 -6.435071593178210980e-01 6.588837516906634884e-01
-8.116055297851562500e+01 4.201455307006835938e+01 5.099415779113769531e+00 -8.029347744018744404e-01 4.631050732591321384e-01 -3.752724865719104241e-01
3.250003051757812500e+01 -8.553469085693359375e+01 -3.005243062973022461e+00 2.633948427817895399e-01 -6.420643243707198078e-01 -7.199837221537218612e-01
4.819901943206787109e+00 -8.678102111816406250e+01 -6.498824119567871094e+00 5.716628718090162320e-02 -7.092468172112457170e-01 -7.026385755747178719e-01
-3.029407024383544922e+00 7.103616333007812500e+01 -4.100369930267333984e+00 1.621498074387083821e-01 -4.464503641062507744e-01 8.799940410803847035e-01
7.125243377685546875e+01 -6.342723846435546875e+00 -2.153698539733886719e+01 -1.279111767112304232e-01 2.119850132459411701e-02 -9.915590524088514490e-01
3.145338439941406250e+01 5.066304016113281250e+01 -1.534469413757324219e+01 1.168420694030071483e-01 1.847378297286949855e-01 -9.758175367786513510e-01
8.333882331848144531e+00 7.998954010009765625e+01 -9.300676345825195312e+00 6.566122716987891905e-02 3.824422298805954523e-01 -9.216433931030502125e-01
-6.589758300781250000e+01 6.757994079589843750e+01 1.385245037078857422e+01 -6.864539051821062499e-01 6.650799515932273032e-01 -2.940232882766029565e-01
-5.385160064697265625e+01 7.126100921630859375e+01 1.160421967506408691e+00 -5.212709415409608749e-01 6.748315900373268450e-01 -5.223781490383122561e-01
-6.056687164306640625e+01 -4.730094146728515625e+01 -1.896220397949218750e+01 -4.831947909881412206e-01 -4.329892302614822275e-01 7.609488290545531886e-01
-3.400540924072265625e+01 6.173786544799804688e+01 -5.645774841308593750e+00 1.001253283760949499e-02 -2.206409477700267407e-01 9.753037072385811745e-01
-3.112551498413085938e+01 6.837188720703125000e+01 -2.066727066040039062e+01 -1.981837986745337565e-01 2.343404915436031188e-01 -9.517393109281734320e-01
-3.164346694946289062e+01 9.741667747497558594e+00 -5.314860820770263672e+00 2.583086762982434448e-01 -1.217249151817405284e-01 9.583630172189696594e-01
-1.701697158813476562e+01 1.352504968643188477e+00 -1.183254051208496094e+01 1.376127481168990252e-01 -1.473322940920005538e-03 9.904850129483164789e-01
-1.611335182189941406e+01 6.678794860839843750e+01 -2.047287368774414062e+01 1.583617881442672681e-01 -6.306371221381097403e-01 -7.597488823533161684e-01
-9.198068618774414062e+00 -7.561546325683593750e+01 -1.455169582366943359e+01 -1.345118770552831966e-01 -8.992597652004353792e-01 4.162192086181537021e-01
-3.937242507934570312e+01 -1.139424133300781250e+01 -6.626080989837646484e+00 9.420197411796614462e-02 -1.401476167749562685e-01 9.856392005113119303e-01
6.637657165527343750e+00 6.932041931152343750e+01 -2.007907676696777344e+01 -1.096286736353351519e-02 -9.118548217776306641e-01 -4.103664210678731328e-01
-6.884487152099609375e+01 5.706517410278320312e+01 1.192420005798339844e+00 -6.413659375668403495e-01 5.535691876763375596e-01 -5.312352478745809847e-01
5.927545928955078125e+01 -4.334305953979492188e+01 -2.114751434326171875e+01 -8.331421081422703268e-02 3.663493758623137531e-02 -9.958496993143369780e-01
6.870951843261718750e+01 -3.788694000244140625e+01 -2.015342712402343750e+01 7.885095107609089160e-01 -1.759114303142630398e-01 -5.893283635838193479e-01
-1.382577991485595703e+01 3.494290161132812500e+01 -2.175516510009765625e+01 5.416840274365355284e-02 -4.492597086925079197e-02 -9.975206470472962605e-01
7.909597015380859375e+01 -4.843537521362304688e+01 -3.391499042510986328e+00 6.224298656681311881e-01 -3.563221241603847789e-01 -6.968612531617636163e-01
-5.618738555908203125e+01 6.609878540039062500e+01 5.452667236328125000e+00 5.701741720142154968e-01 -5.992107849389468610e-01 5.620034241717348777e-01
3.945606613159179688e+01 5.499354934692382812e+01 -5.850901126861572266e+00 -2.423620688522624272e-02 -5.061884562673654164e-01 8.620822774059780924e-01
-5.286782836914062500e+01 -5.379288864135742188e+01 -1.597081089019775391e+01 -6.911326473372093604e-01 -5.881687748218086265e-01 4.199918524320122026e-01
8.037438201904296875e+01 -5.024409770965576172e+00 -5.642472267150878906e+00 -2.765426919375529313e-01 -2.576984395876451284e-02 9.606560543078218606e-01
-2.540005111694335938e+01 8.342113494873046875e+01 -2.992120981216430664e+00 -2.787492672630000889e-01 7.956531440075798045e-01 -5.378056530301573712e-01
1.134531784057617188e+01 7.322061157226562500e+01 -4.791045188903808594e+00 -6.289221998333052732e-02 -1.340982214531453165e-01 9.889702905894955931e-01
-3.626210021972656250e+01 -4.307934188842773438e+01 -8.586253166198730469e+00 3.952434009618342736e-02 3.706222460648559563e-02 9.985310300872876077e-01
8.296656799316406250e+01 3.159558677673339844e+01 -4.137403964996337891e+00 7.264122065647039550e-01 3.222241356211409391e-01 -6.070394654196763495e-01
7.585318756103515625e+01 2.646678924560546875e+00 -1.504138946533203125e+01 9.820990518574946870e-01 1.230437639805692929e-01 1.426242773377094653e-01
2.819798469543457031e+01 -6.564608001708984375e+01 -1.806719398498535156e+01 -3.001452762075040304e-01 8.527515770060618561e-01 -4.274664443953417603e-01
8.522176361083984375e+01 -4.123502349853515625e+01 -9.244650006294250488e-01 6.895349821480037944e-01 -4.364132141550010058e-01 -5.780008779448810863e-01
2.002432823181152344e+01 4.441689682006835938e+01 -1.759524154663085938e+01 9.826251198727349589e-02 1.015580295010877071e-01 -9.899648707816894877e-01
-2.076679611206054688e+01 7.124625396728515625e+01 -1.268248271942138672e+01 -3.046642638042367235e-01 9.236803544686835732e-01 -2.323667126101108815e-01
5.267285537719726562e+01 6.155560302734375000e+01 -8.991965293884277344e+00 2.747436135766943566e-01 3.008913533168836030e-01 -9.132252407253943494e-01
1.340538406372070312e+01 -4.144883346557617188e+01 -1.045115661621093750e+01 -2.802662114881524467e-03 1.550565684116766638e-02 9.998758521391510889e-01
5.746685409545898438e+01 -1.965893554687500000e+01 -9.673743247985839844e+00 -1.455117115944187800e-01 8.017654943183014082e-02 9.861024605537034304e-01
-6.348239898681640625e+01 -2.652183723449707031e+01 -2.055662345886230469e+01 9.273346654730544314e-01 3.678946924070080615e-01 -6.858508227545627445e-02
-1.162343406677246094e+01 1.158527946472167969e+01 -1.218710803985595703e+01 9.792761633091792706e-02 -6.984092782630091367e-02 9.927398585531386210e-01
6.251698303222656250e+01 4.417728424072265625e+01 -4.620586872100830078e+00 -7.700198558356644019e-02 -1.322271127008059488e-02 9.969432552170942596e-01
-1.040870475769042969e+01 -2.357689857482910156e+01 -1.143605804443359375e+01 1.128824109189948410e-01 1.296953458035161044e-01 9.851074451967264389e-01
7.365510559082031250e+01 -4.963475418090820312e+01 -7.370262145996093750e+00 5.603664147325924105e-01 -3.902592732076556326e-01 -7.305389660484732373e-01
6.098451232910156250e+01 3.590860748291015625e+01 -2.023869895935058594e+01 -3.758672007713360630e-01 -3.538134241810998448e-01 -8.564694438528237530e-01
-1.184612035751342773e+00 -3.371854066848754883e+00 -1.988371276855468750e+01 -1.035377028444053882e-01 -7.859200850309591702e-02 -9.915156278592652805e-01
-1.316677379608154297e+01 -7.326106262207031250e+01 -5.917614936828613281e+00 3.213019072286209254e-02 1.665768987428055126e-01 9.855048389781458917e-01
-6.593999481201171875e+01 1.712694549560546875e+01 -6.615327835083007812e+00 2.261215828684614293e-01 1.848581138647241440e-02 9.739236646362203764e-01
-4.764709472656250000e+01 -2.522847938537597656e+01 -8.396423339843750000e+00 7.009691309492319111e-02 -1.996854132179469096e-02 9.973403030721472717e-01
1.588422584533691406e+01 2.513955116271972656e+00 -1.276420116424560547e+01 -1.637029673930584794e-01 -6.649162724162779869e-02 9.842663267497611113e-01
5.901690125465393066e-01 -9.012431335449218750e+01 3.758445024490356445e+00 2.283340924870635724e-01 -5.776181112747952318e-01 7.837224379430816068e-01
-3.237075042724609375e+01 3.865650558471679688e+01 -2.021207618713378906e+01 -2.907561197665710084e-01 2.085218777930210321e-01 -9.337984286236294951e-01
-6.720597839355468750e+01 -8.378997802734375000e+00 -1.532923030853271484e+01 6.996582830308919476e-01 8.981398571792509333e-02 -7.088100838417330518e-01
-4.367605590820312500e+01 -2.237834167480468750e+01 -1.841853332519531250e+01 -2.384921621688825544e-01 -1.558989446742538310e-01 -9.585494288942356667e-01
9.226814270019531250e+01 9.441205024719238281e+00 -6.213979721069335938e-01 7.661105346280000505e-01 1.291737373033932657e-01 -6.295941504835269598e-01
5.669471359252929688e+01 -5.190347290039062500e+01 -1.428625965118408203e+01 6.909981646574183678e-01 -6.613454924622638176e-01 2.917938930819578003e-01
2.020240020751953125e+01 -7.933658599853515625e+01 -1.111355495452880859e+01 2.879661408727708302e-03 -3.532691791019192395e-01 -9.355172871982788685e-01
5.522682189941406250e+01 6.810846710205078125e+01 -3.230432987213134766e+00 5.176060784527466430e-01 6.494674471395676107e-01 -5.570242208870113121e-01
-7.411954498291015625e+01 7.596279978752136230e-01 -1.690986251831054688e+01 -9.065431979340374813e-01 6.127828904244922437e-02 4.176414749178516961e-01
5.023824691772460938e+01 2.113429069519042969e+00 -9.901843070983886719e+00 -2.726212089733290322e-02 -1.856164213402975230e-02 9.994559731201106967e-01
3.735136032104492188e+01 -2.723426055908203125e+01 -9.015643119812011719e+00 -1.021321652022805365e-01 1.744057204555461704e-01 9.793628875465294481e-01
5.253071212768554688e+01 -2.379600334167480469e+01 -1.727221488952636719e+01 1.289478354391531134e-01 -1.111821880007173441e-01 -9.853988922294008024e-01
-7.295771026611328125e+01 5.034936904907226562e+01 9.661553382873535156e+00 8.192721940042798634e-01 -4.357923417845260272e-01 3.726635305116032804e-01
-6.276535034179687500e+01 5.975449752807617188e+01 5.058156013488769531e+00 5.962395510217451955e-01 -5.567014413871519407e-01 5.784305515399883468e-01
-3.791061401367187500e+01 7.466535091400146484e+00 -4.493912220001220703e+00 1.162254823199976583e-01 -8.251200698846425374e-02 9.897895766081897806e-01
-1.980292510986328125e+01 5.423652267456054688e+01 -1.736011314392089844e+01 -7.762227186819181668e-02 5.000748390720627379e-01 -8.624963409992363328e-01
-8.843217849731445312e+00 -8.011535644531250000e+01 -4.072097778320312500e+00 5.829433523845731907e-02 4.628925162074654653e-01 8.844954996596804397e-01
-3.047232627868652344e+01 -8.039259338378906250e+01 -6.372708797454833984e+00 -2.908835139735647668e-01 -6.733841538672860061e-01 -6.796620944401932096e-01
4.705071258544921875e+01 -3.303086090087890625e+01 -1.722365188598632812e+01 1.553095227982568549e-01 -1.498977300073383867e-01 -9.764269674004424360e-01
8.667588043212890625e+01 1.648057937622070312e+01 -5.639970779418945312e+00 7.621207769743646443e-01 1.201023075764859338e-01 -6.361975770299616029e-01
4.505705261230468750e+01 -5.562107086181640625e+01 -1.682546234130859375e+01 -4.092159901780523801e-01 6.165040711768431381e-01 -6.726551892351489981e-01
3.098203468322753906e+01 2.894315147399902344e+01 -1.017083454132080078e+01 -5.278089940675285410e-04 -2.152511656583131275e-02 9.997681685143277042e-01
-6.246848297119140625e+01 5.752706527709960938e+01 -5.522867202758789062e+00 -5.818772448883025028e-01 5.345364325748807044e-01 -6.129352935924953227e-01
-3.939654922485351562e+01 -3.319821166992187500e+01 -8.708715438842773438e+00 -1.257627037776523071e-01 -1.347849780520800622e-01 9.828615121318133863e-01
4.509193038940429688e+01 -6.762859344482421875e+01 -1.159251403808593750e+01 -1.139217464795771670e-02 -1.507787235991186470e-01 -9.885018942149838006e-01
-6.159860610961914062e+01 3.003218841552734375e+01 -2.099917411804199219e+01 1.112226504490404673e-02 1.420898031253368075e-02 -9.998371867953047554e-01
1.587234401702880859e+01 1.231881237030029297e+01 -2.001423835754394531e+01 -2.173279255835916177e-02 4.823882037055630956e-02 -9.985993700863587952e-01
7.573030090332031250e+01 3.057653427124023438e+01 -3.130872011184692383e+00 -6.677223567192255294e-01 -1.238217745927767399e-01 7.340402049438564669e-01
-6.690207672119140625e+01 3.912894058227539062e+01 -4.975205898284912109e+00 3.045922935884278204e-01 -2.176080159564474648e-01 9.272919098525768122e-01
-9.897500276565551758e-02 5.518528938293457031e+00 -1.336866950988769531e+01 1.277820200878257255e-02 -6.755960029109728260e-02 9.976334086035461013e-01
8.413159847259521484e-01 4.208255767822265625e+01 -8.069648742675781250e+00 3.139309951852114478e-01 -6.162153239935831001e-02 9.474439914880338209e-01
3.049000930786132812e+01 -1.474846649169921875e+01 -1.165746307373046875e+01 -4.506491960268078911e-02 -1.751854904553968792e-03 9.989825243844846492e-01
-5.603964233398437500e+01 5.580170440673828125e+01 -1.014704704284667969e+01 -2.643494316165510560e-01 2.200344471439076577e-01 -9.389910649596625580e-01
2.477839088439941406e+01 7.175820922851562500e+01 -4.205939769744873047e+00 -5.943774555700283291e-02 -1.476341579116930147e-01 9.872544301348090690e-01
-6.225486373901367188e+01 5.018091201782226562e+01 -3.325525045394897461e+00 5.246642364994567043e-01 -4.829382295910168987e-01 7.010692585885766048e-01
-7.162595367431640625e+01 2.191849899291992188e+01 -5.350070953369140625e+00 1.896351027019104740e-01 1.466995174679971148e-01 9.708335487599780711e-01
-1.719038772583007812e+01 3.659691619873046875e+01 -2.357583045959472656e+00 2.275597232282110249e-01 -6.369195026807392135e-02 9.716789119021514987e-01
6.406520080566406250e+01 -3.697124481201171875e+01 -6.948365211486816406e+00 -1.279611774612424702e-01 4.041706952772415595e-02 9.909552954364406752e-01
4.011758041381835938e+01 6.116018676757812500e+01 -4.498984813690185547e+00 -2.272518947889772545e-01 -4.396543622208421431e-01 8.689422409429777838e-01
-3.140795135498046875e+01 5.810851287841796875e+01 -1.406080818176269531e+01 1.120179219865731629e-01 -1.455229118584658310e-01 -9.829929131372430184e-01
-3.868414306640625000e+01 -7.341403961181640625e+01 -9.528461456298828125e+00 -3.025800720663941457e-01 -5.450101863586276352e-01 -7.819265929443951491e-01
-3.887597274780273438e+01 -2.197730064392089844e+00 -2.110754585266113281e+01 5.026023848196698590e-02 4.730981035636059456e-02 -9.976150010258371115e-01
-1.100917053222656250e+01 3.875854110717773438e+01 -4.150169849395751953e+00 3.462415555955551394e-01 -2.501920705303044973e-02 9.378117212197806252e-01
3.117971038818359375e+01 -7.962584686279296875e+01 -8.725307464599609375e+00 1.974635876735405249e-01 -6.625664880346257002e-01 -7.225052113836661905e-01
1.051224899291992188e+01 -7.419210052490234375e+01 -5.842955112457275391e+00 3.804686320204678923e-02 2.465838804416287389e-01 9.683743212760410612e-01
-6.795861053466796875e+01 -3.474419403076171875e+01 -8.507025718688964844e+00 -6.762877319865128189e-01 -2.980352640027762456e-01 6.736541285966666237e-01
9.164211273193359375e+00 -8.198415374755859375e+01 -1.033454418182373047e+01 2.356826655646206484e-02 -4.127896676418032484e-01 -9.105214039766956757e-01
-3.000433349609375000e+01 7.246837615966796875e+01 -3.839925050735473633e+00 2.871986724170490224e-02 -1.502562765217641538e-01 9.882298419858783767e-01
-4.756679153442382812e+01 -7.766560363769531250e+01 2.587091922760009766e+00 -4.921087268179272223e-01 -7.785109953334888866e-01 -3.895505501658279579e-01
-4.116093444824218750e+01 5.740153884887695312e+01 -5.875604152679443359e+00 5.680880791700020777e-02 -1.020368542047988547e-01 9.931572079620819560e-01
-1.687036991119384766e+00 -2.388507080078125000e+01 -1.170728111267089844e+01 7.101787267362531797e-02 1.402251621991138231e-01 9.875694232038296771e-01
2.737977409362792969e+01 8.375309753417968750e+01 -2.116950035095214844e+00 3.011690517278550194e-01 8.712285517449226413e-01 -3.876312847356223612e-01
-1.698210716247558594e+01 -1.214984321594238281e+01 -2.021999359130859375e+01 -1.093117657484757033e-01 -3.496861261743133137e-02 -9.933922357259303837e-01
6.808350372314453125e+01 -4.788404464721679688e+01 -1.137124538421630859e+01 3.831602158286372406e-01 -1.938192747814568018e-01 -9.031181194779241972e-01
-4.231887817382812500e+01 -7.303216552734375000e+01 4.814299941062927246e-02 4.433757199290589979e-01 6.467619811722331580e-01 6.205778844654040727e-01
2.151180058717727661e-01 -7.660311126708984375e+01 -2.092003440856933594e+01 1.114149390266564073e-02 -3.514219902867226630e-01 -9.361508702428981143e-01
-3.987998962402343750e+01 7.781925964355468750e+01 -2.465749979019165039e+00 -3.936133627224530640e-01 7.293364075564363613e-01 -5.595863876998744546e-01
9.209013938903808594e+00 7.536337280273437500e+01 -2.048605537414550781e+01 2.129419520794113146e-02 3.011677520723031187e-01 -9.533333846887781515e-01
1.848110389709472656e+01 1.405327892303466797e+01 -1.214538478851318359e+01 -3.160611962474866449e-02 -9.739025306524032310e-02 9.947442846330681876e-01
3.024688529968261719e+01 6.373256301879882812e+01 -4.554588794708251953e+00 -2.099426329845498207e-02 -1.383125143776889887e-01 9.901660917619208302e-01
3.331494140625000000e+01 -4.534434509277343750e+01 -9.690494537353515625e+00 -1.846747867400360191e-02 4.620915314482313546e-02 9.987610657194559982e-01
1.978415679931640625e+01 -7.307549285888671875e+01 -2.106617927551269531e+01 -5.147724321748575055e-02 7.526890491553252238e-02 -9.958336635119062752e-01
-6.858183288574218750e+01 5.471963119506835938e+01 7.185832977294921875e+00 7.715349636986981174e-01 -4.872341252025439995e-01 4.090680958331510686e-01
-6.604013061523437500e+01 4.752575302124023438e+01 -9.207518577575683594e+00 -4.158632980636578491e-01 3.337043839325664618e-01 -8.459900126288747435e-01
-2.295035743713378906e+01 5.568029785156250000e+01 -6.200152873992919922e+00 -4.259255788594264180e-02 3.229520768793003316e-01 9.454564136183533085e-01
3.295479202270507812e+01 7.539609527587890625e+01 -1.270660042762756348e+00 -2.288940829392060450e-01 -5.935401248754345049e-01 7.715682853502167093e-01
3.874445343017578125e+01 -1.089363670349121094e+01 -1.920883560180664062e+01 -1.023486060086433724e-01 4.204053690427285439e-02 -9.938598271913842153e-01
3.604268264770507812e+01 -7.727671813964843750e+01 -2.030211925506591797e+00 -1.756409600270268379e-01 4.315553269759246913e-01 8.848221589220552907e-01
1.312998008728027344e+01 5.380925750732421875e+01 -7.289836883544921875e+00 -4.575368040032378181e-01 -1.485996088660896386e-01 8.766859353424965029e-01
8.438442993164062500e+01 -2.481570053100585938e+01 -7.863743782043457031e+00 7.662515184736407026e-01 -1.743210393452268581e-01 -6.184422250125228837e-01
-6.174211025238037109e+00 6.109686660766601562e+01 -7.006988048553466797e+00 2.842946960690329733e-02 -8.006733356609357921e-02 9.963839557888745091e-01
3.753523254394531250e+01 1.986700057983398438e+00 -1.076586437225341797e+01 1.105417330084622340e-02 -3.641523171954548499e-02 9.992756057021739968e-01
-4.058080196380615234e+00 4.837222290039062500e+01 -6.855857849121093750e+00 2.476056339590351763e-01 9.250565052202094907e-02 9.644346295385924916e-01
-7.831343841552734375e+01 4.620977020263671875e+01 1.672472381591796875e+01 7.953632197038428275e-01 -4.392383319332133773e-01 4.176925143007292895e-01
-7.288983821868896484e+00 -1.291725349426269531e+01 -1.242181205749511719e+01 5.744079903199166004e-02 3.921266526608702119e-02 9.975785289837066916e-01
-2.841773986816406250e+00 9.000828552246093750e+01 1.447595000267028809e+00 -1.796720699093530549e-02 8.647001158414119315e-01 -5.019670199692343182e-01
-7.162007904052734375e+01 3.637187957763671875e+01 -1.001207828521728516e+01 -3.815279952740709413e-01 2.412955642254119570e-01 -8.923075924294764372e-01
-3.593157196044921875e+01 -3.131819343566894531e+01 -1.847177124023437500e+01 -1.927333210810217023e-01 -1.339285187608107441e-01 -9.720684229042803048e-01
6.675658416748046875e+01 -6.054343414306640625e+01 -5.836143016815185547e+00 4.825719006254246546e-01 -5.230743776180348803e-01 -7.025080470758116036e-01
4.643205261230468750e+01 1.493566989898681641e+01 -1.755686378479003906e+01 1.363433891063490777e-01 7.337901838615756844e-02 -9.879402815492840384e-01
1.382725906372070312e+01 3.040414810180664062e+01 -1.064817810058593750e+01 -6.216422137926109343e-02 -1.419606088721965809e-01 9.879184152089408588e-01
-1.014333057403564453e+01 -3.515297698974609375e+01 -1.014892101287841797e+01 4.244678521994701970e-02 5.532228833002361679e-02 9.975658949856001101e-01
4.367399597167968750e+01 5.516514968872070312e+01 -1.635761070251464844e+01 -5.598155727601803466e-01 -7.244110945938730950e-01 -4.022873233455135922e-01
1.361272430419921875e+01 -8.356079864501953125e+01 -1.814144015312194824e+00 8.743146944968456166e-03 7.074147497442178079e-01 7.067445997146525327e-01
1.756579995155334473e+00 -4.074635314941406250e+01 -1.858481788635253906e+01 -5.045251614849749489e-02 -4.606106839187441848e-02 -9.976637317217081913e-01
-6.578440856933593750e+01 3.238970947265625000e+01 -1.504802989959716797e+01 -8.920713555883456047e-01 4.108870145691454479e-01 1.880972030552984509e-01
-5.115711212158203125e+01 3.407325363159179688e+01 -6.840080261230468750e+00 -2.175371081441268006e-01 -8.264025007180821406e-03 9.760170656658473387e-01
-2.522805023193359375e+01 -5.436524581909179688e+01 -1.572109889984130859e+01 -8.736838816783469575e-02 -1.542257995102693791e-01 -9.841652135258452949e-01
4.310359954833984375e-01 1.266129970550537109e+01 -1.262124633789062500e+01 -3.534662261181469034e-02 -9.455258787437061108e-02 9.948921672202456490e-01
8.295209884643554688e+00 -3.106055641174316406e+01 -1.127022075653076172e+01 -4.776521664254461050e-03 1.555451995609060944e-01 9.878172278991437238e-01
6.606980895996093750e+01 4.986244964599609375e+01 -1.584084987640380859e+00 -3.642229662955629443e-01 -2.738147431551044564e-01 8.901500532234805085e-01
6.490325164794921875e+01 -3.303216934204101562e+01 -2.083883857727050781e+01 -8.727603148836851066e-01 4.386667510418205129e-01 2.141516152041458287e-01
