-5.312070846557617188e+00 -3.835167312622070312e+01 -1.514474678039550781e+01 -6.611671761887931431e-02 -9.145636534892370717e-01 3.990011320381485760e-01
5.783937072753906250e+01 -1.173230552673339844e+01 1.798387718200683594e+01 8.170295892012645611e-01 3.711118222802156641e-01 4.412920413212437776e-01
-5.202066421508789062e+01 4.727612972259521484e+00 -4.815174102783203125e+00 -7.320335840572227415e-01 6.596924153130716562e-01 1.700962932892507995e-01
2.895467185974121094e+01 -5.194358825683593750e+01 1.781297302246093750e+01 4.019720198697117053e-01 -5.487969089442786830e-01 7.329668805444549129e-01
2.254335784912109375e+01 -1.317986965179443359e+00 -1.051962089538574219e+01 1.091599620277901306e-01 9.931499117846706026e-01 -4.168159560516255385e-02
-4.353215408325195312e+01 -3.594701004028320312e+01 2.698594093322753906e+00 -4.073101009225696401e-01 -7.313228157972011534e-01 5.470515704948656355e-01
-1.448523902893066406e+01 -6.137827301025390625e+01 1.803114700317382812e+01 -8.066597586880054627e-02 -6.474269766164424400e-01 7.578464951996720655e-01
-1.537213802337646484e+01 -1.899174928665161133e+00 -1.205584526062011719e+01 4.229848918921047529e-01 7.935782228703868180e-01 -4.373984286859100012e-01
4.122005462646484375e+01 -3.013030433654785156e+01 -6.244277954101562500e+00 5.710457801207773354e-01 -3.689748496832756519e-01 -7.333241284094347279e-01
-3.687779235839843750e+01 -1.842492485046386719e+01 -1.780106925964355469e+01 -7.576831554312818406e-01 -4.775997687305554851e-01 -4.447636415942922139e-01
1.937418746948242188e+01 -4.679088211059570312e+01 -7.245995044708251953e+00 1.957436947000274208e-01 -4.388716570404198047e-01 -8.769698253827087342e-01
4.848373794555664062e+01 -4.821422100067138672e+00 -5.700892925262451172e+00 2.688795898648567162e-01 9.631657449475903299e-01 -3.938770577203011374e-03
4.704961013793945312e+01 -3.445292282104492188e+01 1.793943595886230469e+01 7.161983370077705802e-01 -5.468191389576614325e-01 4.336459054769288834e-01
-2.344621658325195312e+01 -4.984351730346679688e+01 -2.272300004959106445e+00 -3.658164246761108629e-01 -8.621836603729396975e-01 -3.504535336148100200e-01
3.656939029693603516e+00 -1.686207008361816406e+01 -7.388055801391601562e+00 1.131818526219678794e-01 -9.979576434243568606e-02 9.885497830945937370e-01
7.466093063354492188e+00 -5.833816146850585938e+01 9.721535682678222656e+00 1.390315612316222749e-01 -9.217997961940705975e-01 -3.618775493424084555e-01
-5.581010437011718750e+01 -1.633413314819335938e+01 4.134261131286621094e+00 -8.500460949515744602e-01 -2.136566730133892533e-01 4.814275257340698833e-01
-1.848277854919433594e+01 -2.287127876281738281e+01 -7.141645908355712891e+00 2.586374275136293574e-02 4.098066133936677236e-02 9.988251359507724914e-01
2.211357307434082031e+01 -2.718876075744628906e+01 -1.558141040802001953e+01 -4.235514666932740924e-01 7.126036533672246431e-01 -5.592854264770903416e-01
-3.710980606079101562e+01 1.066234946250915527e+00 -1.683239364624023438e+01 7.086803325720197888e-01 2.963270018656668503e-01 -6.402831359569892689e-01
-4.873988151550292969e+00 -5.379752349853515625e+01 -4.011723995208740234e+00 -9.566596211969156938e-02 -8.867051740341330701e-01 -4.523294795089210507e-01
3.845185995101928711e+00 1.741321086883544922e+00 -1.109791183471679688e+01 -1.055209016373955117e-01 9.787849744604960600e-01 -1.756283379412246215e-01
3.619611740112304688e+01 -1.481868553161621094e+01 -1.576192855834960938e+01 -3.669967782232735343e-01 1.795992338758816975e-01 -9.127198255570729835e-01
3.343130874633789062e+01 -4.310505676269531250e+01 3.002368927001953125e+00 6.754373314583289600e-01 -7.149830685695776067e-01 -1.805093430581417024e-01
5.089453506469726562e+01 -1.948590278625488281e+01 3.806507110595703125e+00 8.861892103132759102e-01 -4.182827280756318267e-01 -1.992692723877405869e-01
-3.054565048217773438e+01 -3.533781051635742188e+01 -9.052024841308593750e+00 -2.341809558880223185e-01 -3.271073471090187312e-01 -9.155108209992234292e-01
8.807265281677246094e+00 -3.342198944091796875e+01 -7.024524211883544922e+00 4.201981470671951879e-02 3.079830434130728656e-02 9.986419776985709928e-01
-4.362210464477539062e+01 -9.652573585510253906e+00 -5.268207073211669922e+00 1.819856456980344928e-01 5.514805433824588460e-02 9.817534908838243535e-01
-2.793386268615722656e+01 -1.017157363891601562e+01 -7.226594924926757812e+00 1.284632613322740369e-01 6.004128945343832624e-02 9.898950621397422101e-01
-4.581501770019531250e+01 -2.451409912109375000e+01 -6.970033168792724609e+00 -4.016824620334318308e-01 -2.172485698193522830e-01 -8.896371499696977825e-01
-1.892028427124023438e+01 -3.290936279296875000e+01 -1.828890991210937500e+01 1.779900765611681923e-01 2.709337642763195442e-01 -9.459991691438282002e-01
1.935174369812011719e+01 -5.028053665161132812e+01 6.984290122985839844e+00 -3.976818375375361092e-01 8.790355841616607213e-01 2.629555054953905957e-01
1.803813743591308594e+01 -1.505329322814941406e+01 -8.611054420471191406e+00 7.688243720649837187e-02 -3.160545809032486164e-02 9.965391040335996875e-01
-1.581503295898437500e+01 -3.848232650756835938e+01 -5.673505783081054688e+00 -7.245056783269788157e-03 8.278700730342834768e-02 9.965409276963738128e-01
-8.974975585937500000e+00 -1.422750473022460938e+01 -1.246727561950683594e+01 -6.372955795981669058e-02 -2.300150909917004008e-02 -9.977020968312170224e-01
2.906168174743652344e+01 -3.698973464965820312e+01 -8.605015754699707031e+00 3.138107040936186642e-01 -2.853851756801722428e-01 -9.055816603146644717e-01
-1.361456584930419922e+01 -5.353313827514648438e+01 6.605772018432617188e+00 1.519665327361121587e-01 9.288105357133104034e-01 3.379602960054884919e-01
-5.438286781311035156e+00 -2.709133338928222656e+01 -7.260261058807373047e+00 3.217217161773463369e-02 4.521800468958903085e-02 9.984589543017236002e-01
5.689212799072265625e+00 -4.655923461914062500e+01 -8.715675354003906250e+00 4.678190661701112779e-02 -3.284340531039568467e-01 -9.433676515415315711e-01
3.609777069091796875e+01 -2.203500032424926758e+00 -1.056795787811279297e+01 -2.701479945549037920e-01 6.040420403136392835e-01 -7.497688140831808568e-01
-3.234794616699218750e+01 -2.257297134399414062e+01 -6.159707069396972656e+00 1.581151285168601317e-01 1.191817064091559714e-01 9.802016766928622893e-01
-2.707093620300292969e+01 2.868331909179687500e+00 -8.518019676208496094e+00 7.718053157305722334e-02 9.577352869769448773e-01 2.771033843627493942e-01
4.104403305053710938e+01 -3.272374725341796875e+01 6.524144172668457031e+00 -7.400804815903626599e-01 6.132075007006261291e-01 2.761475001760264614e-01
3.621873092651367188e+01 -4.140257644653320312e+01 1.561012268066406250e+01 -6.612323361974363767e-01 6.413445473884235026e-01 3.891644499463159379e-01
3.068730735778808594e+01 -2.268086242675781250e+01 -7.127036094665527344e+00 -1.596858202680520311e-01 1.310968039387470363e-01 9.784242775004947656e-01
5.331414794921875000e+01 -2.350386619567871094e+01 1.592894554138183594e+01 8.590289920493584530e-01 -4.064761059869902993e-01 -3.112014879146889346e-01
1.769600296020507812e+01 -5.798804473876953125e+01 1.735223770141601562e+01 -1.738966041779131111e-01 -7.016351040660497862e-01 6.909907031195234861e-01
4.567649078369140625e+01 -1.753197097778320312e+01 -7.680191993713378906e+00 3.576363967617836037e-01 -1.729648611396970015e-01 -9.177033096388904632e-01
-1.827280998229980469e+00 -6.255568313598632812e+01 1.735088729858398438e+01 9.292843236351437664e-02 -7.011109441190189751e-01 7.069708271880797978e-01
-3.408069229125976562e+01 -4.429701614379882812e+01 1.852545976638793945e+00 -2.434713099899413202e-01 -3.625713620859629671e-01 8.995908673429890978e-01
-2.562590599060058594e+01 -2.280638885498046875e+01 -1.702299880981445312e+01 6.272244279231223851e-01 5.567869291338443105e-01 -5.445896001230791095e-01
-5.520503234863281250e+01 -6.878851890563964844e+00 -3.319365024566650391e+00 -9.011913395352858513e-01 -1.362142552355863345e-01 -4.114606253546160830e-01
1.423626995086669922e+01 -3.607795333862304688e+01 -1.741983795166015625e+01 2.553391746423475661e-01 -3.565483386838124713e-01 -8.987075097465125895e-01
-4.000920867919921875e+01 4.780006885528564453e+00 -5.803011894226074219e+00 1.645652356026436614e-01 3.508726842282707259e-01 9.218495770425316760e-01
1.106683731079101562e+01 -5.368124008178710938e+01 -8.510379791259765625e-01 2.335267966998025302e-01 -9.142782792592918373e-01 -3.309991892706046213e-01
-5.199709892272949219e+00 -4.625966072082519531e+00 -6.705936908721923828e+00 1.283956564724915705e-01 -1.007083528425233437e-01 9.865963627881180198e-01
-4.869538497924804688e+01 -2.566377830505371094e+01 4.963886260986328125e+00 2.054227820742412502e-01 1.927352377510932468e-01 9.595074823751550408e-01
2.867466926574707031e+01 -1.073512172698974609e+01 -8.145564079284667969e+00 -1.260015774710037118e-01 7.567812348393825224e-03 9.920011747427914806e-01
9.658494949340820312e+00 -8.054245948791503906e+00 -1.207850933074951172e+01 3.417991742639137770e-02 1.129407925246140101e-02 -9.993518784785287989e-01
-2.473800468444824219e+01 -5.255478668212890625e+01 8.688408851623535156e+00 -8.558551428013242424e-01 -1.265530782633871032e-01 5.014940607051951993e-01
1.160694789886474609e+01 -2.371413230895996094e+01 -1.216884803771972656e+01 5.275334222824355768e-02 -5.615360992798356515e-02 -9.970275106414093758e-01
-3.274069070816040039e+00 -5.767267227172851562e+01 6.442722797393798828e+00 2.690654428903467218e-02 -9.293564539680033709e-01 -3.682018730838297893e-01
5.269748306274414062e+01 -9.465847969055175781e+00 8.288848876953125000e+00 -1.238890426400988259e-02 9.973059955211656114e-01 7.229983643601227417e-02
-5.971771240234375000e+00 -4.312166976928710938e+01 -5.426642894744873047e+00 7.056612098607896455e-02 2.176605653574487376e-01 9.734702362462108738e-01
-4.131782913208007812e+01 -8.759245872497558594e+00 -1.681700325012207031e+01 -9.554349886112945001e-01 -2.939660705312622246e-01 -2.698021337470378825e-02
-1.968906021118164062e+01 -1.397735023498535156e+01 -1.292559051513671875e+01 -5.810854065798125995e-02 -2.772145568735574078e-02 -9.979253070231125511e-01
1.943226242065429688e+01 -3.269456100463867188e+01 -6.930819988250732422e+00 -7.551403754496603671e-02 1.564026296493243318e-01 9.848024408846851596e-01
4.074322223663330078e+00 -3.370075988769531250e+01 -1.642939567565917969e+01 4.717422539343118539e-03 5.076122199032852000e-01 -8.615727364125701504e-01
-1.402483081817626953e+01 -4.967411422729492188e+01 -6.846011161804199219e+00 -9.299611037133152791e-02 -3.637837250520682408e-01 -9.268296093905525890e-01
-4.023439407348632812e+01 -3.308168029785156250e+01 -6.654529094696044922e+00 -3.889789728009636627e-01 -3.340989654705023848e-01 -8.585296966268826102e-01
-5.162631225585937500e+01 -1.620147132873535156e+01 -5.411968231201171875e+00 -7.449638376518280536e-01 -2.582202827489564756e-01 -6.151025655678160620e-01
3.180556869506835938e+01 -2.541197586059570312e+01 -1.655553817749023438e+01 5.099741381464013568e-01 -1.022911853687305528e-01 -8.540859979051846906e-01
3.835426712036132812e+01 -1.098119354248046875e+01 -6.801355838775634766e+00 -1.630618597139162629e-01 3.645593714715642669e-02 9.859420847866073867e-01
-3.553780746459960938e+01 -4.068192005157470703e+00 -6.552004814147949219e+00 1.192823487655529785e-01 3.637612540262526693e-03 9.928537097921222854e-01
2.777341461181640625e+01 -4.611498260498046875e+01 1.019538307189941406e+01 -5.282526016199419194e-01 8.229711466032023637e-01 2.089681333131283569e-01
2.566430091857910156e+01 -4.788118743896484375e+01 -8.080299943685531616e-02 5.262245851968564425e-01 -8.151168879400043643e-01 -2.422233368802409192e-01
-4.615829467773437500e+01 -1.496685028076171875e+00 -9.541417121887207031e+00 -4.373178444843613955e-01 -1.692307881422694740e-02 -8.991477700016829999e-01
-5.507029891014099121e-01 -3.525915908813476562e+01 -6.600439071655273438e+00 2.571265639621449564e-02 4.049923776588908869e-02 9.988486727434902068e-01
-2.230157470703125000e+01 -3.159373474121093750e+01 -6.170513153076171875e+00 3.535618299913711321e-02 1.210211242182349933e-01 9.920200743012643763e-01
-2.432119560241699219e+01 -4.240971755981445312e+01 -8.101365089416503906e+00 -1.057877366419468917e-01 -3.231591029699132367e-01 -9.404132862437956097e-01
4.848567199707031250e+01 -2.724851417541503906e+01 8.656427383422851562e+00 8.198626211728162749e-01 -5.284698599332661173e-01 -2.203290483475870976e-01
2.235661029815673828e+00 -2.488654708862304688e+01 -1.240177917480468750e+01 6.415014221417268681e-02 -8.326490334272382277e-02 -9.944605146134402052e-01
1.331329059600830078e+01 -1.767399907112121582e-02 -8.892157554626464844e+00 2.062568796507705526e-01 9.190505359078603442e-01 3.358633830059513103e-01
-1.307179355621337891e+01 -2.850435447692871094e+01 -1.244113445281982422e+01 2.116696658533746833e-02 6.289010651826139331e-02 -9.977959681356187716e-01
4.171757125854492188e+01 -7.292681217193603516e+00 -1.598246383666992188e+01 8.406443982670914750e-01 -2.171697492134038732e-01 -4.961393913899067032e-01
5.244132614135742188e+01 -1.161401271820068359e+01 -7.812880277633666992e-01 9.576364838806448176e-01 -2.123157253407890188e-01 -1.945620659679843656e-01
4.478200078010559082e-01 -9.616089820861816406e+00 -1.210927772521972656e+01 1.779507855204626524e-02 4.147075737969639631e-02 -9.989812367916030000e-01
-1.427384090423583984e+01 -9.336181640625000000e+00 -6.782144069671630859e+00 -2.130731137780105533e-01 -5.234530731923017766e-02 9.756330339767089743e-01
3.690776062011718750e+01 -3.781597137451171875e+01 -3.700293064117431641e+00 6.976820884209798956e-01 -6.227335734081614893e-01 -3.541787684868217823e-01
-4.145561218261718750e+01 -1.711107826232910156e+01 -1.004466629028320312e+01 -3.304458288838986180e-01 -1.501585354990643550e-01 -9.318036104190675628e-01
4.454624557495117188e+01 -2.528098869323730469e+01 7.297030091285705566e-01 -7.995435275044968648e-01 5.162860251981882254e-01 3.068857895222935617e-01
1.294213771820068359e+01 -4.107496643066406250e+01 -1.001083469390869141e+01 6.972196608866280954e-02 -2.002250830827010109e-01 -9.772659635683914603e-01
-2.402646636962890625e+01 -4.366486072540283203e+00 -1.298191738128662109e+01 -1.140863267785011681e-01 7.139971336391980061e-02 -9.909018069282844454e-01
2.393222093582153320e+00 -5.298698425292968750e+01 1.318064928054809570e+00 -4.036789432650186166e-02 9.403449302648444474e-01 3.378192493521484097e-01
-3.315813827514648438e+01 -1.108286666870117188e+01 -1.434435844421386719e+01 9.412800933113388835e-01 2.786213616312478991e-01 -1.906880247381746440e-01
1.935593605041503906e+01 -2.370307731628417969e+01 -8.032965660095214844e+00 -8.256392469440182458e-02 1.228633320847383609e-01 9.889832152104971463e-01
-8.121015548706054688e+00 -5.725439834594726562e+01 1.369923210144042969e+01 1.024248219694081641e-01 8.802816943633801072e-01 4.632637417425108928e-01
-1.992695808410644531e+01 -5.540835189819335938e+01 1.522826576232910156e+01 -2.057610005161571859e-02 7.907553654728862735e-01 6.117863810861662310e-01
3.892688751220703125e+01 -2.249434661865234375e+01 -9.176458358764648438e+00 2.783399095153691327e-01 -1.646829288973180039e-01 -9.462591757551295224e-01
9.606666564941406250e+00 -6.030659484863281250e+01 1.763471031188964844e+01 3.900594075573902975e-02 -1.989309703985439048e-01 9.792369506927592893e-01
-1.044625854492187500e+01 -2.041864585876464844e+01 -7.090113162994384766e+00 -1.113175909919342579e-02 -2.096715588840711991e-02 9.997181914486246157e-01
2.537178993225097656e+01 -1.791427230834960938e+01 -1.142001533508300781e+01 6.581572766754216486e-02 -3.008630823014890945e-02 -9.973781148835542121e-01
-3.211859941482543945e+00 3.435689926147460938e+00 -6.974967002868652344e+00 -1.274318332423174382e-01 9.651955070138086290e-01 2.283829265003385900e-01
-2.538944816589355469e+01 -1.812069892883300781e+01 -6.975874900817871094e+00 6.281172069279658543e-02 8.375619574822917857e-02 9.945046945175244346e-01
-3.588416671752929688e+01 -1.232927608489990234e+01 -6.200613975524902344e+00 -4.626541746784445662e-04 -4.038181962720505669e-01 9.148391390352198504e-01
3.299428176879882812e+01 -3.039879989624023438e+01 -5.554202079772949219e+00 -2.265489213109597999e-01 1.963064358401658549e-01 9.540122480872933464e-01
-3.610588073730468750e+01 -3.990320205688476562e+01 -4.761281013488769531e+00 -5.840451832855537706e-01 -6.083676604673832200e-01 -5.373825579402319308e-01
5.120335388183593750e+01 -1.679399299621582031e+01 1.161348628997802734e+01 -9.421866433000264385e-01 2.965069892316800626e-01 1.561023206867639401e-01
-4.278414154052734375e+01 6.352732181549072266e+00 -1.434850502014160156e+01 -5.956769129025782927e-01 7.491971408248601083e-01 2.896077685676072266e-01
-8.740572929382324219e+00 -3.458549880981445312e+01 -6.493304252624511719e+00 2.198015397183162092e-02 5.036234249069124203e-02 9.984891122542223219e-01
-2.952554512023925781e+01 -2.777992248535156250e+01 -1.178780937194824219e+01 -3.994053935345480144e-01 -4.191543910440077569e-01 -8.153434417986323846e-01
1.726135063171386719e+01 -7.042113780975341797e+00 -8.547750473022460938e+00 -1.948289189158634582e-01 -6.831164639150268114e-02 9.784555234252388933e-01
-4.818440914154052734e+00 -2.114007186889648438e+01 -1.285326290130615234e+01 4.494952670740443718e-02 -8.112520670944317613e-02 -9.956898316670359517e-01
1.394738388061523438e+01 -5.396286392211914062e+01 1.157470417022705078e+01 -3.295237403844114010e-01 8.930253396699395774e-01 3.064634517042057471e-01
2.173694992065429688e+01 -5.174771118164062500e+01 1.444190311431884766e+01 -4.719777764084562843e-01 7.640278342118987931e-01 4.398845838694559474e-01
-1.310239315032958984e+01 -3.645209503173828125e+01 -1.292213249206542969e+01 -2.914395510480537188e-02 -9.494654057454902096e-01 -3.125157166822186694e-01
-3.620028018951416016e+00 -1.361543846130371094e+01 -6.587505817413330078e+00 7.810556916619783296e-03 -1.436076962792464939e-01 9.896038726531034557e-01
9.717410087585449219e+00 -1.597507762908935547e+01 -1.251125621795654297e+01 -2.319399151900210579e-02 4.984943148077851383e-02 -9.984873924784727350e-01
-4.379042434692382812e+01 -2.871809005737304688e+01 -5.081719756126403809e-01 7.740533746087439049e-01 4.936228016186675616e-01 3.964566848710625036e-01
3.864889526367187500e+01 -4.002073287963867188e+01 8.154731750488281250e+00 7.276973870708685066e-01 -6.509541293027752973e-01 -2.161370731593644234e-01
2.247778511047363281e+01 -3.986495590209960938e+01 -5.289957046508789062e+00 -9.544798631043549531e-02 2.034757231787162057e-01 9.744163955856763870e-01
1.860373306274414062e+01 -5.118502807617187500e+01 -8.297479748725891113e-01 3.124083098087163113e-01 -9.219577003612680066e-01 -2.288996433090785820e-01
3.046932411193847656e+01 -4.320436477661132812e+01 -4.221123218536376953e+00 5.709572069522049764e-01 -7.274891048521607839e-01 -3.804832061349601724e-01
3.793462038040161133e+00 -3.956597900390625000e+01 -1.132264614105224609e+01 4.088134299739502181e-02 -4.848656341737272446e-01 -8.736326645633385457e-01
-3.855737686157226562e+01 -2.590599250793457031e+01 -9.226038932800292969e+00 -3.433506094725875535e-01 -2.049707258011802258e-01 -9.165682519809096318e-01
-1.661006736755371094e+01 -5.307078170776367188e+01 -4.481529891490936279e-01 -2.287594932498751288e-01 -9.237751291305044132e-01 -3.070970612819017842e-01
-2.712563896179199219e+01 -4.702843475341796875e+01 3.923849105834960938e+00 4.541906376311332649e-01 8.204509190910138638e-01 3.472335727589362375e-01
2.757238197326660156e+01 -2.977717018127441406e+01 -1.089046096801757812e+01 3.784865132008520816e-01 -4.055333260815980889e-01 -8.320400716084876969e-01
1.215332221984863281e+01 -4.708850097656250000e+01 -4.703546047210693359e+00 -1.888690461189446515e-02 1.008989970529121510e-01 9.947173856065337771e-01
-3.421904373168945312e+01 4.750180244445800781e+00 -1.083702564239501953e+01 2.418232551661103624e-01 9.678168819583486959e-01 6.965627220348631632e-02
-5.094505310058593750e+01 -2.274714279174804688e+01 -1.660796999931335449e+00 -8.273449824248123585e-01 -4.471467310757645253e-01 -3.399412904381356459e-01
-2.599460220336914062e+01 -3.028257942199707031e+01 -1.799489784240722656e+01 -4.679608520721217357e-01 -6.634653052218780767e-01 -5.838034169947738938e-01
-3.127118873596191406e+01 -2.148116111755371094e+00 -1.246997642517089844e+01 -6.728535293178444787e-02 2.899551062073441043e-02 -9.973123591155822476e-01
4.095092391967773438e+01 -3.535525894165039062e+01 1.362677860260009766e+01 -6.920609113295818071e-01 6.111575580815000741e-01 3.841069306970738562e-01
1.441541957855224609e+01 -3.067710113525390625e+01 -1.213573360443115234e+01 -1.873104121148091716e-01 5.959922727779817242e-01 -7.808380243701736889e-01
-2.030826377868652344e+01 -2.691739463806152344e+01 -1.370081806182861328e+01 5.167154042089425747e-01 6.430781585908915687e-01 -5.652040985312627441e-01
6.586610078811645508e-01 -5.708675765991210938e+01 1.278930091857910156e+01 3.759562375876732230e-03 9.064598054115426962e-01 4.222753685262852219e-01
-1.485283017158508301e+00 -4.854851531982421875e+01 -8.116869926452636719e+00 -2.019042204090767956e-02 -3.261519185668186327e-01 -9.451017262035834587e-01
-1.492707252502441406e+01 -1.970708465576171875e+01 -1.299418449401855469e+01 -1.116295025659737490e-02 -1.855084393268426057e-02 -9.997655998937721167e-01
-3.371282577514648438e+01 -2.979092407226562500e+01 -4.969234943389892578e+00 2.211865513341762235e-01 1.766907682169915061e-01 9.590916963126013828e-01
-2.918184471130371094e+01 -1.729631042480468750e+01 -1.352978706359863281e+01 6.069150819780554373e-01 5.450330292108810371e-01 -5.784402132777261007e-01
-2.938531112670898438e+01 -4.558953857421875000e+01 -3.716737985610961914e+00 -5.073625864261316343e-01 -7.656111035387380692e-01 -3.955032794215260772e-01
2.926710510253906250e+01 -3.185456037521362305e+00 -7.951901912689208984e+00 -7.722084846530084812e-02 -2.125467951675537315e-02 9.967874292751384147e-01
2.151822090148925781e+00 -4.294927120208740234e+00 -7.195549964904785156e+00 2.914536206596256562e-01 -1.209122192085310826e-01 9.489125472088896229e-01
-2.080277061462402344e+01 -8.178169727325439453e-01 -7.211491107940673828e+00 1.135431732800192385e-03 -3.715290684848467778e-02 9.993089473768800302e-01
-9.689739227294921875e+00 -6.925221920013427734e+00 -1.205877876281738281e+01 1.519045549120486560e-01 -2.327870914313456274e-01 -9.605910556838985759e-01
-7.860186100006103516e+00 1.589110046625137329e-01 -1.157600307464599609e+01 -2.493318516018177000e-01 7.833953201546938194e-01 -5.693201209658181883e-01
-1.197705364227294922e+01 -4.329652023315429688e+01 -9.490401268005371094e+00 -8.200624462468011910e-02 -3.414478791410475167e-01 -9.363163576872070015e-01
-8.571532249450683594e+00 -5.558296966552734375e+01 1.925035953521728516e+00 -1.552346551726957735e-01 -9.310634308885047394e-01 -3.301864465654836822e-01
4.530937576293945312e+01 -1.042602920532226562e+01 -8.837779045104980469e+00 3.432046235909438359e-01 -1.046110954938487547e-01 -9.334168977715024962e-01
-3.565340995788574219e+00 -3.198353576660156250e+01 -1.219796180725097656e+01 -6.735554990667032282e-03 1.851498002431437584e-01 -9.826872258093577450e-01
-3.268562698364257812e+01 -2.417295837402343750e+01 -1.717845344543457031e+01 -7.455869150978938764e-01 -6.655317588636275872e-01 -3.417060108766246246e-02
3.337985992431640625e+01 -1.608634376525878906e+01 -7.347327232360839844e+00 -1.157668322031708691e-01 3.820864751197593223e-02 9.925412534584890922e-01
2.101125144958496094e+01 -3.422133636474609375e+01 -1.624670791625976562e+01 4.846688441724145147e-01 -8.641254107543837604e-01 1.355853457315483457e-01
-1.877659225463867188e+01 -4.478663253784179688e+01 -4.217148780822753906e+00 9.311438014202400026e-02 7.293034046213243971e-02 9.929808042710817073e-01
5.418259143829345703e+00 -5.271195220947265625e+01 -5.157878875732421875e+00 7.177745167092330902e-02 -4.142927561282719884e-01 -9.073089383728500934e-01
2.260022926330566406e+01 -1.053949069976806641e+01 -1.183643150329589844e+01 1.917924258285998856e-02 3.357968612965331334e-02 -9.992520009153756932e-01
4.311840057373046875e+01 -3.306266069412231445e+00 -1.008431339263916016e+01 5.614588318098728825e-01 5.719293287631541656e-01 -5.980475090519319359e-01
-4.986828231811523438e+01 -7.642817020416259766e+00 -7.917591094970703125e+00 -2.771202332007606794e-01 -1.953881210266104201e-02 -9.606365656023992949e-01
-2.545545196533203125e+01 -2.528255844116210938e+01 -6.521864891052246094e+00 4.249537837792669720e-02 5.247970293816998921e-02 9.977174066818912390e-01
-2.066118049621582031e+01 -3.685877609252929688e+01 -1.057505798339843750e+01 -1.820163336085200978e-01 -2.482123423812497565e-01 -9.514518839065511102e-01
-2.121834182739257812e+01 -7.859022140502929688e+00 -7.220438957214355469e+00 -2.407188346277100086e-02 1.171525422691169563e-02 9.996415843916026667e-01
-1.483593368530273438e+01 -5.856509399414062500e+01 1.151554298400878906e+01 -2.031147741923447769e-01 -8.555203098336751077e-01 -4.762660894572333659e-01
4.767416381835937500e+01 -2.781498718261718750e+01 1.565848636627197266e+01 -7.885065542158538054e-01 3.961043491213559475e-01 4.704877879029250587e-01
-1.638247108459472656e+01 -1.605219078063964844e+01 -7.066409111022949219e+00 1.520892244726596010e-02 2.393862003038072298e-02 9.995977346658174723e-01
7.098589897155761719e+00 -2.660310935974121094e+01 -7.615029811859130859e+00 5.100024875020095494e-02 1.565281847116267028e-02 9.985759680171190089e-01
-8.837373733520507812e+00 -3.252941513061523438e+01 -1.688109016418457031e+01 1.069945832053341844e-01 3.955696821192013490e-01 -9.121824300833857313e-01
-1.529932212829589844e+01 -3.149554252624511719e+01 -6.484519958496093750e+00 7.845083577323270010e-03 3.570311431881771635e-02 9.993316477984685031e-01
3.465602111816406250e+01 -4.787712097167968750e+01 1.785845184326171875e+01 4.802644560923969297e-01 -6.260661407223211405e-01 6.143185164516311580e-01
-5.196806716918945312e+01 -1.203073310852050781e+01 1.619230061769485474e-01 8.571330263146688111e-01 2.526563330737195967e-01 4.488738715478979846e-01
4.143153762817382812e+01 -3.372517395019531250e+01 -3.451560139656066895e-01 4.021236371072329230e-01 -9.155400177173529386e-01 9.113530477229027024e-03
1.006306052207946777e+00 -4.248015213012695312e+01 -5.705903053283691406e+00 2.917521241106292226e-02 1.284587344560248479e-01 9.912856099645176444e-01
-4.506914520263671875e+01 -1.815307044982910156e+01 -4.272230148315429688e+00 2.241969751184650639e-01 1.426816730935690780e-01 9.640423520317715766e-01
-4.635441589355468750e+01 6.262620925903320312e+00 -8.459157943725585938e+00 6.535696999665210893e-02 9.892680418504973261e-01 -1.306797912691150254e-01
4.495884704589843750e+01 -2.434241867065429688e+01 -6.067869186401367188e+00 6.508217620018746929e-01 -3.189462251469773468e-01 -6.889879095958570954e-01
-1.179116010665893555e+00 -2.169049835205078125e+01 -7.086432933807373047e+00 2.092696586033920489e-02 7.278532258443622290e-03 9.997545124019410201e-01
-5.031231689453125000e+01 -1.939597010612487793e+00 -4.136198997497558594e+00 3.004276937352695631e-01 2.687852035433318729e-02 9.534257946901105729e-01
-3.712862777709960938e+01 -3.810728073120117188e+01 1.739724993705749512e+00 6.166042706624066394e-01 6.748012131307148387e-01 4.055150997906208366e-01
1.011237716674804688e+01 -5.326398849487304688e+01 5.987533092498779297e+00 -2.337558350565347165e-01 9.093653597993606175e-01 3.441116853203355364e-01
3.597043609619140625e+01 -8.702402114868164062e+00 -1.272658443450927734e+01 -9.714691948349709616e-01 2.127974930409574361e-01 1.047130862985944100e-01
-1.168610954284667969e+01 -2.740324020385742188e+00 -6.484854221343994141e+00 -2.231558136761372380e-01 3.177087854572059888e-01 9.215544533373207781e-01
3.082632446289062500e+01 -1.884722518920898438e+01 -1.526787471771240234e+01 -5.986145594141595305e-01 3.863178591618304236e-01 -7.017258160777696263e-01
4.772743988037109375e+01 -1.651369857788085938e+01 -1.315047025680541992e+00 -8.813134479464462823e-01 3.339465380541835060e-01 3.343146963421922968e-01
5.318604946136474609e+00 -1.036237335205078125e+01 -7.546185016632080078e+00 2.382574856289285115e-01 1.114551916959644895e-01 9.647855257961724940e-01
7.642765045166015625e+00 -4.075285339355468750e+01 -5.956526756286621094e+00 3.504078349777763751e-02 8.392438813810296216e-02 9.958558332246223443e-01
3.431213760375976562e+01 -4.482141876220703125e+01 1.006699562072753906e+01 6.242520165983322933e-01 -7.282147756114971671e-01 -2.828650921446693167e-01
-3.548417663574218750e+01 -5.489754199981689453e+00 -1.710005569458007812e+01 7.904084810633962288e-01 2.788188396121155654e-01 -5.454488864599580378e-01
-4.282281875610351562e+01 -2.305985927581787109e+00 -1.624462318420410156e+01 -9.708003877855033714e-01 -1.855708013224687813e-01 1.520200143798607351e-01
4.231112289428710938e+01 -4.011023330688476562e+01 1.806725311279296875e+01 5.669051588717888279e-01 -4.962266361078259691e-01 6.575543068535580904e-01
-2.068246459960937500e+01 -5.020255279541015625e+01 3.988156080245971680e+00 2.039447726221591817e-01 8.889745461104647806e-01 4.100375422906894496e-01
-4.426639974117279053e-01 -1.615353012084960938e+01 -1.250899887084960938e+01 -3.628375018069003588e-02 1.386405105669219207e-01 -9.896778760296546240e-01
5.405798339843750000e+01 -1.710965538024902344e+01 1.763821029663085938e+01 -7.240761265916011435e-01 2.521029692289382118e-01 6.419952147843912549e-01
-2.834002304077148438e+01 -3.910773468017578125e+01 -4.051911830902099609e+00 1.269861445852373538e-01 1.861168098671436011e-01 9.742869454982217015e-01
3.636277389526367188e+01 -3.694928359985351562e+01 2.836089134216308594e+00 -6.938916227529638991e-01 6.904353703005714493e-01 2.044832885865519589e-01
-2.748738098144531250e+01 -3.653769016265869141e+00 -7.274186134338378906e+00 6.663829939834814420e-02 -1.512415596043281164e-02 9.976625666826337557e-01
-3.851480484008789062e+01 -2.059977912902832031e+01 -5.354173183441162109e+00 1.877901858769465970e-01 9.220040885325379854e-02 9.778721443499628352e-01
9.972699880599975586e-01 -2.889451408386230469e+01 -7.339057922363281250e+00 5.189875178638816977e-02 7.756663606773291086e-02 9.956354435897463162e-01
8.315703392028808594e+00 -3.859793472290039062e+01 -1.658728218078613281e+01 1.639170997338978697e-01 -9.848327200763749012e-01 5.688319507372881223e-02
-2.140189170837402344e+01 -2.043633651733398438e+01 -1.271986865997314453e+01 -4.923823133214067643e-02 -4.978387231090521114e-02 -9.975455692012341613e-01
8.063859939575195312e-01 -3.922889709472656250e+01 -1.713662910461425781e+01 3.933285164962544572e-02 -8.936922898642143398e-01 -4.469530375983203907e-01
-3.531639099121093750e+01 -2.112330627441406250e+01 -1.213570117950439453e+01 -4.546379756679345685e-01 -3.084868770289541096e-01 -8.355478189675833445e-01
-1.664629745483398438e+01 -8.189016342163085938e+00 -1.270810699462890625e+01 2.067712907026899027e-01 1.250758626625184944e-01 -9.703616139977768729e-01
-1.808225989341735840e+00 -2.000294923782348633e+00 -1.167762947082519531e+01 -7.610369071980506439e-02 1.456466253803589406e-01 -9.864052355772132685e-01
-8.156512260437011719e+00 -6.206742095947265625e+01 1.787622261047363281e+01 -3.120967080530517856e-02 -4.308526813955383949e-01 9.018824332375584563e-01
1.862640953063964844e+01 -3.822557830810546875e+01 -1.015898227691650391e+01 1.291874081053628609e-01 -2.397035356495709757e-01 -9.622124654067381044e-01
-4.287541580200195312e+01 -6.727811813354492188e+00 -1.100417232513427734e+01 -5.569202449423553691e-01 -1.302560958090149545e-01 -8.202884799129752658e-01
1.316510295867919922e+01 -1.908408927917480469e+01 -8.126179695129394531e+00 1.537716160170450874e-01 2.751064663202693050e-02 9.877233693850693275e-01
-2.517198181152343750e+01 -1.069532775878906250e+01 -1.290489768981933594e+01 -2.155005791572143017e-02 -5.643478359914809450e-02 -9.981736873931040810e-01
-1.007450008392333984e+01 -5.079228210449218750e+01 -2.013701915740966797e+00 1.647850336845828600e-01 8.761897060835391882e-01 4.529210655586822787e-01
4.615024566650390625e+01 -3.249232864379882812e+01 1.145561885833740234e+01 8.097957459947213721e-01 -5.120945195021160412e-01 -2.863390522872311661e-01
-7.858730792999267578e+00 -4.873146438598632812e+01 -7.849019050598144531e+00 -7.166564867085621626e-02 -3.445556740627792602e-01 -9.360264004138607596e-01
3.939772033691406250e+01 -1.626516914367675781e+01 -1.011397361755371094e+01 3.724223647984518104e-01 -2.236857306356861974e-01 -9.007032120004392350e-01
2.682042121887207031e+01 -2.388176345825195312e+01 -1.293366050720214844e+01 -6.499214730772594484e-01 7.135315875427000742e-01 -2.616768090830349780e-01
-2.444247627258300781e+01 -3.162279701232910156e+01 -1.204994201660156250e+01 -2.953074414823533833e-01 -5.324738216949000957e-01 -7.932623426173550651e-01
-1.930413627624511719e+01 -5.568178939819335938e+01 8.266249656677246094e+00 -2.868426882860063976e-01 -8.599567214736310028e-01 -4.221323363226049952e-01
2.673111915588378906e+00 -5.497557449340820312e+01 7.283267021179199219e+00 -9.034751288023522287e-02 9.446057473900952850e-01 3.155270335707469620e-01
-4.778568649291992188e+01 -3.180745315551757812e+01 4.596440792083740234e+00 -6.561154824676171948e-01 -6.922834933400704438e-01 3.004264277908231251e-01
-4.114972305297851562e+01 -1.470808982849121094e+00 -5.870927810668945312e+00 7.493088074982318103e-02 -6.754396231078929613e-03 9.971658544302494098e-01
-2.239698219299316406e+01 2.026010990142822266e+00 -1.248092079162597656e+01 1.967633994114185436e-01 4.382280907283280236e-01 -8.770634555998025883e-01
2.542499351501464844e+01 -4.977368927001953125e+01 5.804786205291748047e+00 4.662436941445493588e-01 -8.378061210066168885e-01 -2.840734434513192963e-01
-3.133025169372558594e+01 -1.648908042907714844e+01 -6.639496803283691406e+00 6.757442907196675730e-02 5.968216650864503758e-02 9.959275754473475573e-01
-5.085694503784179688e+01 -1.997740936279296875e+01 3.837203025817871094e+00 8.400065859291491188e-01 4.148726376458273801e-01 3.496707453140011634e-01
8.021431922912597656e+00 -3.139194965362548828e+00 -8.687977790832519531e+00 1.065986486830391017e-01 -8.165851243634672518e-02 9.909432957771261430e-01
-2.746253967285156250e+00 -4.150035095214843750e+01 -1.047099876403808594e+01 -4.968082095223341071e-02 -4.060716234805050173e-01 -9.124898096052465046e-01
3.945462942123413086e+00 -6.162590026855468750e+01 1.530574131011962891e+01 1.128535387217915187e-01 -8.409514156435894394e-01 -5.292114844984111555e-01
1.256887340545654297e+01 -1.216648483276367188e+01 -8.574766159057617188e+00 9.593304255437416772e-02 1.083402884636999464e-01 9.894742206049952360e-01
-9.415708541870117188e+00 -5.783244323730468750e+01 7.718144893646240234e+00 -1.004324651395257229e-01 -9.275932527222648938e-01 -3.598389604394253705e-01
-4.663973617553710938e+01 -1.397593402862548828e+01 -8.447253227233886719e+00 -3.532940444578125394e-01 -9.047057587400549050e-02 -9.311274848546072791e-01
2.518413162231445312e+01 -4.552954483032226562e+01 -6.037870883941650391e+00 4.373832429844927150e-01 -6.793472778988196570e-01 -5.892225171934897254e-01
5.577279281616210938e+01 -1.270737361907958984e+01 1.238172626495361328e+01 9.258806215939461293e-01 -2.009330012645794417e-01 -3.199546898540737705e-01
2.549301910400390625e+01 -3.279624176025390625e+01 -6.106143951416015625e+00 -1.716399558844050044e-01 -5.647819775004439199e-03 9.851435568869079118e-01
1.419823741912841797e+01 -3.616980743408203125e+01 -6.643104076385498047e+00 -8.331089634932499488e-02 1.900273084552892844e-01 9.782376585424986670e-01
-1.322433853149414062e+01 -2.575675964355468750e+01 -7.121634006500244141e+00 3.036806651330224097e-03 7.539639422372543254e-02 9.971490167188769016e-01
-8.284057617187500000e+00 -9.736377716064453125e+00 -6.340539932250976562e+00 1.064629922949858892e-01 5.106097607958690748e-02 9.930047371454969740e-01
2.511023712158203125e+01 -2.557048606872558594e+01 -7.434237957000732422e+00 -1.061176877204459690e-01 1.116768300655320290e-01 9.880624079375656121e-01
4.699261188507080078e+00 -1.941579627990722656e+01 -1.268255233764648438e+01 2.131325222244277728e-02 -4.956291027770168972e-02 -9.985435710095513784e-01
8.911765098571777344e+00 -3.289591217041015625e+01 -1.303297138214111328e+01 -1.553620689231123286e-01 8.725541572249505551e-01 -4.631542618279427814e-01
4.969983291625976562e+01 -1.328569030761718750e+01 -5.994058132171630859e+00 7.326541982634738881e-01 -2.092894459537154306e-01 -6.476231570746160404e-01
-3.877945327758789062e+01 -1.289967823028564453e+01 -1.330034732818603516e+01 -8.914708892187800382e-01 -3.294774139722085327e-01 -3.110052850960309256e-01
1.570110416412353516e+01 -5.375173187255859375e+01 3.805935859680175781e+00 3.297257212910033042e-01 -8.667361705051549459e-01 -3.742316922137765012e-01
2.743588066101074219e+01 -2.952848052978515625e+01 -1.687491798400878906e+01 3.352154391167767589e-01 -3.851525876399418680e-01 -8.598186399538007008e-01
1.673777198791503906e+01 -4.176416015625000000e+01 -5.465139865875244141e+00 -9.088308066621521297e-02 2.500132309265423736e-01 9.639676602512605719e-01
4.901256179809570312e+01 -2.230982208251953125e+01 1.200182533264160156e+01 -8.599403014440215598e-01 4.522680178966196896e-01 2.365508781218706724e-01
5.064075469970703125e+01 -1.357119750976562500e+01 4.509684085845947266e+00 -9.519109416615644248e-01 2.389591115411926481e-01 1.917396728808037909e-01
2.781176757812500000e+01 -4.442610549926757812e+01 4.317285060882568359e+00 -6.462688332429599170e-01 7.568351412438920622e-01 9.765840546067272587e-02
3.443696975708007812e+01 -2.644437217712402344e+01 -9.718935012817382812e+00 2.492664312309951780e-01 -1.988675172250204681e-01 -9.477963688757832239e-01
-3.232765960693359375e+01 9.050289988517761230e-01 -6.756516933441162109e+00 1.003040997640050197e-01 -3.444445252337417773e-02 9.943604312626772579e-01
3.396933746337890625e+01 -6.806921958923339844e+00 -7.533398151397705078e+00 -9.898414148213775798e-02 -9.135146416441969688e-03 9.950470787028090625e-01
-1.022635936737060547e+01 -2.337176322937011719e+01 -1.279230880737304688e+01 4.989130842671252175e-02 -6.494313464402720615e-02 -9.966409818014099198e-01
1.420543098449707031e+01 -2.667117691040039062e+01 -7.841180801391601562e+00 5.369619825748755265e-02 1.285762777644467170e-01 9.902448480496792715e-01
1.760863113403320312e+01 -1.975714302062988281e+01 -1.201582908630371094e+01 1.048658973652337872e-01 -9.489800858974353770e-02 -9.899482367959877571e-01
-2.799998092651367188e+01 -3.051667976379394531e+01 -5.757517814636230469e+00 7.868997252975333534e-02 7.089599411761436654e-02 9.943750028240562200e-01
-2.289735794067382812e+01 -3.749873733520507812e+01 -5.253498077392578125e+00 1.247109648726817815e-01 2.239898358058097227e-01 9.665793959609376707e-01
-2.170968437194824219e+01 -1.361412239074707031e+01 -7.307578086853027344e+00 -1.126821595010988816e-02 -1.085152648547766177e-02 9.998776283537084142e-01
4.547711181640625000e+01 -2.971903419494628906e+01 4.288246154785156250e+00 7.908515960842605885e-01 -5.557658855562360722e-01 -2.562772588874600577e-01
-2.769863128662109375e+00 -5.572116851806640625e+01 1.049849033355712891e+00 -6.076229012528132356e-02 -9.466987801513119249e-01 -3.163374207373342850e-01
2.457244873046875000e+01 -6.480172157287597656e+00 -8.292504310607910156e+00 -2.781344082091408154e-03 -7.424319261975198536e-02 9.972362871830946496e-01
-3.978116226196289062e+01 -3.366205215454101562e+01 -9.670929908752441406e-01 7.180059817130347577e-01 6.060360597959064677e-01 3.423268970609141815e-01
-1.856127166748046875e+01 -4.202141571044921875e+01 -9.223478317260742188e+00 -1.258886246852605195e-01 -2.944189574583683244e-01 -9.473486853656266637e-01
2.706717300415039062e+01 -5.131286239624023438e+01 1.243202590942382812e+01 5.093611109519651237e-01 -8.164800943137828781e-01 -2.718667214631764195e-01
7.643210887908935547e+00 -2.089379882812500000e+01 -7.551744937896728516e+00 -6.104673055481630271e-03 5.360681807398590126e-02 9.985434602574232432e-01
1.938452339172363281e+01 -5.495222091674804688e+01 1.039812850952148438e+01 3.853820052006204921e-01 -8.486261066506917139e-01 -3.623733450164866032e-01
-1.091174411773681641e+01 -1.472079849243164062e+01 -6.929034233093261719e+00 -1.117018614672695385e-02 -4.866607787180175088e-02 9.987526419519615617e-01
4.832788085937500000e+01 -2.210016632080078125e+01 -1.964825987815856934e+00 8.635367121134622792e-01 -4.204684911273651182e-01 -2.784072463161625932e-01
4.558485031127929688e+00 -1.359137058258056641e+01 -1.229644584655761719e+01 -1.218200542634268781e-02 3.916486783477984845e-02 -9.991585018760921200e-01
-3.953743743896484375e+01 -2.804920768737792969e+01 -4.131011009216308594e+00 1.704456082889681534e-01 1.271034319420419056e-01 9.771351043758268462e-01
-4.623382949829101562e+01 1.824555993080139160e+00 -4.972546100616455078e+00 2.935486174522872749e-01 -5.359827183188337063e-02 9.544403776289465124e-01
4.059184074401855469e+00 -3.024986076354980469e+01 -1.203188514709472656e+01 9.554754540912564764e-02 -6.438393907773146130e-02 -9.933405130946416639e-01
3.945899581909179688e+01 -2.268400907516479492e+00 -1.504325771331787109e+01 7.287302479341088712e-02 9.281550281560432270e-01 -3.649900902300136085e-01
-4.513899981975555420e-02 -5.097195816040039062e+01 -3.281476020812988281e+00 8.187579685191462113e-04 8.763761238702610923e-01 4.816266387415938932e-01
-3.302504730224609375e+01 -3.523495864868164062e+01 -3.995141983032226562e+00 1.301351611314799372e-01 1.389499860141645560e-01 9.817116385293327419e-01
2.966567230224609375e+01 -4.697670364379882812e+01 1.535571575164794922e+01 -5.116597233512792942e-01 7.243684219263685220e-01 4.620548850688572240e-01
-1.412216758728027344e+01 -3.574629211425781250e+01 -1.833816146850585938e+01 1.468758090599873480e-02 5.933745060331604114e-03 -9.998745249463498741e-01
-3.261430025100708008e+00 -2.644729423522949219e+01 -1.242195320129394531e+01 1.378004318371317538e-01 -1.088946950925152729e-01 -9.844556802447776978e-01
3.614056777954101562e+01 -2.036185836791992188e+01 -1.587320423126220703e+01 7.806013065140197105e-01 -6.243716449950701408e-01 -2.866442385179733196e-02
-5.063892841339111328e+00 -1.014031028747558594e+01 -1.212430191040039062e+01 2.405877109043213710e-02 4.383693171768123648e-02 -9.987489669337323850e-01
4.488510131835937500e+00 -5.723484039306640625e+00 -1.205086708068847656e+01 -2.305820590637961201e-02 3.055586757559310140e-02 -9.992670604483476771e-01
2.290696525573730469e+01 -3.272098159790039062e+01 -1.129674434661865234e+01 3.651424394298496967e-01 -5.463218846797863737e-01 -7.537926752411069353e-01
4.693117141723632812e+01 -2.308845329284667969e+01 5.182658195495605469e+00 -8.912992863566444601e-01 4.148131885952636710e-01 1.830726651020478379e-01
3.926127624511718750e+01 -5.552981853485107422e+00 -6.883924007415771484e+00 -1.711412218323027645e-01 -2.668958671710481428e-03 9.852428933259834709e-01
-1.106401252746582031e+01 -4.562408065795898438e+01 -4.627527236938476562e+00 3.969302183281431251e-02 1.617741908631204206e-01 9.860291959107306825e-01
-3.749542951583862305e+00 -6.034217834472656250e+01 1.257949542999267578e+01 -4.974958752908181098e-02 -9.018194842758194829e-01 -4.292395558673281486e-01
-1.431303977966308594e+00 -8.569590568542480469e+00 -7.078516960144042969e+00 1.290939203187920492e-01 7.669375913702442676e-03 9.916027129903487447e-01
3.758428955078125000e+01 -2.618182182312011719e+01 -5.263973236083984375e+00 -2.133019161950258369e-01 1.285146022783732189e-01 9.684969228390772900e-01
-1.399610996246337891e+00 -3.421399688720703125e+01 -1.665925598144531250e+01 -7.654972518877477781e-03 -4.812215445744394415e-03 -9.999591211535794333e-01
-1.026310157775878906e+01 -3.979243850708007812e+01 -5.663044929504394531e+00 1.910550884853188039e-02 4.452237230048423228e-02 9.988256794337917466e-01
-4.564358520507812500e+01 -4.577116966247558594e+00 -5.100996017456054688e+00 2.256313035189459471e-01 5.286560777612334117e-02 9.727773344331179795e-01
-1.431628990173339844e+01 -1.325071907043457031e+01 -1.274591732025146484e+01 1.009591365676059255e-01 1.186072572498408223e-01 -9.877953083869115414e-01
3.248386001586914062e+01 -3.934775161743164062e+01 -7.930229902267456055e-01 -6.166064576285568144e-01 7.113236054847371648e-01 3.373650910971033867e-01
-2.939925765991210938e+01 -7.229382991790771484e+00 -1.277765274047851562e+01 -6.525051660104032314e-02 4.216360545833975487e-02 -9.969777331806618514e-01
1.324099063873291016e+01 -5.881140899658203125e+01 1.388718223571777344e+01 2.916830831458520623e-01 -8.538708242480266275e-01 -4.310749291069077005e-01
-5.346551132202148438e+01 -1.795191001892089844e+01 -4.740200042724609375e-01 -8.719455107760167856e-01 -3.287256648025866368e-01 -3.628366899000824430e-01
-1.692357635498046875e+01 -4.579689025878906250e+00 -7.048061847686767578e+00 -1.296537260646559719e-01 -5.394253257497001047e-03 9.915446602898657646e-01
1.659660339355468750e+01 -1.117799854278564453e+01 -1.207744312286376953e+01 4.779050398812729333e-02 6.550425484628190353e-02 -9.967072089262695167e-01
3.411466979980468750e+01 -3.531839370727539062e+01 -7.579289913177490234e+00 3.077267627270553474e-01 -2.983762853125377923e-01 -9.034798458541384303e-01
-3.242890930175781250e+01 -1.539127731323242188e+01 -1.751339721679687500e+01 -2.226494257773047047e-02 -3.495172137175270310e-02 -9.991409557740897895e-01
-4.095066452026367188e+01 -1.432218551635742188e+01 -5.451503753662109375e+00 1.963844649446328250e-01 6.010338097686083320e-02 9.786831589046378621e-01
1.385885047912597656e+01 -4.480368137359619141e+00 -1.184860897064208984e+01 2.246286356090705996e-02 9.090160531369635699e-02 -9.956065075681441723e-01
-4.252346038818359375e+01 1.384130001068115234e+00 -1.226796627044677734e+01 -8.886936951251149797e-01 -5.688178094328533857e-02 -4.549593160290151261e-01
-4.441135406494140625e+01 -2.965133285522460938e+01 -5.766983985900878906e+00 -5.654011627211176227e-01 -4.158349427850219215e-01 -7.123221360821141435e-01
-4.870487594604492188e+01 -1.130736351013183594e+01 -4.039912223815917969e+00 2.385984901197461816e-01 7.039442206300948468e-02 9.685635683087570058e-01
4.159427261352539062e+01 -2.005131149291992188e+01 -5.210001945495605469e+00 -2.780680975962386836e-01 1.677253075493762569e-01 9.458046068330793199e-01
-8.858224868774414062e+00 -3.932785415649414062e+01 -1.125072479248046875e+01 -1.172484630230625352e-01 -4.695014733066048551e-01 -8.751120868104023121e-01
2.092768478393554688e+01 -4.635953903198242188e+01 -2.029299974441528320e+00 -4.518907784528696236e-01 7.982024160762496434e-01 3.983310524165765143e-01
-4.895906448364257812e+01 -2.749296379089355469e+01 -6.261199712753295898e-02 -7.806842728318563740e-01 -5.545417456007247781e-01 -2.881241373767505221e-01
1.549529075622558594e+00 9.191960096359252930e-01 -6.354576110839843750e+00 1.743768173630173279e-01 4.819950233821387320e-01 8.586463317345486290e-01
7.043149948120117188e+00 -5.538523101806640625e+01 2.197031974792480469e+00 1.734929864121987908e-01 -9.466782360334765611e-01 -2.714783620959907440e-01
-5.502048015594482422e+00 -1.852780532836914062e+01 -7.100021839141845703e+00 2.575906742736146660e-03 -1.530922376073182677e-02 9.998794889246885864e-01
-1.916344261169433594e+01 -4.991757202148437500e+01 -5.423535823822021484e+00 -3.008242587897846931e-01 -7.369947044811197001e-01 -6.052632244654913007e-01
1.399332618713378906e+01 -3.635069274902343750e+01 -1.211159896850585938e+01 2.458792162662791492e-01 -7.077943915355440208e-01 -6.622465630859170060e-01
2.982954025268554688e+01 -1.499731540679931641e+01 -1.108605003356933594e+01 3.547336413241968661e-02 2.865868918821005105e-03 -9.993665129633215738e-01
-3.724803161621093750e+01 -1.317464065551757812e+01 -1.832830238342285156e+01 2.767230500918136382e-01 1.435826281327369225e-01 -9.501622926881384545e-01
1.876409339904785156e+01 -2.761634254455566406e+01 -1.157347011566162109e+01 -2.652217674552265897e-02 8.094982171979984986e-02 -9.963652445284369996e-01
-2.409627342224121094e+01 -4.476922225952148438e+01 -3.395975112915039062e+00 2.495589647529377064e-01 5.007963671063231370e-01 8.288083745984657913e-01
-1.424425315856933594e+01 -3.066866683959960938e+01 -1.706445312500000000e+01 1.683917848637900838e-01 3.744539285208660639e-01 -9.118269913781216207e-01
2.258633804321289062e+01 -5.605247497558593750e+01 1.729199409484863281e+01 4.098487313534955323e-01 -8.148084749207171740e-01 4.100136175852029941e-01
4.496096134185791016e+00 -3.658889007568359375e+01 -6.610559940338134766e+00 1.723498069617376144e-02 1.758088840058159852e-01 9.842734334243874450e-01
3.745315170288085938e+01 -3.260824966430664062e+01 -3.523931026458740234e+00 -6.674495315790791583e-01 5.971992074656938820e-01 4.448193221940958120e-01
-1.950217437744140625e+01 -5.998664855957031250e+01 1.767807769775390625e+01 -8.905157788003702501e-01 -2.626867587100442658e-01 3.714529775166449110e-01
-4.903131008148193359e+00 -3.809130859375000000e+01 -6.160801887512207031e+00 2.413619719733479940e-02 1.515743496136441049e-01 9.881511324306884170e-01
4.086024475097656250e+01 -8.703457832336425781e+00 -1.098534679412841797e+01 6.739368176260944754e-01 -2.290594726518420388e-01 -7.023823202761244611e-01
-7.793841838836669922e+00 -2.897611999511718750e+01 -1.228259372711181641e+01 6.817756629416026580e-03 -6.414539078894236634e-02 -9.979172746450859499e-01
4.266463851928710938e+01 -1.376025390625000000e+01 -5.796532154083251953e+00 -2.914306795037622244e-01 7.841127833852902518e-02 9.533728706404923647e-01
-3.534064102172851562e+01 -3.353266143798828125e+01 -8.295383453369140625e+00 -2.512448097875688569e-01 -2.331270903999968502e-01 -9.394295105416052838e-01
-7.853094100952148438e+00 1.208534002304077148e+00 -6.521832942962646484e+00 -6.757127306465415817e-02 1.380719946077132443e-01 9.881144910188645047e-01
1.782679557800292969e+01 -3.006024932861328125e+01 -1.601393890380859375e+01 -1.031991529400605734e-01 2.766997663742780111e-01 -9.553989607074492296e-01
-2.569644927978515625e+01 -3.728997039794921875e+01 -9.586090087890625000e+00 -1.997215585100476920e-01 -2.929601778040820670e-01 -9.350324236556281088e-01
-3.873960113525390625e+01 -8.050577163696289062e+00 -6.013627052307128906e+00 1.107631421299597185e-01 5.033520592248225123e-02 9.925713543067015143e-01
-3.425606918334960938e+01 -2.878516197204589844e+01 -9.975201606750488281e+00 -2.968488921727207575e-01 -1.452175486223765688e-01 -9.438180962388547091e-01
-4.921510314941406250e+01 -2.076776885986328125e+01 -6.060565948486328125e+00 -6.159998293025430449e-01 -2.820498259341315817e-01 -7.355216556905470604e-01
1.804119873046875000e+01 -1.831803083419799805e+00 -8.119238853454589844e+00 -1.463030282066083154e-01 -7.927724971555850930e-02 9.860580822725977246e-01
-3.243018341064453125e+01 -4.056633758544921875e+01 -1.265421032905578613e+00 5.865084045625285070e-01 7.250139620377236138e-01 3.610576771485126679e-01
4.414473724365234375e+01 -2.952798843383789062e+01 -2.105053901672363281e+00 8.236695058806173808e-01 -5.114117595721296983e-01 -2.450031780481998489e-01
1.453986549377441406e+01 -5.153891372680664062e+01 -3.984471082687377930e+00 2.466723982306444352e-01 -8.179936792671219647e-01 -5.196528347177363782e-01
2.140848350524902344e+01 -4.800792312622070312e+01 2.769065856933593750e+00 -4.613844208477592690e-01 8.568526501913199533e-01 2.300607573209503542e-01
-2.430821418762207031e+01 -1.611468315124511719e+01 -1.265145301818847656e+01 2.756181471430389079e-02 3.558351511813004353e-02 -9.989865663869019752e-01
-4.209231185913085938e+01 2.591387987136840820e+00 -1.770779800415039062e+01 -1.938283621451732663e-01 3.526403369988426878e-02 -9.804014555044954227e-01
-9.858983993530273438e+00 -2.955568885803222656e+01 -6.834496021270751953e+00 2.611042595520067164e-02 1.332706132365129581e-01 9.907356808473195553e-01
2.401053619384765625e+01 -3.751475906372070312e+01 -9.522956848144531250e+00 1.328146794882628656e-01 -1.835494424654484646e-01 -9.739968496268625042e-01
-3.927305984497070312e+01 5.463286876678466797e+00 -1.077457523345947266e+01 2.138148627553736469e-01 9.742385075914955506e-01 7.171146903247838100e-02
-9.381282806396484375e+00 -3.751787567138671875e+01 -1.812777137756347656e+01 -4.357349098009160454e-02 -4.795669749639320800e-01 -8.764227675087811198e-01
2.139398956298828125e+01 -1.899219512939453125e+01 -8.488030433654785156e+00 -7.572152935866681422e-02 1.554338747420292155e-01 9.849398766291593832e-01
3.303636550903320312e+01 -2.237847709655761719e+01 -1.240194034576416016e+01 7.441009503211123421e-01 -6.025568578225701799e-01 -2.885117134922052795e-01
-4.600355148315429688e+01 -2.379653167724609375e+01 -1.859948992729187012e+00 7.928259897651807053e-01 4.986692729849006578e-01 3.503653894630181509e-01
-5.023960494995117188e+01 1.304358959197998047e+00 -8.078107833862304688e+00 -3.339822900763738112e-01 2.023375588813667962e-03 -9.425771776711802108e-01
8.124724388122558594e+00 -1.454507827758789062e+01 -7.905756950378417969e+00 1.480931550279454278e-01 -9.171326128864390470e-02 9.847116812233264183e-01
-3.276069259643554688e+01 -8.277943611145019531e+00 -6.770198822021484375e+00 1.073709661776432595e-01 9.657414768072225195e-03 9.941721229053230857e-01
-4.182098007202148438e+01 -2.208086585998535156e+01 -8.876794815063476562e+00 -3.024197785755530776e-01 -1.714944810222626126e-01 -9.376203498779335233e-01
8.874065399169921875e+00 -3.840449523925781250e+01 -1.158458805084228516e+01 1.233184676799030377e-01 -5.492282487120759837e-01 -8.265233731394090455e-01
5.171726989746093750e+01 -8.613231658935546875e+00 -4.757941246032714844e+00 8.738247435901509430e-01 -1.328542324353709225e-01 -4.677393188664126233e-01
-1.886197471618652344e+01 -2.785695457458496094e+01 -6.614192008972167969e+00 5.818862445637529995e-02 1.001178410299532612e-01 9.932726221392472743e-01
6.614706039428710938e+00 -5.736797332763671875e+01 1.456567287445068359e+01 -1.779415092890287708e-01 8.237131042176594198e-01 5.383619054242693158e-01
-1.757835769653320312e+01 -3.424925231933593750e+01 -1.353362846374511719e+01 -3.783632378401609597e-01 -8.880450149306942098e-01 -2.611844400186447701e-01
-3.809384918212890625e+01 5.900712966918945312e+00 -1.608217620849609375e+01 3.209222936203021126e-01 9.469490170610643798e-01 -1.721744884030812148e-02
4.024705886840820312e+01 -1.197156238555908203e+01 -1.507245445251464844e+01 8.887228688695312240e-01 -3.453598899877156070e-01 3.014932979951347458e-01
2.445343399047851562e+01 -1.386915874481201172e+01 -8.617591857910156250e+00 -7.077358377033879377e-02 -6.695991480162964173e-03 9.974699311449947148e-01
8.989006042480468750e+00 -2.799595260620117188e+01 -1.201515579223632812e+01 3.754530767174307088e-02 -5.432530353110453375e-02 -9.978171732677723060e-01
3.367469406127929688e+01 -4.067774200439453125e+01 7.371401786804199219e+00 -6.540986674073125950e-01 7.176183564827626205e-01 2.391209479216665490e-01
-5.367156600952148438e+01 -1.157491874694824219e+01 -4.491767883300781250e+00 -8.405241873137127007e-01 -2.046128779218163440e-01 -5.016499384323441779e-01
3.028906440734863281e+01 -7.017611026763916016e+00 -1.101827335357666016e+01 1.212342175297858038e-01 1.901620802549102915e-02 -9.924417606752911070e-01
9.045250892639160156e+00 -4.995540237426757812e+01 -7.300405025482177734e+00 9.717735753826875489e-02 -4.449896271500337064e-01 -8.902476020247139799e-01
-4.335587024688720703e+00 -3.205324935913085938e+01 -6.711745262145996094e+00 1.838006810726294099e-02 1.352432747276998970e-01 9.906419281139378086e-01
2.317330932617187500e+01 -4.912542343139648438e+01 1.017408084869384766e+01 -5.150991116240879464e-01 8.168816772021325612e-01 2.595712438917421316e-01
4.022605514526367188e+01 -4.021733856201171875e+01 1.284732913970947266e+01 6.754693735408773270e-01 -6.855288697915172813e-01 -2.716455302239660363e-01
-4.258447647094726562e+01 -1.164082717895507812e+01 -1.040452575683593750e+01 -4.612973331189180737e-01 -1.537256125045390331e-01 -8.738267600145226410e-01
2.752408027648925781e+00 -4.719492721557617188e+01 -4.771760940551757812e+00 1.991504141302338771e-02 1.492803343116279324e-01 9.885943419387580589e-01
1.042008876800537109e+01 -4.519900894165039062e+01 -8.956152915954589844e+00 5.482956473090166288e-02 -3.292576319593527034e-01 -9.426468748306224832e-01
-3.182620811462402344e+01 -4.189815902709960938e+01 -6.172667026519775391e+00 -3.628870644715891935e-01 -5.261364010371601951e-01 -7.690861238787609633e-01
1.471011734008789062e+01 -1.579062461853027344e+01 -1.233597373962402344e+01 2.980525645678323496e-02 5.746281755428444410e-02 -9.979026361756283547e-01
3.513001251220703125e+01 -2.065868377685546875e+01 -6.486773014068603516e+00 -5.084523706574364810e-02 1.428459906458861839e-01 9.884380531040495299e-01
-2.686611366271972656e+01 8.875999599695205688e-03 -1.260755825042724609e+01 -8.098322110237392291e-02 1.183270559307576797e-01 -9.896668256209476544e-01
5.380680847167968750e+01 -1.454388713836669922e+01 8.131650924682617188e+00 9.073021592652630307e-01 -3.100682639456210365e-01 -2.840078581418830628e-01
3.435743093490600586e+00 -2.337935447692871094e+01 -7.303605079650878906e+00 1.026691018384539300e-01 -7.790526500201851168e-02 9.916601359400559756e-01
-1.614601325988769531e+01 -2.456658554077148438e+01 -1.267831611633300781e+01 -3.336376581471111463e-02 -3.472581729675634776e-02 -9.988398153576645289e-01
2.674428367614746094e+01 -4.120270156860351562e+01 -7.786339759826660156e+00 2.546008100699342358e-01 -3.577119545663807743e-01 -8.984545537043222563e-01
-1.236871147155761719e+01 -5.215573883056640625e+01 2.054124116897583008e+00 2.012089553723161173e-01 9.167580367052765578e-01 3.450647162696706127e-01
2.741417694091796875e+01 -4.334443664550781250e+01 -4.520249962806701660e-01 -4.869524262946600679e-01 8.069891135268443261e-01 3.341345614792061158e-01
5.184743499755859375e+01 -2.044756889343261719e+01 8.486515045166015625e+00 8.869374412294839249e-01 -3.813175286963036426e-01 -2.606509498433481342e-01
4.391662597656250000e+01 -6.735274791717529297e+00 -6.028592109680175781e+00 -2.133834654140211451e-01 6.126804367070143309e-02 9.750454981756843109e-01
-2.975251388549804688e+01 -2.015891075134277344e+01 -1.739285469055175781e+01 2.407317788035510595e-02 -2.749171459945154092e-02 -9.993321208362728747e-01
2.138152313232421875e+01 -1.526493453979492188e+01 -1.212694263458251953e+01 2.913737159032799007e-02 -8.238809120633638211e-03 -9.995414626723000406e-01
1.126925945281982422e+00 -1.276500892639160156e+01 -6.937998771667480469e+00 1.088834628327131626e-01 3.256431544259238281e-02 9.935209896531188578e-01
2.091707420349121094e+01 -5.767584800720214844e+00 -1.147794723510742188e+01 4.960735870223070441e-04 7.361114005847643749e-02 -9.972868965198968816e-01
2.868032264709472656e+01 -1.832645034790039062e+01 -7.786182880401611328e+00 -1.224836256573694077e-01 9.109067884808318138e-02 9.882814627791116635e-01
-2.058580207824707031e+01 -1.845511245727539062e+01 -7.271277904510498047e+00 2.966688620036595989e-02 1.202096691552784029e-02 9.994875548087580608e-01
1.320373058319091797e+01 -3.144852828979492188e+01 -7.243675231933593750e+00 -1.553929248842752728e-02 8.289282473102170534e-02 9.964373086135781543e-01
9.227370262145996094e+00 7.391780018806457520e-01 -1.132110404968261719e+01 4.293414606485239371e-02 8.615651760614106980e-01 -5.058281392923414943e-01
-1.901046752929687500e+01 -4.890254211425781250e+01 -6.976699829101562500e-01 3.310127740836051324e-01 8.378773605972837935e-01 4.340415556049965207e-01
4.205478286743164062e+01 -3.677231979370117188e+01 9.086870193481445312e+00 7.239644072466315805e-01 -6.558955786912393782e-01 -2.137206749318319443e-01
-1.150130271911621094e+01 -6.058065032958984375e+01 1.436950874328613281e+01 -1.184032737951657005e-01 -8.685190097606994009e-01 -4.813059260375684989e-01
3.416325759887695312e+01 -1.308759117126464844e+01 -1.177898025512695312e+01 -7.505940785377899216e-01 4.278844181699804072e-01 -5.035111259459352784e-01
-4.467216014862060547e+00 -4.897844696044921875e+01 -4.402573108673095703e+00 5.587604877721055264e-04 1.969974595465666112e-01 9.804038396084117091e-01
5.160983276367187500e+01 -2.727366256713867188e+01 1.831785964965820312e+01 4.645559790653523424e-01 -2.759660484235423317e-01 8.414454720492153816e-01
-3.545140075683593750e+01 1.686439961194992065e-01 -1.244497013092041016e+01 6.231121014921566781e-01 1.124455069082770653e-01 -7.740073106567978423e-01
2.246700477600097656e+01 -2.254870223999023438e+01 -1.150090694427490234e+01 8.658414224460553310e-02 -2.707585102553596024e-02 -9.958765408437978417e-01
2.946316337585449219e+01 -2.732221031188964844e+01 -6.658586025238037109e+00 -1.693451516398722101e-01 1.375953951687519661e-01 9.759045685129380532e-01
2.108179473876953125e+01 -2.813508224487304688e+01 -7.454957008361816406e+00 -3.628434191231705991e-02 1.048648885736813002e-01 9.938243313968617709e-01
-2.869777870178222656e+01 -2.639093780517578125e+01 -1.849318504333496094e+01 7.513874001889250809e-02 1.005036611508321603e-01 -9.920953501774171235e-01
-2.525852012634277344e+01 -5.144667053222656250e+01 4.066565036773681641e+00 -4.046158603408518406e-01 -8.457324079535638583e-01 -3.478831696097108295e-01
-3.710290527343750000e+01 9.584090113639831543e-01 -6.292480945587158203e+00 1.519908396515893823e-01 -4.636532887718235879e-02 9.872937966685071398e-01
6.760617256164550781e+00 -5.164059829711914062e+01 -7.449150085449218750e-01 -1.636060226087365232e-01 8.990438415862064270e-01 4.061443589071080940e-01
1.419922065734863281e+01 -5.042650985717773438e+01 7.202950119972229004e-01 -2.980383643728098941e-01 8.753957211085264811e-01 3.805988239956387686e-01
1.520128059387207031e+01 -4.498371505737304688e+01 -8.570893287658691406e+00 1.112451529581285903e-01 -3.346962010005822830e-01 -9.357365916640753012e-01
-1.816023445129394531e+01 -5.422858428955078125e+01 3.857052087783813477e+00 -2.697451967441732990e-01 -8.942320101563849821e-01 -3.571927222734501695e-01
3.309555053710937500e+01 -3.971038055419921875e+01 -5.999238967895507812e+00 5.057866013328872201e-01 -5.588573483213287174e-01 -6.571593247754915490e-01
-5.181748867034912109e+00 -5.297449111938476562e+00 -1.179573249816894531e+01 -4.240783929929485552e-02 2.043652525769440176e-01 -9.779756738820893913e-01
2.041972541809082031e+01 -4.242675399780273438e+01 -8.702561378479003906e+00 1.510420451743928749e-01 -3.376471748886397672e-01 -9.290751777328123406e-01
-4.179133224487304688e+01 -2.377772903442382812e+01 -4.178661823272705078e+00 1.733262261955844652e-01 1.162983294593377820e-01 9.779737817946678735e-01
-1.880726051330566406e+01 -3.474167251586914062e+01 -5.916652202606201172e+00 1.302696604495231780e-01 1.059672205955688173e-01 9.857995555515410846e-01
-2.954925727844238281e+01 -4.380957412719726562e+01 6.359050273895263672e-01 6.296473434885269116e-01 4.847907624217130396e-01 6.070602437224951187e-01
1.759765434265136719e+01 -5.398805618286132812e+01 1.464222240447998047e+01 -3.342842482252345038e-01 8.040712580107688412e-01 4.916537942795411453e-01
6.787525177001953125e+00 -2.370977783203125000e+01 -1.240121936798095703e+01 7.200013567725266350e-02 -3.577673107318261880e-02 -9.967627631368330965e-01
-1.568540382385253906e+01 -5.725991058349609375e+01 1.598512268066406250e+01 1.656784843333645452e-01 7.853743206650600772e-01 5.964376046736946657e-01
-2.275164794921875000e+01 -5.580459213256835938e+01 1.143792915344238281e+01 -7.843766432462134786e-01 -6.177765399244226074e-01 5.572636942068474181e-02
1.208681964874267578e+01 -4.248618698120117188e+01 -5.532365798950195312e+00 -1.022766725524809628e-01 2.078571555070558019e-01 9.727974533046991334e-01
3.687277221679687500e+01 -3.025736236572265625e+01 -8.157146453857421875e+00 3.227200722867117344e-01 -2.455181423863789791e-01 -9.140966014062197331e-01
-8.947086334228515625e+00 -1.886241340637207031e+01 -1.304260253906250000e+01 2.047468639841453636e-02 1.419235260671238008e-01 -9.896658526823896018e-01
-3.396638107299804688e+01 -6.122981071472167969e+00 -1.273139381408691406e+01 4.845867146423684102e-01 9.249048350300424770e-02 -8.698397705632320287e-01
-3.963974761962890625e+01 -3.819989776611328125e+01 -2.192770004272460938e+00 -6.757463525326494747e-01 -6.667656221044110376e-01 -3.143095165892024756e-01
1.185198688507080078e+01 -5.678948974609375000e+01 8.513019561767578125e+00 1.908397693205975132e-01 -8.811295702467344393e-01 -4.326555938416446478e-01
-3.635614395141601562e+01 -2.480905914306640625e+01 -5.275907039642333984e+00 2.141898304390111030e-01 1.590483697181216405e-01 9.637563658033680980e-01
4.412652587890625000e+01 -2.928494453430175781e+01 8.759922981262207031e+00 -8.077940017949011287e-01 5.389054535781818700e-01 2.388509216391540291e-01
-4.889213943481445312e+01 -1.830812263488769531e+01 -1.627040982246398926e+00 8.172427679595305472e-01 3.437677450324662654e-01 4.625343183950118564e-01
-1.938230323791503906e+01 -4.266297817230224609e+00 -1.276776027679443359e+01 7.330157160632387592e-02 8.011777133183163591e-02 -9.940865265744543988e-01
-4.445277023315429688e+01 -3.328444290161132812e+01 -1.073060035705566406e+00 -7.525280065078084890e-01 -5.906257434584089028e-01 -2.913122561540889555e-01
-2.443799935281276703e-02 -2.077074050903320312e+01 -1.281592750549316406e+01 -3.058527044188285096e-03 -6.956665849274495939e-02 -9.975726166242102622e-01
-4.986814022064208984e+00 -5.611767196655273438e+01 1.047186756134033203e+01 7.847042366603602936e-02 9.442541678581123366e-01 3.197287273490711512e-01
1.239071559906005859e+01 -3.197322273254394531e+01 -1.610177612304687500e+01 -7.590505540253368599e-02 5.929976209424220324e-01 -8.016185153306814026e-01
3.114399719238281250e+01 -4.633002090454101562e+01 7.017583847045898438e+00 5.681905688148994882e-01 -7.867081833921647505e-01 -2.413497704444756142e-01
3.325211715698242188e+01 -1.138660430908203125e+01 -7.572670936584472656e+00 -1.231405602423424617e-01 2.478246123077844018e-02 9.920797508459423542e-01
-2.760142517089843750e+01 -4.849299240112304688e+01 -4.297069907188415527e-01 -4.993155416400183455e-01 -8.263303987642863779e-01 -2.605034778170738918e-01
4.424443244934082031e+00 -3.197461128234863281e+01 -7.052933216094970703e+00 -3.328891021964178881e-02 1.376552516635025647e-01 9.899206433577625308e-01
-6.694881916046142578e+00 -5.449868392944335938e+01 5.990414142608642578e+00 1.044353858267770552e-01 9.310902067589351683e-01 3.495200667555662943e-01
1.809798431396484375e+01 -3.433597564697265625e+01 -1.262125110626220703e+01 3.683031362638353179e-01 -8.728255965702933494e-01 -3.202003713144854213e-01
-1.580178260803222656e+01 -4.569474792480468750e+01 -8.281230926513671875e+00 -1.194485236669998035e-01 -3.402050274218227921e-01 -9.327339328611835567e-01
-2.605286788940429688e+01 -2.060053634643554688e+01 -1.296630859375000000e+01 4.132931520582354690e-01 3.074871799599875333e-01 -8.571116640333525938e-01
3.586529541015625000e+01 -1.883176422119140625e+01 -1.150465583801269531e+01 6.634873425646479195e-01 -3.785056995436441585e-01 -6.453820431879695452e-01
1.270192146301269531e+01 -7.591873168945312500e+00 -8.691101074218750000e+00 8.061096550801052918e-02 -4.231167503344178057e-03 9.967366600368550156e-01
-2.672846603393554688e+01 -3.498401641845703125e+01 -5.206793785095214844e+00 1.413884343667111410e-01 1.690523745457193361e-01 9.754130434271340855e-01
3.090280914306640625e+01 -3.259971618652343750e+01 -9.375876426696777344e+00 1.731210430096339903e-01 -1.593046257714932079e-01 -9.719316543230090977e-01
-2.316409683227539062e+01 -2.664605903625488281e+01 -1.728474807739257812e+01 3.957218710899004788e-02 4.139147901369322202e-02 -9.983590473734736959e-01
-3.006380462646484375e+01 3.218955039978027344e+00 -1.203931999206542969e+01 3.424402580194920581e-02 1.832830906129236381e-01 -9.824635644095154330e-01
-6.176499724388122559e-01 -3.827520751953125000e+01 -1.290834331512451172e+01 5.259727575376144798e-02 -9.267328112274949570e-01 -3.720212671040015739e-01
-3.662382888793945312e+01 -1.694887924194335938e+01 -1.342967987060546875e+01 -8.291137375647112950e-01 -5.025375219170753471e-01 -2.450029576289236011e-01
1.665234565734863281e+01 -4.746985244750976562e+01 -3.660315036773681641e+00 -2.476063972477539898e-01 8.097820890906561875e-01 5.319248445315937213e-01
-2.986310195922851562e+01 -2.637701797485351562e+01 -6.027622222900390625e+00 1.458881652318020639e-01 1.253316572020836683e-01 9.813300255002278538e-01
-7.437354087829589844e+00 -4.337602996826171875e+01 -9.752893447875976562e+00 -3.804309657211838586e-02 -3.093852326786816764e-01 -9.501755104208707836e-01
-2.115583229064941406e+01 -8.584323883056640625e+00 -1.310684204101562500e+01 1.439278073129803513e-02 4.497425449090379675e-04 -9.998963174221936479e-01
-3.585913085937500000e+01 -1.686753845214843750e+01 -6.095921039581298828e+00 1.797630148787179860e-01 7.393370065853557827e-02 9.809276560423035862e-01
-1.462084293365478516e+01 -4.279411697387695312e+01 -4.928138732910156250e+00 1.079722161529993035e-01 1.962235917747395808e-01 9.745964819195842566e-01
-5.311349105834960938e+01 -4.493945121765136719e+00 -6.625408172607421875e+00 -5.566132525608402659e-01 -4.716969077540875827e-02 -8.294315567578764981e-01
-2.931183242797851562e+01 -1.281490993499755859e+01 -1.268028640747070312e+01 -2.860615438322459264e-02 2.122415579315754808e-02 -9.993654102190404620e-01
-4.956352233886718750e+00 -1.644471549987792969e+01 -1.250512218475341797e+01 1.690279529571429504e-02 2.430598905286338873e-01 -9.698640034187265835e-01
-1.475220584869384766e+01 -3.981569671630859375e+01 -1.039723396301269531e+01 -8.010539507316952190e-02 -2.832907709149552478e-01 -9.556827218248646894e-01
5.418882751464843750e+01 -1.943943214416503906e+01 1.373461627960205078e+01 8.854017796286963726e-01 -3.256886795367864296e-01 -3.316482664690434401e-01
9.008380174636840820e-01 -3.335014343261718750e+01 -1.286302566528320312e+01 1.624335479199577603e-02 8.361467121974800465e-01 -5.482652908095184685e-01
3.044312095642089844e+01 -3.421242523193359375e+01 -5.198348999023437500e+00 -2.103664776578935414e-01 2.265287555439298439e-01 9.510155981841358352e-01
-2.198066711425781250e+01 -4.672462844848632812e+01 -6.882616996765136719e+00 -1.921843284250994710e-01 -2.665183611528657570e-01 -9.444750642956034614e-01
-1.474316310882568359e+01 -4.947148895263671875e+01 -2.402389049530029297e+00 2.265383742396447353e-01 8.449831155892449930e-01 4.844418431204630116e-01
-1.695393562316894531e+01 -5.458207321166992188e+01 1.193900108337402344e+01 2.785330648226135852e-01 8.961911055176106089e-01 3.453416195474338646e-01
-3.192140579223632812e+01 -2.402878189086914062e+01 -1.263818550109863281e+01 -6.171363093304139680e-01 -5.460039220273198435e-01 -5.665884686761810674e-01
-1.148208332061767578e+01 -5.554404067993164062e+01 1.098716163635253906e+01 1.951242198255140892e-01 9.131175654063626856e-01 3.579704604905850629e-01
8.075980186462402344e+00 -4.523303222656250000e+01 -5.123537063598632812e+00 -6.699026126956203475e-02 2.156867614008741996e-01 9.741619607906264466e-01
-6.634290218353271484e-01 2.198971033096313477e+00 -1.044876861572265625e+01 -5.850116487726558789e-02 8.386804894803907562e-01 -5.414726680756243304e-01
3.271395111083984375e+01 -4.386750411987304688e+01 1.429330539703369141e+01 -6.040258322113575273e-01 6.828259961591054417e-01 4.109762194953648917e-01
4.032764816284179688e+01 -3.693968200683593750e+01 4.955459117889404297e+00 7.395341636269541219e-01 -6.172518350320718161e-01 -2.684946796085940779e-01
-5.074129867553710938e+01 -7.029438018798828125e+00 -3.556041002273559570e+00 6.542441327170019916e-01 1.388172171390855969e-01 7.434341901144563280e-01
-2.521739959716796875e+00 -1.068254947662353516e+00 -6.322296142578125000e+00 1.232007756516777380e-01 4.665116811865293450e-02 9.912846399455558233e-01
-9.423469901084899902e-01 -1.715967750549316406e+01 -7.079575061798095703e+00 3.025136003353030498e-02 -9.335041956077438918e-02 9.951736302695871617e-01
-6.142482757568359375e+00 -5.233584976196289062e+01 1.408299989998340607e-02 1.251167545220484567e-01 9.040247712415155901e-01 4.087603340829375487e-01
2.879829597473144531e+01 -3.891666030883789062e+01 -4.544874191284179688e+00 -1.600208613226387910e-01 1.698091246441978952e-01 9.723981618293671136e-01
3.560976409912109375e+01 -4.001464843750000000e+01 1.141723155975341797e+01 -6.856094114929633943e-01 7.145967963899324538e-01 1.388925968564119484e-01
1.617496490478515625e+01 -2.397380447387695312e+01 -1.183867740631103516e+01 1.309336160730662224e-01 -9.923430020929115136e-02 -9.864121561720552434e-01
1.306890964508056641e+00 -4.521927261352539062e+01 -9.209110260009765625e+00 3.854452555869280345e-02 -2.774285479051034620e-01 -9.599727706329596044e-01
3.796059799194335938e+01 -4.484519577026367188e+01 1.782054710388183594e+01 6.139269763837260641e-01 -6.070127460549309406e-01 5.046079604952619091e-01
-4.362844848632812500e+01 -3.151678657531738281e+01 3.032133102416992188e+00 7.362778217220715682e-01 5.633721583105902875e-01 3.748423408323406369e-01
3.036499595642089844e+01 -2.634935379028320312e+01 -1.148731327056884766e+01 5.307978998698635875e-01 -5.242762594576675372e-01 -6.658738568699170690e-01
5.158560180664062500e+01 -1.593803882598876953e+01 8.812000155448913574e-01 9.219439222076717400e-01 -3.357415305019189056e-01 -1.931243873791286259e-01
6.551829814910888672e+00 9.961180090904235840e-01 -7.667367935180664062e+00 3.112639524404020586e-01 2.493653412434718997e-01 9.170232704232242904e-01
4.734564590454101562e+01 -9.334260940551757812e+00 -4.970818042755126953e+00 -2.511849973656912760e-01 6.495629968112870412e-02 9.657571000153886143e-01
-6.609695911407470703e+00 -2.281635093688964844e+01 -7.143314838409423828e+00 -6.384872953753640071e-03 -9.401793477716252623e-02 9.955500295502992536e-01
2.522805595397949219e+01 -2.117625999450683594e+01 -7.909013748168945312e+00 -9.814883385899542123e-02 1.108917288816611002e-01 9.889741305402055538e-01
8.182659745216369629e-01 -5.652887725830078125e+01 3.583312034606933594e+00 2.907105317954960730e-02 -9.412658280338588312e-01 -3.364127150432424385e-01
1.962882423400878906e+01 -1.076001644134521484e+01 -8.530695915222167969e+00 4.293684097929191534e-02 -3.818690572967462643e-02 9.983477289589595127e-01
5.429130196571350098e-01 -5.860512161254882812e+01 8.584175109863281250e+00 9.037694256805223550e-03 -9.185949993004175473e-01 -3.950968834890833947e-01
-1.810051536560058594e+01 -2.853405952453613281e+01 -1.714468193054199219e+01 2.935057112138442226e-01 6.394145333909502238e-01 -7.106359489733747870e-01
2.629617691040039062e+01 -3.614190101623535156e+00 -1.116344928741455078e+01 4.921351713264561500e-02 3.486717786846214862e-02 -9.981794977051591244e-01
9.728192329406738281e+00 -5.535989761352539062e+01 1.208370590209960938e+01 -2.253206155095157648e-01 8.969791923109601273e-01 3.803405694737158615e-01
-1.495005130767822266e+01 -2.026432228088378906e+01 -7.216328144073486328e+00 -3.441742617152717537e-02 -4.539330433857272085e-02 9.983761258648732317e-01
6.914093971252441406e+00 -4.242456054687500000e+01 -9.945310592651367188e+00 3.177787247868923970e-02 -2.844562382877965367e-01 -9.581622072070492546e-01
-5.192223358154296875e+01 -2.399886703491210938e+01 2.421940088272094727e+00 -8.399025748831266958e-01 -4.339321825936228727e-01 -3.259854684096031296e-01
1.065370941162109375e+01 -2.405988693237304688e+01 -7.879236221313476562e+00 1.112934230915301748e-01 -1.875520342785423622e-02 9.936105959182146563e-01
5.321757888793945312e+01 -1.024605941772460938e+01 3.306155920028686523e+00 4.597033487880032299e-01 8.704537968273647897e-01 1.760199383647204630e-01
-1.963220024108886719e+01 -4.048460006713867188e+01 -4.988173007965087891e+00 8.571518955223564329e-02 2.280205338709360152e-01 9.698760448702904435e-01
-2.812077903747558594e+01 -2.150385475158691406e+01 -6.598644256591796875e+00 3.637633909184233988e-02 1.952153942784202317e-02 9.991474723246025480e-01
-3.662481307983398438e+01 -4.165598297119140625e+01 -7.546010017395019531e-01 -6.194009265787795426e-01 -7.141005451987677555e-01 -3.261945792010835787e-01
-2.253790855407714844e+01 -3.238041305541992188e+01 -1.590785026550292969e+01 -4.952376324450882827e-01 -8.050453130632576615e-01 3.265604558501614685e-01
-1.106728458404541016e+01 -2.790282964706420898e+00 -1.220781230926513672e+01 7.226282434902739360e-02 5.722179334207412593e-02 -9.957428134733480318e-01
4.399963378906250000e+01 -3.271788787841796875e+01 1.525964546203613281e+01 -7.396170250090028375e-01 5.332171220895264296e-01 4.106655050371228466e-01
4.194552230834960938e+01 -2.988468742370605469e+01 1.628481984138488770e+00 -7.730047089503268021e-01 5.779685605380864288e-01 2.615646439604418783e-01
-4.604180145263671875e+01 -9.322384834289550781e+00 -9.161635398864746094e+00 -3.749964225601808976e-01 -1.217466716806514387e-01 -9.189969700721271062e-01
5.084782028198242188e+01 -2.604764747619628906e+01 1.323932266235351562e+01 8.140391202532942794e-01 -4.793914632601343206e-01 -3.279087306714325023e-01
2.913815307617187500e+01 -2.044231986999511719e+01 -1.154436111450195312e+01 -5.228982650642489682e-01 4.331605963609185261e-01 -7.341316654068612557e-01
1.991500020027160645e+00 -5.095852661132812500e+01 -7.176177978515625000e+00 1.079650580891913444e-02 -4.384520898026669777e-01 -8.986897130878889195e-01
4.121375274658203125e+01 -2.603761100769042969e+01 -7.658711910247802734e+00 3.575360503413700375e-01 -2.264683714075186594e-01 -9.060243095294516769e-01
-5.576487350463867188e+01 -9.978145599365234375e+00 -3.582740128040313721e-01 -9.868631356623439599e-01 1.221122720858111993e-01 1.057815885526732641e-01
-2.855631065368652344e+01 -3.184614562988281250e+01 -1.063867568969726562e+01 -1.994986981844767415e-01 -2.670160102216292963e-01 -9.428163764530300694e-01
1.550046634674072266e+01 -5.226132965087890625e+01 7.921179771423339844e+00 -3.474981408692102147e-01 8.867429675429542302e-01 3.048474234851884512e-01
4.433731460571289062e+01 -3.700530624389648438e+01 1.575325202941894531e+01 7.186196269246117874e-01 -6.109360790334531499e-01 -3.321790769057589854e-01
-2.140086889266967773e+00 -4.540442657470703125e+01 -5.056300163269042969e+00 3.017228136081404402e-02 2.086248528186594731e-01 9.775302062974199346e-01
-1.302423191070556641e+01 -3.513987350463867188e+01 -6.259988784790039062e+00 7.395058174713224066e-04 1.113167597607384179e-01 9.937847010935094705e-01
3.152619361877441406e+01 -4.781866455078125000e+01 1.157064247131347656e+01 5.739494968290804744e-01 -7.559208254296971852e-01 -3.149058284175297318e-01
-1.825620079040527344e+01 -1.097177886962890625e+01 -7.098134040832519531e+00 -2.660723281977380242e-02 3.405170928168107375e-02 9.990658317932158416e-01
1.255737495422363281e+01 -1.950914764404296875e+01 -1.235531330108642578e+01 4.865235857827989591e-02 -4.901248589659042837e-02 -9.976125120661865076e-01
-4.865892887115478516e+00 -5.958540725708007812e+01 1.670951843261718750e+01 4.300740055636281811e-02 7.001502069829711461e-01 7.126991308813890313e-01
-8.553242683410644531e+00 -5.234782791137695312e+01 -5.688690185546875000e+00 -1.346509989209477565e-01 -7.718054837077371610e-01 -6.214381737616838652e-01
-5.365088272094726562e+01 1.971189975738525391e-01 -5.768816947937011719e+00 -9.030289218548170904e-01 3.240157174909765736e-01 -2.820506711790177756e-01
-3.964851760864257812e+01 -4.904236793518066406e+00 -1.780189323425292969e+01 3.180107421884847407e-01 1.017480531918422415e-01 -9.426115326710144959e-01
-2.370421028137207031e+01 -4.799868392944335938e+01 1.576547026634216309e+00 3.998576558870259867e-01 8.407966133142020793e-01 3.649313772038530468e-01
-2.754564285278320312e+01 -1.444917678833007812e+01 -7.040101051330566406e+00 7.452639245761324971e-02 5.410694427725575018e-02 9.957500968657908569e-01
4.933709716796875000e+01 -3.087339210510253906e+01 1.826656723022460938e+01 5.262235709407245832e-01 -3.443615921915560985e-01 7.774984547956920178e-01
-2.355473518371582031e+01 -2.407152557373046875e+01 -1.352883625030517578e+01 5.254684972430525569e-01 5.845746760455214908e-01 -6.181871128803978488e-01
4.857858276367187500e+01 -1.877408981323242188e+01 -4.832572937011718750e+00 8.367005980723798420e-01 -3.531263573373693010e-01 -4.186094658974668370e-01
2.468570327758789062e+01 -5.228707122802734375e+01 1.745445632934570312e+01 -3.672949729035077104e-01 5.139002099382534716e-01 7.752425279260873880e-01
-3.654944229125976562e+01 -3.273456573486328125e+01 -3.816827058792114258e+00 2.331399373847415080e-01 2.322993103702361561e-01 9.442895742290876582e-01
-3.348179626464843750e+01 -3.801995849609375000e+01 -7.515946865081787109e+00 -2.603797114470193241e-01 -3.358255274564405646e-01 -9.052202057926957979e-01
-1.883548164367675781e+01 3.351179957389831543e-01 -1.091358470916748047e+01 5.632623465103612226e-01 8.164696449343600282e-01 1.269363931439748683e-01
1.950572967529296875e+01 -3.688186645507812500e+01 -6.232147216796875000e+00 -8.303803471608538211e-02 2.164547594468760883e-01 9.727548621843457033e-01
-7.266599684953689575e-02 -2.923008728027343750e+01 -1.219377136230468750e+01 1.420135103750947737e-02 -1.374018045287729306e-01 -9.904135831767183484e-01
3.820024490356445312e+01 -1.774448585510253906e+01 -6.329781055450439453e+00 -1.643960824981438307e-01 1.113365331634033339e-01 9.800908654009676813e-01
-4.799274063110351562e+01 6.002315998077392578e+00 -4.564606189727783203e+00 8.648154986434714031e-02 1.849304396877281265e-02 9.960817982765419742e-01
-4.736603927612304688e+01 -2.720286369323730469e+01 -3.967049121856689453e+00 -7.740997157218290070e-01 -4.687388983846170198e-01 -4.255037899485259456e-01
3.801455974578857422e+00 -5.958736419677734375e+01 1.148097419738769531e+01 9.450247281926607568e-02 -9.050639399302007337e-01 -4.146426742016141032e-01
5.017325973510742188e+01 -1.671610641479492188e+01 7.280107021331787109e+00 -9.292159781267124163e-01 2.926300323746990339e-01 2.256664134212259254e-01
1.761082267761230469e+01 -4.991342926025390625e+01 3.162208080291748047e+00 -3.545591170191947361e-01 9.167690264785331999e-01 1.839086311954161446e-01
2.653079795837402344e+01 -8.863979339599609375e+00 -1.146013545989990234e+01 9.507706129733703437e-02 5.442934486714396183e-03 -9.954550350865857267e-01
-2.320767593383789062e+01 -2.172615623474121094e+01 -6.910306930541992188e+00 7.050048561384449075e-02 8.797761590831033873e-02 9.936244867289161231e-01
2.431716918945312500e+00 -5.440900802612304688e+01 -2.638334035873413086e+00 3.929578135056054078e-02 -9.219499515629008268e-01 -3.853104311866132337e-01
-4.542730712890625000e+01 -2.010825538635253906e+01 -7.973323822021484375e+00 -3.068780198011159532e-01 -1.677201634387215368e-01 -9.368542190431948802e-01
4.165658950805664062e+01 -1.273689174652099609e+01 -9.808849334716796875e+00 3.508394542636225633e-01 -1.988388403199445043e-01 -9.150818503894735390e-01
4.734008789062500000e+01 -2.052027511596679688e+01 1.825532913208007812e+00 -8.961650160289460487e-01 3.935259781993090122e-01 2.050013866492514658e-01
2.433153915405273438e+01 -3.186414527893066406e+01 -1.523962688446044922e+01 5.022602004598679670e-01 -7.229692471232023188e-01 4.743945180418118746e-01
-3.155131530761718750e+01 -1.229176616668701172e+01 -6.748769760131835938e+00 9.561011778789686721e-02 2.929510023761105336e-02 9.949876896116116587e-01
-3.794464874267578125e+01 -3.005070495605468750e+01 -8.423059463500976562e+00 -2.488945331739863265e-01 -2.443376720211485054e-01 -9.372036136226689074e-01
-2.333022499084472656e+01 -4.243538856506347656e+00 -7.339511871337890625e+00 -2.430014236534029995e-02 -1.471586260643485168e-02 9.995963917845905877e-01
-3.100189971923828125e+01 -4.738371276855468750e+01 2.382556915283203125e+00 -8.335749461936960980e-01 -5.306245697599469846e-01 1.535915852032517515e-01
1.013399124145507812e+01 -3.734643173217773438e+01 -6.547944068908691406e+00 -2.404702348040051868e-02 1.436254864059626213e-01 9.893399114138596850e-01
5.429968643188476562e+01 -1.317778205871582031e+01 1.630768585205078125e+01 -7.998659219669845832e-01 2.486089639989935152e-01 5.462674161024548836e-01
-5.207424545288085938e+01 -1.546038246154785156e+01 2.541526079177856445e+00 8.624656382610562666e-01 3.023574162780688912e-01 4.058731521554477806e-01
3.644224929809570312e+01 -5.163197040557861328e+00 -1.484246253967285156e+01 -8.901876588197836782e-01 3.046521731556970369e-01 -3.387521003277526033e-01
4.231584167480468750e+01 -2.600716590881347656e+01 -3.340826988220214844e+00 -8.027055296892831038e-01 4.614660292934284480e-01 3.777736576501914967e-01
-3.784688949584960938e+01 -3.645328521728515625e+01 -6.318157196044921875e+00 -4.287837904162887237e-01 -4.525241884057145114e-01 -7.818991750756547621e-01
6.073282241821289062e+00 -5.691406631469726562e+01 5.922461986541748047e+00 1.622829792100997093e-01 -9.357621984507606960e-01 -3.130708268256459648e-01
2.314540100097656250e+01 -5.324015045166015625e+01 1.084664821624755859e+01 5.347449730024043113e-01 -8.065413124333408179e-01 -2.520692864808445899e-01
-2.805368614196777344e+01 -4.041220092773437500e+01 -7.969245910644531250e+00 -2.017320321976789899e-01 -3.261857438687071342e-01 -9.235296680032606398e-01
-4.231412506103515625e+01 -2.741214990615844727e+00 -1.205728912353515625e+01 -7.831960569837650432e-01 -1.273563812216417235e-01 -6.085920542425861113e-01
-2.068855476379394531e+01 -5.181443405151367188e+01 7.803826808929443359e+00 3.727711971511341038e-01 8.714503057276495879e-01 3.187726450335670592e-01
-4.599612426757812500e+01 -2.807528114318847656e+01 2.925734996795654297e+00 7.785300572513734751e-01 5.310240672062793710e-01 3.345211353619892414e-01
1.139329969882965088e-01 -6.105939483642578125e+01 1.387214756011962891e+01 3.659466259745238620e-02 -8.673904545556043733e-01 -4.962807975483242151e-01
1.002033424377441406e+01 -5.000547027587890625e+01 -2.679409027099609375e+00 -2.192446030332067530e-01 8.224426261384896186e-01 5.248999245106024114e-01
-4.499037170410156250e+01 -1.352637386322021484e+01 -4.690512180328369141e+00 1.860724843999435607e-01 6.384526010962748854e-02 9.804594909075881048e-01
8.520817756652832031e+00 -1.204158210754394531e+01 -1.225078678131103516e+01 5.171917419111280584e-02 -5.358258887918754959e-02 -9.972231611780751903e-01
3.337072753906250000e+01 -2.716264963150024414e+00 -7.523854255676269531e+00 -1.014335133358016117e-01 -1.233284832544681228e-02 9.947658735725394274e-01
4.206727600097656250e+01 -3.288501358032226562e+01 1.053332233428955078e+01 -7.572868023027756745e-01 6.276322470844606372e-01 1.805393626823445785e-01
-3.854429006576538086e+00 -4.530439376831054688e+01 -9.166497230529785156e+00 -1.927050257577265016e-02 -3.357446814411102487e-01 -9.417558901405844729e-01
7.868155956268310547e+00 -7.237195014953613281e+00 -8.467063903808593750e+00 1.601637770861029679e-03 1.644591202807730024e-01 9.863825994576977951e-01
-2.634309196472167969e+01 -2.864813423156738281e+01 -1.424739646911621094e+01 -6.099098212164374422e-01 -7.775362707533618467e-01 1.531253004786863048e-01
2.289927005767822266e+00 -2.174894094467163086e+00 -1.171344280242919922e+01 1.694530546384719755e-02 4.371952795166827999e-02 -9.989001248865775340e-01
3.653002166748046875e+01 -4.072523880004882812e+01 4.425583839416503906e+00 6.375725491299015779e-01 -7.429923499950868981e-01 -2.036261585474167801e-01
-3.536478424072265625e+01 -9.566335678100585938e+00 -1.751124191284179688e+01 -1.033931762473909860e-01 -1.490694137180007331e-02 -9.945288503630318466e-01
-4.949694061279296875e+01 -3.449748039245605469e+00 -8.216289520263671875e+00 -2.800918662878033039e-01 -3.875142111364318631e-02 -9.591907390092382357e-01
-4.232071304321289062e+01 -2.661870384216308594e+01 -7.806458950042724609e+00 -3.484596924678530772e-01 -2.508098029050535027e-01 -9.031446647641437897e-01
-2.486339569091796875e+01 -3.127839863300323486e-01 -7.232158184051513672e+00 2.149183022524474296e-02 -3.624465713570399622e-02 9.991118185982410527e-01
1.493510627746582031e+01 -4.889733123779296875e+01 -7.072262763977050781e+00 1.898971189720935204e-01 -4.929121159697580912e-01 -8.491034861171601333e-01
4.869824600219726562e+01 -1.257775497436523438e+01 -2.071300983428955078e+00 -9.008953977774738497e-01 1.846378694193484271e-01 3.928057273508761549e-01
-3.155244445800781250e+01 -3.336571931838989258e+00 -6.902317047119140625e+00 6.177121661708497719e-02 2.434193760467103212e-03 9.980873666660557975e-01
2.525588226318359375e+01 -3.690713119506835938e+01 -5.561532020568847656e+00 -1.363248370065446580e-01 2.357828496893221160e-01 9.621964386795045510e-01
-1.851151275634765625e+01 -5.880411911010742188e+01 1.350570011138916016e+01 -2.090276947170907618e-01 -8.950445889838892777e-01 -3.939576202739573652e-01
2.700763702392578125e+01 -3.365807723999023438e+01 -9.764739990234375000e+00 1.886725031876646808e-01 -2.470487702730882473e-01 -9.504575696197360424e-01
3.898859024047851562e+01 -3.697792434692382812e+01 -3.286780118942260742e-01 7.276993625895312734e-01 -6.737855584529671704e-01 -1.283224801311640129e-01
-4.404914093017578125e+01 5.384517192840576172e+00 -5.242275238037109375e+00 1.877474148536502352e-01 1.321669142956698184e-01 9.732845498523710059e-01
-1.108981227874755859e+01 -1.070804882049560547e+01 -1.237962722778320312e+01 5.860395486511194019e-02 6.960179224320874047e-02 -9.958519804623080507e-01
4.486419200897216797e+00 -3.870293807983398438e+01 -1.528703212738037109e+01 7.538216611686565649e-02 -9.084343903921966445e-01 4.111745218083040498e-01
5.042066574096679688e+01 -8.113766670227050781e+00 -9.588220119476318359e-01 -5.020998267135757809e-01 7.701272566620567250e-01 3.934460224228625846e-01
4.609432601928710938e+01 -2.754445648193359375e+01 1.195487976074218750e+01 -7.970149925719880457e-01 5.652574298283243870e-01 2.127231525700734038e-01
2.038733863830566406e+01 -4.332632446289062500e+01 -4.768324851989746094e+00 -6.281246751705314713e-02 1.459183184985769766e-01 9.873005815104977101e-01
-5.549507522583007812e+01 -1.377731704711914062e+01 1.016798019409179688e+00 -8.728092527657508315e-01 -2.771255450423585898e-01 -4.017529596300037920e-01
-1.104452133178710938e+01 -6.708353042602539062e+00 -6.308822154998779297e+00 1.319151748577208384e-02 -1.957297982691476659e-02 9.997214023552349893e-01
-1.662936925888061523e+00 -2.570433998107910156e+01 -7.345758914947509766e+00 -6.518137482852698165e-03 -4.678369844626108914e-02 9.988837767445438720e-01
-4.026782226562500000e+01 -9.115534782409667969e+00 -1.295423221588134766e+01 -8.056593075726227182e-01 -2.143960392890693345e-01 -5.522204437167842483e-01
-4.544938278198242188e+01 2.519715070724487305e+00 -9.758494377136230469e+00 -4.860160528871358410e-01 2.682965516673525147e-02 -8.735379590719813958e-01
1.719574356079101562e+01 -2.938183975219726562e+01 -7.344015121459960938e+00 1.855326864913557292e-02 1.941412529184918800e-01 9.807981189509241693e-01
8.615899831056594849e-02 -5.621575832366943359e+00 -1.194688701629638672e+01 -3.690406427228043462e-02 4.016460005321654397e-02 -9.985113394162093980e-01
-4.178163909912109375e+01 -5.434425830841064453e+00 -5.775371074676513672e+00 1.160740843123459487e-01 3.512006241231326042e-02 9.926194578826296189e-01
-1.059389209747314453e+01 -3.161235237121582031e+01 -1.338567352294921875e+01 2.966248499922656268e-01 7.831020086670458236e-01 -5.465939465349975990e-01
-3.478596496582031250e+01 4.225350856781005859e+00 -6.914011001586914062e+00 2.373611056322139645e-01 9.137836894022369760e-01 3.296347592646885483e-01
9.599113464355468750e+00 -3.480342102050781250e+01 -1.649621963500976562e+01 -1.323907804179497161e-02 3.320175661266646649e-01 -9.431802916706483186e-01
3.849591064453125000e+01 -3.708368301391601562e+01 1.087323188781738281e+01 -6.899232595631561438e-01 6.980595327863402533e-01 1.916214617412841104e-01
-4.800099945068359375e+01 -2.358683013916015625e+01 1.591640949249267578e+00 8.205070754027581348e-01 4.273102104477325414e-01 3.797026774479306255e-01
3.140366172790527344e+01 -4.390744781494140625e+01 -4.106769859790802002e-01 5.951141918453183299e-01 -7.751141769766327627e-01 -2.122194885351742499e-01
-3.877434921264648438e+01 -2.003247833251953125e+01 -1.044352912902832031e+01 -3.217571987310440251e-01 -1.789853044785941205e-01 -9.297508084672239104e-01
4.020785903930664062e+01 -3.013343620300292969e+01 -1.984493017196655273e+00 -7.270891026133726731e-01 5.412325119719569866e-01 4.223846645480939799e-01
1.471907234191894531e+01 -2.274482536315917969e+01 -8.329472541809082031e+00 1.124210617357570274e-01 -7.349026045856635325e-02 9.909392950609724471e-01
-2.149658918380737305e+00 -5.210894393920898438e+01 -6.461985111236572266e+00 2.453703086577272699e-04 -5.433930527246094710e-01 -8.394783678237585089e-01
6.380741119384765625e+00 -4.891230773925781250e+01 -4.484862804412841797e+00 -7.809591435671314752e-02 2.561816425332615887e-01 9.634687302604840742e-01
-5.342050075531005859e+00 -3.468865585327148438e+01 -1.681170845031738281e+01 5.716423143093300741e-02 1.257355265840660319e-01 -9.904154825120304872e-01
5.140120029449462891e+00 -9.638508796691894531e+00 -1.192571067810058594e+01 -1.106088946101578402e-01 -2.925720187219803536e-01 -9.498248713810688582e-01
-2.467793273925781250e+01 -4.089366912841796875e+01 -4.229179859161376953e+00 1.179526688013714381e-01 1.798201804207484877e-01 9.766022069584336940e-01
-1.232788944244384766e+01 -1.671419715881347656e+01 -1.289080238342285156e+01 1.771030200379738323e-02 1.327130659230491283e-01 -9.909962600011358314e-01
-1.290884304046630859e+01 -5.359592437744140625e+01 -1.763105988502502441e+00 -2.950674979093986239e-01 -9.075609294174343811e-01 -2.987780632383334467e-01
-1.141581439971923828e+01 -5.617284011840820312e+01 4.639309883117675781e+00 -1.553352531434612771e-01 -9.186184689278151794e-01 -3.633332735596525587e-01
-1.837776756286621094e+01 -1.771209907531738281e+01 -1.291097831726074219e+01 -3.434534734862625116e-02 -2.050518335873367792e-02 -9.991996470030035660e-01
8.613134384155273438e+00 -1.996241950988769531e+01 -1.253467178344726562e+01 5.834568855992330882e-02 -9.799495337195848754e-02 -9.934750976950031953e-01
3.410408401489257812e+01 -2.447355651855468750e+01 -6.280241012573242188e+00 -1.641500236455744888e-01 1.604536628415504373e-01 9.732982029254381162e-01
-2.215364933013916016e+00 -5.421598815917968750e+01 4.658699989318847656e+00 -4.432434854294701326e-02 9.396745247754206831e-01 3.391859956046691105e-01
-3.355580139160156250e+01 -2.049479484558105469e+01 -1.840165901184082031e+01 1.777238972612530665e-01 1.376624059600382866e-01 -9.744040631727503010e-01
1.054331493377685547e+01 -2.851563835144042969e+01 -7.609457015991210938e+00 2.029352168303996326e-02 1.553622470335282724e-01 9.876491002245649797e-01
-2.140849304199218750e+01 -5.181764984130859375e+01 4.564549922943115234e-01 -3.203390475247447355e-01 -8.893909447793183487e-01 -3.261389918048607783e-01
-1.140781593322753906e+01 -4.707819366455078125e+01 -8.268096923828125000e+00 -1.225820408711389420e-01 -3.895387752187971508e-01 -9.128160744952434902e-01
-3.582092285156250000e+01 -3.714628219604492188e+01 -1.970066070556640625e+00 6.007941481190177679e-01 6.347987464482065523e-01 4.858774980318901204e-01
4.501115798950195312e+00 -5.579598617553710938e+01 1.070268249511718750e+01 -1.735446906036720860e-01 9.316096003245039059e-01 3.193521456738531716e-01
3.622283172607421875e+01 -3.994103622436523438e+01 2.463299930095672607e-01 7.201962448982994758e-01 -6.705151176680758107e-01 -1.781203127466238767e-01
1.647191238403320312e+01 -5.688721084594726562e+01 1.225331211090087891e+01 3.568277782257722741e-01 -8.659915870092391721e-01 -3.503319967055226192e-01
5.000150299072265625e+01 -2.378810501098632812e+01 7.593379974365234375e+00 8.640932173404725081e-01 -4.279871028143675815e-01 -2.648961146765937413e-01
-4.621487426757812500e+01 -5.408387184143066406e+00 -9.392047882080078125e+00 -4.048612691987011902e-01 -5.761910717063309373e-02 -9.125608972510689254e-01
2.607682418823242188e+01 -4.223952484130859375e+01 -4.071060180664062500e+00 -3.255502272589186896e-01 5.899278100484776077e-01 7.389196359977677764e-01
-1.346817493438720703e+01 -5.862399101257324219e+00 -1.254699897766113281e+01 6.663752610070566851e-02 4.732145304496237354e-02 -9.966544637921866956e-01
4.628563308715820312e+01 -1.495280075073242188e+01 -4.601566791534423828e+00 -4.067812299986895974e-01 1.894743559641380026e-01 8.936601699486937944e-01
-9.313258171081542969e+00 -2.569026374816894531e+01 -7.241517066955566406e+00 3.199428758767691727e-02 1.930080468406422667e-02 9.993016784236401495e-01
1.253439617156982422e+01 -1.070461177825927734e+01 -1.220898723602294922e+01 -8.050990011397269469e-03 8.862115246088478338e-02 -9.960328673775484809e-01
-1.691956520080566406e+01 -7.064759731292724609e-01 -7.666306972503662109e+00 7.103933502501854624e-01 7.017234836101217121e-01 -5.408734112888410883e-02
4.522363281250000000e+01 -2.032395935058593750e+01 -3.557832002639770508e+00 -8.486728319442774504e-01 4.028729620570849490e-01 3.427065811492840952e-01
-4.992113113403320312e+01 -1.456381511688232422e+01 -2.253454923629760742e+00 8.273982619110930026e-01 2.895152818629069258e-01 4.812411222602903660e-01
3.943037796020507812e+01 -3.366606140136718750e+01 3.021100997924804688e+00 -7.700088914163812914e-01 6.236526875272196957e-01 1.346983016960183743e-01
-5.023413467407226562e+01 -1.302688503265380859e+01 -7.207970142364501953e+00 -4.228434813539104775e-01 -1.311739641583934413e-01 -8.966586760877728324e-01
-1.549340248107910156e+01 -5.673679733276367188e+01 8.134862899780273438e+00 -2.292831994185282052e-01 -8.728396998412214502e-01 -4.307900565768547629e-01
9.910038948059082031e+00 -4.103900909423828125e+00 -1.195993232727050781e+01 3.156470250561585478e-02 -3.001904314257324707e-02 -9.990508128241207819e-01
-1.074190974235534668e+00 -3.920720672607421875e+01 -6.074750900268554688e+00 -1.703262569625012615e-02 1.638353358648047264e-01 9.863406472329718788e-01
4.623667144775390625e+01 -5.395316123962402344e+00 -8.851515769958496094e+00 6.992693470161055469e-01 1.864486129758250940e-02 -7.146151058233118913e-01
4.820165634155273438e+01 -2.432086181640625000e+01 1.717170953750610352e+00 8.592095663347961709e-01 -4.627253704054811734e-01 -2.182754056275738319e-01
-1.682677268981933594e+01 -2.881727409362792969e+01 -1.339471244812011719e+01 3.685638787102816227e-01 7.656356464662588124e-01 -5.272217030531146653e-01
5.497924423217773438e+01 -2.085264968872070312e+01 1.822966957092285156e+01 6.413762190042978650e-01 -2.220057085662631990e-01 7.344045282129887386e-01
-7.083798885345458984e+00 -5.939081192016601562e+01 1.063203239440917969e+01 -6.735227615379626998e-02 -9.156582469059340035e-01 -3.962747099804052042e-01
2.937515258789062500e+01 -2.254657173156738281e+01 -1.552272415161132812e+01 -1.137728437764152362e-03 6.515042388397859763e-02 -9.978748056954538370e-01
-2.661895942687988281e+01 -4.503795623779296875e+01 -6.370734214782714844e+00 -3.350971601476565587e-01 -5.406574993286017428e-01 -7.716212553323805734e-01
2.244579696655273438e+01 -2.644787406921386719e+01 -1.177449607849121094e+01 -3.092306184683195069e-01 5.811927600058899301e-01 -7.527226583001448423e-01
4.106149291992187500e+01 -5.066915988922119141e+00 -1.284465694427490234e+01 9.526263309273648172e-01 -1.920939118794271760e-01 2.358028893858713504e-01
9.520534515380859375e+00 -5.935807800292968750e+01 1.297413158416748047e+01 1.471304096360810387e-01 -9.048359738850720868e-01 -3.995303529442689738e-01
2.137751579284667969e+01 -4.096900939941406250e+00 -8.025644302368164062e+00 -3.530600334294418594e-03 -7.441709062951051834e-02 9.972209541939632826e-01
-3.256398391723632812e+01 -4.437755203247070312e+01 -1.844205021858215332e+00 -5.435370847959644092e-01 -7.815088463380333028e-01 -3.062864028109980596e-01
4.524352645874023438e+01 -2.636162185668945312e+01 6.326269149780273438e+00 -8.443961486578235309e-01 4.958159847224975492e-01 2.028833493056908244e-01
-2.128225088119506836e+00 -1.263158035278320312e+01 -1.230182838439941406e+01 -1.249601283201780960e-02 5.617460757343700761e-02 -9.983427583386742521e-01
1.204078960418701172e+01 -5.453818130493164062e+01 2.901540994644165039e+00 2.435684599739040002e-01 -9.201959666763163126e-01 -3.064535661704406722e-01
1.390553188323974609e+01 -5.858403778076171875e+01 1.768014144897460938e+01 -3.796571359001416068e-02 3.980981325210575239e-02 9.984857451964115338e-01
2.674275207519531250e+01 -4.943219757080078125e+01 1.585934162139892578e+01 -5.294769847044545896e-01 6.677809503884015729e-01 5.231851727320279144e-01
4.781428909301757812e+01 -3.200436782836914062e+01 1.491899204254150391e+01 7.833804457820372491e-01 -5.150448957617035362e-01 -3.479135417257462337e-01
-3.510330200195312500e+01 -2.477273941040039062e+01 -1.048650932312011719e+01 -3.328690225378564960e-01 -2.113960806459058428e-01 -9.189722035634383390e-01
-4.384457111358642578e+00 1.245919942855834961e+00 -1.030897331237792969e+01 -1.716226513631887163e-01 7.750083091090763654e-01 -6.082004491538620661e-01
4.193099212646484375e+01 -1.887089157104492188e+01 -8.869192123413085938e+00 3.032440651227104045e-01 -1.470473621549245602e-01 -9.414988636483486717e-01
-4.309431076049804688e+01 5.778869152069091797e+00 -1.042870712280273438e+01 7.139242439728651912e-02 9.796688287271210216e-01 1.874889536989004790e-01
-4.836331939697265625e+01 -1.727656364440917969e+01 -7.411292076110839844e+00 -3.829181549473067436e-01 -1.491220903825446475e-01 -9.116667641039080117e-01
-1.454589962959289551e+00 -5.462994384765625000e+01 -2.382179021835327148e+00 2.375300589015859679e-02 -9.412170796609108381e-01 -3.369661758482130343e-01
1.761147689819335938e+01 -3.796354055404663086e+00 -1.146512317657470703e+01 6.276703341578916684e-02 6.284982898019958464e-02 -9.960472872877779160e-01
-4.093067932128906250e+01 -3.849218368530273438e+01 1.456953048706054688e+00 -7.548486562579139747e-01 -6.495037181023634032e-01 -9.136972319552656707e-02
1.182191467285156250e+01 -3.822803020477294922e+00 -8.651743888854980469e+00 -2.572763998901703153e-02 8.018429019386239670e-03 9.996368307223660876e-01
4.635052871704101562e+01 -2.551306343078613281e+01 -2.695756912231445312e+00 8.023123364720371464e-01 -5.067891577144690851e-01 -3.153722631555279099e-01
1.985054016113281250e+01 -5.116242980957031250e+01 1.069754409790039062e+01 -4.549570326413550636e-01 8.496867665960466942e-01 2.665454879035251690e-01
-5.267887115478515625e+01 -7.710916996002197266e+00 -3.105280101299285889e-01 6.616013454628266732e-01 2.688108989084619371e-01 7.000174000050298773e-01
6.068649768829345703e+00 -1.558094024658203125e+00 -1.167194557189941406e+01 -8.315334240194255377e-02 9.731326164122163988e-03 -9.964892487821797040e-01
7.715007781982421875e+00 -5.464874649047851562e+01 8.625289916992187500e+00 -1.545895385934096256e-01 9.541647770036104648e-01 2.562648100756848568e-01
1.670399665832519531e+01 -4.156510162353515625e+01 -9.530379295349121094e+00 1.059078122079694095e-01 -2.843681274432818262e-01 -9.528474712186221218e-01
4.683156013488769531e+00 -4.351066207885742188e+01 -5.510455131530761719e+00 4.059320509097045712e-03 2.930046691826027616e-01 9.561023929235812346e-01
-6.574996948242187500e+00 -2.456099510192871094e+01 -1.260534477233886719e+01 2.773570764743432324e-02 -7.767321513420526180e-02 -9.965929972521437863e-01
3.288961791992187500e+01 -1.580757236480712891e+01 -1.412401962280273438e+01 -8.148874676014978835e-01 3.827563710133807251e-01 4.352654082220234755e-01
1.998101997375488281e+01 -4.932197952270507812e+01 -4.229373931884765625e+00 3.621858276704249535e-01 -8.175433029291687692e-01 -4.477101451501345197e-01
-2.677083015441894531e+00 -3.766626739501953125e+01 -1.780797576904296875e+01 6.790934016402842832e-02 2.999628750739847249e-01 -9.515306590414390753e-01
-2.782513618469238281e+01 -3.761489868164062500e+00 -1.277889823913574219e+01 -3.823001032702728202e-02 5.027299632238987209e-02 -9.980035531756209499e-01
-4.116854095458984375e+01 -5.705801963806152344e+00 -1.439135551452636719e+01 -8.834549691226610824e-01 -3.057369301839625853e-01 3.550102069718059639e-01
1.721805381774902344e+01 -3.369805526733398438e+01 -1.696102333068847656e+01 -1.344811856515529536e-01 3.923427913746118101e-01 -9.099351321726897313e-01
-2.414320945739746094e+01 -1.050209617614746094e+01 -7.352496147155761719e+00 -1.082603489809757027e-02 -2.836274911631093704e-03 9.999373742955159905e-01
2.100216865539550781e+01 -5.547508621215820312e+01 1.379349517822265625e+01 4.205473912092640987e-01 -8.132127399809359058e-01 -4.022746962956791350e-01
2.224007987976074219e+01 -4.963038253784179688e+01 -5.612609982490539551e-01 4.286687347650769975e-01 -8.703917087018352428e-01 -2.422011338908378886e-01
-7.513267993927001953e+00 -6.102085876464843750e+01 1.428618526458740234e+01 -7.704238843465768816e-02 -8.364426239459926693e-01 -5.426123913353122497e-01
-4.692223739624023438e+01 -3.115747261047363281e+01 8.610280156135559082e-01 -7.468089225693786970e-01 -5.782076828565835269e-01 -3.285609664223432813e-01
-9.570998191833496094e+00 -3.718338012695312500e+01 -1.435753631591796875e+01 -3.175633329840737429e-01 -9.198109578702766687e-01 2.304372611489089173e-01
2.466521835327148438e+01 -4.651080322265625000e+01 3.999569892883300781e+00 -5.148767074032598590e-01 8.314853194211837550e-01 2.086483639059500406e-01
2.668505668640136719e+01 -1.264839363098144531e+01 -1.143473434448242188e+01 1.029511895324269066e-01 -3.144739768811374847e-02 -9.941891740270077937e-01
4.231392288208007812e+01 -3.214965105056762695e+00 -6.384607791900634766e+00 -1.234998676750057311e-01 2.548625215768755004e-01 9.590583286639727811e-01
3.124747848510742188e+01 -1.080864524841308594e+01 -1.097464942932128906e+01 7.194299593488610867e-02 2.316602229584752148e-02 -9.971396796572190580e-01
-7.093315124511718750e+00 -1.509930896759033203e+01 -6.845282077789306641e+00 -3.789816199551289400e-02 -1.258090708999785867e-01 9.913303218386120275e-01
-3.630280303955078125e+01 -2.285453081130981445e+00 -1.525792598724365234e+01 9.817022232136231041e-01 1.666896329401308940e-01 -9.206145343038103779e-02
3.074911880493164062e+01 -4.263366317749023438e+01 5.978895187377929688e+00 -6.036064737326887197e-01 7.778699335821227523e-01 1.748644941002394926e-01
3.690595245361328125e+01 -4.345109939575195312e+01 1.245747280120849609e+01 6.794771858537849152e-01 -6.798360063777260098e-01 -2.759234646357668908e-01
3.973799514770507812e+01 -3.818247222900390625e+01 1.599900341033935547e+01 -6.429132093137531756e-01 6.172558140822688166e-01 4.534951656539744635e-01
2.586450767517089844e+01 -2.627843666076660156e+01 -1.574798393249511719e+01 -5.306399281215210678e-02 7.792554662770961871e-02 -9.955459918304149225e-01
-2.103740310668945312e+01 -3.323241043090820312e+01 -1.237436676025390625e+01 -4.237106935789773376e-01 -5.200912274995066475e-01 -7.416025641978852834e-01
3.951709747314453125e+01 -2.336361885070800781e+00 -8.961772918701171875e+00 1.087789279159434158e-01 9.935422107351695731e-01 3.226484664351474824e-02
1.367153072357177734e+01 -2.686341476440429688e+01 -1.183997154235839844e+01 3.713770180017521988e-02 -3.856001767023750637e-02 -9.985659297924560640e-01
-5.282217407226562500e+01 -4.151656150817871094e+00 -2.239744901657104492e+00 -4.843800573538198373e-01 3.810492149544658091e-01 7.875134638979166546e-01
3.182378578186035156e+01 -4.990523147583007812e+01 1.635993957519531250e+01 5.605056169290306700e-01 -7.421677661716794550e-01 -3.674513032317970329e-01
-2.168849372863769531e+01 -2.531600379943847656e+01 -6.680757045745849609e+00 6.626176527707054731e-02 1.100805601983993048e-01 9.917114745372128670e-01
5.220536041259765625e+01 -1.299354457855224609e+01 1.119521617889404297e+01 -9.517875724916298186e-01 2.866170693241691936e-01 1.093209605817413027e-01
-7.375431060791015625e+00 -4.659606933593750000e+01 -4.661569118499755859e+00 2.969485325868275946e-02 1.585487545122743480e-01 9.869045081123867247e-01
3.486690521240234375e+01 -1.133592128753662109e+01 -1.518564414978027344e+01 -4.224905647338609849e-01 9.799779044728093580e-02 -9.010539139132096587e-01
-4.138456726074218750e+01 -1.816365432739257812e+01 -5.060882091522216797e+00 1.361688649006189966e-01 1.060828197022574831e-01 9.849895814655580395e-01
-5.377229309082031250e+01 -1.476846408843994141e+01 -2.466118097305297852e+00 -8.913752089063367023e-01 -2.761216309858487983e-01 -3.594538660925756246e-01
-7.039754867553710938e+00 -3.281078338623046875e+01 -1.356856536865234375e+01 1.982020058483288660e-01 8.799172137258985948e-01 -4.318120677639176730e-01
2.391225099563598633e+00 -8.017724037170410156e+00 -7.671433925628662109e+00 1.877892405503631679e-01 6.078533637893267921e-02 9.803266516905565497e-01
-2.582650947570800781e+01 -7.043447017669677734e+00 -7.379671096801757812e+00 -6.283128339086848681e-03 -6.698307707101878485e-03 9.999578265967697943e-01
2.272956275939941406e+01 -5.192854690551757812e+01 7.357778072357177734e+00 4.913976364777354333e-01 -8.004260724921302694e-01 -3.432877296655365562e-01
2.738798713684082031e+01 -4.973969650268554688e+01 9.043697357177734375e+00 5.436201290038851219e-01 -7.788154527729621579e-01 -3.129275409161767496e-01
9.008604049682617188e+00 -1.081569004058837891e+01 -7.999605178833007812e+00 1.607525912453865446e-01 2.659141608557286096e-02 9.866364583768721941e-01
-3.637447738647460938e+01 3.589138984680175781e+00 -1.369265270233154297e+01 9.025600671691166310e-01 -3.680884352960326483e-02 -4.289876853590238737e-01
3.335451126098632812e+01 -3.651303863525390625e+01 -4.075832843780517578e+00 -4.789922090243665664e-01 4.896685620088592206e-01 7.285541593280032702e-01
4.216520690917968750e+01 -1.007755565643310547e+01 -6.204053878784179688e+00 -1.864926576974288985e-01 7.427891089615508424e-02 9.796443905933573948e-01
2.618434333801269531e+01 -2.917716407775878906e+01 -6.729948043823242188e+00 -1.816108424665333343e-01 1.378915635114164318e-01 9.736546711288212030e-01
3.073270606994628906e+01 -4.398281478881835938e+01 1.099874210357666016e+01 -5.946898282216367404e-01 7.853480336451180710e-01 1.719664916763348483e-01
-5.315917205810546875e+01 -8.276806831359863281e+00 -6.166026115417480469e+00 -6.711400674286286394e-01 -1.673044808821743668e-01 -7.222051097635918682e-01
-4.695837020874023438e+01 -8.065662384033203125e+00 -4.619799137115478516e+00 1.870153281483538377e-01 5.777235770450180052e-02 9.806567298106032560e-01
3.329290390014648438e+01 -4.721222877502441406e+00 -1.066283798217773438e+01 4.282888588201344549e-02 4.280988933107017502e-02 -9.981648160046351359e-01
-8.976426124572753906e+00 -5.432666015625000000e+01 -1.558192014694213867e+00 -1.706935085986603373e-01 -9.233768605121300821e-01 -3.438588367237949139e-01
-4.201099777221679688e+01 -3.469778823852539062e+01 -3.765159130096435547e+00 -7.021296559798226866e-01 -5.993068508291329310e-01 -3.845064950594765385e-01
-3.215629959106445312e+01 -3.198876762390136719e+01 -9.697472572326660156e+00 -2.903742857708475067e-01 -2.889072273907119515e-01 -9.122583998651268011e-01
-2.252718734741210938e+01 2.175801038742065430e+00 -8.718298912048339844e+00 4.064502096902268824e-01 7.608676780176379939e-01 -5.058444460412889754e-01
1.685222053527832031e+01 -1.875734519958496094e+01 -8.505696296691894531e+00 6.631833993838956443e-02 5.177085053289334077e-02 9.964545432797810021e-01
1.427182388305664062e+01 -1.554110431671142578e+01 -8.311905860900878906e+00 3.066853950601677523e-02 5.352000285461626372e-02 9.980957118327929978e-01
3.663819122314453125e+01 -1.435507583618164062e+01 -6.924877166748046875e+00 -1.484271550187880317e-01 7.610752147728254424e-02 9.859903776546775633e-01
5.554503250122070312e+01 -1.602242088317871094e+01 1.423475170135498047e+01 8.656474110430748548e-01 -3.177628548112310103e-01 -3.868867119153077683e-01
4.019433593750000000e+01 -2.348262977600097656e+01 -5.069921016693115234e+00 -2.112645526005732244e-01 1.921402536698505192e-01 9.583576637843332913e-01
3.828745651245117188e+01 -1.349357414245605469e+01 -1.232073211669921875e+01 8.735840421898999342e-01 -4.379531488323242239e-01 -2.122450486089301480e-01
-2.876094055175781250e+01 -1.188620030879974365e-01 -7.122478008270263672e+00 6.958371028592535978e-02 -6.835322672043031567e-02 9.952316030250195622e-01
3.988002014160156250e+01 -4.213526535034179688e+01 1.599767398834228516e+01 6.551984776843022829e-01 -6.506616561337986715e-01 -3.838676387472576002e-01
-1.462072563171386719e+01 -5.494258499145507812e+01 3.043768882751464844e+00 -5.974254433106488543e-02 -9.112965131479474623e-01 -4.073935364254609448e-01
2.475804519653320312e+01 -1.018432235717773438e+01 -8.481876373291015625e+00 -1.279965041315861418e-02 -7.414126335169153592e-02 9.971656041089244082e-01
2.420474243164062500e+01 -4.462238311767578125e+01 -1.955361008644104004e+00 -4.793732612748889954e-01 7.939491092277491946e-01 3.739600089998135757e-01
-1.508496046066284180e+00 -4.738081932067871094e+00 -6.713816165924072266e+00 3.517219203401950045e-02 -2.675835541675065654e-01 9.628924957889156699e-01
-4.246804809570312500e+01 1.970521926879882812e+00 -5.651700973510742188e+00 1.434156161704968624e-01 -6.823185326715862364e-02 9.873076396129859544e-01
4.861754989624023438e+01 -2.016397285461425781e+01 6.727799892425537109e+00 -8.938573070750051031e-01 3.673908589421608917e-01 2.569884654111175282e-01
9.144539833068847656e+00 -5.236137771606445312e+01 2.065443992614746094e+00 -2.142653058550939571e-01 9.380613526630571242e-01 2.722705958174304053e-01
2.109048080444335938e+01 -5.149819564819335938e+01 3.974924087524414062e+00 4.043164833128200519e-01 -8.694366849172097123e-01 -2.839155371615416090e-01
3.825851440429687500e+01 -8.846851348876953125e+00 -1.560629653930664062e+01 -3.913611930928456717e-01 1.006996404741856144e-01 -9.147108827106597007e-01
2.503337669372558594e+01 -2.234749078750610352e+00 -7.975038051605224609e+00 1.377991256745738149e-02 -4.564286206117940115e-02 9.988627749358254260e-01
5.008163452148437500e+01 -1.923899269104003906e+01 -2.592909932136535645e-01 8.925199831727504973e-01 -3.701943281139565833e-01 -2.576125755268355855e-01
-4.995895767211914062e+01 1.745795965194702148e+00 -4.226564884185791016e+00 1.893709520084210784e-01 2.770435576109022552e-02 9.815147024916576202e-01
-1.073518943786621094e+01 -5.916641235351562500e+01 1.094971847534179688e+01 -1.266887675689560844e-01 -9.113578176061272185e-01 -3.916336099724538333e-01
4.315369415283203125e+01 -3.285531997680664062e+01 3.524698019027709961e+00 7.984561931998561679e-01 -5.638526300373020161e-01 -2.110400889423891535e-01
-1.241839027404785156e+01 -5.688917922973632812e+01 1.426528739929199219e+01 1.622396576549005875e-01 8.591389275973110307e-01 4.853437921421917545e-01
-2.987555503845214844e+01 -2.595767021179199219e+01 -1.498505496978759766e+01 -6.166060403830251335e-01 -6.634775700030042245e-01 4.237859189096258028e-01
1.591159534454345703e+01 -7.560127258300781250e+00 -1.191239833831787109e+01 3.886588588954430906e-02 8.659790968100168629e-02 -9.954849295458479963e-01
4.250434494018554688e+01 -2.245390892028808594e+01 -8.021474838256835938e+00 3.790207438730368583e-01 -2.313600083407703345e-01 -8.959999008116510399e-01
-2.625371932983398438e+01 -4.769517135620117188e+01 -3.832947969436645508e+00 -4.199058633798454787e-01 -8.110280897024662039e-01 -4.073235858783465502e-01
-1.703121376037597656e+01 -3.702643585205078125e+01 -1.121333122253417969e+01 -1.943067524172165939e-01 -4.726168326070893100e-01 -8.595802554162800257e-01
4.449058914184570312e+01 -3.283943557739257812e+01 7.791682243347167969e+00 7.652449128681512169e-01 -5.838807028719268377e-01 -2.710784907424425572e-01
-1.428085231781005859e+01 -1.305888462066650391e+01 -7.022244930267333984e+00 -3.614406045962312991e-02 1.467836047462122047e-02 9.992387865907068623e-01
2.879617691040039062e+01 -4.627898788452148438e+01 1.326128005981445312e+00 5.587615181063847469e-01 -8.014535857877445046e-01 -2.132081511373678795e-01
9.700559973716735840e-01 -4.176075744628906250e+01 -1.033192729949951172e+01 -6.656939599560675151e-03 -3.732486707174830776e-01 -9.277074511734827444e-01
-1.749613380432128906e+01 -5.087742233276367188e+01 2.346265077590942383e+00 3.244326073457132198e-01 8.661696661795603713e-01 3.801231283166697228e-01
3.197006225585937500e+01 -2.913648033142089844e+01 -9.767493247985839844e+00 2.349854058791335798e-01 -2.375579127088242037e-01 -9.425221998092382369e-01
3.749377441406250000e+01 -3.515034866333007812e+01 -6.131834983825683594e+00 5.188009547802914234e-01 -5.148261121647619287e-01 -6.824951600944684227e-01
4.613237762451171875e+01 -1.389518737792968750e+01 -8.097865104675292969e+00 3.666435782983980540e-01 -1.113475368797781223e-01 -9.236743000232024992e-01
5.099951553344726562e+01 -2.073419380187988281e+01 1.491348361968994141e+01 -8.257420637622793214e-01 3.640750370602500174e-01 4.308125015864667784e-01
4.593040943145751953e+00 -5.372255325317382812e+01 4.311313152313232422e+00 -1.012817736442055971e-01 9.480180265392097461e-01 3.016684002082193339e-01
1.544457054138183594e+01 -5.580079650878906250e+01 8.759200096130371094e+00 3.162496647084061530e-01 -8.712547284815287396e-01 -3.753682827176508807e-01
-5.447653961181640625e+01 -1.966744422912597656e+01 3.553189992904663086e+00 -9.086818642908482957e-01 -3.915426170252868099e-01 -1.448849493974369296e-01
-1.515239810943603516e+01 -4.634973526000976562e+01 -4.221158981323242188e+00 8.183215883879080277e-02 1.293920441285437151e-01 9.882111093769488930e-01
-1.725354957580566406e+01 -5.284676361083984375e+01 7.243069171905517578e+00 2.973595985331334290e-01 8.977950119933911788e-01 3.248713369935859463e-01
-2.168675231933593750e+01 -4.018846893310546875e+01 -9.379622459411621094e+00 -1.731326398594825733e-01 -3.482410365396905183e-01 -9.212780630651359326e-01
-4.133236694335937500e+01 -3.067837142944335938e+01 -2.315363883972167969e+00 7.042039190005172644e-01 5.401263401938690700e-01 4.608257556746258032e-01
2.762653923034667969e+01 -4.555434036254882812e+01 -3.314505100250244141e+00 4.918298103232570662e-01 -7.906799311186235579e-01 -3.645938619939148584e-01
1.867187690734863281e+01 -5.383762359619140625e+01 7.004755020141601562e+00 3.091540532101799132e-01 -9.000648725409255979e-01 -3.070944424791902105e-01
-2.473112869262695312e+01 -2.891341018676757812e+01 -6.268489837646484375e+00 5.799212824321234305e-02 9.367567416061357843e-02 9.939123608912292518e-01
1.438091945648193359e+01 -5.564110565185546875e+01 1.520671081542968750e+01 -2.867088526837534013e-01 7.621303390162402769e-01 5.804785785399462217e-01
3.686084365844726562e+01 -3.738938522338867188e+01 6.431527137756347656e+00 -7.276906712951666245e-01 6.549755437308137918e-01 2.036500037429772036e-01
-2.025617790222167969e+01 -5.319272613525390625e+01 1.125386905670166016e+01 3.189966932538612077e-01 8.809366271246843461e-01 3.495593922115192709e-01
9.617566108703613281e+00 -1.783908843994140625e+01 -7.915338039398193359e+00 5.400128551128276222e-02 8.418105905694862889e-02 9.949861358125445809e-01
3.284547042846679688e+01 -2.185644340515136719e+01 -1.626448631286621094e+01 -4.027495499268987644e-01 3.707787921219519167e-01 -8.368487840382315968e-01
1.570179367065429688e+01 -1.036754035949707031e+01 -8.675765037536621094e+00 -8.497672794746105596e-02 8.104819856412480428e-02 9.930811372777419432e-01
-3.098607826232910156e+01 -3.238814163208007812e+01 -4.983810901641845703e+00 1.974053508994864647e-01 2.545349701506391393e-01 9.467011547508875635e-01
-4.958969879150390625e+01 4.820561885833740234e+00 -7.599526882171630859e+00 -7.037988394994102448e-01 2.682086410170160251e-01 -6.578231665144430584e-01
-2.941271400451660156e+01 -6.774389266967773438e+00 -7.111281871795654297e+00 8.721859183367552948e-02 -1.921285404379200965e-02 9.960039073608308868e-01
1.050795841217041016e+01 -5.728067398071289062e+01 1.574901962280273438e+01 -2.005663253018270253e-01 7.754960106547758025e-01 5.986477149488249605e-01
-4.643178939819335938e+00 -1.013508987426757812e+01 -6.625901222229003906e+00 9.493706927192931133e-02 1.312321126918095382e-01 9.867953614992832634e-01
3.573809051513671875e+01 -4.582012557983398438e+01 1.510998344421386719e+01 6.432409250758927000e-01 -6.630183340980912998e-01 -3.829462115719405868e-01
1.181408214569091797e+01 -3.717157745361328125e+01 -1.493960857391357422e+01 1.600798175923913991e-01 -8.575324568676873094e-01 4.888890849855972442e-01
1.118015050888061523e+00 -6.049677658081054688e+01 1.729208755493164062e+01 -4.779686459874720600e-02 5.138248789355653878e-01 8.565625800380148869e-01
3.715237140655517578e+00 -4.004338073730468750e+01 -6.013927936553955078e+00 3.109912425524546248e-02 2.033551185076953871e-01 9.786110260196734245e-01
5.715256500244140625e+01 -1.525127029418945312e+01 1.778824424743652344e+01 9.594033458958786120e-01 -2.796521838232905455e-01 3.660431622988566391e-02
-1.011777687072753906e+01 -5.013139843940734863e-01 -8.863218307495117188e+00 -7.653904742504007430e-01 4.674650958988664229e-01 -4.423277134015122236e-01
2.240059852600097656e+01 -3.476094818115234375e+01 -6.334909915924072266e+00 -1.982172518445862175e-01 1.045559131547541404e-01 9.745655350439780262e-01
-4.946801376342773438e+01 -2.883867835998535156e+01 3.405848026275634766e+00 -7.061587530542977609e-01 -6.000357159538785012e-01 -3.758948723573066752e-01
-2.177069091796875000e+01 -1.495770931243896484e+00 -1.274769401550292969e+01 7.979140193956091309e-02 7.067073419062472328e-02 -9.943032633485004990e-01
-8.472229838371276855e-01 -5.535533905029296875e+01 7.833626747131347656e+00 -1.852234893726214734e-02 9.508726270228404776e-01 3.090277815480805823e-01
-2.137028694152832031e+01 -4.693795394897460938e+01 -2.559442043304443359e+00 3.675889129705699476e-01 7.942944000995431075e-01 4.837094138339894656e-01
2.939824676513671875e+01 -3.091445159912109375e+01 -6.122341156005859375e+00 -9.314038466605988054e-02 1.286735473273632469e-01 9.873033915481357337e-01
-4.885022354125976562e+01 -2.397464179992675781e+01 -4.523461818695068359e+00 -8.286724536447516165e-01 -3.869313340474150875e-01 -4.044577942167446594e-01
4.989624023437500000e+01 -2.468558883666992188e+01 1.640209197998046875e+01 -7.768975221862572944e-01 4.169763465890157783e-01 4.717636764378228542e-01
8.690031051635742188e+00 -5.323043060302734375e+01 -3.474466085433959961e+00 1.047954701767181557e-01 -9.061004452316356872e-01 -4.098778996011765430e-01
2.478373527526855469e+01 -5.361031341552734375e+01 1.414506053924560547e+01 3.999581479502438697e-01 -8.060890656731772852e-01 -4.361810382058748936e-01
2.007951021194458008e+00 -2.002062606811523438e+01 -7.330977916717529297e+00 7.005736095244971540e-02 6.312939683717709582e-02 9.955433920384145763e-01
3.788749313354492188e+01 -2.595717048645019531e+01 -8.975297927856445312e+00 3.476387158336417538e-01 -2.242510179355104716e-01 -9.104168299237573869e-01
-8.060884475708007812e+00 -2.506429910659790039e+00 -6.653404235839843750e+00 -3.285649768813321547e-02 2.345467858162448849e-01 9.715494098721579874e-01
2.789829826354980469e+01 -1.481952190399169922e+01 -8.100262641906738281e+00 -1.463598497366425943e-01 6.589390449768173230e-02 9.870343396939731395e-01
5.273190021514892578e+00 -3.343468856811523438e+01 -1.309097671508789062e+01 -6.794515986777892314e-02 8.613072653762265940e-01 -5.035208534516405487e-01
2.812736320495605469e+01 -6.658584117889404297e+00 -8.217447280883789062e+00 -1.027720296590573790e-01 -3.230767248277458675e-02 9.941801266463252684e-01
-5.312277793884277344e+00 -3.917854309082031250e+01 -1.168647289276123047e+01 -4.608432390418724933e-02 -5.742751076243381991e-01 -8.173642614240903548e-01
4.415083312988281250e+01 -3.536528015136718750e+01 1.207544231414794922e+01 7.370957663361258350e-01 -6.090361254214119446e-01 -2.928563285657898030e-01
-1.218142986297607422e+01 -5.219227218627929688e+01 -4.944891929626464844e+00 -1.507576704879250440e-01 -8.250810408998067169e-01 -5.445304405969839667e-01
-3.443065261840820312e+01 -4.076615142822265625e+01 1.907338023185729980e+00 4.238715725355155506e-01 4.658307815270893437e-01 7.767461444887450162e-01
-1.805805587768554688e+01 -2.158777236938476562e+01 -1.273045063018798828e+01 3.103807201940285768e-02 5.017078085417591565e-02 -9.982582485678745954e-01
2.097960281372070312e+01 -3.559013748168945312e+01 -1.055153274536132812e+01 2.396410816445206926e-01 -3.484958613849094000e-01 -9.061582569208505022e-01
-1.108347988128662109e+01 -6.008458709716796875e+01 1.789222526550292969e+01 1.101795419826540751e-01 5.218487755439767950e-01 8.458926196579237278e-01
3.360572433471679688e+01 -3.958415222167968750e+01 2.595484018325805664e+00 -6.610822958925562931e-01 7.121483764415642570e-01 2.362517470603563985e-01
-2.772020149230957031e+01 -4.248804473876953125e+01 -3.233313083648681641e+00 3.358689357451832280e-01 4.633576143731793495e-01 8.200559610196086480e-01
2.934594726562500000e+01 -2.753628540039062500e+01 -1.465487194061279297e+01 5.669512343767921791e-01 -6.148365834210282044e-01 5.482173597450090696e-01
-3.064259338378906250e+01 3.462864875793457031e+00 -8.565648078918457031e+00 2.325065229182503301e-01 9.719747414068964364e-01 -3.472490269909916244e-02
5.049544906616210938e+01 -1.539020633697509766e+01 -3.200994014739990234e+00 8.989249641991046147e-01 -2.726987522829954491e-01 -3.428837984550105467e-01
4.096454238891601562e+01 -3.288010787963867188e+01 -4.054172992706298828e+00 7.732134270916484198e-01 -5.443082958252422054e-01 -3.253758984021539735e-01
3.152107000350952148e+00 -5.820796203613281250e+01 1.502073860168457031e+01 -1.019033169626598900e-01 7.985791296906886716e-01 5.932007144419750855e-01
5.502385139465332031e+00 -2.697867774963378906e+01 -1.219342899322509766e+01 2.825161563232475581e-02 -1.088184152194866527e-01 -9.936601022096452906e-01
2.831718826293945312e+01 -4.781493377685546875e+01 5.383044242858886719e+00 5.424131621379669754e-01 -7.990120877623178020e-01 -2.595527791205360923e-01
-5.206264019012451172e+00 -5.648566055297851562e+01 3.469273090362548828e+00 1.390768055195363423e-02 -9.467943399519586078e-01 -3.215385735127276323e-01
-4.008052062988281250e+01 -1.203606986999511719e+01 -1.649876785278320312e+01 -8.689137588555232439e-01 -3.782164497228014399e-01 3.192823152488175054e-01
6.152978897094726562e+00 -5.969827651977539062e+01 1.724874877929687500e+01 -9.798288949167768824e-02 5.100438025987715784e-01 8.545493975174558443e-01
-2.053324937820434570e+00 -5.836020660400390625e+01 1.493244266510009766e+01 3.504874082444694311e-02 8.427053167337977824e-01 5.372330359492146767e-01
-2.559832763671875000e+01 -4.953390884399414062e+01 6.992394924163818359e+00 -3.009461823842979888e-01 5.958093679020430855e-01 7.446090198409395233e-01
-3.954640579223632812e+01 -1.423591017723083496e+00 -1.736564254760742188e+01 3.222594864998056252e-01 1.324135978279137038e-01 -9.373449004881548863e-01
-2.224401664733886719e+01 -5.318872833251953125e+01 4.967308998107910156e+00 -3.716210507669436836e-01 -8.651810853794432710e-01 -3.366890020902391090e-01
-5.151428985595703125e+01 -1.928248786926269531e+01 -3.747359037399291992e+00 -8.033861393392808248e-01 -3.855653891759149299e-01 -4.537731170829215066e-01
2.376317024230957031e+01 -4.776845550537109375e+01 -3.528203964233398438e+00 4.819053732949651336e-01 -8.040857931788183421e-01 -3.481569307042887140e-01
-3.506541061401367188e+01 -2.038354682922363281e+01 -5.913230895996093750e+00 1.199325743447168108e-01 9.294329706149691284e-02 9.884218336026311391e-01
1.948768997192382812e+01 -8.945154190063476562e+00 -1.180924606323242188e+01 4.100110889105036682e-02 7.595616249598180492e-02 -9.962678206429174121e-01
3.623456001281738281e+00 -5.112174606323242188e+01 -2.580729961395263672e+00 -1.023134014327033575e-01 9.082103749547215665e-01 4.058150843818825737e-01
1.611949157714843750e+01 -6.800479888916015625e-01 -1.093006229400634766e+01 1.957533396665268599e-01 9.568073810831866366e-01 -2.149424702429345024e-01
-4.601059722900390625e+01 -3.028859901428222656e+01 -2.702780961990356445e+00 -7.640825240932200835e-01 -5.501702231339511417e-01 -3.368836920245208422e-01
3.196025848388671875e+01 -1.941711044311523438e+01 -7.270493984222412109e+00 -1.830052817573986357e-01 9.661400700127208141e-02 9.783531062454154936e-01
-4.459662628173828125e+01 -1.249165058135986328e+00 -5.355708122253417969e+00 1.511734717442282938e-01 2.084198084204365049e-03 9.885050518632380046e-01
1.795293617248535156e+01 -1.450978851318359375e+01 -1.216103458404541016e+01 2.166611335653542431e-03 1.614625865806432192e-02 -9.998672932577938877e-01
4.935200500488281250e+01 -7.838075160980224609e+00 -7.401096820831298828e+00 4.475989824362835989e-01 -5.741753795271541116e-02 -8.923891400378267669e-01
-4.389364624023437500e+01 -2.631769752502441406e+01 -3.032228946685791016e+00 6.917338165772400904e-01 4.304622533959777675e-01 5.798332306833943184e-01
-4.015862274169921875e+01 -3.516779708862304688e+01 2.151829957962036133e+00 6.827584440663049259e-01 6.470737990886469282e-01 3.393175586219252526e-01
7.396469116210937500e+00 -3.018561553955078125e+01 -7.354290962219238281e+00 1.267707322443747606e-02 1.416694791725686964e-01 9.898328396681104202e-01
2.117013549804687500e+01 -7.556345939636230469e+00 -8.354255676269531250e+00 1.166607471430965333e-02 -9.299210703572675929e-02 9.955984987583177404e-01
1.489152717590332031e+01 -4.474145126342773438e+01 -4.913721084594726562e+00 -9.731342153006744544e-02 1.760742676406416296e-01 9.795549756215438109e-01
3.562617492675781250e+01 -2.304766654968261719e+01 -1.012105655670166016e+01 3.383305245216802204e-01 -2.380664517123959323e-01 -9.104157406075282788e-01
2.573626136779785156e+01 -4.669316864013671875e+01 7.413174152374267578e+00 -5.300161966884286979e-01 8.133914857345442284e-01 2.397438678725354322e-01
4.070634841918945312e+00 -1.378109931945800781e+00 -7.173050880432128906e+00 2.787546013722076443e-01 -1.781956711766393975e-01 9.436854216250925020e-01
4.550801849365234375e+01 -2.866731071472167969e+01 9.657660126686096191e-01 8.233470613497116952e-01 -5.486557426063352061e-01 -1.451774523536109307e-01
-5.438813209533691406e+00 -5.114406967163085938e+01 -6.985334873199462891e+00 -2.544014004372936733e-02 -4.707834521941333117e-01 -8.818819311079740819e-01
1.536219406127929688e+01 -3.965143918991088867e+00 -8.648717880249023438e+00 -7.293134362049832897e-02 -8.386846100612718735e-02 9.938043571881604032e-01
4.558114242553710938e+01 -2.096757125854492188e+01 -6.939226150512695312e+00 5.212580341394138506e-01 -2.518245995600242315e-01 -8.153983277524838869e-01
5.327744007110595703e+00 -5.481354904174804688e+01 -7.487249970436096191e-01 1.061811551148235389e-01 -9.577539777564072487e-01 -2.672693031200204516e-01
2.997329902648925781e+01 -4.248961639404296875e+01 2.396726131439208984e+00 -6.027946957331727917e-01 7.775056682779154515e-01 1.792302725313539846e-01
2.221334075927734375e+01 -4.853674316406250000e+01 6.097651004791259766e+00 -4.591366660056505622e-01 8.314943070590052887e-01 3.127470851305897970e-01
1.411640167236328125e+01 -3.960955047607421875e+01 -6.104657173156738281e+00 -4.132622617943294135e-02 1.301460579500972603e-01 9.906332048895879483e-01
4.241408538818359375e+01 -3.844285964965820312e+00 -1.588170814514160156e+01 8.754358430100396271e-01 8.657861097421977459e-02 -4.755168019061745133e-01
-3.256886959075927734e+00 -5.169395065307617188e+01 -1.810492992401123047e+00 1.068639122253368101e-01 8.656510302307733884e-01 4.891098017054003599e-01
-5.268000411987304688e+01 -1.735756111145019531e+01 5.375298023223876953e+00 6.782786848420687686e-01 2.042214299282880952e-01 7.058552495001783056e-01
5.250094985961914062e+01 -2.182411575317382812e+01 1.190579414367675781e+01 8.468536600375836665e-01 -4.139392325922618410e-01 -3.339059601173329783e-01
2.617004966735839844e+01 -4.799128341674804688e+01 1.263183307647705078e+01 -5.787837944791353051e-01 7.686347551157803881e-01 2.724150004614984133e-01
-2.556221961975097656e+00 -2.913947105407714844e+01 -7.170472145080566406e+00 3.183886582174766389e-02 1.298026752616155410e-01 9.910285324440021304e-01
-1.873784065246582031e+01 -3.131982421875000000e+01 -6.387979984283447266e+00 8.130621800350987249e-02 1.367036514020877058e-01 9.872696747126907812e-01
2.128181076049804688e+01 -3.064991760253906250e+01 -1.628215789794921875e+01 -2.566469825966981033e-01 3.587146413519957666e-01 -8.974720788992375242e-01
-2.596752738952636719e+01 -7.267446994781494141e+00 -1.297045421600341797e+01 9.755461242027727714e-03 2.133024252748222729e-02 -9.997248880215366951e-01
4.995391464233398438e+01 -1.289178657531738281e+01 1.213387966156005859e+00 -9.115278154300222591e-01 3.066911783302516681e-01 2.739663534665759403e-01
3.630143356323242188e+01 -3.518475723266601562e+01 -1.573518037796020508e+00 -6.734742977437913058e-01 6.230285497748849766e-01 3.978288532068918193e-01
-1.135848045349121094e+01 -1.131011962890625000e+01 -6.629887104034423828e+00 -1.200178568076238211e-01 -1.387322337200118383e-01 9.830305597357391623e-01
4.339753723144531250e+01 -1.704836082458496094e+01 -5.164516925811767578e+00 -2.551105984895541967e-01 9.417399482043385672e-02 9.623148347801058211e-01
-3.326133346557617188e+01 -2.633647918701171875e+01 -5.606728076934814453e+00 7.521826381807425466e-02 1.354804692068469485e-01 9.879206725500215835e-01
-1.051287841796875000e+01 -5.457876968383789062e+01 7.608301162719726562e+00 6.431153138176461115e-02 9.493053923969246854e-01 3.077065142265489328e-01
3.145541954040527344e+01 -1.792759704589843750e+01 -1.178040599822998047e+01 -6.520164647238587685e-01 5.030682730017937976e-01 -5.672714010312820410e-01
-4.471849060058593750e+01 -1.679662895202636719e+01 -8.681480407714843750e+00 -3.181248955928214772e-01 -1.125134457914284403e-01 -9.413486470592050681e-01
-4.243900299072265625e+01 -3.608667373657226562e+01 -5.373539924621582031e-01 -7.070440814006214714e-01 -6.602245649613222023e-01 -2.533617784473107815e-01
5.230215072631835938e+00 -4.993080902099609375e+01 -7.539665222167968750e+00 2.923340366438703999e-02 -4.001994592396174166e-01 -9.159616809313110286e-01
3.126068687438964844e+01 -1.927176952362060547e+00 -1.042558574676513672e+01 1.026574169090048588e-01 9.365247989604453815e-01 -3.352353735596350637e-01
5.363304901123046875e+01 -1.005046463012695312e+01 1.218921375274658203e+01 -1.579657872960375520e-01 9.815954275773524085e-01 1.073183423426663369e-01
2.366214179992675781e+01 -4.303800201416015625e+01 -7.815650939941406250e+00 1.882800140577371439e-01 -3.258156783831993031e-01 -9.264959687047288339e-01
-4.434241867065429688e+01 -2.151687812805175781e+01 -3.954903125762939453e+00 2.021427635804247391e-01 8.533365175004700709e-02 9.756313192036580872e-01
2.147371292114257812e+01 -1.558035373687744141e+01 -8.632138252258300781e+00 5.052656940774782890e-02 -5.458577098328021120e-03 9.987077999695134212e-01
-1.403990745544433594e+01 -2.532115936279296875e+00 -8.948636054992675781e+00 5.192697154435969020e-01 8.531551927791796164e-01 4.985157627444503775e-02
-2.482690095901489258e+00 -7.870460987091064453e+00 -1.203890132904052734e+01 -3.053418661995897787e-02 -1.059326551507640962e-02 -9.994775866287270993e-01
-4.137291717529296875e+01 5.908658027648925781e+00 -1.741981124877929688e+01 1.040210961175950244e-01 3.500431203101259103e-01 -9.309400762057915557e-01
-1.306770515441894531e+01 -1.743354225158691406e+01 -7.013320922851562500e+00 -4.099229463393540968e-02 -2.121554761968676150e-02 9.989341981931750825e-01
2.096392250061035156e+01 -1.866922950744628906e+01 -1.184925365447998047e+01 1.528267331960362629e-01 -8.522394772415577135e-02 -9.845714135373511144e-01
1.194486808776855469e+01 -1.382001042366027832e+00 -1.176789569854736328e+01 2.770913903605281073e-02 4.300689983582901832e-02 -9.986904476264862884e-01
-9.266309738159179688e-01 -5.284659957885742188e+01 5.927489995956420898e-01 1.808395347286782459e-02 9.347156650303102277e-01 3.549360451880536060e-01
-2.133508872985839844e+01 -2.967180633544921875e+01 -1.757610130310058594e+01 2.335384388747194229e-01 3.251901251655879843e-01 -9.163575612514734958e-01
3.703668117523193359e+00 -2.678195762634277344e+01 -7.527979850769042969e+00 5.095195768631446964e-02 -5.345943932417018124e-02 9.972692647199538074e-01
-5.269739532470703125e+01 -2.106991004943847656e+01 8.899189829826354980e-01 -8.479793653870599801e-01 -4.100255946859626688e-01 -3.358720107126843546e-01
1.545403003692626953e+00 -3.593284225463867188e+01 -1.676530456542968750e+01 1.569881040461847468e-02 3.555435921301349778e-01 -9.345278494764508448e-01
1.602148818969726562e+01 -3.333732223510742188e+01 -7.014351844787597656e+00 -1.070663099379357518e-02 5.599520498463989027e-02 9.983736299960506155e-01
1.955932426452636719e+01 -2.432253074645996094e+01 -1.163154506683349609e+01 6.269142828225235387e-02 -2.753103396135489489e-02 -9.976531596646953659e-01
-2.361722946166992188e+01 -3.467752838134765625e+01 -1.072099590301513672e+01 -1.714869189473581523e-01 -2.938701573986770010e-01 -9.403364117274302103e-01
-3.512654495239257812e+01 -2.024229049682617188e+01 -1.541207695007324219e+01 -6.914512618702505220e-01 -4.663963939722646224e-01 5.516969785558974992e-01
1.357004261016845703e+01 -5.524686431884765625e+01 5.966343879699707031e+00 2.871809603463310601e-01 -8.873931695319245971e-01 -3.606389589085516323e-01
3.634141921997070312e+01 -4.243995285034179688e+01 8.785213470458984375e+00 6.412720136097953549e-01 -7.168561645818193329e-01 -2.736557031415238761e-01
3.883312940597534180e+00 -5.823634338378906250e+01 8.226414680480957031e+00 3.904394318975434874e-02 -9.337624846781242827e-01 -3.557572103386393292e-01
-2.551890563964843750e+01 2.947574138641357422e+00 -1.157252788543701172e+01 2.461207960870361033e-01 9.616902669925253555e-01 1.207326969189744942e-01
-1.722265243530273438e+01 -1.151105690002441406e+01 -1.292826843261718750e+01 6.498221872954546008e-02 7.629007967634056364e-03 -9.978572590738692405e-01
5.250229835510253906e+00 -5.048484802246093750e+00 -8.311594009399414062e+00 2.436888230230347674e-01 -4.860475857082017376e-02 9.686347789429824440e-01
2.261827087402343750e+01 -3.121220779418945312e+01 -6.900681018829345703e+00 -1.032327297057090698e-01 1.514636445065273007e-01 9.830573573857774861e-01
2.972426795959472656e+01 -4.110368347167968750e+01 -1.630324006080627441e+00 -5.781246719336502471e-01 7.151145246590112636e-01 3.929161237762147096e-01
-1.715157890319824219e+01 -3.541550445556640625e+01 -1.688274002075195312e+01 -3.878714096814358525e-01 -8.985039251166598850e-01 2.055394514483563084e-01
3.923947525024414062e+01 -3.531714630126953125e+01 7.708943843841552734e+00 -7.527793230937890323e-01 6.132279352820371177e-01 2.393215203699542437e-01
-4.140101242065429688e+01 -2.989105033874511719e+01 -7.268250942230224609e+00 -3.374822113612871988e-01 -2.829384786500322435e-01 -8.978037504454414730e-01
-3.927976608276367188e+01 -1.137388134002685547e+01 -5.864387035369873047e+00 1.226922297924151056e-01 1.216887128655316785e-02 9.923701604341882421e-01
3.681235885620117188e+01 -2.955484962463378906e+01 -4.862083911895751953e+00 -1.913635335843692220e-01 1.916666333372805120e-01 9.626234464624557896e-01
-3.013078927993774414e+00 -5.905356216430664062e+01 9.556186676025390625e+00 -1.685821066413458955e-02 -9.126937069082493581e-01 -4.082964585975271121e-01
4.881815719604492188e+01 -1.728836822509765625e+01 2.240886926651000977e+00 -8.991542633658718975e-01 3.691487405810569555e-01 2.350549254927362108e-01
1.217267036437988281e+00 -1.300000381469726562e+01 -1.228281784057617188e+01 2.874586760058090579e-02 1.100993313629213266e-01 -9.935048124339044273e-01
1.076727986335754395e+00 -3.232759094238281250e+01 -6.879449844360351562e+00 3.270431580515182485e-02 1.365751613677500254e-01 9.900897196845799275e-01
-3.812319183349609375e+01 -1.556531524658203125e+01 -1.610311317443847656e+01 -7.708105231723231254e-01 -4.380403236560860836e-01 4.625708726434046847e-01
3.370200347900390625e+01 -4.408725357055664062e+01 6.844326972961425781e+00 6.543590080368281159e-01 -7.083697491370369859e-01 -2.646253712488462195e-01
4.319108200073242188e+01 -1.563319969177246094e+01 -9.071501731872558594e+00 2.069919519522475104e-01 -1.602390623858919727e-01 -9.651309624671092768e-01
1.131525135040283203e+01 -5.156752014160156250e+01 -5.423549175262451172e+00 2.049055005466420831e-01 -8.407283367319442480e-01 -5.011881878712511895e-01
-4.920127487182617188e+01 -2.053501510620117188e+01 8.766790032386779785e-01 8.006133319914565671e-01 4.165821560846770244e-01 4.306711040566566506e-01
-2.715986013412475586e+00 -4.210799407958984375e+01 -5.693481922149658203e+00 1.888323364855422348e-02 1.137984064701376558e-01 9.933243912095540695e-01
-5.157196044921875000e+00 -1.908041954040527344e+00 -1.184340000152587891e+01 2.947730559710985340e-02 4.866792709172741010e-02 -9.983799483800387398e-01
-1.928387641906738281e+01 -4.508850097656250000e+01 -8.077370643615722656e+00 -1.052372116363950727e-01 -3.109197813218106954e-01 -9.445919853935845767e-01
-1.706928825378417969e+01 -5.172116088867187500e+01 -3.525780916213989258e+00 -2.254024669503601197e-01 -8.734532955906002538e-01 -4.315936379450132088e-01
2.996916580200195312e+01 -4.105179214477539062e+01 -6.849010944366455078e+00 3.231785481825594775e-01 -3.930056079717652584e-01 -8.608729395778196292e-01
3.670771789550781250e+01 -3.410490989685058594e+00 -7.224034786224365234e+00 -1.567912175636214933e-01 -4.748527705832696760e-02 9.864895653566797540e-01
-1.185761642456054688e+01 -4.885930252075195312e+01 -4.089104175567626953e+00 1.265622889666651041e-01 5.112066743323178120e-01 8.500880678668593093e-01
2.946661949157714844e+00 -1.656438064575195312e+01 -1.266056442260742188e+01 4.835529681015868914e-02 2.037869595302644055e-01 -9.778203518007853035e-01
3.412623214721679688e+01 -3.211064910888671875e+01 -8.612436294555664062e+00 2.677009739831922031e-01 -2.704368788453526684e-01 -9.247702866597922178e-01
5.636528396606445312e+01 -1.084449768066406250e+01 1.509019947052001953e+01 3.052978847530172235e-01 9.508996962309910206e-01 5.082292074588320996e-02
4.368799591064453125e+01 -7.505877017974853516e+00 -9.675605773925781250e+00 3.282354345950714292e-01 -8.392230598808182729e-02 -9.408605348476614116e-01
4.619624137878417969e+00 -1.367038917541503906e+01 -7.225561141967773438e+00 9.225824964874269896e-02 9.759578366870035049e-02 9.909407037668008789e-01
1.245135211944580078e+01 -5.349444961547851562e+01 8.570362091064453125e+00 -2.439881822605588224e-01 9.279445235004317727e-01 2.817600543418899428e-01
-2.984293365478515625e+01 -3.612012481689453125e+01 -4.423368930816650391e+00 1.861077298726851736e-01 1.830280515715774770e-01 9.653313655007526028e-01
-3.143635368347167969e+01 -1.485529899597167969e+01 -1.438082122802734375e+01 8.055688690523031825e-01 4.246533891299826280e-01 -4.131928076748341838e-01
4.865810012817382812e+01 -2.948662757873535156e+01 1.291171264648437500e+01 8.487699451345067647e-01 -3.989798267856481950e-01 -3.469937723568829457e-01
1.937053108215332031e+01 -5.511332321166992188e+01 1.725898742675781250e+01 -2.724384772556656120e-01 5.873553195400260662e-01 7.620964536846027704e-01
1.304015731811523438e+01 -5.208695602416992188e+01 4.917815208435058594e+00 -2.733092500897837951e-01 9.137730255258196266e-01 3.005343767969810287e-01
-1.219631385803222656e+01 -3.332915878295898438e+01 -1.710484123229980469e+01 9.580534713111785172e-02 1.411691917689089637e-01 -9.853388223126088308e-01
2.988669013977050781e+01 -4.987319564819335938e+01 1.361025810241699219e+01 5.380983788281937796e-01 -7.777264223501746399e-01 -3.249488370203338916e-01
3.638827133178710938e+01 -5.603816032409667969e+00 -1.149235725402832031e+01 -8.513045278377104896e-01 1.519069518836290988e-01 -5.022000386822342843e-01
3.430706787109375000e+01 -3.332403182983398438e+01 -4.683435916900634766e+00 -1.678952762571825075e-01 1.541974969813875163e-01 9.736705336689610579e-01
-8.225089073181152344e+00 -5.557542037963867188e+01 9.844442367553710938e+00 1.573593116654372626e-01 9.188184394820166911e-01 3.619540334075743715e-01
3.466477203369140625e+01 -4.031026077270507812e+01 -3.102982044219970703e+00 6.371805342424002871e-01 -7.174775399630202166e-01 -2.814728165048659414e-01
-9.703722000122070312e+00 -5.336972045898437500e+01 4.165884017944335938e+00 1.753294324060678810e-01 9.274454823369479017e-01 3.303096538476464339e-01
3.104528236389160156e+01 -4.529501724243164062e+01 3.805692911148071289e+00 5.796118083286299072e-01 -7.770417232943108710e-01 -2.454716112014240226e-01
-2.546157073974609375e+01 -4.596242904663085938e+01 -5.665770173072814941e-01 4.287304839220187902e-01 8.241006751913033668e-01 3.702002826919899570e-01
5.396448898315429688e+01 -1.179114627838134766e+01 6.144135951995849609e+00 9.262913608795451115e-01 -2.589366551786441151e-01 -2.737446316639215449e-01
-1.111811995506286621e+00 -2.392791175842285156e+01 -1.258892726898193359e+01 3.184503957694290177e-02 -4.235470757885122922e-02 -9.985949990863427495e-01
-2.287939643859863281e+01 -1.308907890319824219e+01 -1.283140945434570312e+01 -3.948554581495681962e-04 2.537351650834353267e-02 -9.996779625205149955e-01
-2.821047592163085938e+01 -5.001987075805664062e+01 4.844181060791015625e+00 -7.744451690326145110e-01 -5.630856021545064261e-01 2.883908542383792906e-01
-3.334948730468750000e+01 -1.219161605834960938e+01 -1.748882675170898438e+01 3.508986079251770751e-01 1.404537445282449948e-01 -9.258201297250817641e-01
3.101880645751953125e+01 -8.423571586608886719e+00 -7.806343078613281250e+00 -3.767807813108779019e-02 4.974039030196555217e-02 9.980512291465583052e-01
5.220121383666992188e+01 -1.651504898071289062e+01 4.674891948699951172e+00 9.223112272765011665e-01 -3.089542675189205778e-01 -2.321406052838700662e-01
-4.733386611938476562e+01 -1.575770950317382812e+01 -4.010714054107666016e+00 1.967208165652491736e-01 1.014948922444713492e-01 9.751921385953563615e-01
6.301681995391845703e+00 -1.652514457702636719e+01 -1.265579414367675781e+01 7.771215550988157250e-02 -5.286224417427935057e-02 -9.955734046401936155e-01
1.699232101440429688e+01 -5.269381332397460938e+01 1.137101745605468750e+01 -3.773661000633956042e-01 8.895430094732341697e-01 2.575035161318089960e-01
4.750214004516601562e+01 -2.421106719970703125e+01 9.713599205017089844e+00 -8.767441913377244100e-01 4.263043778258144290e-01 2.226751005436057584e-01
2.566471481323242188e+01 -2.125508117675781250e+01 -1.129668617248535156e+01 6.615016664604436714e-02 -4.550032374880184222e-02 -9.967717271228426767e-01
5.238725280761718750e+01 -1.682406806945800781e+01 1.475381469726562500e+01 -8.285047194225722000e-01 3.199910789614254791e-01 4.595493872040607441e-01
4.517599487304687500e+01 -2.265142250061035156e+01 -1.168846011161804199e+00 -8.202035453522981134e-01 4.212193089403828417e-01 3.870922861118613056e-01
2.260861778259277344e+01 -2.318717002868652344e+01 -7.890956878662109375e+00 -9.035638821649495667e-02 1.247518017649562327e-01 9.880651350315257098e-01
-1.541744518280029297e+01 -2.821361160278320312e+01 -6.752225875854492188e+00 5.124908371655115952e-02 1.174915064256067121e-01 9.917506124707238246e-01
-1.675622558593750000e+01 -6.037599182128906250e+01 1.586458778381347656e+01 -2.294635506649849443e-01 -8.290775737696000069e-01 -5.098792558915603568e-01
1.170030021667480469e+01 -4.806228256225585938e+01 -7.817453861236572266e+00 4.028548105003216390e-02 -3.420055749508914000e-01 -9.388339931633694624e-01
-6.822805881500244141e+00 -5.075156021118164062e+01 -2.937179088592529297e+00 1.479929368034217929e-01 8.973858276765352970e-01 4.156883050334687080e-01
4.715716171264648438e+01 -2.689102554321289062e+01 3.700074911117553711e+00 8.348653585675147593e-01 -5.279950527410456340e-01 -1.556311580144396078e-01
-1.033550071716308594e+01 -2.667653274536132812e+01 -1.238142967224121094e+01 4.563295240659329816e-02 6.216005903663267274e-02 -9.970224474480100518e-01
9.345604896545410156e+00 -5.648237991333007812e+01 6.405531883239746094e+00 1.979055089850497440e-01 -9.058731970478214324e-01 -3.744691714730696841e-01
1.101477432250976562e+01 -3.065369606018066406e+01 -1.188239955902099609e+01 -3.959408540248136182e-02 7.106396834278766450e-02 -9.966856178376992670e-01
5.435020828247070312e+01 -1.599260807037353516e+01 1.114993190765380859e+01 9.016598280468778315e-01 -2.764271467254378334e-01 -3.325621551525491104e-01
-3.878416824340820312e+01 -3.966843128204345703e+00 -6.101084232330322266e+00 1.897476282472805031e-01 1.949415319773901631e-02 9.816393510682193124e-01
1.929659080505371094e+01 -4.817438507080078125e+01 2.506340146064758301e-01 -3.427596655757048638e-01 8.682703346935771727e-01 3.586397043629362402e-01
-1.077382183074951172e+01 -5.003870773315429688e+01 -7.032743930816650391e+00 -8.810911613246985574e-02 -4.601470972108193669e-01 -8.834599213223041092e-01
5.988828182220458984e+00 -3.634061050415039062e+01 -1.701142501831054688e+01 -4.907549452437582477e-02 4.875432233289250239e-01 -8.717185332567100042e-01
-9.271736145019531250e+00 -5.234838867187500000e+01 1.031126976013183594e+00 1.760362314791845406e-01 9.157303914652775712e-01 3.611773738116171861e-01
3.342665100097656250e+01 -8.140809059143066406e+00 -1.075761032104492188e+01 6.001581650154134973e-02 1.279507692526469197e-02 -9.981154180635273265e-01
5.503897857666015625e+01 -1.141294670104980469e+01 9.466889381408691406e+00 9.346454076343524431e-01 -2.238520401788740566e-01 -2.762756342781080288e-01
-1.748779296875000000e+01 -7.800076961517333984e+00 -7.137248992919921875e+00 -4.948492383593279531e-02 1.758617974440600121e-03 9.987733224189420111e-01
2.610841941833496094e+01 -2.953628730773925781e+01 -1.380706882476806641e+01 5.294918190546725745e-01 -7.065426578879132613e-01 4.695060022394356714e-01
-3.830015182495117188e+01 -7.981835842132568359e+00 -1.777447319030761719e+01 3.183532258343523269e-01 1.505225313806174414e-01 -9.359456133492122243e-01
-9.219844818115234375e+00 -4.288081741333007812e+01 -5.322464942932128906e+00 3.729206557898782914e-02 1.789545378651866137e-01 9.831503319545337183e-01
3.104582977294921875e+01 -1.376832294464111328e+01 -7.768379211425781250e+00 -1.017711299398899871e-01 1.288196558547510633e-02 9.947244302184462539e-01
2.432989501953125000e+01 -1.712007141113281250e+01 -8.408758163452148438e+00 -9.228757381451131725e-02 3.805559810003220078e-02 9.950049121349502368e-01
-2.500534057617187500e+00 -1.865560150146484375e+01 -1.277948188781738281e+01 1.139824447003418527e-02 2.395731148471656746e-02 -9.996480016733019225e-01
3.317611694335937500e+01 -4.768796539306640625e+01 1.439659881591796875e+01 5.827716340770097148e-01 -7.090594112121415549e-01 -3.970037454315805125e-01
-3.893304443359375000e+01 -1.569110679626464844e+01 -1.152129077911376953e+01 -5.773031413703076931e-01 -2.753772587418742424e-01 -7.686926878355129222e-01
-1.209777164459228516e+01 -3.203480911254882812e+01 -6.500383853912353516e+00 -1.746322847414485610e-02 3.879778358858734094e-02 9.990944738311151596e-01
4.499008178710937500e+01 -3.017315101623535156e+01 1.349753379821777344e+01 -7.896066875935954243e-01 5.094460638603279801e-01 3.420321431162409165e-01
-1.177332305908203125e+01 -2.045560836791992188e+01 -1.299744415283203125e+01 -3.136538117601632425e-02 -9.499625871378072905e-02 -9.949833786019078863e-01
2.407851982116699219e+01 -6.752632141113281250e+00 -1.149314022064208984e+01 -2.670483822615988406e-02 8.307283875283520691e-02 -9.961856027251447809e-01
-7.928898811340332031e+00 -3.607720851898193359e+00 -1.205718898773193359e+01 1.026699909743295919e-01 3.714469114455475063e-02 -9.940217024155493242e-01
3.716769027709960938e+01 -1.757418060302734375e+01 -1.438111019134521484e+01 7.016097260050166984e-01 -3.661171012960734439e-01 6.113117539469742345e-01
-2.042137145996093750e+01 -2.386345291137695312e+01 -1.265323257446289062e+01 -7.736604126982563577e-03 -2.671542766532549948e-02 -9.996131406105269734e-01
4.523705291748046875e+01 -1.175539207458496094e+01 -5.328373908996582031e+00 -1.806061467992380876e-01 -3.025358609470041836e-03 9.835508461404607328e-01
3.689008331298828125e+01 -8.124499320983886719e+00 -7.161214828491210938e+00 -1.387536457059757034e-01 3.633939852285000133e-02 9.896599789414028958e-01
1.599641036987304688e+01 -3.569798278808593750e+01 -1.464957809448242188e+01 3.144957004705826731e-01 -7.964270144235123805e-01 5.165234409801436888e-01
3.854132080078125000e+01 -1.935710716247558594e+01 -9.799008369445800781e+00 3.502875719308343738e-01 -1.818438416561397597e-01 -9.188206757591697027e-01
-4.583866119384765625e+01 -2.604447364807128906e+01 4.370909929275512695e-01 7.751225838180342276e-01 1.906155581887208073e-01 6.023708899271753570e-01
3.919436645507812500e+01 -3.558840942382812500e+01 -3.310914039611816406e+00 6.803089768644431379e-01 -6.302222135993017504e-01 -3.741652809703899796e-01
-3.559359908103942871e-01 -4.807212448120117188e+01 -4.634647846221923828e+00 2.557006405779193789e-02 1.391701743378925549e-01 9.899382982786558705e-01
-3.094038581848144531e+01 -1.967627525329589844e+01 -6.502470016479492188e+00 1.405424836295821878e-01 5.855008245225063607e-02 9.883418933446376231e-01
-5.123247146606445312e+01 -9.902539253234863281e+00 -2.202486991882324219e+00 8.451716286442063630e-01 1.875639195853601171e-01 5.005044397452197424e-01
3.835879516601562500e+01 -2.093173027038574219e+01 -5.951425075531005859e+00 -1.482559828280190228e-01 1.686524111249241564e-01 9.744621736001084500e-01
2.434048080444335938e+01 -4.934251785278320312e+01 2.521037101745605469e+00 4.311558543966871326e-01 -8.657701961940772462e-01 -2.540602223913295821e-01
-1.970765876770019531e+01 -5.692405700683593750e+01 1.119686222076416016e+01 -2.804267399124991123e-01 -8.698007313085439618e-01 -4.059649385811163746e-01
-4.529007911682128906e+00 -5.343719482421875000e+01 2.577290058135986328e+00 6.863953105950090783e-02 9.454172566979086589e-01 3.185511348492301442e-01
-1.230348587036132812e+01 -3.706843185424804688e+01 -1.603416633605957031e+01 -3.942788483252022136e-01 -8.980838272654574350e-01 1.949092839440453584e-01
-4.809082984924316406e+00 -5.746488571166992188e+01 1.352228260040283203e+01 1.342746288880205911e-02 9.114359085298096019e-01 4.112229175068071729e-01
-1.800660014152526855e+00 -5.630271148681640625e+01 1.074109363555908203e+01 1.812814625655337006e-02 9.484030564900367555e-01 3.165485946164618980e-01
-2.901179695129394531e+01 -2.332044410705566406e+01 -1.764039421081542969e+01 3.175149108191738234e-01 2.595634601512369355e-01 -9.120367819127743747e-01
-2.150992965698242188e+01 -4.304996490478515625e+01 -4.172851085662841797e+00 4.391372178836934481e-02 1.700950613757376551e-01 9.844487061976757714e-01
-7.801506996154785156e+00 -6.489737987518310547e+00 -6.663308143615722656e+00 1.412176340730986746e-01 8.530237993760275694e-02 9.862966510151889299e-01
1.523216438293457031e+01 -3.879758834838867188e+01 -1.046220397949218750e+01 1.298471763781126054e-01 -3.318572112719775924e-01 -9.343503101692733903e-01
2.647413969039916992e+00 -4.797790145874023438e+01 -8.299815177917480469e+00 1.808151182802005116e-03 -3.847257245585243290e-01 -9.230291693398526842e-01
-5.751154899597167969e+00 -1.335296344757080078e+01 -1.230259704589843750e+01 1.853127630896644895e-02 1.306165916071492794e-01 -9.912597529382962680e-01
-3.438853073120117188e+01 -2.861330986022949219e+00 -1.245130348205566406e+01 1.477957709247704199e-01 1.275077751242452428e-01 -9.807640783489258718e-01
4.711110687255859375e+01 -2.992723274230957031e+01 9.734269142150878906e+00 7.976937453934799249e-01 -5.481329109748896977e-01 -2.514657043541234649e-01
1.018172645568847656e+01 -7.830979824066162109e-01 -8.601573944091796875e+00 1.289200773334233177e-02 -8.088470705854486353e-02 9.966400856380686069e-01
-3.402332305908203125e+01 -4.223412322998046875e+01 -3.877402067184448242e+00 -5.573210139690075726e-01 -7.088357662755958577e-01 -4.323715344897791080e-01
3.761492013931274414e+00 -4.325613021850585938e+01 -9.781118392944335938e+00 3.333389517545554820e-02 -2.671825684424930514e-01 -9.630692220982375318e-01
-2.014437294006347656e+01 -4.402791023254394531e+00 -7.249178886413574219e+00 -1.713820542900942184e-02 3.622036768520881661e-02 9.991968609235225562e-01
2.751334762573242188e+01 -2.335841178894042969e+01 -7.470509052276611328e+00 -1.141899011258363933e-01 8.956731364385513150e-02 9.894131406078529034e-01
6.261573791503906250e+00 -6.032216262817382812e+01 1.337259197235107422e+01 9.739781516443882237e-02 -8.928722081378072106e-01 -4.396508677761367112e-01
4.830234527587890625e+01 -1.084403610229492188e+01 -7.609848022460937500e+00 4.550983980392372952e-01 -1.394463040863699599e-01 -8.794544765812335463e-01
-4.717023086547851562e+01 -2.085304450988769531e+01 -2.643095016479492188e+00 7.927940331993784673e-01 3.952567219040541424e-01 4.639501532633910075e-01
1.309898853302001953e+01 -4.938477706909179688e+01 -2.131675958633422852e+00 -2.548007805290182226e-01 8.876389181157419150e-01 3.836322630959473901e-01
-1.386553955078125000e+01 -5.179936885833740234e+00 -6.389914989471435547e+00 -9.704961174302728644e-02 -9.150539286150219387e-02 9.910641432005244944e-01
3.887107086181640625e+01 -3.226153564453125000e+01 -6.696536064147949219e+00 4.061318858723106939e-01 -2.886188173550031100e-01 -8.670386782297545558e-01
