7.597590637207031250e+01 9.257363319396972656e+00 4.044981002807617188e+00 1.546348374955172078e-01 5.748502461216386389e-02 -9.862978956573281719e-01
-4.681116867065429688e+01 -6.882375335693359375e+01 -1.892087936401367188e+00 -8.848432814326445683e-01 -4.654344542420228437e-01 -2.057027243232581112e-02
-4.792510604858398438e+01 6.876461029052734375e+01 -2.156518936157226562e+00 -5.949498257302531234e-01 8.029373057166870886e-01 -3.641960944283801488e-02
4.076103973388671875e+01 -7.146073913574218750e+01 7.039083957672119141e+00 4.537455269687954429e-01 -8.306757558036182987e-01 3.226341356333790045e-01
-3.680150985717773438e+00 2.967210114002227783e-01 -1.523096656799316406e+01 -1.473796956611536368e-01 -6.769110469579039946e-02 -9.867609333835065666e-01
3.079690551757812500e+01 7.526073455810546875e+01 1.367682743072509766e+01 3.398397088019694534e-01 8.654382264759906684e-01 3.681380834353931708e-01
-5.671694564819335938e+01 -1.291664028167724609e+01 4.118120074272155762e-01 -6.637195544205036768e-01 7.042348259368892416e-01 2.520509135422590030e-01
-2.235134124755859375e+00 -4.637200927734375000e+01 2.591356992721557617e+00 3.235683758493183848e-02 -4.928902651366065535e-02 9.982603001856971137e-01
4.060111618041992188e+01 -2.363272476196289062e+01 -2.191217899322509766e+00 1.660516418237085734e-01 -4.543155795255750945e-02 -9.850699598453167560e-01
3.256007003784179688e+01 2.973659324645996094e+01 -2.582154989242553711e+00 1.298091973742306615e-01 6.901370179588388332e-02 -9.891343090002928662e-01
-1.091989231109619141e+01 4.248731231689453125e+01 8.006420135498046875e-01 -7.373999840970237030e-02 -4.295397118602393982e-02 9.963520306567791307e-01
6.569110870361328125e+01 4.825234603881835938e+01 1.455912494659423828e+01 7.226202438188473742e-01 5.649126691593592264e-01 3.983637275737312300e-01
-8.841555595397949219e+00 8.310049438476562500e+01 6.441987991333007812e+00 -6.924198234836828614e-02 9.927219158746598549e-01 9.853296718668747012e-02
-4.462246704101562500e+01 2.375262641906738281e+01 -6.930885791778564453e+00 -9.050342907135934256e-01 -2.335725814723326466e-01 -3.554669911776525693e-01
7.650468444824218750e+01 -2.839581489562988281e+01 9.256454467773437500e+00 8.963189427139567345e-01 -3.229800604876317260e-01 3.038029516965568555e-01
-1.210299777984619141e+01 -8.258029937744140625e+01 2.253477096557617188e+00 -1.183907222456426767e-01 -9.928162250316727722e-01 -1.730838525148447118e-02
-2.383924865722656250e+01 -2.040721893310546875e+01 2.636553049087524414e+00 -1.109859067346504469e-01 -2.162254601029309567e-02 9.935867320019527993e-01
2.162206268310546875e+01 8.153020143508911133e-01 3.588200092315673828e+00 -2.206317852306355007e-03 -1.672064841807329935e-02 9.998577659237405379e-01
1.620370292663574219e+01 5.426145935058593750e+01 -9.602980017662048340e-01 1.024879113969700550e-01 2.478342965813334353e-01 -9.633661762048335575e-01
-4.431010055541992188e+01 -3.996682357788085938e+01 -3.493232965469360352e+00 -7.088875541105159606e-01 -4.692252638765553874e-01 -5.265986017520243312e-01
5.641182327270507812e+01 -4.767911529541015625e+01 1.052093029022216797e+00 1.809843835676578638e-01 -7.673304939704052308e-02 -9.804879866856431869e-01
2.608113670349121094e+01 -4.853177261352539062e+01 -2.180251121520996094e+00 1.678623674017109824e-01 -7.245792854748707434e-02 -9.831439742992377218e-01
4.870525360107421875e+01 5.902254104614257812e+00 -1.931585073471069336e+00 1.368070120075134122e-01 -1.008122096806857160e-01 -9.854545853791911725e-01
1.409400177001953125e+01 -7.372976684570312500e+01 -5.901100039482116699e-01 6.530193837828388026e-02 -1.354509718291770359e-01 -9.886297037185207692e-01
-1.936078643798828125e+01 1.595037841796875000e+01 1.527148008346557617e+00 -4.657018627607752842e-02 -1.814187510897051839e-02 9.987502641390099134e-01
1.297937679290771484e+01 -2.431607437133789062e+01 -4.039629936218261719e+00 4.445306065652993716e-02 -1.264816947711747686e-01 -9.909724044018975997e-01
6.620052814483642578e+00 2.279271888732910156e+01 -4.667130947113037109e+00 3.366910686807329106e-02 -3.075430806154420132e-02 -9.989597408195998174e-01
4.232337951660156250e+01 5.350686264038085938e+01 3.448958873748779297e+00 3.113589180037708015e-01 3.086749544818263025e-01 -8.987632595156321846e-01
-3.471647644042968750e+01 4.746647644042968750e+01 -7.223386764526367188e+00 1.039561496841741317e-01 2.666910392824219447e-02 -9.942242593291044095e-01
-2.292720603942871094e+01 -6.006477355957031250e+01 -2.834584951400756836e+00 1.307550158613887681e-02 -8.993130006407314136e-03 -9.998740695062348083e-01
5.722623062133789062e+01 2.884859085083007812e+01 1.820402026176452637e+00 2.815346342099690480e-01 1.799243890670450263e-01 -9.425314127174273526e-01
-3.610656356811523438e+01 -6.514880061149597168e-01 -5.176228046417236328e+00 -7.794108410872395898e-04 -4.473445658890388282e-02 -9.989986090643151462e-01
-2.440908050537109375e+01 6.839644622802734375e+01 -3.466926097869873047e+00 1.926352923358773950e-01 1.429455255465963415e-01 -9.708028743637291402e-01
6.119219207763671875e+01 -1.344354343414306641e+01 4.636430144309997559e-01 1.015437649360682176e-01 -3.085672216670753282e-02 -9.943524156453460439e-01
7.607186889648437500e+01 2.883033943176269531e+01 1.413415145874023438e+01 6.366360028381469194e-01 2.005589179277974254e-01 7.446279072999466564e-01
1.145586013793945312e+01 7.521891021728515625e+01 3.335307121276855469e+00 1.791334954303926696e-01 2.303817889931959184e-01 -9.564702933783065797e-01
-3.698657989501953125e+00 -1.185563850402832031e+01 2.984576940536499023e+00 1.459928400174986818e-01 -2.840277199038063194e-01 9.476361880963970474e-01
-4.282684803009033203e+00 6.225277328491210938e+01 -1.707147002220153809e+00 1.497528293113511988e-01 1.030525637864074251e-01 -9.833383238795758707e-01
-2.056176757812500000e+01 -3.966061401367187500e+01 -3.708829879760742188e+00 -1.198526334209281952e-01 -3.779487210242069017e-01 -9.180360072122634163e-01
8.083499145507812500e+01 -8.977866172790527344e+00 1.016392612457275391e+01 8.563887423114647790e-01 -7.234806717766414930e-02 5.112377912653208734e-01
-3.713313102722167969e+00 -6.536886596679687500e+01 -2.182857036590576172e+00 -5.460096164443850250e-03 -7.985426728225067383e-02 -9.967915947411927213e-01
1.400742053985595703e+01 -6.869041919708251953e+00 -1.248605346679687500e+01 8.192366613159687283e-01 -3.974789740709240293e-01 -4.133542765321175927e-01
-2.013741970062255859e+00 7.438963890075683594e+00 3.158217906951904297e+00 -2.149621052151599182e-02 4.680307152457472558e-02 9.986728120005471387e-01
-3.032899856567382812e+01 -7.697106170654296875e+01 3.254718065261840820e+00 -2.481758253080038612e-01 -4.239937888912498343e-01 8.709982931753272872e-01
-5.216826915740966797e+00 -2.907356834411621094e+01 -3.998908042907714844e+00 -1.747233022884302558e-02 -2.000206451636952695e-02 -9.996472553313280329e-01
-2.467112159729003906e+01 3.193131637573242188e+01 -6.185502052307128906e+00 3.855335425615486616e-02 2.400665365064508575e-02 -9.989681273474632084e-01
-4.101966476440429688e+01 -2.177942085266113281e+01 -3.877277851104736328e+00 3.492176772361577780e-02 -7.099800811299751546e-02 -9.968649622607088645e-01
-1.944045448303222656e+01 -2.509357929229736328e+00 2.062057971954345703e+00 -8.033616154576574131e-02 2.208713071697866737e-02 9.965230854349454992e-01
1.641233062744140625e+01 3.641696929931640625e+01 2.374172925949096680e+00 -2.428175420775610660e-02 -3.264288888705350888e-02 9.991720763800906457e-01
5.590700912475585938e+01 -3.012985420227050781e+01 4.760084152221679688e+00 -2.232994486494976893e-02 -3.806466919691954554e-02 9.990257526817100109e-01
4.594984436035156250e+01 6.613269042968750000e+01 1.545576190948486328e+01 3.817108627173665392e-01 5.466951859458306640e-01 7.452658525299662440e-01
3.614859390258789062e+01 -6.633649826049804688e+00 -2.986119985580444336e+00 2.054543281498963925e-01 -4.534938955670788502e-02 -9.776154417312098444e-01
4.068780136108398438e+01 -4.025580215454101562e+01 3.512639045715332031e+00 -8.270879027997862787e-02 3.231316127555373952e-02 9.960497555939676895e-01
3.262637710571289062e+01 1.234856700897216797e+01 -3.391596078872680664e+00 8.778445083439102847e-02 6.899832204620355569e-02 -9.937470109371462357e-01
1.160604667663574219e+01 -5.694202041625976562e+01 2.623158931732177734e+00 -1.817967031225798530e-02 4.340758179183945575e-02 9.988920269129802909e-01
1.035180282592773438e+01 9.503174781799316406e+00 -1.424130058288574219e+01 2.771162378320154995e-01 3.023884189427014646e-01 -9.120130672414530348e-01
-5.030678939819335938e+01 5.333745574951171875e+01 -8.279367446899414062e+00 -8.719281500004729679e-01 -3.827936427062226254e-01 -3.053036657828618883e-01
4.207413101196289062e+01 -5.644766616821289062e+01 -2.788749933242797852e-01 1.126747257586408479e-01 -2.972075320638527599e-02 -9.931873353018856321e-01
2.622592353820800781e+01 -3.202542114257812500e+01 2.598842144012451172e+00 -6.964889843046188911e-02 3.696293493679918968e-02 9.968865393756108917e-01
-3.818262481689453125e+01 -5.481327438354492188e+01 9.377740025520324707e-01 -1.296477183740352701e-01 -9.706100924999294666e-02 9.867981706528339281e-01
2.662697982788085938e+01 -6.387311172485351562e+01 3.446319103240966797e+00 -6.807726501631933269e-02 5.127210901819890393e-02 9.963617098346984058e-01
-9.154745101928710938e+00 2.684448432922363281e+01 -5.115275859832763672e+00 7.203350367145007482e-02 -6.835323484131199459e-03 -9.973787909824844977e-01
1.189755916595458984e+01 -4.065851211547851562e+01 -3.060456037521362305e+00 -1.882853528735741952e-02 -5.701592701660782025e-02 -9.981957074268399399e-01
6.050066757202148438e+01 1.356927299499511719e+01 6.127027988433837891e+00 -1.964789936757211086e-01 -9.024483937403919576e-02 9.763461855359142350e-01
1.056689992547035217e-01 -1.520885753631591797e+01 -1.246427631378173828e+01 1.635561098509543884e-02 -7.811705806423447918e-01 -6.241033711879835355e-01
4.424526596069335938e+01 3.762075805664062500e+01 5.820696830749511719e+00 -1.489990458425892450e-01 -8.722160139218256003e-02 9.849830844174843891e-01
2.831730079650878906e+01 6.045463943481445312e+01 7.817493915557861328e+00 -1.538431407073674595e-01 -1.700069898152225811e-01 9.733601139718330852e-01
2.396077919006347656e+01 -1.510995578765869141e+01 3.303133964538574219e+00 1.015631637149268796e-01 -8.829060480280866152e-02 9.909034730385040124e-01
6.956707000732421875e+01 -4.286017990112304688e+01 8.898853302001953125e+00 6.931877990733256167e-01 -4.690107889809786434e-01 5.472837975267664801e-01
2.048690032958984375e+01 2.065401840209960938e+01 3.060884952545166016e+00 5.606947272230820845e-02 7.434118393376445977e-02 9.956553633662446057e-01
2.942142868041992188e+01 4.532384872436523438e+01 -1.106598973274230957e+00 9.095706365763339685e-02 1.698491755520628865e-01 -9.812635069822303047e-01
4.390021514892578125e+01 2.063829421997070312e+01 3.840363025665283203e+00 -1.478309940949146806e-01 -9.723610293047067754e-02 9.842210816030128040e-01
4.152610778808593750e+00 4.439983367919921875e+01 -3.225976943969726562e+00 1.569579792180580621e-02 1.646415579561810172e-01 -9.862285735676894483e-01
-2.239908218383789062e+01 5.334498214721679688e+01 4.063659906387329102e-01 -1.654038465900410926e-01 -4.187999742579759377e-02 9.853363046944090264e-01
2.967761039733886719e+00 -8.228787994384765625e+01 6.107318878173828125e+00 -4.023697353271071808e-02 -5.653039832078874394e-01 8.239007176415279465e-01
-3.463161849975585938e+01 1.397380638122558594e+01 -1.933660060167312622e-01 -1.356987827586584872e-01 1.977335004079636971e-01 9.708178527273960690e-01
5.411401367187500000e+01 -6.125886535644531250e+01 8.152074813842773438e+00 4.906127485750004791e-01 -5.852687003920460374e-01 6.455692676057999124e-01
-4.682416915893554688e+01 3.868848800659179688e+01 -4.244309902191162109e+00 -9.043196266686091001e-01 -1.483331091599716656e-01 4.002540462617255046e-01
-3.260109710693359375e+01 -3.270273590087890625e+01 2.615572929382324219e+00 -2.416899913756229146e-01 8.999578811033196596e-03 9.703117827018671315e-01
-2.367880058288574219e+01 8.007912445068359375e+01 6.019897937774658203e+00 -3.812452456190391081e-01 6.206129335862805574e-01 6.851946069244192472e-01
5.591571807861328125e+01 5.763479995727539062e+01 8.321748733520507812e+00 3.085569410471425966e-01 3.612019258232060381e-01 -8.799578301903093758e-01
-3.590573072433471680e+00 1.491410446166992188e+01 -1.228257942199707031e+01 -2.306718137001813607e-01 9.540686438531185143e-01 -1.911636397972695245e-01
2.582073402404785156e+01 -7.805047607421875000e+01 7.134703159332275391e+00 2.823779747701083975e-01 -8.689612825760678616e-01 4.064098531636349265e-01
1.059348869323730469e+01 -8.822002410888671875e+00 3.585832118988037109e+00 -6.300599604245797625e-02 -5.997267587955575074e-02 9.962095776544931391e-01
6.493540954589843750e+01 -3.581939935684204102e-01 5.686591148376464844e+00 -4.099859999456470505e-02 -4.117872214601371594e-02 9.983102862541821665e-01
-3.615759277343750000e+01 6.047110748291015625e+01 -1.318804979324340820e+00 -1.840217822220895361e-01 -5.483931878035749885e-02 9.813911721548712608e-01
-5.451168060302734375e+01 -2.654731178283691406e+01 -3.506325960159301758e+00 -8.736463721341047872e-01 -4.669204606591347839e-01 -1.368477251355634805e-01
4.874037170410156250e+01 -7.248866081237792969e+00 3.739889144897460938e+00 -9.979606062068048511e-02 -6.683588649870307596e-03 9.949854651839656894e-01
-3.587399291992187500e+01 7.596253204345703125e+01 -2.765000052750110626e-02 -3.977871537711859529e-01 9.152006065835940340e-01 6.460054182157135005e-02
5.726396179199218750e+01 4.293493652343750000e+01 4.612234115600585938e+00 2.284144409665292419e-01 2.053984173041049632e-01 -9.516503209303913691e-01
-1.483964633941650391e+01 -1.334146976470947266e+01 -5.110702991485595703e+00 -6.559619056842773410e-02 -1.004439080795844763e-01 -9.927780019282308466e-01
1.145537757873535156e+01 1.011647605895996094e+01 3.481548070907592773e+00 -4.301812986778092568e-02 1.053374998003423629e-02 9.990187588899603899e-01
-1.531443595886230469e+01 -5.041935729980468750e+01 3.139762878417968750e+00 2.083047275419874084e-02 -7.774258405079075007e-02 9.967558286912308052e-01
7.436292171478271484e+00 6.250187301635742188e+01 5.112957954406738281e+00 -1.340258856537699661e-01 -1.838489020913577909e-01 9.737744313620710912e-01
-1.248179531097412109e+01 6.609418869018554688e+00 -5.135140895843505859e+00 1.242304376069510163e-01 -4.319509082620346524e-02 -9.913127571561366480e-01
6.017910242080688477e-01 3.259606170654296875e+01 2.111680030822753906e+00 -4.393045046746892751e-02 2.471592529361849727e-02 9.987288113189713989e-01
-1.322656345367431641e+01 7.070970153808593750e+01 3.430430889129638672e+00 -5.271782375403810672e-02 -1.120259713422804976e-01 9.923059068671599148e-01
6.939838409423828125e+01 3.776543426513671875e+01 6.852766990661621094e+00 2.985076832075586051e-01 2.357459464437909602e-01 -9.248335049085197879e-01
6.936178588867187500e+01 2.321861648559570312e+01 4.080764770507812500e+00 2.881035886167865323e-01 1.614947669078598547e-01 -9.438833415669044546e-01
-3.408658981323242188e+01 -1.186505508422851562e+01 1.590750932693481445e+00 -2.179592694142820641e-02 4.824476860732080513e-02 9.985977067221765147e-01
-1.931429672241210938e+01 -7.280204010009765625e+01 -3.022142887115478516e+00 9.323729384799607500e-02 5.751799297263646832e-02 -9.939811303643053542e-01
7.362631225585937500e+01 -1.720567703247070312e+01 2.892277002334594727e+00 1.686951156873369162e-01 -4.969468590970971961e-02 -9.844147480282745555e-01
-3.414933776855468750e+01 -6.666328430175781250e+01 -3.863775014877319336e+00 7.223239668199653296e-02 2.698623240448719957e-02 -9.970226798474474128e-01
-2.535387039184570312e+01 6.851341247558593750e+00 -5.699289798736572266e+00 4.448375526470752656e-02 3.389312360740669161e-02 -9.984350012342729785e-01
-4.733450317382812500e+01 -4.119944095611572266e+00 4.926899820566177368e-02 -2.748810315323033659e-01 2.927726671227354749e-01 9.158190781423899418e-01
-1.045696973800659180e+00 7.436408996582031250e+01 8.816509842872619629e-01 1.805372451987881377e-01 1.980746337569517235e-01 -9.634172214352834107e-01
5.250362873077392578e+00 -3.162452125549316406e+01 2.904244899749755859e+00 -2.469354473325650261e-04 -3.540262091816488710e-02 9.993731002258413598e-01
-3.004612731933593750e+01 -4.514562988281250000e+01 2.725208997726440430e+00 -8.683826298447058778e-02 -6.910122770595535091e-02 9.938229904823945304e-01
3.298372983932495117e+00 8.209405517578125000e+01 1.014799308776855469e+01 -7.449928392568130886e-02 5.518011613263323900e-01 8.306415201839310036e-01
1.874768066406250000e+01 7.887772369384765625e+01 1.289794635772705078e+01 -4.924845568969560966e-02 4.732085358337798087e-01 8.795727776746108395e-01
-1.564709281921386719e+01 -2.994010543823242188e+01 2.840436935424804688e+00 -4.275995067625727036e-02 9.600819507243358447e-03 9.990392439153495951e-01
-3.655464172363281250e+01 3.203992843627929688e+01 -2.305697917938232422e+00 -1.404972594745045045e-01 1.860170800196076293e-02 9.899063069500889656e-01
7.919749450683593750e+01 1.699323081970214844e+01 1.302864837646484375e+01 3.959764948646130045e-01 4.861288272373098102e-02 9.169729566066950888e-01
-1.497238159179687500e+01 -3.271277904510498047e+00 -1.212049770355224609e+01 -9.738792662364799124e-01 -2.153923422668288234e-01 7.187011679066976355e-02
6.754086303710937500e+01 -3.286597442626953125e+01 2.160156011581420898e+00 4.031915776089188830e-01 -7.622382015029971480e-02 -9.119355684405153761e-01
2.290991020202636719e+01 7.088270568847656250e+01 4.505764007568359375e+00 2.468894520308587137e-01 3.005254753396828793e-01 -9.212654542246551115e-01
-2.883744001388549805e+00 1.974621963500976562e+01 2.579117059707641602e+00 -5.349692638868540351e-02 7.539830170685427567e-03 9.985395484546221168e-01
2.068293571472167969e+01 9.953686714172363281e+00 -4.443739891052246094e+00 7.618214419311683527e-02 2.226362109365337752e-02 -9.968453300697843744e-01
5.043917846679687500e+01 -1.927721595764160156e+01 4.320936203002929688e+00 -7.147164781593152993e-02 2.714814834782556738e-02 9.970731074498799806e-01
-4.372485351562500000e+01 8.706022262573242188e+00 -6.076259136199951172e+00 -9.569128446193624349e-01 -9.054468060814391261e-03 -2.902340855423699573e-01
-2.084618759155273438e+01 4.330449295043945312e+01 -5.990959167480468750e+00 7.728377167892599986e-02 2.218439063759908639e-02 -9.967622943546359249e-01
1.026061820983886719e+01 1.750292062759399414e+00 -5.059040069580078125e+00 9.043745978233038718e-01 1.185946377892579118e-01 -4.099291386319985908e-01
3.755688095092773438e+01 6.794730377197265625e+01 7.109758853912353516e+00 2.143704438515222077e-01 3.139875323394286655e-01 -9.249092616782997878e-01
5.198165893554687500e+00 -1.954333114624023438e+01 3.469835042953491211e+00 -1.665137068311854998e-02 -3.366477152709888843e-02 9.992944586118754913e-01
3.779818344116210938e+01 3.545480966567993164e+00 2.624855041503906250e+00 8.108937251933148738e-02 3.305325199414559795e-02 9.961586199983578638e-01
-1.145938587188720703e+01 5.327714157104492188e+01 -3.980747938156127930e+00 1.052842570826630630e-01 5.733317221845762174e-02 -9.927880602494776330e-01
-2.709216880798339844e+01 2.061786651611328125e+01 -6.030309200286865234e+00 3.685609298082824503e-02 -8.148164307887550972e-02 -9.959931577332020725e-01
-2.541363334655761719e+01 -8.816339492797851562e+00 -5.432857036590576172e+00 -7.133987784341519478e-02 -8.906462710685390805e-02 -9.934677216838015967e-01
-2.100929021835327148e+00 5.193356323242187500e+01 2.464555978775024414e+00 -9.005232695956917610e-02 -6.690897564367691286e-02 9.936869564342085681e-01
-3.236370086669921875e+00 -7.675627136230468750e+01 -1.663563966751098633e+00 1.864922683673074510e-02 -6.022612101282773939e-02 -9.980105313503161435e-01
2.937550163269042969e+01 -2.278775596618652344e+01 -3.173290014266967773e+00 1.090606898140821929e-01 1.103718598934267520e-02 -9.939738157832495036e-01
8.095020294189453125e+01 2.245408058166503906e+00 1.135801219940185547e+01 5.402788035410687195e-01 -6.129364467175946185e-02 8.392507989671998958e-01
-9.322134017944335938e+00 -3.953324890136718750e+01 -2.889513969421386719e+00 -1.177449180732928827e-02 -7.082154681314734024e-02 -9.974195054487717815e-01
-1.325845909118652344e+01 -6.181457901000976562e+01 2.639034986495971680e+00 -2.598194120978582558e-02 -8.850544918768529778e-02 9.957367745519181135e-01
2.147965621948242188e+01 -7.189853191375732422e+00 -4.230110168457031250e+00 1.404883501860323125e-01 -2.916333338405480147e-02 -9.896527287124192718e-01
6.129283905029296875e+00 -6.664624786376953125e+01 2.848356962203979492e+00 -9.207962298322210776e-03 1.486833482395035801e-02 9.998470613298193754e-01
-8.301985740661621094e+00 -1.741770982742309570e+00 2.760743141174316406e+00 1.273422193896605291e-02 -4.293572443549273365e-01 9.030449580788059150e-01
1.781237006187438965e+00 -5.551307678222656250e+01 -2.337983131408691406e+00 -1.829334416853138981e-02 -6.557154467064678360e-02 -9.976801722439095910e-01
6.309436035156250000e+01 -5.179544067382812500e+01 8.754761695861816406e+00 5.795152026983992899e-01 -4.756039600498784270e-01 6.617877326048788866e-01
-1.127627563476562500e+01 -1.977656555175781250e+01 3.030775070190429688e+00 -4.211378733801113966e-02 3.071679959570124824e-02 9.986405294892883866e-01
6.409147644042968750e+01 -2.284624862670898438e+01 5.243807792663574219e+00 -9.862419419489795724e-02 -1.064708064838780326e-02 9.950677906520106752e-01
4.696189880371093750e+01 -3.244685745239257812e+01 -1.061187982559204102e+00 8.909081762052852016e-02 -6.425349814707700946e-02 -9.939488488808512212e-01
-1.609750747680664062e+01 3.275785064697265625e+01 8.758379817008972168e-01 -1.487958094262432918e-01 7.082054005470742042e-02 9.863286765594665439e-01
-4.540592193603515625e+01 -3.030059242248535156e+01 1.352941036224365234e+00 -6.394184099066116400e-02 -3.392465727030329059e-02 9.973768388126010853e-01
7.531900024414062500e+01 -2.433058977127075195e+00 3.259917020797729492e+00 2.784516624648719074e-01 3.444010271340589013e-02 -9.598325640421037086e-01
4.091478824615478516e+00 1.212579441070556641e+01 -4.499632835388183594e+00 4.064135386237805597e-02 -2.425138850227154599e-02 -9.988794474369491194e-01
2.179389572143554688e+01 2.906946372985839844e+01 -3.658986091613769531e+00 7.924181402652136219e-02 -3.712075773955650360e-02 -9.961640348128552036e-01
5.263608169555664062e+01 1.626737785339355469e+01 -8.541079759597778320e-01 1.072760432621611137e-01 1.833772994432361983e-02 -9.940601481814388407e-01
3.517180633544921875e+01 -1.570344924926757812e+01 2.744517087936401367e+00 -7.931988001690921941e-02 4.578207462996265742e-02 9.957973479964081776e-01
5.575887203216552734e+00 -8.620420455932617188e+00 -5.944748878479003906e+00 5.284249555996525238e-01 -8.464685946948887763e-01 6.525323359624073116e-02
-2.439669227600097656e+01 -2.925064277648925781e+01 -3.352031946182250977e+00 2.566534963725538090e-02 -4.065491080544372804e-02 -9.988435653571577921e-01
2.930784988403320312e+01 1.989372968673706055e+00 -3.719896078109741211e+00 9.243193409539558758e-02 -2.576680852623382603e-02 -9.953855580315382756e-01
5.646002578735351562e+01 -1.338067054748535156e+00 -6.241419911384582520e-01 2.056907350829504932e-01 5.317398179359650486e-03 -9.786025990041298250e-01
3.187437057495117188e+01 -3.964187240600585938e+01 -2.360307931900024414e+00 8.848631535885528865e-02 -2.432354742015119600e-02 -9.957803658614248210e-01
3.509795761108398438e+01 -4.934498214721679688e+01 3.383105993270874023e+00 1.931981263749436937e-03 1.136281409420028879e-02 9.999335747459713319e-01
1.351775169372558594e+01 -8.112534332275390625e+01 6.925827980041503906e+00 3.445626010187880645e-02 -6.590490764212658670e-01 7.513102428478317663e-01
2.208995103836059570e+00 -2.320075988769531250e+00 3.457738876342773438e+00 -6.738272281346019410e-02 1.397991733408063264e-01 9.878844870729935890e-01
3.219953918457031250e+01 -7.259034729003906250e+01 7.796480059623718262e-01 1.247270220723986217e-01 -1.548799453284052385e-01 -9.800282508683213489e-01
1.794874382019042969e+01 6.171350860595703125e+01 6.489073753356933594e+00 -1.735427487147654102e-01 -1.584530430443009952e-01 9.719956520059771510e-01
-5.649238109588623047e+00 -8.502082824707031250e+00 -6.779119014739990234e+00 -5.167220077058960470e-01 -7.742500531157563426e-01 3.654247145482039660e-01
1.574272632598876953e+01 -3.269178390502929688e+01 2.620336055755615234e+00 5.359857056259577368e-02 -8.444584683885698884e-02 9.949854733539152951e-01
-2.974583435058593750e+01 4.025356292724609375e+01 -1.397531986236572266e+00 -1.625841886460898944e-01 9.289856764184293084e-03 9.866509413990306454e-01
4.316030502319335938e+01 2.983478736877441406e+01 -1.082157015800476074e+00 1.625680613454940915e-01 1.107492606286652748e-01 -9.804622515428994545e-01
4.996078872680664062e+01 4.908391952514648438e+01 9.098901748657226562e+00 -2.194291177240142443e-01 -2.410465516567490141e-01 9.453821567119039537e-01
4.725924682617187500e+01 -6.543180084228515625e+01 1.461833000183105469e+00 2.709014704583175837e-01 -3.401002051222842271e-01 -9.005244270864070089e-01
-1.559111213684082031e+01 6.279373168945312500e+01 -2.908694028854370117e+00 6.302321625115991921e-02 9.743202434425947411e-02 -9.932447205223590148e-01
3.103683662414550781e+01 2.072586441040039062e+01 2.582617044448852539e+00 5.590472571478289493e-02 4.972333731943045371e-02 9.971971978342963894e-01
9.076306343078613281e+00 3.290681457519531250e+01 -4.103384017944335938e+00 3.121443706312241554e-03 5.680654985746861479e-02 -9.983803245669855553e-01
-4.742219161987304688e+01 -1.350258064270019531e+01 -4.414513111114501953e+00 1.271934270921983717e-02 -2.251746758481319721e-02 -9.996655350539062068e-01
1.687821578979492188e+01 -4.793835449218750000e+01 2.573673963546752930e+00 -4.537251254070666373e-02 6.476537024473058568e-02 9.968684877770017660e-01
6.748318195343017578e+00 -1.485700011253356934e-01 -1.560596466064453125e+01 6.053135788959906893e-02 -7.817508673020132082e-02 -9.951003017418730279e-01
3.401224136352539062e+01 3.762164306640625000e+01 4.028316020965576172e+00 -1.537301663542784413e-01 -1.368523442713703853e-01 9.785900427758890130e-01
2.082994079589843750e+01 -5.737107086181640625e+01 -1.987743020057678223e+00 3.555305757286057744e-02 6.992137782812536031e-07 -9.993677902037527705e-01
2.031530952453613281e+01 4.587480926513671875e+01 3.591411113739013672e+00 -5.771887838247375530e-02 -1.815579425251302448e-01 9.816849008639739749e-01
-1.112430953979492188e+01 1.679355621337890625e+01 -5.342778205871582031e+00 4.538135957963199824e-02 4.125345197650632373e-02 -9.981175706812931425e-01
3.264691925048828125e+01 5.133681869506835938e+01 6.444346904754638672e+00 -1.827956306720741886e-01 -2.490637823760004088e-01 9.510799071138864580e-01
1.404662895202636719e+01 -1.412290859222412109e+01 -4.470345973968505859e+00 1.050857377332871240e-01 -2.971732615646868053e-02 -9.940190482335642397e-01
1.179998040199279785e+00 -3.869711303710937500e+01 -3.125856876373291016e+00 -2.751221751360424794e-02 -7.282630949159482614e-02 -9.969650979514371736e-01
4.659095764160156250e+01 -4.859814453125000000e+01 4.252651214599609375e+00 4.546234597221968793e-02 -4.088670574116084339e-02 9.981289758304474624e-01
4.415011215209960938e+01 -1.411284542083740234e+01 -2.095252990722656250e+00 7.188607651574829838e-02 -3.970563251284111445e-02 -9.966222226851693122e-01
6.025795364379882812e+01 -3.924282073974609375e+01 5.113076210021972656e+00 -1.773804798952056949e-01 2.449138017852007382e-02 9.838375565351719088e-01
-1.569264602661132812e+01 7.985236358642578125e+01 -1.905869990587234497e-01 1.478757957407286494e-01 1.635748003522591587e-01 -9.753850694591160719e-01
3.642478561401367188e+01 -3.118589782714843750e+01 2.939258098602294922e+00 -5.551589486460187933e-02 5.966916124396174845e-03 9.984399738238383115e-01
2.183567237854003906e+01 -3.908205032348632812e+01 -3.024676084518432617e+00 3.069112433565909098e-02 -7.309614870504383723e-03 -9.995021883004849839e-01
-3.126740264892578125e+01 -1.956480979919433594e+01 -4.153735160827636719e+00 -1.912348661332747375e-03 -8.881878744094814926e-02 -9.960459657666994593e-01
-4.925435066223144531e+00 -1.912807846069335938e+01 -4.743218898773193359e+00 -3.148082965514022169e-02 -1.447764425216371553e-01 -9.889634669971398839e-01
7.818193912506103516e+00 5.097872543334960938e+01 3.327316999435424805e+00 -1.191321986376945724e-01 -1.437130231658968194e-01 9.824225599100763207e-01
1.239107418060302734e+01 2.644712066650390625e+01 2.817585945129394531e+00 -2.791029488203864567e-02 1.087339333531005398e-01 9.936789960430687518e-01
-1.090356445312500000e+01 -7.149783325195312500e+01 2.130799055099487305e+00 -5.354560433845517026e-02 -1.095369120993784223e-01 9.925394365685238363e-01
-4.416509628295898438e+01 6.110094833374023438e+01 -7.197534084320068359e+00 4.140733262022488516e-03 5.407299470844034728e-02 -9.985283999823508783e-01
-4.201454162597656250e+01 5.249105453491210938e+01 -2.781581878662109375e+00 -1.995225743615458569e-01 -5.126241791659103680e-02 9.785514328994087130e-01
-4.487802124023437500e+01 -5.949648666381835938e+01 -4.661903858184814453e+00 -6.201411300548619332e-01 1.217280334366028227e-01 -7.749885577800075254e-01
-2.877994537353515625e+01 6.559749841690063477e-01 1.396106958389282227e+00 -4.650895125570312510e-02 2.801845039207958091e-02 9.985248539173781079e-01
-8.139968872070312500e+00 -5.486892700195312500e+01 -2.160557031631469727e+00 5.093286366549074767e-03 -1.213975422015194788e-02 -9.999133386456361405e-01
2.848744010925292969e+01 -6.247230052947998047e+00 3.344990968704223633e+00 6.657544306737721296e-02 -5.755126043955076376e-02 9.961202551912101688e-01
-1.682895851135253906e+01 -2.306658744812011719e+01 -4.352873802185058594e+00 -5.636256736049848753e-02 -6.811083673688399232e-02 -9.960844215825959136e-01
-3.898678207397460938e+01 -7.247741699218750000e+01 2.674155950546264648e+00 -1.410584429998729961e-01 -7.260281974132945515e-02 9.873354780539690401e-01
6.398950195312500000e+01 2.984611320495605469e+01 8.832508087158203125e+00 -2.746373197867115201e-01 -1.675853436102875682e-01 9.468312918294332636e-01
-2.351469039916992188e+01 -5.033130645751953125e+01 -2.393675088882446289e+00 4.386535612797703293e-02 1.034796521981528467e-02 -9.989838588023207677e-01
3.634152603149414062e+01 -6.300515365600585938e+01 4.114265918731689453e+00 -8.846411288379836535e-02 1.547397417473339032e-01 9.839866427221718448e-01
4.242647552490234375e+01 1.333054256439208984e+01 -2.423877000808715820e+00 1.123976345192967130e-01 8.093910120848359091e-02 -9.903613651844611621e-01
1.685468101501464844e+01 -6.517784118652343750e+01 3.134907007217407227e+00 -5.458691442773746377e-02 7.800759956035070719e-02 9.954572231814338146e-01
-5.776798248291015625e+00 3.602476501464843750e+01 -4.382751941680908203e+00 6.541239420865713194e-02 2.400168417322265102e-01 -9.685624060269830693e-01
1.499432468414306641e+01 1.789319610595703125e+01 -4.514752864837646484e+00 4.044964641523349919e-02 5.017321760330989422e-02 -9.979210762080403807e-01
-5.370885467529296875e+01 6.280715179443359375e+01 -7.154575824737548828e+00 -9.224478293582722976e-01 -2.632517723646575492e-02 -3.852232951882328948e-01
6.837325286865234375e+01 -9.417504310607910156e+00 5.615178108215332031e+00 -9.348017467871584663e-02 -6.252371031868907310e-03 9.956015090378863563e-01
-2.100146675109863281e+01 -7.936600494384765625e+01 4.241435050964355469e+00 -3.853436242923295035e-02 1.046766146808618958e-01 9.937594825968337764e-01
1.970979690551757812e+01 -2.389263153076171875e+01 3.043694972991943359e+00 2.897641744360280810e-02 -4.225394910061171239e-02 9.986866230292349433e-01
5.055220031738281250e+01 -3.956529998779296875e+01 4.383615970611572266e+00 -4.997035602897464263e-02 -6.109230600975332909e-02 9.968804811333945581e-01
4.669192123413085938e+01 6.130388641357421875e+01 7.138039112091064453e+00 2.268856749494543024e-01 2.978286657184481823e-01 -9.272653214582647907e-01
3.982748794555664062e+01 4.462145996093750000e+01 6.493840217590332031e-01 2.537274905542222236e-01 1.975236302558232571e-01 -9.468932231395564836e-01
-2.931264114379882812e+01 5.539162445068359375e+01 -5.984899044036865234e+00 1.105595567541243218e-01 1.895889621092732846e-01 -9.756190905556635373e-01
3.106312751770019531e+01 -5.673173522949218750e+01 -1.299602985382080078e+00 1.394874317417137688e-01 -1.492294066500070016e-01 -9.789146237425342401e-01
2.651825332641601562e+01 9.099570274353027344e+00 3.322447061538696289e+00 7.855039633563944135e-02 3.341380016079463500e-02 9.963500154033865241e-01
7.243317127227783203e+00 -4.797335433959960938e+01 2.373135089874267578e+00 1.873188198735645585e-02 -1.358224976229676414e-04 9.998245336805157146e-01
-9.671981811523437500e+00 7.724723815917968750e+00 -1.427691268920898438e+01 -1.623980329465316268e-03 2.733184241731042088e-02 -9.996250962625762293e-01
3.414834022521972656e+00 -2.498550033569335938e+01 -4.275447845458984375e+00 -6.013119776794602356e-02 -7.564171452139741014e-02 -9.953203354092868826e-01
-1.840900230407714844e+01 2.470526695251464844e+01 -5.894701004028320312e+00 3.017225435190280108e-02 -4.079917974745473318e-03 -9.995363871999075611e-01
2.566897583007812500e+01 5.437470245361328125e+01 7.084590196609497070e-01 1.797023073304795659e-01 2.826793788541631103e-01 -9.422311019652910291e-01
6.685208129882812500e+01 8.079022407531738281e+00 1.842267036437988281e+00 1.943849808875289520e-01 5.239347186966830661e-02 -9.795250906999766194e-01
1.353228092193603516e+01 4.374769210815429688e+01 -2.788685083389282227e+00 1.740977596773086722e-01 1.972570945218017902e-01 -9.647691997240370743e-01
-4.402128982543945312e+01 -4.937884902954101562e+01 -4.035785198211669922e+00 -8.469002217503975860e-01 9.485774290461396197e-02 -5.232227279182064539e-01
-2.626432800292968750e+01 -6.798703765869140625e+01 1.073838949203491211e+00 -1.227733101650036324e-01 -9.115134090124911437e-02 9.882399239876075159e-01
5.152919006347656250e+01 -5.580558776855468750e+01 9.110069870948791504e-01 1.278330378470014794e-01 -8.288955819583022910e-02 -9.883258751934540509e-01
-3.889509201049804688e+01 6.879521942138671875e+01 -5.210144996643066406e+00 1.581876476707160528e-01 1.530007505374330889e-01 -9.754831820484592964e-01
-1.046185779571533203e+01 1.167975044250488281e+01 2.447808980941772461e+00 -6.377648101682727166e-02 3.909421770802137125e-02 9.971981761971430158e-01
7.826813507080078125e+01 2.363063049316406250e+01 6.607182979583740234e+00 4.654811509001787750e-01 2.090329775574994997e-01 -8.600189023795296039e-01
5.503398132324218750e+01 6.201516151428222656e+00 4.818683147430419922e+00 -1.179494661728755500e-01 -2.925143495951658054e-02 9.925886746192215115e-01
6.971279144287109375e+01 1.482200050354003906e+01 7.966166019439697266e+00 -2.320079525809714271e-01 -1.759764350787776932e-01 9.566632658548933632e-01
6.277785778045654297e+00 1.782256126403808594e+01 3.123732089996337891e+00 -4.843666428282943776e-02 2.953030659135125538e-02 9.983896286249037688e-01
-2.699378204345703125e+01 7.726605987548828125e+01 -2.238980054855346680e+00 1.523020815876984513e-01 2.495948803137895133e-01 -9.562983172970656032e-01
-2.021036529541015625e+01 -1.171409702301025391e+01 2.373085975646972656e+00 -7.052416544998324488e-02 8.531770948667490029e-02 9.938547331152228770e-01
-4.887558746337890625e+01 -2.088879776000976562e+01 1.142969012260437012e+00 -7.862185028975654522e-02 4.965404611423936132e-02 9.956671534009245983e-01
-1.915690994262695312e+01 6.730019092559814453e+00 1.836636066436767578e+00 -9.541710800539836279e-02 3.636193252539706572e-02 9.947730320846582819e-01
-3.661198806762695312e+01 2.282719993591308594e+01 -1.877218008041381836e+00 -2.343265512671257045e-01 1.120934325609681120e-01 9.656739251672661339e-01
4.411383056640625000e+01 -2.062865018844604492e+00 -2.417834997177124023e+00 1.258375242117617809e-01 -4.376926112814028685e-03 -9.920412088305895493e-01
2.414920997619628906e+01 3.790689849853515625e+01 -2.782248973846435547e+00 6.484580508249784825e-02 9.063478679040395947e-02 -9.937707768830097432e-01
7.888935852050781250e+01 -1.800168609619140625e+01 1.037994384765625000e+01 5.197370327054223749e-01 -1.359802495248157439e-01 8.434351122485543861e-01
-3.515333938598632812e+01 -3.977716064453125000e+01 -2.700273036956787109e+00 5.934260883597085312e-02 -2.027906673433804274e-03 -9.982356146577144873e-01
5.314675903320312500e+01 3.503007125854492188e+01 7.239419937133789062e+00 -1.729036138443227066e-01 -1.262682101710737304e-01 9.768114861219471257e-01
2.315418434143066406e+01 -7.151451110839843750e+01 -2.140469998121261597e-01 6.734293505394534085e-02 -1.609989566474067657e-01 -9.846543886342895568e-01
1.562014484405517578e+01 2.224135875701904297e+00 -1.246366500854492188e+01 9.259393424278888896e-01 8.428751322727504047e-02 -3.681466409709188148e-01
-3.844935226440429688e+01 3.904122924804687500e+01 -7.890318870544433594e+00 3.662408795100020875e-02 3.339763084326344278e-02 -9.987708818521967569e-01
3.803824901580810547e+00 5.752060699462890625e+01 -1.711086988449096680e+00 1.019147717865056674e-01 2.587115020102051521e-01 -9.605632399896052442e-01
1.252185249328613281e+01 1.578540056943893433e-01 3.660392045974731445e+00 3.606874475636506240e-03 -2.587218810047268308e-02 9.996587519445877534e-01
-1.280008316040039062e+01 2.225039672851562500e+01 1.851163029670715332e+00 -6.417640690803046166e-02 6.433121525243881700e-02 9.958628839054697313e-01
3.766991424560546875e+01 5.894199752807617188e+01 9.054768562316894531e+00 -1.766892441551310422e-01 -2.232987370136178262e-01 9.586024123942166186e-01
-3.155524015426635742e+00 -2.382094001770019531e+01 3.137989997863769531e+00 -1.673179481954190431e-02 -3.640333972382310893e-03 9.998533867576216982e-01
1.534759998321533203e+00 7.669021129608154297e+00 -1.518800258636474609e+01 -4.905625025552456248e-02 1.838904900570099976e-01 -9.817218404300985801e-01
5.880108833312988281e+00 -7.742690277099609375e+01 -9.015129804611206055e-01 9.675320126122105568e-02 3.773683015102791138e-02 -9.945927557024825116e-01
-2.925747871398925781e+01 -5.596056365966796875e+01 2.081450939178466797e+00 -9.963339689928912835e-02 -9.648777707743756704e-02 9.903349408644346319e-01
2.939171791076660156e+01 -1.267484760284423828e+01 -3.421212911605834961e+00 2.015699130313449838e-03 -2.410039491056923180e-02 -9.997075111862323560e-01
-4.274724960327148438e+00 -3.473007965087890625e+01 2.875241994857788086e+00 3.060909734002385460e-02 -9.225277147162348756e-03 9.994888580777611109e-01
-3.969752502441406250e+01 -8.978446006774902344e+00 -4.738022804260253906e+00 -1.232546313335445946e-02 -2.878233664918522158e-02 -9.995097098355578691e-01
2.543521118164062500e+01 1.767921638488769531e+01 -3.752877950668334961e+00 5.401631828173987515e-02 3.744379602312013222e-02 -9.978377621129924657e-01
-4.488979721069335938e+01 4.628244018554687500e+01 -8.478771209716796875e+00 1.782504529064656840e-01 1.980616891146661646e-02 -9.837857956444027163e-01
5.892463302612304688e+01 5.387018966674804688e+01 1.579318618774414062e+01 -4.514718065891708959e-02 -4.148105383711205019e-02 9.981187575890524410e-01
-2.414891624450683594e+01 -3.540131378173828125e+01 3.204932928085327148e+00 -1.278105520320140243e-01 4.381348212582449053e-02 9.908303798195137180e-01
6.957287597656250000e+01 4.029971313476562500e+01 1.535064506530761719e+01 8.604966095673013959e-02 7.878937478805185524e-03 9.962596941528032435e-01
5.586727523803710938e+01 2.109049034118652344e+01 5.852530002593994141e+00 -1.964100480398354998e-01 -1.106576658740841129e-01 9.742576527861041003e-01
-4.464715957641601562e+00 4.624308776855468750e+01 -3.836839914321899414e+00 8.004406657254954649e-02 9.670115352972000547e-03 -9.967444187331020444e-01
-4.111800193786621094e+00 9.165434837341308594e+00 -5.643980026245117188e+00 -3.507892334749562746e-01 8.925511445035237967e-01 -2.833714313820331343e-01
3.798244857788085938e+01 2.273363685607910156e+01 -2.346159934997558594e+00 9.730146111372321716e-02 4.636654888193082746e-02 -9.941743151026957159e-01
1.377093982696533203e+01 -1.747374343872070312e+01 3.600655078887939453e+00 -2.980092552075207105e-04 -1.491469529314387588e-02 9.998887253363728522e-01
6.097850418090820312e+01 5.042892837524414062e+01 7.523941040039062500e+00 2.764082201069749667e-01 2.599363215620227319e-01 -9.252197601597681453e-01
4.914675903320312500e+01 2.743316841125488281e+01 5.451561927795410156e+00 -1.215992389629730469e-01 -8.252265480255846497e-02 9.891428797337438183e-01
-2.714722824096679688e+01 6.100525665283203125e+01 3.341450095176696777e-01 -1.824470083363103623e-01 -4.222913588213773189e-02 9.823083982292821759e-01
-3.488621139526367188e+01 -2.427902221679687500e+01 2.229588985443115234e+00 -1.186329791003718076e-01 1.236785403855691218e-02 9.928611445999142582e-01
5.225534820556640625e+01 6.008322906494140625e+01 1.584958839416503906e+01 -1.101288092603220220e-01 -1.360826916006607490e-01 9.845573352617018603e-01
-3.973932647705078125e+01 1.639981460571289062e+01 -6.884018898010253906e+00 9.995757022022327964e-02 -8.101056372635523362e-02 -9.916883445520610074e-01
3.785803222656250000e+01 7.048830413818359375e+01 1.542031383514404297e+01 7.862324958243863127e-02 2.550576012465107789e-01 9.637240293110229672e-01
-3.805401611328125000e+01 5.956873893737792969e+00 1.147949993610382080e-01 -1.385312950707567881e-01 1.394487397685917063e-01 9.804912693456125927e-01
1.244449973106384277e+00 -6.914241790771484375e+00 -1.466752052307128906e+01 -5.192056107916535532e-03 -2.226077103828019432e-01 -9.748942762328122180e-01
6.493102264404296875e+01 -4.605959701538085938e+01 2.326649904251098633e+00 1.998007326871366895e-01 -1.304978810416977386e-01 -9.711075997340924415e-01
-1.900228118896484375e+01 1.009613037109375000e+00 -5.816404819488525391e+00 -2.052578078012598506e-02 1.171191708654260033e-01 -9.929057317485691092e-01
5.707669830322265625e+01 -2.299158096313476562e+01 7.635299861431121826e-02 9.176821835776388658e-02 1.432436929649132107e-02 -9.956773606664457432e-01
-1.553187465667724609e+01 -4.173382949829101562e+01 2.973325967788696289e+00 2.662684868435902588e-02 -2.288638643028184302e-02 9.993834220384606448e-01
1.892811584472656250e+01 1.371325016021728516e+00 -4.574669837951660156e+00 1.341763553874323299e-02 -2.848132046300558273e-02 -9.995042678454320040e-01
8.055567741394042969e+00 3.890428543090820312e+01 2.083504915237426758e+00 -7.759921701066113675e-02 5.270530871427216851e-02 9.955905342823754278e-01
-3.822440719604492188e+01 -2.998567771911621094e+01 -3.319812059402465820e+00 6.362240513686369392e-02 -2.446916485862262944e-02 -9.976740196756264112e-01
-2.450213432312011719e+01 2.607638359069824219e+01 5.881699919700622559e-02 -1.292120169527730122e-01 5.851188269093800937e-02 9.898891929195703376e-01
-1.193971443176269531e+01 -9.549324035644531250e+00 2.810206890106201172e+00 -7.589234860998107790e-02 -1.824230824291040234e-02 9.969491309050987349e-01
-3.220369720458984375e+01 6.817918395996093750e+01 9.156800061464309692e-02 -1.750610008464501266e-01 -9.208614188549420210e-02 9.802416989984071849e-01
-5.627629756927490234e-01 2.744214248657226562e+01 -4.676510810852050781e+00 -8.683411295408225913e-03 8.579430029566897931e-02 -9.962750305036512932e-01
1.177439880371093750e+01 8.176422882080078125e+01 8.830899238586425781e+00 1.668119668943289224e-01 9.786571003861896934e-01 1.200168636673225597e-01
-7.406800240278244019e-02 6.655078125000000000e+01 4.658946037292480469e+00 -1.160420827589821180e-01 -1.073660599951171968e-01 9.874243080814258944e-01
2.116926574707031250e+01 -1.896146011352539062e+01 -3.784934997558593750e+00 5.633646652795389065e-02 -2.031944928909237835e-02 -9.982050503377213335e-01
-4.341083526611328125e+01 3.211073303222656250e+01 -8.433014869689941406e+00 1.225897256744550856e-01 6.398825754014560337e-03 -9.924368061433593846e-01
2.075029754638671875e+01 -2.936496353149414062e+01 -3.397856950759887695e+00 6.005289961380235603e-02 -4.430536018054426900e-02 -9.972114541596714954e-01
5.273682403564453125e+01 -1.303416061401367188e+01 -9.924119710922241211e-01 2.146006204617210145e-01 -3.050030861959122583e-02 -9.762255399606969419e-01
-1.080294013023376465e+00 8.268359375000000000e+01 2.915066003799438477e+00 1.043496894402267811e-01 8.151117714475853981e-01 -5.698279936623924513e-01
1.993037033081054688e+01 -7.959374237060546875e+01 1.237228035926818848e+00 2.609142892360793442e-01 -7.429122395533266365e-01 -6.164455677464899530e-01
-3.871508026123046875e+01 -4.614818191528320312e+01 1.722316026687622070e+00 -1.117403831081476007e-01 -4.401983148981480909e-02 9.927619761143416932e-01
7.176645660400390625e+01 -2.556427955627441406e+01 2.767471075057983398e+00 1.433519160861734532e-01 -6.093007016661787512e-02 -9.877943888805572614e-01
5.711570739746093750e+01 -7.606995105743408203e+00 5.015206813812255859e+00 -8.569738359687058271e-02 1.703071176912389351e-02 9.961756438004734093e-01
4.905736160278320312e+01 4.378020095825195312e+01 2.622287034988403320e+00 2.196597266359255896e-01 1.782219033745028325e-01 -9.591592973285510970e-01
3.169984102249145508e+00 -1.655792808532714844e+01 -4.680575847625732422e+00 -7.311643090341567392e-04 2.210015840086587691e-02 -9.997554943071880196e-01
1.347088718414306641e+01 6.720726776123046875e+01 1.680235028266906738e+00 1.680924526244827744e-01 1.925647388816644767e-01 -9.667800932529188040e-01
-2.916280746459960938e+01 4.859663009643554688e+01 -9.906769990921020508e-01 -1.484024885108823077e-01 -3.692457657994731302e-02 9.882374598486788342e-01
7.322341156005859375e+01 3.029599571228027344e+01 6.385495185852050781e+00 2.381630287107404376e-01 1.655480688086480856e-01 -9.570121256645884866e-01
-2.666159057617187500e+01 1.168875408172607422e+01 9.826809763908386230e-01 -1.564583324969703315e-01 7.187909117010518600e-02 9.850655746927851064e-01
1.892341995239257812e+01 -8.048846244812011719e+00 3.672762870788574219e+00 -4.320142957643326870e-02 3.458270827742359471e-02 9.984676623560480024e-01
-1.046973800659179688e+01 -1.022221565246582031e+01 -1.336686801910400391e+01 -4.132117430717036077e-01 -4.289226907447551418e-01 -8.032940811134634540e-01
8.123257637023925781e+00 -1.280579757690429688e+01 -1.265989398956298828e+01 3.703425594110773544e-01 -6.083717206013684597e-01 -7.019474611830881505e-01
2.545700645446777344e+01 7.801232147216796875e+01 7.917703151702880859e+00 3.929963099168481966e-01 8.202450463511293810e-01 -4.156344118671770893e-01
6.279499435424804688e+01 4.149808502197265625e+01 1.063641262054443359e+01 -2.384375643466172257e-01 -1.976128078371890140e-01 9.508400002561707698e-01
1.032643985748291016e+01 -3.241286087036132812e+01 -3.658241033554077148e+00 -1.537085348964137461e-02 -2.097614986421152822e-02 -9.996618118143125731e-01
-2.267242431640625000e+01 -1.659653091430664062e+01 -4.681794166564941406e+00 -3.223047763232675389e-02 -1.330091886455216366e-01 -9.905906076919224201e-01
-1.418452978134155273e+00 4.062921905517578125e+01 1.568094968795776367e+00 -5.701563637633220993e-02 1.067203200245728373e-01 9.926530060914814380e-01
-2.129341697692871094e+01 7.272524261474609375e+01 2.826655864715576172e+00 -1.192594756285831198e-01 -1.578278406397377043e-01 9.802385169905297735e-01
-4.162843704223632812e+01 -1.525057506561279297e+01 1.185559988021850586e+00 -1.395809962378564695e-01 2.446068653988867428e-02 9.899084908733962740e-01
-1.436873435974121094e+01 3.806111145019531250e+01 -5.215085983276367188e+00 1.582423810372901585e-01 -3.374499315325008020e-02 -9.868235020918059153e-01
4.556011581420898438e+01 -2.600148963928222656e+01 3.923156976699829102e+00 -1.535632538422622984e-01 1.562225853352788331e-02 9.880153197737819859e-01
7.351239013671875000e+01 -3.579308700561523438e+01 7.285184860229492188e+00 9.021712161203918612e-01 -4.292434079919042467e-01 -4.286249525341449818e-02
4.098786163330078125e+01 -4.660641860961914062e+01 -1.683663010597229004e+00 7.713898010329971189e-02 -7.439077089391467335e-02 -9.942412136672024170e-01
-1.071828365325927734e+01 5.864144515991210938e+01 2.229715108871459961e+00 -1.058001099230798381e-01 -9.983151410149194993e-02 9.893634345034527655e-01
-1.117775535583496094e+01 -1.515228986740112305e+00 -5.067162990570068359e+00 -5.117962770471473632e-01 4.999716229313748150e-01 -6.986364913630310758e-01
1.315888214111328125e+01 -5.941986083984375000e+00 -4.361688137054443359e+00 -5.091112015493590853e-02 3.837830612755206011e-02 -9.979655121612919233e-01
-3.423136520385742188e+01 -7.489321899414062500e+01 -3.609324932098388672e+00 -2.196027751658564953e-01 -6.357494379906146742e-01 -7.399981575882954576e-01
-8.062305450439453125e+00 3.113904190063476562e+01 1.746231079101562500e+00 -4.733661991600041780e-02 4.624274945816828769e-02 9.978080238891031684e-01
-1.886809539794921875e+01 1.201328754425048828e+01 -5.598425865173339844e+00 -2.332188648884763252e-02 2.493326017570790532e-02 -9.994170411532974363e-01
2.864377784729003906e+01 6.840647888183593750e+01 9.725521087646484375e+00 -1.869981830163985614e-01 -2.125105028166011656e-01 9.590990385466982016e-01
2.665766143798828125e+01 3.216381835937500000e+01 2.453868865966796875e+00 -8.100684766092935973e-02 -7.405795047959080890e-02 9.939584048655163429e-01
4.534336090087890625e+00 1.482452869415283203e+01 -1.223392295837402344e+01 3.651651844467022623e-01 9.222727792397614754e-01 -1.267568883389467715e-01
-2.526882362365722656e+01 -7.830022430419921875e+01 -2.935348033905029297e+00 -1.216808511055348374e-01 -5.978863246276452381e-01 -7.922914320485100470e-01
1.255148124694824219e+01 9.929146766662597656e+00 -4.544285774230957031e+00 -6.135162179392053550e-02 -2.697535172397684880e-02 -9.977516268604244010e-01
4.782302856445312500e+01 1.164082527160644531e+01 3.723396062850952148e+00 -1.364318944149352508e-01 -3.481426887544290111e-02 9.900375270003761718e-01
-3.153808021545410156e+01 2.746569633483886719e+01 -6.692609786987304688e+00 1.230692539814632752e-01 -4.557181093611192141e-02 -9.913511833716895927e-01
6.106830596923828125e+01 3.583549880981445312e+01 4.123709201812744141e+00 2.968938496100985147e-01 1.992075594580021702e-01 -9.339006319295873881e-01
1.927353668212890625e+01 1.259053039550781250e+01 3.498022079467773438e+00 4.497745903104382464e-02 3.959922942461408663e-02 9.982028497294964664e-01
5.934888076782226562e+01 -5.530187225341796875e+01 2.601984024047851562e+00 6.348484906331817168e-01 -4.713471858753334742e-01 -6.122084810815471290e-01
-4.850962162017822266e+00 -8.066906738281250000e+01 5.123357772827148438e+00 1.298708332079569379e-02 7.107848296776897445e-01 7.032896000701817085e-01
-3.485398054122924805e+00 -5.900160980224609375e+01 2.818634033203125000e+00 8.240415662496017313e-03 7.849242456535777956e-02 9.968806522525958114e-01
-4.151056289672851562e+01 7.078901672363281250e+01 2.188098907470703125e+00 -4.564307003237376426e-02 -3.820337048506091127e-01 9.230205623474146970e-01
-1.594107437133789062e+01 4.866878890991210938e+01 8.074669837951660156e-01 -9.259525813490092350e-02 -8.202878452671372167e-02 9.923192010033873300e-01
-3.257596588134765625e+01 -5.049849700927734375e+01 -2.715718984603881836e+00 1.142838973128062485e-01 1.242450004459791230e-01 -9.856481982326019686e-01
4.445652961730957031e+00 2.553002929687500000e+01 2.597082138061523438e+00 -3.257362270681126576e-02 1.151041300555355057e-01 9.928192173542537136e-01
8.134526824951171875e+01 1.000338268280029297e+01 9.826697349548339844e+00 9.879271532274054302e-01 8.006956072309914796e-02 1.326227935220957443e-01
-1.059552001953125000e+01 -4.732919311523437500e+01 -2.407891988754272461e+00 -5.826906929799448298e-02 -3.540020167565060411e-02 -9.976730633250899816e-01
-3.316554260253906250e+01 8.136310577392578125e+00 -5.697299957275390625e+00 1.000001965548000965e-04 -8.822646242111417680e-02 -9.961004373699554604e-01
-4.412607574462890625e+01 8.146640062332153320e-01 -5.219987869262695312e+00 1.185225285786784821e-01 -9.448182882667646720e-02 -9.884460502429471829e-01
-2.238522720336914062e+01 3.750460052490234375e+01 -5.953400135040283203e-01 -1.450179587301852202e-01 7.781328467901444702e-03 9.893984245858716831e-01
5.462314128875732422e+00 4.921535968780517578e+00 3.445913076400756836e+00 -8.804721616406916557e-03 1.958743658220434697e-02 9.997693780094465410e-01
4.089326095581054688e+01 -8.846808433532714844e+00 2.921407938003540039e+00 -2.280693749378995966e-02 -1.489357472208066926e-02 9.996289436756781166e-01
6.524582862854003906e+00 -3.966062545776367188e+01 2.626564025878906250e+00 1.264189585891678513e-02 2.283083635227199995e-02 9.996594096893942627e-01
-2.408609986305236816e-01 1.884616661071777344e+01 -4.794263839721679688e+00 4.945254201752890405e-02 2.764399890661246167e-02 -9.983938378277661396e-01
2.625841331481933594e+01 -4.230415725708007812e+01 2.639175891876220703e+00 -6.544569369231195699e-02 6.653975293948409531e-02 9.956351352056055370e-01
-6.656640172004699707e-01 -7.080010986328125000e+01 2.797369003295898438e+00 -2.386374242707870255e-02 -8.105501453956177535e-03 9.996823608744700440e-01
4.538307189941406250e+00 7.271170043945312500e+01 6.243997097015380859e+00 -2.484717313859685917e-01 -2.179101213444300522e-01 9.438098207359970626e-01
-4.061996078491210938e+01 -6.425482940673828125e+01 -8.372999727725982666e-02 -2.055458986710696212e-01 -8.843850019821267172e-02 9.746432758821009790e-01
3.440769577026367188e+01 -2.351518440246582031e+01 2.873070001602172852e+00 -5.600300033745229944e-02 6.316055969961442869e-03 9.984106226348894442e-01
4.947342681884765625e+01 5.683919787406921387e-01 3.771399021148681641e+00 -1.257560609501560123e-01 -2.453391227052490950e-02 9.917577830715537113e-01
3.677223205566406250e+01 1.538512229919433594e+01 2.610950946807861328e+00 -9.104691996333960646e-02 -6.918906811919463273e-02 9.934401497916152124e-01
7.697582244873046875e+01 -1.010718345642089844e+01 3.438764095306396484e+00 2.305739507281440170e-01 -7.127044399422509391e-02 -9.704412280290246606e-01
1.035470390319824219e+01 -2.549251747131347656e+01 3.247277975082397461e+00 1.854888277404567049e-02 -4.371654623846422949e-02 9.988717648090843504e-01
-1.502093887329101562e+01 -3.411897659301757812e+01 -3.749938011169433594e+00 3.880850853174906967e-01 -1.121361997334690969e-01 -9.147761689415895292e-01
-8.369675636291503906e+00 7.708636474609375000e+01 4.502510130405426025e-01 1.382017007501090966e-01 1.555723566551388548e-01 -9.781091614715321514e-01
6.264068984985351562e+01 1.981010246276855469e+01 1.922459006309509277e+00 1.915007411565531059e-01 1.181995309617601547e-01 -9.743491863890022531e-01
-5.776758193969726562e+01 -1.945041275024414062e+01 -3.794169902801513672e+00 -5.891145622130294912e-01 -2.277915037153519229e-01 -7.752774106238677909e-01
-1.610762977600097656e+01 -5.619446563720703125e+01 -2.054980039596557617e+00 6.187983802048797194e-02 -2.190034169202343967e-03 -9.980812038090367544e-01
3.711005401611328125e+01 2.815465545654296875e+01 3.559041023254394531e+00 -1.554188669217865526e-01 -8.750133587211146591e-02 9.839656965694200119e-01
1.125013351440429688e+01 -6.317858123779296875e+01 -1.974720954895019531e+00 3.882607360235403732e-02 -1.307361279048843972e-01 -9.906566513525573159e-01
-2.799739265441894531e+01 -7.050191879272460938e+00 1.725907087326049805e+00 -5.466208259465740044e-02 8.528972787145885914e-02 9.948556272374536880e-01
6.326307678222656250e+01 -5.907649993896484375e+00 5.575720071792602539e-01 2.118110309158749704e-01 -4.700600441204903432e-03 -9.772993356888390881e-01
4.002309036254882812e+01 3.693745040893554688e+01 -7.987160086631774902e-01 1.659529621809355260e-01 1.797723410664128496e-01 -9.696089519651074351e-01
4.907508850097656250e+01 3.451395797729492188e+01 6.350979804992675781e-01 2.680621257227303600e-01 1.865493015341906369e-01 -9.451677390019809222e-01
1.209857082366943359e+01 -5.132391357421875000e+01 -2.667150020599365234e+00 9.026671318750635262e-03 -5.178701400440741121e-02 -9.986173563409613818e-01
7.149962615966796875e+01 3.533859968185424805e+00 6.780959129333496094e+00 -1.822156778785080922e-01 -1.099160728482827670e-01 9.770956471425337186e-01
-3.973337173461914062e+01 -3.553414154052734375e+01 1.917026042938232422e+00 -1.148434998953321712e-01 -3.154312079398145785e-02 9.928826728583629579e-01
-3.154185104370117188e+01 3.539169692993164062e+01 -7.080442905426025391e+00 8.322844718261813990e-02 -3.124562088442061833e-02 -9.960405296749311743e-01
-6.911550045013427734e+00 6.957929992675781250e+01 -8.123610019683837891e-01 1.708237873268519391e-01 2.160392077649741505e-01 -9.613252802207965519e-01
3.134845924377441406e+01 -3.018900489807128906e+01 -2.780961036682128906e+00 6.136091555431823219e-02 5.783350566132643145e-02 -9.964387204767070072e-01
2.532218933105468750e+00 3.688262176513671875e+01 -3.925061941146850586e+00 1.049952133637549329e-01 8.085367953792398088e-02 -9.911804516211355498e-01
-3.973349761962890625e+01 -3.732311964035034180e+00 8.277559876441955566e-01 3.844050718785295070e-03 -5.710440231288470975e-02 9.983608117862797782e-01
3.356400680541992188e+01 -7.392706298828125000e+01 8.181610107421875000e+00 1.028710557695999839e-01 -2.934831333010605725e-01 9.504131713905483725e-01
-2.243191337585449219e+01 -4.499898529052734375e+01 3.115832090377807617e+00 2.720973869993585995e-02 3.842487357192624076e-02 9.988909646257005948e-01
-1.738396453857421875e+01 -6.543028259277343750e+01 -2.746665000915527344e+00 1.343925240661384690e-01 3.858763985698394905e-02 -9.901765718928113857e-01
-3.355102157592773438e+01 -5.882358551025390625e+01 -3.579637050628662109e+00 1.197260329832167264e-01 5.771741113855267946e-02 -9.911278310478244258e-01
1.605697822570800781e+01 7.103500366210937500e+01 7.804244041442871094e+00 -2.023280761219507229e-01 -2.023415934495513546e-01 9.581864271492716023e-01
4.294371795654296875e+01 4.675097274780273438e+01 7.317286968231201172e+00 -2.154914295104191635e-01 -2.207988601376694449e-01 9.512156996020734168e-01
-2.638269805908203125e+01 -1.207123041152954102e+00 -5.554512023925781250e+00 -5.093333473035137338e-02 2.110767499377243228e-02 -9.984789739747168547e-01
-1.613755416870117188e+01 8.115825653076171875e+01 7.243395805358886719e+00 -1.108341162376561134e-01 2.106372319997865117e-01 9.712609099378426425e-01
7.866992950439453125e+01 1.617851257324218750e+01 5.422485828399658203e+00 3.194085950415639363e-01 1.340082893131156472e-01 -9.380937734624117397e-01
-2.988077735900878906e+01 7.599436950683593750e+01 4.620638847351074219e+00 -5.005221831522539862e-03 -5.132116140669391591e-01 8.582475091377920196e-01
-1.744155311584472656e+01 -8.009632873535156250e+01 -2.500771999359130859e+00 -2.049704488983726536e-02 -4.318250131873919151e-01 -9.017244751788058288e-01
4.956436920166015625e+01 2.318489265441894531e+01 -7.711129784584045410e-01 1.498311540663521124e-01 1.380553287341836632e-01 -9.790257154330734846e-01
1.506393146514892578e+01 2.553368186950683594e+01 -4.172094821929931641e+00 6.733263609685609906e-03 3.037512941135776801e-02 -9.995158901560323716e-01
1.825654029846191406e+01 7.785968780517578125e+01 5.467148780822753906e+00 2.360385493492072884e-01 2.617109705429651600e-01 -9.358382184536925275e-01
-1.825567817687988281e+01 -6.552720069885253906e+00 -5.715369224548339844e+00 5.659348076202075362e-02 -7.007111366805147956e-02 -9.959353477834581581e-01
2.536146736145019531e+01 -5.406646347045898438e+01 2.981477022171020508e+00 -4.343193050094373842e-02 1.012866778218996233e-01 9.939087867147385902e-01
-4.019048690795898438e+01 4.455691528320312500e+01 -2.924816131591796875e+00 -1.688802191739149361e-01 -1.277700399089457114e-03 9.856357537414419667e-01
1.696500015258789062e+01 -4.035483551025390625e+01 2.499372005462646484e+00 -8.031781361761929213e-04 -1.370573013596090330e-02 9.999057494915816191e-01
6.228138923645019531e+00 8.055989837646484375e+01 3.460113048553466797e+00 1.853435698649587571e-01 2.398503965471226185e-01 -9.529530672524754165e-01
3.845149040222167969e+00 -1.199873256683349609e+01 3.422418117523193359e+00 -4.013256204648131542e-02 1.392582299406645331e-02 9.990973170404989778e-01
4.212569046020507812e+01 -1.882561492919921875e+01 3.321888923645019531e+00 -1.063524891332462419e-01 -1.426659994828311830e-02 9.942261373455630880e-01
-2.192979240417480469e+01 5.887386703491210938e+01 -4.551321983337402344e+00 1.367435840809026748e-01 1.755438373204924463e-01 -9.749284862960491127e-01
1.370276451110839844e+01 1.750100517272949219e+01 3.408039093017578125e+00 3.242232954815828933e-02 8.339085267709824001e-02 9.959893364070004917e-01
-2.168499183654785156e+01 -5.530260848999023438e+01 2.800037860870361328e+00 -4.307054980317107096e-02 -3.264292263822437395e-02 9.985386158488249730e-01
-2.786463928222656250e+01 -2.680720520019531250e+01 2.728564977645874023e+00 6.247838584954311034e-03 5.408772212471207874e-02 9.985166412375791056e-01
-3.685316085815429688e+01 5.570825195312500000e+01 -7.006018161773681641e+00 1.638429281279822347e-01 7.677198669188057059e-03 -9.864565654518413496e-01
3.347964477539062500e+01 5.787624740600585938e+01 3.046123027801513672e+00 2.052868795095671162e-01 1.935986276096441361e-01 -9.593627408279346014e-01
-2.784329032897949219e+01 -3.842230606079101562e+01 -2.448647975921630859e+00 6.823923616730155628e-02 -8.833082136482901803e-02 -9.937510113928528233e-01
5.781569290161132812e+01 1.093155288696289062e+01 -2.216659933328628540e-01 2.375992970940596916e-01 3.815382921215804829e-02 -9.706136509120701916e-01
2.400116348266601562e+01 6.366189956665039062e+01 2.818578004837036133e+00 1.234744259000914723e-01 2.161496482591468149e-01 -9.685212417423223474e-01
1.224068355560302734e+01 5.697111511230468750e+01 4.690317153930664062e+00 -9.716619433197939970e-02 -1.377713555778736221e-01 9.856864533213770541e-01
-5.022590255737304688e+01 -3.250228881835937500e+01 -3.718389034271240234e+00 -5.973247530902031643e-01 -4.628066035158773794e-01 -6.549909824477166964e-01
-1.208161354064941406e+01 4.544005870819091797e+00 2.606315135955810547e+00 -1.095438756362808880e-01 5.963631229388023647e-02 9.921913371757333788e-01
-2.059967041015625000e+01 6.518685913085937500e+01 1.882926940917968750e+00 -2.314464338650915332e-01 -9.502209560069091454e-02 9.681959252128595761e-01
5.882879257202148438e+00 6.812263488769531250e+01 7.108650207519531250e-01 1.395298293306480308e-01 1.654248411741217617e-01 -9.763022322260033192e-01
-3.251607131958007812e+01 -7.154621124267578125e+00 -5.106368064880371094e+00 -7.466417547867368332e-02 -3.559991331487670496e-02 -9.965730816513473922e-01
7.410905456542968750e+01 3.562186431884765625e+01 1.206169128417968750e+01 8.949262534636059918e-01 4.164488624990275167e-01 1.602415232855068095e-01
5.572025299072265625e+01 -3.604114913940429688e+01 3.809979856014251709e-01 1.085786410579871603e-01 -7.685852119265021432e-02 -9.911122269582187672e-01
-4.022057342529296875e+01 -7.082720947265625000e+01 -4.479897022247314453e+00 -3.511030779239383143e-02 -1.436644529089775302e-01 -9.890034333899390129e-01
-2.376741600036621094e+01 4.998471832275390625e+01 -5.948517799377441406e+00 1.222695106349156596e-01 1.580334273116528188e-01 -9.798344771548053167e-01
3.116470146179199219e+01 5.659520030021667480e-01 3.170452117919921875e+00 1.042949750488800648e-01 3.766589790553340200e-02 9.938329026121662801e-01
6.187916183471679688e+01 -2.839324188232421875e+01 1.009294986724853516e+00 7.448806800013067775e-02 2.676835171672720115e-02 -9.968625698018647174e-01
7.809899902343750000e+01 -2.279737663269042969e+01 4.933993816375732422e+00 9.266012184388375816e-01 -2.431921040529089750e-01 -2.868236087109647947e-01
6.084952926635742188e+01 4.326153755187988281e+00 3.194659948348999023e-01 2.432165964051491436e-01 5.236023424471371313e-02 -9.685577386521329046e-01
-2.821866989135742188e+01 1.348658370971679688e+01 -5.879792213439941406e+00 -3.290536323379947281e-02 -1.015557732738086721e-01 -9.942855032560871109e-01
2.649661064147949219e+00 -4.585766220092773438e+01 -2.777700901031494141e+00 -4.497643736148173622e-03 -4.244221466818473912e-03 -9.999808787096697849e-01
3.989821624755859375e+01 -3.539257812500000000e+01 -1.781841039657592773e+00 1.387600446776415808e-01 -1.484391132026821256e-02 -9.902147788726317623e-01
1.999552154541015625e+01 5.462779235839843750e+01 5.157506942749023438e+00 -1.105740871707075884e-01 -1.586634919029591972e-01 9.811214336582012585e-01
-3.094621467590332031e+01 6.351748275756835938e+01 -5.258512020111083984e+00 1.457066769861381783e-01 1.710758288065573618e-01 -9.744242531258171525e-01
-8.409317970275878906e+00 -2.885277938842773438e+01 2.971537113189697266e+00 2.292497112059737469e-02 2.088759402577326438e-02 9.995189613583796984e-01
-8.831990242004394531e+00 4.931218338012695312e+01 1.574455022811889648e+00 -7.997978502396109468e-02 -1.111636311035889696e-01 9.905785587763275002e-01
2.750761795043945312e+01 2.454004669189453125e+01 -3.340435981750488281e+00 9.735260769751380439e-02 -1.843117413159055251e-02 -9.950792740252532020e-01
2.730678558349609375e+01 4.010446929931640625e+01 3.398324012756347656e+00 -1.228305040387056707e-01 -6.844124171336025964e-02 9.900648785359122961e-01
-1.037488746643066406e+01 -7.724855804443359375e+01 -2.225920915603637695e+00 6.650552263145846632e-02 -6.929286798020561911e-02 -9.953770712180356472e-01
2.903368949890136719e+00 -6.260966110229492188e+01 -2.202749013900756836e+00 1.137196996535799233e-02 1.389583588123238442e-02 -9.998387790260331309e-01
4.622489166259765625e+01 -4.178168106079101562e+01 -8.540560007095336914e-01 1.226104319452768487e-01 -1.699250627174886050e-02 -9.923093956568168617e-01
-3.155957794189453125e+01 -2.723358345031738281e+01 -3.362323999404907227e+00 2.141977081835839264e-02 -5.575699024628732320e-02 -9.982145818694316830e-01
-4.709211349487304688e+01 -2.583408546447753906e+01 -3.951221942901611328e+00 -1.876089465225438957e-02 -2.197505350848759711e-02 -9.995824757643292369e-01
-1.761294746398925781e+01 -4.601501083374023438e+01 -2.355895042419433594e+00 -1.074082184538302162e-02 -8.056120640996394799e-02 -9.966917912613992847e-01
-1.133238029479980469e+01 -3.570595169067382812e+01 2.861239910125732422e+00 3.891501976466364698e-03 1.179255768217091563e-02 9.999228929250894016e-01
5.086881637573242188e+01 -2.639841651916503906e+01 -7.919309735298156738e-01 2.199035718965918762e-01 -6.619775169423552930e-02 -9.732729713383336811e-01
4.041261291503906250e+01 -6.785620117187500000e+01 8.903189897537231445e-01 9.143302814568543546e-02 -1.577336020048984433e-01 -9.832396005870951416e-01
-1.399890708923339844e+01 4.514867401123046875e+01 -5.081743240356445312e+00 4.392718520639257024e-02 1.802187753094446621e-01 -9.826452032273943482e-01
4.595484924316406250e+01 -6.678101348876953125e+01 8.302807807922363281e+00 -8.800540915631809014e-03 -2.290835179052817458e-02 9.996988335983161278e-01
4.162057876586914062e+01 5.992834091186523438e+00 -2.824522018432617188e+00 1.265554227040812385e-01 -7.205618118774736146e-03 -9.919333667397814969e-01
3.451655960083007812e+01 4.456771087646484375e+01 5.351467132568359375e+00 -1.339897521968254901e-01 -1.488100636106536312e-01 9.797460442759778898e-01
5.769895172119140625e+01 -1.777635383605957031e+01 4.848784923553466797e+00 -1.277541117935347137e-01 8.368410564247606709e-03 9.917705665245734048e-01
6.868872833251953125e+01 -3.984827423095703125e+01 2.471944093704223633e+00 1.409473568897073037e-01 -6.771665684307671962e-02 -9.876984848483884027e-01
-2.713716697692871094e+01 -1.417912483215332031e+01 2.144856929779052734e+00 -4.790676855913655885e-02 4.327348711295393030e-02 9.979139977168905995e-01
4.559275054931640625e+01 5.472367477416992188e+01 9.585496902465820312e+00 -2.332712068860090526e-01 -2.750475169171638368e-01 9.327022072857162893e-01
1.218183422088623047e+01 -8.050034332275390625e+01 -2.896399982273578644e-02 1.623970676051141038e-01 -2.892801933450901974e-01 -9.433685187515467030e-01
-4.718970060348510742e-01 5.949418640136718750e+01 3.546597957611083984e+00 -1.401303906864061477e-01 -9.182198153506136717e-02 9.858662167419320888e-01
6.596112060546875000e+01 -1.605268287658691406e+01 5.354178905487060547e+00 -9.945349301872373482e-02 -1.343191905828884647e-03 9.950413049526531939e-01
1.613572692871093750e+01 3.324645996093750000e+01 -3.949726104736328125e+00 2.228356843226305881e-02 -4.317784600325617894e-02 -9.988188605510229801e-01
2.816894912719726562e+01 -5.091049194335937500e+00 -3.613188982009887695e+00 1.385553560633025760e-01 4.613620035648865331e-02 -9.892794672501989961e-01
-3.715045928955078125e+01 -1.571397876739501953e+01 -4.412540912628173828e+00 -1.716575017187159380e-02 -8.794244462086053815e-02 -9.959776420458161805e-01
-2.827737045288085938e+01 4.464153671264648438e+01 -6.732397079467773438e+00 6.928458681821141052e-02 1.141785010196065958e-01 -9.910413290747998039e-01
8.153285217285156250e+01 -2.906127929687500000e+00 6.504588127136230469e+00 9.941872566996261540e-01 -6.804389108118802376e-02 -8.343696724236261686e-02
4.657512283325195312e+01 -5.918635177612304688e+01 4.605741024017333984e+00 -1.012894238037094635e-01 3.992735388442618383e-02 9.940554607451740354e-01
6.910391998291015625e+01 4.435589218139648438e+01 9.499038696289062500e+00 8.104776727177097628e-01 5.706424543299160046e-01 -1.322616019198876725e-01
-4.838707923889160156e+00 5.538763427734375000e+01 -2.994755983352661133e+00 9.518127600466250171e-02 1.670614251956295260e-01 -9.813414313630751673e-01
-5.205087661743164062e+01 -8.521075248718261719e+00 -2.681665897369384766e+00 -5.163422354303158768e-01 7.414177925827648563e-01 -4.285911253777011654e-01
-1.518556118011474609e+01 3.092586708068847656e+01 -5.818482875823974609e+00 2.259446770975831742e-01 9.574444420703215330e-02 -9.694235422635222310e-01
1.443503022193908691e+00 -3.173348617553710938e+01 -3.658773899078369141e+00 9.914426736363774265e-03 -1.006376640585496807e-01 -9.948737431027756539e-01
-2.571425628662109375e+01 1.862747573852539062e+01 5.070030093193054199e-01 -1.389443271118120660e-01 4.873447628641808943e-02 9.891003107797178284e-01
5.174379944801330566e-01 -8.249820709228515625e+01 -4.350309967994689941e-01 2.244880016029058081e-02 -8.460337124749652826e-01 -5.326565579500462944e-01
-3.857855224609375000e+01 2.719649314880371094e+01 -7.509691238403320312e+00 7.751184742072718403e-02 -4.120808194385262857e-02 -9.961394518298802847e-01
4.434908294677734375e+01 6.763074493408203125e+01 8.819085121154785156e+00 3.151435583042505595e-01 4.515896698536436826e-01 -8.347163037468553481e-01
-1.735365295410156250e+01 -2.314180374145507812e+01 2.886367082595825195e+00 -3.141626988604269421e-02 -1.614868744959545646e-03 9.995050826210859496e-01
3.108013153076171875e+01 3.661605453491210938e+01 -2.188098907470703125e+00 1.089968118923156370e-01 9.859921595943285655e-02 -9.891399747303191159e-01
3.369326019287109375e+01 9.162669181823730469e+00 2.808896064758300781e+00 3.287870872113773935e-02 1.438175061772054182e-02 9.993558704295484318e-01
4.689396667480468750e+01 -2.075833511352539062e+01 -1.515887022018432617e+00 1.248980900418772688e-01 -5.988180745107376385e-02 -9.903608616258438024e-01
1.846013259887695312e+01 2.978012847900390625e+01 2.448133945465087891e+00 3.696312040178153374e-02 1.519225870684332708e-02 9.992011424160541777e-01
2.683608436584472656e+01 4.784415054321289062e+01 4.854097843170166016e+00 -1.271088865686271219e-01 -1.629747177617183462e-01 9.784081828796057367e-01
-9.885203361511230469e+00 -2.397043228149414062e+01 -4.366981029510498047e+00 -4.110861453647798522e-03 -7.225563232868321972e-02 -9.973776739103853428e-01
-1.440251827239990234e+01 3.618957042694091797e+00 -1.132184886932373047e+01 -8.590326950551957497e-01 1.407786078204898983e-01 4.921831086154132562e-01
2.582118225097656250e+01 1.620982360839843750e+01 3.069917917251586914e+00 7.239686418629048825e-02 3.524914059617710593e-02 9.967528239956096048e-01
2.627696037292480469e+01 -2.160988044738769531e+01 2.901576995849609375e+00 3.703066550704887244e-02 -2.154564370861878145e-02 9.990818360120888864e-01
1.700959014892578125e+01 6.034925937652587891e+00 3.677030086517333984e+00 -2.120880459658393627e-02 2.317190719713978740e-03 9.997723827125614138e-01
3.597834777832031250e+01 2.911759912967681885e-01 -3.166537046432495117e+00 1.085341182079984645e-01 -8.693973338162818109e-06 -9.940927246033073317e-01
7.971411132812500000e+01 3.480062961578369141e+00 4.681725978851318359e+00 3.322524265524475773e-01 6.375556591873314527e-02 -9.410332368542529968e-01
-2.841670036315917969e+00 2.661934661865234375e+01 2.200861930847167969e+00 -4.594943033017582362e-02 6.648418656957490180e-02 9.967289013510717277e-01
-2.966808319091796875e+01 3.186078262329101562e+01 -1.458104968070983887e+00 -1.943988448402321489e-01 4.910507534959342862e-02 9.796926970737783735e-01
-1.055894470214843750e+01 -6.617350769042968750e+01 -2.319781064987182617e+00 3.746072647022131302e-02 1.030507138366599726e-02 -9.992449646988973422e-01
-8.574224472045898438e+00 -4.329793167114257812e+01 2.816347122192382812e+00 -3.512701555327544384e-03 -4.388558569608905918e-02 9.990303880743039988e-01
3.599695205688476562e+01 -5.614962005615234375e+01 3.630109071731567383e+00 -2.157561465249324337e-02 4.653701712535327634e-02 9.986835329019106977e-01
-2.260312461853027344e+01 4.645389175415039062e+01 -1.504510045051574707e-01 -1.361163110956005728e-01 -5.559834647225309068e-02 9.891315249870853421e-01
6.445099711418151855e-01 1.388282585144042969e+01 3.069628953933715820e+00 -5.767551687583971631e-02 5.743974315868011216e-03 9.983188576362581612e-01
-3.525331878662109375e+01 5.165004348754882812e+01 -1.706527948379516602e+00 -1.541625536232403837e-01 -9.234013786447019256e-02 9.837211017354117182e-01
1.361604690551757812e+01 4.734682083129882812e+01 3.332624912261962891e+00 -6.690599296136238994e-02 -1.325092966455703736e-01 9.889210658128131382e-01
-4.945459747314453125e+01 5.845013809204101562e+01 -3.763279914855957031e+00 -1.610484687290987538e-01 2.795068121301518688e-02 9.865506323244342957e-01
-3.085366439819335938e+01 -6.294182205200195312e+01 1.106305956840515137e+00 -1.388509389311195219e-01 -9.429157664510084969e-02 9.858141383302065908e-01
7.371356010437011719e+00 3.169843101501464844e+01 2.362802028656005859e+00 -5.584312054732123998e-02 6.495707663640891416e-02 9.963243066805049786e-01
2.152766942977905273e+00 5.087350082397460938e+01 -2.823061943054199219e+00 8.872218390940485311e-02 8.904338560553683168e-02 -9.920683693991303453e-01
7.283184814453125000e+01 2.066674995422363281e+01 9.428385734558105469e+00 -1.767361260731001582e-01 -1.321833892060190474e-01 9.753419366348824449e-01
3.313722610473632812e+01 7.310408782958984375e+01 7.706879138946533203e+00 2.250524137461668017e-01 2.836038441708554902e-01 -9.321589299247940996e-01
3.196986579895019531e+01 -6.567196655273437500e+01 -3.026449978351593018e-01 1.127697410760893498e-01 -1.669781394419028175e-01 -9.794903197307017750e-01
2.182107162475585938e+01 -6.411832427978515625e+01 -1.327070951461791992e+00 5.747644310733485140e-02 -9.829492169096343268e-02 -9.934961332876421913e-01
-1.738726997375488281e+01 5.787219619750976562e+01 1.478235006332397461e+00 -1.202950586631089946e-01 -9.908334457208906043e-02 9.877811446315666322e-01
6.342391586303710938e+01 2.321744728088378906e+01 7.691792964935302734e+00 -2.866558711102619728e-01 -1.513863166941279426e-01 9.459971430590063957e-01
3.708347702026367188e+01 -3.181929111480712891e+00 2.728873968124389648e+00 8.357088609903653986e-02 -1.185364011836021955e-02 9.964313314085252449e-01
3.417625808715820312e+01 -4.266963958740234375e+01 3.213189125061035156e+00 -1.837247447729167815e-02 1.571725985563297498e-02 9.997076672328825131e-01
-1.734601783752441406e+01 6.975218200683593750e+01 -1.801140069961547852e+00 4.191837499313831594e-02 2.117470394406109069e-01 -9.764251333953212209e-01
5.082383155822753906e+00 -5.852777862548828125e+01 2.651739120483398438e+00 1.093590421614273021e-02 6.390553613038904568e-02 9.978960308824076364e-01
5.613472366333007812e+01 4.661649322509765625e+01 1.014204406738281250e+01 -2.902289076595331307e-01 -2.778974622426580443e-01 9.157183964723242253e-01
3.529499435424804688e+01 -1.942635917663574219e+01 -2.813225030899047852e+00 6.514097125986975656e-02 -1.052262614699670529e-01 -9.923124950137304223e-01
-3.355305099487304688e+01 1.893617057800292969e+01 -6.448208808898925781e+00 9.331832957470674594e-02 -5.048931315461940850e-02 -9.943553281511399167e-01
-7.715206146240234375e+00 -5.042605209350585938e+01 2.814563989639282227e+00 6.684580256736215309e-02 -5.821452546560699354e-02 9.960636062541083913e-01
-7.853901863098144531e+00 6.460099792480468750e+01 3.542984008789062500e+00 -8.326098613367906298e-02 -1.815836751354251710e-01 9.798443637192387756e-01
-3.146010017395019531e+01 6.803657054901123047e+00 7.621189951896667480e-01 -1.131931040725974447e-01 5.568948143920522675e-02 9.920110900828894573e-01
-2.079090881347656250e+01 1.845409584045410156e+01 -5.700571060180664062e+00 5.301998161006626215e-02 -5.032754180122536031e-02 -9.973244307076379878e-01
3.197564315795898438e+01 6.512573242187500000e+01 4.780375957489013672e+00 2.271444810154296390e-01 2.837871766889892289e-01 -9.315955254782644079e-01
2.728475189208984375e+01 8.410548210144042969e+00 -3.941327095031738281e+00 9.582500758712426958e-02 9.326968803147359099e-02 -9.910188359539081615e-01
-1.805539894104003906e+01 5.327771759033203125e+01 -4.806017875671386719e+00 1.313472798642046080e-01 1.172255919217242287e-01 -9.843810505443894021e-01
-2.920332908630371094e+00 -5.069264221191406250e+01 -2.412061929702758789e+00 -6.573981626419012070e-02 -4.969904487624725309e-02 -9.965983551541409691e-01
-4.102065658569335938e+01 1.258388137817382812e+01 -1.408661007881164551e+00 -2.069978116701382820e-01 1.218289680174614448e-01 9.707263303916168207e-01
8.434421539306640625e+00 -7.289189147949218750e+01 3.208266973495483398e+00 -5.804778060240009530e-02 3.118342095344419501e-03 9.983089357056320612e-01
2.460662078857421875e+01 2.585912895202636719e+01 2.514997959136962891e+00 1.015641919869009722e-02 3.464387940380779518e-02 9.993481119054136164e-01
-2.518356704711914062e+01 -2.268459701538085938e+01 -3.927959918975830078e+00 -2.729990927022849997e-02 -1.144840960904539295e-01 -9.930499014129092750e-01
-5.350557804107666016e+00 -6.066045761108398438e+00 -1.442230415344238281e+01 -1.508245779248083285e-01 -8.762615560668114700e-02 -9.846692863837062104e-01
1.756386184692382812e+01 -4.423234176635742188e+01 -2.873795032501220703e+00 4.638062091974655410e-02 -3.887857983846857574e-02 -9.981669670114527992e-01
-2.562925720214843750e+01 3.857199859619140625e+01 -6.591071128845214844e+00 9.446567038456818444e-02 5.499498468950746524e-03 -9.955129294164813958e-01
-3.096982002258300781e+00 8.075222015380859375e+01 8.912480354309082031e+00 -1.848610164392953392e-01 -6.015866664069992042e-01 7.771228264581760969e-01
1.613992500305175781e+01 -3.559582519531250000e+01 -3.313847064971923828e+00 -6.795915707809837246e-03 -8.868439402693886753e-02 -9.960365925937495479e-01
-1.796104049682617188e+01 2.631481742858886719e+01 9.765669703483581543e-01 -1.257615311736455244e-01 2.234245892891450688e-02 9.918088786686021230e-01
-5.206164932250976562e+01 6.381121444702148438e+01 -7.504330277442932129e-01 -6.783793547013634573e-01 -5.394177105683632678e-02 7.327289652048795121e-01
-4.393537139892578125e+01 1.893367385864257812e+01 -2.457370996475219727e+00 -4.649693194215628322e-01 -1.848174013107895322e-02 8.851338640445162165e-01
4.450532150268554688e+01 4.903730869293212891e+00 3.064802885055541992e+00 -1.141857927745459633e-01 -2.680174391248674095e-03 9.934557974030253646e-01
-2.805717086791992188e+01 -7.235621643066406250e+01 -3.584877967834472656e+00 1.058156678812619822e-01 2.925087837724076739e-02 -9.939554469617853938e-01
3.768157196044921875e+01 -1.313398265838623047e+01 -2.775449991226196289e+00 -3.213535197422096035e-02 6.767416569708015195e-02 -9.971898146545105091e-01
9.362415313720703125e+00 -1.876309013366699219e+01 -4.561692237854003906e+00 5.492006370211494765e-02 -5.239071194174063639e-02 -9.971153393189743364e-01
5.235755920410156250e+01 6.303755950927734375e+01 9.971496582031250000e+00 5.650789547967056681e-01 7.384331101564087785e-01 -3.679705377752350293e-01
4.270998001098632812e+00 -7.108307647705078125e+01 -1.608551979064941406e+00 3.380113597594541081e-02 -1.599528751471147869e-02 -9.993005723925396655e-01
5.041804504394531250e+01 -3.715269088745117188e+00 -1.512125968933105469e+00 1.208336145578091797e-01 -4.550693498757475003e-02 -9.916291426036909495e-01
-4.479559707641601562e+01 -5.462590408325195312e+01 -1.979839950799942017e-01 -4.527445686274150782e-01 -8.049017776919344114e-02 8.879998236830114466e-01
-1.770022583007812500e+01 4.213124847412109375e+01 1.172740012407302856e-01 -9.187833347650758986e-02 -9.327996599733222316e-02 9.913915572472443705e-01
2.060396385192871094e+01 2.206612205505371094e+01 -4.054196834564208984e+00 9.115890057304670835e-02 3.258434779900863665e-02 -9.953031272556249753e-01
3.234697723388671875e+01 -4.638309097290039062e+01 -1.839177012443542480e+00 6.776502202113976470e-02 -4.113642734664690187e-02 -9.968528959358188279e-01
5.001312637329101562e+01 1.842584037780761719e+01 4.719635009765625000e+00 -2.601113196080599987e-01 -1.059147764515584317e-01 9.597521354709089847e-01
4.692137145996093750e+01 -1.354526615142822266e+01 3.780781030654907227e+00 -2.594282022938214707e-02 9.475424323203834875e-03 9.996185204428942317e-01
3.432082366943359375e+01 -9.105413436889648438e+00 2.808681964874267578e+00 8.844896815494873721e-02 -1.060590207847099745e-02 9.960242441193019047e-01
4.028607940673828125e+01 9.895161628723144531e+00 2.678262948989868164e+00 -5.182599205238388324e-02 -2.305816919876277002e-02 9.983898974754239486e-01
6.652199554443359375e+01 1.459545612335205078e+01 2.281419038772583008e+00 2.489295209485977156e-01 5.707321861717314093e-02 -9.668385290817583799e-01
5.409827423095703125e+01 1.331746578216552734e+01 4.993055820465087891e+00 -1.457134134288657346e-01 -6.179997129563697539e-02 9.873947360072194979e-01
2.017320251464843750e+01 4.318454742431640625e+01 -2.319114923477172852e+00 6.402756480802956895e-02 1.005952922566970276e-01 -9.928650754863638239e-01
5.810451126098632812e+01 -5.619340515136718750e+01 8.926071166992187500e+00 -1.814924720784541201e-01 5.577086457036067174e-02 9.818096013198923666e-01
1.134495258331298828e+01 5.001779937744140625e+01 -2.126206874847412109e+00 8.741069266472066557e-02 7.434661737334315179e-02 -9.933941570660739240e-01
2.002676200866699219e+01 -5.084853744506835938e+01 -2.367855072021484375e+00 7.218792236339834079e-02 -2.626106957417907728e-02 -9.970452648148308006e-01
1.525815200805664062e+01 6.098781204223632812e+01 5.905820131301879883e-01 1.476983124268955450e-01 2.351554597055060536e-01 -9.606701402026291969e-01
-6.492840766906738281e+00 -8.239254760742187500e+01 -9.727789759635925293e-01 9.184578782636223723e-03 -8.048992541369530684e-01 -5.933404033119286103e-01
7.704030990600585938e+00 -6.579462051391601562e+00 -1.443475151062011719e+01 1.152052620749670492e-01 -1.551524461958924683e-01 -9.811500731435884859e-01
3.690169143676757812e+01 5.047837066650390625e+01 1.630006074905395508e+00 2.235170794999989108e-01 2.220562317412299591e-01 -9.490685671313092708e-01
-3.803965091705322266e+00 -4.300861740112304688e+01 -2.697624921798706055e+00 -1.336837668078881894e-02 -5.680790065014496709e-02 -9.982956220121591562e-01
-3.026636123657226562e+01 2.326115798950195312e+01 -6.368669867515563965e-01 -1.733543095817068058e-01 8.496113084931646020e-02 9.811879991083538588e-01
5.199922943115234375e+01 4.137919235229492188e+01 8.000203132629394531e+00 -1.743387139935533570e-01 -1.136580970144904640e-01 9.781042121298316738e-01
6.910166931152343750e+01 -3.491187095642089844e+00 1.847867012023925781e+00 1.729867473101137920e-01 1.442935150960327579e-03 -9.849230950654050964e-01
-4.298403930664062500e+01 2.870392036437988281e+01 -2.974441051483154297e+00 -1.205933240940228329e-01 4.978863360235539354e-02 9.914526424131232529e-01
2.711763954162597656e+01 -3.526408767700195312e+01 -2.899708032608032227e+00 2.802731678361602974e-02 -2.606104327930900896e-02 -9.992673774006158860e-01
-4.136547470092773438e+01 -2.516869544982910156e+01 1.591138005256652832e+00 -6.154264365534684728e-02 3.809328548946585430e-02 9.973772629313989446e-01
-9.886559844017028809e-01 -1.769019317626953125e+01 3.288937091827392578e+00 -2.268983563821230787e-02 -4.625799232068217304e-02 9.986718026985494934e-01
-3.033274269104003906e+01 -1.319991302490234375e+01 -4.747284889221191406e+00 -6.139229753446457521e-03 -8.466819216317628127e-02 -9.963902885385093056e-01
2.439044189453125000e+01 7.581498718261718750e+01 1.386975002288818359e+01 -3.068664147757331206e-01 -4.072581550056110222e-01 8.602172973523105615e-01
4.251573181152343750e+01 -3.311039733886718750e+01 3.687252998352050781e+00 -6.974981050108168545e-02 -2.337497542051697116e-02 9.972906168510528024e-01
-4.182783889770507812e+01 6.408134460449218750e+01 -1.974321007728576660e+00 -1.684000432274579684e-01 -9.704517970222976964e-02 9.809299967569307110e-01
2.375640106201171875e+01 4.851105880737304688e+01 -1.148337960243225098e+00 1.474832093060270966e-01 1.420706648796247196e-01 -9.788077590382372462e-01
1.748601341247558594e+01 -5.436849975585937500e+01 2.632925033569335938e+00 -2.029694893586988375e-02 2.731208604218455377e-02 9.994208742166230675e-01
-5.974429130554199219e+00 -1.385263633728027344e+01 -1.058212852478027344e+01 -4.024093119951703823e-01 -7.916872371850157686e-01 4.596716916429923194e-01
-3.248149871826171875e+01 -1.825887870788574219e+01 2.007496118545532227e+00 -1.382930834880413511e-02 6.001234970236880850e-02 9.981018325370385469e-01
1.874767065048217773e+00 4.684070205688476562e+01 2.249723911285400391e+00 -5.428782506268763075e-02 -1.348976405784474142e-01 9.893712440819830700e-01
6.936135101318359375e+01 2.632901191711425781e+01 9.685308456420898438e+00 -1.839294075183719457e-01 -1.445876343828864652e-01 9.722470822962141490e-01
-6.343132972717285156e+00 2.104762840270996094e+01 -5.013881206512451172e+00 9.447184631223430606e-02 -2.748820680176600195e-02 -9.951479632402313591e-01
8.706885337829589844e+00 1.667945671081542969e+01 -4.682591915130615234e+00 -4.296377613798919165e-02 -1.410398214083919376e-02 -9.989770726236592013e-01
6.187465286254882812e+01 7.325135231018066406e+00 5.894023895263671875e+00 -1.557017331491814260e-01 -8.406176115719271591e-02 9.842208037861688297e-01
1.949067497253417969e+01 -7.877495574951171875e+01 7.624495983123779297e+00 -1.305985257390890886e-01 2.931875142752542462e-01 9.470929767176367031e-01
3.183395195007324219e+01 -3.562322998046875000e+01 2.706521034240722656e+00 -4.232112372867917471e-02 -2.041649285103536854e-02 9.988954346206641022e-01
-1.963047027587890625e+01 -6.204482650756835938e+01 2.292768001556396484e+00 -6.817974235028442798e-02 -1.172539159644648832e-01 9.907588212698622554e-01
2.704834556579589844e+01 -7.652433776855468750e+01 1.059054017066955566e+00 2.176755366865503749e-01 -4.430772079845563538e-01 -8.696550744363150676e-01
3.170239925384521484e+00 -2.558801841735839844e+01 3.220983028411865234e+00 -2.156443028948447360e-02 -3.636962323877190872e-02 9.991057130513065765e-01
-6.274719834327697754e-01 -4.011842727661132812e+01 2.817640066146850586e+00 -7.249241225776098356e-03 4.614452392667389019e-02 9.989084699877317508e-01
4.407929229736328125e+01 3.127370452880859375e+01 5.096600055694580078e+00 -1.540733674352827987e-01 -8.755788307650597124e-02 9.841722484191033349e-01
4.098986434936523438e+01 -5.170743560791015625e+01 3.877876996994018555e+00 -4.195270579910925085e-02 -1.024898769340887861e-01 9.938489802792820349e-01
5.081665420532226562e+01 5.462568664550781250e+01 5.948903083801269531e+00 3.275064290485019125e-01 3.291467568743237093e-01 -8.856646946621579142e-01
5.034175872802734375e+01 -3.318801116943359375e+01 4.279455184936523438e+00 -1.608136243663395581e-01 6.201522041488286008e-02 9.850345631778893996e-01
1.672236919403076172e+00 -5.138727951049804688e+01 2.560150146484375000e+00 -1.329203688963910036e-02 6.430239657636968587e-02 9.978419331486624300e-01
1.866262626647949219e+01 -7.373960113525390625e+01 3.833842039108276367e+00 -5.736695011400853861e-02 5.133374173582724853e-02 9.970325370789141495e-01
5.868655014038085938e+01 5.632249712944030762e-01 5.048748016357421875e+00 -5.946198433264097971e-02 -2.605103626268332265e-02 9.978905831446978070e-01
-1.002607536315917969e+01 2.025869935750961304e-01 -1.439721107482910156e+01 -7.232259293138700029e-02 -2.965066803765155010e-02 -9.969404598252605831e-01
-4.872037506103515625e+01 4.883961105346679688e+01 -4.099884033203125000e+00 -4.779339740693459015e-01 -6.144309623097929385e-02 8.762441796416294837e-01
-4.313145828247070312e+01 -9.082056045532226562e+00 7.360180020332336426e-01 -1.280246751127757099e-01 4.612521378722024556e-02 9.906978082217359205e-01
3.304721832275390625e+01 1.870514488220214844e+01 -3.076493024826049805e+00 9.583185237954246205e-02 5.171302320791693052e-02 -9.940533281973372715e-01
-2.584457969665527344e+01 -4.444412231445312500e+01 -2.251749038696289062e+00 2.936273245968782503e-02 6.508053023785960456e-02 -9.974479207088757793e-01
-1.397210061550140381e-01 -1.110966682434082031e+01 -4.839022159576416016e+00 2.591594387760497165e-02 -3.772074687055970155e-01 -9.257661094497081633e-01
-3.337412643432617188e+01 -3.744677066802978516e+00 1.285161972045898438e+00 -6.210918610641968235e-02 -3.974116298360795899e-03 9.980614487098703469e-01
-5.153592300415039062e+01 -1.845692253112792969e+01 -4.141963005065917969e+00 -5.860395541802278924e-02 -4.019049372092736022e-02 -9.974719548056628637e-01
-6.019292831420898438e+00 7.289593505859375000e+01 4.554628849029541016e+00 -6.972676286342262275e-02 -1.485553250281831661e-01 9.864428487988338157e-01
9.971433639526367188e+00 5.624604797363281250e+01 -1.236654996871948242e+00 1.136770387711844577e-01 2.350039796459932884e-01 -9.653241219438993825e-01
5.258270645141601562e+01 -6.191550064086914062e+01 2.064847946166992188e+00 5.187400629841734112e-01 -5.603015267146280731e-01 -6.457328752792694804e-01
-2.163114738464355469e+01 -2.777418708801269531e+01 2.804130077362060547e+00 2.997248705029522536e-02 1.937844073773844003e-02 9.993628600536411666e-01
-6.234759807586669922e+00 -7.123199462890625000e+01 -2.107177019119262695e+00 5.779123355600920831e-02 -8.562232720509321826e-03 -9.982919720677486675e-01
9.243941307067871094e+00 3.929552841186523438e+01 -4.090017795562744141e+00 7.416294728488956323e-02 1.094565817617046549e-01 -9.912210217499736187e-01
-4.331531906127929688e+01 -3.368616867065429688e+01 -3.537839889526367188e+00 4.877833699036336623e-02 -2.047233708778200059e-03 -9.988075303453595177e-01
5.250652313232421875e+01 -5.094898223876953125e+01 4.796483039855957031e+00 -1.104540914451555556e-01 5.477799912737967014e-02 9.923705278244744354e-01
-2.199046325683593750e+01 8.052716827392578125e+01 -2.802200056612491608e-02 -1.188866824203364640e-02 7.786763302150592203e-01 -6.273131852035624956e-01
-3.265780925750732422e+00 -5.478202819824218750e+00 3.251101970672607422e+00 -7.093341578044412565e-02 -2.924036678395422473e-02 9.970523815106498988e-01
9.456831932067871094e+00 6.879603576660156250e+01 6.250681877136230469e+00 -1.551590116239937034e-01 -1.421183798762977457e-01 9.776134446769856323e-01
-1.183881473541259766e+01 -7.764513969421386719e+00 -5.126610755920410156e+00 8.232971692354944249e-02 -3.020811264054347467e-02 -9.961472218713377513e-01
-1.570120620727539062e+01 -7.559532165527343750e+01 1.522469997406005859e+00 -8.308788850572390583e-02 -6.171774906185326743e-04 9.965420321670358517e-01
6.194485473632812500e+01 -3.314495086669921875e+01 5.095961093902587891e+00 -1.424233768602371220e-01 2.803160952695536376e-02 9.894088187352360064e-01
3.454572677612304688e+01 6.377945899963378906e+00 -3.489023923873901367e+00 2.787190691856826219e-01 -4.507502608851643618e-03 -9.603620998834230260e-01
7.850270080566406250e+01 2.321112823486328125e+01 1.284669017791748047e+01 8.866043812009040126e-01 2.044675350491630683e-01 4.148803422027624310e-01
-7.309333801269531250e+00 3.743230819702148438e+01 1.523218989372253418e+00 -7.252144621523551327e-02 1.053618775273037766e-01 9.917860225889313375e-01
4.606096267700195312e+01 -8.162229537963867188e+00 -2.057081937789916992e+00 1.303440818280073021e-01 -1.631061674180062093e-02 -9.913346478933922068e-01
7.305472850799560547e+00 7.179534912109375000e+00 -6.560477256774902344e+00 6.164225527077622502e-01 6.409662151674986319e-01 4.573680657053987297e-01
-4.126235580444335938e+01 3.604359054565429688e+01 -3.129355907440185547e+00 -1.135432640648343511e-01 2.105532963220957052e-02 9.933099215650583735e-01
1.922424077987670898e+00 6.351818847656250000e+01 -6.893709897994995117e-01 1.015840194325299539e-01 2.274257370873070672e-01 -9.684824320070168913e-01
6.318704986572265625e+01 2.747142410278320312e+01 3.126785039901733398e+00 2.266097969535783019e-01 1.518519952229203385e-01 -9.620753460470110596e-01
-3.177347373962402344e+01 -3.902805328369140625e+01 2.480092048645019531e+00 -8.668663313516215829e-02 -3.239811417570274688e-01 9.420836732591764129e-01
2.158497810363769531e+01 -3.617831039428710938e+01 2.588304996490478516e+00 -4.849926042306530044e-02 6.380645352440879325e-02 9.967831049065053461e-01
3.452595138549804688e+01 4.167290496826171875e+01 -1.032330036163330078e+00 1.674029670659406555e-01 1.842456007083478065e-01 -9.685193881575834274e-01
7.958216857910156250e+01 -1.567731380462646484e+01 4.654920101165771484e+00 8.288546152816261836e-01 -1.651163206436640496e-01 -5.345433821341784020e-01
2.741067123413085938e+01 -7.008875274658203125e+01 4.084502220153808594e+00 -6.959406252658908998e-02 8.600910516002770179e-02 9.938607046717443660e-01
5.806349182128906250e+01 3.125326919555664062e+01 7.602137088775634766e+00 -1.737947532164316466e-01 -9.893997472235932511e-02 9.797990942822814020e-01
-8.522476196289062500e+00 -1.367307758331298828e+01 -4.904769897460937500e+00 5.739297118179569057e-02 3.178583529660271301e-02 -9.978455329024742415e-01
-1.685864448547363281e+01 -1.695965385437011719e+01 2.681933879852294922e+00 -2.148773040892439784e-02 2.255910737687188278e-02 9.995145642341747294e-01
-1.781210899353027344e+01 -3.573886489868164062e+01 3.257659912109375000e+00 1.183211617033271407e-01 1.342791262705775659e-02 9.928845823436152074e-01
-7.401407241821289062e+00 -6.385271072387695312e+01 2.669894933700561523e+00 -1.842296108214338049e-02 -7.091902532452408481e-02 9.973119303166814165e-01
-1.192412185668945312e+01 -5.560049438476562500e+01 2.807100057601928711e+00 5.835462955607092356e-02 -2.242404168365714004e-02 9.980440368861202005e-01
7.488278198242187500e+01 -3.089918708801269531e+01 3.739871025085449219e+00 6.334281309932510151e-01 -3.029994836123215407e-01 -7.120113171832755938e-01
-3.554112243652343750e+01 3.828258895874023438e+01 -2.351854085922241211e+00 -1.344515938516360476e-01 5.384392409256041206e-02 9.894562146699920069e-01
-5.072279739379882812e+01 -1.463788223266601562e+01 6.994060277938842773e-01 -3.567964174957677370e-02 3.877263160539071163e-02 9.986108582440982318e-01
7.940412998199462891e+00 -5.606517410278320312e+01 -2.317256927490234375e+00 -8.315680068369606104e-02 -3.680763801602481705e-02 -9.958564877951707750e-01
5.046753692626953125e+01 -4.618430709838867188e+01 6.673000007867813110e-02 1.397927188266035736e-01 -6.252167504099687134e-02 -9.882049564301599309e-01
-3.964745044708251953e+00 -3.527935028076171875e+01 -3.277505874633789062e+00 -5.740268635001188197e-02 -1.361022324284145713e-01 -9.890303908009114853e-01
1.162527847290039062e+01 -4.364451599121093750e+01 2.476017951965332031e+00 2.741862759731443500e-02 -4.118262465811514672e-02 9.987753552661120526e-01
4.717141342163085938e+01 4.955894088745117188e+01 3.621016025543212891e+00 2.274825481447354247e-01 2.491272941219470349e-01 -9.413752076685762971e-01
-1.397457408905029297e+01 6.463459014892578125e+01 2.762517929077148438e+00 -1.009586854696410824e-01 -1.155111730600967557e-01 9.881621894843591880e-01
5.562542343139648438e+01 -7.564907073974609375e+00 -9.563090205192565918e-01 1.035817958584379639e-01 6.676181349318195679e-02 -9.923777868462405616e-01
-2.997462987899780273e+00 1.343037009239196777e+00 3.224379062652587891e+00 -1.536583095520401877e-02 -2.969105677494008472e-03 9.998775303258555791e-01
-3.153370094299316406e+01 7.312213897705078125e+01 -3.509622097015380859e+00 1.626103060898786146e-01 1.029759258953561463e-01 -9.813021181263954507e-01
-2.713733863830566406e+01 7.141853332519531250e+01 1.375448942184448242e+00 -1.795577318667428979e-01 -1.379759875577704076e-01 9.740234328722943147e-01
-2.533510029315948486e-01 -6.429432678222656250e+01 2.795916080474853516e+00 7.188857493629012118e-04 -3.955475196262654008e-02 9.992171459700109892e-01
4.671018600463867188e+01 1.768847846984863281e+01 -1.632012009620666504e+00 1.526450655208649865e-01 3.762271126954266215e-02 -9.875646893084318867e-01
2.308248138427734375e+01 -1.311921119689941406e+01 -4.287432193756103516e+00 2.541311287647713413e-01 -2.848356043263959303e-01 -9.242759587378436281e-01
8.091768264770507812e+00 -7.919379425048828125e+01 4.543436050415039062e+00 -1.764872207040527330e-01 9.379345650618980956e-01 2.985481746557948624e-01
3.071333885192871094e+01 2.689027023315429688e+01 2.527312994003295898e+00 -9.275886355567927732e-02 -5.691400943045752531e-02 9.940606564804829182e-01
-8.798189163208007812e+00 1.762455368041992188e+01 2.298878908157348633e+00 -7.478491792722380405e-02 1.259085224242315615e-01 9.892190151991444580e-01
3.558307647705078125e+01 -6.906204986572265625e+01 4.648845195770263672e+00 -1.801986288763153810e-01 2.549855782347071886e-01 9.500056889531809379e-01
-2.391476440429687500e+01 -7.371272277832031250e+01 9.142760038375854492e-01 -8.080479239914445388e-02 -8.317518291513266437e-02 9.932534794665284217e-01
9.855039715766906738e-01 -7.723440551757812500e+01 2.764775991439819336e+00 -4.570877973286096435e-02 1.351712644093138078e-02 9.988633513890239346e-01
-2.517026901245117188e+01 5.703197002410888672e+00 1.435940027236938477e+00 -5.980723526206475904e-02 1.129228747324737686e-02 9.981460709004117415e-01
3.772344207763671875e+01 -4.130435943603515625e+01 -1.748956918716430664e+00 1.003755724710556907e-01 -5.212735238773522073e-02 -9.935831538347219549e-01
3.082685661315917969e+01 5.101772308349609375e+01 6.098920106887817383e-01 1.101142463915537884e-01 2.443601368460752432e-01 -9.634121528516169652e-01
-2.022186851501464844e+01 -6.871123504638671875e+01 1.536822080612182617e+00 -7.448730494287786330e-02 -9.201979797639801839e-02 9.929672694418125722e-01
-5.058486938476562500e+01 -2.681805229187011719e+01 1.148813962936401367e+00 -1.473122764932287623e-02 5.626314163278303519e-04 9.998913312844716073e-01
-4.445713043212890625e+01 5.497447586059570312e+01 -7.861232757568359375e+00 1.912611872307680427e-01 8.684852601656264937e-02 -9.776893636466684745e-01
-3.409267425537109375e+01 4.451837539672851562e+01 -1.944162011146545410e+00 -1.018429213332507910e-01 -8.761511898740223514e-02 9.909347154576494399e-01
2.965358734130859375e+01 -1.305330944061279297e+01 2.980852127075195312e+00 2.505318661164780691e-02 -2.336213012816457102e-02 9.994131021336856158e-01
-1.839273452758789062e+01 -2.898187065124511719e+01 -4.103538036346435547e+00 -1.842910070071030696e-03 3.171735252138411371e-02 -9.994951791937307650e-01
5.793555450439453125e+01 3.845097351074218750e+01 8.697212219238281250e+00 -2.172679467860324509e-01 -1.816601210575548575e-01 9.590590387023815167e-01
5.271714782714843750e+01 3.896528625488281250e+01 2.501802921295166016e+00 2.168177492747923873e-01 1.034625903819677700e-01 -9.707139413807068795e-01
-4.560430145263671875e+01 -7.657743930816650391e+00 -4.593741893768310547e+00 -4.730852127978760202e-03 -3.755951202939532968e-02 -9.992831941418092168e-01
5.472655105590820312e+01 5.241302108764648438e+01 1.112046337127685547e+01 -2.195276731602958942e-01 -2.166237478943181527e-01 9.512527280197650148e-01
3.743491363525390625e+01 -5.259925460815429688e+01 -1.138152956962585449e+00 1.346029002635031613e-01 -1.443934080208090220e-01 -9.803227034812515006e-01
6.038424968719482422e+00 5.671316909790039062e+01 3.984858989715576172e+00 -1.080680643924318424e-01 -8.846058777497096959e-02 9.901999888249747306e-01
6.978086853027343750e+01 -2.084768295288085938e+01 5.969725131988525391e+00 -1.780133118588724250e-01 3.867406362190505681e-02 9.832678056379170473e-01
-2.682468414306640625e+01 -5.039234924316406250e+01 2.652093887329101562e+00 -4.804349362438403021e-02 -4.482755445214885170e-02 9.978388211941864316e-01
9.979341506958007812e+00 -6.913703918457031250e+01 -1.474614977836608887e+00 2.666822046104598901e-02 -6.107991868665020585e-02 -9.977765529168708403e-01
6.453260040283203125e+01 3.575641632080078125e+01 1.000229930877685547e+01 -2.587113118449899662e-01 -1.700332759914988112e-01 9.508717800939532339e-01
-1.975824356079101562e+01 3.542915344238281250e+01 -5.818926811218261719e+00 7.193877996223550786e-02 -1.505502269694232106e-02 -9.972954217427951740e-01
8.074756622314453125e+00 4.501201629638671875e+01 2.556865930557250977e+00 -4.049614786672127431e-02 -1.705049243318842167e-01 9.845243180270029093e-01
-3.243883514404296875e+01 -7.066418457031250000e+01 2.959350049495697021e-01 -1.134459663832053516e-01 -8.659629497968865386e-02 9.897631506613949748e-01
5.442557907104492188e+01 4.318399906158447266e+00 -8.868970274925231934e-01 1.227685929376382962e-01 1.356863459063989072e-02 -9.923425642102923216e-01
1.503745079040527344e+00 7.791157531738281250e+01 6.228960037231445312e+00 -1.922101922697596055e-01 -1.043910728496141721e-01 9.757857069546206352e-01
-7.856109142303466797e+00 1.137795448303222656e+01 -9.871517181396484375e+00 -3.250640525838308093e-01 4.037843215528832408e-01 8.551558825067242520e-01
2.930045700073242188e+01 -2.679300689697265625e+01 2.749333858489990234e+00 3.890222281974462914e-03 -3.330440645231744212e-02 9.994376832406588473e-01
3.864575195312500000e+01 5.103970718383789062e+01 7.495236873626708984e+00 -1.245579501832154434e-01 -1.802883750051566258e-01 9.756953514720442255e-01
4.137895965576171875e+01 -2.957112312316894531e+01 -1.874534010887145996e+00 8.701727458744233645e-02 -1.932555601020694014e-02 -9.960193355594408882e-01
3.875343322753906250e+01 3.393477249145507812e+01 4.389129161834716797e+00 -1.369722202190640781e-01 -1.121784335202520300e-01 9.842025248602050969e-01
3.911369323730468750e+01 4.068728256225585938e+01 5.376668930053710938e+00 -1.180106843616449963e-01 -1.109630482021194547e-01 9.867931294401022235e-01
-4.881796836853027344e+00 1.505645942687988281e+01 -4.903296947479248047e+00 6.646026875772308162e-02 -3.717963075702726550e-02 -9.970961376584619451e-01
5.976959991455078125e+01 -4.525234222412109375e+01 5.366417884826660156e+00 -1.101146704775641805e-01 5.440560699427127861e-02 9.924287325915157609e-01
6.939450836181640625e+01 3.225739288330078125e+01 1.057171249389648438e+01 -1.912915624486799249e-01 -1.318923850726671232e-01 9.726314496744314919e-01
-2.435820579528808594e+01 2.593470001220703125e+01 -6.030735015869140625e+00 4.697481395633859580e-02 -9.087843694163322272e-02 -9.947534752655117218e-01
2.085691833496093750e+01 5.882433700561523438e+01 9.897480010986328125e-01 1.582189940278903306e-01 2.570966303066413716e-01 -9.533457256492906540e-01
4.208277893066406250e+01 6.248883819580078125e+01 1.096011257171630859e+01 -1.636275998838494505e-01 -2.415698460087586374e-01 9.564883784215861828e-01
4.233120727539062500e+01 -6.351412200927734375e+01 4.513333797454833984e+00 -7.032416139776161146e-02 6.289516207243042722e-02 9.955394070108847249e-01
6.197819900512695312e+01 -1.950016212463378906e+01 7.721160054206848145e-01 1.432117188436437261e-01 -1.125238998456556602e-02 -9.896281055555589123e-01
2.124324417114257812e+01 3.990433502197265625e+01 2.754971027374267578e+00 -9.637073750775516923e-02 -1.371752748942217937e-01 9.858476682073686881e-01
2.761917114257812500e+01 5.457684326171875000e+01 6.347567081451416016e+00 -2.050565178004136457e-01 -2.681565892694326436e-01 9.412990322628369544e-01
1.495861721038818359e+01 -5.843888092041015625e+01 -2.129888057708740234e+00 2.905877149964255363e-02 -3.321411771850994038e-02 -9.990257304910182823e-01
2.914892387390136719e+01 -4.937261199951171875e+01 2.897814989089965820e+00 -3.994826265167079199e-02 5.125269492031469393e-02 9.978864151668356275e-01
-3.106246376037597656e+01 2.526408910751342773e+00 -5.455277919769287109e+00 -6.008873227015174706e-02 -4.929096060420769254e-02 -9.969752983183085560e-01
-2.187444305419921875e+01 3.156383514404296875e+01 7.054000161588191986e-03 -1.774448792294582022e-01 7.152399036658192710e-02 9.815282133679520404e-01
5.461292648315429688e+01 -4.192665481567382812e+01 4.893350005149841309e-01 1.244835543566327890e-01 -3.145459034819687166e-02 -9.917229721251629160e-01
6.246451568603515625e+01 -1.020000934600830078e+01 5.346998214721679688e+00 -1.190369531820171661e-01 -2.189891493807200745e-02 9.926482968814671626e-01
-9.976472854614257812e+00 6.458221435546875000e+01 -2.067234039306640625e+00 7.174655474519832377e-02 1.499704592252424640e-01 -9.860838165399349320e-01
1.747956085205078125e+01 4.850797271728515625e+01 -1.786494016647338867e+00 8.811663982454638611e-02 8.801365629244646549e-02 -9.922142178441437643e-01
-8.107225418090820312e+00 4.157265853881835938e+01 -4.388566017150878906e+00 1.503425793108233433e-01 6.685321012112456496e-02 -9.863710038026612947e-01
1.250889205932617188e+01 6.586237907409667969e+00 -9.531422615051269531e+00 4.703954082642488044e-01 2.853136920581167968e-01 8.350594332190234281e-01
6.688718414306640625e+01 -2.810841560363769531e+01 5.662588119506835938e+00 -1.848831899037459703e-01 3.031346358612211148e-02 9.822928789400992011e-01
1.339353179931640625e+01 -2.010679960250854492e+00 -8.810230255126953125e+00 5.487847099168579046e-01 -5.446335041150144468e-02 8.341876800956868898e-01
-3.134572029113769531e+01 5.690132141113281250e+01 -6.155350208282470703e-01 -1.351563868003152757e-01 -3.758128894645744456e-02 9.901113057773890391e-01
-3.931726455688476562e+01 -5.745620346069335938e+01 -4.295904159545898438e+00 1.679555994321000334e-01 1.623343406616805373e-01 -9.723366075908801420e-01
5.320706939697265625e+01 -2.477652740478515625e+01 4.412916183471679688e+00 -8.736408810803031333e-02 1.903751700285447740e-02 9.959945226031208243e-01
8.988661766052246094e+00 -4.582455062866210938e+01 -2.889945983886718750e+00 1.072192095160324869e-02 -4.316307881745395231e-02 -9.990105049688445815e-01
2.295899200439453125e+01 -4.722923278808593750e+01 2.756188869476318359e+00 -2.370509627365233879e-02 1.411522110569309041e-02 9.996193420216488157e-01
-4.830854034423828125e+01 6.533949279785156250e+01 -7.109457969665527344e+00 9.223294340523195689e-02 1.715074027344701268e-01 -9.808558991809569472e-01
-3.925741195678710938e+01 4.414052009582519531e+00 -5.478366851806640625e+00 6.205981645662705937e-02 -1.198055265281515042e-01 -9.908557992940658643e-01
2.613495254516601562e+01 -6.006803131103515625e+01 -1.362969994544982910e+00 9.715291136538153904e-02 -9.888769212888395832e-02 -9.903446552380910095e-01
1.035982990264892578e+01 -3.513539505004882812e+01 2.628296852111816406e+00 1.961679058720377372e-02 -4.023214745681622656e-02 9.989977756922538976e-01
6.927800178527832031e+00 -3.733471679687500000e+01 -3.304960012435913086e+00 -6.470807309677097108e-02 -6.777412919947956027e-02 -9.956000867252648989e-01
-3.040648460388183594e+01 -3.303850173950195312e+01 -2.861319065093994141e+00 -1.261764662941234835e-02 -6.883194100488526646e-02 -9.975484744567730822e-01
2.097979164123535156e+01 7.400151824951171875e+01 9.397497177124023438e+00 -1.819187826985817213e-01 -1.270891640448585935e-01 9.750661007766834310e-01
-1.273473024368286133e+00 -2.947476577758789062e+01 3.053930997848510742e+00 2.497850789282001979e-03 -6.207202606134505640e-02 9.980685469055089465e-01
-3.836685943603515625e+01 -5.105392837524414062e+01 -3.702233076095581055e+00 1.168743358359654733e-01 6.631059614653088408e-02 -9.909305194924584725e-01
3.489037704467773438e+01 -2.538421249389648438e+01 -2.701321125030517578e+00 4.729000327433600936e-02 -4.562931672858309973e-02 -9.978384744261948880e-01
-5.460754394531250000e+01 -2.213586235046386719e+01 5.353400111198425293e-01 -8.364813960039441110e-01 -2.307936571223926647e-01 4.970243072238664239e-01
2.213217926025390625e+01 6.611524963378906250e+01 7.886023044586181641e+00 -1.564829075497683464e-01 -2.073234321484802301e-01 9.656759778139586414e-01
5.377939224243164062e+01 4.768582534790039062e+01 4.813479900360107422e+00 2.395947488628950572e-01 2.409955773729610673e-01 -9.404868356356720360e-01
-3.842518997192382812e+01 6.230883789062500000e+01 -6.445096969604492188e+00 9.125145504872994584e-02 1.828491519170251656e-01 -9.788970117406192717e-01
4.406571960449218750e+01 -3.714956045150756836e+00 3.230190992355346680e+00 -1.268966807396188778e-01 3.135505662242375757e-02 9.914202402823293347e-01
5.532547378540039062e+01 2.336985206604003906e+01 4.005030095577239990e-01 2.369004993063578146e-01 1.394899873923412525e-01 -9.614679905465822740e-01
-8.290498733520507812e+00 -6.074114608764648438e+01 -2.251246929168701172e+00 4.986430183979614558e-03 8.924905016979761685e-02 -9.959968587088060543e-01
7.965000152587890625e+00 -3.548418045043945312e+00 3.566769123077392578e+00 -9.136042848389440765e-03 -3.043257717626025524e-02 9.994950680055822989e-01
-1.114726543426513672e+01 -2.970300292968750000e+01 -3.700254917144775391e+00 3.650493033131763099e-02 -1.018506479877934745e-01 -9.941296874985539045e-01
-1.252578639984130859e+01 -1.875088500976562500e+01 -4.897931098937988281e+00 -9.474558498120989880e-03 -9.892520655957409703e-02 -9.950497657144647956e-01
2.200299835205078125e+01 -6.016882705688476562e+01 3.037158012390136719e+00 -8.172234251046257142e-03 -1.116448589529542984e-02 9.999042798398453114e-01
4.367844390869140625e+01 2.390428733825683594e+01 -1.558520078659057617e+00 1.574797164493014490e-01 1.210258278353420480e-01 -9.800780009284045802e-01
3.959895706176757812e+01 -2.623386764526367188e+01 3.167893886566162109e+00 -6.337229117788832633e-02 -1.578585778855341628e-04 9.979899437326682499e-01
6.469974517822265625e+01 -4.609365463256835938e+01 8.433035850524902344e+00 -6.841502485307404680e-01 4.889284160848358374e-01 5.411907624674495709e-01
-4.014498519897460938e+01 4.979800796508789062e+01 -7.640896797180175781e+00 1.323097388470421132e-01 1.307946331831339459e-01 -9.825410408408988827e-01
4.658717727661132812e+01 -5.251384353637695312e+01 -1.093420013785362244e-01 1.248540809618052111e-01 -5.694266901317551061e-02 -9.905397472655192992e-01
-1.307009792327880859e+01 2.234825134277343750e+01 -5.358262062072753906e+00 2.462925773585828218e-02 5.902115857034281529e-03 -9.996792308994875143e-01
4.439988708496093750e+01 4.051746749877929688e+01 7.171300053596496582e-01 1.787069252391196017e-01 2.249067859027391314e-01 -9.578521663213376280e-01
-1.379539489746093750e+01 -3.949698925018310547e+00 2.631256103515625000e+00 -9.862899235509732521e-02 1.032667039902839326e-02 9.950706918332425932e-01
6.939668273925781250e+01 8.989423751831054688e+00 7.034202098846435547e+00 -1.992374578345874059e-01 -1.398682740785204548e-01 9.699181930976998878e-01
-3.304445648193359375e+01 4.119949340820312500e+01 -7.296415805816650391e+00 8.998781531563124214e-02 4.893402743469582594e-02 -9.947399931910551052e-01
3.111746215820312500e+01 -6.012850189208984375e+01 3.499381065368652344e+00 -5.004364684554240411e-02 7.258101047239243209e-02 9.961062344595605911e-01
-3.988918066024780273e+00 9.490630149841308594e+00 -1.441742515563964844e+01 -1.886439913815580321e-02 1.746596093340054695e-02 -9.996694827060738087e-01
5.158177852630615234e+00 2.855130767822265625e+01 -4.453395843505859375e+00 2.472339694953934811e-02 -2.172585979595834799e-02 -9.994582235688502792e-01
2.088567352294921875e+01 -2.968615722656250000e+01 2.677649021148681641e+00 -1.932797786022374606e-02 -4.486224733571514411e-02 9.988061914284592779e-01
-2.713741302490234375e+01 -6.406958770751953125e+01 -3.283473014831542969e+00 7.767340908168904323e-02 2.444254306639567081e-02 -9.966791879085646899e-01
1.787952232360839844e+01 -6.917531585693359375e+01 -1.029765009880065918e+00 4.096590878806510155e-02 -8.813181241001642741e-02 -9.952660839988941577e-01
2.362980842590332031e+01 -2.423048400878906250e+01 -3.458899021148681641e+00 7.303022592467833807e-02 -9.375496976530819926e-02 -9.929131843951396474e-01
6.838940429687500000e+01 2.365129947662353516e+00 1.869143009185791016e+00 2.307662055925766287e-01 8.082945349060970119e-02 -9.696460992572569770e-01
5.148929595947265625e+01 2.906539726257324219e+01 3.768790066242218018e-01 2.208496206784943405e-01 1.840183266506944804e-01 -9.577905305978147155e-01
-1.311704254150390625e+01 7.672814178466796875e+01 3.985724925994873047e+00 -5.447957897476422839e-02 -4.509300899442598293e-02 9.974961634084417161e-01
5.697792053222656250e+00 1.091293716430664062e+01 3.321652889251708984e+00 -2.361670615241863794e-02 2.193501355339221373e-02 9.994804182028393935e-01
-4.201412200927734375e+01 5.829896545410156250e+01 -2.475187063217163086e+00 -1.531466869417827392e-01 -6.177487534137363068e-02 9.862707321295270946e-01
7.515017700195312500e+01 1.274191379547119141e+01 8.605668067932128906e+00 -1.085302708682731876e-01 -1.161149303738231442e-01 9.872884600001873290e-01
2.426861572265625000e+01 -8.377469778060913086e-01 -4.161889076232910156e+00 1.051719469979010002e-01 -5.941083791146089393e-02 -9.926777996426277006e-01
3.992367935180664062e+01 -4.596433639526367188e+01 4.105456829071044922e+00 -1.571256018770648688e-01 8.956047481045879832e-02 9.835092610578181072e-01
7.314762115478515625e+01 1.785621261596679688e+01 4.382598876953125000e+00 2.202167502421525647e-01 1.190530925383339877e-01 -9.681585325089296923e-01
-4.361296844482421875e+01 5.301410198211669922e+00 -1.408158063888549805e+00 -9.738514307384524837e-01 -1.599033237091715687e-01 1.613825204767508348e-01
5.464498901367187500e+01 -1.288697719573974609e+01 4.489584922790527344e+00 -3.449226305652925567e-02 -5.953156268720816158e-02 9.976303307504530427e-01
6.471984863281250000e+01 1.760635375976562500e+01 7.180676937103271484e+00 -1.738796550240194749e-01 -1.207962209667600706e-01 9.773301072661567668e-01
-4.399590682983398438e+01 -4.496621704101562500e+01 -3.184759914875030518e-01 -9.843465583574730893e-01 1.761316919067486553e-01 6.283323631960713307e-03
5.672594070434570312e+00 -5.077062606811523438e+01 -2.580641031265258789e+00 -4.646726425237895225e-02 -1.148520041606970188e-01 -9.922952234557873563e-01
3.472699970006942749e-02 1.222196388244628906e+01 -8.697351455688476562e+00 -1.484198421641282593e-02 5.661348241658165081e-01 8.241790317469014360e-01
5.073194503784179688e+01 5.691226196289062500e+01 1.123920726776123047e+01 -1.506151284569055004e-01 -2.471990316090292017e-01 9.571874016364131377e-01
-8.879312515258789062e+00 -1.454487037658691406e+01 3.049360036849975586e+00 -5.566280567096848486e-02 2.936238947425691696e-04 9.984495810254239156e-01
5.322389602661132812e+01 -1.880484962463378906e+01 -7.585570216178894043e-01 1.259397437327697544e-01 -3.620633793226558234e-02 -9.913769626343245100e-01
1.314529037475585938e+01 -6.957948303222656250e+01 3.299511909484863281e+00 -2.937391933493544230e-02 7.326752159436018819e-02 9.968796532893650086e-01
5.208637619018554688e+01 1.056916618347167969e+01 -1.302670001983642578e+00 1.594145744339630633e-01 9.749915885466745036e-02 -9.823853151796758665e-01
-2.119138526916503906e+01 -3.397161865234375000e+01 -4.535141944885253906e+00 -1.258018254999034302e-01 1.709255751043362581e-01 -9.772197032787169890e-01
1.326011085510253906e+01 4.129090881347656250e+01 2.395534038543701172e+00 -4.416904045509988802e-02 -7.533188669984926256e-02 9.961798044085800052e-01
3.447561264038085938e+01 6.386940002441406250e+01 9.779037475585937500e+00 -1.936504303193739285e-01 -2.379135911517782642e-01 9.517860232123529496e-01
1.658429336547851562e+01 3.898971557617187500e+01 -3.832783937454223633e+00 1.661651853491467323e-01 1.960305252512122565e-01 -9.664166618739650216e-01
1.825826263427734375e+01 -1.392869567871093750e+01 3.614933967590332031e+00 2.202774908730530459e-02 -1.926889324845605656e-02 9.995716522706744600e-01
-1.493744564056396484e+01 -4.057574081420898438e+01 -2.604013919830322266e+00 5.968059570620369916e-04 -6.934742683601526070e-02 -9.975923908159449738e-01
-3.230759811401367188e+01 -4.476509857177734375e+01 -2.513008117675781250e+00 -1.448121227581162553e-02 1.817377512862273711e-03 -9.998934901428244704e-01
-1.395046520233154297e+01 -7.082055664062500000e+01 -2.657230854034423828e+00 5.171910175306946439e-02 -4.045136131394791446e-02 -9.978420826371796615e-01
4.306049346923828125e+01 1.486134147644042969e+01 3.190592050552368164e+00 -1.572359285838657028e-01 -7.056170752811558033e-02 9.850370085398243436e-01
-3.832285690307617188e+01 1.091659545898437500e+01 -6.165730953216552734e+00 1.157362752014984564e-01 -1.157445620077638820e-01 -9.865132087144672379e-01
5.406486511230468750e+01 -2.804530143737792969e+00 4.550538063049316406e+00 -1.175527222768756319e-01 -8.196400328149566067e-03 9.930328174370454120e-01
1.212592029571533203e+01 -1.772436022758483887e+00 -1.455669593811035156e+01 2.051368254314086259e-01 -1.393187598604597732e-01 -9.687668274682340597e-01
1.927099037170410156e+01 6.684122467041015625e+01 2.653705120086669922e+00 1.668937263530722026e-01 2.490882737671944458e-01 -9.539924087620745841e-01
-2.241197109222412109e+00 -2.423104667663574219e+01 -4.324792861938476562e+00 3.123804457408479660e-02 -7.152003324028574638e-02 -9.969498831017012952e-01
1.088403701782226562e+01 3.917547941207885742e+00 -1.512001895904541016e+01 1.820997494000389239e-01 5.087352198489947241e-02 -9.819631184669284085e-01
4.756552886962890625e+01 6.139710235595703125e+01 1.276951789855957031e+01 -5.765781041514588257e-01 -7.446182259528144609e-01 3.363054971183085384e-01
6.062406921386718750e+01 5.529029846191406250e+01 1.045630073547363281e+01 7.511930121440100194e-01 6.599686804285882502e-01 -1.226374165404339224e-02
7.335423278808593750e+01 -6.762164115905761719e+00 6.351962089538574219e+00 -1.020075947084051887e-01 -2.260814315301530597e-02 9.945266826410332772e-01
5.882463455200195312e+01 -2.524816703796386719e+01 5.029260158538818359e+00 6.082771952368125346e-02 -5.303881625700243574e-02 9.967381163112026821e-01
8.854940414428710938e+00 -1.465145111083984375e+01 3.595884084701538086e+00 -4.847179018372313464e-02 1.799343591829408520e-02 9.986624664120702377e-01
9.692481040954589844e+00 6.184534454345703125e+01 -5.614399909973144531e-02 1.473452651556382553e-01 2.158943795225817253e-01 -9.652351991751927374e-01
5.824364471435546875e+01 1.654858589172363281e+01 3.750819861888885498e-01 2.865700643220850385e-01 7.311654798261948973e-02 -9.552651823685093246e-01
-3.785928726196289062e+01 3.339724731445312500e+01 -7.646380901336669922e+00 1.392960207199467337e-01 -8.293175325897914410e-03 -9.902160581684191776e-01
-2.611369132995605469e+01 -5.538742446899414062e+01 -2.656003952026367188e+00 6.951125522922142752e-02 1.287067642329482176e-01 -9.892435262548561203e-01
-1.068174934387207031e+01 8.221354675292968750e+01 1.162958025932312012e+00 3.626048106066196569e-02 6.842316817044872268e-01 -7.283626728938671357e-01
1.042418575286865234e+01 -9.413017272949218750e+00 -8.758328437805175781e+00 4.750323424067833256e-01 -3.769510344994361217e-01 7.951428747447399914e-01
-1.476043033599853516e+01 -6.734017944335937500e+01 2.102268934249877930e+00 -6.055590700504176471e-02 -9.289337157147671553e-02 9.938328851697755262e-01
3.758461380004882812e+01 -5.988547897338867188e+01 -4.513710141181945801e-01 8.924638286425114198e-02 -8.805129719765679430e-02 -9.921098992588761600e-01
-5.041913986206054688e+00 1.325937843322753906e+01 2.803833007812500000e+00 -8.465284782055619572e-02 2.969925415288896323e-02 9.959677954927216303e-01
-2.622233963012695312e+01 -4.080544662475585938e+01 3.048851013183593750e+00 -4.501890279581183263e-02 -6.751290924214134459e-02 9.967022150455588925e-01
-5.503824234008789062e+00 5.650864028930664062e+01 2.676186084747314453e+00 -8.757394299881403332e-02 -7.331688242990863635e-02 9.934563096877483401e-01
-1.318916893005371094e+01 5.353697204589843750e+01 1.599178075790405273e+00 -3.287013743330024357e-02 -1.237988732835217792e-01 9.917627705448750497e-01
-3.845462417602539062e+01 -1.989432334899902344e+01 1.676868915557861328e+00 -1.086578601773185576e-01 4.697761610554700845e-02 9.929685659711116053e-01
2.682588195800781250e+01 -1.776356315612792969e+01 -3.463077068328857422e+00 2.222398460392525227e-02 -5.451896865430187061e-02 -9.982653838359796250e-01
4.173679733276367188e+01 5.918564987182617188e+01 5.153141021728515625e+00 1.810688028889731738e-01 2.645374159010585591e-01 -9.472243895765904975e-01
3.118862533569335938e+01 1.450054836273193359e+01 2.800774097442626953e+00 5.158147690786453465e-02 4.664073559486758835e-02 9.975790660509938901e-01
3.823925781250000000e+01 2.094852256774902344e+01 2.995767116546630859e+00 -1.500995969477536551e-01 -9.454347874549295927e-02 9.841400518334890712e-01
5.475098037719726562e+01 2.659149169921875000e+01 6.350711822509765625e+00 -2.407976989920500022e-01 -1.392354082246790026e-01 9.605362925244632644e-01
3.785778427124023438e+01 3.182294654846191406e+01 -1.740460991859436035e+00 1.395380265623969163e-01 8.866255989999689835e-02 -9.862393673013926110e-01
3.301681518554687500e+01 3.201617050170898438e+01 3.299190998077392578e+00 -1.306984228499735723e-01 -1.090052296415218169e-01 9.854114786094834155e-01
-4.374953079223632812e+01 -6.500997161865234375e+01 -4.842968940734863281e+00 1.082586435590977975e-01 3.514266825618356238e-02 -9.935014136691402431e-01
2.013356590270996094e+01 1.555608749389648438e+01 -4.317710876464843750e+00 1.439294077690451978e-01 5.744441012267703650e-02 -9.879192605293762863e-01
-2.069709014892578125e+01 2.138977622985839844e+01 9.529039859771728516e-01 -1.615427841819022381e-01 1.241393333894325463e-01 9.790267385441454584e-01
-4.324905014038085938e+01 7.175785827636718750e+01 -3.076575040817260742e+00 -5.405923277985372755e-01 8.331321147677304140e-01 -1.168367000047847160e-01
-2.522522163391113281e+01 -6.240841674804687500e+01 1.809664011001586914e+00 -1.166373223803144621e-01 -4.320982201845646048e-02 9.922341690896779864e-01
-3.556001663208007812e+01 -2.330329322814941406e+01 -3.729012012481689453e+00 1.210647831929526595e-02 -5.409844475927077373e-02 -9.984622133347523798e-01
-3.736145973205566406e+00 4.651414871215820312e+01 1.728374958038330078e+00 -8.479484529167718998e-02 -1.397649069392560006e-01 9.865473151350733216e-01
2.708063125610351562e+01 3.086970138549804688e+01 -3.061532974243164062e+00 8.381288528541708249e-02 4.862954181309776802e-02 -9.952942117400169764e-01
4.231398773193359375e+01 2.601073455810546875e+01 4.142794132232666016e+00 -1.351438487217298257e-01 -8.628501826286143206e-02 9.870618196324159044e-01
2.194594001770019531e+01 -6.748711395263671875e+01 3.577322006225585938e+00 -4.254174192630003765e-02 9.409162341882010283e-02 9.946541944798136248e-01
6.615027618408203125e+01 3.341345977783203125e+01 5.084125041961669922e+00 3.428398156773798666e-01 1.864010708126299931e-01 -9.207146689318059796e-01
-4.589171981811523438e+01 -1.902952003479003906e+01 -4.176648139953613281e+00 3.352157645145525250e-02 -2.263079358083594853e-02 -9.991817407729741696e-01
5.821154403686523438e+01 -5.062825775146484375e+01 5.483792781829833984e+00 -2.318621224436107076e-01 9.448253916129333019e-02 9.681492684341495014e-01
7.290744781494140625e+01 -1.274845218658447266e+01 6.227196216583251953e+00 -7.306460664103452129e-02 -2.685239041950268982e-02 9.969656525603826092e-01
-3.441871261596679688e+01 1.766463041305541992e+00 8.331959843635559082e-01 -4.465079591624379618e-02 4.406485870068605620e-02 9.980303575802362825e-01
-1.400590229034423828e+01 7.429475402832031250e+01 -9.642450213432312012e-01 1.157638795489528694e-01 1.882403796388442963e-01 -9.752765165147776472e-01
1.589117050170898438e+00 2.035156965255737305e+00 -1.585007095336914062e+01 -2.308354043864022792e-02 2.189380477158455948e-02 -9.994937776061646462e-01
-7.272302150726318359e+00 -7.581748199462890625e+01 2.187443971633911133e+00 -7.930363912274415727e-02 -4.841198604661357124e-02 9.956742501586108851e-01
1.511636066436767578e+01 -2.945792388916015625e+01 -3.688980102539062500e+00 7.342453693117730051e-02 -1.796394362824292601e-02 -9.971389743189077448e-01
2.772566795349121094e+01 5.928096008300781250e+01 2.376318931579589844e+00 1.943980777274348648e-01 2.104860273322938236e-01 -9.580735982552420760e-01
6.411510467529296875e+01 4.572270584106445312e+01 7.247931003570556641e+00 3.075743961668574444e-01 2.147459791984000499e-01 -9.269747327951897153e-01
8.533498764038085938e+00 -1.325361061096191406e+01 -4.508259773254394531e+00 -1.128486141124544068e-02 9.207361762031672503e-02 -9.956882548474882411e-01
-1.607022476196289062e+01 1.136446285247802734e+01 1.992439985275268555e+00 -8.926211466917342852e-02 3.480607249717525969e-02 9.953998252974072258e-01
2.300837326049804688e+01 5.918788528442382812e+01 6.705325126647949219e+00 -1.737284590440734688e-01 -2.097938344958608925e-01 9.621875958074365132e-01
1.281781959533691406e+01 6.383773040771484375e+01 6.079802989959716797e+00 -1.385149782623645021e-01 -1.691322897919020074e-01 9.758113902526065475e-01
-3.924417114257812500e+01 -4.352136993408203125e+01 -3.181840896606445312e+00 1.303073069803361017e-01 1.147727194477153774e-02 -9.914072210631906801e-01
-8.298921585083007812e+00 2.556150627136230469e+01 1.994565963745117188e+00 -8.174347715203159059e-02 8.976555692186463653e-02 9.926027144500475519e-01
6.949909210205078125e+01 -1.352927112579345703e+01 1.889684915542602539e+00 1.542854917568010908e-01 -1.158223592832216715e-02 -9.879584195927796353e-01
6.039632415771484375e+01 4.928675079345703125e+01 1.302390575408935547e+01 -7.451495348934792373e-01 -6.175213076934824574e-01 2.518324943143020467e-01
5.600785827636718750e+01 3.423838806152343750e+01 2.486392021179199219e+00 2.301142821411568118e-01 1.473588795794640305e-01 -9.619421904479213969e-01
1.731813240051269531e+01 -2.690949916839599609e+00 3.690315008163452148e+00 3.942417586600810604e-03 1.231203814249547113e-02 9.999164320383732152e-01
2.773420906066894531e+01 7.304434204101562500e+01 6.440854072570800781e+00 2.310859638598048715e-01 2.808381840437678134e-01 -9.315198289301113155e-01
-2.329252004623413086e+00 4.040327453613281250e+01 -3.896988868713378906e+00 7.425261178600900402e-02 7.328254986285787087e-02 -9.945432205432571671e-01
-1.169209194183349609e+01 5.877810668945312500e+01 -3.227405071258544922e+00 1.268447052056521918e-01 1.643779375085118177e-01 -9.782077051535317258e-01
-1.876940155029296875e+01 7.752519226074218750e+01 3.985703945159912109e+00 -3.490115653535949547e-02 -8.562011088512357926e-01 5.154624821210646024e-01
-1.455474972724914551e+00 6.877687835693359375e+01 -2.425799965858459473e-01 1.522048195161139206e-01 2.234151531652627809e-01 -9.627665149205227868e-01
-4.369170379638671875e+01 4.077254486083984375e+01 -8.391756057739257812e+00 1.170378131229358742e-01 -4.226343866965198703e-02 -9.922277722636155817e-01
-1.282712841033935547e+01 3.723193740844726562e+01 9.915949702262878418e-01 -1.139955381710420490e-01 8.453241604508603124e-02 9.898784207743266395e-01
-3.684050750732421875e+01 -6.019911193847656250e+01 6.566039919853210449e-01 -1.264785911350880532e-01 -1.151627377223811005e-01 9.852617468595689099e-01
-9.867318153381347656e+00 3.232274627685546875e+01 -4.970390796661376953e+00 5.057859464864764574e-04 2.492378430804628904e-03 -9.999967661099379290e-01
1.356719493865966797e+01 7.655818939208984375e+01 8.263290405273437500e+00 -2.215906981299713419e-01 -2.092251343937205077e-01 9.524297379020677523e-01
7.160671234130859375e+01 1.263064575195312500e+01 3.264378070831298828e+00 1.835737647136725659e-01 9.976509975486475001e-02 -9.779302622271954792e-01
-1.847875976562500000e+01 6.507397174835205078e+00 -5.681333065032958984e+00 -5.072630284522711662e-03 3.982024096708052831e-03 -9.999792057368442899e-01
1.304727935791015625e+01 3.204176712036132812e+01 2.434499979019165039e+00 1.787317118587371939e-02 -8.425418859785156755e-03 9.998047619754557580e-01
1.568476867675781250e+01 -1.939467811584472656e+01 -4.169480800628662109e+00 1.792992790660274602e-02 -8.678311161403522156e-02 -9.960658659063916787e-01
3.831460952758789062e+01 1.713057899475097656e+01 -2.672346115112304688e+00 9.274840038823546629e-02 8.379971138736064251e-02 -9.921569143017745507e-01
4.124548912048339844e+00 -1.307402420043945312e+01 -8.875819206237792969e+00 9.618916689246119478e-02 -4.440687174374439716e-01 8.908145813613503883e-01
-4.083765411376953125e+01 -3.592808961868286133e+00 -4.902256011962890625e+00 2.925493356596794298e-02 -3.408803276949510380e-02 -9.989905679654620396e-01
5.032222366333007812e+01 -3.676230239868164062e+01 -4.618049860000610352e-01 7.007854881170036410e-02 2.818751062297270623e-03 -9.975374938511809564e-01
-2.543438911437988281e+01 6.311331558227539062e+01 -4.616776943206787109e+00 2.030067067333328756e-01 1.472345472950174761e-01 -9.680445573960517747e-01
-3.695366668701171875e+01 -2.936877632141113281e+01 2.092080116271972656e+00 -1.116495053753368133e-01 8.393403930166118410e-03 9.937122011527824705e-01
-3.854594802856445312e+01 1.770484352111816406e+01 -1.453801035881042480e+00 -2.241344161735631946e-01 7.191342827393777670e-02 9.719013439235617557e-01
-2.033879470825195312e+01 -1.166464328765869141e+01 -5.275784969329833984e+00 1.930254896134645307e-02 -1.203209412663982653e-01 -9.925473705049864259e-01
2.641556167602539062e+01 3.481195926666259766e+00 3.400111913681030273e+00 4.529082009324779390e-02 3.013511473507941504e-02 9.985192118708506870e-01
7.637651062011718750e+01 -2.296730995178222656e+01 1.014058876037597656e+01 -5.169703565880034990e-01 1.354806389827621083e-01 8.452139651414278809e-01
4.047093582153320312e+01 7.107688140869140625e+01 1.063208675384521484e+01 5.317119983311203724e-01 8.461617011974511549e-01 -3.595450260206809606e-02
2.151005744934082031e+01 3.439393234252929688e+01 2.274540901184082031e+00 1.712190518258118951e-02 3.276738511504668355e-02 9.993163357193961538e-01
2.955744981765747070e+00 -4.456581878662109375e+01 2.566184997558593750e+00 3.671061212815538571e-02 -1.100253456843097860e-01 9.932505999314695799e-01
3.450612258911132812e+01 -3.464906692504882812e+01 -2.406109094619750977e+00 1.749284365565067501e-01 -3.124786239381168243e-02 -9.840851656130751302e-01
7.953897953033447266e+00 7.687320709228515625e+01 7.243858814239501953e+00 -1.716015582770334391e-01 -8.913626443512176478e-02 9.811256961059809933e-01
2.318719863891601562e+01 -4.621643066406250000e+00 3.607585906982421875e+00 1.332195237002607550e-02 3.975917610929600304e-02 9.991204799723408803e-01
-4.500660324096679688e+01 -3.649564361572265625e+01 8.366109728813171387e-01 -6.958049477887500167e-01 -4.631214050775517288e-01 5.489754446163225277e-01
6.384527587890625000e+01 -3.704628372192382812e+01 1.621031999588012695e+00 1.761604246316017530e-01 -3.394362626341020789e-02 -9.837760593903999151e-01
3.319219589233398438e+01 7.046427917480468750e+01 1.249055576324462891e+01 -4.504056181618782961e-01 -8.555259772624013159e-01 2.553626467544329315e-01
1.651975250244140625e+01 -5.972860336303710938e+01 2.986828088760375977e+00 -4.236724268473611443e-02 1.546440470860058029e-02 9.989824167292942203e-01
-3.834720993041992188e+01 2.166408729553222656e+01 -7.178925991058349609e+00 1.430455288597586305e-01 -1.072845353407719804e-01 -9.838841421376535168e-01
3.690873718261718750e+01 6.259711837768554688e+01 5.077670097351074219e+00 2.565349433681943792e-01 3.091569344158280885e-01 -9.157575076043247275e-01
4.634760665893554688e+01 4.245946502685546875e+01 7.162841796875000000e+00 -1.816275485369317766e-01 -1.261265606435755526e-01 9.752453662092873676e-01
8.437320709228515625e+00 -2.731575012207031250e+01 -3.970109939575195312e+00 -4.000347336210425403e-02 -7.407618239152680140e-02 -9.964499191235175468e-01
-4.071059417724609375e+01 -4.088015365600585938e+01 1.606874942779541016e+00 -1.008772862250517932e-01 -2.296163828195736667e-02 9.946338704725862234e-01
7.228546142578125000e+00 -5.352619934082031250e+01 2.580339908599853516e+00 1.511814782897472759e-02 -1.014517872956231630e-02 9.998342447399800603e-01
-1.385208964347839355e+00 3.281962966918945312e+01 -4.418903827667236328e+00 4.729094286126180741e-02 9.176992589257369770e-02 -9.946566480072228655e-01
5.841915130615234375e+00 -8.257723236083984375e+01 8.290950059890747070e-01 1.221819812484079282e-01 -9.389845758564461242e-01 -3.215268725346352996e-01
-2.942732620239257812e+01 4.998376464843750000e+01 -6.481901168823242188e+00 8.183347926228774771e-02 1.068938507849748337e-01 -9.908970614227232687e-01
-4.596434402465820312e+01 3.334582901000976562e+01 -3.780560016632080078e+00 -8.093798850354779750e-01 -6.649112216409874820e-02 5.835093250097340700e-01
-5.372871398925781250e+01 -1.349144744873046875e+01 -4.248760223388671875e+00 -8.670386272137671491e-02 7.656798838681143013e-03 -9.962047046770742265e-01
1.653968811035156250e+01 6.248692989349365234e+00 -4.622088909149169922e+00 -3.976007479029407266e-02 -2.576430665527248975e-02 -9.988770379557453394e-01
-2.275717926025390625e+01 -6.726967620849609375e+01 -3.108685970306396484e+00 6.509704574257324516e-02 1.285452212149129463e-02 -9.977961394476416723e-01
2.328820991516113281e+01 4.771479129791259766e+00 -4.419672012329101562e+00 1.069496469182701082e-01 1.377647382746338169e-03 -9.942634837465097464e-01
-2.689645051956176758e+00 -1.076041316986083984e+01 -1.386032485961914062e+01 2.848827965689756936e-02 -1.387519250543497729e-01 -9.899173304957856745e-01
-9.574193000793457031e+00 4.819602203369140625e+01 -4.152516841888427734e+00 2.190107389445057062e-01 5.362102536841932554e-02 -9.742479570753130869e-01
5.293275833129882812e+01 -3.143701553344726562e+01 -2.653450071811676025e-01 8.883697419708598553e-02 -7.637726920301664800e-03 -9.960168960128122917e-01
6.314735794067382812e+01 -5.109748458862304688e+01 3.339346885681152344e+00 7.334749613404606405e-01 -5.083058007984372351e-01 -4.512645498610202699e-01
8.136117935180664062e+00 1.147953319549560547e+01 -9.720130920410156250e+00 2.891842979299915628e-01 5.027921385475226934e-01 8.145995993404039348e-01
5.688049316406250000e+01 5.837788009643554688e+01 1.365253448486328125e+01 7.049988585517691364e-01 6.562494708594759363e-01 2.689112147854015311e-01
4.557369995117187500e+01 -3.754673004150390625e+01 3.916310071945190430e+00 -1.584294813823717285e-01 8.852411183106241588e-02 9.833939094042805085e-01
-4.308410644531250000e+01 -6.898851013183593750e+01 2.001164913177490234e+00 1.846474583687171822e-01 4.523560682836881841e-01 8.725132111348777864e-01
4.551215744018554688e+01 -2.606049919128417969e+01 -1.464331030845642090e+00 1.494383530820558026e-01 -3.137708230230285694e-02 -9.882730682024666313e-01
-1.298957443237304688e+01 2.839557075500488281e+01 1.442919015884399414e+00 -9.948453737916790329e-02 3.270932790153767422e-02 9.945013457460389894e-01
1.017085742950439453e+01 2.154834175109863281e+01 3.081917047500610352e+00 -4.707496445647042782e-02 7.279850350104398460e-02 9.962350754763810157e-01
5.052901077270507812e+01 -6.486606597900390625e+01 6.216062068939208984e+00 6.178881733233367868e-01 -7.860353714848137274e-01 1.904205981192952021e-02
-1.907070994377136230e+00 -6.018502807617187500e+01 -2.185012102127075195e+00 -1.083412507609591950e-02 5.115569096523529119e-02 -9.986319226900896018e-01
-3.410900115966796875e+01 -4.889385223388671875e+01 2.182533025741577148e+00 -7.149522785425042881e-02 -2.200464992050151294e-02 9.971981888150143192e-01
-3.380595922470092773e+00 -5.360551071166992188e+01 2.698309898376464844e+00 1.027819515646240418e-02 -5.897564639282137748e-03 9.999297862528403469e-01
-5.961124897003173828e+00 7.829143524169921875e+01 5.097580909729003906e+00 -1.294644356629529314e-01 -2.197111135128842208e-01 9.669363921672415874e-01
-4.546564102172851562e+01 4.390114212036132812e+01 -3.703095912933349609e+00 -1.045445548270565045e-01 8.944340258192966199e-04 9.945198017353832354e-01
5.323753356933593750e+01 -4.506095504760742188e+01 4.619881153106689453e+00 -9.574304638519880173e-02 7.003226603941115069e-02 9.929394497059057523e-01
7.762624359130859375e+01 2.849658203125000000e+01 8.860620498657226562e+00 9.280834601533244355e-01 3.654750262328798072e-01 -7.133790149638968847e-02
6.823416900634765625e+01 2.842442512512207031e+01 4.684959888458251953e+00 3.101130853881739480e-01 2.021746385618478914e-01 -9.289538684958544845e-01
2.676248168945312500e+01 -6.737914276123046875e+01 -6.064760088920593262e-01 8.030504695790775804e-02 -1.220563754962276370e-01 -9.892690941466897314e-01
4.053575897216796875e+01 -1.827654457092285156e+01 -2.396193981170654297e+00 8.903477905146094107e-02 -1.416278215708893264e-02 -9.959278205376272952e-01
4.956175613403320312e+01 6.510881900787353516e+00 3.821100950241088867e+00 -1.462234522082311583e-01 -1.126489097245994726e-02 9.891874464709333736e-01
3.106267166137695312e+01 -1.914312553405761719e+01 2.782966136932373047e+00 1.601003707602385862e-02 1.490775257902747682e-02 9.997606901783380184e-01
2.521433067321777344e+01 -4.325664901733398438e+01 -2.530531883239746094e+00 4.691756468893142767e-02 7.048930040814892391e-03 -9.988738932963157069e-01
-3.362969970703125000e+01 1.349278163909912109e+01 -6.064441204071044922e+00 8.719552696274991688e-02 -8.435956699824399829e-02 -9.926129172711571913e-01
1.136595964431762695e+00 -3.504922485351562500e+01 2.773678064346313477e+00 1.268137920442817361e-02 -1.896106287304317323e-02 9.997397965051696422e-01
4.526988601684570312e+01 -4.330738449096679688e+01 4.188196182250976562e+00 -5.381953475323155572e-02 6.206909592046834338e-03 9.985313875648886839e-01
-2.254078102111816406e+01 -6.870754241943359375e+00 1.960386037826538086e+00 -5.183247754750804071e-02 5.879044495744484983e-02 9.969238074461822530e-01
-1.410795211791992188e+01 1.690303039550781250e+01 1.878509998321533203e+00 -3.900397540398281571e-02 -5.292292723440860693e-03 9.992250404890856696e-01
1.559744453430175781e+01 -2.730857467651367188e+01 3.042578935623168945e+00 2.664234694109034272e-03 -1.039095304868319913e-01 9.945831847198608466e-01
-3.370293045043945312e+01 2.733014678955078125e+01 -1.806441068649291992e+00 -1.968060431171830826e-01 1.117285905435155824e-01 9.740554930021785296e-01
-1.441372871398925781e+01 -5.112633514404296875e+01 -2.108114004135131836e+00 -2.349970742431533102e-02 -2.635886196302704432e-02 -9.993762925680125253e-01
-1.252936458587646484e+01 -2.543572616577148438e+01 3.019510030746459961e+00 -1.392538018534403808e-02 -8.542089339695482786e-03 9.998665493436642571e-01
-3.096572685241699219e+01 1.787672233581542969e+01 -1.223070025444030762e-01 -1.575973730018099817e-01 1.178279298981705636e-01 9.804486967500340988e-01
2.730901527404785156e+01 6.770667266845703125e+01 4.504835128784179688e+00 1.354679997492455046e-01 3.178377246349366470e-01 -9.384176052498294229e-01
2.613396072387695312e+01 -2.906687545776367188e+01 -3.002017974853515625e+00 8.170744259256172703e-02 -6.392245290599840590e-02 -9.946043504024419946e-01
-2.323390579223632812e+01 7.348281097412109375e+01 -2.086261034011840820e+00 1.447005009545400678e-01 2.558114621523285837e-01 -9.558358964042901196e-01
1.281126689910888672e+01 -5.159342193603515625e+01 2.610301971435546875e+00 5.184807432862897046e-03 -1.573668123349523246e-02 9.998627278960044995e-01
2.912403106689453125e+00 3.750115203857421875e+01 1.994032979011535645e+00 -3.683184557929179703e-02 7.549342092343309940e-02 9.964658341099811301e-01
3.782042312622070312e+01 1.072338867187500000e+01 -3.061949968338012695e+00 7.004342840252510138e-02 -2.866620033979223794e-03 -9.975398240808239780e-01
-1.030044174194335938e+01 1.153425693511962891e+01 -5.129136085510253906e+00 5.389952193541328040e-02 -2.618234088739159610e-02 -9.982030487635220606e-01
3.280133056640625000e+01 2.414411354064941406e+01 -2.909256935119628906e+00 1.057770993112778363e-01 8.320237837879586318e-02 -9.909029061887969503e-01
7.749947357177734375e+01 6.510004997253417969e+00 8.456340789794921875e+00 -6.450502362622637653e-01 -5.164567469430420693e-02 7.623928888593909381e-01
1.368663787841796875e+01 -7.688775634765625000e+01 3.713944911956787109e+00 -1.143541064073894387e-01 1.465117363550957341e-01 9.825769432761906064e-01
1.827784538269042969e+01 -2.452309036254882812e+01 -3.754385948181152344e+00 1.378551004713722272e-01 -5.437112553727438402e-02 -9.889589233036111260e-01
9.285725593566894531e+00 -6.191064071655273438e+01 2.791487932205200195e+00 2.087763502441597127e-02 -7.529772395419962079e-03 9.997536831057239892e-01
-7.350107192993164062e+00 6.929047107696533203e+00 2.926237106323242188e+00 -5.969854137076922168e-02 3.614309850405129226e-02 9.975619081484261574e-01
-4.211853408813476562e+01 -1.370880031585693359e+01 -4.483852863311767578e+00 -4.871452301209663882e-02 -8.930348106595448199e-02 -9.948124363502934830e-01
-4.323367691040039062e+01 1.990769952535629272e-01 2.256999956443905830e-03 -1.319457428270251753e-01 9.796857794967357702e-02 9.864038111667773334e-01
5.396620559692382812e+01 -5.653941345214843750e+01 5.561121940612792969e+00 -4.564235041120496272e-01 4.471318210694010253e-01 7.692533519467036340e-01
-3.692893600463867188e+01 6.600812530517578125e+01 -9.124289751052856445e-01 -1.337764971763100164e-01 -1.258022569938333779e-01 9.829942222304738353e-01
7.757853698730468750e+01 -1.296443176269531250e+01 8.938053131103515625e+00 -9.201105374859092079e-01 9.914411876138240487e-02 3.789024182060864998e-01
2.428948783874511719e+01 -9.791316032409667969e+00 3.500444889068603516e+00 7.765644289644459131e-02 -4.509364608308934902e-02 9.959598586085708360e-01
-4.156900787353515625e+01 -5.055352020263671875e+01 7.720850110054016113e-01 -1.697602379223719371e-01 -5.870949635229409658e-02 9.837350540966808277e-01
3.704917907714843750e+01 -3.643209838867187500e+01 3.238059997558593750e+00 -1.251296217893017038e-01 6.067369867419075691e-02 9.902834341945035979e-01
-3.758185195922851562e+01 -6.252592086791992188e+01 -4.047651767730712891e+00 1.132982945108132189e-01 1.747059985767004248e-02 -9.934074061539677203e-01
6.138589859008789062e+01 -4.333093166351318359e+00 5.239984035491943359e+00 -1.029721321824710878e-01 1.937991588308510260e-02 9.944954292776615468e-01
6.323498153686523438e+01 -3.761770129203796387e-01 6.417359709739685059e-01 1.551950060701292322e-01 -4.995244533878721860e-03 -9.878712252226701240e-01
1.501419734954833984e+01 5.234752655029296875e+01 4.299329757690429688e+00 -9.905471342959304426e-02 -1.674366765335729701e-01 9.808940427481311897e-01
-6.019725799560546875e+00 -1.927884674072265625e+01 3.150608062744140625e+00 -2.355520446318410191e-02 1.370203295342589320e-03 9.997215986891685446e-01
-2.069655990600585938e+01 -4.998082351684570312e+01 3.043555974960327148e+00 -7.211104992565788019e-02 -9.627019239631229297e-02 9.927396670500258091e-01
6.496788024902343750e+01 -4.148514175415039062e+01 5.843071937561035156e+00 -3.153275706651269550e-01 2.047910559206977954e-01 9.266224401520368747e-01
-4.212422561645507812e+01 -5.920997238159179688e+01 7.692699879407882690e-02 -1.882496185777401132e-01 -3.002052153317775682e-02 9.816622888713874007e-01
3.084375572204589844e+01 -5.142495727539062500e+01 -1.662922024726867676e+00 5.795181756653378091e-02 -3.061768235246451961e-02 -9.978497604189213721e-01
-1.843606567382812500e+01 4.805818557739257812e+01 -5.371466159820556641e+00 1.781368766371384527e-01 8.760453311261685860e-02 -9.800983108648260167e-01
4.063321113586425781e+00 7.588700866699218750e+01 2.073955059051513672e+00 1.608823122979068654e-01 2.170601129220077752e-01 -9.628093211887615022e-01
-5.518887042999267578e+00 -6.878717041015625000e+01 2.511057853698730469e+00 -1.226661577136624152e-02 -7.245786816974739142e-02 9.972960380337491104e-01
-2.654494094848632812e+01 6.621135711669921875e+01 8.063060045242309570e-01 -2.026154483349071056e-01 -6.907214670680719704e-02 9.768193377720149062e-01
-2.050659751892089844e+01 6.488121032714843750e+01 -3.465660095214843750e+00 2.154592310109530173e-01 1.514736354848339739e-01 -9.646932452988237205e-01
-3.796392059326171875e+01 -3.531956863403320312e+01 -3.015980005264282227e+00 1.262940298027262209e-01 -2.935353533939034920e-02 -9.915584642366114254e-01
-1.678205680847167969e+01 2.000411987304687500e+00 2.259877920150756836e+00 -9.533828751963971393e-02 1.737663423732879048e-02 9.952932550336129891e-01
6.446469116210937500e+01 3.960068511962890625e+01 6.047822952270507812e+00 3.209983874972733298e-01 1.813644330502659219e-01 -9.295520306300804059e-01
-1.439726066589355469e+01 -6.111768722534179688e+01 -2.406238079071044922e+00 3.432791586125056443e-02 8.722627193257889711e-02 -9.955968921593550958e-01
3.113768577575683594e+01 -5.427030563354492188e+01 3.328531026840209961e+00 -1.987847328004625422e-02 3.766011522578310844e-02 9.990928695678070737e-01
6.646709442138671875e+01 4.757819175720214844e+00 6.152700901031494141e+00 -6.212819913627412594e-02 -8.187026749013488758e-02 9.947046527352615408e-01
-2.077566909790039062e+01 -4.005804443359375000e+01 3.277631044387817383e+00 5.148733786648850008e-02 -1.603179819086425137e-02 9.985449591711880180e-01
1.030075454711914062e+01 2.770844268798828125e+01 -4.312759876251220703e+00 9.634670156933752838e-02 7.534910424121782531e-03 -9.953193147033818633e-01
6.840792083740234375e+01 -3.611359024047851562e+01 6.144186973571777344e+00 -4.041833421581947361e-01 2.074741891081465783e-01 8.908368463280741389e-01
-2.580935478210449219e+01 -7.934827423095703125e+01 2.218920946121215820e+00 -3.135929998075122072e-01 -9.425672440351915427e-01 1.150061778498416010e-01
6.722810363769531250e+01 -1.960145187377929688e+01 1.605916976928710938e+00 1.532678676221721215e-01 7.696302784631289112e-03 -9.881547083721251568e-01
-1.053910636901855469e+01 -5.047246932983398438e+00 -1.419301223754882812e+01 -8.681775473664680998e-02 -2.684699714200156767e-02 -9.958623982292658106e-01
-2.206389808654785156e+01 6.017565917968750000e+01 1.089769005775451660e+00 -1.627687667631561308e-01 -1.252922732881492085e-01 9.786767468478492216e-01
-1.690635299682617188e+01 -5.765658569335937500e+01 2.901257991790771484e+00 -9.816280455363599403e-03 -3.599441374749437483e-02 9.993037790466898773e-01
-1.210866355895996094e+01 6.930006408691406250e+01 -1.599581003189086914e+00 1.045426499208398918e-01 2.104459398129039094e-01 -9.719996608866652288e-01
-2.344189453125000000e+01 7.767599821090698242e-01 1.631151914596557617e+00 -7.803364740950433087e-02 2.729848030960622257e-02 9.965769126589051341e-01
4.009959030151367188e+01 -1.406098365783691406e+01 3.036536931991577148e+00 -7.352357992476268866e-02 5.720329879144507579e-02 9.956515785165127586e-01
4.099952697753906250e+01 -9.152276039123535156e+00 -2.580502986907958984e+00 1.046244230905853112e-01 -2.634756661151857471e-02 -9.941627310589619126e-01
-4.374381637573242188e+01 -2.018489646911621094e+01 1.295737981796264648e+00 -4.948466235465872470e-02 6.273354132531680505e-02 9.968027743663387952e-01
-3.736913681030273438e+01 -6.847533416748046875e+01 -1.893150061368942261e-01 -1.543397926204954917e-01 -1.413344510557168199e-01 9.778567386681148443e-01
1.696107292175292969e+01 -9.705081939697265625e+00 -4.461069107055664062e+00 9.467462427578214601e-02 -6.198372944969841175e-02 -9.935767372486867810e-01
-3.513413238525390625e+01 -7.571201324462890625e+01 1.487911939620971680e+00 -3.929317326140229216e-01 -9.124537142858938354e-01 1.141616082175551522e-01
3.033829307556152344e+01 -7.659477996826171875e+01 5.091944217681884766e+00 4.043594339768857293e-01 -9.128044828297220414e-01 -5.728371740605214119e-02
1.666889381408691406e+01 -6.334991073608398438e+01 -1.691120982170104980e+00 5.855895482846483480e-02 -7.428268604300999889e-02 -9.955164144119540426e-01
7.120605468750000000e+01 -1.714391946792602539e+00 6.298477172851562500e+00 -1.444867396927536629e-01 6.844857941724825055e-03 9.894830619938453919e-01
1.062102508544921875e+01 4.977682113647460938e+00 3.588207960128784180e+00 -1.840198540662905599e-02 1.081494436366298162e-02 9.997721760038660310e-01
-1.588767433166503906e+01 -7.996262359619140625e+01 4.588476181030273438e+00 2.750156597194602578e-02 4.234035825546401677e-01 9.055236441689342719e-01
-4.167364120483398438e+01 2.359699058532714844e+01 -2.492352962493896484e+00 -6.550738032737581096e-02 3.004120244772133519e-02 9.973997740515784249e-01
1.548877525329589844e+01 2.233751106262207031e+01 3.081396102905273438e+00 4.786405742107262447e-03 6.175048209724746245e-02 9.980801412115308802e-01
-1.770326995849609375e+01 -1.796032524108886719e+01 -4.712254047393798828e+00 4.642988602706299428e-02 -7.734114670107838929e-02 -9.959229953718692352e-01
4.438135910034179688e+01 -6.906417083740234375e+01 3.959857940673828125e+00 5.444434984043735604e-01 -8.237387108616605058e-01 -1.582270939920735753e-01
-3.852407836914062500e+01 7.376383209228515625e+01 -3.898520946502685547e+00 -1.986227222953327043e-01 6.442762847148716387e-01 -7.385506638965215753e-01
4.695307159423828125e+01 1.090261459350585938e+01 -2.068084955215454102e+00 1.426690695027331424e-01 1.376620099926781082e-01 -9.801503494933826444e-01
-1.054889392852783203e+01 2.746140003204345703e+00 -8.022826194763183594e+00 -8.052622016682094985e-01 3.187866467616746191e-01 4.999278552060437697e-01
-3.370135498046875000e+01 6.790145874023437500e+01 -4.821195125579833984e+00 5.841423262729757149e-02 2.181116441491858793e-01 -9.741740543214557624e-01
-4.815532684326171875e+01 -1.014732933044433594e+01 5.236170291900634766e-01 5.971954656636576514e-02 9.765880660841809446e-02 9.934265615785231596e-01
2.945308923721313477e+00 5.271806716918945312e+01 3.054279088973999023e+00 -1.185830577507760164e-01 -1.188262266374124770e-01 9.858084937134546921e-01
7.603781890869140625e+01 9.454799890518188477e-01 7.220874786376953125e+00 -1.369980662464888865e-01 -1.247383509419437014e-01 9.826860503991124984e-01
4.095722961425781250e+01 6.649806976318359375e+01 1.430748558044433594e+01 -5.303053555344053871e-01 -7.652652643910045072e-01 3.648908124468107639e-01
2.692318344116210938e+01 -3.711543655395507812e+01 2.582315921783447266e+00 -1.804471656169674004e-02 -1.523674691742885230e-02 9.997210759744850073e-01
-2.151975631713867188e+01 1.129667663574218750e+01 1.482715964317321777e+00 -1.148587020936245179e-01 -4.036214420927553004e-03 9.933736394360968003e-01
-4.710703659057617188e+01 5.373816680908203125e+01 -3.648108959197998047e+00 -1.679179490710189515e-01 -5.974477117197989073e-02 9.839888844379240940e-01
7.182298278808593750e+01 4.018408203125000000e+01 1.071152305603027344e+01 8.551083341769023516e-01 5.096565108172481651e-01 9.507879786151776647e-02
5.895599842071533203e+00 4.910902976989746094e+00 -1.574845695495605469e+01 1.285486605230805497e-02 9.801055633836264214e-02 -9.951023481356187084e-01
-2.014128494262695312e+01 2.956629180908203125e+01 -5.814257144927978516e+00 4.152623514264314197e-02 -2.375300402799193980e-02 -9.988550278166116181e-01
2.375693702697753906e+01 -7.410218811035156250e+01 4.201273918151855469e+00 -1.099919115089296462e-01 1.784886667751258982e-01 9.777748080388704022e-01
-3.793999481201171875e+01 -8.518868446350097656e+00 1.190966963768005371e+00 -1.121112171093326809e-01 3.347750396214769358e-02 9.931315782547287530e-01
4.812686157226562500e+01 3.429253768920898438e+01 6.047626018524169922e+00 -2.144434959081304437e-01 -1.740817532851940130e-01 9.610980856477930878e-01
2.008482551574707031e+01 -1.869748306274414062e+01 3.322881937026977539e+00 3.307651376950283828e-02 -8.015041365494164627e-02 9.962338357171963699e-01
6.535156250000000000e+01 -1.053665542602539062e+01 1.138182997703552246e+00 1.782318843085087812e-01 -5.459537256238622752e-03 -9.839733679672362232e-01
2.215130615234375000e+01 6.292685985565185547e+00 3.563382148742675781e+00 3.166312711446318817e-02 2.175353821390104553e-02 9.992618425400370263e-01
1.563982009887695312e+00 -7.428668022155761719e+00 3.422760009765625000e+00 -1.941916052063607373e-02 -3.277119462603366590e-02 9.992742091175257357e-01
-9.024280548095703125e+00 -3.445007705688476562e+01 -3.280459880828857422e+00 3.796855779534887704e-02 -1.113752099573080551e-01 -9.930528441255815908e-01
4.427096939086914062e+01 -6.117890548706054688e+01 4.093889892101287842e-01 2.304663105221114727e-01 -1.402820050832941090e-01 -9.629154889003168627e-01
6.275506210327148438e+01 1.108963298797607422e+01 1.052014946937561035e+00 2.904255585165023690e-01 6.166288660931727034e-02 -9.549087303901792056e-01
-3.667272949218750000e+01 7.089196777343750000e+01 5.684580206871032715e-01 3.387651401216497105e-01 -8.139557275900267674e-01 4.719261100657065056e-01
4.314019978046417236e-01 1.264516925811767578e+01 -1.445277595520019531e+01 -3.370054401602094046e-02 1.140236201480146899e-01 -9.929062832822468376e-01
1.780968666076660156e+01 -3.605458974838256836e+00 -4.511421203613281250e+00 2.573853842938557054e-02 1.685001870327237569e-02 -9.995266902435464562e-01
6.536824035644531250e+01 1.209295654296875000e+01 6.676148891448974609e+00 -1.135474928594720212e-01 -8.696332532270105442e-02 9.897193273419218063e-01
2.074337959289550781e+00 2.090307807922363281e+01 2.787482976913452148e+00 -4.684458438178144835e-02 3.586643935726115118e-02 9.982580745688611756e-01
4.827038955688476562e+01 -5.428928756713867188e+01 4.522130012512207031e+00 -1.064820525925496003e-01 6.036399287816879983e-02 9.924806098052908476e-01
1.160122776031494141e+01 2.168416213989257812e+01 -4.443440914154052734e+00 2.506890159685904590e-02 6.595490440652520409e-03 -9.996639683806624044e-01
-4.391234207153320312e+01 6.772544097900390625e+01 -6.192658901214599609e+00 1.492537163331522088e-01 1.684864586516275631e-01 -9.743385661112754503e-01
-4.665299987792968750e+01 6.271611022949218750e+01 -3.079740047454833984e+00 -2.287687562248007789e-01 -1.802785079910794452e-02 9.733138511142861438e-01
-2.106094551086425781e+01 -5.504337692260742188e+01 -2.346897125244140625e+00 7.651815433477074380e-02 1.037170513220756346e-01 -9.916590872483618258e-01
5.673126983642578125e+01 -2.805200958251953125e+01 1.072340011596679688e-01 1.366863923237166822e-01 -1.508833949605032851e-02 -9.904994559134189247e-01
-3.014000701904296875e+01 -7.749102020263671875e+01 -1.787495970726013184e+00 -3.304545006833576326e-01 -9.081400660844525241e-01 -2.570631116092678692e-01
-4.084089994430541992e-01 7.172423553466796875e+01 5.158134937286376953e+00 -1.874222892041102206e-01 -8.546337166265972896e-02 9.785544939417227805e-01
4.065083312988281250e+01 -5.865044021606445312e+01 4.052362918853759766e+00 -6.684494761596418422e-02 8.179686200854562050e-02 9.944048603781932005e-01
2.453715133666992188e+01 -5.336020660400390625e+01 -1.961498975753784180e+00 2.592499331589443248e-02 -4.087892337907673285e-02 -9.988277170488104595e-01
-3.868910598754882812e+01 4.416969680786132812e+01 -7.738924980163574219e+00 1.052372354451474173e-01 8.705670845177919392e-03 -9.944090383594660354e-01
3.329813003540039062e+00 -1.143062019348144531e+01 -1.375751781463623047e+01 -6.934109854419375461e-03 -1.377249481135784936e-01 -9.904462412406030980e-01
-3.315003967285156250e+01 5.906245040893554688e+01 -6.269519805908203125e+00 1.822731249199615600e-01 1.043687467669505153e-01 -9.776930359935107617e-01
7.171027374267578125e+01 6.840245246887207031e+00 2.841351985931396484e+00 2.717221469282921076e-01 5.112350083132433110e-02 -9.610168898263075077e-01
-2.886094284057617188e+01 -2.175478172302246094e+01 2.375724077224731445e+00 -5.452397586942136359e-02 6.202736156495676501e-02 9.965840368341652988e-01
-2.741330718994140625e+01 5.374977111816406250e+01 -4.295189976692199707e-01 -1.395170826954224286e-01 -9.287335327136825303e-02 9.858547174347193076e-01
-1.700511932373046875e+01 -7.832390785217285156e+00 2.463021039962768555e+00 -8.472070916822593833e-02 2.180067296263478969e-03 9.964023528397635276e-01
