-3.867815971374511719e+00 -2.061359596252441406e+01 -2.614222049713134766e+00 5.188452380913743944e-02 1.073615125275258070e-01 9.928652989287624075e-01
1.243364810943603516e+01 6.444391632080078125e+01 1.752294921875000000e+01 2.257041672894610773e-01 9.205394800925293941e-01 3.188490151453296506e-01
3.709174346923828125e+01 1.793626213073730469e+01 -2.498969078063964844e+00 9.476784687363617454e-01 3.096158836506301415e-01 -7.774010859745460189e-02
-2.573984146118164062e+01 3.009154891967773438e+01 -2.753045082092285156e+00 -5.361357405952105193e-01 3.831892826833562249e-01 -7.521465557276988401e-01
3.549066162109375000e+01 -2.146024894714355469e+01 -3.730183124542236328e+00 9.503669204696688633e-01 -2.917056114727698546e-01 1.082153071995623494e-01
-2.236588668823242188e+01 -5.289914321899414062e+01 6.990706920623779297e+00 -4.181804465005730664e-01 -8.661149158067844578e-01 2.738066229688170261e-01
-3.806331634521484375e+01 -5.291452884674072266e+00 -3.749287128448486328e+00 -9.999615758386931619e-01 8.593608723795746404e-03 1.731108113241447335e-03
3.102655887603759766e+00 1.242022800445556641e+01 -1.738545989990234375e+01 2.394367596024503941e-01 9.486476888404435925e-01 -2.067307442272760809e-01
1.245332145690917969e+01 3.902271270751953125e+01 -2.054187059402465820e+00 7.076100651957055454e-02 3.932834416529997212e-01 -9.166902500179157087e-01
1.534779834747314453e+01 -4.284242630004882812e+01 -2.244940996170043945e+00 1.119115655775713147e-01 -9.876646074320715174e-01 1.095190609712712038e-01
-1.211744594573974609e+01 5.218768310546875000e+01 9.349975585937500000e+00 -6.363429007116444547e-01 5.147163404681687204e-01 5.745735823799648090e-01
-3.490607833862304688e+01 -3.121655273437500000e+01 -8.757020235061645508e-01 -9.466490955507208538e-01 -2.396046271512268511e-01 2.155112817017325599e-01
1.875121116638183594e+01 -1.800144910812377930e+00 -2.819730043411254883e+00 -1.394876608389978012e-01 1.171057959310000708e-02 9.901545610657249696e-01
-1.419959735870361328e+01 2.284068107604980469e+00 -2.223289012908935547e+00 1.088240979874316450e-01 1.517291735039244527e-02 9.939452189513766633e-01
-6.463677883148193359e+00 -4.226786041259765625e+01 -3.762179851531982422e+00 2.826675307694103117e-03 -4.594180583396900164e-01 -8.882156593857676308e-01
5.507696151733398438e+00 -9.169607162475585938e+00 -1.844280815124511719e+01 3.092580632100238106e-02 -5.474925619332442206e-02 -9.980210986996583822e-01
-4.533432006835937500e+00 2.454971313476562500e+01 -1.206411004066467285e+00 5.940004485328592015e-02 -2.522308924044082135e-01 9.658422291390574843e-01
1.637276840209960938e+01 1.867215538024902344e+01 -1.913403034210205078e+00 -7.430223814739564392e-02 -1.609861384683123064e-01 9.841558009925811534e-01
1.624314498901367188e+01 -2.409578895568847656e+01 -9.738589286804199219e+00 9.167824311009048488e-02 -1.184907954009649378e-01 -9.887138267190834773e-01
3.867839050292968750e+01 -2.064321994781494141e+00 5.687620043754577637e-01 7.150943647518002155e-01 -1.433425604343615822e-01 6.841731943509193892e-01
-2.266352272033691406e+01 -1.729307746887207031e+01 -8.574003219604492188e+00 -1.312881718297526368e-01 -2.526884883762169770e-02 -9.910221497100974997e-01
-3.247687149047851562e+01 1.248031044006347656e+01 6.020590066909790039e-01 4.079612316285138873e-02 1.491513200188864796e-01 9.879724490447621132e-01
2.924442481994628906e+01 3.361829376220703125e+01 3.021965980529785156e+00 7.874548010565454170e-01 4.745978079849073050e-01 3.932834308090254472e-01
5.372144222259521484e+00 5.263420486450195312e+01 6.459386825561523438e+00 -6.822406283541192218e-02 7.475166751090830397e-01 -6.607301246984970122e-01
-1.095088958740234375e+01 -3.822078943252563477e+00 -1.813987922668457031e+01 -6.093881518703306854e-01 -2.245332117211463752e-01 -7.604149638153168134e-01
3.003272628784179688e+01 -3.605816268920898438e+01 3.815452098846435547e+00 8.522481380279716134e-01 -1.947834003946300949e-02 5.227750046599038969e-01
1.898370981216430664e+00 -2.766160011291503906e+00 -3.228349924087524414e+00 1.411496953130123855e-01 -1.172990986576860489e-01 9.830145904141698310e-01
-4.669022083282470703e+00 4.154544067382812500e+01 -1.329089999198913574e+00 -4.087260090976693738e-03 4.307251432381051237e-01 -9.024739028290305054e-01
-1.824000549316406250e+01 -3.089029693603515625e+01 2.585819959640502930e-01 1.965146314556097118e-01 2.995198519590743236e-01 9.336326139902569876e-01
-1.725554847717285156e+01 1.711550712585449219e+01 -8.479177474975585938e+00 -1.739832787682226434e-01 2.200284758446813260e-01 -9.598527431468460991e-01
3.358063936233520508e+00 -3.224416732788085938e+01 -8.928559303283691406e+00 4.518537936587365550e-02 -4.299688896115705372e-01 -9.017122797532233225e-01
2.617613410949707031e+01 9.645727157592773438e+00 -8.843462944030761719e+00 1.961057053822134744e-01 1.111780536153538501e-01 -9.742597152252812087e-01
2.543098449707031250e+01 -1.277984046936035156e+01 -9.751594543457031250e+00 1.621551906725247350e-01 2.816714135686375353e-02 -9.863631715984428894e-01
-2.006309127807617188e+01 4.275611877441406250e+01 1.622357010841369629e+00 -7.400107378259169755e-01 5.352814400059094924e-01 -4.072565381765425041e-01
2.908088922500610352e+00 1.194842338562011719e+01 -2.904217004776000977e+00 9.123459017217768439e-04 -1.243256755478603925e-01 9.922410463312448803e-01
-1.602000951766967773e+00 6.196960830688476562e+01 1.499815464019775391e+01 -9.844455730452441600e-01 1.230531153086417001e-01 1.253987421167332139e-01
1.869836425781250000e+01 4.747428512573242188e+01 7.670047760009765625e+00 8.876101915436004353e-01 1.287151645899008157e-02 4.604155426698570142e-01
1.308030509948730469e+01 2.443228006362915039e+00 -1.529519176483154297e+01 7.827809927660672740e-01 1.749630102954755628e-01 5.971949952842167120e-01
-8.037910461425781250e+00 -5.298367309570312500e+01 5.358805179595947266e+00 -9.201243274307509268e-02 -8.041063491061103408e-01 5.873216253024772238e-01
-3.288316345214843750e+01 -1.745090484619140625e+01 1.155426979064941406e+00 3.377976743350180056e-01 1.226360952754527583e-01 9.331951132262980009e-01
-2.702509689331054688e+01 2.708461999893188477e+00 -7.914772033691406250e+00 -1.347846108981959612e-01 -6.525553990764223176e-03 -9.908534330616891594e-01
1.012886619567871094e+01 -1.379548835754394531e+01 -2.962028980255126953e+00 -9.315277882973378720e-03 -5.587934133265639453e-02 9.983940729041771434e-01
7.234499931335449219e+00 2.722159004211425781e+01 -7.536228179931640625e+00 1.668593062823876261e-01 2.424620097050475265e-01 -9.557040053053820206e-01
-2.625772094726562500e+01 -4.198436737060546875e+01 1.085489988327026367e-01 -2.946938040244714285e-01 -4.228833345635982233e-01 -8.569277958019323460e-01
-9.713348388671875000e+00 9.247827529907226562e+00 -1.618688964843750000e+01 -6.623454343302026537e-01 7.201924863901040252e-01 -2.064492871607332969e-01
-1.269337081909179688e+01 -1.089712524414062500e+01 -2.327208042144775391e+00 6.528151666981864276e-02 3.441269041736443567e-03 9.978609528630081327e-01
-9.252205848693847656e+00 -3.041803359985351562e+01 -8.691249847412109375e+00 -1.726881124480225127e-01 -4.009364495516848925e-01 -8.996825991648544907e-01
1.904071044921875000e+01 -3.111826324462890625e+01 3.690370023250579834e-01 -1.303201400615046912e-01 2.311691018124865105e-01 9.641459990382981182e-01
-1.361983013153076172e+01 3.277532958984375000e+01 -4.206906795501708984e+00 -1.163983025832318469e-01 2.014627140698208030e-01 -9.725555048403993208e-01
-2.518124580383300781e+01 -7.638974189758300781e+00 -1.046905994415283203e+00 1.915923200347044442e-01 4.604024181795138282e-02 9.803941447382598096e-01
-3.781116008758544922e+00 -1.096104431152343750e+01 -1.069809818267822266e+01 -6.152891496556274487e-02 -3.326371423865666366e-02 -9.975508598253072234e-01
4.444949150085449219e+00 -2.038070487976074219e+01 -1.165924072265625000e+01 1.050955247584570151e-01 -1.604101170365136164e-01 -9.814395167447030888e-01
4.176803112030029297e+00 -3.903511428833007812e+01 1.208106040954589844e+00 -1.428711230703528512e-01 3.864426368840963577e-01 9.111805148216693961e-01
2.686965370178222656e+01 2.444355010986328125e+01 -4.578786849975585938e+00 2.783469262735526750e-01 2.868614360914811257e-01 -9.166425176248365059e-01
3.064162063598632812e+01 -1.561543941497802734e+00 -8.410020828247070312e+00 5.180254831646587954e-01 5.528191696738794098e-02 -8.535768907652272475e-01
-1.254899986088275909e-02 1.147611975669860840e+00 -1.962588691711425781e+01 -1.519497313073560896e-01 4.559114613371746949e-01 -8.769583904479301140e-01
2.393712997436523438e+01 -2.051935768127441406e+01 -1.194628953933715820e+00 -2.161887251638779928e-01 1.873414034253240157e-01 9.582095979871246838e-01
-1.539678573608398438e+01 -4.384157943725585938e+01 3.828660011291503906e+00 2.188118731592957333e-01 4.799740020807137797e-01 8.495565440223169507e-01
-8.500614166259765625e+00 1.305972290039062500e+01 -2.224129915237426758e+00 4.674840531677654232e-02 -2.343826868562875337e-02 9.986316809321436061e-01
1.499738025665283203e+01 -8.151053428649902344e+00 -1.153249549865722656e+01 -7.729109670197380211e-02 4.843456600466381802e-03 -9.969968040564450851e-01
1.207424736022949219e+01 1.264278984069824219e+01 -1.053990364074707031e+01 9.965482624276351953e-02 2.405383885646173447e-01 -9.655103309821505553e-01
8.127723693847656250e+00 -2.481856727600097656e+01 -1.965057015419006348e+00 -4.555561950262498189e-02 1.422934273689390461e-01 9.887756398998371887e-01
-1.172738933563232422e+01 -1.888232612609863281e+01 -1.057906818389892578e+01 -1.953152420723867633e-01 -1.292096284708078302e-01 -9.721917650981418690e-01
3.193781280517578125e+01 -1.097484970092773438e+01 -3.956120014190673828e-01 -2.649030076759788521e-01 7.015865805716865744e-02 9.617193765459016719e-01
-1.886863708496093750e+01 -5.322463035583496094e+00 -9.994619369506835938e+00 -2.368919316453045043e-01 -1.245066573552679884e-02 -9.714562232257810681e-01
1.803407287597656250e+01 2.959959602355957031e+01 1.048220023512840271e-01 -4.879857110711659923e-02 -1.314008604539511071e-01 9.901275237714912691e-01
3.298568725585937500e+01 7.740601062774658203e+00 -2.580659985542297363e-01 -2.138915616163113154e-01 -5.670317748563738491e-02 9.752103104112301857e-01
-2.185556602478027344e+01 1.014622497558593750e+01 -1.075011014938354492e+00 3.055430092317962809e-01 -1.141862450952303709e-01 9.453068131250458306e-01
2.492498874664306641e+00 3.338192367553710938e+01 3.482919931411743164e-01 2.610454744463081359e-02 -2.365589293700798013e-01 9.712664029698508950e-01
1.468442153930664062e+01 5.708786010742187500e+01 1.018486309051513672e+01 8.938179278410096629e-01 3.953970006738344312e-01 -2.115436686080189865e-01
-2.631423568725585938e+01 -2.672817611694335938e+01 -5.384748935699462891e+00 -2.612970520872743285e-01 -2.388611612049802713e-01 -9.352375079295679461e-01
-2.730485153198242188e+01 1.974810981750488281e+01 -5.110180854797363281e+00 -3.101414437374749311e-01 2.711472435541120163e-01 -9.112033017880486474e-01
-1.745487022399902344e+01 2.376983070373535156e+01 -2.459270060062408447e-01 7.932513827838462428e-02 -1.796765100371787716e-01 9.805222456313649193e-01
2.851961898803710938e+01 -2.944293975830078125e+01 -4.390544891357421875e+00 3.042882505429336248e-01 -2.668853510757953629e-01 -9.144292591352652932e-01
-2.681922912597656250e+00 1.804165267944335938e+01 -9.396199226379394531e+00 1.988348168661599902e-03 1.182674774882283147e-01 -9.929797833995068768e-01
1.003687095642089844e+01 4.035435199737548828e+00 -3.145823955535888672e+00 5.341342322142446364e-02 4.201879076804839602e-02 9.976880411442045071e-01
2.236511993408203125e+01 4.102157592773437500e+01 4.348579943180084229e-01 2.308344950840570120e-01 4.408328102373160751e-01 -8.673994865674978794e-01
-1.599297904968261719e+01 -2.112162971496582031e+01 -1.585438966751098633e+00 1.526635096906580336e-01 8.110034678036970313e-02 9.849449662600616717e-01
4.475987911224365234e+00 4.281912612915039062e+01 3.627841949462890625e+00 3.486103017143309807e-02 -3.575141666109429295e-01 9.332568399148593041e-01
-2.945703983306884766e+00 -3.204313659667968750e+01 -9.067199826240539551e-01 7.502846322777002907e-04 1.764602682806216960e-01 9.843074777686602328e-01
-3.662209320068359375e+01 4.641885757446289062e+00 -4.197776794433593750e+00 -8.156066142115259154e-01 3.040852390579206754e-01 -4.922580809306217886e-01
-3.392833948135375977e+00 4.791894912719726562e+01 7.177531242370605469e+00 9.000732480116126200e-02 -6.429536922876484262e-01 7.605979431051717032e-01
1.285641670227050781e+01 -3.418802642822265625e+01 -6.776366233825683594e+00 -4.534361766764078566e-02 -4.368907688399354394e-01 -8.983709770686388874e-01
1.877291297912597656e+01 8.525039672851562500e+00 -2.453707933425903320e+00 -4.228828779142069366e-02 -1.460084510947843792e-02 9.989987567748814801e-01
2.631235885620117188e+01 1.539276599884033203e+01 -8.310139775276184082e-01 -2.425126210089993961e-01 -1.375003766532005567e-01 9.603547652152163439e-01
-1.781770896911621094e+01 7.572338104248046875e+00 -9.354922294616699219e+00 -3.284690366091803093e-01 1.354391111402722669e-01 -9.347536248459109576e-01
-4.332822799682617188e+00 4.483717918395996094e+00 -3.043529033660888672e+00 -3.308840568264116710e-02 4.238922699524188403e-02 9.985531086748098417e-01
1.928681182861328125e+01 -1.134673309326171875e+01 -2.468322992324829102e+00 -1.226215012087295692e-01 5.140555012603219981e-02 9.911213027967653577e-01
-1.527807807922363281e+01 -3.855614089965820312e+01 -4.344076156616210938e+00 -2.015897912148971183e-01 -4.086642097061586321e-01 -8.901433141821463169e-01
3.320565795898437500e+01 2.502702713012695312e+01 2.332219123840332031e+00 5.435665986624380608e-01 -1.724458048103796881e-02 8.391888805641917193e-01
-3.159163284301757812e+01 -1.202152824401855469e+01 -6.382208824157714844e+00 -3.723657601217147950e-01 -1.435648867399796080e-01 -9.169148619061173733e-01
-1.150652790069580078e+01 4.374649429321289062e+01 5.333964824676513672e+00 2.401245632923968143e-01 -4.895623029165618312e-01 8.382535091884008027e-01
-1.126102256774902344e+01 2.413083457946777344e+01 -7.577256202697753906e+00 -1.338511060219686466e-01 3.408132245034291019e-01 -9.305537208674579119e-01
2.359375000000000000e+01 -3.863677978515625000e+01 -2.589133024215698242e+00 2.132202961549501119e-01 -3.193537319101195648e-01 -9.233365037854156521e-01
1.001289010047912598e+00 -1.229710960388183594e+01 -2.913374900817871094e+00 -1.857496791199462344e-02 1.165671161354373403e-01 9.930091026787901676e-01
-2.086163043975830078e+00 -4.600502777099609375e+01 3.434389114379882812e+00 5.147374952154002425e-01 -4.084279864317376663e-01 7.538115752087467536e-01
6.332952022552490234e+00 5.760394287109375000e+01 1.402379131317138672e+01 9.609307400582221825e-02 -4.728158532293582628e-01 8.759059824336773437e-01
3.818074941635131836e+00 2.091385269165039062e+01 -1.990988016128540039e+00 7.123303321445074998e-02 1.558890363287488909e-02 9.973378770820818806e-01
2.085927200317382812e+01 2.541654109954833984e+00 -1.050567245483398438e+01 1.556669810613725002e-01 1.191492707177714688e-01 -9.805973905200142671e-01
-2.674011802673339844e+01 -3.322240829467773438e+01 2.192451000213623047e+00 2.390225436159095218e-01 2.089306660473104205e-01 9.482701094247397711e-01
-3.899569034576416016e+00 -2.349538803100585938e+01 -1.107424640655517578e+01 8.927723145163688617e-03 -2.726510623472511163e-01 -9.620715638456209806e-01
-4.638967037200927734e+00 3.280139160156250000e+01 -4.955124855041503906e+00 -5.789961370455654760e-02 3.143157647085473294e-01 -9.475511779257858036e-01
-3.042833328247070312e+01 -4.925509989261627197e-01 -2.638950049877166748e-01 1.557357188870049092e-01 -8.067104968984918634e-02 9.844991455581288964e-01
-1.748880004882812500e+01 -2.711871337890625000e+01 -7.993160247802734375e+00 -2.585398272091385397e-01 -3.282750164051330133e-01 -9.085112389788463361e-01
-1.951800346374511719e+01 3.378887939453125000e+01 2.417114019393920898e+00 2.094766060189639234e-01 -2.959792368100370719e-01 9.319419740027401478e-01
-1.155378913879394531e+01 1.407695055007934570e+00 -1.068977355957031250e+01 -7.501871366986937462e-01 -1.392432792095857907e-01 -6.463981506214081518e-01
-6.949505805969238281e+00 -4.301733970642089844e+00 -3.151571035385131836e+00 1.167557800647897187e-01 -3.402843606906281754e-03 9.931548260351199531e-01
1.054414558410644531e+01 -4.843733787536621094e+00 -3.099081993103027344e+00 -9.084186290355614202e-02 7.457886626421722509e-02 9.930688539325738251e-01
1.207346439361572266e+01 4.683682250976562500e+01 1.846696972846984863e+00 2.841051583244890155e-01 5.437075892499960705e-01 -7.897254690114627884e-01
-4.504321098327636719e+00 5.381764602661132812e+01 1.349202346801757812e+01 8.518856209076969277e-02 -7.680886381202837176e-01 6.346516783869992073e-01
2.227952384948730469e+01 1.741099739074707031e+01 -8.390126228332519531e+00 2.119971051940711393e-01 3.061318349840703168e-01 -9.280843318355396221e-01
1.232329082489013672e+01 -1.656292343139648438e+01 -1.149884986877441406e+01 1.314611419693971495e-01 -1.563123851551698751e-01 -9.789200204302717090e-01
2.603859901428222656e+01 2.967011928558349609e+00 -2.099529981613159180e+00 -1.363737071448864191e-01 -2.648467039269816400e-02 9.903033748471984365e-01
-2.864673137664794922e+00 -7.207871913909912109e+00 -1.846779632568359375e+01 4.346608094667088473e-02 9.638702622014336252e-02 -9.943944091674967733e-01
-2.455457878112792969e+01 -1.974917411804199219e+01 -5.680879950523376465e-01 1.492317148206893929e-01 8.394351556356327571e-02 9.852326534816567838e-01
1.580499744415283203e+01 2.543649673461914062e+01 -7.145380973815917969e+00 1.080581832947130477e-01 3.606623784975959701e-01 -9.264157154104754044e-01
1.541919422149658203e+01 -2.044177818298339844e+01 -2.086617946624755859e+00 -3.941288997154220042e-02 7.539521959124068085e-02 9.963745204323921634e-01
-2.818732070922851562e+01 1.150394248962402344e+01 -6.604889869689941406e+00 -2.478854944082965750e-01 1.627711244187595996e-01 -9.550174567605593801e-01
-1.217577552795410156e+01 -1.051148414611816406e+01 -1.072619533538818359e+01 1.301059471399684808e-01 2.096183403175934032e-02 -9.912784896449819971e-01
5.782673835754394531e+00 1.819846343994140625e+01 -9.613235473632812500e+00 -2.024685058903840512e-02 2.535712043348767319e-01 -9.671048078535156023e-01
4.001794052124023438e+01 4.978317260742187500e+00 -3.474594116210937500e+00 6.598824889302707941e-01 1.498956962385709080e-01 -7.362651567555978938e-01
-2.214129257202148438e+01 4.788239896297454834e-01 -1.652059078216552734e+00 2.270076643198664368e-01 -1.035593913556149409e-01 9.683712990388002595e-01
-3.691008758544921875e+01 -2.349458503723144531e+01 -2.582715034484863281e+00 -7.924069275835498027e-01 -3.888830707520413155e-01 -4.699587411678408655e-01
-9.942115783691406250e+00 -2.656288146972656250e+01 -1.561035990715026855e+00 6.722517718229607808e-02 1.160585649001044523e-01 9.909647748866441397e-01
4.734447002410888672e+00 6.296732330322265625e+01 1.995083236694335938e+01 1.456709766196878364e-01 2.420713067524833950e-01 9.592608868383051268e-01
-9.950491905212402344e+00 3.641322326660156250e+01 2.019265890121459961e+00 1.567157085873222278e-01 -3.891015250070914977e-01 9.077665944058137537e-01
-3.015117263793945312e+01 -2.513526153564453125e+01 1.509798049926757812e+00 2.263659736722535287e-01 1.913882459099102151e-01 9.550544410089618630e-01
2.571269035339355469e+01 -5.744480133056640625e+00 -2.147315025329589844e+00 -1.428574074101920943e-01 9.972966271787458634e-03 9.896930337694512803e-01
5.053245067596435547e+00 -1.239704895019531250e+01 -1.111153697967529297e+01 -2.609705260897355120e-02 -8.987886107346670234e-03 -9.996190082968839929e-01
9.944130897521972656e+00 3.045203971862792969e+01 -1.422580033540725708e-01 -4.236900960948933315e-03 -2.068878096397034627e-01 9.783554992397870409e-01
2.349912071228027344e+01 -2.072806167602539062e+01 -9.235150337219238281e+00 4.189301593306355986e-01 -3.440771694979485873e-01 -8.403025782618355199e-01
-1.550460243225097656e+01 -5.177431106567382812e+01 2.712943077087402344e+00 -1.290244974497737895e-01 -4.406312185274012805e-01 -8.883674962068855985e-01
3.819958496093750000e+01 -8.253396987915039062e+00 -4.580583095550537109e+00 5.099273268392312541e-01 -4.352747739832199536e-02 -8.591155219491349859e-01
2.231471443176269531e+01 -5.304121971130371094e+00 -9.899316787719726562e+00 -3.101952812184386454e-01 8.204302627175248663e-02 -9.471260894674934372e-01
1.121075820922851562e+01 1.252107238769531250e+01 -2.592638015747070312e+00 -6.034975976142802068e-02 -1.283673538403276859e-01 9.898887457511424959e-01
1.186808395385742188e+01 -3.634946060180664062e+01 8.506060242652893066e-01 -9.647303314657919293e-02 2.410317079471601953e-01 9.657104481362795978e-01
-2.737477302551269531e+01 -5.273292064666748047e+00 -8.342288017272949219e+00 -1.023049656096989696e-01 4.774081306647433992e-02 -9.936068180016430773e-01
-9.685858726501464844e+00 -3.623044967651367188e+01 7.935410141944885254e-01 3.787823474729735268e-02 3.732990314179157609e-01 9.269374695603119774e-01
3.234142303466796875e+01 -2.625453186035156250e+01 1.687474966049194336e+00 2.420563529663563862e-01 7.695760237356767675e-02 9.672053812017066265e-01
-3.801999986171722412e-01 2.545061683654785156e+01 -8.011548995971679688e+00 -7.915108428572539823e-02 3.866645334656655386e-01 -9.188175250919918824e-01
6.846337795257568359e+00 5.523897171020507812e+00 -1.880183982849121094e+01 -8.514032282079526948e-02 -2.006130544802677343e-02 -9.961669887391830791e-01
1.190199982374906540e-02 -3.851061630249023438e+01 -5.805976867675781250e+00 -3.350646448779057152e-02 -4.461531024882027796e-01 -8.943292044754435066e-01
-2.006017303466796875e+01 -1.351742362976074219e+01 -1.645430088043212891e+00 2.056535026040500203e-01 1.440898791809182566e-01 9.679590609030499504e-01
-1.041484737396240234e+01 1.373469352722167969e+01 -9.722644805908203125e+00 -8.659908991119912025e-02 1.787404921586784878e-01 -9.800777694088492753e-01
8.747829437255859375e+00 -2.660403442382812500e+01 -1.014755058288574219e+01 9.967230797578417734e-02 -1.578251462953744189e-01 -9.824238668821234644e-01
-3.034909248352050781e+01 -1.980365562438964844e+01 -5.697950839996337891e+00 -3.144483894480792352e-01 -1.679373192032638518e-01 -9.343014862411008759e-01
-2.621387481689453125e+01 -4.628694152832031250e+01 6.464019775390625000e+00 -2.441282709062339296e-01 2.243501948190455841e-01 9.434343524745050225e-01
-2.248468208312988281e+01 -3.601601409912109375e+01 -3.755943059921264648e+00 -2.496097350335625686e-01 -4.012459742802643725e-01 -8.813039477390057774e-01
2.118111228942871094e+01 -2.919194030761718750e+01 -6.852119922637939453e+00 2.752076258655610230e-01 -4.659894665240874589e-01 -8.409010522969024848e-01
-3.643012237548828125e+01 -1.060945320129394531e+01 1.475760936737060547e+00 -2.844998022920147140e-01 6.969758830453930132e-02 9.561391680505173518e-01
2.564538002014160156e+00 -4.547323226928710938e+01 -2.565608978271484375e+00 1.366720179645929678e-01 -8.927426190553844343e-01 -4.293382997446406057e-01
5.264575958251953125e+00 -3.176007080078125000e+01 -9.654179811477661133e-01 -3.969692300828085718e-02 2.555499784059844237e-01 9.659805188720813618e-01
3.194135665893554688e+01 -1.520457458496093750e+01 -6.751097202301025391e+00 4.009979083098261232e-01 -7.564664528632068785e-02 -9.129503067462487742e-01
2.477959060668945312e+01 3.164879989624023438e+01 -2.753937959671020508e+00 2.289431469060197732e-01 3.212620499245948946e-01 -9.188991951041288742e-01
1.163897323608398438e+01 -4.596208095550537109e+00 -1.762359619140625000e+01 8.664938071396297570e-01 -2.670825658988600915e-01 -4.217290423738337957e-01
3.219981384277343750e+01 1.311705684661865234e+01 -5.623305797576904297e+00 2.850492930373841327e-01 1.855195255628762918e-01 -9.403879019712093612e-01
-9.579955101013183594e+00 -4.832396697998046875e+01 -3.136770129203796387e-01 -8.677856079197671102e-02 -5.603408869406024673e-01 -8.237035703513080342e-01
-2.184047698974609375e+01 1.763697624206542969e+01 -4.797370135784149170e-01 3.753529780270377370e-02 1.743067897137918045e-03 9.992937821947899257e-01
-2.716755867004394531e+01 2.390898513793945312e+01 1.121538996696472168e+00 -7.834539152910763304e-02 -8.686913772785333221e-03 9.968884276363403352e-01
-1.798542594909667969e+01 -5.641793251037597656e+00 -2.128556966781616211e+00 3.758426276188722021e-02 -9.905690299615041092e-03 9.992443647538541418e-01
8.604434967041015625e+00 -3.999685287475585938e+01 -4.716918945312500000e+00 8.669480915692910628e-02 -4.837508291981241770e-01 -8.709013407472576684e-01
-1.121759414672851562e+01 1.990690994262695312e+01 -1.487467050552368164e+00 1.711854539991619073e-01 -1.285103825724326077e-01 9.768216940210674437e-01
8.252027511596679688e+00 6.356367111206054688e+00 -1.120077133178710938e+01 5.094778161157808016e-01 7.645699757337682811e-01 -3.947975520344062517e-01
-2.707250118255615234e+00 7.952366828918457031e+00 -1.817731094360351562e+01 2.087414569264769981e-02 -1.615997622829955516e-01 -9.866355897045683276e-01
1.184021472930908203e+01 5.009878921508789062e+01 8.924808502197265625e+00 -6.525489268444129021e-02 -6.049500864645168674e-01 7.935850249767290032e-01
1.981803321838378906e+01 -4.098527526855468750e+01 3.263396978378295898e+00 -1.770345947495453598e-01 -2.377477272844740752e-01 9.550574697016571690e-01
-3.231910705566406250e+01 -3.794237899780273438e+01 6.600859761238098145e-01 -8.957458227125427719e-01 -4.018262163776697982e-01 1.901975628777512473e-01
1.896803855895996094e+01 1.017597293853759766e+01 -9.884350776672363281e+00 2.482527170655952076e-01 6.811096581547892992e-02 -9.662978240714569234e-01
3.392410039901733398e+00 -1.934358596801757812e+01 -2.718425035476684570e+00 -1.435446349372311928e-02 1.009841257490862350e-02 9.998459738586111811e-01
3.161234474182128906e+01 -1.659409999847412109e+00 -9.697219729423522949e-01 -2.929147083384642802e-01 -2.255861547762921804e-02 9.558724195763391718e-01
-2.840496444702148438e+01 6.441370010375976562e+00 -3.134540021419525146e-01 1.856053598412486516e-01 -1.203944811738019566e-01 9.752209079491127586e-01
-2.654317855834960938e+00 1.724770736694335938e+01 -2.186736106872558594e+00 5.323504953435777287e-02 -9.742977572374203477e-02 9.938176232606743543e-01
3.212208557128906250e+01 5.698317050933837891e+00 -7.078155040740966797e+00 4.123112384556615329e-01 1.164598822643751613e-01 -9.035687790456941038e-01
-1.112302875518798828e+01 2.718644714355468750e+01 -2.514440119266510010e-01 7.739672818179876845e-02 -1.478792991312498084e-01 9.859723420843016228e-01
2.913429975509643555e+00 4.746317863464355469e+00 -3.018306970596313477e+00 -4.154859323792877389e-03 -6.515308352919318979e-02 9.978666307932325674e-01
-3.769698715209960938e+01 -1.532092475891113281e+01 -3.752578973770141602e+00 -3.977514260666622503e-01 -1.480948547348444333e-01 -9.054621566156157986e-01
-1.553901672363281250e+01 1.421017456054687500e+01 -1.838875055313110352e+00 1.057258541889952025e-01 4.196211823825461706e-02 9.935095492188115163e-01
-2.040528678894042969e+01 -3.871231079101562500e+01 2.540405035018920898e+00 1.342235090864199454e-01 4.754815439590056037e-01 8.694258743348325380e-01
1.102445888519287109e+01 2.353729248046875000e+01 -1.305736064910888672e+00 -8.901448065971931389e-02 -1.926708042720244873e-01 9.772176745301179857e-01
-5.968945980072021484e+00 -1.383845329284667969e+01 -2.563267946243286133e+00 3.454713040984738054e-02 6.152358860512104066e-02 9.975075657986723909e-01
-6.842782020568847656e+00 2.019953966140747070e+00 -1.797623062133789062e+01 1.570327106013983537e-02 -1.102865752978971631e-02 -9.998158710438149743e-01
7.226439714431762695e-01 -2.596376228332519531e+01 -1.963883996009826660e+00 2.226837168993039962e-02 1.422803111997525682e-01 9.895758852494237479e-01
5.366925239562988281e+00 3.919004058837890625e+01 -2.415481090545654297e+00 7.374114378826263083e-02 4.744085882697292589e-01 -8.772107700482941750e-01
3.060086822509765625e+01 -1.816388130187988281e+01 1.165229976177215576e-01 -2.112036796739672762e-01 1.451838601206159596e-01 9.665995305464687437e-01
2.981570065021514893e-01 1.186203098297119141e+01 -1.096160793304443359e+01 -5.032938372543466210e-02 9.986341261165541106e-01 -1.402980004291923266e-02
-2.131813812255859375e+01 -4.681666183471679688e+01 1.343606948852539062e+00 -2.026163778798697190e-01 -5.501575199451446130e-01 -8.101069723577557502e-01
1.521779537200927734e+01 1.876472854614257812e+01 -9.222428321838378906e+00 5.218975298290855214e-02 9.795081387090970315e-02 -9.938218490985240017e-01
1.641772842407226562e+01 4.177243041992187500e+01 4.002247810363769531e+00 -1.512932616436571120e-01 -5.061782118853862533e-01 8.490547489966339123e-01
1.870670127868652344e+01 -1.395907402038574219e+01 -1.089444065093994141e+01 2.040436634714645758e-01 -7.478411898315830142e-02 -9.761011827392981344e-01
-2.101193618774414062e+01 2.265741539001464844e+01 -6.076362133026123047e+00 -2.869681540672282538e-01 2.973975007617141175e-01 -9.106063941637648762e-01
3.075096511840820312e+01 -8.471040725708007812e+00 -8.212693214416503906e+00 5.103976414986778343e-01 -7.660185847887447663e-02 -8.565199372052992866e-01
-2.738325119018554688e+00 -3.943340301513671875e+01 1.278537988662719727e+00 -7.620320370403810273e-02 1.695650252205006536e-01 9.825684576492429434e-01
2.150789451599121094e+01 2.335895347595214844e+01 -4.284060001373291016e-01 -5.479821177129886450e-02 -1.477317885856537782e-01 9.875082149673244380e-01
1.862320518493652344e+01 3.607640838623046875e+01 -2.463670015335083008e+00 2.014453731739991871e-01 3.697287436922538362e-01 -9.070393694402331120e-01
-1.547166252136230469e+01 3.876955413818359375e+01 -1.531538963317871094e+00 -1.666847004996613590e-01 4.865476524035231010e-01 -8.576057325834283152e-01
2.556605911254882812e+01 -1.392078018188476562e+01 -1.743175983428955078e+00 -1.548635071720740330e-01 9.426900780818124603e-02 9.834280087089375400e-01
3.879587554931640625e+01 1.120724868774414062e+01 -9.524679780006408691e-01 9.068952088275225032e-01 1.831798165093378727e-01 3.794551818453524850e-01
-1.708146476745605469e+01 4.758624267578125000e+01 5.381701946258544922e+00 -7.430937785395712591e-01 6.564688150084063700e-01 1.298473381215083378e-01
-2.306278991699218750e+01 -1.054769325256347656e+01 -8.537271499633789062e+00 9.685814327624292508e-02 6.013766522891349220e-02 -9.934797236491008654e-01
2.934398841857910156e+01 -2.277434158325195312e+01 -6.200191020965576172e+00 3.825232423827463757e-01 -2.456542165208196460e-01 -8.906907291212438071e-01
1.071986293792724609e+01 -2.450119972229003906e+00 -1.130706501007080078e+01 7.498028299140309105e-01 4.542546698656535487e-02 -6.601001766413666649e-01
-5.961149930953979492e-01 4.642114639282226562e+01 1.079722046852111816e+00 -1.054313856598722635e-02 5.024731089396154982e-01 -8.645285518834735505e-01
2.565271949768066406e+01 -3.139216232299804688e+01 1.506932973861694336e+00 -1.017183033986979040e-01 2.773227542168099635e-01 9.553771384889285789e-01
-1.916798210144042969e+01 2.891693496704101562e+01 -4.504325866699218750e+00 -1.539733656003542395e-01 3.098918968772621518e-01 -9.382213038167017682e-01
6.598216056823730469e+00 6.432353210449218750e+01 1.364752388000488281e+01 -1.525106219371651639e-01 6.896875863312905697e-01 -7.078640713137356322e-01
9.846836090087890625e+00 -4.269537353515625000e+01 1.592311978340148926e+00 1.817337885645481932e-01 -9.150827897170505931e-01 3.599948861548403212e-01
1.042269945144653320e+00 5.614630126953125000e+01 1.015156555175781250e+01 -2.113151473440246508e-01 7.571136178164419306e-01 -6.181625014669458462e-01
-6.258506774902343750e+00 -3.599091720581054688e+01 -6.600553035736083984e+00 -7.776695873362039768e-02 -4.083522742979654452e-01 -9.095057560043270373e-01
-2.054993247985839844e+01 1.531840085983276367e+00 -9.551041603088378906e+00 -1.889928062253456720e-01 1.333423104615477361e-01 -9.728831108801534455e-01
1.263647937774658203e+01 -2.999921035766601562e+01 -8.847680091857910156e-01 -7.810203945682102356e-02 2.105134361265191822e-01 9.744660920949949068e-01
-1.573400020599365234e+00 -1.716714096069335938e+01 -1.131964683532714844e+01 1.029198545699971656e-01 3.200639401087197744e-02 -9.941745793761331829e-01
3.654361724853515625e+01 -5.043069720268249512e-01 -5.492187976837158203e+00 4.433102291698594599e-01 2.815278075787083084e-02 -8.959260358137640656e-01
-2.781038045883178711e+00 -2.994892501831054688e+01 -9.724660873413085938e+00 -1.014334936563900252e-01 -2.008408760989280895e-01 -9.743583472483181573e-01
1.566887021064758301e+00 2.694405937194824219e+01 -6.896460056304931641e-01 6.328070964072733846e-03 -3.483949666314360427e-01 9.373264654023987230e-01
6.310249805450439453e+00 3.324591064453125000e+01 -5.038239002227783203e+00 3.979834774522059831e-02 5.089361834453141054e-01 -8.598837437100831371e-01
1.425192737579345703e+01 3.185358238220214844e+01 -4.916903018951416016e+00 1.265509765326229830e-01 3.996523708160666377e-01 -9.078892183739912802e-01
-2.735636901855468750e+01 -1.384260940551757812e+01 -4.915809929370880127e-01 1.557649549989916227e-01 6.738537402129317344e-02 9.854930188297493787e-01
-3.281956481933593750e+01 -2.222990989685058594e+00 -6.155567169189453125e+00 -3.536800526756189722e-01 -1.944483942866225739e-03 -9.353644419805402510e-01
5.631830215454101562e+00 -2.295830011367797852e+00 -1.877118492126464844e+01 2.024915641582782644e-01 -1.339978655920095463e-01 -9.700730583113417183e-01
-2.383175659179687500e+01 -2.758496475219726562e+01 5.546180009841918945e-01 1.798074281861625490e-01 2.161984124976407962e-01 9.596496940043162116e-01
-3.658273935317993164e+00 3.527144622802734375e+01 1.022379994392395020e+00 1.239598745545978098e-01 -3.233790146760342488e-01 9.381151114695709392e-01
2.261125183105468750e+01 3.459265136718750000e+01 2.551728963851928711e+00 -1.813932721527307668e-01 -2.644287672751808871e-01 9.471926455875032680e-01
3.095226478576660156e+01 1.936527824401855469e+01 -4.664700984954833984e+00 3.525329245985611148e-01 2.812177549048412994e-01 -8.925452993547531300e-01
-2.203718757629394531e+01 1.247790145874023438e+01 -8.255827903747558594e+00 -1.351164526283244460e-01 1.401472173307796998e-01 -9.808681367561986608e-01
3.650826263427734375e+01 -1.528269577026367188e+01 -2.218280076980590820e+00 9.179789058319692829e-01 -2.455908818831705198e-01 3.114479847155655623e-01
1.897785186767578125e+01 -3.498986434936523438e+01 -5.130930900573730469e+00 1.831822405869312220e-01 -3.510581304070424236e-01 -9.182605598677663350e-01
-7.203182220458984375e+00 4.706918716430664062e+01 1.999767065048217773e+00 -1.131617976439275169e-01 6.458328524121857983e-01 -7.550459153582216310e-01
-1.005239486694335938e+01 -1.899607086181640625e+01 -2.458368062973022461e+00 8.957951267911327953e-02 7.170319662575598552e-02 9.933952700218683374e-01
3.057241821289062500e+01 2.917385292053222656e+01 -1.861808061599731445e+00 3.222539779430412255e-01 3.136785705656458534e-01 -8.931730672539218707e-01
-1.669306564331054688e+01 -1.492479705810546875e+01 -1.011653995513916016e+01 -2.126558170149921989e-01 -3.932043701746604811e-04 -9.771270894208232694e-01
-9.795981407165527344e+00 -4.714385032653808594e+00 -1.171274471282958984e+01 -5.569302820483992278e-01 -7.533448690335776687e-01 3.497144109673951951e-01
2.634535026550292969e+01 -4.110707473754882812e+01 2.792365074157714844e+00 -1.893855910355538019e-02 -9.932207663704072376e-01 1.146901923865423917e-01
2.519974327087402344e+01 9.233968734741210938e+00 -1.870501995086669922e+00 -1.290210751650859022e-01 -4.525354483551886908e-02 9.906087415539320817e-01
-8.473782539367675781e+00 -4.274268341064453125e+01 2.411798000335693359e+00 1.244890287767979192e-01 4.130397622919483869e-01 9.021644176534676651e-01
-1.482528686523437500e+01 -3.265317535400390625e+01 -6.582420825958251953e+00 -1.951186329532012820e-01 -2.893223509004951843e-01 -9.371346201821191269e-01
-1.297336483001708984e+01 8.490829467773437500e+00 -2.155498981475830078e+00 6.940701370405991111e-02 -1.193567915735385676e-02 9.975170204120514805e-01
2.406830072402954102e+00 -2.624424362182617188e+01 -1.076285743713378906e+01 -6.530831521807790863e-02 -9.200349049478158403e-02 -9.936147048530192816e-01
4.896720051765441895e-01 -1.172690582275390625e+01 -1.535385799407958984e+01 4.464497374789594408e-02 -9.757250999354702969e-01 2.143999899136335707e-01
-3.031788253784179688e+01 1.853925323486328125e+01 6.009359955787658691e-01 -7.334596346663740940e-01 3.094182253134147853e-01 6.052250210946055198e-01
-3.131967544555664062e+01 -7.380553245544433594e+00 -3.741199895739555359e-02 2.730811572980818558e-01 5.672251367929331822e-02 9.603172590194567482e-01
-1.144915771484375000e+01 7.651040077209472656e+00 -1.042586708068847656e+01 -1.769829326482862952e-01 1.438270685615533895e-01 -9.736481992486827330e-01
1.224340057373046875e+01 6.271338653564453125e+01 1.157919406890869141e+01 -1.371456605844592891e-01 3.695023912384086118e-01 -9.190533448347546486e-01
-3.661259460449218750e+01 -3.987909853458404541e-01 -2.012999914586544037e-02 -9.085305190521296703e-01 7.450297426878904616e-02 4.111223695883891582e-01
2.908953475952148438e+01 -3.531415176391601562e+01 -2.252255916595458984e+00 3.657178740511882742e-01 -3.583399968874125818e-01 -8.589778130022965863e-01
-1.774024009704589844e+01 -2.109559249877929688e+01 -9.322684288024902344e+00 -1.872447807634263217e-01 -1.322924883349559377e-01 -9.733643149443079734e-01
1.712176895141601562e+01 -2.325498104095458984e+00 -1.139892768859863281e+01 -2.630697211534857027e-01 5.265800710954137570e-02 -9.633387026894947303e-01
2.683820343017578125e+01 3.549982070922851562e+00 -9.426955223083496094e+00 1.809245675070165205e-01 1.353946244882304473e-01 -9.741327407145753403e-01
-1.359309864044189453e+01 -4.398267364501953125e+01 -2.011723995208740234e+00 -1.852293487843438280e-01 -5.216149501609693706e-01 -8.328312746994420701e-01
3.244892120361328125e+01 1.491874885559082031e+01 1.972399950027465820e-01 -1.536927390702206020e-01 -5.323436609436337646e-02 9.866836596516759261e-01
2.244590568542480469e+01 4.288423538208007812e+01 6.257779121398925781e+00 2.954253443093639575e-01 6.948661908127194177e-03 9.553405581453037199e-01
-1.180849647521972656e+01 -2.498876380920410156e+01 -9.690576553344726562e+00 -1.648348792953521769e-01 -1.558574765794455974e-01 -9.739291091049564475e-01
-1.268016052246093750e+01 2.867995977401733398e+00 -1.648143768310546875e+01 -9.621649483183467577e-01 1.762670710887278558e-01 -2.077703825797951875e-01
1.997696495056152344e+01 -2.527122688293457031e+01 -9.570440053939819336e-01 -1.394567598597083735e-01 2.422387622138784391e-01 9.601417573517566639e-01
-2.934088325500488281e+01 -3.163351440429687500e+01 -3.230715990066528320e+00 -3.578404594249884330e-01 -2.637156141757849293e-01 -8.957702163157701403e-01
-2.139114952087402344e+01 2.818305587768554688e+01 1.097635984420776367e+00 3.197873821128330296e-01 -1.828598859662537157e-01 9.296764449774069794e-01
5.588099956512451172e+00 -8.387160301208496094e+00 -3.277389049530029297e+00 -1.120226649262159591e-01 1.514811504616910831e-01 9.820918407143148787e-01
-8.091646194458007812e+00 -8.819194793701171875e+00 -1.594219684600830078e+01 -4.734488575974450941e-01 -8.805553966508717911e-01 2.164191924715026111e-02
-4.816860198974609375e+00 1.220855998992919922e+01 -1.431221485137939453e+01 -2.952424701141559971e-01 9.499439343139400860e-01 1.021685152140554692e-01
2.143037605285644531e+01 2.730382537841796875e+01 -5.199790000915527344e+00 2.580521016736700979e-01 3.654959766474955574e-01 -8.943275707906446215e-01
1.423278427124023438e+01 6.717226982116699219e+00 -1.107503223419189453e+01 -8.344252214806485712e-02 4.303148326115643907e-02 -9.955830638103053687e-01
-3.201371765136718750e+01 1.562518501281738281e+01 -4.462837219238281250e+00 -2.793432264580834601e-01 2.111278811403226041e-01 -9.366922544983414811e-01
-2.663276481628417969e+01 1.361053466796875000e+01 -2.030330002307891846e-01 7.408183587047040275e-02 -1.351217051647016568e-02 9.971606203826915982e-01
-3.386220169067382812e+01 9.897552490234375000e+00 -4.762986183166503906e+00 -2.628003368547461305e-01 7.038037123808457002e-03 -9.648245690188842483e-01
1.047259616851806641e+01 2.227560997009277344e+01 -8.382883071899414062e+00 3.186002360881982076e-01 2.915093873509931877e-01 -9.019513105765704086e-01
-1.052719306945800781e+01 4.223974609375000000e+01 -4.812200069427490234e-01 -1.326869674893381146e-01 4.451169134942496441e-01 -8.855874332779547498e-01
-6.261808872222900391e+00 2.730788993835449219e+01 -7.036913871765136719e+00 -1.201373484442250644e-01 4.128985410546788803e-01 -9.028188147705543676e-01
1.010444355010986328e+01 4.083218002319335938e+01 3.091828107833862305e+00 -8.330364571387890993e-02 -2.987014254005503355e-01 9.507039292410945919e-01
-2.915946006774902344e+01 -4.037630081176757812e+01 5.046185016632080078e+00 -3.730448932306605347e-01 9.696622757647346824e-02 9.227323871763213337e-01
-2.939240932464599609e+00 1.100574779510498047e+01 -2.988316059112548828e+00 7.608831404894074793e-03 -1.450317698555554924e-01 9.893977417688081255e-01
2.033793640136718750e+01 1.428222274780273438e+01 -2.070162057876586914e+00 -7.668361343717933210e-02 -5.795591015019899150e-02 9.953696478740344800e-01
-2.309789955615997314e-01 3.696059417724609375e+01 -3.497787952423095703e+00 4.055575537574317851e-02 4.359281232853944310e-01 -8.990672399964181327e-01
2.785500144958496094e+01 2.116527557373046875e+01 2.213539928197860718e-01 -1.731767698086340568e-01 -1.595113262576646207e-01 9.718878243882717038e-01
8.878830909729003906e+00 -7.713667869567871094e+00 -1.321244812011718750e+01 5.866261972372823763e-01 -7.352613351004700926e-01 3.395003296334179188e-01
-2.179739379882812500e+01 -3.046558761596679688e+01 -5.680145263671875000e+00 -2.110869882289201915e-01 -2.655710507781253726e-01 -9.406988361792770759e-01
8.949581146240234375e+00 1.808709144592285156e+01 -2.144030094146728516e+00 -8.938016637927545527e-02 -1.799126871550110474e-01 9.796135007535758943e-01
5.910991191864013672e+00 4.837752914428710938e+01 2.449970960617065430e+00 2.167288223304411274e-02 6.511521616976980731e-01 -7.586376925068563093e-01
-3.415778350830078125e+01 6.824576854705810547e+00 6.521139740943908691e-01 2.769161707992304766e-01 -7.545549974624903011e-02 9.579268771195091903e-01
7.774289846420288086e-01 3.086525726318359375e+01 -5.995628833770751953e+00 -1.062209735728020937e-02 3.349353858217089530e-01 -9.421812237421183234e-01
1.585634040832519531e+01 3.498612880706787109e+00 -3.046083927154541016e+00 -9.240910716539692260e-02 -9.200979317247745537e-02 9.914609194886362387e-01
-6.007819771766662598e-01 4.006054306030273438e+01 2.777548074722290039e+00 9.091177386470439270e-02 -2.945080916039517493e-01 9.513148970517444347e-01
6.274109840393066406e+00 1.225182914733886719e+01 -1.077472400665283203e+01 -2.302665547195669252e-02 3.129693143072016792e-02 -9.992448524865146231e-01
2.639708900451660156e+01 -2.572574234008789062e+01 5.009409785270690918e-01 -2.605012413302378871e-01 2.376449889494199608e-01 9.357691822734041098e-01
-3.190885162353515625e+01 -2.632181167602539062e+01 -3.912362098693847656e+00 -3.318898969519317177e-01 -2.306724314055746128e-01 -9.146799034037408349e-01
1.411226177215576172e+01 3.433400726318359375e+01 9.246799945831298828e-01 -7.481430225891061436e-02 -3.208011903180200131e-01 9.441871723699988284e-01
-6.503315925598144531e+00 5.272992706298828125e+01 8.080439567565917969e+00 -2.370059797715269312e-01 7.132018852642423301e-01 -6.596750991268875985e-01
-8.359972953796386719e+00 1.909098052978515625e+01 -9.062084197998046875e+00 -3.292371542121266120e-02 1.270636644027895168e-01 -9.913479985108146764e-01
-2.085325002670288086e+00 -7.333262920379638672e+00 -3.376875877380371094e+00 6.260229570997447035e-02 2.145097464844935783e-02 9.978080017009648417e-01
-2.228845024108886719e+01 3.785577392578125000e+01 -5.209599733352661133e-01 -8.090174071767292086e-01 3.901810499899486251e-01 -4.396016186432708528e-01
2.599135398864746094e+01 2.687574958801269531e+01 7.025570273399353027e-01 -2.473552398874439284e-01 -2.375525874640244950e-01 9.393530505030427413e-01
9.205201148986816406e+00 5.588832092285156250e+01 9.231534957885742188e+00 -1.568800427573206898e-04 6.692419747655021789e-01 -7.430445172401335396e-01
3.627540588378906250e+01 3.103897094726562500e+00 3.720760047435760498e-01 -2.222113528714144692e-01 -2.820648410704632708e-02 9.745904313655939788e-01
-1.276717758178710938e+01 -3.425287961959838867e+00 -2.310020923614501953e+00 1.657542368923298481e-01 1.396296506195372940e-02 9.860682372731209844e-01
-1.906431579589843750e+01 -4.215082550048828125e+01 -1.757736921310424805e+00 -2.387272457642994339e-01 -4.480003161767935893e-01 -8.615712500050617395e-01
-1.473503208160400391e+01 -3.859635543823242188e+01 1.798977017402648926e+00 1.222506382975067918e-01 2.427004958399708867e-01 9.623675237428185314e-01
3.721836471557617188e+01 -9.409044265747070312e+00 8.897740244865417480e-01 4.755734339282001177e-01 -9.493030906503625854e-02 8.745388186710506551e-01
-7.079329013824462891e+00 -1.570842170715332031e+01 -1.111898231506347656e+01 2.037600461995428547e-02 1.688862629816687000e-01 -9.854249076473631241e-01
-1.250369834899902344e+01 -3.147046661376953125e+01 -3.671990036964416504e-01 1.188020583749484771e-01 2.285995101800862017e-01 9.662444488178444368e-01
8.306270599365234375e+00 3.587371826171875000e+01 1.069473981857299805e+00 -3.827050400021896059e-02 -3.604566994875470498e-01 9.319905237276362442e-01
-6.232894897460937500e+00 3.036449241638183594e+01 2.994999988004565239e-03 2.774015668786787223e-02 -1.472573335861882271e-01 9.887091389342057557e-01
2.258179903030395508e+00 4.772357559204101562e+01 6.681518077850341797e+00 4.522797265973518832e-02 -5.808545012925896422e-01 8.127499485187477113e-01
8.422391891479492188e+00 9.879270553588867188e+00 -1.557653808593750000e+01 6.357108907545064858e-01 7.534434450711497977e-01 1.679125917119645706e-01
1.400346946716308594e+01 -9.570981979370117188e+00 -3.126049041748046875e+00 -4.777921698907617448e-02 6.647106975082553437e-02 9.966437394124801896e-01
9.595625877380371094e+00 -1.935383415222167969e+01 -2.532355070114135742e+00 -8.329190932046781626e-02 1.543146729223677516e-01 9.845046671106306713e-01
-1.904312133789062500e+01 5.135256767272949219e+00 -1.922776937484741211e+00 7.107632851044105859e-02 -4.124477672589432070e-02 9.966177922946725110e-01
-2.349989509582519531e+01 7.075984954833984375e+00 -8.307714462280273438e+00 -1.723155175730635424e-01 2.626871892862167601e-02 -9.846914830592250478e-01
-1.867902755737304688e+01 -4.858073806762695312e+01 6.031096935272216797e+00 2.145162972989409778e-01 2.998316344930810895e-01 9.295610518682244638e-01
2.712701988220214844e+01 3.801429367065429688e+01 3.102059960365295410e-01 4.759852757423778669e-01 4.940440364393909878e-01 -7.275702765610524425e-01
-7.588984012603759766e+00 3.712167358398437500e+01 -3.042541027069091797e+00 -4.374877214024344707e-02 3.721246016607546725e-01 -9.271511881969658475e-01
1.387119865417480469e+01 -2.917498779296875000e+01 -8.969450950622558594e+00 1.614115738153772683e-01 -4.353714813314427667e-01 -8.856624509832784486e-01
-1.101206016540527344e+01 -4.828539657592773438e+01 5.154759883880615234e+00 1.370656533631109675e-01 3.082273176191657749e-01 9.413867044639186998e-01
1.658297348022460938e+01 5.260288619995117188e+01 7.393890857696533203e+00 1.339133701121090758e-01 6.684327171031766435e-01 -7.316180096274842448e-01
-2.264656829833984375e+01 -2.300665664672851562e+01 -7.559370040893554688e+00 -3.256435486524673073e-01 -2.583430999674049544e-01 -9.095136733003300611e-01
2.735441398620605469e+01 1.533910179138183594e+01 -7.153565883636474609e+00 3.570580768308423414e-01 2.386019271656111274e-01 -9.030939320595154918e-01
-3.215484237670898438e+01 -3.313678741455078125e+01 3.532960891723632812e+00 -5.488750206362823514e-01 3.564308299623071552e-02 8.351441686056630953e-01
-1.599703788757324219e+01 2.997794532775878906e+01 5.465260148048400879e-01 4.700371092214513519e-02 -1.920867109625958580e-01 9.802516751483364432e-01
2.199145889282226562e+01 -3.588995361328125000e+01 1.914206027984619141e+00 -1.427497039401426360e-01 2.829633664526715608e-01 9.484483408550897776e-01
2.415157890319824219e+01 -3.328224182128906250e+01 -4.406744003295898438e+00 2.721298166281766462e-01 -3.443964785385801863e-01 -8.985190195383403466e-01
-4.036192893981933594e+00 -4.676982116699218750e+01 -1.626380920410156250e+00 3.995379446882681325e-03 -4.384313696576561115e-01 -8.987557905477923104e-01
6.908813953399658203e+00 -4.407289922237396240e-01 -3.347392082214355469e+00 -8.445086275419451394e-02 -1.126185525717650071e-01 9.900429856307820797e-01
-1.572565269470214844e+01 4.027500534057617188e+01 3.784219980239868164e+00 1.515290377770575903e-01 -3.978294794231257425e-01 9.048594675485711614e-01
-8.958790779113769531e+00 1.023947954177856445e+00 -2.857689857482910156e+00 1.168902283370461537e-01 -4.921739362052425515e-02 9.919245549357650349e-01
1.989510726928710938e+01 -1.703699302673339844e+01 -2.159297943115234375e+00 -5.482121921068398851e-02 5.586953314360025569e-02 9.969319080010280443e-01
-1.502861976623535156e+01 -1.577898216247558594e+01 -2.206217050552368164e+00 1.625454216688266562e-01 8.856185470816921312e-02 9.827185679456517109e-01
7.492769241333007812e+00 -3.528103637695312500e+01 -7.128984928131103516e+00 5.092754619201405458e-02 -3.920775910174992829e-01 -9.185213920539765375e-01
3.289019393920898438e+01 -2.619554519653320312e+01 -3.811928033828735352e+00 3.171960892851070635e-01 -2.369280383841302351e-01 -9.182873981328951718e-01
3.579345703125000000e+01 9.024395942687988281e+00 -4.933622837066650391e+00 3.332808930782323875e-01 1.188628575166329471e-01 -9.353050130369003901e-01
2.023774528503417969e+01 2.237020492553710938e+01 -7.327370166778564453e+00 2.004566569793835573e-01 3.345465584150512095e-01 -9.208125373415017023e-01
-2.743818664550781250e+01 -3.681948089599609375e+01 -1.788179993629455566e+00 -3.258038575034863937e-01 -4.116439663020392548e-01 -8.511175544206415200e-01
-8.945652008056640625e+00 4.767678070068359375e+01 7.987236022949218750e+00 5.426745484231224048e-02 -6.835987169626189797e-01 7.278377824158339671e-01
3.169628715515136719e+01 -3.145803833007812500e+01 4.678989946842193604e-01 9.516195156039201075e-01 -2.408878994490623870e-01 1.907703263633494795e-01
1.109547996520996094e+01 -2.178853797912597656e+01 -1.059232330322265625e+01 3.323081232488519360e-02 -1.229144885637327850e-01 -9.918607470876867893e-01
-4.564761161804199219e+00 -2.689096450805664062e+01 -1.788465023040771484e+00 2.977383558297759525e-02 9.849923945937338887e-02 9.946916198202350179e-01
-2.559105682373046875e+01 2.493881034851074219e+01 -4.188133239746093750e+00 -2.274670785518735638e-01 3.178018431905240138e-01 -9.204676619196251464e-01
-1.891406059265136719e+01 3.401470184326171875e+01 -2.899674892425537109e+00 -5.047285764150442888e-02 3.339955036987318771e-01 -9.412223404438139207e-01
-5.773969888687133789e-01 5.241758346557617188e+01 6.607799053192138672e+00 -8.155597721196256034e-02 6.273546951321709031e-01 -7.744512309220140667e-01
7.395600795745849609e+00 8.831233978271484375e+00 -3.149713993072509766e+00 -2.383492311738882180e-02 -1.319159755282804311e-02 9.996288702283424588e-01
1.633197212219238281e+01 2.454353141784667969e+01 -7.377420067787170410e-01 -2.087994845820028908e-02 -1.132316844500420028e-01 9.933491900580525558e-01
-6.874515056610107422e+00 4.185633850097656250e+01 3.492573022842407227e+00 7.468615483851982761e-02 -4.288895183078312856e-01 9.002642719563589413e-01
-1.869592094421386719e+01 -2.569050407409667969e+01 -7.157549858093261719e-01 1.198943780058571856e-01 1.563611493647445450e-01 9.803961082602912214e-01
-2.252416229248046875e+01 1.759516143798828125e+01 -6.965472221374511719e+00 -2.803920051010302950e-01 2.744792556838674402e-01 -9.198051215744855735e-01
3.486414718627929688e+01 2.297086715698242188e+01 -2.260492086410522461e+00 3.970083381904230824e-01 2.907872866901995423e-01 -8.705326721649395694e-01
-3.140374755859375000e+01 5.429855823516845703e+00 -6.194630146026611328e+00 -3.672415293868126485e-01 7.814136938816632072e-02 -9.268374104899829158e-01
1.803147315979003906e+01 -1.916249847412109375e+01 -1.022801017761230469e+01 1.381731603435690514e-01 -1.873055778438770802e-01 -9.725352426875036871e-01
-2.735944175720214844e+01 -1.487941169738769531e+01 -7.674322128295898438e+00 -3.646309458721906926e-01 -9.880939455876273925e-02 -9.258946899401043762e-01
2.483010292053222656e+01 -2.533614730834960938e+01 -7.093244075775146484e+00 2.906816542561314609e-01 -3.145073580439995409e-01 -9.036533060942687490e-01
-3.140398979187011719e+00 -7.426609992980957031e-01 -2.952848911285400391e+00 5.741046700236147188e-02 -1.150955612881953902e-02 9.982843124061844264e-01
4.213943004608154297e+00 2.308665084838867188e+01 -8.779072761535644531e+00 2.502063842764567711e-02 2.077776024313317538e-01 -9.778560403150150515e-01
-5.742120146751403809e-01 5.687577819824218750e+01 1.517275619506835938e+01 2.848542216047320608e-01 -5.481329462682705822e-01 7.863894363794743381e-01
-3.619752502441406250e+01 -1.037144088745117188e+01 -4.653937816619873047e+00 -2.734345102750116996e-01 -5.625801733563288304e-02 -9.602440336061079940e-01
-3.471392822265625000e+01 -2.265116691589355469e+01 2.041920900344848633e+00 1.758771421565462068e-01 7.824114693465862580e-02 9.812978924838243744e-01
-3.617986297607421875e+01 -5.459529876708984375e+00 1.124017000198364258e+00 9.473242283008481701e-02 1.876900089285659864e-02 9.953258223668397520e-01
-1.634608268737792969e+01 2.483718299865722656e+01 -6.502380847930908203e+00 -2.415700235586669964e-01 3.373353432238792582e-01 -9.098619620194553503e-01
2.785259437561035156e+01 -1.819248580932617188e+01 -8.100122451782226562e+00 4.001713009814963362e-01 -2.309362692823956620e-01 -8.868660380241795149e-01
-2.255364608764648438e+01 -4.304452896118164062e+01 4.806971073150634766e+00 2.171611400127571589e-01 2.742103827969201713e-01 9.368296030947816933e-01
1.945467376708984375e+01 4.577002716064453125e+01 2.799771070480346680e+00 2.341872876740498655e-01 5.896455745372215507e-01 -7.729646891809105469e-01
-1.529776000976562500e+01 1.212165069580078125e+01 -9.275888442993164062e+00 -2.126078008546034015e-01 6.698388861486129220e-02 -9.748390029547449043e-01
2.555506944656372070e+00 -4.393594741821289062e+01 2.359262943267822266e+00 1.141576277635259068e-01 -1.353741840858762313e-01 9.841960507472520270e-01
1.475328445434570312e+01 -4.049956130981445312e+01 2.309886932373046875e+00 -3.082855213127325689e-01 3.394878353600681575e-01 8.886551901561550171e-01
-1.609363746643066406e+01 -9.997000098228454590e-01 -1.045896148681640625e+01 4.381056310998888981e-02 1.137422704625460634e-01 -9.925438682849290206e-01
1.511924076080322266e+01 -1.519996452331542969e+01 -2.660531044006347656e+00 -1.524201445697618007e-01 1.377688692014679417e-01 9.786663569410576358e-01
-5.456401824951171875e+00 -5.078091049194335938e+01 1.495296955108642578e+00 8.441256970212392963e-01 -5.359728514754603657e-01 1.359816567301623189e-02
8.971101760864257812e+00 4.617569351196289062e+01 5.916450977325439453e+00 -6.408712223769034988e-02 -4.466616141327425793e-01 8.924047530261278727e-01
3.423229217529296875e+01 -5.069539070129394531e+00 -6.664663791656494141e+00 4.236804463122910147e-01 -1.465033758197679253e-02 -9.056932411260183446e-01
7.732367992401123047e+00 4.420132064819335938e+01 -3.841499984264373779e-02 1.504907524343843395e-01 3.732263819474132549e-01 -9.154532217706027319e-01
1.694390487670898438e+01 -3.584611129760742188e+01 1.293278932571411133e+00 -4.544971270145221204e-02 -1.449110032385994909e-02 9.988615177424541303e-01
-5.898501873016357422e+00 -2.958014011383056641e+00 -1.830800819396972656e+01 -6.065650997977266312e-02 5.866453239098214090e-02 -9.964332694347480812e-01
1.802487564086914062e+01 3.718482589721679688e+01 2.564471006393432617e+00 -4.748682672060838134e-02 -3.055584069406578340e-01 9.509884653537572508e-01
1.019583702087402344e+01 1.715479940176010132e-01 -1.877125930786132812e+01 -1.163025395644071494e-02 -2.084419029312020721e-02 -9.997150878745069136e-01
-4.621590137481689453e+00 2.266155433654785156e+01 -8.720013618469238281e+00 -1.119968137892425053e-01 2.249640095440792742e-01 -9.679090391720232001e-01
1.331327247619628906e+01 -2.506624412536621094e+01 -1.756526947021484375e+00 -7.816147860683285431e-02 1.892044137170433016e-01 9.788219823297714672e-01
2.565895652770996094e+01 -1.516469955444335938e+00 -9.960961341857910156e+00 1.323345031801324845e-01 -2.765758802728515708e-02 -9.908191747703415375e-01
6.527349948883056641e-01 -3.544605255126953125e+01 8.996800333261489868e-02 3.389022383051386311e-02 3.818365470692494656e-01 9.236083066164738620e-01
1.346762466430664062e+01 8.017365455627441406e+00 -2.935123920440673828e+00 -6.504529272087032632e-02 -1.038979666506710531e-01 9.924587258020922675e-01
1.512847232818603516e+01 -3.820998382568359375e+01 -4.579249858856201172e+00 1.293245258232302852e-01 -3.581074886701002824e-01 -9.246805900304119197e-01
8.620336532592773438e+00 6.115210342407226562e+01 1.719694900512695312e+01 7.573120903994164099e-02 -9.883037480994202317e-01 1.323649707059482705e-01
-1.010559463500976562e+01 -3.895814514160156250e+01 -4.863063812255859375e+00 -1.022093048423723810e-01 -4.080672804472587623e-01 -9.072124076708922846e-01
2.086141204833984375e+01 3.556107997894287109e+00 -2.501013040542602539e+00 -2.768664871282780146e-02 -3.224722984049820107e-02 9.990963745558616438e-01
1.832354068756103516e+00 4.252046585083007812e+01 -9.782660007476806641e-01 1.778801614238267881e-02 3.789648430325103790e-01 -9.252400954493179563e-01
2.064393424987792969e+01 -6.501452922821044922e+00 -2.556590080261230469e+00 -1.412299894193222438e-01 3.474492587188027226e-02 9.893669087930805350e-01
-1.495181941986083984e+01 4.481152343750000000e+01 1.788668990135192871e+00 -1.815496104243683462e-01 5.838342987779497895e-01 -7.913136233663741193e-01
-7.909845829010009766e+00 -9.227422714233398438e+00 -2.696722984313964844e+00 1.350663664444836098e-01 6.478679941812677534e-02 9.887162116991103922e-01
-1.080770683288574219e+01 2.901866340637207031e+01 -5.920341014862060547e+00 -1.270071601272371176e-01 2.975317756849161777e-01 -9.462262011454740662e-01
-8.059720039367675781e+00 7.988058090209960938e+00 -2.745922088623046875e+00 1.329302271307076788e-01 -1.610908771685573213e-02 9.909944762751754510e-01
-2.321120071411132812e+01 -2.673264980316162109e+00 -9.123316764831542969e+00 -1.828222753766828856e-01 4.962758336653384783e-02 -9.818926207051817956e-01
-3.270947647094726562e+01 -7.180455207824707031e+00 -6.286808013916015625e+00 -4.140104658481206790e-01 -5.333500266947430873e-02 -9.087082654287178540e-01
-1.617794609069824219e+01 -4.746286392211914062e+01 3.752590119838714600e-01 -2.248509876574903421e-01 -5.034003928565081720e-01 -8.342841709042336795e-01
3.477756118774414062e+01 1.977446937561035156e+01 1.516174077987670898e+00 -2.373180847882731814e-01 -2.136127579698507972e-01 9.476548508106419355e-01
3.343958282470703125e+01 -6.261338233947753906e+00 -3.264020085334777832e-01 -2.749111509794445185e-01 3.651316003782588415e-02 9.607760655903170299e-01
-3.425952911376953125e+01 -2.767765808105468750e+01 2.541648864746093750e+00 -4.983162147410602483e-01 7.313867728049919248e-02 8.639049044957439749e-01
3.399819183349609375e+01 -2.164913177490234375e+01 1.017264008522033691e+00 8.450391631997600239e-01 -2.469011128385082687e-01 4.742875215918669896e-01
-1.540883064270019531e+00 -4.297393798828125000e+01 -3.706552028656005859e+00 -7.600756432768396298e-02 -3.950104129791954799e-01 -9.155269650878549159e-01
2.376821994781494141e+00 7.601908206939697266e+00 -1.849786376953125000e+01 -6.387131344046828585e-02 -1.231528359834802161e-01 -9.903301642930075754e-01
1.280839729309082031e+01 -4.557420015335083008e-01 -3.117559909820556641e+00 3.425762100400121107e-02 5.017385176668624769e-02 9.981527939158617579e-01
2.506070899963378906e+01 3.895196151733398438e+01 4.692028045654296875e+00 -1.977752337783858783e-01 -4.318881366631071583e-01 8.799759055301309418e-01
1.916598081588745117e+00 -5.536016941070556641e+00 -1.855951881408691406e+01 4.537096640553894833e-02 -1.651217739244157656e-01 -9.852290470664583077e-01
1.121904754638671875e+01 5.810329437255859375e+01 1.360683441162109375e+01 8.808504697060498545e-02 -3.583708226895271909e-01 9.294145350407522210e-01
1.695725631713867188e+01 4.062290573120117188e+01 -7.907570004463195801e-01 1.493468239277284393e-01 4.384224317949574345e-01 -8.862738275960178047e-01
1.125997829437255859e+01 -1.165256690979003906e+01 -1.147628307342529297e+01 -8.453261353832804137e-02 3.188744122314153551e-02 -9.959103515581212429e-01
6.480405807495117188e+00 2.673056411743164062e+01 -7.205060124397277832e-01 6.456180980568659855e-02 -1.689000234645089138e-01 9.835164232427958675e-01
-1.692481231689453125e+01 1.883063507080078125e+01 -9.081050157546997070e-01 2.106176276596410102e-01 -1.652456634441912819e-01 9.635009525848502454e-01
-2.530400085449218750e+01 -3.777153778076171875e+01 3.363806009292602539e+00 2.660094605916235588e-01 3.522023913283201524e-01 8.973251598046084743e-01
-2.173938369750976562e+01 -3.408045196533203125e+01 1.614439964294433594e+00 1.485578261080746920e-01 1.849570193819634334e-01 9.714532790018174380e-01
-1.460157966613769531e+01 3.485481262207031250e+01 2.028975009918212891e+00 9.036328977308821786e-02 -3.249391011926892614e-01 9.414080180121009445e-01
-2.437355995178222656e+01 -4.987251663208007812e+01 3.657760143280029297e+00 -1.724734330339827704e-01 -4.243602495032293143e-01 -8.889157966528827837e-01
-1.744112396240234375e+01 -1.008221435546875000e+01 -1.016497802734375000e+01 -2.872016298016408786e-01 -2.218678483663002327e-02 -9.576131632438510399e-01
-1.282616019248962402e+00 -3.424283599853515625e+01 -7.818964958190917969e+00 -4.796214597431575771e-02 -4.074952088692755936e-01 -9.119469761461594937e-01
3.449487686157226562e+01 -1.103383064270019531e+01 -6.127088069915771484e+00 3.734890362384750695e-01 -1.438282393689239991e-01 -9.164165959702447184e-01
-2.220688438415527344e+01 2.270479774475097656e+01 9.045299887657165527e-02 3.081884789961377227e-02 -7.665787870482673738e-02 9.965810394777819825e-01
2.360994720458984375e+01 -1.256484985351562500e+00 -2.394391059875488281e+00 -8.879889227130180474e-02 -2.559398808601760084e-02 9.957206960313933486e-01
2.688380956649780273e+00 6.085911941528320312e+01 1.295324134826660156e+01 -2.308364823085921613e-01 3.094317432683214020e-01 -9.224784629970081973e-01
5.121231079101562500e+00 5.353577041625976562e+01 1.124787425994873047e+01 4.816711326427356582e-02 -5.990094942563352065e-01 7.992919084981132682e-01
3.086403274536132812e+01 3.161302089691162109e+00 -1.025792956352233887e+00 -2.624977476649113517e-01 -6.136244353103277593e-02 9.629795340477124155e-01
-2.579505729675292969e+01 -2.801908016204833984e+00 -8.939290046691894531e-01 1.778301683365763608e-01 3.787116890792267734e-03 9.840539055229853282e-01
2.012278747558593750e+01 -4.213757705688476562e+01 -1.542859077453613281e+00 1.240889703970490809e-01 -9.921113961044883967e-01 -1.780182983300799063e-02
1.416339588165283203e+01 4.619238662719726562e+01 6.449807167053222656e+00 -1.240098323024973331e-01 -5.103017454239160422e-01 8.510074559659341897e-01
7.291406154632568359e+00 -4.406800842285156250e+01 -2.394163131713867188e+00 1.985368078206591336e-01 -9.669417798911105200e-01 1.600210306222090706e-01
3.887738943099975586e+00 -4.115554428100585938e+01 -4.515596866607666016e+00 8.410687440172816276e-02 -4.331867169696996811e-01 -8.973713288931095544e-01
-1.377102756500244141e+01 4.761426925659179688e+01 8.933061599731445312e+00 1.276336606383117744e-01 -8.016576120816587547e-01 5.839989055328757006e-01
1.063800048828125000e+01 1.718148231506347656e+01 -9.623142242431640625e+00 1.218368623275111265e-03 2.743827282785979427e-01 -9.616197970093435243e-01
7.476420879364013672e+00 -1.657175827026367188e+01 -1.156556415557861328e+01 8.598129458908521094e-02 1.450987096631596411e-02 -9.961910864012615274e-01
-3.192623901367187500e+01 -1.244996452331542969e+01 2.856549918651580811e-01 3.737456092554967135e-01 1.954361718029281117e-02 9.273253294231467159e-01
2.246555900573730469e+01 1.849123382568359375e+01 -1.059996962547302246e+00 -9.677521887520569577e-02 -2.164243911288463995e-01 9.714911424898139414e-01
1.924841117858886719e+01 3.151514434814453125e+01 -4.149996757507324219e+00 2.208138691703959156e-01 3.207537533014624964e-01 -9.210636595398951076e-01
5.116458892822265625e+00 -1.480339241027832031e+01 -2.861734867095947266e+00 4.262631219412314071e-02 3.688942478937587421e-02 9.984098195868458259e-01
-8.432319760322570801e-01 -1.686709213256835938e+01 -2.667642116546630859e+00 1.234955789421166988e-01 -7.660032759611670218e-03 9.923155576125333166e-01
-2.387653160095214844e+01 5.038627147674560547e+00 -1.028025031089782715e+00 2.682465774927094704e-01 -7.382380434626832633e-02 9.605174748932430173e-01
-2.928990936279296875e+01 -2.053150177001953125e+01 4.752399921417236328e-01 2.033727376526980601e-01 2.516474572576855029e-01 9.462098534867349198e-01
2.933374595642089844e+01 1.132503986358642578e+01 -7.103499770164489746e-01 -2.014950119494266223e-01 -6.619390630032948031e-02 9.772502887838936392e-01
3.866005897521972656e+00 3.815297317504882812e+01 1.991393089294433594e+00 6.288299602195522586e-02 -3.878689871703638326e-01 9.195669511257671402e-01
9.554939270019531250e+00 -3.130970764160156250e+01 -8.775012016296386719e+00 1.730921206262616696e-01 -4.672153921218343275e-01 -8.670345409160723493e-01
-5.354997158050537109e+00 1.411214923858642578e+01 -9.974662780761718750e+00 -4.906672700435155826e-02 2.084227857718598809e-01 -9.768072474506819258e-01
2.623451805114746094e+01 -8.067869186401367188e+00 -9.651415824890136719e+00 1.223029859249237794e-01 -4.281648929935095299e-02 -9.915688215539688599e-01
-7.561410903930664062e+00 -3.091092300415039062e+01 -9.092659950256347656e-01 7.750146719502315484e-02 2.047425275241665787e-01 9.757428042294929993e-01
-2.381901168823242188e+01 3.277532196044921875e+01 6.640959978103637695e-01 -8.856740299455909682e-01 3.892093927662656494e-01 2.531749617605402736e-01
3.143421745300292969e+01 2.940172386169433594e+01 2.846061944961547852e+00 5.437412498762230761e-01 2.012539891553875582e-01 8.147651717102822877e-01
-1.870542526245117188e+01 4.313107681274414062e+01 6.154446125030517578e+00 -2.772096708407205123e-01 -2.749475923164057534e-01 9.206294693696214226e-01
2.285233974456787109e+00 6.449146270751953125e+01 1.600224113464355469e+01 -7.197713976910470601e-02 8.805103267767837583e-01 4.685305281303451252e-01
1.059673309326171875e+01 3.497805404663085938e+01 -3.999895095825195312e+00 1.502146755317264881e-01 4.016200822636929457e-01 -9.034029337883526800e-01
1.097583770751953125e+01 2.448203086853027344e+00 -1.105362510681152344e+01 4.666972816626139275e-01 1.073916835212312820e-01 -8.778728117439351664e-01
-1.349315643310546875e+01 1.998384857177734375e+01 -8.530932426452636719e+00 -1.504061615085080794e-01 2.683975571730186638e-01 -9.514939505240339601e-01
1.809123992919921875e+01 1.501655483245849609e+01 -9.474276542663574219e+00 1.264276772719962749e-01 8.638865811541494855e-02 -9.882069834648133932e-01
2.574401283264160156e+01 2.016811180114746094e+01 -6.252494812011718750e+00 2.432077536918449412e-01 2.676957692001570299e-01 -9.323030428441726469e-01
2.001960372924804688e+01 -9.423357963562011719e+00 -1.072392463684082031e+01 2.347052081053750683e-01 -7.862323019371705857e-02 -9.688817538596328216e-01
1.584224796295166016e+01 2.278167009353637695e+00 -1.116760253906250000e+01 -8.441532445614850777e-02 1.021366716664045583e-02 -9.963783086759627761e-01
-3.510937500000000000e+01 -1.923941993713378906e+01 -4.216794013977050781e+00 -3.148787238819450995e-01 -1.307996998022870616e-01 -9.400759691525516493e-01
-1.067509078979492188e+01 3.182887268066406250e+01 5.669819712638854980e-01 2.104613486755368967e-02 -7.536895745248808898e-02 9.969335887909795968e-01
-2.015678215026855469e+01 3.855345153808593750e+01 3.743850946426391602e+00 7.557616618800618025e-02 -2.893362118549483442e-01 9.542393827618682600e-01
1.124927330017089844e+01 6.304823875427246094e+00 -1.735837364196777344e+01 8.110956887703106855e-01 4.391648325753954030e-01 -3.863392725147680173e-01
-1.973180198669433594e+01 -1.818701744079589844e+01 -1.365692019462585449e+00 1.260336660771803341e-01 4.352132401528446826e-02 9.910708397340234344e-01
-1.566601991653442383e+00 1.247673511505126953e+01 -1.770051383972167969e+01 -1.545540060650275049e-01 8.391758799182827966e-01 -5.214373421348218463e-01
2.203401088714599609e+00 1.652664184570312500e+01 -2.246545076370239258e+00 4.783285107955492820e-04 1.087004317379638638e-02 9.999408049295895884e-01
1.567234420776367188e+01 1.406594562530517578e+01 -2.342646121978759766e+00 8.191111943506518278e-02 -1.852014880528090879e-01 9.792808470178102631e-01
3.701018524169921875e+01 1.495562553405761719e+01 1.178607940673828125e+00 4.881816888177258340e-01 1.590430716284450818e-01 8.581281606322347377e-01
-1.222664260864257812e+01 4.830710220336914062e+01 4.593869209289550781e+00 -5.004059497951787727e-02 6.865319894305363935e-01 -7.253756036307298372e-01
1.172443008422851562e+01 2.797677612304687500e+01 -6.566254138946533203e+00 2.107290092799842252e-01 2.668277821080317636e-01 -9.404234255606275239e-01
-1.772130203247070312e+01 -9.227799773216247559e-01 -2.030826091766357422e+00 3.869157387069155352e-02 6.596015866106008652e-02 9.970718226791973615e-01
3.949970626831054688e+01 -3.731295108795166016e+00 -3.916666030883789062e+00 9.803384672517394538e-01 -1.712350998564426685e-01 9.805626040016046652e-02
-8.478301048278808594e+00 5.174388885498046875e+01 1.225663471221923828e+01 2.728393711486339426e-02 -5.650462706090358944e-01 8.246079667613771536e-01
-6.653719902038574219e+00 -4.688755035400390625e+01 4.373485088348388672e+00 4.880157645252199833e-02 3.569977976703681000e-01 9.328295549532378272e-01
-2.959927082061767578e+00 4.419599914550781250e+01 4.392045021057128906e+00 -2.319922193681542896e-03 -5.030647805759520530e-01 8.642455927021464035e-01
-1.414634037017822266e+01 -5.820498943328857422e+00 -1.056979274749755859e+01 -2.736514536868114508e-02 5.406533322016145171e-02 -9.981623558132933782e-01
2.253859519958496094e+01 6.770332813262939453e+00 -9.648179054260253906e+00 1.323990541968838308e-01 1.166071880242118691e-01 -9.843135954302656421e-01
-6.633361816406250000e+00 2.039474487304687500e+01 -1.760349035263061523e+00 3.108188380186043334e-02 -1.611222935115624588e-01 9.864448910268133197e-01
-7.266321182250976562e+00 -2.031668090820312500e+01 -1.120172023773193359e+01 -5.786198540252168038e-02 -2.561404974074834029e-01 -9.649062318345370537e-01
2.283358573913574219e+01 1.280291748046875000e+01 -9.055990219116210938e+00 9.711694020142916384e-02 9.719453595865312767e-02 -9.905157858942451599e-01
-4.040656089782714844e+00 -1.091286849975585938e+01 -1.534893131256103516e+01 -3.539542789573953963e-01 -9.320948725289335268e-01 7.691239830496389429e-02
-9.551159739494323730e-01 2.171144485473632812e+01 -1.731483936309814453e+00 9.072891399074498042e-02 -1.387380150087366426e-01 9.861643003868552082e-01
-7.492131233215332031e+00 9.799362182617187500e+00 -1.145699119567871094e+01 -6.898142579342881886e-01 5.866459387273088577e-01 4.242674063905003123e-01
-2.761469650268554688e+01 -1.006552696228027344e+01 -8.141494750976562500e+00 -2.085450695149873301e-01 -9.421629596454092481e-02 -9.734640432782872832e-01
-7.168047904968261719e+00 -2.656106185913085938e+01 -1.008846378326416016e+01 -1.515773419052507398e-01 -1.175136803485094250e-01 -9.814350943143856920e-01
-1.655663967132568359e+00 3.034633636474609375e+01 -2.175509929656982422e-01 6.179396675422587845e-03 -1.991730476626457635e-01 9.799448515817108518e-01
8.717849850654602051e-01 6.084785842895507812e+01 1.869807815551757812e+01 -7.106273015017213757e-01 -4.333837191111100662e-01 5.542448830343893462e-01
1.513917922973632812e+01 -5.135424137115478516e+00 -3.176688909530639648e+00 -4.488074642240363205e-02 5.301392337350986639e-02 9.975847044382324391e-01
-3.689393615722656250e+01 -8.054950237274169922e-01 -4.624528884887695312e+00 -2.313284719164870329e-01 4.070829012248646656e-02 -9.720236484757388551e-01
-1.273834609985351562e+01 -1.564489006996154785e+00 -1.460147094726562500e+01 -9.578363448946833891e-01 -8.404523723495524457e-02 2.747470372850509546e-01
9.535361289978027344e+00 5.064071655273437500e+01 5.037339210510253906e+00 9.618172780048547810e-02 7.116435687412915323e-01 -6.959256471107182485e-01
2.933946037292480469e+01 -3.937822341918945312e+01 -2.209520041942596436e-01 8.354452330204206190e-01 -5.473810979902634655e-01 -4.904279953702413153e-02
-1.057525730133056641e+01 -3.457330322265625000e+01 -6.754425048828125000e+00 -1.534032918006608681e-01 -4.949402577127570146e-01 -8.552786512943900687e-01
2.065908813476562500e+01 -2.482985687255859375e+01 -8.824395179748535156e+00 2.455309986827249602e-01 -3.300185394159283470e-01 -9.114835666799709912e-01
5.305529832839965820e-01 -1.279011535644531250e+01 -1.093918609619140625e+01 5.915837064704525250e-02 1.611992295790195262e-01 -9.851472456265191191e-01
3.851744461059570312e+01 7.074531078338623047e+00 8.860719799995422363e-01 5.543876261570025443e-01 1.854516368508038818e-02 8.320519436116335932e-01
-1.743971061706542969e+01 9.536499023437500000e+00 -1.840921998023986816e+00 1.399544663623787655e-01 2.346361460218684622e-02 9.898798948029109424e-01
1.496935009956359863e+00 1.638338851928710938e+01 -9.853983879089355469e+00 -1.002011015988266834e-02 1.921116503303147982e-01 -9.813219202686479514e-01
2.255418205261230469e+01 3.003796386718750000e+01 8.324810266494750977e-01 -2.428712561526666647e-01 -2.258736982163652984e-01 9.433952646631675876e-01
-1.308872413635253906e+01 -5.209270858764648438e+01 6.514497756958007812e+00 -6.851705091411621797e-03 -5.109589964556993102e-01 8.595777789579748251e-01
-2.970939826965332031e+01 -2.960048675537109375e+01 1.999678015708923340e+00 1.862175724912260855e-01 1.720365821022359631e-01 9.673295354293982573e-01
3.600589370727539062e+01 4.083589076995849609e+00 -5.446206092834472656e+00 4.287796985326943200e-01 4.662476303136216943e-02 -9.022051327710794988e-01
-2.096690368652343750e+01 -9.034484863281250000e+00 -1.774734020233154297e+00 9.464737585167538880e-02 8.577777648159266854e-02 9.918084730966284512e-01
-3.674177551269531250e+01 -1.510652160644531250e+01 6.381940245628356934e-01 -9.656384438744320953e-01 -3.027932686622779659e-02 2.581192710285177827e-01
-1.101439666748046875e+01 -5.189392852783203125e+01 2.174110889434814453e+00 -1.021501026720421923e-01 -5.793015056994830214e-01 -8.086872832055683746e-01
-7.992771148681640625e+00 -8.874752044677734375e+00 -1.069661998748779297e+01 2.226595174451815110e-02 1.546332524161255460e-02 -9.996324889505056044e-01
7.242074966430664062e+00 -3.558659362792968750e+01 2.917160093784332275e-01 -4.941990591595549209e-02 2.941726645513113580e-01 9.544737378943644046e-01
-1.551898384094238281e+01 3.425143003463745117e+00 -1.023943901062011719e+01 -9.161410212531441444e-02 1.711755368364010765e-01 -9.809718609014951296e-01
-2.855276107788085938e+01 -4.463494491577148438e+01 2.868860960006713867e+00 -8.112179131166878943e-01 -5.035062303717959820e-01 2.973331017821424505e-01
-1.835220146179199219e+01 -3.487769699096679688e+01 -5.024824142456054688e+00 -1.408733314002561521e-01 -2.743505218384885702e-01 -9.512552210984929202e-01
-2.616775703430175781e+01 -1.998035430908203125e+01 -7.206429958343505859e+00 -3.650193783251788893e-01 -2.316145197653619592e-01 -9.017292097303717391e-01
-9.196002006530761719e+00 3.298954772949218750e+01 -4.618319988250732422e+00 -3.944210951749312077e-02 3.686157071919381467e-01 -9.287447337176115703e-01
6.786900043487548828e+00 1.410001564025878906e+01 -2.575612068176269531e+00 -5.460840816382844104e-02 -1.143218481790279073e-01 9.919417507025016789e-01
1.380228233337402344e+01 2.825751495361328125e+01 -3.605870008468627930e-01 -7.193094027459467910e-02 -1.181146688221555302e-01 9.903912685601814481e-01
7.422000169754028320e-02 -2.161179733276367188e+01 -1.166462039947509766e+01 2.192083211247521091e-02 -1.608210701702761369e-01 -9.867401180193211552e-01
2.946636199951171875e+01 -2.243101882934570312e+01 5.456100106239318848e-01 -2.036624380801613232e-01 1.864961222283007258e-01 9.611143572484239783e-01
2.364675521850585938e+01 -9.752261161804199219e+00 -2.252116918563842773e+00 -8.434000752818295032e-02 1.329530080871729053e-02 9.963483317126353711e-01
2.236688613891601562e+01 -1.651923370361328125e+01 -1.004805946350097656e+01 1.365820814852382048e-01 -6.820200984019857138e-02 -9.882782102580816019e-01
3.653021240234375000e+01 1.375055694580078125e+01 -3.812916040420532227e+00 3.954070823440533067e-01 1.388010270450509842e-01 -9.079578812496766904e-01
4.292849063873291016e+00 1.910709977149963379e+00 -1.899454498291015625e+01 1.277063724876864037e-01 2.086903494639672299e-02 -9.915924393653081648e-01
-2.604975318908691406e+01 1.973524093627929688e+01 2.110870033502578735e-01 1.095505723152367106e-01 -1.170086288426288174e-01 9.870702370559919503e-01
2.279364776611328125e+01 3.695381546020507812e+01 -1.218726038932800293e+00 1.988233488628565748e-01 3.496351027307520454e-01 -9.155460506634363060e-01
-2.648503303527832031e+01 1.555661392211914062e+01 -6.264268875122070312e+00 -2.989889786001516669e-01 2.165285329387438285e-01 -9.293659048507392217e-01
-9.711589813232421875e-01 5.232367706298828125e+01 1.101348495483398438e+01 1.399702501464890614e-01 -6.302885272514223702e-01 7.636391173120731235e-01
-1.454721641540527344e+01 -2.710607910156250000e+01 -9.243090152740478516e-01 6.264736052797968691e-02 8.464589998733067222e-02 9.944397316249045105e-01
-2.610646629333496094e+01 -2.376171112060546875e+01 2.870630025863647461e-01 2.762525324127002024e-01 1.421124524743523354e-01 9.505201676909832420e-01
1.341834163665771484e+01 4.311435699462890625e+01 -1.073009967803955078e-01 1.239263318553166238e-01 4.225937340046906354e-01 -8.978066608423324046e-01
-7.336549758911132812e-01 7.229050159454345703e+00 -3.095895051956176758e+00 -3.809701496171174345e-02 4.518615975004471041e-02 9.982518862581981622e-01
-3.686149597167968750e+01 -1.942405128479003906e+01 -5.662000179290771484e-02 -9.529176655417717079e-01 -4.248996540273977662e-02 3.002374485944315774e-01
1.376791286468505859e+01 3.849008178710937500e+01 2.618308067321777344e+00 -1.547518185333054269e-02 -2.115506795561581110e-01 9.772445081584925086e-01
-1.560758209228515625e+01 -3.431944656372070312e+01 8.675109744071960449e-01 1.035418317271200594e-01 3.048326934009757405e-01 9.467608558218381098e-01
1.083776950836181641e+00 -3.040547943115234375e+01 -1.274121046066284180e+00 -3.084164653240677179e-02 2.793546453005894548e-01 9.596925419050373884e-01
3.221218109130859375e+01 -1.945676422119140625e+01 -5.803272247314453125e+00 3.722687977458803421e-01 -2.007179090993352621e-01 -9.061612787973385430e-01
-1.350241565704345703e+01 -2.885347366333007812e+01 -8.308556556701660156e+00 -2.007954514586046957e-01 -3.929743848954554974e-01 -8.973585233838109465e-01
2.794974327087402344e+01 -9.514396667480468750e+00 -1.611990928649902344e+00 -1.980693950106308387e-01 7.047808156449968109e-02 9.776509370829193912e-01
-2.912815475463867188e+01 2.290241050720214844e+01 -2.635997056961059570e+00 -8.320156307890281822e-01 4.791146320404480186e-01 2.796411262448381674e-01
-2.660867691040039062e+01 1.672996997833251953e+00 -6.775079965591430664e-01 5.647136256444950514e-02 -9.086211602834064205e-02 9.942610628406238771e-01
-7.665848731994628906e+00 -2.267410087585449219e+01 -2.144937992095947266e+00 6.424015992398446340e-02 1.103042137561227459e-01 9.918196319294071417e-01
-6.910820007324218750e+00 6.361898899078369141e+00 -1.810706710815429688e+01 8.537779860181096692e-02 -1.367808026641974539e-01 -9.869152159777691002e-01
-5.411502838134765625e+00 -3.571141052246093750e+01 2.800740003585815430e-01 -3.596598427846516705e-02 3.166181938688302777e-01 9.478709655254353716e-01
3.100775146484375000e+01 2.474326515197753906e+01 -3.127311944961547852e+00 3.658947178792871235e-01 3.225763505104607409e-01 -8.729636610531902319e-01
3.992121887207031250e+01 7.222570180892944336e-01 -2.706132888793945312e+00 9.889942054102999203e-01 -8.446067411617586007e-02 1.214778012341784369e-01
-1.021150779724121094e+01 -1.464132881164550781e+01 -2.405537128448486328e+00 6.346914756594321250e-02 -7.217203407444272578e-02 9.953707172731223185e-01
1.729308128356933594e+01 -3.110564041137695312e+01 -7.172698020935058594e+00 1.990995715462519910e-01 -3.515646223861680908e-01 -9.147467829386282112e-01
-1.503229022026062012e+00 -2.939698934555053711e+00 -1.901343917846679688e+01 -8.344176827874121016e-02 -1.970249501324830843e-01 -9.768411540940570292e-01
-2.892674636840820312e+01 -1.166834950447082520e+00 -7.874246120452880859e+00 -3.360225029938710972e-01 6.448644977228527864e-02 -9.396437491291582678e-01
-1.971710586547851562e+01 -5.199840164184570312e+01 3.632511138916015625e+00 -2.489916722362462143e-01 -6.282382240362214265e-01 -7.371023545049983916e-01
8.275901794433593750e+00 6.084272384643554688e+01 1.177247142791748047e+01 -2.154889477647458085e-01 2.527364913442243233e-01 -9.432331521602987934e-01
2.869678306579589844e+01 3.299574279785156250e+01 -1.191846966743469238e+00 2.663136245347823561e-01 2.925721918567802948e-01 -9.184108916706433812e-01
-1.697842407226562500e+01 -1.056410789489746094e+01 -2.210747957229614258e+00 5.232207629161043233e-02 1.320856172723252134e-02 9.985429055527021980e-01
2.879379844665527344e+01 6.985934257507324219e+00 -1.257786989212036133e+00 -2.619226340087209559e-01 -3.179525299681736777e-02 9.645649774280642408e-01
3.114269971847534180e-01 2.106716156005859375e+01 -8.997898101806640625e+00 -4.945445944760969159e-02 1.008461708104287646e-01 -9.936721321812433949e-01
3.060380935668945312e+00 -1.618917846679687500e+01 -1.148090362548828125e+01 5.333547625419628180e-02 8.359978277140700520e-02 -9.950710543942636876e-01
1.640834808349609375e+01 -2.801036834716796875e+01 -9.155049920082092285e-01 -1.382887206809924052e-01 2.286084473861476063e-01 9.636464120807535227e-01
-1.191671180725097656e+01 3.646688079833984375e+01 -2.945733070373535156e+00 -4.554228922421776904e-02 1.888780348100063400e-01 -9.809439269695937602e-01
3.024493217468261719e+01 9.504470825195312500e+00 -7.282938003540039062e+00 4.523383503423725749e-01 2.038194748204429085e-01 -8.682439970961272069e-01
2.279611968994140625e+01 -2.845524597167968750e+01 3.913039863109588623e-01 -9.045349023396311028e-02 2.187054508998746982e-01 9.715894667251064876e-01
-2.522679138183593750e+01 -3.279462814331054688e+01 -4.093880176544189453e+00 -2.535259635310339599e-01 -3.265638264772006139e-01 -9.105386609322141389e-01
-2.281321907043457031e+01 -4.018159103393554688e+01 -1.754203081130981445e+00 -2.076558560056433467e-01 -3.833435968381534442e-01 -8.999592947626857686e-01
-3.253134536743164062e+01 -1.614947891235351562e+01 -5.504240989685058594e+00 -2.414758899288740601e-01 -1.592802738834531717e-01 -9.572456262290628404e-01
1.429154396057128906e+01 5.289734268188476562e+01 1.092288589477539062e+01 -4.246052386626232578e-02 -3.823272164743291013e-01 9.230509213775771604e-01
-1.969056129455566406e+01 1.384881401062011719e+01 -1.191025972366333008e+00 2.404330537190431938e-01 -1.990867311365590031e-01 9.500296943594421784e-01
-2.205804824829101562e+01 -4.657782077789306641e+00 -1.662225008010864258e+00 8.537652096906099553e-02 1.969718587825242812e-02 9.961540395620033239e-01
-1.204447460174560547e+01 -1.469892120361328125e+01 -1.102421855926513672e+01 1.088021995326214630e-02 9.309720232047121596e-03 -9.998974697052541716e-01
-2.557484245300292969e+01 2.788677215576171875e+01 1.168606996536254883e+00 -8.778850018985473458e-01 3.773833411865458731e-01 2.947876137772191818e-01
-1.504785728454589844e+01 2.866639328002929688e+01 -5.392332077026367188e+00 -1.512368909911995518e-01 4.149961887226374935e-01 -8.971652947751608265e-01
4.148025035858154297e+00 -2.354196166992187500e+01 -2.217755079269409180e+00 -3.095586734994376990e-02 1.206417832476058133e-01 9.922133310994418753e-01
-3.354059219360351562e+01 1.871125936508178711e+00 -5.668132781982421875e+00 -3.642348597442309210e-01 2.089561063085111081e-01 -9.075628422227778325e-01
-6.391996860504150391e+00 4.991703414916992188e+01 4.955461025238037109e+00 -2.830007404690165762e-01 7.214114841159728897e-01 -6.320411786265019982e-01
3.306880569458007812e+01 1.541396021842956543e+00 -7.004335880279541016e+00 4.267364497429801395e-01 3.850338215744285308e-02 -9.035560259459259891e-01
3.383842945098876953e+00 -3.602479934692382812e+01 -6.977109909057617188e+00 4.828493179376724953e-02 -4.240539098052922840e-01 -9.043488524571234866e-01
-2.782858085632324219e+01 7.418125152587890625e+00 -7.395898818969726562e+00 -3.514037236717177382e-01 1.621714507129878025e-01 -9.220714959065244853e-01
-3.343301010131835938e+01 2.348748922348022461e+00 3.166649937629699707e-01 2.186282321911393878e-01 -6.180578576011434150e-02 9.738489312699132316e-01
-2.910974121093750000e+01 -3.616793823242187500e+01 3.973459959030151367e+00 3.074779578745660547e-01 3.891730847007934813e-01 8.683326641131010604e-01
9.634994506835937500e+00 -9.356303215026855469e+00 -2.991200923919677734e+00 5.900375478265392805e-03 1.728390680794450462e-02 9.998332121582428345e-01
8.606649398803710938e+00 -2.905605316162109375e+01 -1.401113033294677734e+00 -3.637237444658376201e-02 1.743778407138155684e-01 9.840068185968554593e-01
-2.207267951965332031e+01 -2.309766387939453125e+01 -5.693989992141723633e-01 1.323513660705916417e-01 1.648265197121263625e-01 9.774023400313895937e-01
3.467284011840820312e+01 -1.726437568664550781e+01 9.548709988594055176e-01 -1.574195003847374541e-01 6.961859554119317894e-02 9.850747951569420735e-01
-5.996413230895996094e+00 1.058390235900878906e+01 -1.795584487915039062e+01 -2.941790753622727794e-01 4.577110535295962346e-01 -8.390228024886006164e-01
-1.075681877136230469e+01 4.828859806060791016e+00 -2.590265035629272461e+00 1.533702087265536029e-01 3.569504091151292496e-02 9.875238949663439625e-01
9.421367645263671875e+00 -8.181394577026367188e+00 -1.747229194641113281e+01 6.540287642499914567e-01 -6.790978881066387363e-01 -3.332753124711344550e-01
1.825251388549804688e+01 5.756564140319824219e+00 -1.041513442993164062e+01 1.562144233026359075e-01 1.400384813396324812e-01 -9.777455076328984696e-01
-1.204676532745361328e+01 -2.300781631469726562e+01 -1.763032913208007812e+00 1.491746834379412412e-01 1.482034828176839181e-01 9.776413665050689428e-01
-4.172122001647949219e+00 5.794298934936523438e+01 1.345103454589843750e+01 -4.892316018629196961e-01 6.495263614819315467e-01 -5.820377526232165533e-01
2.599792289733886719e+01 -3.531500625610351562e+01 2.724379062652587891e+00 -2.323513589097866983e-01 2.200894384987170660e-01 9.474035492197053765e-01
1.124217796325683594e+01 -4.305681610107421875e+01 -2.969439029693603516e+00 1.153233558873135445e-01 -4.957825890780062639e-01 -8.607555680644748408e-01
4.424384117126464844e+00 -2.775405120849609375e+01 -1.733772039413452148e+00 -9.769660348683322990e-03 1.097955692861953686e-01 9.939061760054576089e-01
-9.455124855041503906e+00 -4.471200942993164062e+01 -2.285162925720214844e+00 -1.335792212062084927e-01 -5.174756669369491302e-01 -8.452073862609711385e-01
-1.160250854492187500e+01 1.574857902526855469e+01 -1.963228940963745117e+00 1.538725683869929077e-02 -6.057024052435323186e-02 9.980453287751021030e-01
-8.730831146240234375e+00 2.383836555480957031e+01 -9.636610150337219238e-01 1.132789360092267411e-01 -2.892309569358121890e-01 9.505331852211219568e-01
2.310860008001327515e-01 4.966139221191406250e+01 3.672096967697143555e+00 -2.993235956868310968e-02 6.448747139386535876e-01 -7.637019426276135947e-01
-2.896198034286499023e+00 3.729130983352661133e+00 -1.825793266296386719e+01 -1.086823634867787602e-01 5.571771768242902295e-02 -9.925138184444530776e-01
1.287529182434082031e+01 -1.680681943893432617e+00 -1.470603752136230469e+01 9.526013055046570477e-01 -8.060894247270912472e-02 2.933478330314618354e-01
-1.089126110076904297e+01 4.025687026977539062e+01 3.276278972625732422e+00 4.811828592026744927e-02 -2.670403225515723955e-01 9.624832968377412534e-01
4.556330144405364990e-01 1.216354966163635254e+00 -2.993948936462402344e+00 6.612107685301227278e-02 1.139532200508838466e-01 9.912833433664831606e-01
-3.594934844970703125e+01 -2.729399490356445312e+01 -1.388990998268127441e+00 -9.379913056982309705e-01 -8.622576298377572501e-02 3.357639471896788352e-01
2.949042510986328125e+01 -1.238028717041015625e+01 -8.404559135437011719e+00 5.104709228972571511e-01 -1.638162555258792785e-01 -8.441467119534983299e-01
1.375178241729736328e+01 5.037272262573242188e+01 5.321331977844238281e+00 1.012077863580485709e-01 5.154597293620056808e-01 -8.509161247658616478e-01
-1.338144683837890625e+01 2.370649909973144531e+01 -5.712689757347106934e-01 6.666579497088792605e-02 -1.193826707369971957e-01 9.906076164196403466e-01
1.965167427062988281e+01 -2.127301979064941406e+01 -1.736293077468872070e+00 -1.181006810131910306e-01 1.270131268535744373e-01 9.848451120613324061e-01
-4.053863048553466797e+00 -3.915804290771484375e+01 -5.271581172943115234e+00 -1.282252027096081326e-01 -3.245352041591597070e-01 -9.371420376076683434e-01
5.468528747558593750e+00 3.065670204162597656e+01 -2.930490076541900635e-01 3.633367355904291995e-02 -1.290153516078859364e-01 9.909767420152698625e-01
2.770057296752929688e+01 -1.115857958793640137e+00 -1.970746994018554688e+00 -1.890314263749414414e-01 -3.800285194928808979e-02 9.812353963684635749e-01
-3.202874374389648438e+01 -3.428599166870117188e+01 -1.106472015380859375e+00 -4.391070580867220130e-01 -3.042305812866955561e-01 -8.453571700461194327e-01
-2.347537803649902344e+01 -1.563877105712890625e+01 -1.013700962066650391e+00 1.802157655032106398e-01 5.219606334718615570e-02 9.822412375965224873e-01
-1.717066574096679688e+01 -5.233840942382812500e+01 6.781786918640136719e+00 7.445073007091645989e-02 -8.959248684899641102e-01 4.379220465027400255e-01
5.884338855743408203e+00 -1.056503105163574219e+01 -1.464907264709472656e+01 3.017010074459285374e-01 -8.294281295446003233e-01 4.701334704381910923e-01
1.644389927387237549e-01 -2.179305076599121094e+01 -2.483821868896484375e+00 -1.877398254007322381e-02 2.476600191901670578e-01 9.686650878783188423e-01
2.634316825866699219e+01 3.066824340820312500e+01 2.139817953109741211e+00 -3.020056420812292641e-01 -3.713276933534193081e-01 8.780138588313590731e-01
2.482023954391479492e+00 5.094170761108398438e+01 9.395162582397460938e+00 3.466665472812184567e-02 -6.907637826172072781e-01 7.222490011584152825e-01
2.044021797180175781e+01 4.015066909790039062e+01 4.031807899475097656e+00 -2.192960190140621213e-01 -4.995937800308688503e-01 8.380425472486775496e-01
5.646061897277832031e+00 -4.351191997528076172e+00 -3.584157943725585938e+00 -2.786985902068810431e-02 -9.980326921866448930e-03 9.995617359786735934e-01
1.876379585266113281e+01 3.342405319213867188e+01 1.200816988945007324e+00 -2.131496335853801938e-01 -2.904363181951757356e-01 9.328526029205518322e-01
-2.582748031616210938e+01 9.607933044433593750e+00 -5.472549796104431152e-01 5.739291014419275333e-02 -3.954248317256085082e-02 9.975682662804227219e-01
2.969701194763183594e+01 -5.250319004058837891e+00 -1.464678049087524414e+00 -2.503907589360326869e-01 3.212012713343413706e-02 9.676118877279100694e-01
1.451388549804687500e+01 3.565981292724609375e+01 -3.292611122131347656e+00 1.414626758912502225e-01 4.233830024630242939e-01 -8.948380549323337041e-01
2.899465560913085938e+01 -2.868568420410156250e+01 1.617560029029846191e+00 -2.485354257402010436e-01 1.850906153540166355e-01 9.507742141328867636e-01
6.841810226440429688e+00 4.911878204345703125e+01 7.770537853240966797e+00 -9.869640769576504269e-02 -6.162939706808692186e-01 7.813070848330758711e-01
-1.757530975341796875e+01 2.098965263366699219e+01 -7.422380924224853516e+00 -2.103152611670214001e-01 3.645282250933851720e-01 -9.071310070935254544e-01
3.452978897094726562e+01 1.147901916503906250e+01 3.808819949626922607e-01 -2.274699209242562192e-01 -1.027155324019288080e-01 9.683527014874802052e-01
-2.039564323425292969e+01 -1.381798362731933594e+01 -9.007446289062500000e+00 -4.180352113861500740e-01 -2.717730792040428112e-01 -8.668252162121784510e-01
-6.743907928466796875e+00 4.524107742309570312e+01 5.657104015350341797e+00 1.247115839124112446e-01 -5.802930728718369568e-01 8.048024418545327574e-01
-2.883331489562988281e+01 -2.351772499084472656e+01 -5.497168064117431641e+00 -2.864551435109877753e-01 -2.052001207720182130e-01 -9.358612937776883411e-01
5.859637260437011719e+00 9.561202049255371094e+00 -1.884136199951171875e+01 7.914321361843215663e-02 1.968148221677506748e-01 -9.772411562727103540e-01
1.960781478881835938e+01 -3.869664382934570312e+01 -3.514033079147338867e+00 1.940117573292681197e-01 -3.236936729873557406e-01 -9.260571494707894313e-01
-2.398578834533691406e+01 -1.167728996276855469e+01 -1.121291041374206543e+00 1.511961854766908364e-01 3.234241690374504985e-02 9.879745348773533165e-01
4.608391761779785156e+00 6.086620330810546875e+01 1.655849075317382812e+01 3.645714948951252893e-02 -9.871672533401241179e-01 -1.554724740396654092e-01
2.964886856079101562e+01 -1.423266983032226562e+01 -6.635079979896545410e-01 -2.563537520186180974e-01 1.104798340958787900e-01 9.602483845777216587e-01
-1.104924964904785156e+01 4.583943557739257812e+01 1.688199043273925781e+00 -1.297907399812491258e-01 5.825676814749102261e-01 -8.023523292893635084e-01
-1.178509521484375000e+01 6.095958232879638672e+00 -1.433105373382568359e+01 -9.236039746921624882e-01 3.740215900695083584e-01 8.404491712599790332e-02
-3.105993270874023438e+01 1.953537750244140625e+01 -3.809369087219238281e+00 -9.014767791116437001e-01 4.325845292117138641e-01 -1.449971755506179044e-02
-1.917365264892578125e+01 -3.852820205688476562e+01 -3.537989139556884766e+00 -2.030636201168970756e-01 -3.816442463144455455e-01 -9.017276947283472399e-01
-2.359856224060058594e+01 -6.619427204132080078e+00 -8.862038612365722656e+00 -1.969481870758659769e-01 -5.986860534555202285e-02 -9.785842639760300443e-01
1.930489063262939453e+00 -6.727865219116210938e+00 -3.509043931961059570e+00 5.731100572888837147e-02 5.253306885521199371e-02 9.969732821389933886e-01
-2.859431982040405273e+00 2.927130317687988281e+01 -6.470645904541015625e+00 -6.211972587244619232e-02 3.881737054384428731e-01 -9.194902468562247133e-01
-5.703903198242187500e+00 -3.247050476074218750e+01 -8.338060379028320312e+00 -1.891409521224052814e-01 -4.221484845391878515e-01 -8.865756353698747150e-01
3.373533248901367188e+01 1.654974555969238281e+01 -4.372347831726074219e+00 3.529568912987902096e-01 1.996805193520810318e-01 -9.140837615207794142e-01
-4.321200847625732422e+00 -4.297153091430664062e+01 2.229073047637939453e+00 -6.794932127193458078e-03 3.302024145085726281e-01 9.438856892389543285e-01
3.315306901931762695e+00 4.592679214477539062e+01 7.518010139465332031e-01 1.124781368124869035e-01 5.231533117484733486e-01 -8.447835705941469930e-01
2.861989974975585938e+00 2.758094406127929688e+01 -7.266908168792724609e+00 -5.647021479162902396e-02 3.335190726992670052e-01 -9.410505528329539127e-01
6.099063873291015625e+00 -2.956343078613281250e+01 -9.863982200622558594e+00 4.647728707926769565e-02 -1.494799774198823372e-01 -9.876718068955409047e-01
2.125695610046386719e+01 -1.589488983154296875e+00 -1.070538330078125000e+01 1.825102136704166156e-01 4.331592777210704903e-02 -9.822493330652967147e-01
2.696328544616699219e+01 2.818969535827636719e+01 -3.351068019866943359e+00 2.666079889447161011e-01 3.356078637786030772e-01 -9.034863264050080334e-01
2.898289680480957031e+01 -5.032051086425781250e+00 -9.270769119262695312e+00 2.689809022653483761e-01 9.336042560813107016e-03 -9.631002608897069051e-01
-2.214054870605468750e+01 3.175415802001953125e+01 -3.002604007720947266e+00 -2.041836560276851786e-01 2.706056508380711434e-01 -9.407877637095797274e-01
1.192958950996398926e+00 -9.437957763671875000e+00 -1.848236083984375000e+01 -9.479591946324406743e-03 -1.485117885418251078e-02 -9.998447778646305517e-01
8.673500061035156250e+00 5.211835479736328125e+01 1.022781753540039062e+01 1.814024683214539996e-02 -5.427334412730235869e-01 8.397090824617834404e-01
3.649355888366699219e+00 3.597745513916015625e+01 -3.899713993072509766e+00 7.685561693748111517e-03 4.086264426842147746e-01 -9.126693609849603206e-01
8.875039100646972656e+00 4.073721694946289062e+01 -1.495115995407104492e+00 2.027855438750999790e-03 3.855048062508314444e-01 -9.227035992992703717e-01
-1.144947719573974609e+01 -7.121685028076171875e+00 -2.376831054687500000e+00 8.660838289145990354e-02 -7.077557777192669541e-03 9.962172936607940343e-01
-7.005946159362792969e+00 -3.927049636840820312e+01 1.342800974845886230e+00 7.322470746118821261e-02 2.414519675178052327e-01 9.676461592953303770e-01
2.675794029235839844e+01 -1.782108497619628906e+01 -9.574369788169860840e-01 -2.752773007756787460e-01 1.548975050000198084e-01 9.488040738858708467e-01
1.003355693817138672e+01 3.146161460876464844e+01 -5.609764099121093750e+00 7.940387561217390755e-02 4.205025569400679952e-01 -9.038100597717593221e-01
-2.258443450927734375e+01 -4.898801803588867188e+01 7.017870903015136719e+00 2.099195125393291395e-01 3.036023314914133020e-01 9.293865840263825229e-01
9.754480123519897461e-01 4.438836288452148438e+01 4.372781753540039062e+00 8.720805075788728988e-02 -5.844969149961283250e-01 8.066957990736152162e-01
-4.511826992034912109e+00 3.877893447875976562e+01 2.514857053756713867e+00 7.236666267244604156e-02 -3.338407122912457892e-01 9.398475647414989975e-01
-3.087903976440429688e+00 -1.108419227600097656e+01 -2.955338954925537109e+00 7.694468614755579916e-02 1.351515946321480144e-01 9.878327600064908953e-01
-2.853028678894042969e+01 -1.007403373718261719e+01 -4.917660057544708252e-01 2.443118090520297325e-01 5.947502611462245764e-02 9.678710974227866526e-01
1.248885822296142578e+01 1.632366943359375000e+01 -2.249819040298461914e+00 1.532502965778350344e-02 -7.598560654183400542e-02 9.969911389096984822e-01
-3.030480194091796875e+01 -4.135361862182617188e+01 1.446099996566772461e+00 -3.846305954451206266e-01 -4.885914361476427215e-01 -7.831588048223143694e-01
7.358606815338134766e+00 -2.287568473815917969e+01 -1.082265758514404297e+01 1.533323407433256902e-01 -2.480089661707507998e-01 -9.565462591955958827e-01
1.210757255554199219e+01 5.374586486816406250e+01 7.577013969421386719e+00 8.354338904486492863e-04 5.922056181741371939e-01 -8.057864530092342381e-01
1.572561359405517578e+01 4.739635848999023438e+01 3.081567049026489258e+00 1.766117656587484208e-01 7.589556494602246461e-01 -6.267332816943009810e-01
3.546525192260742188e+01 -1.288364028930664062e+01 7.217919826507568359e-01 -2.222528183042664640e-01 3.225671781394765653e-02 9.744553293567038699e-01
1.496368598937988281e+01 -1.285282135009765625e+01 -1.158690166473388672e+01 9.149750252058462541e-03 6.634082182266187733e-02 -9.977550688571914517e-01
9.736320495605468750e+00 -3.268467330932617188e+01 -4.230900108814239502e-01 -5.513544055171765157e-02 2.947348149255543670e-01 9.539871446020472545e-01
-1.348353004455566406e+01 1.604227447509765625e+01 -9.105523109436035156e+00 -9.825669069854536808e-02 6.709026923343083815e-02 -9.928970331847889463e-01
1.786138343811035156e+01 -2.751440048217773438e+01 -8.587637901306152344e+00 2.366327942574632526e-01 -3.900545695921698308e-01 -8.898664806712139885e-01
-3.666771888732910156e+00 5.483240509033203125e+01 9.790322303771972656e+00 -1.958985594136644914e-01 7.654368224068468507e-01 -6.129683722047656325e-01
2.932652473449707031e+01 2.494375419616699219e+01 1.143859982490539551e+00 -2.366335368232545533e-01 -2.578459959007181612e-01 9.367603811266166369e-01
1.124149608612060547e+01 5.400327205657958984e+00 -1.355605792999267578e+01 7.869827060314027456e-01 4.398672869563133303e-01 4.326372502145220955e-01
7.173768997192382812e+00 2.281678962707519531e+01 -1.627109050750732422e+00 -2.367103677080776084e-02 -1.177301544419246532e-01 9.927634626401576901e-01
3.709909439086914062e+01 -1.132814407348632812e+01 -2.501816034317016602e+00 8.427012902467202471e-01 1.000583276487890944e-02 5.382884159325689311e-01
2.973360252380371094e+01 1.767010498046875000e+01 2.888599969446659088e-02 -1.894025790550870891e-01 -1.340740547076240963e-01 9.727028379220131749e-01
-5.837299823760986328e-01 -4.587964630126953125e+01 -1.386930048465728760e-01 3.908425933407154718e-01 -8.757309125882365430e-01 2.834385929404786841e-01
8.026226997375488281e+00 -3.926803970336914062e+01 1.431084036827087402e+00 -4.719188033710296909e-02 2.044944601567260101e-01 9.777294831370575423e-01
-3.404102087020874023e+00 4.845985794067382812e+01 2.775536060333251953e+00 1.033418330856686676e-02 7.477949750972117116e-01 -6.638492900310322131e-01
3.829981613159179688e+01 -6.021406173706054688e+00 -6.069149971008300781e-01 9.537132249011840424e-01 -2.608441241932007437e-01 1.496376540930303145e-01
1.037026691436767578e+01 6.483199310302734375e+01 1.425582027435302734e+01 1.188935259519034587e-01 8.364467070754020295e-01 5.349964819598730381e-01
1.341550052165985107e-01 3.659133148193359375e+01 1.269585967063903809e+00 -4.275943946321912603e-02 -3.644560545181830813e-01 9.302383644323806156e-01
-1.033306789398193359e+01 4.337080121040344238e-01 -1.831972885131835938e+01 5.569132052262960875e-02 3.365062664929859004e-02 -9.978808105904007908e-01
-3.331632995605468750e+01 -3.041919946670532227e+00 2.506220042705535889e-01 1.487905590867160677e-01 2.790927879282213350e-02 9.884748057911879604e-01
-3.271635437011718750e+01 -2.259474754333496094e+01 -4.399146080017089844e+00 -2.358566350879561513e-01 -1.369998566756572000e-01 -9.620824740924429630e-01
1.264581966400146484e+01 6.120018005371093750e+01 1.547418880462646484e+01 4.226271034136769300e-01 -9.050239072541940155e-01 -4.814622268171585284e-02
1.870066833496093750e+01 -5.831385135650634766e+00 -1.109217262268066406e+01 2.248537222578078643e-01 -6.502183727814536685e-02 -9.722206355883334927e-01
-2.518286323547363281e+01 -4.640409088134765625e+01 2.231098890304565430e+00 -2.484531788505474625e-01 -3.927469154677089014e-01 -8.854495345922647198e-01
-6.992476940155029297e+00 1.658491134643554688e+01 -2.089565992355346680e+00 7.119549681957727805e-02 -8.914471829808737202e-02 9.934708956140427816e-01
2.400721549987792969e+01 -4.177410507202148438e+01 -4.204789996147155762e-01 7.858516888661880306e-02 -9.743941946998173620e-01 2.106663821456946639e-01
-3.880525112152099609e+00 3.809123611450195312e+01 -2.894550085067749023e+00 1.952693911630106393e-03 3.731284152073723326e-01 -9.277776526470780105e-01
3.317300796508789062e+01 -2.984651947021484375e+01 -2.699112892150878906e+00 9.062684782695926700e-01 -2.771908044571033680e-01 -3.191280357777123156e-01
-7.968519210815429688e+00 -6.189425945281982422e+00 -1.871361351013183594e+01 -4.579014636584098977e-03 5.895970479074344461e-02 -9.982498614254581293e-01
1.421006584167480469e+01 -3.329628372192382812e+01 2.365570068359375000e-01 -1.052909035516599312e-01 2.907802701793020250e-01 9.509787905646093220e-01
2.492395210266113281e+01 -2.916989517211914062e+01 -5.651416778564453125e+00 3.424869510432777542e-01 -2.861388104367801333e-01 -8.948895292307893490e-01
-6.451095104217529297e+00 -1.773313713073730469e+01 -2.615425109863281250e+00 9.208813061901587049e-02 -5.551727553644558721e-02 9.942019957313028566e-01
-1.915756607055664062e+01 -4.496968078613281250e+01 4.913105010986328125e+00 1.274172278769823696e-01 3.090830386919058981e-01 9.424608879062954525e-01
1.289625072479248047e+01 4.317625808715820312e+01 4.253621101379394531e+00 -2.750878971255224167e-02 -5.621370216101886363e-01 8.265864960327968802e-01
2.286419296264648438e+01 4.409281539916992188e+01 2.682697057723999023e+00 6.477704360526699290e-01 7.592399170365513594e-01 -6.283478777289300266e-02
1.704940414428710938e+01 2.880254745483398438e+01 -5.629068851470947266e+00 1.556437470651186594e-01 3.034041042535886579e-01 -9.400643454155714895e-01
6.052696228027343750e+00 -4.249831008911132812e+01 2.106089115142822266e+00 -2.886501957631433246e-01 3.731626911247729050e-01 8.817202903633422073e-01
-1.597097992897033691e+00 -2.647294998168945312e+01 -1.060978507995605469e+01 2.775026924050266741e-02 -2.845377882699997030e-01 -9.582631004079706916e-01
-3.762006759643554688e+01 -8.565395355224609375e+00 -1.661144971847534180e+00 -9.609087471488507726e-01 -2.854387469870705435e-02 2.753899541922517069e-01
-1.224682903289794922e+01 -4.220599746704101562e+01 2.549207925796508789e+00 1.306479051570623995e-01 3.850871703140381630e-01 9.135857902450094103e-01
1.404291343688964844e+01 -4.517799854278564453e+00 -1.122881793975830078e+01 -7.067583781348422967e-02 1.060532892186689252e-01 -9.918455654965965262e-01
-2.253957557678222656e+01 -4.359545516967773438e+01 -1.870390027761459351e-01 -3.054527749512376267e-01 -4.509722622471824538e-01 -8.386433216560227333e-01
-2.123580741882324219e+01 -2.696775436401367188e+01 -6.958187103271484375e+00 -2.624606584768083284e-01 -2.041336521368782853e-01 -9.431033107868830312e-01
1.084805107116699219e+01 9.102396965026855469e+00 -1.089202022552490234e+01 -9.590991272579676985e-02 2.632407513970445520e-02 -9.950418743495016427e-01
2.558212995529174805e+00 -9.708153724670410156e+00 -1.194137954711914062e+01 -6.396640504153516815e-02 -9.026361139852709936e-01 4.256246524293806899e-01
1.129096412658691406e+01 -3.748667907714843750e+01 -5.507071971893310547e+00 2.138474524606931160e-01 -4.573965035068096596e-01 -8.631672524232002486e-01
-4.129088878631591797e+00 4.486664199829101562e+01 3.499099910259246826e-01 7.135634904809242361e-03 4.891203340074762318e-01 -8.721871253205473185e-01
1.866318321228027344e+01 4.398501205444335938e+01 6.051099777221679688e+00 -2.354570410939877401e-01 -4.093527965412789293e-01 8.814705155381535873e-01
3.175609111785888672e+00 1.230164527893066406e+01 -1.362867259979248047e+01 2.728919705111918503e-01 9.020098453859142218e-01 3.345268468410240725e-01
-2.226611900329589844e+01 2.665898132324218750e+01 -4.526760101318359375e+00 -1.777744931475720991e-01 2.729025330069033140e-01 -9.454736575201553306e-01
-1.253139400482177734e+01 -2.362287044525146484e+00 -1.066642475128173828e+01 -2.715533176286703543e-01 1.061112654679369077e-01 -9.565559027185266405e-01
-1.899154663085937500e+01 3.972039031982421875e+01 -3.105230033397674561e-01 -1.556494419812579633e-01 5.160578930881691839e-01 -8.422930025782731089e-01
2.376590347290039062e+01 1.279454231262207031e+01 -1.757704019546508789e+00 -2.051565620259686862e-01 -7.080519059838294438e-02 9.761646428968894229e-01
7.806010246276855469e-01 -4.068238830566406250e+01 1.610625982284545898e+00 -4.348873059031497373e-02 3.053054678947981215e-01 9.512609009021560924e-01
-1.388836956024169922e+01 -2.185656738281250000e+01 -9.846345901489257812e+00 -1.455877886036652802e-01 -1.133574843552307143e-01 -9.828297291749715781e-01
1.510139369964599609e+01 1.030957508087158203e+01 -1.049062156677246094e+01 1.859932571315694450e-01 1.486844720931707053e-01 -9.712360351943111203e-01
-7.397579193115234375e+00 3.396923828125000000e+01 7.938920259475708008e-01 7.247059842604361424e-02 -2.916329135735822864e-01 9.537810315184270804e-01
2.327236175537109375e+01 -3.910911941528320312e+01 3.499897003173828125e+00 -3.800492406982911020e-01 3.306863249109917580e-01 8.638339708309196174e-01
-2.969606781005859375e+01 1.006850624084472656e+01 -3.114999970421195030e-03 1.409080876926213644e-01 -2.168531194417391145e-02 9.897851575310130379e-01
3.500580215454101562e+01 -4.888580143451690674e-01 4.019799828529357910e-02 -2.557719595612896746e-01 3.610656220413654277e-02 9.660626381699981557e-01
3.347984313964843750e+01 2.691145324707031250e+01 -1.285555005073547363e+00 8.930345539209229022e-01 4.085635388798100065e-01 1.885871687079063719e-01
3.145225334167480469e+01 2.181265258789062500e+01 9.503470063209533691e-01 -2.386963181014991608e-01 -2.352289667060789846e-01 9.421737636695145524e-01
-1.470849514007568359e+01 -4.827560043334960938e+01 5.624691963195800781e+00 8.909008451319777588e-02 3.168545831967957138e-01 9.442807474202872253e-01
-1.517176246643066406e+01 4.457429122924804688e+01 6.441326141357421875e+00 2.205512826838835760e-01 -6.028600997109475612e-01 7.667573487636099028e-01
-3.632236003875732422e+00 1.010100021958351135e-01 -1.862645339965820312e+01 -2.850819049009598039e-01 8.038967839796506976e-02 -9.551260686972751213e-01
-1.818873214721679688e+01 -3.083735656738281250e+01 -6.498868942260742188e+00 -2.579518155659046297e-01 -2.472265932655051957e-01 -9.339913663565557744e-01
1.463319492340087891e+01 -2.064819335937500000e+01 -1.043032360076904297e+01 1.290679422945662513e-01 -1.418776199856752740e-01 -9.814337508049368886e-01
-1.069326210021972656e+01 -6.109640121459960938e+00 -1.503358459472656250e+01 -8.579521042351428983e-01 -5.136286482245969731e-01 1.018815790336289467e-02
1.893790054321289062e+01 1.898835754394531250e+01 -8.683572769165039062e+00 1.770746158776522472e-01 3.143300017652996825e-01 -9.326527919874622041e-01
-4.016039967536926270e-01 1.392090034484863281e+01 -2.570569038391113281e+00 -1.026410419142756714e-01 -1.425234242592089973e-01 9.844551234323388744e-01
2.334844398498535156e+01 2.370798683166503906e+01 -5.870676040649414062e+00 2.786397009449980700e-01 3.652263551200112257e-01 -8.882396222771383743e-01
3.492900466918945312e+01 -1.693261146545410156e+01 -5.102374076843261719e+00 4.002420286915358005e-01 -1.294078671094780197e-01 -9.072265000533548118e-01
2.795930862426757812e+00 5.634660339355468750e+01 1.380321502685546875e+01 1.759240032029080192e-01 -5.751189180151486946e-01 7.989298938193186705e-01
1.001126050949096680e+00 -2.955209350585937500e+01 -9.998112678527832031e+00 1.101727975292651589e-02 -2.296335758081148037e-01 -9.732147966448233545e-01
1.282889842987060547e+01 -2.544769668579101562e+01 -9.870389938354492188e+00 1.508906464665997205e-01 -1.776858126879763133e-01 -9.724503919369382743e-01
-4.489558219909667969e+00 5.115762329101562500e+01 1.071979713439941406e+01 1.439796947019213180e-01 -7.105654450317943072e-01 6.887427646373570633e-01
-2.633398437500000000e+01 -4.280715560913085938e+01 5.303266048431396484e+00 6.064501408578161501e-02 3.281483028585016615e-01 9.426775024352814780e-01
2.610402679443359375e+01 3.548551940917968750e+01 3.369236946105957031e+00 -2.138817348838758514e-01 -4.113428940675283307e-01 8.860313916466016071e-01
-1.187546014785766602e+00 4.038465118408203125e+01 -1.924262046813964844e+00 -8.596728837587616981e-03 2.979276871035905216e-01 -9.545497312924026145e-01
2.217431259155273438e+01 7.162964820861816406e+00 -2.346709012985229492e+00 -6.267096325681929814e-02 -2.531442322178905149e-02 9.977131503299986326e-01
-5.563112258911132812e+00 -9.677948951721191406e+00 -1.848494529724121094e+01 -1.707492373318454937e-01 -3.180734317791485410e-01 -9.325631292018939922e-01
1.160658264160156250e+01 -5.426245212554931641e+00 -1.401887989044189453e+01 8.853328132836625342e-01 -3.644562733050347170e-01 2.887168761465829792e-01
2.193937110900878906e+01 -1.402039146423339844e+01 -2.224622964859008789e+00 -8.849099695588627523e-02 -5.728219840096415716e-03 9.960605056698196291e-01
3.919910812377929688e+01 8.528820991516113281e+00 -3.472519874572753906e+00 5.615176039206702940e-01 1.477961568639156731e-01 -8.141586310440036556e-01
-1.545394706726074219e+01 5.730237960815429688e+00 -2.088341951370239258e+00 1.680124963163703508e-02 3.760572829264587080e-02 9.991514035472277566e-01
1.975909948348999023e+00 -1.951144933700561523e+00 -1.943767929077148438e+01 1.188707319489423903e-01 -3.406585587786108427e-01 -9.326422118995056909e-01
1.442758178710937500e+01 2.232457923889160156e+01 -8.437881469726562500e+00 1.608663699161513028e-01 2.747312557322220128e-01 -9.479687485111502054e-01
1.553119850158691406e+01 4.898874282836914062e+01 8.631162643432617188e+00 -7.879373330422161092e-02 -6.051823948791590357e-01 7.921778944910724540e-01
-1.030562305450439453e+01 5.054822921752929688e+00 -1.817140007019042969e+01 -2.161858771658472511e-01 1.184553286704406322e-01 -9.691398256307555137e-01
6.425345897674560547e+00 3.660670042037963867e+00 -3.047974109649658203e+00 -3.710668325697225045e-02 -5.590329738364054057e-02 9.977464183846027623e-01
6.924247741699218750e+00 -5.772492885589599609e+00 -1.853431320190429688e+01 -2.987000888758477302e-02 2.119592813254013094e-02 -9.993290325011355835e-01
5.381309986114501953e+00 4.579717254638671875e+01 5.484708786010742188e+00 -5.806051891590493369e-02 -5.294530710042966160e-01 8.463500586325582997e-01
3.651129961013793945e+00 8.293431282043457031e+00 -3.108474016189575195e+00 7.095020418015941799e-03 9.342840266357421708e-02 9.956007202995591499e-01
5.967381954193115234e+00 5.696525573730468750e+01 1.044776821136474609e+01 -8.030554570612295773e-02 6.999830963954638552e-01 -7.096299627900871654e-01
-3.751720046997070312e+01 -1.218472290039062500e+01 -1.673939943313598633e+00 -9.775910973002727156e-01 -2.304043252456549479e-02 2.092481420427189931e-01
-1.526368904113769531e+01 -1.835623931884765625e+01 -1.000658702850341797e+01 -7.974371294141358035e-02 -1.664591029228717489e-01 -9.828185525825355873e-01
-8.781077384948730469e+00 -1.240325736999511719e+01 -1.087027740478515625e+01 5.385419621132500915e-05 1.074991178019308879e-01 -9.942051784071194165e-01
-5.613234996795654297e+00 -5.031269836425781250e+01 5.096802234649658203e+00 2.679812441206603779e-01 -1.102089567596036823e-01 9.570998060022281040e-01
-2.743360137939453125e+01 -1.745009613037109375e+01 -3.233230113983154297e-01 8.339570159331526067e-02 1.110005950153201970e-01 9.903151139218282495e-01
2.887571144104003906e+01 -3.264242172241210938e+01 2.542402982711791992e+00 -2.485573871237114763e-01 2.770475188933265165e-01 9.281507946348401816e-01
1.592663764953613281e+01 -1.629843330383300781e+01 -1.112343978881835938e+01 6.059030127998866339e-02 -1.070405298284701351e-01 -9.924067413942937455e-01
-2.872756004333496094e+01 -4.932393074035644531e+00 -5.408809781074523926e-01 1.535211510583921191e-01 1.157727200486435015e-01 9.813398664429386908e-01
-1.215359210968017578e+01 1.219422340393066406e+01 -2.088474035263061523e+00 6.427438498793228150e-02 1.014732460090271744e-02 9.978806718430149880e-01
-1.408520698547363281e+01 4.188657379150390625e+01 -1.304980069398880005e-01 -1.671444207229236256e-01 4.725672433745579659e-01 -8.652993372877212375e-01
1.150255107879638672e+01 5.489106369018554688e+01 1.198771190643310547e+01 -3.322440495744768442e-03 -5.316374247579966905e-01 8.469655305771527365e-01
-9.638302803039550781e+00 5.103745651245117188e+01 6.946523189544677734e+00 -1.106175558998445385e-01 7.295593708210627026e-01 -6.749124986055006215e-01
-2.174935531616210938e+01 -3.054889297485351562e+01 8.685650229454040527e-01 2.056427006008175185e-01 1.031043125707420266e-01 9.731806514819935083e-01
-7.062795162200927734e+00 5.496454620361328125e+01 1.127326011657714844e+01 -1.574475189864539271e-01 9.047533393351385733e-01 -3.957671963755027833e-01
-1.937253952026367188e+00 -1.125303840637207031e+01 -1.820714569091796875e+01 -6.225267003633450785e-02 -6.629243191695332049e-01 -7.460937957971224277e-01
2.040362167358398438e+01 2.694194984436035156e+01 4.027000162750482559e-03 -8.664356586663389537e-02 -1.079836513124142749e-01 9.903698417980796309e-01
2.922896575927734375e+01 -3.952562713623046875e+01 4.155459880828857422e+00 7.265999515057571800e-01 -2.571454059332912712e-01 6.371253806584965540e-01
-1.310415267944335938e+01 -4.928229522705078125e+01 9.574480056762695312e-01 -2.890235927005810335e-01 -5.070288629062541519e-01 -8.120265359225888879e-01
-2.512949371337890625e+01 1.021399879455566406e+01 -7.880047798156738281e+00 -4.173974901739566090e-01 1.581513714306185536e-01 -8.948561219051340831e-01
1.676152610778808594e+01 4.392078399658203125e+01 7.919679880142211914e-01 2.264676963315516711e-01 4.996874141032926486e-01 -8.360770722278207945e-01
-1.557434082031250000e+01 3.542745208740234375e+01 -2.873007059097290039e+00 -1.942783002302662376e-01 3.760271430505763290e-01 -9.060129854195578814e-01
1.880759811401367188e+01 2.114703369140625000e+01 -1.082656025886535645e+00 -9.517758728579343852e-02 -2.519069176380666075e-01 9.630597757795428260e-01
5.986718177795410156e+00 -8.854524612426757812e+00 -1.151167392730712891e+01 3.479929197721512435e-01 -6.020336763147501324e-01 -7.186489966398058593e-01
3.639401912689208984e+00 5.029589080810546875e+01 4.393931865692138672e+00 1.505116987386705685e-01 8.239530550876165149e-01 -5.463035708784840239e-01
2.992988204956054688e+01 2.002909898757934570e+00 -8.576833724975585938e+00 4.301552280500857695e-01 8.655758348986153372e-02 -8.985957180632313523e-01
2.795439910888671875e+01 -2.615445709228515625e+01 -5.650181770324707031e+00 4.048733036836555943e-01 -3.140672878027577775e-01 -8.587428874212013064e-01
-1.855165863037109375e+01 1.382518100738525391e+01 -8.546479225158691406e+00 -8.459073009043295566e-02 1.360489751143436898e-01 -9.870841325606972694e-01
-3.558235168457031250e+01 7.636156082153320312e+00 -2.640043020248413086e+00 -8.999372449048435030e-01 2.689123696496629745e-01 3.432187242597389276e-01
1.690382385253906250e+01 -2.367490577697753906e+01 -1.649129986763000488e+00 -1.321385506807726540e-01 1.464905099423447210e-01 9.803468436838141953e-01
-2.061630439758300781e+01 5.015406131744384766e+00 -8.980072975158691406e+00 -2.391947874259562901e-01 1.398767010355982665e-01 -9.608435680045162020e-01
-8.216048240661621094e+00 2.256511878967285156e+01 -8.466670036315917969e+00 -9.844187945434497433e-02 2.759436621676231716e-01 -9.561193919584609624e-01
-3.214924621582031250e+01 1.579479408264160156e+01 -9.437130093574523926e-01 -9.143601597882879961e-01 3.317320291902075557e-01 2.321623548323113184e-01
-2.407558631896972656e+01 9.312800168991088867e-01 -8.664693832397460938e+00 -2.841205142509599657e-01 9.895168698032642818e-02 -9.536687564482321244e-01
1.459218311309814453e+01 1.518015956878662109e+01 -9.851260185241699219e+00 5.213656030974005845e-02 1.720875424954481370e-01 -9.837009996929687583e-01
-2.394495391845703125e+01 2.072901535034179688e+01 -5.783842086791992188e+00 -2.457676527033225145e-01 3.413387129657546870e-01 -9.072409514101428263e-01
2.225167465209960938e+01 -3.232439422607421875e+01 1.168256998062133789e+00 -7.933470860711525074e-02 2.868432773756164345e-01 9.546868273075937994e-01
-1.893083763122558594e+01 -1.749751663208007812e+01 -9.238275527954101562e+00 -9.053476533459414721e-02 7.100292382873195363e-02 -9.933589688896865555e-01
1.023664474487304688e+01 2.697097778320312500e+01 -5.702239871025085449e-01 2.276971264400561717e-02 -1.187717951472099312e-02 9.996701820064879396e-01
1.739229774475097656e+01 -8.417609214782714844e+00 -2.908175945281982422e+00 -1.994473765648162866e-01 3.682444881979725360e-02 9.792163723868849701e-01
-3.225442123413085938e+01 -2.972545623779296875e+01 -2.759192943572998047e+00 -3.911913232121836392e-01 -3.307433646753111800e-01 -8.588237161180138912e-01
7.224519848823547363e-01 4.428312778472900391e+00 -1.860605049133300781e+01 -7.655916157453916682e-02 2.272935979091193770e-01 -9.708121935413313031e-01
7.082589149475097656e+00 -1.176806068420410156e+01 -2.968858003616333008e+00 7.002219899721273677e-02 2.207066811275829737e-02 9.973012469944331215e-01
-2.997190856933593750e+01 2.988775014877319336e+00 -2.521849870681762695e-01 1.343032838289934076e-02 -1.112059696617696131e-02 9.998479677444184199e-01
-2.314995002746582031e+01 1.382023906707763672e+01 -5.853319764137268066e-01 1.218997974693471209e-01 -6.801847400422293688e-02 9.902090317559565369e-01
-1.684283971786499023e+00 1.461899662017822266e+01 -1.007609272003173828e+01 -2.615439863844781082e-02 2.524734433053461569e-01 -9.672502819112556161e-01
7.365731239318847656e+00 3.652166366577148438e+01 -3.505673885345458984e+00 3.923211592201231168e-02 4.119308701778772175e-01 -9.103701441033633657e-01
-2.518507003784179688e+00 -2.406700134277343750e+01 -2.162806034088134766e+00 -5.596091000869347215e-02 1.372042371625686874e-01 9.889607544567360353e-01
2.190511703491210938e+01 -1.264062500000000000e+01 -1.033567142486572266e+01 1.355383745372913673e-01 1.107711654016815903e-03 -9.907714781939781501e-01
1.446374607086181641e+01 2.168475723266601562e+01 -1.520496010780334473e+00 -8.532706060924961922e-02 -2.490679122626223430e-01 9.647198908537774065e-01
-1.812001991271972656e+01 2.715025901794433594e+01 3.893620073795318604e-01 2.516088477120103084e-01 -4.280152595049793729e-02 9.668821112883118074e-01
4.832897186279296875e+00 3.032640075683593750e+01 -6.352303028106689453e+00 -4.350043453243364333e-02 2.987512426797558907e-01 -9.533390830091835744e-01
2.188620185852050781e+01 3.387784194946289062e+01 -2.622233867645263672e+00 2.266708135287623105e-01 3.517808213910723070e-01 -9.082238688757477973e-01
2.319197082519531250e+01 -2.392787933349609375e+01 -6.214870214462280273e-01 -2.725119742389971456e-01 2.352555412807700586e-01 9.329480447447521252e-01
-7.014862060546875000e+00 2.690739631652832031e+01 -4.801279902458190918e-01 -2.832372097639385480e-02 -1.164734819732235888e-01 9.927898543131292719e-01
-1.979564666748046875e+01 -1.851943016052246094e+00 -9.994098663330078125e+00 -1.699659006323251675e-01 -2.300796843971792890e-02 -9.851813163121393435e-01
-1.504787826538085938e+01 -7.651526927947998047e+00 -2.218604087829589844e+00 1.439083324126747346e-02 -4.842441785581118666e-03 9.998847206934283749e-01
-1.275165557861328125e+01 -4.094007873535156250e+01 -3.738173961639404297e+00 -1.279479623734893212e-01 -4.673151833385457143e-01 -8.747833093662300552e-01
7.921907901763916016e+00 4.340530395507812500e+01 3.966506958007812500e+00 -1.218469673049023955e-01 -4.775554209303076725e-01 8.701115655470134103e-01
-1.877842140197753906e+01 -4.162630081176757812e+01 3.545647144317626953e+00 2.037615347041389358e-01 4.760882543630441388e-01 8.554654937708261464e-01
-8.767570495605468750e+00 -2.335905456542968750e+01 -1.040462017059326172e+01 -9.017967225526549169e-02 -1.739093246500373335e-01 -9.806238695400497640e-01
-1.350340008735656738e+00 3.391676712036132812e+01 -4.794850826263427734e+00 -4.665697568160645514e-02 4.566497471079836723e-01 -8.884222729572128774e-01
6.739054203033447266e+00 4.003696823120117188e+01 2.753098964691162109e+00 -6.717431602810726432e-02 -2.397681299352450168e-01 9.685034099751592684e-01
-3.491295623779296875e+01 -1.358588027954101562e+01 -4.943250179290771484e+00 -4.010940509259698916e-01 -1.074500498197255155e-01 -9.097131685897120734e-01
-3.772355079650878906e+00 -1.448855400085449219e+01 -1.110074424743652344e+01 -7.030340911975237195e-02 1.406651615342148776e-01 -9.875579694360702154e-01
-1.214946031570434570e+00 1.291901397705078125e+01 -1.427466297149658203e+01 -5.247359143790916725e-02 9.950941723664783467e-01 8.386960309838698002e-02
2.820027542114257812e+01 6.637207984924316406e+00 -8.610775947570800781e+00 2.741757965257395346e-01 1.534244410687874427e-01 -9.493621929918034663e-01
2.495094680786132812e+01 2.330480194091796875e+01 -1.915100030601024628e-02 -1.573562025305775824e-01 -1.140034216258823119e-01 9.809394708047726175e-01
-3.582494974136352539e+00 -2.009367752075195312e+01 -1.165838336944580078e+01 -1.506397425533515834e-02 -3.614106607494602108e-02 -9.992331559864300328e-01
-2.392298126220703125e+01 -1.406751060485839844e+01 -8.463779449462890625e+00 -1.438696692092641671e-01 -7.137605031499505426e-02 -9.870192387806066003e-01
1.220565414428710938e+01 -1.708546447753906250e+01 -2.705673933029174805e+00 -6.707954520041214952e-02 1.049838771635260015e-01 9.922090103155782881e-01
7.852071762084960938e+00 6.405241394042968750e+01 1.892376327514648438e+01 -2.924013248496564084e-03 8.586358542794325643e-01 5.125777208310476896e-01
2.554783248901367188e+01 3.486753082275390625e+01 -1.335219979286193848e+00 2.398373236659307184e-01 3.319916305421719005e-01 -9.122826400993901963e-01
-4.425106048583984375e+00 1.428430080413818359e+01 -2.303817033767700195e+00 3.477705872725599112e-02 -2.077027457373148422e-02 9.991792391159920461e-01
-3.032742691040039062e+01 2.152244091033935547e+00 -7.104914188385009766e+00 -4.597185297726825159e-01 1.055683872909025933e-01 -8.817676502279051531e-01
-3.081768226623535156e+01 8.846714019775390625e+00 -5.984726905822753906e+00 -3.823016000169199846e-01 7.780110699556799791e-02 -9.207564685489683098e-01
3.052566146850585938e+01 -3.224033355712890625e+01 -2.845463991165161133e+00 2.707346076518659106e-01 -2.643154010533478870e-01 -9.256565999254788846e-01
7.825997829437255859e+00 1.525175094604492188e+01 -1.011376285552978516e+01 1.207964780803838789e-01 2.260213710874170723e-01 -9.666036161194202503e-01
-2.038846969604492188e+01 -8.458496093750000000e+00 -9.447054862976074219e+00 -1.952111678755280300e-01 -5.048894686966880208e-02 -9.794608038000623962e-01
-2.717125511169433594e+01 -2.721673583984375000e+01 1.289906978607177734e+00 2.530035886640188969e-01 1.887782484094318314e-01 9.488687775717963291e-01
1.365688514709472656e+01 -6.898769736289978027e-01 -1.101911354064941406e+01 -1.370916392128651295e-01 1.523417326777706526e-01 -9.787736607319715842e-01
-1.507454991340637207e+00 -3.762870073318481445e+00 -3.081796884536743164e+00 3.980192664550433190e-02 -3.786530941156471958e-02 9.984898722463200205e-01
1.729825592041015625e+01 -4.196220397949218750e+01 4.430670142173767090e-01 3.429729012001111327e-02 -9.680234297893661743e-01 2.485041956773686445e-01
-1.817530250549316406e+01 4.525382995605468750e+01 3.035553932189941406e+00 -2.023461008426957752e-01 6.616562816712221462e-01 -7.219882411776317177e-01
-2.086041259765625000e+01 9.235383033752441406e+00 -8.712682723999023438e+00 -1.194499862036919047e-01 1.364777061499586885e-01 -9.834152411468836119e-01
-1.361685943603515625e+01 -3.575826263427734375e+01 -5.687931060791015625e+00 -1.968408006892277962e-01 -3.235252107465086402e-01 -9.255188475635981460e-01
-1.856752586364746094e+01 -3.590069580078125000e+01 1.555196046829223633e+00 5.373311288087766896e-02 1.466586105298668397e-01 9.877266851399630898e-01
5.771154880523681641e+00 -3.818358230590820312e+01 -5.805120944976806641e+00 7.926660796606024850e-02 -4.682118246670005646e-01 -8.800536870575299542e-01
1.577219009399414062e+01 1.051978588104248047e+01 -2.536345005035400391e+00 -3.468353795700509362e-02 -3.581443428939110746e-02 9.987564159950692577e-01
-7.444447994232177734e+00 4.403953170776367188e+01 1.199890002608299255e-01 -1.523198560827012521e-02 4.663505798134668368e-01 -8.844688368292422664e-01
3.428821086883544922e+00 -1.167033386230468750e+01 -1.710514259338378906e+01 2.191558586984763690e-01 -9.074921249031610015e-01 -3.583695757690363859e-01
1.198003196716308594e+01 -2.177243041992187500e+01 -2.118096113204956055e+00 -2.698165082094048858e-02 7.814589789515086204e-02 9.965767452440065233e-01
6.855523109436035156e+00 -2.139752006530761719e+01 -2.453471899032592773e+00 -2.539070165625014960e-02 1.516945946934537548e-01 9.881012408706872918e-01
-3.651603698730468750e+01 2.844244956970214844e+00 -1.082574009895324707e+00 -9.362414191327625979e-01 2.725541450724154879e-01 2.217346231514502608e-01
-1.872867202758789062e+01 -4.529770278930664062e+01 -3.023599982261657715e-01 -1.222419960602811467e-01 -4.512313262719699902e-01 -8.839950138943302171e-01
-1.932169151306152344e+01 -2.427402496337890625e+01 -8.408800125122070312e+00 -2.801193111814384573e-01 -3.362723243320707156e-01 -8.991407539376374825e-01
-3.367095184326171875e+01 1.270193481445312500e+01 -2.583141088485717773e+00 -9.150068612091719622e-01 3.149281819419960105e-01 2.521560710330967847e-01
-1.008792114257812500e+01 3.922384262084960938e+01 -2.002438068389892578e+00 1.062186692613489164e-02 3.912140140138153921e-01 -9.202384317024593363e-01
-2.723182296752929688e+01 2.625228691101074219e+01 -1.510931015014648438e+00 -8.715647416810158310e-01 4.122154184352546658e-01 2.654304991193594532e-01
-1.692819023132324219e+01 3.144964981079101562e+01 -4.122185230255126953e+00 2.462288336080942566e-02 2.668357559819952152e-01 -9.634274196557399694e-01
-2.210048866271972656e+01 3.599869537353515625e+01 2.504363059997558594e+00 -8.865280743246397588e-01 2.656077220214262957e-01 3.788410107641921321e-01
3.839071035385131836e+00 1.101274013519287109e+00 -3.276817083358764648e+00 5.091897605908990432e-02 -8.879660599651365005e-02 9.947474154983232397e-01
-1.878681945800781250e+01 -4.916184997558593750e+01 2.021507978439331055e+00 -1.658627059754498589e-01 -4.243297999560988742e-01 -8.901874991459487463e-01
2.572156906127929688e+00 5.402141952514648438e+01 7.776823997497558594e+00 -2.609107079764065584e-02 6.537652267512830129e-01 -7.562475020226354649e-01
1.301787853240966797e+01 -4.256203079223632812e+01 2.558009922504425049e-01 3.779621066930338724e-02 -9.873968712025658068e-01 1.536843036826640030e-01
7.245410919189453125e+00 9.344588279724121094e+00 -1.244792556762695312e+01 3.529516443761062106e-01 4.279134652673278194e-01 8.320548076750172717e-01
-7.222226142883300781e+00 3.030151557922363281e+01 -5.786212921142578125e+00 -1.178318150830624939e-01 4.008773738056461977e-01 -9.085224237876129427e-01
1.729274559020996094e+01 4.974189376831054688e+01 5.592352867126464844e+00 1.792671112386221288e-01 5.192717231289356583e-01 -8.355957039064200176e-01
2.635048103332519531e+01 -2.195791435241699219e+01 -7.535408973693847656e+00 3.443024975101960927e-01 -3.017784273867109568e-01 -8.890363158905518759e-01
1.165181636810302734e+01 -7.867169857025146484e+00 -1.117951297760009766e+01 -1.383946374941191493e-01 1.113698808683594027e-01 -9.840953581580591525e-01
-2.903960609436035156e+01 -2.837108612060546875e+01 -4.258265972137451172e+00 -2.879759806756521101e-01 -2.698853788749724369e-01 -9.188208295546030913e-01
7.233393192291259766e+00 2.155204010009765625e+01 -8.986780166625976562e+00 3.792169861907030565e-02 1.698195642217971979e-01 -9.847452769022876362e-01
2.409110641479492188e+01 1.689764022827148438e+00 -1.006096267700195312e+01 1.549264325620848259e-01 1.304410464030718864e-01 -9.792767402051665293e-01
-8.072739839553833008e-01 -9.693172454833984375e+00 -1.165372371673583984e+01 -6.559036518904527713e-02 -8.846485962077756948e-01 4.616218855535117460e-01
1.988575363159179688e+01 3.897165298461914062e+01 -1.020107984542846680e+00 1.650651314000271264e-01 3.893638648497280141e-01 -9.061728770743331385e-01
-3.553529977798461914e-01 4.950282287597656250e+01 8.287294387817382812e+00 1.576508471356475316e-01 -6.955910741513794404e-01 7.009274341601581249e-01
-1.020162010192871094e+01 -4.523074722290039062e+01 3.883607864379882812e+00 1.067835379515963828e-01 4.394682260177132371e-01 8.918884203438141034e-01
-1.468489646911621094e+01 8.731357574462890625e+00 -9.747105598449707031e+00 -2.240086177651132437e-01 2.010746068265326369e-01 -9.536189708979779800e-01
-3.019511032104492188e+01 -1.557383918762207031e+01 7.938899844884872437e-02 1.638980490614249108e-01 1.257800213249220811e-01 9.784256822821859600e-01
1.141895008087158203e+01 -3.958674621582031250e+01 1.640727996826171875e+00 -2.882257373113263771e-02 2.134717049503188635e-01 9.765239835401470225e-01
1.987688064575195312e+00 3.938044357299804688e+01 -2.379691123962402344e+00 -1.756406564038007906e-02 4.999709234266148106e-01 -8.658640651546397615e-01
2.099318695068359375e+01 -3.233877182006835938e+01 -5.686060905456542969e+00 2.487277780336283328e-01 -3.579566596226447239e-01 -9.000008457030761466e-01
-3.174503087997436523e+00 1.188963794708251953e+01 -1.139726448059082031e+01 -1.102059381543213368e-01 9.122904874911937911e-01 3.944372163331013592e-01
-1.467770767211914062e+01 2.675196266174316406e+01 1.800999976694583893e-03 2.974071256686614678e-02 -9.510504927632362770e-02 9.950228739170587922e-01
1.863102912902832031e+00 5.912769699096679688e+01 1.571263790130615234e+01 2.498104533464116095e-01 -3.377900729403545688e-01 9.074649326678195793e-01
1.003127384185791016e+01 3.519453048706054688e+00 -1.890846824645996094e+01 1.043245295169986306e-02 -5.137364376994437570e-02 -9.986250110282685055e-01
3.244390869140625000e+01 -2.267844772338867188e+01 -4.932794094085693359e+00 3.639120595640373268e-01 -2.598695057239779338e-01 -8.944472331550004096e-01
2.820543861389160156e+01 1.212614917755126953e+01 -7.642692089080810547e+00 3.554708460579628637e-01 1.743381215554265229e-01 -9.182846492103423630e-01
-1.534654045104980469e+01 -2.478915977478027344e+01 -9.207724571228027344e+00 -1.344802494729407660e-01 -1.374994370046221104e-01 -9.813302030025915501e-01
-3.072103309631347656e+01 -4.653578758239746094e+00 -7.174470901489257812e+00 -4.667610612620217148e-01 2.148561422252958080e-03 -8.843808542553179830e-01
-1.737358474731445312e+01 3.657010650634765625e+01 2.714869022369384766e+00 2.435845960708704280e-02 -1.714279633257451696e-01 9.848954862499660345e-01
2.689312553405761719e+01 -3.788541030883789062e+01 -1.916108012199401855e+00 3.050421651301046255e-01 -3.685877104960647022e-01 -8.781186577929017689e-01
3.988463878631591797e+00 -3.500211334228515625e+01 -7.443500310182571411e-02 -2.551299211956792323e-02 3.337804439373598941e-01 9.423055250172768238e-01
3.390077972412109375e+01 -2.442508506774902344e+01 -1.187098026275634766e+00 9.264825515218108043e-01 -2.730585373259783455e-01 2.589770586732197399e-01
2.338158416748046875e+01 -1.729131889343261719e+01 -1.741693973541259766e+00 -1.200818028583345853e-01 9.127471847123636017e-02 9.885591972109148973e-01
-1.033144569396972656e+01 4.946669006347656250e+01 1.041476535797119141e+01 1.230260832589767650e-01 -7.380067124560750758e-01 6.634837414795720090e-01
3.088456916809082031e+01 -3.475573348999023438e+01 4.789899885654449463e-01 9.447950479596716189e-01 -2.664961673973769152e-01 1.906360671892679270e-01
-4.652783870697021484e+00 7.782842159271240234e+00 -3.079123973846435547e+00 5.365368268988729428e-03 -5.244074576992931863e-02 9.986096239304085298e-01
3.211880028247833252e-01 5.859534072875976562e+01 1.246258831024169922e+01 -1.758427963087317303e-01 5.065788075421294723e-01 -8.440718113617585727e-01
-3.034172058105468750e+00 5.068037796020507812e+01 5.228896141052246094e+00 3.105530971852568482e-03 7.123427713819467932e-01 -7.018248583067362434e-01
-3.843745946884155273e+00 2.785225677490234375e+01 -5.211820006370544434e-01 5.013259783083562349e-02 -1.073502226827931366e-01 9.929565208631676576e-01
6.408274173736572266e+00 -1.784284591674804688e+01 -2.804986953735351562e+00 -1.859638504170011558e-02 5.509186536636290210e-02 9.983080991526791514e-01
3.901496505737304688e+01 1.269870042800903320e+00 5.294929742813110352e-01 8.868169673671758568e-01 -2.229527426370792736e-02 4.615826980457473083e-01
3.590773391723632812e+01 -3.921303987503051758e+00 2.649750113487243652e-01 -2.697003334617957826e-01 1.314679859248834085e-02 9.628545538228319156e-01
3.234982967376708984e+00 1.368531227111816406e+01 -1.061801719665527344e+01 4.669578758052403411e-02 2.291401781665975412e-01 -9.722727406299193076e-01
2.736610794067382812e+01 -3.265652847290039062e+01 -3.697321891784667969e+00 2.486471353804073081e-01 -3.286631350828632669e-01 -9.111285012031073993e-01
5.752219200134277344e+00 3.387383270263671875e+01 4.152129888534545898e-01 1.523411027109623089e-02 -3.324641187161112010e-01 9.429928587484465163e-01
2.010939216613769531e+01 -2.166484260559082031e+01 -9.714359283447265625e+00 7.433605938160285642e-02 -1.621985695238701841e-01 -9.839541525498153307e-01
-3.531652069091796875e+01 -4.108232021331787109e+00 -5.126849174499511719e+00 -4.908651347016826372e-01 8.817957435936060739e-02 -8.667616640115672899e-01
3.027542877197265625e+01 1.590971660614013672e+01 -5.751389980316162109e+00 3.311547567930398506e-01 2.336851502477310938e-01 -9.141814795799780846e-01
2.933731079101562500e+01 2.224924278259277344e+01 -4.465601921081542969e+00 2.850858297901519567e-01 2.995211450601236725e-01 -9.105015943504618514e-01
2.221643066406250000e+01 -3.590568161010742188e+01 -4.003285884857177734e+00 2.223078188730448490e-01 -3.816716710836956516e-01 -8.971655193776055803e-01
1.183996772766113281e+01 1.976234817504882812e+01 -1.972285032272338867e+00 3.551975845439748342e-02 -1.269999559890206686e-01 9.912665423276063592e-01
8.434505462646484375e+00 -1.332315635681152344e+01 -1.139982795715332031e+01 -6.627871249915714968e-02 1.453090703993732968e-01 -9.871638193983427456e-01
-2.092750930786132812e+01 -2.045633697509765625e+01 -8.701373100280761719e+00 -2.389434318796405665e-01 -8.724484671939550240e-02 -9.671061850089104350e-01
-1.331307411193847656e+01 -1.890591430664062500e+01 -2.122652053833007812e+00 1.195894415975807396e-01 1.666108653950665597e-01 9.787436768585970892e-01
2.540604782104492188e+01 4.066410827636718750e+01 1.604367971420288086e+00 8.249790245661897670e-01 4.550440731558705876e-01 3.351783115172169980e-01
-2.568869590759277344e+01 -2.352261924743652344e+01 -6.420044898986816406e+00 -2.660261161247320927e-01 -2.141625618994695279e-01 -9.398747270888000438e-01
-6.190728187561035156e+00 1.067724895477294922e+01 -2.676137924194335938e+00 3.449759681449234006e-02 -8.900180837956660207e-02 9.954338721980440230e-01
8.615363121032714844e+00 5.316646575927734375e+01 6.907381057739257812e+00 -1.682416680823207306e-02 6.121413422871476717e-01 -7.905693672753189016e-01
2.157918930053710938e+00 2.369865417480468750e+01 -1.554436922073364258e+00 5.189197472704253078e-02 -1.513853561143267135e-01 9.871117955495549712e-01
3.561236572265625000e+01 -1.865670585632324219e+01 -1.846041917800903320e+00 9.180287554538212325e-01 -2.325218448142798711e-01 3.211803167133250869e-01
-2.294307708740234375e+01 3.491506195068359375e+01 -1.766319990158081055e+00 -1.079001058567338883e-01 3.355791843762781501e-01 -9.358120421160743829e-01
-1.793375015258789062e+00 -2.889841461181640625e+01 -1.550905942916870117e+00 3.134481185243946644e-02 1.418682631353236911e-01 9.893891543194223148e-01
4.677748203277587891e+00 -4.428656768798828125e+01 -2.439820021390914917e-01 2.726364236642604411e-01 -9.365770471940620956e-01 2.202108425141998116e-01
3.368178176879882812e+01 -1.870554924011230469e+00 -6.922371864318847656e+00 4.808851942537248347e-01 2.666197471958735299e-02 -8.763780970857325547e-01
1.266660690307617188e+01 -4.033459854125976562e+01 -4.046899795532226562e+00 1.300571234365202056e-01 -4.213862100310718506e-01 -8.975069953148371305e-01
-1.936577796936035156e+01 2.558333206176757812e+01 -5.530253887176513672e+00 -2.360223518481454619e-01 2.836194806220147524e-01 -9.294371628247757311e-01
-3.508697032928466797e+00 -4.809873580932617188e+01 1.393880963325500488e+00 7.582774784149515224e-01 -6.516083370653874551e-01 2.053876324278925553e-02
9.995472908020019531e+00 2.540301895141601562e+01 -7.633975982666015625e+00 2.101454559064753203e-01 2.850300407977163775e-01 -9.351987827220007432e-01
1.505918598175048828e+01 3.119894599914550781e+01 2.134449928998947144e-01 2.024701648467181966e-02 -2.366042355373107753e-01 9.713951276639564147e-01
3.443886184692382812e+01 1.964313888549804688e+01 -3.279150009155273438e+00 4.053588500932023275e-01 1.829852015889051609e-01 -8.956565293965005337e-01
2.136137390136718750e+01 1.047346496582031250e+01 -2.231880903244018555e+00 -5.574261659960062093e-02 -4.748364751834875663e-02 9.973154284944072412e-01
1.899255180358886719e+01 2.543466567993164062e+01 -6.524755001068115234e+00 2.864851636686626679e-01 4.213777850250164936e-01 -8.604458223997316635e-01
-1.927080726623535156e+01 2.101727104187011719e+01 -4.097540080547332764e-01 1.541128074833084463e-02 -1.364584257780285248e-01 9.905259160970391052e-01
2.319019699096679688e+01 -9.652623176574707031e+00 -1.008056259155273438e+01 1.246295217967961638e-01 -1.687223859893201283e-02 -9.920598821953050539e-01
-3.433652877807617188e+01 1.006474781036376953e+01 -8.191850185394287109e-01 -9.104882147746496956e-01 3.070466772225143304e-01 2.770082106420031498e-01
8.209556579589843750e+00 5.519674682617187500e+01 1.223769569396972656e+01 1.613182828435299337e-02 -5.611897613927269157e-01 8.275299485965317281e-01
-2.739199829101562500e+01 1.674696731567382812e+01 8.603800088167190552e-02 2.212303918467615205e-01 -2.584732147937681690e-01 9.403449957103525714e-01
-1.203267002105712891e+01 -2.739669978618621826e-01 -2.472832918167114258e+00 1.470915324806741920e-01 -5.428184268473137952e-02 9.876323013284028507e-01
-1.132160472869873047e+01 -3.920375823974609375e+01 1.759305000305175781e+00 2.239617603590901840e-01 1.830295530147863226e-01 9.572571820676327725e-01
3.631639099121093750e+01 -1.341266059875488281e+01 -4.896975994110107422e+00 3.897752296360750823e-01 -1.644112716125026574e-01 -9.061148956555701295e-01
-7.951086997985839844e+00 3.885594558715820312e+01 2.743973970413208008e+00 9.763891921908297855e-02 -2.460111506312924190e-01 9.643366399856415638e-01
1.833133888244628906e+01 1.408491969108581543e+00 -2.828212976455688477e+00 -1.471035905264302390e-01 1.198481902559822843e-01 9.818334609018977144e-01
-5.973279953002929688e+00 -9.334499359130859375e+00 -1.317895698547363281e+01 -4.849557281370444062e-01 -7.766445905520049653e-01 4.020461686341232355e-01
-2.576362800598144531e+01 -3.011350250244140625e+01 1.537765979766845703e+00 1.714574060739574024e-01 1.770488045607041816e-01 9.691522474338155613e-01
-1.223317027091979980e+00 4.346160888671875000e+01 -5.198959708213806152e-01 3.585142945949550825e-02 3.878148901648488800e-01 -9.210397852276180908e-01
3.278055191040039062e+01 -1.476269340515136719e+01 1.926849931478500366e-01 -2.810071404439501985e-01 7.388555361738623206e-02 9.568573101493066391e-01
-1.935931205749511719e+01 -2.144075775146484375e+01 -1.122429013252258301e+00 1.302497054335391251e-02 1.511046089584034378e-02 9.998009922548887207e-01
2.586869621276855469e+01 1.856526947021484375e+01 -4.883950054645538330e-01 -1.687312713553794363e-01 -1.115350723439302305e-01 9.793312441171432292e-01
5.590910911560058594e+00 -2.577244186401367188e+01 -1.063266754150390625e+01 1.932470839269710694e-01 -9.829666302106239428e-02 -9.762137729988478174e-01
2.764393234252929688e+01 -1.509318923950195312e+01 -8.949474334716796875e+00 4.669946060299860480e-01 -2.480363474367034415e-01 -8.487602772804326845e-01
-1.448408889770507812e+01 5.055295944213867188e+01 7.830405235290527344e+00 -3.987139245901846762e-01 8.225219309790464672e-01 -4.055673549441490833e-01
1.148198986053466797e+01 3.626113128662109375e+01 1.392986059188842773e+00 -8.267690566183581724e-02 -3.928841075965841534e-01 9.158638584790971260e-01
8.169479370117187500e+00 -1.970599937438964844e+01 -1.140726661682128906e+01 9.783910269626353018e-02 -1.876268527517325480e-01 -9.773554492149055806e-01
9.104438781738281250e+00 4.834644317626953125e+01 2.798399925231933594e+00 1.323948787092603940e-01 6.987765950577066176e-01 -7.029814124791052832e-01
1.601167678833007812e+01 -3.399789810180664062e+01 -6.208887100219726562e+00 2.959344030367812572e-01 -4.621096774949129404e-01 -8.359889204198890367e-01
-3.727983856201171875e+01 -3.402369022369384766e+00 -1.273849964141845703e+00 -9.471507485208331412e-01 4.496438446149842588e-02 3.176218879523638461e-01
1.033562469482421875e+01 7.231309890747070312e+00 -3.168092966079711914e+00 -1.295662057414857793e-01 -5.682370586586810157e-02 9.899412430954800390e-01
9.081487655639648438e+00 -2.965662002563476562e+00 -1.867201805114746094e+01 -3.224705426827722404e-02 -4.802754579042957384e-02 -9.983253389233226471e-01
-7.394949793815612793e-01 4.655325698852539062e+01 6.002226829528808594e+00 2.877627503715458890e-02 -5.919568523117815229e-01 8.054557784236908713e-01
2.583080673217773438e+01 -4.806594848632812500e+00 -9.810635566711425781e+00 1.272213881682428271e-01 -2.439573837712210799e-02 -9.915742868497449125e-01
-1.191891670227050781e+01 1.078507232666015625e+01 -9.941991806030273438e+00 -1.422920462855179480e-01 1.274944077619289129e-01 -9.815794158158142046e-01
-1.606030654907226562e+01 -4.132504272460937500e+01 -2.941340923309326172e+00 -2.071570394005468330e-01 -4.118076126030208450e-01 -8.874122217036457538e-01
5.091236114501953125e+00 4.209148406982421875e+01 -1.097722053527832031e+00 -2.702027408944656858e-02 3.603770278942142746e-01 -9.324153058344033518e-01
-1.102105808258056641e+01 4.517315864562988281e+00 -1.121389579772949219e+01 -8.728628316178984603e-01 1.533133416332422838e-01 4.632553253414718464e-01
3.101610946655273438e+01 3.166972541809082031e+01 6.312170028686523438e-01 8.770313884615359434e-01 4.764185323305399344e-01 6.197842935444877743e-02
8.946893692016601562e+00 8.240011215209960938e+00 -1.844089698791503906e+01 4.083152478495876148e-01 4.158789522978546538e-01 -8.126028275911723053e-01
-3.545324087142944336e+00 2.575100517272949219e+01 -7.687501907348632812e+00 -6.182859043536755028e-02 3.020227314971908328e-01 -9.512935903619615940e-01
5.387186050415039062e+00 6.406433105468750000e+01 1.663636779785156250e+01 -2.712576256362470711e-03 9.094331856583781626e-01 4.158412230086230843e-01
-3.173623275756835938e+01 1.254558563232421875e+01 -5.257588863372802734e+00 -3.442280101930610958e-01 8.730907666316850557e-02 -9.348177373856098038e-01
-1.738494491577148438e+01 2.269843101501464844e+00 -2.038614034652709961e+00 3.948183626954001810e-03 -1.038696253120318866e-02 9.999382595217682912e-01
2.635903739929199219e+01 -2.254681015014648438e+01 -1.549959927797317505e-01 -2.769466873622916658e-01 2.106305729639778579e-01 9.375154900543880565e-01
1.378138923645019531e+01 5.992274093627929688e+01 1.164911174774169922e+01 9.257683239189182789e-01 -6.781890175728172735e-04 3.780906643756402064e-01
-2.495117950439453125e+01 -2.958669662475585938e+01 -5.035978794097900391e+00 -2.629923138141238015e-01 -2.169323204572939368e-01 -9.400932992079601425e-01
1.322578144073486328e+01 -1.266094589233398438e+01 -2.983254909515380859e+00 -4.360429923688208254e-02 8.014627294624214471e-02 9.958289210606844355e-01
3.983710110187530518e-01 1.013785362243652344e+01 -1.858720397949218750e+01 -9.765786916691125696e-02 -1.417827014408511166e-01 -9.850688332101025235e-01
5.701759815216064453e+00 1.165404510498046875e+01 -1.571994972229003906e+01 3.997619446992727865e-01 9.136436604668838335e-01 7.379464248120544412e-02
1.095570027828216553e-01 5.461553955078125000e+01 1.293200206756591797e+01 1.966004843866097085e-01 -7.102279914547627859e-01 6.759618699993984459e-01
-2.840639305114746094e+01 -3.946066284179687500e+01 -3.110460042953491211e-01 -3.576293294060657879e-01 -4.278814376978838929e-01 -8.300715258471161873e-01
-1.507644844055175781e+01 -1.224391555786132812e+01 -1.065925025939941406e+01 -1.071001677152288029e-01 3.766896055893487194e-02 -9.935343997495905688e-01
6.490669250488281250e+00 -3.257829284667968750e+01 -8.523273468017578125e+00 1.311902429700353701e-01 -4.311442664205767938e-01 -8.926946519847230865e-01
-7.601414203643798828e+00 4.736982822418212891e+00 -2.941941976547241211e+00 6.453586435197375404e-02 -3.088440934964422485e-02 9.974373541588800185e-01
-2.342911911010742188e+01 2.555861854553222656e+01 7.559580206871032715e-01 1.063099697426297674e-01 -1.017236007826983202e-01 9.891160191691990011e-01
-6.379230022430419922e+00 4.924887847900390625e+01 9.026788711547851562e+00 7.774131352039415077e-02 -7.494698532897110521e-01 6.574581562213847041e-01
-3.347882461547851562e+01 -9.629746437072753906e+00 5.269939899444580078e-01 3.053592452242666622e-01 3.687198531989550887e-02 9.515230885557299789e-01
-1.185430240631103516e+01 -3.176474761962890625e+01 -7.458785057067871094e+00 -5.398630255939383948e-01 -8.404833570166661549e-02 -8.375462917727822809e-01
1.150617504119873047e+01 5.773086929321289062e+01 1.047656726837158203e+01 -6.465219563544316594e-02 3.860771163975750264e-01 -9.201981057324827296e-01
-1.287926769256591797e+01 2.660661315917968750e+01 -6.454291820526123047e+00 -1.338799753116652613e-01 3.691625835748539308e-01 -9.196712124987315162e-01
-9.806805610656738281e+00 -3.311298370361328125e+01 -1.799989938735961914e-01 9.727897342796036628e-02 2.705746950975731480e-01 9.577714423084754403e-01
-9.979381561279296875e+00 8.532524108886718750e+00 -1.308165264129638672e+01 -7.321944405815501433e-01 5.802886359751143752e-01 3.565899607947650707e-01
1.971512985229492188e+01 4.279887390136718750e+01 7.770860195159912109e-01 1.663462838683550937e-01 5.324722937829788894e-01 -8.299410642911227987e-01
-5.892198085784912109e+00 -2.942358398437500000e+01 -9.567730903625488281e+00 -9.061471176485295931e-02 -1.510691481748095422e-01 -9.843612581169119968e-01
2.214275550842285156e+01 3.027674484252929688e+01 -3.908563137054443359e+00 1.571963790069587918e-01 3.017212451321633071e-01 -9.403475892790906787e-01
-5.754484176635742188e+00 1.666878938674926758e+00 -2.962736129760742188e+00 -3.983091812778636470e-02 1.411612644513552187e-02 9.991067174908206949e-01
1.964524030685424805e+00 -1.543305015563964844e+01 -2.772243022918701172e+00 3.274046201244914470e-03 2.904003819672001593e-02 9.995728871888258649e-01
-1.902529907226562500e+01 3.084736251831054688e+01 1.389832019805908203e+00 4.101989748050120788e-02 -2.972307985888211768e-01 9.539241166785441539e-01
-9.576451301574707031e+00 -2.592617034912109375e+00 -2.799625873565673828e+00 1.299192359050937717e-01 7.518300536150188812e-03 9.914960752816345257e-01
1.685942077636718750e+01 3.360347747802734375e+01 -3.749635934829711914e+00 1.920297726176944664e-01 3.611164168619466763e-01 -9.125346568219671051e-01
-7.943079948425292969e+00 1.585494232177734375e+01 -9.546485900878906250e+00 -9.468086355183490122e-02 2.533009405066115050e-01 -9.627430434002339776e-01
-5.222636222839355469e+00 -7.150835990905761719e+00 -3.170614957809448242e+00 1.042498918399040464e-01 8.113885197837572560e-02 9.912358179318377926e-01
2.813411951065063477e+00 -2.312792968750000000e+01 -1.132655239105224609e+01 5.884210043977507881e-02 -1.809911824124910418e-01 -9.817228728642131141e-01
-1.216941452026367188e+01 -4.656130981445312500e+01 -9.090639948844909668e-01 -1.242934626571342710e-01 -4.002313198656103355e-01 -9.079460478130465528e-01
1.811809921264648438e+01 -1.429023170471191406e+01 -2.408100128173828125e+00 -6.850882312197908997e-02 7.648647914812642390e-02 9.947142100432488920e-01
-1.082437992095947266e+00 3.337193298339843750e+01 4.049569964408874512e-01 3.807646248273737540e-03 -1.864093729118653231e-01 9.824647818220524353e-01
-2.971780967712402344e+01 1.403844165802001953e+01 2.071370035409927368e-01 6.302495360473223118e-02 -7.683833924422238393e-02 9.950496092383087632e-01
-1.393570995330810547e+01 1.810559082031250000e+01 -1.542176961898803711e+00 8.024056228591133766e-02 -1.188085513307651220e-01 9.896696318947680870e-01
5.011515140533447266e+00 1.801438522338867188e+01 -2.161472082138061523e+00 6.116730773838679330e-02 -9.167248242530416646e-02 9.939088068983088498e-01
2.518776702880859375e+01 5.987016201019287109e+00 -2.073439121246337891e+00 -1.388784414251648114e-01 -3.700840236583765458e-02 9.896176820680020469e-01
-2.904795837402343750e+01 1.698957824707031250e+01 -5.161088943481445312e+00 -2.629287324842546347e-01 1.727728988415519751e-01 -9.492196832451960109e-01
-1.710868453979492188e+01 4.229698181152343750e+01 5.946310162544250488e-01 -1.275037318970821398e-01 4.894164305899801892e-01 -8.626785935798338967e-01
-1.191267967224121094e+00 -4.305159378051757812e+01 2.231987953186035156e+00 -6.195277826096413920e-02 4.250785759561039878e-01 9.030338075226632677e-01
1.765359687805175781e+01 -3.879697799682617188e+01 2.061947107315063477e+00 -1.327008071312064108e-01 3.780928097107550401e-01 9.162075763885350055e-01
-2.944379806518554688e+01 -1.693311882019042969e+01 -6.563167095184326172e+00 -2.881419450293471463e-01 -1.052375160207864174e-01 -9.517874157271042357e-01
-1.275631904602050781e+01 -3.562964248657226562e+01 8.671060204505920410e-01 1.126638777071683334e-01 2.108082221225172082e-01 9.710132564211096939e-01
-2.314910316467285156e+01 -4.610931396484375000e+01 5.856340885162353516e+00 2.569467663356602150e-01 3.483204334717389106e-01 9.014717049889627853e-01
2.641320228576660156e+01 -3.817914962768554688e+01 3.910748958587646484e+00 -3.172558951707367680e-01 4.006312039539984826e-01 8.595599661441800654e-01
-3.360396575927734375e+01 -3.070225906372070312e+01 2.091578006744384766e+00 -8.626198823556406881e-01 -2.269791755115511400e-01 4.520701189515151097e-01
1.117725467681884766e+01 3.327405929565429688e+01 3.969419896602630615e-01 -4.225761939030910769e-02 -2.603554749234274768e-01 9.645876426125623571e-01
2.229735183715820312e+01 3.761431884765625000e+01 3.284842014312744141e+00 -1.875486978497953872e-01 -3.277681298213951933e-01 9.259554735559542005e-01
2.933002471923828125e+01 1.443304920196533203e+01 -3.972649872303009033e-01 -1.449252593212621842e-01 -1.021125935654631778e-01 9.841593811197449915e-01
-1.911793327331542969e+01 3.681941986083984375e+01 -1.540935039520263672e+00 -2.085030946102374994e-01 4.010312459558379450e-01 -8.920204029645636412e-01
-2.437460899353027344e+00 -1.418426704406738281e+01 -2.691627979278564453e+00 4.305403770425104276e-02 6.921713727867075117e-02 9.966721315178360685e-01
1.857128143310546875e+01 4.277249872684478760e-01 -1.115845966339111328e+01 2.317764671739631355e-01 6.684725606912206297e-02 -9.704695325564764996e-01
-1.142971992492675781e+00 3.894237041473388672e+00 -3.021140098571777344e+00 2.435494847876883140e-03 4.683191387081829873e-03 9.999860679445877754e-01
2.502549743652343750e+01 -1.801650428771972656e+01 -9.415344238281250000e+00 3.273843652715147656e-01 -1.880459157835777939e-01 -9.259903946223647653e-01
-1.368898582458496094e+01 3.774701309204101562e+01 2.730648040771484375e+00 4.770104029440891402e-02 -1.562181454787651691e-01 9.865700693706487279e-01
-2.959735679626464844e+01 -7.520699024200439453e+00 -7.593687057495117188e+00 -4.194923125948877285e-01 -4.698502462252866080e-02 -9.065421154778268154e-01
3.217978954315185547e+00 3.277693176269531250e+01 -5.329955101013183594e+00 6.176145568785544777e-03 3.489720190139355971e-01 -9.371127921287013551e-01
-3.418495559692382812e+01 6.379126071929931641e+00 -5.113100051879882812e+00 -2.475483862412756197e-01 9.169305194675077264e-02 -9.645269206683816376e-01
-1.259013175964355469e+01 2.659074068069458008e+00 -1.333632373809814453e+01 -9.608246421858284148e-01 1.745840266380824235e-01 2.152589710356061226e-01
-7.884417057037353516e+00 -5.256619262695312500e+01 2.240919113159179688e+00 -1.401196805789290678e-01 -8.544921116270386419e-01 -5.002096623233335260e-01
9.946223258972167969e+00 -1.657281994819641113e+00 -3.154411077499389648e+00 -6.723736262135382447e-02 -3.267421660240370923e-02 9.972018515010607764e-01
-2.877788925170898438e+01 2.122011184692382812e+01 8.616600036621093750e-01 -2.771466518421615288e-01 1.131510646930854042e-01 9.541417976021702163e-01
1.920176506042480469e+01 1.715972328186035156e+01 -1.844555974006652832e+00 -1.316825940286674157e-01 -1.379168429709002330e-01 9.816509760881517721e-01
1.826739311218261719e+01 5.402499198913574219e+00 -2.621891021728515625e+00 -2.607318054200199325e-02 -7.801585343129267824e-02 9.966111156663922666e-01
1.233868002891540527e+00 -1.869453811645507812e+01 -1.148223590850830078e+01 1.779276645396692808e-02 1.460241698698317436e-01 -9.891210033538571089e-01
-9.234107971191406250e+00 2.642759895324707031e+01 -7.085327148437500000e+00 -1.711195673344012846e-01 2.934037422069304402e-01 -9.405489555223888187e-01
1.116285419464111328e+01 -2.728991317749023438e+01 -1.565717935562133789e+00 -4.917524499709609309e-02 1.978135589616332179e-01 9.790054091629974975e-01
-3.572457885742187500e+01 -7.175509929656982422e+00 -4.965703964233398438e+00 -2.907084249468595005e-01 -6.748712618724164725e-02 -9.544286769915829582e-01
3.525136947631835938e+01 -7.926023006439208984e+00 -6.031589031219482422e+00 4.389378834212045999e-01 -2.217301358436602615e-02 -8.982437820359796543e-01
3.132200002670288086e+00 1.976483345031738281e+01 -9.276898384094238281e+00 -6.381907098226877184e-02 1.817306082490757480e-01 -9.812752479321901200e-01
-7.154345035552978516e+00 -4.675432205200195312e+01 -1.425475001335144043e+00 -8.136190387633183974e-02 -5.065056990539301696e-01 -8.583893157673317953e-01
1.710961723327636719e+01 -4.050084304809570312e+01 -3.289241075515747070e+00 1.672756540025641947e-01 -3.879301334407366242e-01 -9.063824066842134375e-01
