4.220715332031250000e+01 6.357572937011718750e+01 1.124601936340332031e+01 2.930923039734252278e-01 3.498822316407138588e-01 8.897636345309147821e-01
-2.173912048339843750e+01 -4.123074054718017578e+00 1.606670975685119629e+00 -6.433687736809962088e-01 -7.569323442402036139e-01 -1.145864184589117096e-01
-2.418708801269531250e+01 7.317093658447265625e+01 7.198945999145507812e+00 -9.997870876915188054e-01 1.602247945657475636e-02 1.300228585191775220e-02
4.542684936523437500e+01 -2.765805006027221680e+00 1.041429042816162109e+00 8.028523681463599626e-01 -5.919744374484273708e-01 -7.067064715565865574e-02
5.137189865112304688e+00 3.583638381958007812e+01 -2.334628105163574219e+00 -1.034438146250633503e-02 9.959723403609613279e-02 -9.949740623476157619e-01
6.810681152343750000e+01 3.147396087646484375e+01 6.929379940032958984e+00 9.738606382430967656e-01 2.268460489678358893e-01 -1.167593030257021644e-02
1.222982883453369141e+01 -2.054025840759277344e+01 5.898972988128662109e+00 -4.359171590534156038e-01 -8.808524666823511762e-01 1.845945892555265755e-01
1.009999847412109375e+01 7.646112060546875000e+01 1.045473766326904297e+01 2.373255644631410144e-01 9.493371393032304928e-01 2.059989621134298565e-01
3.581464767456054688e+01 2.803848648071289062e+01 4.961594104766845703e+00 -3.841178571090836380e-02 -2.263180628520475735e-03 9.992594321455974260e-01
7.259169101715087891e+00 5.918777942657470703e+00 -8.824415206909179688e+00 -2.803675382827227613e-01 -1.770633092588926871e-01 -9.434207057254868634e-01
-2.009560394287109375e+01 2.432195281982421875e+01 4.876883029937744141e+00 -9.570878113502087059e-01 3.882412708883347524e-02 2.871856690725655969e-01
-1.642600631713867188e+01 4.954323577880859375e+01 6.421120166778564453e-01 -3.441055378048429869e-01 5.951443640495427539e-02 -9.370429076149291436e-01
2.055426025390625000e+01 5.529668807983398438e+01 1.467757940292358398e+00 8.632127284464839734e-02 2.358557493745203626e-01 -9.679466428173937320e-01
2.565795516967773438e+01 7.786344051361083984e+00 4.231062889099121094e+00 1.274950996317933925e-03 7.320832056277695732e-02 9.973158558352186454e-01
5.053786468505859375e+01 4.447886657714843750e+01 4.071525096893310547e+00 2.702477666214473939e-01 2.064261587880893423e-01 -9.404011833276869625e-01
6.112836837768554688e+01 1.091688632965087891e+01 7.276929855346679688e+00 5.587232675210114241e-01 -7.980555802211113381e-01 2.256891694534533532e-01
-3.308041095733642578e+00 -1.138590717315673828e+01 -4.296193122863769531e+00 -2.032897214488780246e-01 -3.100157096669839962e-01 -9.287429940047536858e-01
9.460830092430114746e-01 5.865151214599609375e+01 6.312451839447021484e+00 1.696229747677775648e-03 -7.959880392528712045e-02 9.968255380046735503e-01
-6.979632854461669922e+00 9.176409721374511719e+00 4.838335990905761719e+00 9.539581927585073784e-02 -8.839041287361787749e-03 9.954001753133308039e-01
2.778388214111328125e+01 -1.090758800506591797e+01 -1.050932049751281738e+00 -5.550382236924629453e-02 -1.240183280874145380e-02 -9.983814502710810501e-01
1.044876194000244141e+01 1.899182128906250000e+01 4.373346805572509766e+00 3.502248669199432146e-02 7.757552817389438971e-02 9.963711471406880849e-01
-6.652133941650390625e+00 7.499491882324218750e+01 4.545228004455566406e+00 7.023352013776403002e-02 2.614363427443671117e-01 -9.626620857505027162e-01
2.666902160644531250e+01 7.110483551025390625e+01 6.981999874114990234e+00 3.529710848901181364e-01 9.123570496038129196e-01 -2.074030551118245524e-01
2.269622421264648438e+01 3.799734878540039062e+01 -1.616088986396789551e+00 9.848881918347339448e-02 3.031774109632380254e-01 -9.478308973532529880e-01
5.266886901855468750e+01 2.514205932617187500e+01 2.023875951766967773e+00 2.587323018566348165e-01 6.214253123532885448e-02 -9.639480804419050530e-01
1.233379173278808594e+01 -3.345485925674438477e+00 4.853240013122558594e+00 2.643500386664645631e-03 8.396470153604369824e-02 9.964652230768862307e-01
3.419153976440429688e+01 4.696360015869140625e+01 6.593739986419677734e+00 -1.143492092782432273e-01 -1.560737866350040692e-01 9.811040879860055686e-01
4.120495605468750000e+01 1.329681205749511719e+01 -8.889859914779663086e-01 2.004835203992874348e-01 3.028487897971321452e-02 -9.792288722017404856e-01
-5.511095046997070312e+00 2.367416191101074219e+01 -2.221825122833251953e+00 -4.235819205363987316e-02 -2.306917461936945080e-01 -9.721044706223971321e-01
2.391500473022460938e+01 2.180102157592773438e+01 -2.830209970474243164e+00 1.326638868078508782e-01 9.168639762865635201e-02 -9.869112916705906624e-01
-8.505378723144531250e+00 3.704027175903320312e+01 4.767168998718261719e+00 6.337736017307592229e-02 -1.536836452909994821e-01 9.860855172790858880e-01
-2.078963088989257812e+01 1.052096366882324219e+01 -3.486829996109008789e-01 -7.275105603890075212e-01 -5.578689089270350704e-02 -6.838246904923789282e-01
-1.405542373657226562e+01 6.259634017944335938e+01 6.754279136657714844e+00 4.350586385984676549e-03 -1.567916960529837367e-01 9.876221121698960381e-01
9.272259712219238281e+00 4.746303176879882812e+01 4.433420181274414062e+00 -2.364336796651296535e-02 -6.305053543866251387e-02 9.977302346486740525e-01
-5.852771759033203125e+00 1.847458004951477051e+00 -6.726127147674560547e+00 -5.454889145367691761e-01 6.388711704311184070e-03 -8.380936871736098803e-01
-8.814041137695312500e+00 -4.372721195220947266e+00 5.997725009918212891e+00 1.217625273909807571e-01 8.926287629442360150e-02 9.885373163614041836e-01
-3.130158901214599609e+00 4.795772933959960938e+01 -8.022029995918273926e-01 2.466247038537384625e-02 5.849760284207133204e-02 -9.979828620854276355e-01
1.209830570220947266e+01 6.533248138427734375e+01 3.556151866912841797e+00 9.362032245191621513e-03 2.718658575796631949e-01 -9.622896174409834025e-01
5.286189270019531250e+01 5.595820617675781250e+01 1.004723930358886719e+01 7.069371471901110260e-01 4.929211259390673949e-01 5.072165548615990005e-01
9.557899475097656250e+00 -1.106050491333007812e+01 -5.077640056610107422e+00 2.477443435675938388e-01 -5.781334166703114841e-01 -7.774216955805735019e-01
-2.040996551513671875e+01 3.621250152587890625e+01 7.076299935579299927e-02 -9.591935140639024082e-01 1.163852680546036827e-01 -2.576863829495076308e-01
3.237899780273437500e+01 5.961244964599609375e+01 4.059464931488037109e+00 7.617612241280077856e-02 2.119729596409522798e-01 -9.743021414095347499e-01
5.548699855804443359e+00 7.320828914642333984e+00 4.003766059875488281e+00 2.502620222310314793e-03 -1.763282730081824901e-02 9.998413975693356548e-01
6.229325866699218750e+01 4.260031127929687500e+01 8.184594154357910156e+00 7.723468911107934654e-01 5.412539347882783236e-01 3.324521888447995455e-01
3.362116241455078125e+01 -1.813864946365356445e+00 5.230415821075439453e+00 1.452826553808060552e-03 3.037470130659949280e-02 9.995375264668853177e-01
1.447012138366699219e+01 3.078117942810058594e+01 4.383480072021484375e+00 -1.387741666468840854e-02 5.968302210481003095e-02 9.981209116029736705e-01
3.557168960571289062e+00 -1.182602405548095703e+01 5.816661834716796875e+00 1.467447737084403257e-02 1.372685502790092493e-01 9.904251636636620670e-01
4.953954696655273438e+01 7.567687034606933594e+00 5.847054958343505859e+00 -2.222137372414829670e-01 -7.563255442384324984e-03 9.749686416230455288e-01
4.052491760253906250e+01 3.839745712280273438e+01 9.331020116806030273e-01 1.947475131853578789e-01 1.015508443530106220e-01 -9.755823041237010607e-01
-1.933827996253967285e+00 1.320404529571533203e+01 -6.676414012908935547e+00 -1.327320908494050156e-01 1.917170086220168213e-01 -9.724334325103033416e-01
1.590190505981445312e+01 1.052896976470947266e+01 -1.979719996452331543e+00 -6.476547963999185198e-02 9.263560905103759846e-02 -9.935915038801131915e-01
4.294044494628906250e+01 5.421336746215820312e+01 4.407363891601562500e+00 1.412500433303565950e-01 2.335255930548425785e-01 -9.620364975652204720e-01
6.778746032714843750e+01 2.012962341308593750e+01 8.635148048400878906e+00 7.875543976906249632e-01 -1.080003360027902426e-01 6.067075062181456202e-01
3.184538650512695312e+01 1.736530113220214844e+01 4.135949134826660156e+00 9.328404503108383983e-02 9.457928667995960104e-02 9.911371476610836284e-01
2.169499969482421875e+01 -1.302811026573181152e+00 -1.265226960182189941e+00 -5.738927116667025957e-02 -9.884131943400038811e-02 -9.934469614063472509e-01
5.431563568115234375e+01 3.452641677856445312e+01 8.078443527221679688e+00 -2.801852526272328170e-01 -1.657851085106372691e-01 9.455218252406075718e-01
2.789680004119873047e+00 2.721746063232421875e+01 4.341216087341308594e+00 1.665768327277888233e-02 -6.562741437355637530e-02 9.977051488644453903e-01
1.914578056335449219e+01 -1.202177047729492188e+01 5.704055786132812500e+00 1.735293307608958280e-01 -3.726093675814585310e-02 9.841235664069736266e-01
2.147823095321655273e+00 6.940351104736328125e+01 7.817271232604980469e+00 -5.441065621940921471e-02 -2.854517377337786530e-02 9.981105417457631912e-01
2.536172866821289062e+01 2.957538604736328125e+01 4.177941799163818359e+00 -3.716154058849920755e-02 -2.367770166796959175e-02 9.990287214814255190e-01
-1.601202392578125000e+01 3.632842063903808594e+00 6.026683807373046875e+00 4.392835562092091417e-02 2.340959914425209260e-02 9.987603767873189931e-01
2.874205112457275391e+00 -3.714654922485351562e+00 -8.525835990905761719e+00 2.881477196360860416e-01 -5.767949089931425632e-01 -7.643811383257150815e-01
-1.005780026316642761e-01 1.712418365478515625e+01 4.458866119384765625e+00 3.618570689392566764e-02 -3.766377451745972493e-02 9.986350858575342437e-01
2.384021759033203125e+01 4.599899291992187500e+01 5.161736011505126953e+00 -3.948695082425071057e-01 -1.342084345717688421e-01 9.088818226535921863e-01
-2.232747268676757812e+01 5.800567626953125000e+01 2.326236009597778320e+00 -9.764139924963930461e-01 2.737900948385624603e-02 -2.141637343177797970e-01
-1.134766769409179688e+01 1.868305969238281250e+01 4.896553993225097656e+00 1.519327387431638754e-01 -1.982170469894332585e-02 9.881920577098509684e-01
3.393549346923828125e+01 5.838761806488037109e+00 -1.752303004264831543e+00 4.342979700076965432e-01 9.229667351420374130e-03 -9.007219806842597931e-01
-8.423721313476562500e+00 5.399463272094726562e+01 5.702569007873535156e+00 5.122311619909950681e-02 -1.472370125571270394e-01 9.877739895847157392e-01
4.364261627197265625e+01 2.130167579650878906e+01 5.159751892089843750e+00 -7.355984744607328707e-02 3.049178714706877666e-02 9.968245581647193765e-01
-1.276794815063476562e+01 -5.002638816833496094e+00 -3.448529958724975586e+00 -4.457491136068932325e-01 -2.376774374469932394e-01 -8.630279042112716237e-01
1.180537939071655273e+00 -1.903361082077026367e+00 4.865406990051269531e+00 -1.233279950286176978e-02 8.340173269521757027e-02 9.964396886113366936e-01
9.595257759094238281e+00 2.596484375000000000e+01 -3.155056953430175781e+00 -2.736982197361083682e-02 -4.939269808375774257e-02 -9.984043540675990869e-01
2.076385116577148438e+01 6.289905166625976562e+01 8.074638366699218750e+00 -6.141459009249388562e-02 -1.629382354368394126e-01 9.847229963581128898e-01
1.324555301666259766e+01 -1.886029958724975586e+00 -6.760012149810791016e+00 1.742019072828137061e-01 -8.592402087191307325e-02 -9.809540040879760614e-01
3.121149444580078125e+01 3.767676162719726562e+01 4.585772037506103516e+00 -4.926009708540791954e-02 -2.150164225808930824e-02 9.985545163962463722e-01
-1.401953887939453125e+01 2.876632881164550781e+01 -1.573740959167480469e+00 -1.450960883167030369e-01 4.368953302384736420e-02 -9.884525025813580834e-01
4.517979049682617188e+01 3.108100128173828125e+01 6.082553863525390625e+00 -1.789556157306872175e-01 -1.292400544156948883e-01 9.753316850861961651e-01
-1.095003509521484375e+01 9.917725563049316406e+00 -4.196629047393798828e+00 -8.026382211161027236e-01 5.779338271351553979e-01 -1.475275481274283818e-01
5.410839080810546875e+01 1.537529277801513672e+01 1.823817014694213867e+00 1.491838790678748639e-01 7.229986949690166143e-02 -9.861627143108750992e-01
-5.374036788940429688e+00 6.534962463378906250e+01 2.847923994064331055e+00 1.456254553933246376e-02 3.094303841699693747e-01 -9.508105855636233006e-01
6.000463867187500000e+01 2.619634437561035156e+01 8.367414474487304688e+00 -1.555392087843872895e-01 -1.028318099503785915e-01 9.824628101831925919e-01
1.345655632019042969e+01 4.110306549072265625e+01 -1.745616912841796875e+00 7.296436918577625663e-02 2.211962535043118516e-01 -9.724959733926809013e-01
8.887193679809570312e+00 5.652321243286132812e+01 1.050055027008056641e+00 2.088568393588324107e-02 2.070515522611273140e-01 -9.781070712927025790e-01
-1.510266494750976562e+01 7.570137786865234375e+01 9.056715011596679688e+00 -1.867039302115177657e-01 5.230920753527473765e-01 8.315746046788156098e-01
4.244349896907806396e-01 4.069866561889648438e+01 4.455763816833496094e+00 3.241137583271286315e-02 -4.631788168843185144e-02 9.984007995552323100e-01
1.744307136535644531e+01 7.301490783691406250e+01 5.423048019409179688e+00 1.800016529065660287e-01 4.567623365510558586e-01 -8.711874498977382197e-01
4.050656127929687500e+01 4.810799121856689453e+00 4.998949050903320312e+00 -1.675932018079536734e-01 9.163906066334329137e-02 9.815878978820482548e-01
2.080214691162109375e+01 1.597281646728515625e+01 3.984180927276611328e+00 -1.368449640334027176e-02 -1.051506720000681787e-02 9.998510728703381423e-01
-3.838140010833740234e+00 3.297521972656250000e+01 -2.422746896743774414e+00 -1.672828508232092337e-01 1.677912616509533161e-01 -9.715258824828298945e-01
1.891429901123046875e+01 -1.905164146423339844e+01 -3.175410032272338867e-01 5.141833651291642937e-01 -6.606413920163928255e-01 -5.469629038418338807e-01
3.438815307617187500e+01 6.840072631835937500e+01 1.117440319061279297e+01 1.870756509986711003e-01 4.550319743215259782e-01 8.706024369070405333e-01
3.653258132934570312e+01 -8.339847564697265625e+00 -3.691470026969909668e-01 4.814439035195944849e-01 -7.724613716210706471e-01 -4.141439328507777740e-01
5.804976940155029297e+00 1.430488109588623047e+01 -1.841362953186035156e+00 -1.242250576287049768e-01 1.485331094080048486e-01 -9.810739271159614194e-01
2.727566909790039062e+01 1.340797519683837891e+01 -2.601886987686157227e+00 -4.294256308587361681e-02 -9.268492846224266057e-02 -9.947690386776041338e-01
1.721353340148925781e+01 4.227091789245605469e+00 4.278296947479248047e+00 -1.785397019030015783e-02 6.913575635549150389e-02 9.974474838013267508e-01
-1.596802139282226562e+01 4.196053314208984375e+01 5.324654102325439453e+00 6.820638140099337388e-02 1.351587561040943075e-01 9.884735708073210114e-01
1.975714683532714844e+01 2.967155075073242188e+01 -2.723047018051147461e+00 1.605652584208331138e-02 5.045728461813610982e-02 -9.985971411970128164e-01
-8.066146850585937500e+00 2.814827919006347656e+01 5.011250019073486328e+00 8.500075103603853266e-02 1.753327200312579381e-02 9.962266091086775521e-01
3.745071792602539062e+01 2.169661712646484375e+01 -1.101138949394226074e+00 1.798839571446978203e-01 1.099006149203423099e-01 -9.775293431923642862e-01
-1.744011688232421875e+01 1.877903747558593750e+01 -1.453472971916198730e+00 -2.861572345492568656e-02 -4.641814203287124990e-02 -9.985121413690307701e-01
1.550113391876220703e+01 1.931616020202636719e+01 -2.718143939971923828e+00 -3.211971002200181974e-02 -5.641903186464146402e-02 -9.978903832944573393e-01
2.910021591186523438e+01 5.195623779296875000e+01 1.538218975067138672e+00 4.229558334670888847e-02 2.878095999963731777e-01 -9.567532167593110204e-01
-2.696110010147094727e-01 7.748402404785156250e+01 9.955657005310058594e+00 -1.287412407853975004e-02 8.931407441548613324e-01 4.495930026809923929e-01
4.240539550781250000e+01 4.418830490112304688e+01 7.143093109130859375e+00 -1.068942752326836471e-01 -8.923137700589717225e-02 9.902582366636042410e-01
-2.075421524047851562e+01 6.647819519042968750e+01 3.077909946441650391e+00 9.272026418920312207e-02 2.472786593981171621e-02 -9.953850939484411020e-01
5.710191345214843750e+01 4.925895690917968750e+01 6.761929988861083984e+00 7.576772917458767242e-01 5.929362952032816159e-01 -2.726750289323182641e-01
2.576323318481445312e+01 -5.313642978668212891e+00 5.028995037078857422e+00 -1.378798574218173534e-01 5.741398196579659829e-02 9.887834846882155304e-01
3.075297164916992188e+01 2.675787925720214844e+01 -1.659060001373291016e+00 2.046751853294966617e-01 1.105626100320081795e-01 -9.725656675892102587e-01
-1.006505203247070312e+01 4.322158050537109375e+01 -7.181040048599243164e-01 -4.683437365798632374e-02 6.469830221973736639e-02 -9.968052322966345358e-01
6.117461013793945312e+01 1.937022399902343750e+01 3.710509061813354492e+00 3.171734768401257565e-01 5.551887368811820461e-02 -9.467410629383035126e-01
-1.998621368408203125e+01 1.589242839813232422e+01 5.877576828002929688e+00 -2.392857717867965528e-01 -4.576460723701531591e-02 9.698700532261210761e-01
1.926156616210937500e+01 2.403221702575683594e+01 4.337930202484130859e+00 -3.519926603260303127e-02 -4.350567515006980440e-02 9.984329060585406257e-01
2.475400924682617188e+00 2.191479873657226562e+01 -2.334096908569335938e+00 8.939605616725663367e-03 -2.305853661639702956e-01 -9.730110340394115820e-01
1.601021766662597656e+01 4.873235321044921875e+01 -2.174399942159652710e-01 -3.316470374042188030e-02 1.260347972107140335e-01 -9.914712967695353818e-01
1.641951942443847656e+01 -7.724351882934570312e+00 -6.841869950294494629e-01 -4.461326732876494394e-02 1.014331224444741941e-01 -9.938415256213721793e-01
1.468119049072265625e+01 5.767103195190429688e+01 6.642935752868652344e+00 -6.049844070607617724e-02 -1.171063523567795056e-01 9.912749572695879197e-01
7.568148136138916016e+00 -1.658895492553710938e+01 5.409539937973022461e-01 -3.188763729771305622e-01 -3.189378313862593628e-01 -8.925225590804861664e-01
-1.173750305175781250e+01 2.580733060836791992e+00 -8.144659996032714844e-01 -9.713878822044976769e-01 2.290452206769446331e-01 6.280023241446479332e-02
-1.306606674194335938e+01 7.000122833251953125e+01 3.661860942840576172e+00 8.976636529198188386e-02 -1.722273586958500413e-02 -9.958139269117665116e-01
8.369850158691406250e+00 3.929315185546875000e+01 4.259325027465820312e+00 1.457795022332519091e-02 -7.561794097826801675e-02 9.970302956126726457e-01
1.886162042617797852e+00 5.064732742309570312e+01 4.966981887817382812e+00 1.664369879289558443e-02 -2.378813132816128550e-01 9.711516195125797779e-01
-4.087176799774169922e+00 -1.053720283508300781e+01 3.690731048583984375e+00 -3.281568878536409439e-01 -9.443218524520824442e-01 2.385992321195342172e-02
2.970656013488769531e+01 -1.042698979377746582e+00 -1.764658927917480469e+00 1.423449140527060786e-01 -2.958457422418957553e-02 -9.893748927536523130e-01
4.792634963989257812e+00 4.413858032226562500e+01 -1.333225011825561523e+00 4.739921662314856149e-02 1.205814622985733886e-01 -9.915711901893123903e-01
2.971796035766601562e+01 4.412365341186523438e+01 1.988700032234191895e-01 1.298826683967972406e-01 1.718903134175631675e-01 -9.765163657631854566e-01
1.822745132446289062e+01 4.041102600097656250e+01 4.530134201049804688e+00 -6.482291933804752541e-03 -1.188746028532836480e-01 9.928881148889632247e-01
-1.523839187622070312e+01 3.285928344726562500e+01 5.072581768035888672e+00 6.341198595278906003e-02 -4.838236978261097054e-02 9.968139577332081336e-01
4.911668777465820312e+01 3.685068893432617188e+01 2.429812908172607422e+00 2.683386328377479479e-01 1.234157907927913717e-01 -9.553862678046811663e-01
-1.409899902343750000e+01 5.704346847534179688e+01 1.132405042648315430e+00 -7.733532933867220960e-02 1.521705600877326370e-01 -9.853239911210244228e-01
5.658499526977539062e+01 6.524393081665039062e+00 2.556397914886474609e+00 6.044375935042788361e-01 -3.111450662440491954e-01 -7.333784448091873465e-01
-7.005509853363037109e+00 1.605598831176757812e+01 -1.313686966896057129e+00 -1.335887954796222132e-01 -2.064676539768312280e-01 -9.692910510180143824e-01
6.154125976562500000e+01 3.531232452392578125e+01 5.133601188659667969e+00 9.195676236991021102e-02 8.364257902101396303e-02 -9.922438575416616668e-01
1.140802192687988281e+01 -1.108307743072509766e+01 5.697834014892578125e+00 -2.552720646557130740e-02 1.122743394611118162e-01 9.933493013178371633e-01
2.586808395385742188e+01 5.649438858032226562e+01 7.030229091644287109e+00 -3.177752377485671548e-02 -2.391238067564314604e-02 9.992088805816137231e-01
3.826569366455078125e+01 -5.182179808616638184e-01 -8.467469811439514160e-01 1.573332309504598125e-01 -6.879184136717572673e-02 -9.851466576099229266e-01
3.547760772705078125e+01 1.057816028594970703e+01 4.186183929443359375e+00 1.284432680777409796e-01 9.784899765899356117e-02 9.868778549256436161e-01
1.241183185577392578e+01 3.328210449218750000e+01 -2.590131998062133789e+00 5.627474792324512615e-02 1.906376951325671476e-01 -9.800461325574003624e-01
-3.034797906875610352e+00 5.563372039794921875e+01 5.157960057258605957e-01 -1.122217853260551804e-02 1.296157968898403179e-01 -9.915007856303463818e-01
4.801306533813476562e+01 5.020087051391601562e+01 8.474052429199218750e+00 2.400217436534859972e-02 4.558334555437260072e-02 9.986721455181405416e-01
3.474426269531250000e+01 3.324409484863281250e+01 -5.248829722404479980e-01 1.750903638267482521e-01 1.307565917799154986e-01 -9.758309680478055581e-01
-1.622750854492187500e+01 -6.090060234069824219e+00 6.474786758422851562e+00 -3.771056851173079094e-01 -5.692811307914847907e-01 7.305547867045798505e-01
3.605912017822265625e+01 5.420008468627929688e+01 7.870422840118408203e+00 -1.518785674657342488e-01 -1.771187005510640178e-01 9.724000548435087765e-01
3.774523925781250000e+01 6.483928680419921875e+01 5.267140865325927734e+00 2.679520444207100227e-01 3.311547284146172943e-01 -9.047310361314033766e-01
4.171407318115234375e+01 2.780520439147949219e+01 1.937630027532577515e-01 1.099009585838718467e-01 2.490070813467324187e-02 -9.936305822773059404e-01
4.557660675048828125e+01 1.397401142120361328e+01 5.247646808624267578e+00 9.410556777269155071e-02 -2.669194965450718670e-03 9.955586459432793633e-01
4.617921829223632812e+00 6.432590484619140625e+01 2.821537017822265625e+00 5.865298822966104331e-02 3.386540840776001704e-01 -9.390810605636198405e-01
-1.426674270629882812e+01 1.103889846801757812e+01 5.655401229858398438e+00 8.430587200909321968e-03 7.603133200381316514e-02 9.970697878048325746e-01
8.560866355895996094e+00 7.179942321777343750e+01 4.781684875488281250e+00 -2.506657994764512412e-02 9.273400645997577352e-02 -9.953753415750309363e-01
2.819223403930664062e+01 6.396977996826171875e+01 8.468530654907226562e+00 -7.170336464356127926e-02 3.692621441735668975e-02 9.967422345760191815e-01
1.163582038879394531e+01 1.161839199066162109e+01 4.006193161010742188e+00 3.518111034862734382e-02 5.220110382993884551e-02 9.980167003780917589e-01
-2.090106964111328125e+01 5.178407287597656250e+01 6.112517833709716797e+00 -3.209827366740655163e-01 -1.705331882674856747e-01 9.316053426513578595e-01
-1.306863784790039062e+01 3.642988204956054688e+01 -1.051700949668884277e+00 -5.878381214265139543e-02 9.505828560451291820e-02 -9.937345650463751401e-01
-1.292338967323303223e+00 3.345016098022460938e+01 4.520820140838623047e+00 -8.529129342269745409e-03 1.095871145519113216e-01 9.939406009801838859e-01
-2.070088577270507812e+01 3.100471019744873047e+00 3.131749927997589111e-01 2.618212696255916780e-02 -5.189297786906797022e-02 -9.983093784371640522e-01
2.191354560852050781e+01 6.110595226287841797e+00 -1.925535917282104492e+00 -8.474325844965652221e-02 -8.729255193221495401e-02 -9.925717054825290431e-01
-5.159722805023193359e+00 1.954499006271362305e+00 4.859879016876220703e+00 1.351815039524053852e-01 9.972144972480843916e-02 9.857898322938556390e-01
1.323068332672119141e+01 3.678601980209350586e+00 -1.908015966415405273e+00 8.784941970190129901e-01 -2.629582055232786326e-03 -4.777457808313269605e-01
-1.162109971046447754e-01 6.189301967620849609e+00 -8.161161422729492188e+00 -1.400154868230479299e-01 4.588997492696993419e-01 -8.773862795655698044e-01
2.638108253479003906e+01 2.227499389648437500e+01 4.243206977844238281e+00 2.973469379170455562e-02 2.686748298667397325e-02 9.991966705023963558e-01
4.516719818115234375e+01 7.261168003082275391e+00 -2.880099974572658539e-02 2.698271385804568712e-01 -5.110095611008319549e-02 -9.615518746121387572e-01
5.481487274169921875e+01 2.030968666076660156e+01 7.116315841674804688e+00 -1.488887314310901877e-01 -3.316693396013144918e-02 9.882975767169143166e-01
4.693706512451171875e+01 5.943253707885742188e+01 7.507423877716064453e+00 6.391806859553006426e-01 7.593264951361313742e-01 -1.219480401072117054e-01
2.423306941986083984e+00 2.912771797180175781e+01 -3.151941061019897461e+00 -6.766721465640369859e-03 8.790137788371073235e-03 -9.999384705861996681e-01
-3.518608093261718750e+00 4.033383178710937500e+01 -1.541899919509887695e+00 -6.584274787776270288e-02 1.373846304444412414e-01 -9.883269680978808980e-01
5.645223617553710938e+01 4.046488189697265625e+01 4.671479225158691406e+00 1.405635064248354216e-01 3.127267378247632068e-02 -9.895776475527577887e-01
3.861993789672851562e+01 4.539488983154296875e+01 1.219944000244140625e+00 3.330939797567002425e-01 2.012914577152208062e-01 -9.211569625751760970e-01
-5.680316925048828125e+00 4.439826583862304688e+01 4.821554183959960938e+00 -6.672493361000474132e-02 1.103714168330569428e-01 9.916480895867263445e-01
5.095706939697265625e+01 1.385975003242492676e+00 2.662948131561279297e+00 7.168018455903634178e-01 -6.434758686227590729e-01 -2.685775877813234569e-01
3.423965072631835938e+01 1.452117443084716797e+01 -1.904935002326965332e+00 1.724875982246620032e-01 4.795647016674163543e-02 -9.838435878877465068e-01
-2.086029815673828125e+01 4.402380752563476562e+01 6.243749856948852539e-01 -8.324499219374686954e-01 -7.992086521658009479e-02 -5.483062855460765217e-01
2.147989845275878906e+01 7.330886077880859375e+01 1.115732860565185547e+01 -3.311860542940030933e-02 1.048776571452922912e-01 9.939335163913762816e-01
2.778358840942382812e+01 3.320502090454101562e+01 -1.572669029235839844e+00 3.208423491754079926e-01 2.494744111162342237e-01 -9.136863275620434877e-01
7.572940826416015625e+00 3.236747360229492188e+01 4.441328048706054688e+00 -3.900826130681662139e-03 5.249732963616998010e-02 9.986134457018739363e-01
-5.874118804931640625e+00 -5.002315998077392578e+00 -5.338541984558105469e+00 -2.417003358748077702e-01 -3.771437039878973163e-01 -8.940601625060220492e-01
3.192224979400634766e+00 -1.382690811157226562e+01 -4.184644222259521484e+00 -1.746541110977377700e-02 -6.176572381224482156e-01 -7.862534550701293368e-01
-9.570003509521484375e+00 5.059711074829101562e+01 -2.313250005245208740e-01 -3.548100693114111803e-02 1.461014128569797788e-01 -9.886331348424181042e-01
1.924243927001953125e+01 -2.849672079086303711e+00 5.029163837432861328e+00 -1.125829829515246766e-01 9.756889825104267389e-02 9.888404229418489289e-01
-3.011971950531005859e+00 2.340269851684570312e+01 4.458703994750976562e+00 2.848433121053044539e-02 -6.435215373273711625e-03 9.995735244986175827e-01
5.709027481079101562e+01 3.022232437133789062e+01 3.427556037902832031e+00 2.481563635068785856e-01 7.797867883031778247e-02 -9.655763796297630597e-01
1.405930042266845703e+01 -1.417943286895751953e+01 -2.904529869556427002e-01 -3.757435436557874514e-02 -2.669317838204728066e-02 -9.989372563489030687e-01
9.496507644653320312e+00 2.579985427856445312e+01 4.212195873260498047e+00 -1.229114289496933098e-02 -7.312848853591315257e-02 9.972467858914303429e-01
3.862961578369140625e+01 1.662123107910156250e+01 4.767579078674316406e+00 -1.848666896842065532e-01 -4.962804420551001489e-02 9.815097372280824350e-01
3.188835144042968750e+01 4.773508071899414062e+00 4.767822265625000000e+00 -6.498607900078311184e-02 3.154877698926096541e-02 9.973873290786213763e-01
4.872498321533203125e+01 1.950520515441894531e+01 1.021926045417785645e+00 1.835009612321612527e-01 3.431869903492574397e-02 -9.824202889412571027e-01
2.116737365722656250e+01 -1.268589019775390625e+01 -9.726169705390930176e-01 -1.336301307527958393e-01 -4.916763912442743273e-02 -9.898108563851585329e-01
8.483130455017089844e+00 6.036604309082031250e+01 6.678665161132812500e+00 -1.378776266596073823e-02 -5.218952790552630616e-02 9.985420125250942247e-01
3.177151107788085938e+01 -8.321298599243164062e+00 4.475685119628906250e+00 4.520170164945386260e-01 -8.596763593217610078e-01 2.379856592794159231e-01
1.015583992004394531e+01 1.133051013946533203e+01 -6.063939094543457031e+00 6.724777713525855738e-01 7.103128014266203438e-01 2.079167409472505723e-01
4.018762969970703125e+01 -3.245476961135864258e+00 5.230473995208740234e+00 1.984306739770716824e-02 -3.447982152766740915e-01 9.384670710356705081e-01
3.034768486022949219e+01 1.999701118469238281e+01 -2.224658966064453125e+00 1.464645272781247287e-01 6.274521672327676436e-02 -9.872239766271604378e-01
2.035533332824707031e+01 3.403540420532226562e+01 4.137946128845214844e+00 -6.738997395072297836e-02 1.379907743193278975e-02 9.976312830264236764e-01
-3.906989991664886475e-01 1.043605709075927734e+01 4.309164047241210938e+00 2.106186611442707399e-02 -4.897300798336985672e-02 9.985780101148024057e-01
2.078784942626953125e+01 1.504874992370605469e+01 -2.700539112091064453e+00 -1.715425285064132166e-01 -1.483345826493288611e-01 -9.739455901147022754e-01
2.454882240295410156e+01 1.211627006530761719e+00 4.410254001617431641e+00 4.420763811164407642e-02 6.779605413379560797e-02 9.967193084196158681e-01
4.406259155273437500e+01 3.765014648437500000e+01 6.681049823760986328e+00 -1.798906139610075561e-01 -1.202745519286406439e-01 9.763059966870512030e-01
5.929112911224365234e+00 5.066930007934570312e+01 -3.362360000610351562e-01 1.410970529580840571e-02 1.252112621331254727e-01 -9.920297657084163889e-01
7.169453144073486328e+00 9.119139909744262695e-01 4.552676200866699219e+00 7.819691763155113551e-02 1.877819854177352754e-01 9.790930333862547519e-01
-2.018317413330078125e+01 2.963855934143066406e+01 9.413359761238098145e-01 -9.728538542465131611e-01 3.828809609510928219e-02 -2.282310232530095628e-01
2.472495079040527344e+01 3.917482376098632812e+01 4.648232936859130859e+00 -1.943935448009993100e-02 -2.652808219639872511e-02 9.994590398572510415e-01
1.701013946533203125e+01 5.157038879394531250e+01 5.662421226501464844e+00 -6.740887015360623458e-02 -2.455570916449905106e-01 9.670355520700716356e-01
2.087513160705566406e+01 4.429212951660156250e+01 -6.756089925765991211e-01 5.575772040729469817e-03 1.232627048598471248e-01 -9.923584112389959300e-01
3.688772964477539062e+01 4.076990890502929688e+01 5.940048217773437500e+00 -1.807183418987200196e-01 -1.712900377006726371e-01 9.685043127864116919e-01
6.580578613281250000e+01 2.551713752746582031e+01 5.337505817413330078e+00 1.816935173419382821e-01 6.404302089205171633e-02 -9.812675258210346030e-01
3.865989685058593750e+01 3.397118377685546875e+01 5.426941871643066406e+00 -1.652696912179208721e-01 6.355598418009216280e-03 9.862279328499482522e-01
-1.196929931640625000e+01 2.237677001953125000e+01 -2.053488016128540039e+00 -1.451617615961563468e-01 5.422722386062447247e-02 -9.879207818254812645e-01
-9.347724914550781250e+00 -1.039108276367187500e+01 -1.894084930419921875e+00 -5.663297816568502174e-01 -6.107897843634816359e-01 5.533592121991969259e-01
-1.196232604980468750e+01 4.712329101562500000e+01 4.790669918060302734e+00 6.630176774979665288e-02 -3.015212339334292224e-01 9.511514185872375071e-01
6.337645053863525391e+00 -5.923648834228515625e+00 5.091687202453613281e+00 4.286093050085737141e-03 1.264070909430358158e-01 9.919691914397769095e-01
-1.896130371093750000e+01 7.274777221679687500e+01 3.342149019241333008e+00 -4.513144281184245342e-03 3.394879075366755150e-01 -9.405995918376037768e-01
-8.098499298095703125e+00 5.960897064208984375e+01 1.396973013877868652e+00 -3.542028246837344158e-02 1.610788567668151872e-01 -9.863057363173736158e-01
-4.446189880371093750e+00 6.967949676513671875e+01 7.592254161834716797e+00 -1.564581065370982890e-02 9.272858300268178519e-03 9.998345976750011577e-01
1.593698120117187500e+01 6.742092895507812500e+01 8.351313591003417969e+00 8.665218426475799693e-03 -4.164631262423275360e-02 9.990948396595921155e-01
-1.358855438232421875e+01 2.481469345092773438e+01 5.233413219451904297e+00 -1.152982810334746144e-02 7.421816289674879052e-02 9.971753744252506158e-01
5.118521118164062500e+01 2.894548988342285156e+01 7.042191982269287109e+00 -1.244680201278563075e-01 -7.633236996513446948e-02 9.892831148164601407e-01
5.471158218383789062e+01 1.134950160980224609e+01 6.820211887359619141e+00 -2.267165539917769812e-01 -1.147307122551173043e-02 9.738932039924850237e-01
2.554563903808593750e+01 -1.173312950134277344e+01 4.989645957946777344e+00 5.061276892722713638e-01 -8.449340175640785988e-01 1.729776520679374152e-01
-1.270630002021789551e+00 4.870949983596801758e-01 -1.095407390594482422e+01 -4.190906980941385696e-01 1.080503877223583653e-01 -9.014921522032321999e-01
3.613000869750976562e+01 5.118987655639648438e+01 2.272110939025878906e+00 1.952957624183851160e-01 2.245014999696082203e-01 -9.547034312773876596e-01
2.973562002182006836e+00 7.503856658935546875e+01 5.028757095336914062e+00 6.659571511346536188e-02 2.766940518111488112e-01 -9.586476998464322774e-01
-2.008264541625976562e+01 8.512887001037597656e+00 5.657178878784179688e+00 -9.728393111313586861e-01 1.074729334815170993e-03 2.314789832237912348e-01
2.150622940063476562e+01 6.819343566894531250e+01 4.667762756347656250e+00 -2.390800626958422895e-02 1.186108289765950424e-01 -9.926529496685628784e-01
3.997168064117431641e+00 1.115496635437011719e+01 -7.457931995391845703e+00 -2.936098334557219608e-02 6.967936456239092607e-03 -9.995445865585600442e-01
8.982190132141113281e+00 1.974095153808593750e+01 -2.307976007461547852e+00 -9.479571439391089316e-02 -1.246541044922767627e-01 -9.876614433933201820e-01
-1.459798431396484375e+01 5.274968719482421875e+01 5.842332839965820312e+00 7.468707356559863009e-02 -1.265825861909682659e-01 9.891403792765781633e-01
3.217094421386718750e+01 6.773748016357421875e+01 5.338125228881835938e+00 1.496421837927517373e-01 3.918802566139034105e-01 -9.077648821726679307e-01
1.744795989990234375e+01 6.187356948852539062e+01 2.847403049468994141e+00 8.140914366611212705e-03 3.181473978335758179e-01 -9.480063073445238464e-01
1.782432556152343750e+01 1.046234893798828125e+01 4.278336048126220703e+00 -4.965110012935217837e-02 -1.508156064302676111e-02 9.986527498507755674e-01
1.340508174896240234e+01 6.209309101104736328e+00 -7.648817062377929688e+00 6.383034499315203281e-01 7.856065833885848837e-02 -7.657655834306501541e-01
5.079104614257812500e+01 3.966733551025390625e+01 7.988495826721191406e+00 -3.292663592622853685e-01 -1.827781205945089582e-01 9.263777972782478720e-01
2.492637443542480469e+01 6.165055847167968750e+01 3.647738933563232422e+00 1.276198623829391809e-01 3.328268614951762627e-01 -9.343122877243080771e-01
4.615671157836914062e+00 2.129071998596191406e+01 4.427882194519042969e+00 1.922848116701330115e-02 7.264597682971371539e-02 9.971724161660642238e-01
2.666338348388671875e+01 1.395954513549804688e+01 4.227755069732666016e+00 -6.993299048093934434e-02 -1.005607763781926449e-02 9.975010035809163123e-01
4.558523941040039062e+01 1.339094042778015137e+00 5.782841205596923828e+00 1.750177467533175352e-02 -5.932650894060006314e-02 9.980851933678482890e-01
-6.032028198242187500e+00 1.537275028228759766e+01 4.903057098388671875e+00 1.227672381782844296e-01 -6.461717503652951444e-02 9.903296551756769484e-01
-1.522284317016601562e+01 7.656723022460937500e+00 -3.124909996986389160e-01 -2.862484953787787154e-02 -4.568129054185730148e-02 -9.985458615824134299e-01
4.056173324584960938e+01 5.843635559082031250e+01 8.250529289245605469e+00 -2.428956425098172112e-02 4.814849130136596438e-04 9.997048490633503315e-01
7.646579742431640625e+00 6.648918914794921875e+01 7.786250114440917969e+00 -6.979139121864465223e-02 -1.517121807988130178e-01 9.859576947866649510e-01
4.495957946777343750e+01 4.841693878173828125e+01 3.425090074539184570e+00 3.255766804126433156e-01 1.772486536451244876e-01 -9.287533256750546418e-01
-9.023399949073791504e-01 1.679454040527343750e+01 -1.750613927841186523e+00 -8.712732053829144729e-02 -9.141510884085321531e-02 -9.919940059755567585e-01
6.526300048828125000e+01 1.522873210906982422e+01 5.815674781799316406e+00 9.430436814236787813e-01 1.414038416293722789e-01 -3.011205215513060307e-01
4.920483112335205078e+00 1.354145431518554688e+01 4.195334911346435547e+00 7.358697597475853495e-03 -3.310980122200060660e-02 9.994246297909155086e-01
-1.623064804077148438e+01 -1.676114082336425781e+00 4.000020027160644531e-01 -2.068228827666109826e-01 7.330833842680309353e-02 -9.756280965005107442e-01
2.798008155822753906e+01 7.259853839874267578e+00 -2.258911132812500000e+00 1.016839059395968359e-01 -5.214800364511654879e-02 -9.934490268698721316e-01
-1.987479782104492188e+01 -1.123649954795837402e+00 6.624550819396972656e+00 -1.116486067212330152e-01 9.783235075972407380e-02 9.889203303411421286e-01
4.924247741699218750e+01 1.174868869781494141e+01 8.599810004234313965e-01 1.256146971940210466e-01 -5.151376572978785817e-02 -9.907407732546343881e-01
6.586767578125000000e+01 3.672881317138671875e+01 9.199930191040039062e+00 6.185721487152869846e-01 3.129309380630983517e-01 7.207237507094533813e-01
3.470906448364257812e+01 4.014346313476562500e+01 2.493599951267242432e-01 1.625667218362890354e-01 2.137630749659675256e-01 -9.632639351353795565e-01
-1.175498962402343750e+00 6.430838012695312500e+01 7.107802867889404297e+00 -5.771903534537434904e-02 -1.948880903248344787e-01 9.791257044978131097e-01
-2.011388015747070312e+01 6.161426925659179688e+01 6.674592018127441406e+00 2.441211605143351650e-03 1.610552097106309616e-02 9.998673175377569278e-01
8.050512313842773438e+00 -1.611814308166503906e+01 6.572055816650390625e+00 -3.347361024717084022e-02 1.435149687101532068e-01 9.890818829465759521e-01
4.027576446533203125e+01 4.983725357055664062e+01 7.746793746948242188e+00 -2.715371625145023282e-01 -2.452141841463026384e-01 9.306651241273823372e-01
-1.292794799804687500e+01 1.474244117736816406e+01 -1.087682008743286133e+00 6.185982731013776881e-02 8.340205068791455012e-02 -9.945941180734031439e-01
-5.629309177398681641e+00 7.978649139404296875e+00 -6.365616798400878906e+00 -2.176786191786278246e-01 -1.708031542971939765e-02 -9.758710373698500362e-01
4.529265975952148438e+01 4.188359832763671875e+01 2.287606954574584961e+00 2.254865279414034196e-01 1.725619385417936913e-01 -9.588421158270159506e-01
4.765779113769531250e+01 2.842691230773925781e+01 1.203076004981994629e+00 1.403553720211976608e-01 9.099459908648675766e-02 -9.859109252269602219e-01
1.130924224853515625e+01 5.530383110046386719e+00 4.135739803314208984e+00 -2.302135104341400743e-02 -1.470823197927362790e-02 9.996267730048949973e-01
4.405939877033233643e-01 4.136750221252441406e+00 4.365608215332031250e+00 7.495757045712051793e-03 7.231675373986502786e-02 9.973535485247141397e-01
2.313163375854492188e+01 4.988042831420898438e+01 6.026700139045715332e-01 1.458164443597933513e-01 2.388606311042545671e-01 -9.600433133264063557e-01
3.573081207275390625e+01 2.201561355590820312e+01 4.705882072448730469e+00 -1.640043476591042937e-01 -8.900147810084055311e-02 9.824364156752216637e-01
1.460769557952880859e+01 5.455271530151367188e+01 8.872619867324829102e-01 3.340024418818871021e-02 1.915090425992713452e-01 -9.809223773015273151e-01
7.566305160522460938e+00 -4.964200034737586975e-02 -7.658595085144042969e+00 4.310202226343652354e-01 -7.460156616520156880e-02 -8.992531200979628769e-01
3.102423477172851562e+01 3.166586112976074219e+01 4.736306190490722656e+00 -5.851962924328887178e-02 2.529621299701740982e-03 9.982830530512415423e-01
1.569460010528564453e+01 -1.761322975158691406e+00 -8.883119821548461914e-01 -4.039810236155663703e-02 -6.924927324964724740e-02 -9.967810850332087247e-01
1.559770584106445312e+01 2.530606460571289062e+01 -3.177778005599975586e+00 -2.455573720363882217e-02 2.297191406584251847e-02 -9.994344935685067766e-01
2.880661010742187500e+00 5.663758468627929688e+01 8.030549883842468262e-01 5.814077106696621811e-02 2.050367211670376943e-01 -9.770258920380815448e-01
-9.519901275634765625e+00 6.650484466552734375e+01 7.249062061309814453e+00 -2.873765830409974117e-02 -1.397426638952435074e-01 9.897707486497354656e-01
-9.194519042968750000e+00 7.632777404785156250e+01 9.795433998107910156e+00 -8.017239811871187949e-02 1.423778634491096318e-01 9.865601505126596615e-01
1.082050514221191406e+01 5.315821075439453125e+01 5.584371089935302734e+00 -8.691376389511214218e-02 -2.485915619645484576e-01 9.647011106895290178e-01
2.321006202697753906e+01 -7.086803913116455078e+00 -1.285678029060363770e+00 -1.010524180044236747e-01 -6.478169042054400528e-02 -9.927697323154629494e-01
1.560134887695312500e+01 7.418254089355468750e+01 1.098227310180664062e+01 -5.324343543482503577e-02 -1.579724450122266810e-01 9.860070198532852048e-01
1.486903762817382812e+01 4.533955383300781250e+01 4.529935836791992188e+00 -1.423363356856843266e-02 4.036190104006172428e-04 9.998986152441308173e-01
4.933417510986328125e+01 2.260698699951171875e+01 6.232943058013916016e+00 -1.866999204143131030e-01 -2.087932667724715433e-02 9.821950892947867162e-01
-2.008269500732421875e+01 2.407176971435546875e+01 -1.118530988693237305e+00 -5.574637898130232472e-01 2.642002091298697453e-01 -7.870402610686663136e-01
-4.963141918182373047e+00 5.879068756103515625e+01 6.354652881622314453e+00 3.098086161255619864e-02 1.862616891293439603e-01 9.820115933004189834e-01
5.432544708251953125e+01 4.434590148925781250e+01 8.597546577453613281e+00 -9.432095441814591572e-03 8.310755590363889944e-02 9.964959456652596748e-01
4.364238739013671875e+01 3.339876556396484375e+01 8.637189865112304688e-01 1.988827369874210660e-01 9.286159551635472797e-02 -9.756138483060545763e-01
1.053956794738769531e+01 -7.476062774658203125e+00 -5.048969984054565430e-01 3.478400849438770814e-01 -5.445503972619294419e-01 -7.631986243096295919e-01
-4.040079116821289062e+00 5.010935211181640625e+01 5.113402843475341797e+00 7.819015547858221282e-02 -1.114510900665780929e-01 9.906891309130259060e-01
-1.209435272216796875e+01 -8.226716995239257812e+00 2.869174957275390625e+00 -2.594845178469560310e-01 -9.364864187727378608e-01 -2.359257774215124115e-01
-8.203315734863281250e+00 2.894676017761230469e+01 -2.348485946655273438e+00 -2.690173220245704877e-02 6.686064020507045957e-02 -9.973995947441904875e-01
1.368766498565673828e+01 3.658571624755859375e+01 4.089716911315917969e+00 -3.044870523793136510e-02 -6.914809683554249721e-03 9.995124120071615659e-01
4.975496673583984375e+01 5.474785232543945312e+01 5.221210956573486328e+00 1.290316888594172928e-01 8.195148456157741457e-02 -9.882483379435758053e-01
5.358470082283020020e-01 -1.302060127258300781e+01 9.570069909095764160e-01 -3.517421894829595441e-01 -6.770779810482743244e-01 -6.464076420629063513e-01
4.273345947265625000e+01 1.885956001281738281e+01 -5.302499979734420776e-02 1.805951552164633822e-01 6.923982162323236156e-02 -9.811173411034607161e-01
3.945510482788085938e+01 7.687355041503906250e+00 -1.002156019210815430e+00 -7.534241189119683657e-02 -1.097469584850973290e-01 -9.910999576600170169e-01
1.314255046844482422e+01 -1.991703414916992188e+01 2.133309990167617798e-01 -1.955024878287523193e-01 -2.120284357802084685e-01 -9.575086003130033330e-01
-1.569090008735656738e+00 6.113399505615234375e+01 1.714586973190307617e+00 1.280668781893555715e-02 2.406664695884934424e-01 -9.705233841401861294e-01
2.282132530212402344e+01 5.164564132690429688e+01 6.108832836151123047e+00 -1.066618933065500568e-01 -2.254427689006293367e-01 9.684001231240522145e-01
1.713249397277832031e+01 -1.738523292541503906e+01 4.953553199768066406e+00 5.441863248655263163e-01 -8.120218945650735654e-01 2.109068196533730455e-01
1.711220741271972656e+01 3.663735198974609375e+01 -2.169358968734741211e+00 4.395407096778884692e-02 1.315376076481321599e-01 -9.903362547233967028e-01
7.950712203979492188e+00 -5.735079765319824219e+00 -6.616019248962402344e+00 1.265260036796248821e-01 -3.641181657111023373e-01 -9.227183382766627195e-01
-1.034827423095703125e+01 4.547337055206298828e+00 5.517971992492675781e+00 2.049042327357503968e-01 6.882344831882239444e-02 9.763593541153173794e-01
3.908878087997436523e+00 4.527321624755859375e+01 4.618569850921630859e+00 -7.650630164234887252e-04 3.436909417422421426e-02 9.994089153315695029e-01
3.046242141723632812e+01 5.294177627563476562e+01 7.034251213073730469e+00 -1.329930064059379469e-01 -1.881233996234239758e-01 9.730994023023730177e-01
-1.569651412963867188e+01 4.150407791137695312e+01 -3.873029947280883789e-01 -1.574032213244423439e-01 1.989124679535952678e-01 -9.672941931022323026e-01
1.474215984344482422e+00 -8.484611511230468750e+00 -5.668891906738281250e+00 -8.900796276884176406e-02 -4.547900613093044386e-01 -8.861397083406316044e-01
2.520114707946777344e+01 2.793708801269531250e+01 -2.359277009963989258e+00 1.462078019039306787e-01 8.297056775241382076e-02 -9.857683112929036540e-01
5.823563003540039062e+01 2.427796173095703125e+01 3.280288934707641602e+00 2.404273652679110862e-01 7.356867991093944681e-02 -9.678751631106627951e-01
1.028799533843994141e+01 4.583648300170898438e+01 -9.502890110015869141e-01 1.078844886056781228e-02 2.070682736209734920e-01 -9.782670082502080700e-01
5.415227890014648438e+00 5.512733459472656250e+01 5.800358772277832031e+00 -1.588431315864824705e-03 -1.469701980349508719e-01 9.891396452349496826e-01
5.858354187011718750e+01 1.601823806762695312e+01 7.607997894287109375e+00 -1.140130856280296562e-01 3.314798127331845812e-02 9.929260937466994896e-01
5.060492706298828125e+01 1.652419471740722656e+01 6.173370838165283203e+00 -1.945683001143146129e-01 -5.545816626055870974e-02 9.793199520001837355e-01
-1.907567214965820312e+01 3.715351486206054688e+01 5.514703750610351562e+00 -6.670911166801530342e-04 -2.101533940558002883e-02 9.997789308137625675e-01
4.109532165527343750e+01 1.048183059692382812e+01 5.022636890411376953e+00 -1.910098307347610491e-01 -1.421622863632357285e-02 9.814851722802732104e-01
1.610297966003417969e+01 1.926137924194335938e+01 4.066873073577880859e+00 -9.022059975258976683e-03 -9.442081762963523911e-04 9.999588546058895133e-01
1.202553462982177734e+01 1.483646392822265625e+01 -2.037641048431396484e+00 -1.309620318408665218e-01 -1.437460737909850850e-01 -9.809108076098400630e-01
-1.958399581909179688e+01 4.627891159057617188e+01 5.629549980163574219e+00 -2.429237038873809096e-02 -1.573211379872416216e-01 9.872486719582334036e-01
2.849351501464843750e+01 3.875564575195312500e+01 -9.715549945831298828e-01 9.217813993008140694e-02 1.187108169642798472e-01 -9.886409522443947440e-01
2.027493667602539062e+01 5.708779144287109375e+01 6.841145992279052734e+00 -6.462272429226581516e-02 -1.033746809989961185e-01 9.925409708588364133e-01
3.123643684387207031e+01 -6.492262840270996094e+00 -1.273864984512329102e+00 1.835003281655055857e-02 -4.794905341671083787e-02 -9.986812126860467043e-01
3.061014175415039062e+01 2.595491790771484375e+01 4.341300010681152344e+00 -1.036814714996711906e-01 -3.483706930195083762e-02 9.940002671378482813e-01
6.274052810668945312e+01 3.111753273010253906e+01 8.644689559936523438e+00 6.438131035116986811e-02 -9.042155063027251458e-03 9.978844052841403522e-01
-3.302607059478759766e+00 -5.288424015045166016e+00 5.620769977569580078e+00 1.000071116745533673e-01 1.530431525338537546e-01 9.831461595698847145e-01
3.620941162109375000e+01 2.757821655273437500e+01 -7.614049911499023438e-01 1.687192668473456447e-01 1.152110813996995442e-01 -9.789076645512619912e-01
-1.714810562133789062e+01 6.816305541992187500e+01 7.004586219787597656e+00 -1.311941958043509882e-01 1.567236229974284245e-01 9.788900801324985634e-01
6.415697097778320312e+00 -1.122104167938232422e+01 -3.881100118160247803e-01 2.921362962919173412e-01 -6.386769854157179349e-01 -7.118624113472574733e-01
5.188748931884765625e+01 3.203017807006835938e+01 2.435224056243896484e+00 2.389781428146609266e-01 5.324126265335656777e-02 -9.695642398562005493e-01
4.302529144287109375e+01 2.147671937942504883e+00 1.145740002393722534e-01 -1.215595273959278744e-01 1.126605572724900667e-01 -9.861698028911302094e-01
-1.339645004272460938e+01 -1.266957998275756836e+00 6.098476886749267578e+00 4.558705069985408143e-02 3.396337684391453893e-02 9.983828473295437433e-01
1.599441623687744141e+01 -7.459952831268310547e+00 5.333845138549804688e+00 -6.323867184136562625e-02 1.961540421110171128e-01 9.785317890325533341e-01
3.552997589111328125e+01 6.090225219726562500e+01 8.447373390197753906e+00 8.265081780772530473e-02 -5.781849836253396407e-02 9.948999264060761627e-01
3.500271081924438477e+00 3.612963867187500000e+01 4.060031890869140625e+00 2.428186636272038762e-02 -1.272460002394464329e-01 9.915739238145615531e-01
5.827446746826171875e+01 1.188455677032470703e+01 2.665312051773071289e+00 2.023919984346432832e-01 1.100299897594241016e-02 -9.792427753030229498e-01
4.754217147827148438e+00 7.528055572509765625e+01 1.030347156524658203e+01 -1.217072295083102967e-01 -5.654848655164501636e-01 8.157292548126821030e-01
-1.699621963500976562e+01 6.175344085693359375e+01 2.179323911666870117e+00 -1.550893629479959193e-02 2.094745501638458629e-01 -9.776910993400002026e-01
-1.093740081787109375e+01 6.413542175292968750e+01 2.543348073959350586e+00 -1.520992372993891679e-02 1.815914429596086066e-01 -9.832564294546853878e-01
-1.652971267700195312e+01 2.020908164978027344e+01 5.563661098480224609e+00 1.314662221103043149e-01 -2.190761011558106847e-04 9.913206264623500852e-01
2.919261360168457031e+01 4.513945007324218750e+01 5.528569221496582031e+00 -1.219727165645139444e-01 -1.441794241331875170e-01 9.820055753764818096e-01
-7.642119884490966797e+00 3.682615280151367188e+01 -1.572165012359619141e+00 -7.304526948261007291e-02 1.001962997456485593e-01 -9.922827672208628380e-01
7.556023120880126953e+00 3.099177169799804688e+01 -3.014940977096557617e+00 4.737087398683059725e-02 1.753588690377566317e-01 -9.833642597468768010e-01
1.320049190521240234e+01 -7.065168857574462891e+00 -5.168068885803222656e+00 8.418067645305525870e-01 -5.203398486061372452e-01 -1.435542167375957190e-01
6.255711746215820312e+01 2.132800102233886719e+01 8.562084197998046875e+00 -1.630757052277947705e-01 -5.341477635022232051e-02 9.851665727337245437e-01
6.838909983634948730e-01 5.174330139160156250e+01 -2.158360034227371216e-01 1.521556676790253131e-02 2.031140268579797459e-01 -9.790368627490321218e-01
-1.643271636962890625e+01 5.776307678222656250e+01 6.199571132659912109e+00 2.325726192746677481e-02 5.148187890431968339e-02 9.984030828839212113e-01
4.527164459228515625e+01 2.368569374084472656e+01 5.684880018234252930e-01 1.384045122622034329e-01 -2.522067514250014506e-02 -9.900545987625218869e-01
-1.064063262939453125e+01 4.193642425537109375e+01 5.023899078369140625e+00 5.308404515606168772e-02 1.812723416160067214e-01 9.819991966976953091e-01
4.083359146118164062e+01 -5.197253227233886719e+00 -1.897010058164596558e-01 1.078856773637451305e-01 -1.120964617287677212e-01 -9.878233971149179560e-01
4.058184814453125000e+01 2.567995262145996094e+01 5.001547813415527344e+00 8.876045241591183632e-02 1.086973554635364825e-01 9.901042707726070979e-01
-1.018091583251953125e+01 -5.539460182189941406e-01 -4.835989952087402344e+00 -2.098851075677529709e-01 -9.777114600374961495e-02 -9.728252898801439397e-01
5.206377410888671875e+01 4.962300491333007812e+01 5.112305164337158203e+00 1.821808995878795162e-02 3.439076284811891371e-02 -9.992424013366215663e-01
-1.197219467163085938e+01 7.506111145019531250e+01 4.764053821563720703e+00 -1.856414115363767270e-01 9.082475454557098482e-01 -3.749982166577063847e-01
2.560379409790039062e+01 2.320720911026000977e+00 -1.849057912826538086e+00 -3.184626112589979824e-02 -1.080354178703229334e-02 -9.994343896110223779e-01
-1.872843551635742188e+01 5.428708267211914062e+01 1.058891057968139648e+00 -1.974710020539277577e-02 1.617826068961938646e-01 -9.866288259215567624e-01
-2.160840988159179688e+01 4.920867919921875000e+01 1.562619924545288086e+00 -9.484447137405339623e-01 -6.619965831464004642e-03 -3.168734779529944201e-01
1.245087051391601562e+01 6.027018356323242188e+01 2.085643053054809570e+00 4.934352718020018624e-02 2.588077285130462313e-01 -9.646677023656043959e-01
8.278951644897460938e+00 4.014715576171875000e+01 -1.907473087310791016e+00 3.042747180064670626e-02 2.291105067458731326e-01 -9.729247374069949217e-01
-1.024345397949218750e+01 5.891256713867187500e+01 6.196114063262939453e+00 2.286904539091412156e-02 -1.969131285831598674e-02 9.995445257520167992e-01
4.913341522216796875e+01 3.447161483764648438e+01 7.143353939056396484e+00 -7.583679890830008485e-02 -9.759767514513713327e-02 9.923323403666769460e-01
-9.925582885742187500e+00 4.834669113159179688e+00 -5.269433975219726562e+00 -2.061763949189873157e-01 -8.035485601402171663e-02 -9.752099216543973492e-01
1.776777029037475586e+00 3.986100769042968750e+01 -1.798470020294189453e+00 -8.491920786965227730e-02 1.279778938323481441e-01 -9.881348019501321467e-01
2.952027320861816406e+01 7.032402801513671875e+01 1.131315422058105469e+01 1.168561012727403203e-01 2.177515302403206648e-02 9.929101139106777385e-01
-1.762115001678466797e+00 7.284082794189453125e+01 4.410800933837890625e+00 1.347804077829940599e-02 6.927988689461661576e-02 -9.975062103509169109e-01
1.263550758361816406e+01 7.489023590087890625e+01 6.162778854370117188e+00 1.968669111796316207e-01 9.419014244165290206e-01 -2.721490877528435770e-01
3.362194061279296875e+00 2.419868946075439453e+00 -9.488572120666503906e+00 4.552499249818940386e-01 3.065805594852085703e-01 -8.359161838065561900e-01
-8.175765991210937500e+00 2.282169151306152344e+01 4.751154899597167969e+00 6.293235365327458364e-02 -2.358122157909155539e-02 9.977391667427398803e-01
5.487164306640625000e+01 5.123641967773437500e+01 1.102209377288818359e+01 -2.669565289505613226e-01 -3.302602762293300187e-01 9.053520649976973811e-01
5.859761810302734375e+01 3.782291793823242188e+01 8.596710205078125000e+00 7.374832915609615125e-02 5.885419026986414212e-03 9.972595177733631910e-01
3.023414421081542969e+01 1.020803928375244141e+01 4.435472011566162109e+00 -6.725608288995527095e-02 9.869734238485260852e-04 9.977352580708773733e-01
-6.994260787963867188e+00 1.300289154052734375e+01 -5.498039245605468750e+00 -5.016232890403894418e-01 4.046562207321246496e-01 -7.646093243710122556e-01
3.725917816162109375e+01 5.775043106079101562e+01 4.301629066467285156e+00 2.296937439573689399e-01 2.254745958293315200e-01 -9.467850815377512053e-01
4.739765167236328125e+01 4.506494903564453125e+01 8.173171043395996094e+00 -1.595760314473080033e-01 -1.155383489302111294e-01 9.804011322484325053e-01
1.110098171234130859e+01 5.092391586303710938e+01 -8.952300250530242920e-02 -2.322814591790218694e-02 2.805927081104465093e-01 -9.595458224558441884e-01
1.400481796264648438e+01 6.267833709716796875e+01 7.564606189727783203e+00 -6.027914341317910235e-02 -2.323916414588808044e-01 9.707525688090763438e-01
-2.676192998886108398e+00 2.800224494934082031e+01 -2.904444932937622070e+00 -2.544563615432670137e-02 -1.264619334273943407e-02 -9.995962151762278758e-01
-2.970687866210937500e+00 2.852151298522949219e+01 4.701590061187744141e+00 8.119371889007388765e-02 -2.926657285206106171e-02 9.962685620485545179e-01
5.492424011230468750e+01 2.541589355468750000e+01 7.412448883056640625e+00 -1.872264809400681074e-01 -3.877338982001617140e-02 9.815512564694028885e-01
5.158415985107421875e+01 6.273251056671142578e+00 1.338750958442687988e+00 1.703171376557143790e-01 2.324675744186492296e-02 -9.851150495699493304e-01
2.671104812622070312e+01 3.449507141113281250e+01 4.522798061370849609e+00 -9.719132173477953995e-02 -1.028209428468577075e-01 9.899402510715127335e-01
1.828573608398437500e+01 2.586601018905639648e+00 -1.349065065383911133e+00 -1.320153733643088523e-01 -2.221802316720591919e-02 -9.909986380626482072e-01
2.565007400512695312e+01 5.564821624755859375e+01 2.018836021423339844e+00 1.133400542421816037e-01 3.389312706306525924e-01 -9.339591136088724044e-01
-4.428311824798583984e+00 7.465301513671875000e+01 9.090171813964843750e+00 -3.219580961547584275e-02 -6.728173703247410931e-01 7.391077161229642201e-01
-8.009632110595703125e+00 7.011672973632812500e+01 4.006103992462158203e+00 4.142083449439259296e-02 1.128106995749303676e-01 -9.927527690876530864e-01
1.356406927108764648e+00 -7.279106140136718750e+00 5.447672843933105469e+00 5.046238323287457334e-02 8.132849175303077938e-02 9.954090738523714288e-01
2.027474594116210938e+01 2.898720550537109375e+01 4.228219985961914062e+00 5.902510982094795466e-02 9.006945293592612256e-02 9.941848570856669509e-01
-2.358911132812500000e+01 7.064672851562500000e+01 2.848057031631469727e+00 -4.435882392555903775e-01 1.601859770965800844e-01 -8.817992553499571784e-01
5.443160247802734375e+01 2.041960906982421875e+01 2.083252906799316406e+00 2.238978641095769884e-01 4.441661458614726277e-02 -9.735999747308312635e-01
1.336814308166503906e+01 7.009260559082031250e+01 4.809679031372070312e+00 7.642406213986191466e-02 1.502876310141644245e-01 -9.856840217281565009e-01
-2.046827316284179688e+01 1.540498924255371094e+01 8.448820114135742188e-01 -9.834227417139603800e-01 2.059187526671599558e-02 -1.801546162405977536e-01
5.768874740600585938e+01 3.073373985290527344e+01 8.395924568176269531e+00 -1.372104590419306325e-01 -9.413067113025389010e-02 9.860591801114527710e-01
4.560733032226562500e+01 2.594315338134765625e+01 5.802037239074707031e+00 -1.309320439852683648e-01 -3.144526825963128713e-02 9.908925244252879683e-01
1.416392135620117188e+01 2.396240425109863281e+01 4.191228866577148438e+00 -1.311348453800734865e-02 -5.723647875550949560e-02 9.982745223749535102e-01
4.220973968505859375e+01 6.239096450805664062e+01 5.649600028991699219e+00 4.492006669612318426e-01 7.027633180296365412e-01 -5.516724387111980876e-01
3.378114318847656250e+01 4.691791534423828125e+01 1.060876011848449707e+00 2.298136398051351115e-01 1.645841166021658197e-01 -9.592172639823577374e-01
5.888523101806640625e+01 4.587542343139648438e+01 9.987543106079101562e+00 5.000674572403750462e-01 -2.893684260429086330e-01 8.162098089453441174e-01
-4.817140102386474609e-01 6.795893096923828125e+01 3.763462066650390625e+00 -2.671745010052514399e-02 2.882847410457659021e-01 -9.571719207855512446e-01
-1.673816299438476562e+01 3.297821426391601562e+01 -9.494240283966064453e-01 -1.915218098482202591e-01 9.606280737092572769e-03 -9.814413460430849723e-01
-1.350145339965820312e+01 3.761516952514648438e+01 5.275424003601074219e+00 1.401259040496002917e-01 -1.024028248325560969e-01 9.848240413802837878e-01
-2.155416011810302734e+00 5.470422363281250000e+01 5.639270782470703125e+00 2.756630261917469415e-03 -1.357994147044429556e-01 9.907325168558513973e-01
2.121197891235351562e+01 -7.426323890686035156e+00 5.299467086791992188e+00 1.423295188088664343e-01 4.200018140650069870e-02 9.889278501677752908e-01
-9.903560280799865723e-01 4.618035507202148438e+01 4.637612819671630859e+00 1.489347499055132355e-02 7.946439487537985957e-02 9.967264390743307834e-01
-1.927817916870117188e+01 7.299039459228515625e+01 8.295388221740722656e+00 2.567991111754678799e-02 -4.875588843789610549e-01 8.727123675233080524e-01
3.622564697265625000e+01 -6.026536941528320312e+00 4.126358985900878906e+00 4.556774805908369030e-01 -8.495973766674992378e-01 2.655980633251884826e-01
-2.095539093017578125e+00 -3.624747991561889648e+00 -8.244762420654296875e+00 -5.232697490834575804e-01 -5.731300952229987367e-01 -6.306430556533639820e-01
1.141549587249755859e+01 8.279459953308105469e+00 -2.360696077346801758e+00 6.000240550129618544e-01 4.714496137674402121e-01 -6.463020927432724383e-01
-1.716864776611328125e+01 2.830159187316894531e+01 4.930022239685058594e+00 2.819817475974313245e-02 3.065636659544813611e-02 9.991321484805623099e-01
-2.042707443237304688e+01 2.017287635803222656e+01 2.215862035751342773e+00 -9.942342969351093407e-01 1.022377379478192350e-01 -3.233585838139866470e-02
2.636602401733398438e+01 6.670404815673828125e+01 4.795050144195556641e+00 3.176046272175938462e-02 8.630870851689270706e-02 -9.957620598525762645e-01
2.869723320007324219e+01 -1.375853061676025391e+00 4.887653827667236328e+00 -9.106266411087017565e-02 1.105605712244536326e-01 9.896888153836808089e-01
5.391424942016601562e+01 3.637213897705078125e+01 3.511565923690795898e+00 1.890208208248160549e-01 1.121650917663346847e-01 -9.755460632301083956e-01
-3.623385906219482422e+00 3.777062988281250000e+01 4.489447116851806641e+00 4.246119651353328500e-02 -8.084863367423514649e-03 9.990654041527857743e-01
-1.031483840942382812e+01 3.248577117919921875e+01 4.623874187469482422e+00 8.619634438996569281e-03 8.008282150328237259e-02 9.967509436174170068e-01
3.622797393798828125e+01 2.438237905502319336e+00 4.737027168273925781e+00 1.924740912186851116e-01 7.083089803623721092e-02 9.787424115123046775e-01
4.588983154296875000e+01 5.466289901733398438e+01 8.285712242126464844e+00 -6.332746085339091557e-02 2.694059764450218095e-02 9.976291078855002992e-01
3.278269958496093750e+01 5.490578079223632812e+01 2.751213073730468750e+00 1.777034205709797643e-01 2.464272144256870190e-01 -9.527303513102592936e-01
3.193434524536132812e+01 1.024761295318603516e+01 -2.290112018585205078e+00 2.907125148998628700e-02 -3.104188377378373775e-02 -9.990952225832034905e-01
5.400588989257812500e+01 5.786077022552490234e+00 6.610930919647216797e+00 2.049582193661838303e-01 -3.846712928412679977e-01 9.000111803628166873e-01
2.971516609191894531e+01 5.924886322021484375e+01 8.131926536560058594e+00 -7.712873369746837959e-02 -2.166055037457040866e-01 9.732076932419383430e-01
7.017118835449218750e+01 2.377426719665527344e+01 6.506637096405029297e+00 9.857765448021751364e-01 7.355521966473534123e-02 1.511100042285673517e-01
4.588747024536132812e+01 1.521901416778564453e+01 4.731369912624359131e-01 1.934251172856043810e-01 2.267221120449924854e-02 -9.808530444680021443e-01
2.323714828491210938e+01 1.074730205535888672e+01 -2.523744106292724609e+00 -4.489920501738003250e-02 -8.860423974021321147e-02 -9.950544457912170460e-01
2.716781616210937500e+01 4.947438430786132812e+01 6.140015125274658203e+00 -1.253729338265577031e-01 -1.743477457646516182e-01 9.766701034691838146e-01
4.475377655029296875e+01 7.115540981292724609e+00 5.467522144317626953e+00 -2.093155425429877453e-02 3.286055192367835082e-02 9.992407388431331361e-01
3.753493499755859375e+01 6.467002105712890625e+01 1.068640136718750000e+01 -2.234358205273009323e-01 -4.940762604476013342e-01 8.402172831877512404e-01
1.284245586395263672e+01 -1.566976833343505859e+01 6.422556877136230469e+00 5.000823764403683480e-02 4.309510284085690118e-02 9.978186149190009235e-01
-6.633599847555160522e-02 4.425384521484375000e+01 -1.123775959014892578e+00 -2.900299125889388777e-02 1.410462326504437758e-01 -9.895780852227646918e-01
2.299311637878417969e+01 3.318032073974609375e+01 -2.136270999908447266e+00 1.076990176448599928e-01 5.309786604303807361e-02 -9.927645935568047975e-01
2.256606101989746094e+01 1.147154426574707031e+01 4.015881061553955078e+00 -5.663745733316970926e-02 -6.335098716255559148e-02 9.963828836608761286e-01
2.522339630126953125e+01 4.228816986083984375e+01 -5.582200288772583008e-01 1.128573673442964526e-01 1.126784992374181282e-01 -9.872014842197703866e-01
6.157904815673828125e+01 2.875498771667480469e+01 4.638402938842773438e+00 2.915036506217266732e-01 8.698131229622592386e-02 -9.526068827094589242e-01
3.523409962654113770e-01 3.528846359252929688e+01 -2.307188034057617188e+00 -1.598768769423526692e-02 5.390734251996862764e-02 -9.984179446827998738e-01
-1.637963485717773438e+01 -6.343992233276367188e+00 1.697200059890747070e+00 -3.558204496972479092e-01 -9.134818885875114480e-01 -1.973389135468261169e-01
-8.234859466552734375e+00 -9.105694770812988281e+00 5.608761787414550781e+00 -3.350609140674743469e-01 -9.209058130384299989e-01 1.991649250653760306e-01
1.925646781921386719e+01 4.735874557495117188e+01 5.010739803314208984e+00 -1.045878994774824405e-01 -2.232878967765627165e-01 9.691253202945361300e-01
-1.999465942382812500e+01 3.252485275268554688e+01 4.744194984436035156e+00 -9.931233770579434017e-01 -3.926625913616162838e-02 1.102910641642274453e-01
2.209063148498535156e+01 7.259699249267578125e+01 6.481510162353515625e+00 2.377181875607668748e-01 9.077338936378618328e-01 -3.457010871314567524e-01
2.036707687377929688e+01 2.496452522277832031e+01 -3.056683063507080078e+00 3.236333518975256784e-02 7.017462421407033753e-03 -9.994515344710616089e-01
-7.664268016815185547e+00 1.135501003265380859e+01 -1.070137023925781250e+00 -3.448519063210703228e-01 2.319888904800866680e-01 -9.095374194614216368e-01
-7.827033996582031250e+00 5.495589828491210938e+01 4.740439951419830322e-01 -6.198121216476974032e-02 1.826740528686054132e-01 -9.812178757784347782e-01
2.105117607116699219e+01 -1.539681339263916016e+01 2.918910980224609375e+00 5.050593812055151899e-01 -7.876124970960790561e-01 3.529611534919684934e-01
5.382572174072265625e+01 1.057740020751953125e+01 1.679327011108398438e+00 1.623045416588105028e-01 -2.590561608355109249e-03 -9.867373129397087883e-01
5.862075424194335938e+01 4.460685348510742188e+01 5.428070068359375000e+00 1.562189671923198131e-01 1.029338588507445057e-01 -9.823442650066522841e-01
1.356112289428710938e+01 1.205896019935607910e+00 4.409342765808105469e+00 4.187333608106367025e-03 1.023337675422332921e-01 9.947413061986852822e-01
3.825642395019531250e+01 1.704120826721191406e+01 -1.217901945114135742e+00 1.277579823959608396e-01 8.025248722695994819e-02 -9.885532035393946870e-01
-1.055978012084960938e+01 1.404214382171630859e+01 5.304899215698242188e+00 4.376077770370233322e-02 6.918675345346128602e-02 9.966434605621696807e-01
1.537777805328369141e+01 1.450269603729248047e+01 4.300171852111816406e+00 -4.103065325730319290e-02 -2.499728391534541266e-02 9.988451437986443082e-01
2.263963937759399414e+00 1.503702068328857422e+01 -5.431989192962646484e+00 1.789903060866956108e-01 8.919740692372121194e-01 4.151442281128333578e-01
-1.500910854339599609e+01 1.568227672576904297e+01 5.406610012054443359e+00 1.250294090087388788e-01 -7.985868556625702608e-02 9.889338892072387921e-01
3.927600479125976562e+01 3.181673240661621094e+01 -9.356999769806861877e-03 1.494437344066566198e-01 2.259880349351336415e-01 -9.625985551166953424e-01
2.102445602416992188e+01 7.052120208740234375e+00 4.581341743469238281e+00 -6.239233439516012752e-02 4.480680632068047980e-02 9.970454085527216126e-01
3.419111251831054688e+01 -2.786699056625366211e+00 -1.285961985588073730e+00 9.106735779032475164e-02 -8.444398205519700051e-02 -9.922580058834247207e-01
4.050060272216796875e+01 4.963110733032226562e+01 2.788001060485839844e+00 1.163957120468504941e-01 2.927976743116289526e-01 -9.490635174395906093e-01
2.526705932617187500e+01 -1.485430812835693359e+01 -5.056260228157043457e-01 3.944956807519128250e-01 -9.061657636499379498e-01 1.524361068015384069e-01
7.852532863616943359e+00 6.100258255004882812e+01 2.032027959823608398e+00 8.047249388826140104e-02 2.164506768938632975e-01 -9.729713676155080648e-01
1.272523021697998047e+01 4.121115493774414062e+01 4.500171184539794922e+00 -2.254589575178243821e-02 -6.515276452446663868e-02 9.976205690840426188e-01
5.109331130981445312e+00 6.870478057861328125e+01 4.276011943817138672e+00 5.322719784371269386e-02 2.193362689214982952e-01 -9.741963182774314722e-01
3.457017898559570312e+00 6.436514282226562500e+01 7.324196815490722656e+00 -4.241965760240790778e-02 -1.874607535383841228e-01 9.813557145763791567e-01
-1.063782119750976562e+01 7.072627067565917969e+00 -5.275800228118896484e-01 -4.871850960525292984e-01 2.514669875858173143e-01 -8.363103708186347962e-01
-3.429043054580688477e+00 1.295674610137939453e+01 -2.279911041259765625e+00 -3.626699893472698499e-01 9.127299392655531252e-01 -1.881343583589955848e-01
-1.539326858520507812e+01 6.596369171142578125e+01 3.210645914077758789e+00 5.113307737590278013e-03 2.191201418979395465e-01 -9.756844866546805495e-01
-1.272763824462890625e+01 4.698339843750000000e+01 -3.838450014591217041e-01 -9.910608168298022658e-02 6.756474090519783149e-02 -9.927804341141398536e-01
3.297852325439453125e+01 6.471903228759765625e+01 8.727384567260742188e+00 -1.101352394352870939e-01 -3.997148191345614721e-01 9.099990617570750118e-01
3.234960174560546875e+01 -1.091088485717773438e+01 -5.802620053291320801e-01 4.913442446738436331e-01 -8.675134974492052509e-01 7.746718640390731769e-02
-6.290821075439453125e+00 6.320710372924804688e+01 6.799081802368164062e+00 3.050429792924546149e-02 -2.129306620078124102e-01 9.765910203277309298e-01
2.483417892456054688e+01 1.728639030456542969e+01 -2.769892930984497070e+00 -4.296745003693561854e-02 -1.167461993800256864e-01 -9.922318898159052658e-01
2.208834838867187500e+01 2.042455863952636719e+01 4.217580795288085938e+00 -4.741121360949889646e-02 -5.094217454769543046e-02 9.975755969731950890e-01
-5.746243000030517578e+00 3.221609115600585938e+01 4.722073078155517578e+00 8.608008872087043531e-03 1.077628387234002422e-01 9.941393628528811810e-01
1.497015953063964844e+01 2.255973100662231445e+00 -5.933708190917968750e+00 9.891370331778459590e-01 1.461557858004361443e-01 1.569763909593063431e-02
2.485827827453613281e+01 6.079195404052734375e+01 8.135282516479492188e+00 -5.670715237270240044e-02 -1.900818607247930503e-01 9.801291675555725558e-01
3.248358535766601562e+01 4.193542480468750000e+01 5.474289894104003906e+00 -1.380007246933589449e-01 -1.397122325533753096e-01 9.805285778900374449e-01
4.740491485595703125e+01 3.371330976486206055e+00 6.733279824256896973e-01 2.601945910037795628e-01 -9.073827502024593705e-02 -9.612831738144208549e-01
2.727439880371093750e+01 4.791599655151367188e+01 5.910800099372863770e-01 7.280917583379092894e-02 1.712038197868187006e-01 -9.825416408503034882e-01
-2.284064865112304688e+01 6.245938873291015625e+01 3.053114891052246094e+00 -8.656423946333342556e-01 -5.890561280973766883e-02 -4.971854517109043914e-01
-1.614117050170898438e+01 3.137218952178955078e+00 7.168199867010116577e-02 5.189686167343405404e-02 -2.517104291186761378e-02 -9.983351813630416682e-01
-1.106175231933593750e+01 3.242479324340820312e+01 -1.689314007759094238e+00 -1.425634385528733450e-01 6.747588098672009649e-02 -9.874829980678386798e-01
7.212604999542236328e+00 7.575776672363281250e+01 6.498975753784179688e+00 4.605896593829935520e-02 9.876525738285684142e-01 -1.497363184618170084e-01
4.994555664062500000e+01 1.206793785095214844e+01 5.966028213500976562e+00 -2.199001308200328186e-01 -3.829579607348133907e-02 9.747704162870510780e-01
2.351472282409667969e+01 6.651779937744140625e+01 8.339874267578125000e+00 1.323975658168670758e-02 1.147712325990719734e-01 9.933037163996454311e-01
2.593358802795410156e+01 -3.500049114227294922e+00 -1.493066072463989258e+00 -2.162598918862809749e-02 -6.654857558014137808e-02 -9.975487976434374016e-01
-3.552286148071289062e+00 6.276795864105224609e+00 4.432765007019042969e+00 9.724740419783420298e-02 -6.810310315723429146e-03 9.952369376435877824e-01
-2.030851745605468750e+01 3.010286092758178711e+00 4.824465751647949219e+00 -9.900545697310396687e-01 3.847342859694468514e-02 1.353208936073123925e-01
6.732910156250000000e+01 2.758600044250488281e+01 9.042702674865722656e+00 1.955708036065903210e-01 -1.845502436385664247e-01 9.631683489139467591e-01
2.004922866821289062e+01 1.951715850830078125e+01 -2.989029884338378906e+00 -5.240711396637398600e-02 -9.954449092315982572e-02 -9.936520461069682231e-01
-1.644276428222656250e+01 1.195456790924072266e+01 -7.652599811553955078e-01 -5.770951777541534489e-02 -2.567987312350772725e-02 -9.980030840004902037e-01
5.127918243408203125e+00 2.555587005615234375e+01 -2.878829002380371094e+00 3.804680748198131226e-04 -1.724385768880581649e-01 -9.850201990034850308e-01
2.880728006362915039e+00 3.169837379455566406e+01 4.575499057769775391e+00 3.627163525165905816e-02 7.690363564118064821e-02 9.963785421722705093e-01
1.748181724548339844e+01 6.614398956298828125e+01 4.341632843017578125e+00 7.204000611559531475e-02 2.288378809521718349e-01 -9.707952728357224226e-01
4.906457519531250000e+01 5.803839874267578125e+01 1.119205379486083984e+01 -1.323888906974016351e-02 -8.774057441300801841e-02 9.960553817021795542e-01
1.130598258972167969e+01 2.322636127471923828e+00 -8.468634605407714844e+00 2.161439051092249319e-01 -5.615153385629037715e-03 -9.763453704179634318e-01
6.144770812988281250e+01 1.489205169677734375e+01 3.509377002716064453e+00 3.309845075860567420e-01 8.003351918419795985e-02 -9.402360828775974122e-01
-2.021459960937500000e+01 4.121871566772460938e+01 4.019744873046875000e+00 -9.041320165645158058e-01 2.074239709426526912e-01 3.735245546163780128e-01
1.526514244079589844e+01 2.987966728210449219e+01 -2.898077964782714844e+00 8.030843603491466531e-02 1.455725733458711202e-01 -9.860827455092634475e-01
3.020300292968750000e+01 3.419483900070190430e+00 -1.897722959518432617e+00 -5.507369148986127755e-02 -4.628564719885475132e-02 -9.974089068025523419e-01
6.524273681640625000e+01 2.073510742187500000e+01 5.036077022552490234e+00 2.339520857037884483e-01 6.148626210495698741e-02 -9.703019432976561776e-01
1.791211509704589844e+01 4.095241165161132812e+01 -1.469990968704223633e+00 1.133125969825611173e-01 2.099304990544838267e-01 -9.711279220225330633e-01
-5.561388015747070312e+00 4.422111892700195312e+01 -8.606150150299072266e-01 8.439038511459478337e-03 -1.697572558728056499e-02 -9.998202875366091202e-01
4.088396453857421875e+01 3.012760162353515625e+01 5.266736984252929688e+00 -2.022565153084282252e-01 -9.452926666331364081e-02 9.747597241163524773e-01
6.452798843383789062e+00 5.087384033203125000e+01 5.052571773529052734e+00 7.960495557570348990e-03 -2.267217865607263350e-01 9.739270311523294810e-01
-9.126220703125000000e+00 4.218899831175804138e-02 5.627386093139648438e+00 2.009180807300222082e-01 1.338720060927425792e-01 9.704175445757713403e-01
3.042096328735351562e+01 6.367737197875976562e+01 4.641291141510009766e+00 5.151824842886155997e-02 1.379735593505037883e-01 -9.890951253539645993e-01
-2.061918258666992188e+01 5.621310424804687500e+01 6.137691020965576172e+00 -1.122700103738586280e-01 1.352154879917563390e-01 9.844349732601970215e-01
-1.891116976737976074e+00 2.113136863708496094e+01 -2.206721067428588867e+00 -1.754154262604176451e-01 -2.435049984749198260e-01 -9.539049973386266590e-01
2.342107772827148438e+01 2.554998207092285156e+01 4.287292957305908203e+00 7.231592852178332642e-02 7.068731682738366162e-02 9.948737154643182423e-01
-1.572261047363281250e+01 2.465022659301757812e+01 -1.615783929824829102e+00 -1.332077951981846531e-01 -2.670060339041454428e-02 -9.907283992482632806e-01
1.314564895629882812e+01 4.946449661254882812e+01 5.039687156677246094e+00 -7.806307267360550195e-02 -2.741013913276965086e-01 9.585272995366257431e-01
6.377989578247070312e+01 3.906355667114257812e+01 6.042239189147949219e+00 5.066729905877379592e-01 2.821607002851836965e-01 -8.146580999557131442e-01
5.167422485351562500e+01 4.023398971557617188e+01 3.556264877319335938e+00 2.433184928760515064e-01 1.642663140047031789e-01 -9.559355046800149802e-01
2.117306137084960938e+01 5.951367568969726562e+01 2.492861032485961914e+00 2.725394834256626431e-01 2.766113915630310505e-01 -9.215250230089448991e-01
3.632101440429687500e+01 1.064525985717773438e+01 -1.792741060256958008e+00 1.223284182139351139e-01 1.195934698343210090e-01 -9.852579155075406048e-01
3.437849807739257812e+01 3.447311782836914062e+01 4.657859802246093750e+00 2.442466781898406866e-02 6.732087760297814083e-02 9.974323711614222487e-01
-1.421168899536132812e+01 -1.961649954319000244e-01 -3.177138090133666992e+00 -9.880963880878187444e-01 -7.057979254365473465e-02 -1.366895048359651754e-01
3.813853073120117188e+01 4.511922454833984375e+01 6.833659172058105469e+00 -3.164333341759666129e-02 -8.376252749201840153e-02 9.959832018856400460e-01
3.081644630432128906e+01 2.160095596313476562e+01 4.001049995422363281e+00 -1.615047751084948968e-01 -1.073213169436642994e-01 9.810190327137553457e-01
4.101144409179687500e+01 5.409448623657226562e+01 8.330783843994140625e+00 -5.096535428791606342e-02 -2.964137515424635980e-02 9.982604477496204165e-01
1.641768836975097656e+01 1.483693027496337891e+01 -2.368457078933715820e+00 -7.374724472798999120e-02 -1.077695752096875098e-01 -9.914368676593349194e-01
-8.434276580810546875e+00 4.964705276489257812e+01 5.180529117584228516e+00 4.183509998202669666e-02 -1.538839205108680219e-01 9.872028988094082580e-01
4.487629318237304688e+01 3.751605224609375000e+01 1.560673952102661133e+00 2.420137741084170957e-01 7.441412141011781445e-02 -9.674150462322571586e-01
-8.180541992187500000e+00 2.026950263977050781e+01 -1.683238029479980469e+00 1.249324959694089604e-01 -1.668651570943278373e-01 -9.780326634620845061e-01
4.423532104492187500e+01 4.806764221191406250e+01 8.171526908874511719e+00 -1.582858990573486335e-01 -1.551858317808779419e-01 9.751220086604978077e-01
3.339246368408203125e+01 2.319184112548828125e+01 -1.496186017990112305e+00 5.359890394299678118e-02 1.108704971009227998e-02 -9.985009939027779113e-01
1.052796936035156250e+01 6.974399566650390625e+01 8.072162628173828125e+00 -3.612702413979380217e-02 1.185981158707483107e-01 9.922849011441781109e-01
-1.323889160156250000e+01 5.286918258666992188e+01 3.408449888229370117e-01 -2.321428211575616088e-02 7.600366880491236932e-02 -9.968372682810586749e-01
4.129484176635742188e+00 -1.477926731109619141e+01 2.624442100524902344e+00 -5.505922445344938465e-01 -7.767373330526661235e-01 3.058223270147221173e-01
1.226963806152343750e+01 2.250287055969238281e+01 -2.856418132781982422e+00 -4.104978557483357493e-02 -1.278406702878437107e-01 -9.909448411110554078e-01
5.774882888793945312e+01 8.303780555725097656e+00 6.320139884948730469e+00 5.983081555459457412e-01 -7.887554656653242846e-01 1.410395915701897485e-01
-5.137121200561523438e+00 1.964603233337402344e+01 4.689085960388183594e+00 3.483129719216985186e-03 1.222477024604702311e-01 9.924935098278957479e-01
4.660163116455078125e+01 1.817145156860351562e+01 5.504017829895019531e+00 -1.749996213143994728e-01 -5.877495784847354410e-02 9.828126153391230080e-01
3.414121246337890625e+01 1.527729034423828125e+00 -1.561756014823913574e+00 1.357776463662855593e-01 -1.143577787068221635e-01 -9.841172334617829254e-01
2.385641098022460938e+00 4.781591796875000000e+01 -7.918140292167663574e-01 -1.092110358846027848e-02 1.110803359384058969e-01 -9.937514218677732103e-01
2.570704841613769531e+01 7.235018157958984375e+01 1.100224208831787109e+01 2.244105908814141292e-01 7.654642843778798333e-01 6.030790296819439344e-01
-5.336788177490234375e+00 -1.105337238311767578e+01 -4.566769897937774658e-01 -4.174572851642000537e-01 -6.997211643215770493e-01 5.797583179772344275e-01
2.787176513671875000e+01 2.352298927307128906e+01 -2.316051006317138672e+00 9.679945381584977027e-02 5.529316844993797941e-02 -9.937668394868687249e-01
-9.213275909423828125e+00 7.282124328613281250e+01 7.242987155914306641e+00 2.581088370459107620e-02 -4.489923185662816896e-01 8.931627489718000357e-01
-1.593138122558593750e+01 4.864144515991210938e+01 5.479487895965576172e+00 8.323641060358902277e-02 -1.474759432627523181e-01 9.855569725330911579e-01
-4.929819107055664062e+00 5.182846450805664062e+01 -1.623570024967193604e-01 -2.401707284161513564e-02 2.040591913600506846e-01 -9.786638987076220486e-01
-1.511170578002929688e+01 7.201774597167968750e+01 6.850130081176757812e+00 9.542789597270495694e-02 -5.477601757816352723e-01 8.311752561872222111e-01
1.229563045501708984e+01 -3.999850034713745117e+00 -2.287661075592041016e+00 8.980756064040947839e-01 -2.682318000575510952e-01 3.485855800514466307e-01
2.117699050903320312e+01 6.372366714477539062e+01 3.892137050628662109e+00 3.650222244434743468e-02 2.334477039182340785e-01 -9.716839801560628320e-01
4.568583679199218750e+01 6.108285522460937500e+01 1.125881004333496094e+01 1.900818442791437080e-01 2.846094203340319151e-01 9.396096904207437150e-01
1.955051040649414062e+01 6.971002197265625000e+01 8.373009681701660156e+00 1.851536446986203760e-02 -2.701853999248961524e-01 9.626302670007690354e-01
5.650309085845947266e+00 -9.412479400634765625e+00 -5.631165027618408203e+00 -4.329520551052477156e-02 -1.864630913718674232e-01 -9.815075347320814103e-01
5.391971588134765625e+01 5.294174194335937500e+01 7.062094211578369141e+00 6.967483267020689874e-01 6.954310705033103224e-01 -1.758334308841374150e-01
-1.295226669311523438e+01 2.915884780883789062e+01 5.074852943420410156e+00 -6.976134339321793387e-02 9.931698062376499714e-02 9.926074210521258490e-01
2.827285003662109375e+01 5.887148284912109375e+01 3.177639961242675781e+00 1.804783153502181881e-01 3.539514648398964236e-01 -9.176850975285797407e-01
2.759555435180664062e+01 1.818835639953613281e+01 4.292189121246337891e+00 -1.008464783701655369e-02 -1.308283678994222841e-02 9.998635603218725132e-01
2.890050113201141357e-01 7.369830322265625000e+01 8.077578544616699219e+00 -1.323487111609908395e-01 -5.899492809125056469e-01 7.965197201606762922e-01
3.219838714599609375e+01 3.666159439086914062e+01 -4.861969947814941406e-01 1.195719520045443601e-01 1.160193929515212219e-01 -9.860233510181102279e-01
2.026499748229980469e+01 1.272562980651855469e+00 4.740303993225097656e+00 -4.928188003045565202e-02 5.156108045222156100e-02 9.974531323742801270e-01
5.116271972656250000e+01 4.719237518310546875e+01 8.493151664733886719e+00 2.695277001654149823e-02 -3.080839349772035440e-02 9.991618442867626904e-01
8.987543106079101562e+00 1.500248432159423828e+01 4.122450828552246094e+00 -8.308708189450881784e-03 -5.254232963620827923e-02 9.985841321414148375e-01
3.765476226806640625e+01 3.821568965911865234e+00 -8.795620203018188477e-01 3.533870630544755920e-01 1.085994542444508881e-01 -9.291521631054513453e-01
5.501632308959960938e+01 4.015406036376953125e+01 8.655495643615722656e+00 -1.816282010741562467e-02 -4.533394245540332823e-02 9.988067609038275840e-01
4.667491531372070312e+01 4.092941284179687500e+01 7.330501079559326172e+00 -3.851842478502347233e-02 -2.974677156101498271e-02 9.988150281877907766e-01
-2.100235366821289062e+01 6.967040252685546875e+01 6.072238922119140625e+00 -1.334317078660888223e-01 -1.366598318211384999e-01 9.815905815066467976e-01
-2.044918823242187500e+01 1.226297855377197266e+01 3.727627992630004883e+00 -9.990666537097470101e-01 -2.341260251871387851e-03 4.313165827604351771e-02
4.375727081298828125e+01 5.833689117431640625e+01 4.898550987243652344e+00 1.075006713442138995e-01 8.380226718389190144e-02 -9.906668388895345512e-01
3.437599182128906250e+01 1.874504089355468750e+01 -1.683273077011108398e+00 1.513904546398845974e-01 1.095802335023812329e-01 -9.823813427938727916e-01
4.910645008087158203e+00 1.843831443786621094e+01 -1.984531998634338379e+00 -1.022527913302640964e-02 -7.211831473855352670e-02 -9.973436681234422174e-01
5.626649856567382812e+00 7.188556671142578125e+01 7.825068950653076172e+00 -5.589930972299814171e-02 2.484649171528100289e-02 9.981272058319694551e-01
7.760810852050781250e+00 4.352894210815429688e+01 4.572063922882080078e+00 2.345049967448278871e-02 -1.757820336988013404e-02 9.995704481582597944e-01
4.780902099609375000e+01 3.269034957885742188e+01 1.604026079177856445e+00 2.394859428060442108e-01 1.762932767260829980e-01 -9.547602650820157244e-01
5.848159027099609375e+01 2.233622932434082031e+01 7.646532058715820312e+00 7.892876871486764756e-02 -2.296053388537955004e-03 9.968776141573206795e-01
4.110594558715820312e+01 2.357471847534179688e+01 -4.276899993419647217e-02 2.237653244366279159e-01 7.088920116940465588e-02 -9.720616239402388725e-01
1.569462299346923828e+01 4.461681365966796875e+01 -1.044018983840942383e+00 7.230600828060092244e-02 1.086298654810160524e-01 -9.914491381266625769e-01
1.954830169677734375e+01 -4.924805164337158203e+00 -9.277290105819702148e-01 -2.069440563818471593e-02 -3.041144983090488668e-02 -9.993232136273352273e-01
1.065776252746582031e+01 -1.164618206024169922e+01 -4.216099902987480164e-02 -7.332667000746119490e-03 -1.090990854748487698e-01 -9.940038337668561930e-01
1.141002273559570312e+01 3.738373184204101562e+01 -2.224807977676391602e+00 3.765567233666580055e-02 1.373803599156253052e-01 -9.898023474665671451e-01
2.762580108642578125e+01 4.051652908325195312e+00 4.427423954010009766e+00 -2.398877602688020277e-02 2.400089970655033475e-02 9.994240818781625624e-01
3.132379341125488281e+01 3.088857841491699219e+01 -1.280915021896362305e+00 6.490275611330937472e-03 -7.755520943039539983e-02 -9.969669331591175521e-01
1.924815940856933594e+01 5.142995071411132812e+01 4.713580012321472168e-01 6.360627425726685102e-02 3.254164455611128215e-01 -9.434290534181574150e-01
-6.057490110397338867e-01 -1.142833328247070312e+01 5.900303840637207031e+00 -1.273934537666017441e-02 -1.236608479308631131e-01 9.922427645331529655e-01
4.923678588867187500e+01 3.372576951980590820e+00 5.908377170562744141e+00 -2.577707124142702422e-01 3.569221669090878735e-02 9.655466459416287561e-01
1.039117813110351562e+01 -7.054821014404296875e+00 5.278883934020996094e+00 1.293025514034759453e-02 9.785975275531640094e-02 9.951162129584031346e-01
7.286165237426757812e+00 -9.965028762817382812e+00 5.563301086425781250e+00 1.812032637780725680e-02 8.139545704355118094e-02 9.965171515556734416e-01
1.639666748046875000e+01 6.394306182861328125e+00 -1.692951917648315430e+00 -1.320161797518056290e-01 6.185318781867421047e-03 -9.912282633759519346e-01
2.655025005340576172e+00 6.070838165283203125e+01 1.681514978408813477e+00 4.435876941183741068e-02 2.668067883816556130e-01 -9.627286415443002676e-01
4.660151290893554688e+01 5.204010009765625000e+01 4.677256107330322266e+00 2.043929325951211462e-01 1.344916699268777771e-01 -9.696058579780993947e-01
3.674400329589843750e+01 6.614452838897705078e+00 4.446372985839843750e+00 -1.385529740415399891e-01 4.984324033704439633e-02 9.890999569188889673e-01
4.148284149169921875e+01 7.749239802360534668e-01 5.327159881591796875e+00 -1.611470608794599579e-01 3.601338946371775152e-02 9.862731166108331671e-01
6.254066467285156250e+01 1.708296585083007812e+01 8.364764213562011719e+00 -2.323938469768429549e-01 -4.665258127191202614e-02 9.715022576134196841e-01
5.777439498901367188e+01 1.716094207763671875e+01 2.765177011489868164e+00 2.213893562706549245e-01 3.845489163095577173e-02 -9.744269979016982886e-01
6.222279357910156250e+01 2.351346015930175781e+01 4.338757038116455078e+00 3.160126313618932259e-01 8.068699979837731795e-02 -9.453177375270542804e-01
2.851139831542968750e+01 4.097304916381835938e+01 4.719582080841064453e+00 -1.810312842339334150e-01 -2.214484225465100653e-01 9.582214098423573745e-01
5.744987487792968750e+01 3.429404830932617188e+01 4.181693077087402344e+00 2.735507493676276880e-01 1.352909414244842790e-01 -9.522953054010536711e-01
2.190761184692382812e+01 4.236501693725585938e+01 4.611435890197753906e+00 6.332625471584155119e-02 4.605359062563207234e-02 9.969297127953158366e-01
1.689922332763671875e+01 5.790509796142578125e+01 1.766196966171264648e+00 1.217166929535420244e-01 2.275260653234092711e-01 -9.661350507330229709e-01
-1.684964752197265625e+01 4.534215927124023438e+01 6.867910027503967285e-01 -3.228191650206480023e-01 1.430623058133938807e-01 -9.355858930909158877e-01
3.996795654296875000e+01 3.788035202026367188e+01 6.069313049316406250e+00 -2.236420659425793767e-01 -8.960917061793592653e-02 9.705433647612560222e-01
4.262619018554687500e+01 4.512788772583007812e+01 2.252217054367065430e+00 2.491710898137770025e-01 1.847328716598620746e-01 -9.506774080250964820e-01
9.082152366638183594e+00 1.177300453186035156e+01 -1.903044939041137695e+00 1.067385860238553308e-01 1.482403518648353624e-01 -9.831742838035470999e-01
5.454810333251953125e+01 1.548051166534423828e+01 6.877171039581298828e+00 -1.872765796237526315e-01 -3.983724841219862117e-02 9.814990964658973915e-01
3.886368179321289062e+01 5.396280670166015625e+01 3.660565853118896484e+00 1.931810568487519753e-01 3.192280655410230095e-01 -9.277793495469359719e-01
-2.520581960678100586e+00 -7.444034099578857422e+00 -5.540111064910888672e+00 -2.752829080662062555e-01 -5.132815830415095038e-01 -8.128722759677652343e-01
-2.064554977416992188e+01 7.021438121795654297e+00 1.839951992034912109e+00 -9.933314078212627241e-01 5.108695785811464413e-02 1.033578104094294292e-01
4.523335933685302734e+00 4.094791412353515625e+01 4.392418861389160156e+00 -2.242249711345547028e-02 -1.368771841443119919e-01 9.903342203942673283e-01
9.887633323669433594e+00 -1.905224418640136719e+01 2.866708040237426758e+00 -5.621213928948917138e-01 -8.269844721421532041e-01 1.078065330445624088e-02
3.343096923828125000e+01 5.739001083374023438e+01 8.138334274291992188e+00 -7.505468757106102673e-02 -1.663634492258665165e-01 9.832039445787853493e-01
1.425127983093261719e+01 8.388531684875488281e+00 4.042072772979736328e+00 8.304420493011737195e-03 -1.314719098566931657e-02 9.998790866747148121e-01
3.491475296020507812e+01 1.464173126220703125e+01 4.151924133300781250e+00 -2.091870517887429171e-01 -2.720395414815247534e-02 9.774971724985392907e-01
3.958526229858398438e+01 2.059114837646484375e+01 5.121503829956054688e+00 -5.983761425411170121e-02 -3.737478354912558004e-02 9.975081881744289891e-01
4.298839867115020752e-01 2.120491027832031250e+01 4.490274906158447266e+00 -1.126610747512912965e-02 1.199580962245915677e-01 9.927150295893230059e-01
1.751944732666015625e+01 6.057655334472656250e+01 7.206851959228515625e+00 -1.182606640408189469e-01 -4.276674276871329505e-01 8.961668296897042918e-01
6.555968475341796875e+01 3.446112442016601562e+01 5.810485839843750000e+00 3.566739976231381726e-01 1.218485931107360504e-01 -9.262486597973915714e-01
3.693522644042968750e+01 3.663555908203125000e+01 7.478100061416625977e-02 5.677458959820171763e-02 1.433947837703664629e-01 -9.880357189714376043e-01
6.770081043243408203e+00 1.364251613616943359e+01 -5.795156002044677734e+00 4.235214061699975607e-01 8.422032403749774021e-01 3.336514954524794074e-01
4.263068771362304688e+01 1.728378295898437500e+01 5.250877857208251953e+00 -2.506468429276079504e-02 -1.708206040063125347e-02 9.995398765500920213e-01
-1.372800064086914062e+01 6.997558116912841797e+00 5.792181968688964844e+00 7.454056722839369487e-02 3.227033258691239942e-02 9.966957055551104450e-01
5.598599910736083984e-01 2.547099685668945312e+01 -2.778989076614379883e+00 -1.067758627742763367e-01 -1.419455649355266247e-01 -9.840987611637070920e-01
-1.032798004150390625e+01 -6.711649894714355469e+00 -4.611630141735076904e-01 -3.008504787267854419e-01 -4.645122583022374130e-01 8.328969632174315629e-01
1.648287963867187500e+01 2.726809692382812500e+01 4.448373794555664062e+00 1.591472927922186337e-02 -1.441322880378023523e-02 9.997694635401798147e-01
-1.959133911132812500e+01 4.023629379272460938e+01 1.970000099390745163e-03 -1.356268539553062702e-01 -6.774735207602737563e-02 -9.884410213932204314e-01
-1.338505935668945312e+01 5.355843067169189453e+00 -3.240711927413940430e+00 -8.692904355356659840e-01 3.797045809678194495e-01 3.164783876953761177e-01
-1.990359115600585938e+01 -4.882357120513916016e+00 5.121013164520263672e+00 -7.842785008386066181e-02 -9.945788969097946186e-01 6.827803565510390249e-02
5.005879974365234375e+01 1.569831562042236328e+01 1.133025050163269043e+00 1.500219332216997103e-01 3.369873065693165110e-02 -9.881082000998349102e-01
5.452140808105468750e+01 4.642540359497070312e+01 5.128322124481201172e+00 8.495989152991925697e-02 5.555756066093919116e-02 -9.948342446280337148e-01
3.042720794677734375e+01 1.591344451904296875e+01 -2.462874889373779297e+00 5.422136993860342952e-02 -5.577874937908790243e-02 -9.969697960117377411e-01
-2.854439020156860352e+00 -1.343569040298461914e+00 4.929482936859130859e+00 1.203169135712643945e-01 1.107206311281947186e-01 9.865418299044693695e-01
5.997312927246093750e+01 3.403880310058593750e+01 8.680426597595214844e+00 -4.355494943105399017e-03 6.322708252612786739e-02 9.979896621203221407e-01
4.506400299072265625e+01 1.130585861206054688e+01 4.535000026226043701e-02 2.204347894186095835e-01 3.691177626801847578e-02 -9.747030442071641376e-01
-2.103081893920898438e+01 -2.916089892387390137e-01 2.597439050674438477e+00 -9.283277935042127949e-01 4.695116973932510207e-02 3.687859751505047634e-01
-1.261703872680664062e+01 1.074497699737548828e+01 -6.385189890861511230e-01 -6.771685517768137597e-02 3.588082567751050417e-02 -9.970591727041805408e-01
1.059542465209960938e+01 2.972866249084472656e+01 4.477388858795166016e+00 -1.212018251051248489e-02 -2.324242367172809839e-02 9.996563864237428820e-01
1.160683727264404297e+01 6.588134002685546875e+01 8.004795074462890625e+00 -6.226161766507929546e-02 -1.483620058463759328e-01 9.869712286520652134e-01
1.517065715789794922e+01 -1.242432689666748047e+01 6.054519176483154297e+00 -2.111995129849846692e-02 1.019303910729114360e-01 9.945673144804590970e-01
1.731327056884765625e+01 -1.163283348083496094e+01 -6.412730216979980469e-01 -3.403021875404149688e-02 -9.679817157482245582e-02 -9.947221009866640262e-01
5.821897983551025391e+00 1.744566917419433594e+01 4.292904853820800781e+00 -2.220445046056075331e-02 -7.846996102202222212e-02 9.966691665728135696e-01
2.879505729675292969e+01 -1.045444774627685547e+01 2.880481958389282227e+00 4.763368792144078157e-01 -8.120752732392846340e-01 3.371007684559910733e-01
1.477085685729980469e+01 7.129684448242187500e+01 8.340438842773437500e+00 -1.213843030725173938e-01 -4.104225836371063751e-01 9.037804787713893395e-01
8.122924804687500000e+00 6.603910064697265625e+01 3.631855010986328125e+00 7.693079760700807790e-02 3.021163907329047493e-01 -9.501617435100575548e-01
-1.204741287231445312e+01 6.042738342285156250e+01 1.587925910949707031e+00 -6.027550425798997025e-02 1.825189260719794482e-01 -9.813529972502128551e-01
1.069483947753906250e+01 5.706572341918945312e+01 6.412979125976562500e+00 -4.695051125762586541e-02 -1.717599363610083918e-01 9.840193970414963243e-01
4.483376979827880859e+00 6.059485244750976562e+01 6.562433242797851562e+00 -3.719782505848582416e-02 -2.880812085401264488e-02 9.988925938176631547e-01
7.746461868286132812e+00 1.063689517974853516e+01 4.119200229644775391e+00 5.020943898939453191e-03 -7.535828434625005401e-02 9.971438808430573841e-01
6.385812759399414062e+01 2.512052154541015625e+01 8.778871536254882812e+00 -1.839018778548506469e-02 -5.479283514634642610e-02 9.983283759414234293e-01
-1.348828887939453125e+01 6.653572082519531250e+01 7.166413784027099609e+00 -6.700961937170481220e-02 -8.323975681629741663e-02 9.942740335525327433e-01
-6.367153167724609375e+00 -8.858303070068359375e+00 -4.364821910858154297e+00 -5.766028999090243995e-02 -2.000462928667513240e-01 -9.780883250854367494e-01
3.399268722534179688e+01 5.089504241943359375e+01 7.057553768157958984e+00 -8.026340967880973842e-02 -8.364641802490418998e-02 9.932578022942152307e-01
-1.346898651123046875e+01 1.864265251159667969e+01 -1.535985946655273438e+00 1.791216139053715753e-02 -8.950537500899516385e-02 -9.958252569195151782e-01
-2.252093505859375000e+01 6.479917907714843750e+01 6.234384059906005859e+00 -1.434530175353631865e-01 3.871306014830614983e-01 9.107969747179455178e-01
-4.042910099029541016e+00 1.194571590423583984e+01 4.566730976104736328e+00 7.937586746226270307e-02 1.776969272876841380e-02 9.966863647531949422e-01
-6.463076114654541016e+00 4.052062606811523438e+01 4.825070858001708984e+00 7.387343317073889748e-02 -1.217028248006809116e-01 9.898136886844427496e-01
6.255921936035156250e+01 3.880958557128906250e+01 9.787810325622558594e+00 -5.251101461448536289e-01 3.207271247731759423e-01 7.882851297915380862e-01
1.132609748840332031e+01 2.953805160522460938e+01 -3.208719968795776367e+00 3.920607820349560763e-02 2.020543985353225047e-01 -9.785892414411831997e-01
-2.088954925537109375e+00 7.631984710693359375e+01 6.241659164428710938e+00 5.730078860349353126e-02 9.943844975046894907e-01 -8.897241565656140161e-02
4.971260833740234375e+01 5.379347991943359375e+01 9.084261894226074219e+00 -4.515437568016089642e-01 -5.381950836650153391e-01 7.116560177587879510e-01
6.652446746826171875e+00 2.850995063781738281e+01 4.444972038269042969e+00 6.328748703188146960e-03 -1.139602785152864228e-01 9.934651487901174916e-01
5.840214920043945312e+01 4.215314865112304688e+01 8.672712326049804688e+00 -1.244050429337391350e-01 -7.478549287319161132e-02 9.894091748858853119e-01
9.897031784057617188e+00 3.555336761474609375e+01 3.997715950012207031e+00 -1.949981825166966290e-02 -5.679446275436948049e-02 9.981954448346248565e-01
5.269510149955749512e-01 6.433281707763671875e+01 2.640190124511718750e+00 -9.745634328992688541e-04 2.839180135854486586e-01 -9.588480650175023046e-01
3.429140090942382812e+01 6.302847290039062500e+01 4.638018131256103516e+00 2.215303536650167077e-02 8.487136209471964066e-02 -9.961456193349632615e-01
-8.161464691162109375e+00 -9.227561950683593750e+00 1.659261941909790039e+00 -2.656390071558393795e-01 -9.538704284157933921e-01 1.398825352613061734e-01
2.749516487121582031e+01 6.779753112792968750e+01 8.956915855407714844e+00 -2.672791361024273726e-01 -5.433795365331255400e-01 7.958018237484667523e-01
-1.228358078002929688e+01 -6.393496036529541016e+00 6.328296184539794922e+00 3.513158913845792347e-02 -6.883788666797699581e-03 9.993589870002658193e-01
4.912564849853515625e+01 2.359348869323730469e+01 1.268836021423339844e+00 1.435062174904462029e-01 5.557183341205144261e-02 -9.880879196067564596e-01
-1.104645919799804688e+01 2.626438331604003906e+01 -2.072877883911132812e+00 -5.480023909807853894e-02 -8.139721631195095952e-02 -9.951740686791727963e-01
6.030161285400390625e+01 4.082260894775390625e+01 5.322772026062011719e+00 1.866269562661647397e-01 1.300367318565131824e-01 -9.737868491425134554e-01
1.963304519653320312e+01 9.292690277099609375e+00 -2.073686122894287109e+00 -8.317386648546114258e-02 -2.154717515641955405e-01 -9.729614751940162121e-01
4.262810516357421875e+01 3.404038238525390625e+01 5.908424854278564453e+00 -1.949460102316047660e-01 -8.797710182605955609e-02 9.768603189039188894e-01
3.702223062515258789e+00 7.270372867584228516e+00 -7.805930137634277344e+00 8.173955391448806118e-02 1.938095881166088108e-01 -9.776279910476841639e-01
-8.501720428466796875e+00 4.680103302001953125e+01 -6.722040176391601562e-01 -1.294481180681668064e-01 5.174819892982844560e-02 -9.902349764758507922e-01
3.302622079849243164e+00 1.420801997184753418e+00 4.673336982727050781e+00 -4.449665096045578999e-02 2.137746139758460798e-02 9.987807828535238963e-01
3.082071876525878906e+01 -4.615157127380371094e+00 5.329555988311767578e+00 9.351381658441907524e-03 1.215504961463147460e-01 9.925411974057615216e-01
2.240719944238662720e-01 1.001196098327636719e+01 -7.200840950012207031e+00 -1.396857451785104287e-01 1.366749460693473806e-01 -9.807180286457802820e-01
-1.680881118774414062e+01 3.758167648315429688e+01 -5.445010066032409668e-01 -1.333106975780765924e-01 9.874555284528829802e-02 -9.861427755170774079e-01
-2.805486917495727539e+00 3.424169063568115234e+00 -8.588776588439941406e+00 -5.451411676738345813e-01 3.630711929494704893e-01 -7.556456948580178024e-01
-1.055537414550781250e+01 3.938792419433593750e+01 -1.051648974418640137e+00 -4.347234222393540903e-02 1.232282809597671780e-01 -9.914257139257918183e-01
-1.788238906860351562e+01 5.803358840942382812e+01 1.546299934387207031e+00 3.049807463156039081e-02 1.277155519723193189e-01 -9.913418205786405091e-01
2.307843780517578125e+01 -2.422698974609375000e+00 4.844975948333740234e+00 1.702657199189510084e-01 4.326846653026623218e-02 9.844477763825770777e-01
-1.785511398315429688e+01 6.902808380126953125e+01 3.306592941284179688e+00 1.190466845385922401e-01 -5.696575847065439221e-03 -9.928723160225525479e-01
-2.198566055297851562e+01 5.411630630493164062e+01 3.204946041107177734e+00 -9.962867085543779533e-01 -4.048345031756939161e-02 7.598608167466448793e-02
1.859889984130859375e+00 7.138804626464843750e+01 4.507311820983886719e+00 4.005186086893403746e-02 8.289623592277153841e-03 -9.991632151864048295e-01
2.112233924865722656e+01 3.784461212158203125e+01 4.412782192230224609e+00 -9.753040851720001791e-02 -7.805501440552173320e-02 9.921669386452169892e-01
2.741318130493164062e+01 -7.040789127349853516e+00 -1.220963001251220703e+00 -1.762653832832795572e-02 -6.793594809226574660e-02 -9.975339653883295021e-01
-1.011711883544921875e+01 6.274374389648437500e+01 6.705824851989746094e+00 3.147176049293635980e-02 -1.777881711880645588e-01 9.835653991865913603e-01
5.010221004486083984e+00 -2.319314002990722656e+00 4.889983177185058594e+00 8.421279130075358388e-02 8.582356126965701160e-02 9.927449431310789718e-01
5.406284332275390625e+01 3.650254964828491211e+00 2.944561958312988281e+00 5.240506622037320872e-01 -7.806384587050472224e-01 3.405502903161853334e-01
4.865636825561523438e+01 4.799297332763671875e+01 4.404944896697998047e+00 3.094632344209541364e-01 1.948545481405857538e-01 -9.307331581128125420e-01
3.834246826171875000e+01 4.155524063110351562e+01 1.048527002334594727e+00 9.090027741765872860e-02 1.392940875462684025e-01 -9.860701276988595998e-01
4.194129943847656250e+01 -1.507260084152221680e+00 -2.979159951210021973e-01 1.740196722548817965e-01 -5.657809270554775560e-02 -9.831154932631801513e-01
-1.075209426879882812e+01 9.417680740356445312e+00 5.416623115539550781e+00 1.640760731559311181e-01 3.097533140614364827e-02 9.859612421703040086e-01
1.771383857727050781e+01 -1.543294239044189453e+01 -5.905479788780212402e-01 -1.193451575031693884e-01 -1.003983591635226741e-01 -9.877635865214994260e-01
-1.289669036865234375e+01 5.615338516235351562e+01 6.138463020324707031e+00 1.339502900265430833e-02 -4.943452802889578002e-02 9.986875390414053921e-01
1.650521993637084961e+00 5.442385101318359375e+01 5.606550216674804688e+00 -3.125338922513917067e-02 -1.523237319974651838e-01 9.878363762953388250e-01
2.198577308654785156e+01 -1.679431343078613281e+01 -6.260780096054077148e-01 8.549473466410886791e-02 -1.743358564946208278e-01 -9.809677158219839432e-01
1.764907073974609375e+01 3.288092803955078125e+01 -2.523535966873168945e+00 7.706813247232696673e-02 2.254887013483742597e-01 -9.711927452990223308e-01
-9.344085693359375000e+00 -6.478206157684326172e+00 -4.218760013580322266e+00 -1.461983699407228277e-01 -2.663172546277045583e-01 -9.527335181015926802e-01
3.594564056396484375e+01 6.699907684326171875e+01 7.833632946014404297e+00 4.868133527158163276e-01 8.679999084493991157e-01 -9.792302359210933171e-02
-3.506470024585723877e-01 -1.330843353271484375e+01 -2.877851009368896484e+00 3.701275395778394484e-01 -6.926406343889547346e-01 6.190755656939799234e-01
8.310186386108398438e+00 2.213578033447265625e+01 4.165662765502929688e+00 4.991678533469081497e-02 8.030953052465353292e-02 9.955193086267890568e-01
6.529061889648437500e+01 2.939486312866210938e+01 5.464527130126953125e+00 4.940441701802047308e-02 8.710621245738389695e-02 -9.949732214137416708e-01
-1.747029113769531250e+01 6.439086914062500000e+01 6.875690937042236328e+00 -1.839078475411517338e-02 -7.440572014674999568e-02 9.970584575869015920e-01
1.747151565551757812e+01 3.650589752197265625e+01 4.148802757263183594e+00 -7.336467144754371672e-02 -7.638871082631294718e-02 9.943753767273644240e-01
1.020400810241699219e+01 8.272941589355468750e+00 -8.293807983398437500e+00 -4.101337824125915466e-02 4.436076907869739849e-01 -8.952821451809971354e-01
-4.235626220703125000e+00 6.880420684814453125e+01 3.886767864227294922e+00 -2.012268004638401858e-02 3.571588424964738384e-01 -9.338268784814077739e-01
9.162332534790039062e+00 7.320053100585937500e+01 8.782159805297851562e+00 -7.978501081079993063e-02 -8.441245860406545454e-01 5.301773621078270660e-01
4.770291900634765625e+01 -5.994110107421875000e-01 3.146464109420776367e+00 2.973607986116975632e-01 -7.620279288152004282e-01 5.752303809384803346e-01
-1.147721481323242188e+01 6.980493927001953125e+01 7.100512981414794922e+00 -8.718383473967733499e-02 1.993631697865658192e-01 9.760396024202797616e-01
1.342090320587158203e+01 1.429309993982315063e-01 -3.219528913497924805e+00 9.200571012700358153e-01 -6.314221163266821313e-02 3.866626326821798187e-01
8.716840744018554688e+00 3.453107833862304688e+01 -2.450824975967407227e+00 -4.955720981111282758e-02 6.579919528129173079e-02 -9.966014995252977515e-01
3.090466880798339844e+01 4.882838821411132812e+01 6.491353034973144531e+00 -1.337398454493417266e-01 -1.671481641102094684e-01 9.768188905696759683e-01
3.867171096801757812e+01 6.124106979370117188e+01 4.721093177795410156e+00 1.347290143171925025e-01 7.999839718265047694e-02 -9.876478872297175249e-01
1.995659637451171875e+01 -8.936136245727539062e+00 -9.132919907569885254e-01 -1.330242798124251502e-01 3.733736728958059192e-02 -9.904092396500895346e-01
6.853490829467773438e+00 -1.316609859466552734e+01 -3.576885938644409180e+00 3.386593097049441226e-01 -8.672913244886880646e-01 3.648501478920188057e-01
2.310698127746582031e+01 7.013063812255859375e+01 9.488030433654785156e+00 -2.474375496078627668e-01 -7.644751793410854424e-01 5.952750282142463822e-01
5.715904235839843750e+00 2.485434341430664062e+01 4.222758769989013672e+00 -2.911879714155092905e-02 -2.214448954981201520e-02 9.993306345927795986e-01
6.589913177490234375e+01 3.302169036865234375e+01 9.643113136291503906e+00 3.876654585359979865e-01 5.836493554456073093e-06 9.218001368105830373e-01
4.670636749267578125e+01 1.032077980041503906e+01 5.347751140594482422e+00 6.035358853264758544e-02 3.134029221598580439e-02 9.976849354556019955e-01
5.360917282104492188e+01 2.872513961791992188e+01 2.517687082290649414e+00 1.882873160271797131e-01 7.520710704438902938e-02 -9.792301964672529557e-01
3.253040695190429688e+01 5.044618606567382812e+01 1.669170022010803223e+00 7.604204219627326566e-02 1.630077311231130643e-01 -9.836900362475544668e-01
2.058474063873291016e+00 1.436397361755371094e+01 -1.774810075759887695e+00 4.602486121762416893e-02 4.639153004630783839e-01 -8.846831670977752804e-01
-3.793390095233917236e-01 3.162454605102539062e+01 -2.690629005432128906e+00 -1.177677349407266622e-01 1.923516321942914664e-01 -9.742338580644396284e-01
-3.329981088638305664e+00 3.663483428955078125e+01 -1.966820001602172852e+00 -1.094139142600197151e-01 1.365730489023268268e-01 -9.845691431686369732e-01
5.912942886352539062e+00 5.436125946044921875e+01 4.922200143337249756e-01 9.041800864066888710e-02 2.223758605934068600e-01 -9.707592700246532313e-01
1.126168823242187500e+01 -1.668608856201171875e+01 1.343680024147033691e-01 -1.000357071570411177e-01 -3.509598079549431510e-02 -9.943646863327322283e-01
-1.775086975097656250e+01 2.772391700744628906e+01 -1.133463025093078613e+00 -1.229234067336392316e-01 6.378649400855872231e-02 -9.903641346793068401e-01
2.819051361083984375e+01 -8.039681434631347656e+00 5.680933952331542969e+00 -2.428986946158705543e-02 -1.033349076923301135e-01 9.943499882303798998e-01
2.401905632019042969e+01 4.615105056762695312e+01 -5.993200093507766724e-02 1.335725131877032179e-01 1.773567671923534650e-01 -9.750399791043433684e-01
1.995856857299804688e+01 4.786405944824218750e+01 -2.189099937677383423e-01 2.931097739953482037e-02 2.729376040665081882e-01 -9.615851137004555182e-01
3.044483757019042969e+01 1.394629764556884766e+01 4.349016189575195312e+00 1.227555408106438539e-02 2.380142148229208096e-02 9.996413372342228820e-01
-5.031538009643554688e+00 -1.754289984703063965e+00 -6.922302246093750000e+00 -5.142425053113962585e-01 -2.402824386102092313e-01 -8.232976347752917201e-01
-7.176177978515625000e+00 4.088043594360351562e+01 -1.185387015342712402e+00 -9.037818300779801306e-02 1.696348987509812556e-01 -9.813540569855271345e-01
3.926974868774414062e+01 6.176750183105468750e+01 9.186475753784179688e+00 -3.932766194472540056e-01 -6.205438782000195497e-01 6.784237582990584325e-01
8.664513587951660156e+00 -2.971115112304687500e+00 4.806036949157714844e+00 2.684681323319134880e-02 3.702480192191444364e-02 9.989536589161006619e-01
1.864039993286132812e+01 7.397629547119140625e+01 8.900392532348632812e+00 1.861242455541527729e-01 9.139522315322986534e-01 -3.606231879594389289e-01
3.826341629028320312e+01 1.295192623138427734e+01 4.617045879364013672e+00 -1.799042701805652900e-01 9.147662540690309346e-03 9.836415881004827444e-01
3.185853958129882812e+00 3.268759155273437500e+01 -2.629292964935302734e+00 4.744609715576898756e-02 2.743508150333938134e-01 -9.604584833063831706e-01
4.408009338378906250e+01 -1.650828003883361816e+00 4.277113914489746094e+00 4.736459431883479620e-01 -8.244787276911075269e-01 3.096681257186036373e-01
3.539596939086914062e+01 1.837707901000976562e+01 4.376914978027343750e+00 -1.144111677018359863e-01 -4.125190424399952788e-02 9.925766293346556246e-01
3.722855758666992188e+01 -1.115566968917846680e+00 4.833272933959960938e+00 -1.395677283156998294e-01 4.539705657666411043e-02 9.891713483855919531e-01
6.731449890136718750e+01 2.384882354736328125e+01 8.804533958435058594e+00 -5.281478037799185871e-02 -3.436795711623592126e-02 9.980127466607232600e-01
1.569840526580810547e+01 -1.756608963012695312e+00 4.682370185852050781e+00 -2.711108201167433673e-02 1.348380479658754516e-01 9.904966885623134321e-01
5.067445373535156250e+01 4.329867553710937500e+01 8.435807228088378906e+00 -7.652990948322538345e-02 -8.768779074302550380e-02 9.932039187946736236e-01
-6.634300202131271362e-02 3.694418334960937500e+01 4.305583953857421875e+00 6.361658941920686483e-02 -1.106614377069431304e-01 9.918200319389099961e-01
6.128435134887695312e+00 2.206077003479003906e+01 -2.492306947708129883e+00 5.900099213413830673e-03 -2.398132136036935369e-01 -9.708011183606769512e-01
-1.743498992919921875e+01 1.288671398162841797e+01 5.700366973876953125e+00 9.576997278408781733e-02 4.379929421127645023e-02 9.944394069723550000e-01
3.134224319458007812e+01 1.147248983383178711e+00 4.930189132690429688e+00 -6.256019390341550912e-02 3.213402106402580422e-02 9.975237475012931343e-01
1.807839989662170410e+00 7.517246246337890625e+00 4.122940063476562500e+00 3.304385407080405457e-02 2.094760127944103427e-03 9.994517075317614907e-01
1.219879031181335449e+00 1.372019386291503906e+01 4.306264877319335938e+00 1.420227433424768940e-02 4.027669185522988332e-02 9.990876255348843937e-01
3.185020065307617188e+01 6.919940185546875000e+01 8.672006607055664062e+00 4.094915238067430852e-01 8.961608190008704122e-01 -1.709165832156749609e-01
4.677468872070312500e+01 4.511567306518554688e+01 3.115099906921386719e+00 3.263375091903014669e-01 1.262279345595520574e-01 -9.367872429918647770e-01
6.357672500610351562e+01 1.335391235351562500e+01 8.456131935119628906e+00 -3.608863295817435566e-03 -1.947986021734525730e-01 9.808366228363321060e-01
-3.016875982284545898e+00 4.190499496459960938e+01 4.734831809997558594e+00 6.332920884681805807e-02 -3.933951084072773857e-02 9.972170346487509995e-01
2.197381782531738281e+01 2.425837993621826172e+00 -1.508651971817016602e+00 -8.030811836675856574e-02 -8.501475386827803127e-02 -9.931380053895364490e-01
6.857683181762695312e+00 4.718182754516601562e+01 -8.545889854431152344e-01 8.587901902282176272e-03 1.442608580050373790e-01 -9.895024268735105322e-01
3.723548126220703125e+01 -4.716366767883300781e+00 -7.483829855918884277e-01 1.012193578830768992e-01 -8.453510772674897866e-02 -9.912660879659731528e-01
-4.225622177124023438e+00 1.839117431640625000e+01 -1.641314029693603516e+00 -9.034203517411787399e-02 -2.965182142989238323e-01 -9.507445846648698851e-01
-7.484601974487304688e+00 3.320708084106445312e+01 -1.956032037734985352e+00 -8.538247299520006217e-02 7.049169527213866582e-02 -9.938514749211192489e-01
1.773174476623535156e+01 2.232592010498046875e+01 -3.048542022705078125e+00 -7.275247376829695189e-02 -4.977970896042067939e-02 -9.961069511535439736e-01
7.782094955444335938e+00 4.470801830291748047e+00 4.164092063903808594e+00 2.820812198311725347e-03 4.601757400838273060e-02 9.989366475912898613e-01
2.696545219421386719e+01 2.625796127319335938e+01 4.032406806945800781e+00 -1.159588122514974701e-01 -7.559780079371278272e-02 9.903729228812629959e-01
3.541098022460937500e+01 4.367870330810546875e+01 9.121389985084533691e-01 5.229542511414884964e-02 5.775060714541246226e-02 -9.969604083846392850e-01
4.368033599853515625e+01 5.163864135742187500e+01 8.403366088867187500e+00 -1.121109927796551109e-01 -3.642160259987243295e-03 9.936890157220219510e-01
-1.369717025756835938e+01 -4.535756111145019531e+00 1.958500035107135773e-02 -5.312729581343604846e-01 -2.083230389624765033e-01 -8.211885017415943011e-01
-4.430686950683593750e+00 5.897627258300781250e+01 1.218855977058410645e+00 2.456025178426896657e-03 2.010537963685849749e-01 -9.795771224901602681e-01
2.412412452697753906e+01 -1.061295700073242188e+01 -1.148576021194458008e+00 6.926514781290359080e-02 -5.194776104162725922e-02 -9.962448340750472697e-01
1.732317733764648438e+01 6.409345245361328125e+01 8.076474189758300781e+00 -5.055552449843931512e-02 -2.345492837002227104e-01 9.707887372947834326e-01
2.686650848388671875e+01 5.303339767456054688e+01 6.729671955108642578e+00 -6.772699962995090694e-02 -8.338730436381185107e-02 9.942130611654936834e-01
5.417900848388671875e+01 3.092666625976562500e+01 7.585632801055908203e+00 -5.035317326661851306e-02 1.688871486654226761e-02 9.985886686980472993e-01
1.721508979797363281e+01 5.507916259765625000e+01 6.470501899719238281e+00 -7.417825982104611637e-02 -1.292112135441294551e-01 9.888387371378483115e-01
-1.300559997558593750e+00 6.791713714599609375e+01 7.643853187561035156e+00 -1.645409549726397150e-02 -1.204918780089769270e-01 9.925779415618889434e-01
2.591741752624511719e+01 3.628187942504882812e+01 -1.412302970886230469e+00 1.914495801859772695e-01 2.340304145849522455e-01 -9.531929622567555382e-01
6.671986389160156250e+01 1.663147544860839844e+01 8.789029121398925781e+00 2.466181618848098944e-01 -9.976789768700738970e-02 9.639636138463280046e-01
1.475935268402099609e+01 -1.968005371093750000e+01 3.408200979232788086e+00 5.630661415124125213e-01 -7.675581262032454832e-01 3.062858847248539074e-01
5.877892684936523438e+01 3.759778213500976562e+01 4.940894126892089844e+00 1.809506035752322661e-01 1.095577951826198077e-01 -9.773709472766632933e-01
-2.007781982421875000e+00 6.082203292846679688e+01 6.336483001708984375e+00 -1.766327377394196971e-02 5.476959613814417344e-02 9.983427768549494319e-01
2.410890960693359375e+01 1.737295150756835938e+01 4.162834167480468750e+00 -6.554423324354226310e-02 -1.497713774419793045e-02 9.977372594192859268e-01
-1.551834106445312500e+01 7.382793426513671875e+01 3.788358926773071289e+00 -1.047127187125612702e-02 5.068211807092780630e-01 -8.619876120048660662e-01
4.863908004760742188e+01 8.222858428955078125e+00 7.525849938392639160e-01 1.913758625241090139e-01 2.901133925708998182e-02 -9.810879784390710290e-01
2.380778884887695312e+01 4.712419986724853516e+00 4.385338783264160156e+00 1.810668947974953535e-01 2.324247773268394400e-03 9.834680358205248885e-01
5.583553695678710938e+01 4.798876953125000000e+01 9.856689453125000000e+00 -6.028423078475381169e-01 -4.598108695387760902e-01 6.520391983025628502e-01
1.395646762847900391e+01 -1.029947853088378906e+01 -3.426229953765869141e-01 -6.581303849289955876e-02 -2.610367643745744107e-02 -9.974904721553888853e-01
4.634627532958984375e+01 5.578665542602539062e+01 4.928375244140625000e+00 1.273658439462680425e-01 1.057494880341267596e-01 -9.862023056028489387e-01
-2.031792831420898438e+01 2.617191314697265625e+01 1.776665925979614258e+00 -9.992612239690004117e-01 2.827441702305550503e-03 3.832769032169001944e-02
2.081799030303955078e+00 -8.054119944572448730e-01 -1.043260574340820312e+01 4.708861067915955378e-01 -1.828668422858961973e-01 -8.630330193121461546e-01
-2.009060668945312500e+01 1.950092697143554688e+01 5.702391147613525391e+00 -4.166270927949393688e-01 3.014006398477283785e-02 9.085777028368188235e-01
2.544495391845703125e+01 4.280578994750976562e+01 4.647789001464843750e+00 -1.650307685184189410e-01 -2.448402552505867524e-01 9.554151426741400721e-01
5.389563369750976562e+01 4.296631240844726562e+01 4.539824008941650391e+00 1.841976994770696818e-01 1.881614450516338743e-01 -9.647105670113891307e-01
3.125232696533203125e+01 4.090734863281250000e+01 -1.371150016784667969e-01 1.372233554543508538e-01 1.608941286770873835e-01 -9.773857120272885224e-01
5.792240142822265625e+01 2.071068191528320312e+01 2.944158077239990234e+00 2.297432070893842548e-01 1.154686349848564469e-01 -9.663772830168444461e-01
1.141204452514648438e+01 4.450898361206054688e+01 4.610167026519775391e+00 3.350536644986848445e-02 1.233740445610195455e-02 9.993623861594684854e-01
-1.796085357666015625e+01 5.384783554077148438e+01 6.147714138031005859e+00 1.968393655135549855e-02 -9.463980308296315869e-02 9.953169597240169031e-01
3.705275344848632812e+01 5.757289505004882812e+01 8.355882644653320312e+00 1.034763097763474575e-03 -8.063761444695957681e-02 9.967429480069749381e-01
-7.004334926605224609e+00 5.582317829132080078e+00 4.873414993286132812e+00 1.295703632756320389e-01 2.954814886300569793e-02 9.911298743653076393e-01
-4.355473995208740234e+00 6.613352203369140625e+01 7.304219245910644531e+00 -5.288369087456960826e-02 -1.105431287326677225e-01 9.924633655352099737e-01
3.468693161010742188e+01 3.797274780273437500e+01 5.214659214019775391e+00 -2.241283088363787146e-01 -1.267751017644794254e-01 9.662787251878987016e-01
4.399812316894531250e+01 5.767062377929687500e+01 8.577354431152343750e+00 -3.818603175298794228e-01 -3.931124065616799501e-01 8.364480460275246498e-01
2.361711311340332031e+01 3.267479705810546875e+01 4.160429954528808594e+00 -4.148857374681127336e-02 -6.826657171918031064e-02 9.968040797640053130e-01
1.846055412292480469e+01 4.394688796997070312e+01 4.552265167236328125e+00 7.175816344878978292e-02 5.623688921224821030e-02 9.958354172603954835e-01
-1.042433166503906250e+01 6.749419403076171875e+01 3.500177860260009766e+00 -1.078678589735277728e-02 2.684466458803096978e-01 -9.632341582219851039e-01
2.931506538391113281e+01 5.545870208740234375e+01 2.404959917068481445e+00 7.295350584845279596e-02 2.480942565693440571e-01 -9.659850029072523103e-01
4.914457702636718750e+01 2.612394523620605469e+01 6.429780006408691406e+00 -1.602627487857551380e-01 -8.894632036103247708e-02 9.830586978638999884e-01
5.154277801513671875e+01 5.079892349243164062e+01 8.544583320617675781e+00 -2.356224510085637991e-01 -2.173976471754773820e-01 9.472171470065793297e-01
9.765370368957519531e+00 -2.748875141143798828e+00 -7.095117092132568359e+00 1.208848142668913217e-01 -1.298130690318930469e-01 -9.841419759303939863e-01
6.293844985961914062e+01 3.207602691650390625e+01 5.215909957885742188e+00 1.569679566981704577e-01 2.556422146021803538e-02 -9.872727744403438921e-01
4.200633239746093750e+01 4.070927429199218750e+01 6.749935150146484375e+00 -8.782288588960730780e-02 -1.002412581833131838e-01 9.910796289258735348e-01
8.777427673339843750e+00 1.620103073120117188e+01 -1.974645972251892090e+00 -8.240276871410354143e-02 -8.593294556515211624e-02 -9.928873614739722742e-01
1.816891860961914062e+01 6.961265563964843750e+01 4.883656024932861328e+00 5.167830657815443429e-02 5.076751151752385838e-02 -9.973725544667511045e-01
2.239580154418945312e+01 -1.344209384918212891e+01 5.514738082885742188e+00 4.035543742696325320e-01 -5.654288728274754483e-01 7.193288933310658662e-01
-1.123983764648437500e+01 5.173614120483398438e+01 5.594052791595458984e+00 3.123445474735876345e-02 -1.039883730704068004e-01 9.940879373087699866e-01
4.445855331420898438e+01 2.998271560668945312e+01 7.287849783897399902e-01 1.485160195983596942e-01 2.866684574777478983e-02 -9.884944126688489652e-01
4.200410842895507812e+00 -6.385190963745117188e+00 -6.661820888519287109e+00 8.221003842948222673e-02 -4.055108263925094603e-01 -9.103858957935844209e-01
-1.665561676025390625e+01 -2.606256961822509766e+00 6.381584167480468750e+00 9.954643022461996671e-02 9.067721120956101499e-02 9.908926034625504808e-01
-1.498667907714843750e+01 4.528905487060546875e+01 4.796785831451416016e+00 1.391111363737897455e-01 3.780250276632819706e-02 9.895549820608223746e-01
4.180568695068359375e+01 4.171480178833007812e+01 1.568584918975830078e+00 2.960196614544451377e-01 7.738373294741633657e-02 -9.520420778030342923e-01
1.827979981899261475e-01 2.483830070495605469e+01 4.324691772460937500e+00 3.904534262843076253e-02 -1.848985302538402181e-02 9.990663574328423335e-01
4.980929565429687500e+01 5.707340240478515625e+01 7.838160037994384766e+00 6.591406823688902294e-01 7.312521755369512100e-01 -1.755101610128303735e-01
-6.759930133819580078e+00 -1.221504974365234375e+01 -3.436387062072753906e+00 -3.830955353147144637e-01 -5.482530625112862488e-01 -7.434086294017093755e-01
-1.642750930786132812e+01 1.544672489166259766e+01 -1.138751029968261719e+00 -1.947618098293704691e-02 -7.824589650927944728e-02 -9.967438276978589640e-01
3.305994796752929688e+01 8.058449745178222656e+00 4.587697982788085938e+00 -5.694781332116590628e-02 1.465314889668060117e-01 9.875654253258911996e-01
-3.982810080051422119e-01 5.787173843383789062e+01 9.961789846420288086e-01 5.147886200038025162e-02 2.290419308455751146e-01 -9.720543815454342207e-01
-6.279766082763671875e+00 -2.027904033660888672e+00 5.484604835510253906e+00 1.268398571667397057e-01 1.073255176567449037e-01 9.860998346484156629e-01
1.785681343078613281e+01 3.160197448730468750e+01 4.062284946441650391e+00 8.645254609526620282e-02 2.103307934085273945e-01 9.738002436936361583e-01
5.793638610839843750e+01 1.252563571929931641e+01 7.438005924224853516e+00 -1.723354054859600748e-01 1.602990277307251091e-02 9.849078892125270324e-01
3.396585845947265625e+01 2.507235717773437500e+01 4.694221019744873047e+00 -9.208241201996632264e-02 -9.356786097724836826e-02 9.913454921412249154e-01
-9.129077911376953125e+00 4.509397506713867188e+01 4.679995059967041016e+00 -9.787315936414946183e-02 9.360793154632619795e-02 9.907867579997715612e-01
4.179102325439453125e+01 1.390075778961181641e+01 5.177211761474609375e+00 -8.840035573245272338e-02 -1.884569416998166033e-02 9.959067310333972189e-01
-1.022106170654296875e+01 1.738182067871093750e+01 -1.503104925155639648e+00 -2.192911780553471329e-02 -1.953050729928529905e-01 -9.804973443388449450e-01
4.212789154052734375e+01 5.571616172790527344e+00 -2.222589999437332153e-01 1.098559344624712268e-02 -1.784162213181186840e-01 -9.838937791790320908e-01
-1.052069091796875000e+01 5.714761352539062500e+01 9.535229802131652832e-01 -1.050644381780899556e-01 2.398916690888893144e-01 -9.650976380305099633e-01
7.262535095214843750e+00 9.940097808837890625e+00 -7.472674846649169922e+00 7.503474044117112302e-03 9.178286582422705286e-02 -9.957507737473073606e-01
4.060511779785156250e+01 5.689103698730468750e+01 4.677536010742187500e+00 1.134978235866006546e-01 1.583411358209057540e-01 -9.808396039863247484e-01
-1.198070144653320312e+01 7.418973541259765625e+01 8.856256484985351562e+00 6.075130048993114540e-02 -6.342832644287192956e-01 7.707100751608411127e-01
-2.239749526977539062e+01 5.915805053710937500e+01 5.664587974548339844e+00 -9.836602934597667991e-01 -1.716233005253836319e-01 -5.438630146847017038e-02
2.889907646179199219e+01 6.902108764648437500e+01 5.315739154815673828e+00 1.775817216868509074e-01 3.572498694409811382e-01 -9.169717895917715023e-01
-5.760591983795166016e+00 2.551053619384765625e+01 4.675001144409179688e+00 8.682743375931965824e-02 -5.343145858801462422e-02 9.947894631427939283e-01
1.214399147033691406e+01 1.831318855285644531e+01 -2.259605884552001953e+00 1.087525071354574456e-02 -1.667043635171431837e-01 -9.859469479167030093e-01
1.014574909210205078e+01 6.872216796875000000e+01 4.553198814392089844e+00 6.702828762150399300e-02 1.754129684719754056e-01 -9.822105167174594031e-01
3.614452362060546875e+01 3.148346519470214844e+01 4.835227012634277344e+00 7.748153559427103931e-02 8.453169815109065621e-02 9.934037465450020754e-01
2.038481903076171875e+01 3.544789505004882812e+01 -2.164174079895019531e+00 6.160737449773125152e-02 1.174016412740176984e-01 -9.911717237863796326e-01
-1.215261459350585938e+01 2.297096014022827148e+00 -4.532805919647216797e+00 -3.079557941093168383e-01 -1.927151825731975021e-02 -9.512054654271903109e-01
4.792288970947265625e+01 3.771044158935546875e+01 7.232049942016601562e+00 -1.137668161389629035e-01 -4.200238560972641144e-02 9.926192175999289935e-01
3.692210769653320312e+01 4.901066207885742188e+01 7.117409229278564453e+00 -7.954130703000994451e-02 -7.457315951580253954e-02 9.940382408920636070e-01
3.165369033813476562e+00 -1.220240688323974609e+01 -1.138303995132446289e+00 1.292905862631950620e-01 -9.730685930852005505e-01 -1.908440658100422627e-01
2.003755569458007812e+01 6.629571533203125000e+01 8.407680511474609375e+00 8.086976338886475366e-03 1.895992358554936530e-01 9.818282592066227554e-01
4.830949783325195312e+01 4.025215530395507812e+01 2.632004976272583008e+00 1.318913165160480183e-01 1.705381666683675745e-01 -9.764842110024388733e-01
-1.276238632202148438e+01 2.115586996078491211e+00 5.934390068054199219e+00 5.725666006056626817e-02 6.987244795432001609e-02 9.959113996212612951e-01
3.373724365234375000e+01 -8.292743682861328125e+00 1.643334984779357910e+00 3.908105524404839604e-01 -7.505120850581485925e-01 5.329153049808517117e-01
2.555982017517089844e+01 5.228735351562500000e+01 1.275200963020324707e+00 1.366508437799894005e-01 1.653381754612784915e-01 -9.767240319708286878e-01
1.233165836334228516e+01 7.359141540527343750e+01 1.006501865386962891e+01 -1.073959519929042067e-01 -7.434529088315511292e-01 6.601089923985606900e-01
2.823377418518066406e+01 2.946914672851562500e+01 -1.797544956207275391e+00 2.878258171775763610e-02 -1.392376968218031474e-02 -9.994887151076284892e-01
5.144901275634765625e+01 1.990572547912597656e+01 6.459552764892578125e+00 -1.505776571388232621e-01 -6.088306619759842331e-02 9.867216534671578998e-01
1.304846954345703125e+01 2.724173927307128906e+01 4.391081809997558594e+00 -3.466262752543356959e-03 -1.074347144280034250e-01 9.942060989343728394e-01
2.403645515441894531e+01 -1.367329216003417969e+01 2.507254123687744141e+00 4.598729467725550801e-01 -7.996632744176636054e-01 3.860770912322393777e-01
5.991258239746093750e+01 1.921627616882324219e+01 7.682016849517822266e+00 -3.343333818394627482e-02 4.874646382878899432e-03 9.994290618750885091e-01
2.686904716491699219e+01 2.006939125061035156e+01 -2.610042095184326172e+00 2.062471135571167236e-01 8.385115424316996746e-02 -9.749005652277804579e-01
-2.014926528930664062e+01 3.277478790283203125e+01 -4.398779869079589844e-01 -5.505696467803075089e-01 2.103568413583203900e-02 -8.345241542562712445e-01
6.887810516357421875e+01 2.691209030151367188e+01 6.039293766021728516e+00 5.234855643420652793e-01 1.320078290655649078e-01 -8.417462782756252038e-01
5.932465076446533203e+00 5.826651763916015625e+01 1.291669964790344238e+00 4.098822057630118615e-02 2.562760568007434459e-01 -9.657342017784450450e-01
-7.892937183380126953e+00 6.955747222900390625e+01 7.381025791168212891e+00 -7.116461784046172745e-02 7.377713946834910108e-02 9.947323915805139638e-01
2.418797016143798828e+00 7.653660583496093750e+01 8.064267158508300781e+00 6.175296988433141843e-02 9.358957312197734302e-01 -3.468223623053599547e-01
-7.695618152618408203e+00 6.293359375000000000e+01 2.167571067810058594e+00 -7.944527219157889592e-03 2.387892028319965609e-01 -9.710389287243450518e-01
-2.368045043945312500e+01 6.788790893554687500e+01 4.865148067474365234e+00 -9.822874829958068155e-01 -8.713690388869753389e-02 -1.658868913761857578e-01
2.452029037475585938e+01 -8.484367370605468750e+00 5.277729988098144531e+00 -3.945437243728334292e-02 1.154187083649134693e-01 9.925330595274675094e-01
1.233097648620605469e+01 1.603957176208496094e+01 4.336863040924072266e+00 -8.252692315823438596e-02 -5.248682161839701710e-02 9.952057277319265038e-01
1.253610420227050781e+01 1.147541046142578125e+01 -1.788747072219848633e+00 -4.168140922465040504e-02 -1.088672108660034138e-01 -9.931820530614234865e-01
4.060154724121093750e+01 3.490793609619140625e+01 5.372790098190307617e-01 1.055135407261205555e-01 1.124058435759378582e-01 -9.880444418412661634e-01
2.880451774597167969e+01 2.910158157348632812e+01 4.374931812286376953e+00 -6.760717936228789748e-02 -4.593416054757934464e-02 9.966540634510374641e-01
2.994724035263061523e+00 1.072037029266357422e+01 4.162228107452392578e+00 1.917729210963505795e-04 -3.442546952967608098e-02 9.994072494588019939e-01
4.841180801391601562e+00 -1.501668453216552734e+01 5.938737869262695312e+00 -5.407449826949348726e-01 -7.409691756337458690e-01 3.981953596551591201e-01
6.755453109741210938e+00 6.325968551635742188e+01 7.220324039459228516e+00 -1.712606233977914498e-03 -2.391186288214594002e-01 9.709888507755547460e-01
1.415236377716064453e+01 5.370823669433593750e+01 5.937208175659179688e+00 -7.305883166286047947e-02 -2.323398187126394787e-01 9.698869087458781291e-01
-1.682561492919921875e+01 2.363981056213378906e+01 5.473351001739501953e+00 -1.060702188402564382e-02 8.555167809931114864e-02 9.962772713763691224e-01
1.042543411254882812e+01 -8.233500272035598755e-02 4.549472808837890625e+00 1.020397828730922885e-01 1.039525309448799395e-01 9.893339951812866184e-01
-1.022152328491210938e+01 2.553327369689941406e+01 5.102937221527099609e+00 1.704121589640059109e-01 -3.450815890773088757e-02 9.847684413333041009e-01
-1.155328750610351562e+01 2.210999679565429688e+01 5.052934169769287109e+00 1.006953735063066263e-01 -6.325652443086983434e-02 9.929043528313047373e-01
-1.715693664550781250e+01 6.829144954681396484e+00 5.941100120544433594e+00 -2.188781352757462450e-03 2.086645461081135591e-02 9.997798759267786384e-01
6.146419525146484375e+01 1.153941822052001953e+01 3.964575052261352539e+00 6.577527119810878675e-01 -4.361670420084844402e-01 -6.141007094500812169e-01
1.230719757080078125e+01 8.668344497680664062e+00 -5.605834960937500000e+00 6.836372937012159534e-01 5.006381921707959703e-01 5.310380882769468736e-01
4.852721023559570312e+01 3.116657257080078125e+01 6.782413005828857422e+00 -1.952536980260236588e-01 -9.294371970561764174e-02 9.763388030670736573e-01
4.221801376342773438e+01 9.593934059143066406e+00 -7.077080011367797852e-01 2.188728765517342634e-01 4.358217597681296462e-02 -9.747795944966713977e-01
1.224646854400634766e+01 5.691481781005859375e+01 1.315171003341674805e+00 4.265877372695215525e-02 2.012820153161714587e-01 -9.786039951555345340e-01
-1.806824111938476562e+01 5.891539096832275391e+00 -1.606200076639652252e-02 -2.195177682456026999e-02 -9.643239419206722784e-02 -9.950974388694961981e-01
-4.926687240600585938e+00 -8.216040611267089844e+00 5.971128940582275391e+00 3.493578615815425004e-02 8.441178177537911331e-02 9.958183277802319378e-01
2.930905342102050781e+01 6.959833145141601562e+00 4.468204021453857422e+00 -8.153876845422211583e-02 6.970445299668573402e-02 9.942297111188146408e-01
2.345159947872161865e-01 2.951852416992187500e+01 4.566068172454833984e+00 2.364513705985002781e-02 -2.055945176780893391e-02 9.995089876716607424e-01
4.392153930664062500e+01 6.184527969360351562e+01 8.487468719482421875e+00 5.644710315761458652e-01 7.984701707292762851e-01 -2.093271147436998325e-01
3.776110839843750000e+01 1.364963912963867188e+01 -1.405946969985961914e+00 6.729651746359915920e-02 -1.244416827145307936e-01 -9.899421429257608818e-01
2.777467346191406250e+01 3.770214843750000000e+01 4.645017147064208984e+00 2.304240028331799948e-03 -3.523624773214337896e-02 9.993763541947802143e-01
2.918737411499023438e+01 5.603187561035156250e+01 7.246263027191162109e+00 -1.876253086785270585e-01 -3.591369615803525206e-01 9.142304886461181113e-01
-2.018246078491210938e+01 2.066523361206054688e+01 -1.090031981468200684e+00 -6.296992438888602273e-01 -4.978155470499692759e-02 -7.752423227978146869e-01
-2.020416641235351562e+01 6.059428024291992188e+01 2.170706987380981445e+00 -5.273469496873187806e-02 2.385526116077687497e-01 -9.696967069355592050e-01
6.018423080444335938e+00 -3.038378953933715820e+00 -7.601918220520019531e+00 2.871277598302593992e-01 -2.098299045069126068e-01 -9.346277658562669455e-01
1.256394982337951660e+00 6.197489929199218750e+01 6.442676067352294922e+00 -5.562500449831132843e-02 -1.938452449041176695e-01 9.794538681850337714e-01
5.260027313232421875e+01 2.301552581787109375e+01 6.860993862152099609e+00 -1.624121649441425952e-01 -1.479820479533408041e-02 9.866120320637651320e-01
2.290836906433105469e+01 5.491872406005859375e+01 6.762754917144775391e+00 -6.559873230103682729e-02 -1.199703343773877162e-01 9.906078564143707688e-01
3.346750140190124512e-01 -5.740198135375976562e+00 -7.180004119873046875e+00 -1.007597581197189340e-01 -6.307029658194024391e-01 -7.694551579203725566e-01
-5.442042827606201172e+00 5.548205566406250000e+01 5.788642883300781250e+00 5.451656219806054471e-02 -1.257309195091806664e-01 9.905653336986313118e-01
5.103408813476562500e+00 3.914566421508789062e+01 -1.970493078231811523e+00 -1.997018021596930714e-04 1.551856669223695973e-01 -9.878853014905372154e-01
3.732767486572265625e+01 2.498381805419921875e+01 5.051159858703613281e+00 -7.410067476319925905e-02 -2.740966619971822726e-02 9.968740142056359277e-01
3.214302062988281250e+01 6.151138305664062500e+01 8.493912696838378906e+00 -1.797021196042973903e-02 7.347119446832256137e-03 9.998115278980989062e-01
-2.713492870330810547e+00 1.498921966552734375e+01 4.535066127777099609e+00 9.277722941865018669e-02 -1.830733142985444678e-02 9.955185720604696753e-01
4.585418319702148438e+01 3.456264877319335938e+01 6.625024795532226562e+00 -2.371305464132399954e-01 -1.056456166853829148e-01 9.657163701796317445e-01
-8.829776763916015625e+00 2.359178733825683594e+01 -2.309335947036743164e+00 -6.469357987632649853e-02 -3.930441194124580789e-02 -9.971308359110845343e-01
-5.144741058349609375e+00 7.205771636962890625e+01 4.193627834320068359e+00 5.201114083264195970e-02 1.009529505827120102e-02 -9.985954767807501131e-01
1.184198760986328125e+01 3.280675888061523438e+01 4.270841121673583984e+00 6.288386583293259502e-02 1.101968466899117122e-01 9.919184817299785406e-01
3.515444946289062500e+01 4.377267456054687500e+01 6.189404010772705078e+00 -1.575822523992149449e-01 -1.727453509427776535e-01 9.722792178466259649e-01
5.260523223876953125e+01 8.815061569213867188e+00 6.441439151763916016e+00 -1.985931013572597992e-01 2.698067677593559907e-02 9.797105813320675649e-01
3.907137298583984375e+01 -5.052247047424316406e+00 2.615978002548217773e+00 4.265050677358991904e-01 -7.802591541551245902e-01 4.574812340989800608e-01
4.213140106201171875e+01 -3.603579998016357422e+00 2.412491083145141602e+00 3.848505450921864690e-01 -8.122595086180255386e-01 4.383201439608391259e-01
1.178835105895996094e+01 6.018907928466796875e+01 6.792097091674804688e+00 3.240079199418068739e-03 3.460704267476011342e-02 9.993957446797981925e-01
3.256283187866210938e+01 2.862312316894531250e+01 4.746170043945312500e+00 -1.020812447504048787e-01 -2.878136972100669988e-02 9.943596191656168815e-01
-7.584159851074218750e+00 1.245287609100341797e+01 5.040367126464843750e+00 1.241652990434911619e-01 -7.134767158239598006e-02 9.896931283348443520e-01
-9.626949310302734375e+00 1.404601478576660156e+01 -1.155390977859497070e+00 -5.222083959298282931e-03 -6.122319464282402479e-02 -9.981104399197761046e-01
5.639445495605468750e+01 2.701236343383789062e+01 3.033763885498046875e+00 2.458541282214493640e-01 9.318109701643796650e-02 -9.648176153010912248e-01
8.057727813720703125e+00 4.343697357177734375e+01 -1.392091989517211914e+00 -5.318712394325692677e-02 1.832400292251533391e-01 -9.816283520437913968e-01
2.403396034240722656e+01 1.403084373474121094e+01 -2.766880989074707031e+00 -4.163050566316394557e-02 -3.266583290159698338e-02 -9.985989406959504544e-01
2.206748199462890625e+01 4.123929214477539062e+01 -1.074985980987548828e+00 1.303469762696976286e-01 1.734887597959436090e-01 -9.761717656241714058e-01
2.453079223632812500e+01 6.949855041503906250e+01 5.046275138854980469e+00 5.738317294337930141e-02 2.315985290147333231e-01 -9.711175484055274421e-01
-5.701429843902587891e-01 1.394944763183593750e+01 -3.764844894409179688e+00 3.327664561313904788e-03 8.137458190359194710e-01 5.812113803515274180e-01
4.587695312500000000e+01 4.585250020027160645e-01 4.177930057048797607e-01 2.146549746063483033e-01 -1.407643927023249641e-01 -9.664929527026534517e-01
2.180459946393966675e-01 3.317755937576293945e+00 -9.926830291748046875e+00 -3.617365251928139364e-03 5.864621565305767614e-01 -8.099685510105558706e-01
-2.192641830444335938e+01 7.282569122314453125e+01 4.785037040710449219e+00 -3.342625897914113242e-01 8.805120274923173840e-01 -3.361057727967601827e-01
1.285841655731201172e+01 4.787800216674804688e+01 -6.474609971046447754e-01 1.097882975920158877e-01 1.519092073345434946e-02 -9.938389032630575715e-01
3.062353897094726562e+01 4.784757614135742188e+01 9.452030062675476074e-01 6.283097880913922351e-02 1.480098686629061355e-01 -9.869880175971107450e-01
5.171508026123046875e+01 3.647885513305664062e+01 7.492785930633544922e+00 -2.594491116331080760e-01 -1.148276755010015637e-01 9.589060242859190897e-01
5.188932037353515625e+01 1.840350914001464844e+01 1.548439025878906250e+00 1.502991453233802066e-01 5.502163003804753233e-02 -9.871082955496917055e-01
-1.052931594848632812e+01 7.222381591796875000e+01 3.892502069473266602e+00 8.471107926842412483e-02 8.582320410389039644e-02 -9.927025791678597555e-01
1.316555690765380859e+01 2.083367729187011719e+01 4.134543895721435547e+00 2.107105751918520245e-03 -2.330737479989243230e-02 9.997261256890747072e-01
2.474005317687988281e+01 7.790398120880126953e+00 -2.323202133178710938e+00 -4.193285699956678797e-02 -7.363969444022519517e-02 -9.964029460547595418e-01
1.559087753295898438e+01 7.449682617187500000e+01 7.692152976989746094e+00 1.853445617205115303e-01 9.808202396380633070e-01 -6.032454688568725243e-02
-4.445000171661376953e+00 1.103764724731445312e+01 -6.486455917358398438e+00 -1.892893492265103339e-01 9.900279489811006361e-02 -9.769175957427355117e-01
-1.348627853393554688e+01 5.943730545043945312e+01 6.067982196807861328e+00 2.895366208493768689e-02 8.777681276971945057e-02 9.957192960829176487e-01
-1.330392074584960938e+01 4.374723052978515625e+01 -5.187079906463623047e-01 -6.451110189400992290e-02 8.674512164419261040e-02 -9.941396288265320624e-01
-8.008079528808593750e+00 1.799353790283203125e+01 4.898452758789062500e+00 2.659345290362102442e-03 1.204796459269285441e-01 9.927122356453296215e-01
8.686902999877929688e+00 -1.291608619689941406e+01 5.880424022674560547e+00 -1.071520868741029746e-02 1.237224646935468075e-01 9.922590065264912385e-01
6.314113235473632812e+01 3.485676193237304688e+01 8.900391578674316406e+00 -3.723367961525613223e-01 -1.906576287361117505e-01 9.083033517694234504e-01
-4.833410084247589111e-01 9.109290242195129395e-01 4.621652126312255859e+00 4.085452686251240390e-02 8.505841398726290969e-02 9.955380323447274860e-01
1.995405197143554688e+01 5.329320526123046875e+01 6.235414981842041016e+00 -9.936063361543839845e-02 -2.169162514621392202e-01 9.711203861206666454e-01
4.557185363769531250e+01 2.036854553222656250e+01 5.888360142707824707e-01 1.146354708051297161e-01 1.155825523496722788e-02 -9.933403825321960312e-01
1.627101325988769531e+01 -2.080043220520019531e+01 6.228460073471069336e-01 4.625780908312157602e-01 -6.532251217370838026e-01 5.994317727769520321e-01
-1.530020904541015625e+01 2.140480232238769531e+01 -1.745386004447937012e+00 -1.257371795016840599e-01 -6.535693857922790506e-02 -9.899083958985862575e-01
4.973372936248779297e+00 7.245530700683593750e+01 4.670334815979003906e+00 5.243057048124844660e-02 5.737381250324807141e-02 -9.969750653440901944e-01
-2.415518045425415039e+00 -1.160883712768554688e+01 9.537330269813537598e-01 -4.475366327241303011e-01 -8.902534712178818976e-01 -8.461512485636876746e-02
1.434702205657958984e+01 6.301914596557617188e+01 3.012989044189453125e+00 9.978683536595660264e-02 2.967500395939311475e-01 -9.497273300735573631e-01
5.969912719726562500e+01 3.193268013000488281e+01 4.412910938262939453e+00 2.427277112268338144e-01 5.850318435143178619e-02 -9.683287848780109952e-01
-1.852273178100585938e+01 -3.981634140014648438e+00 7.442809939384460449e-01 -1.092848780706242168e-01 -8.723744719562058492e-02 -9.901749558698603737e-01
1.875731086730957031e+01 1.243497371673583984e+01 -2.270915031433105469e+00 -8.470541763971135840e-02 -1.633682665379125043e-01 -9.829220730611758494e-01
3.816676330566406250e+01 2.486472511291503906e+01 -6.499069929122924805e-01 1.609549581863145840e-01 1.325384286448385296e-01 -9.780220173225133706e-01
4.361661529541015625e+01 3.974359989166259766e+00 5.533557891845703125e+00 -7.504384283947071466e-02 6.382989234130635736e-02 9.951352503532281402e-01
-1.403348159790039062e+01 6.311531829833984375e+01 2.301728963851928711e+00 -4.073310282292959966e-03 2.815593375701673784e-01 -9.595351726593416286e-01
-1.845739746093750000e+01 7.064430117607116699e-01 4.682959914207458496e-01 -6.852796714096234809e-02 -8.995547196606132334e-02 -9.935853917922154999e-01
-6.762830734252929688e+00 7.631032562255859375e+01 7.530019760131835938e+00 -9.273271961446630240e-02 9.522107783053068708e-01 -2.910245288495569849e-01
-2.040762329101562500e+01 3.825564193725585938e+01 2.610399007797241211e+00 -9.977149582404557515e-01 -2.982248819718032878e-03 -6.749791326569269667e-02
2.382249450683593750e+01 3.599445724487304688e+01 4.417547225952148438e+00 -6.295907002661944862e-02 -1.316293480226212176e-01 9.892976651344744798e-01
6.238318920135498047e+00 2.930753946304321289e+00 -8.030696868896484375e+00 3.510124997404524549e-01 8.473257023485021577e-02 -9.325291505188216812e-01
-1.699871444702148438e+01 7.465634918212890625e+01 6.612833023071289062e+00 -6.265455265424138553e-02 8.744859085307213897e-01 -4.809873208442145831e-01
1.852818489074707031e+01 1.366347122192382812e+01 4.251478195190429688e+00 9.779065814427569114e-02 8.549945387745018499e-02 9.915275238571882310e-01
3.693120956420898438e+00 4.669579982757568359e+00 4.322807788848876953e+00 4.096847105871397748e-02 1.489528430138564452e-01 9.879952605843819180e-01
2.363728332519531250e+01 2.503873252868652344e+01 -2.732853889465332031e+00 5.471914286421998563e-02 -2.641271103649912161e-02 -9.981523852097472504e-01
3.678397750854492188e+01 4.805513381958007812e+01 1.559584021568298340e+00 1.706266650056134648e-01 4.379633311619392511e-01 -8.826520615432785766e-01
2.576081991195678711e+00 6.674932098388671875e+01 3.538460016250610352e+00 7.107916338105214893e-02 3.223811722328289719e-01 -9.439375680217610975e-01
2.702335548400878906e+01 1.073010921478271484e+01 4.228802204132080078e+00 -7.133338364682088872e-02 -3.294838751533591542e-02 9.969081964442035870e-01
-1.694048309326171875e+01 6.095171737670898438e+01 6.598287105560302734e+00 1.738695521108011427e-02 -1.363548402336876575e-01 9.905074716191358819e-01
-2.474707126617431641e+00 8.149797439575195312e+00 -7.110185146331787109e+00 -2.039472255028903225e-01 1.491745420392472099e-01 -9.675497326840900580e-01
1.501503944396972656e+01 -1.727491378784179688e+01 -2.609280049800872803e-01 -4.939936502833219140e-02 -9.318326690290519576e-02 -9.944227378253673866e-01
6.757891178131103516e+00 3.634786987304687500e+01 4.059879779815673828e+00 -2.539224136163860043e-02 -1.479642969231417526e-01 9.886666783677260373e-01
8.825736045837402344e+00 -9.661793708801269531e+00 -2.165923118591308594e+00 4.919688894376826327e-01 -4.492605502126276740e-01 7.457422945281434457e-01
3.946136474609375000e+01 6.481895446777343750e+01 8.009441375732421875e+00 5.631620749793496694e-01 8.140916163490800050e-01 -1.417861682079582519e-01
4.316783905029296875e+00 -8.583308219909667969e+00 5.435878753662109375e+00 3.902598396036027761e-02 9.815336756198794754e-02 9.944057969522135387e-01
8.773688316345214844e+00 7.555977821350097656e+00 4.069674968719482422e+00 -6.229909685259164137e-03 -2.239349835927556195e-02 9.997298232305299459e-01
9.007972717285156250e+00 5.336344528198242188e+01 3.772920072078704834e-01 6.016904819221126355e-02 1.932288890258919700e-01 -9.793070417828428909e-01
-1.698847055435180664e+00 -8.392395973205566406e+00 5.728882789611816406e+00 7.782190168133321095e-02 1.089048712678784697e-01 9.910012515798491961e-01
-3.421550989151000977e+00 -1.355532455444335938e+01 -1.907432079315185547e+00 -1.933655282965177635e-01 -6.854925292803956127e-01 7.019328776794647728e-01
2.179989814758300781e+01 5.989341354370117188e+01 7.512950897216796875e+00 -1.751945791705174782e-01 -3.915209465015311863e-01 9.033372614255489319e-01
1.008076953887939453e+01 6.307876205444335938e+01 7.391993045806884766e+00 -6.306785061370599743e-02 -2.744684950866458917e-01 9.595256595963648216e-01
5.888742828369140625e+01 8.765623092651367188e+00 3.338145017623901367e+00 7.270871617208540805e-01 -4.245085968876480820e-01 -5.395708576537404655e-01
2.435711479187011719e+01 5.864721298217773438e+01 2.619729042053222656e+00 4.277724277199834030e-02 2.250373661557405758e-01 -9.734106488705127624e-01
1.949297904968261719e+01 -1.523932743072509766e+01 5.737702846527099609e+00 3.264787568697758435e-01 -4.207120628208557145e-01 8.464118273687969429e-01
1.021372604370117188e+01 -8.039739608764648438e+00 -5.993321895599365234e+00 6.325216995744220583e-02 -2.030914806420560659e-01 -9.771146368191873099e-01
-2.622061014175415039e+00 7.243614959716796875e+01 7.506642818450927734e+00 -8.900967109229086793e-02 -1.074291181172213616e-01 9.902203103514886084e-01
1.293661403656005859e+01 5.732214927673339844e+00 -4.436660766601562500e+00 6.986500893354834485e-01 3.105717883695526815e-01 6.445410901877852705e-01
1.675786972045898438e+00 1.882171058654785156e+01 -1.919759035110473633e+00 -2.216446440602403978e-01 1.328439179159335015e-01 -9.660363063737066325e-01
4.382197856903076172e+00 4.846825408935546875e+01 4.510617256164550781e+00 4.075333130380487390e-02 -1.506962478295383323e-01 9.877397465313121350e-01
1.559638595581054688e+01 3.389213562011718750e+01 3.964962005615234375e+00 -2.080714869498447028e-02 -1.219008531108941307e-01 9.923241630505733601e-01
-8.821258544921875000e+00 7.918003082275390625e+00 -5.548542976379394531e+00 -2.303756596696748538e-01 -5.174934559808749140e-02 -9.717247864811990876e-01
2.795534133911132812e+00 1.863735198974609375e+01 4.428602218627929688e+00 3.681476340700864242e-02 -6.952665063992424788e-02 9.969005557456973587e-01
1.621028137207031250e+01 4.839378356933593750e+01 4.994849205017089844e+00 -6.031298995160153803e-02 -2.216564121416434996e-01 9.732578169219048281e-01
2.849550437927246094e+01 1.043890094757080078e+01 -2.393661975860595703e+00 2.390307977426162512e-03 -9.876465405014223098e-02 -9.951079486860350265e-01
-1.719129943847656250e+01 6.481350064277648926e-01 6.212338924407958984e+00 6.075981924043657306e-02 9.573774151016398171e-02 9.935504663661542946e-01
-6.678895950317382812e+00 4.895480155944824219e+00 -6.134868144989013672e+00 -3.081223065114510051e-01 6.405876375958660662e-02 -9.491876100200934419e-01
-4.531733989715576172e+00 6.237691116333007812e+01 1.980798006057739258e+00 4.469293819530498202e-02 2.015435222317138730e-01 -9.784593757136293979e-01
6.396947860717773438e+01 1.782181358337402344e+01 4.444603919982910156e+00 2.413021341677250298e-01 7.344026353374932814e-02 -9.676671988541281078e-01
-2.126816940307617188e+01 4.626567459106445312e+01 2.903497934341430664e+00 -9.260712467067664377e-01 -1.073746128946620609e-01 3.617495522163047261e-01
1.424969482421875000e+01 5.140139770507812500e+01 2.350929975509643555e-01 5.340409235461809206e-02 2.500840843740130270e-01 -9.667502023080165596e-01
-5.976964950561523438e+00 4.758237838745117188e+01 4.725773811340332031e+00 4.647433990306106509e-03 -1.504419954007850113e-01 9.886079138754331197e-01
-8.586612701416015625e+00 -3.396238088607788086e+00 -4.808499813079833984e+00 -2.669959956397774392e-01 -6.718642371393711288e-02 -9.613527566824028314e-01
-1.204269051551818848e+00 5.168715667724609375e+01 5.205318927764892578e+00 1.336186880924285399e-02 -1.397875943424320144e-01 9.900913538304838557e-01
1.497517681121826172e+01 -4.879727840423583984e+00 -7.168980240821838379e-01 -1.329300960983981206e-01 -1.000592819305259479e-01 -9.860617270996872019e-01
2.993054771423339844e+01 3.466139221191406250e+01 4.731647014617919922e+00 -5.961408077987549736e-02 6.631750355890941341e-03 9.981994696752687357e-01
1.926518058776855469e+01 1.886523056030273438e+01 4.031420230865478516e+00 -2.010487961070707864e-03 -2.607997090219518407e-02 9.996578379905292078e-01
5.216580867767333984e+00 6.856245422363281250e+01 7.988766193389892578e+00 1.827732177875228056e-02 -7.744453797500787384e-02 9.968291142650447245e-01
-5.668235778808593750e+00 2.693767356872558594e+01 -2.649554967880249023e+00 -7.995824259922534871e-02 -6.337157447523310283e-02 -9.947817464092177930e-01
-5.988552093505859375e+00 7.253691101074218750e+01 7.293508052825927734e+00 -1.338049062185607263e-01 -1.441767811192477544e-01 9.804638202697408822e-01
5.724207305908203125e+01 2.764459037780761719e+01 7.733757972717285156e+00 -3.405755859726517509e-01 -2.120005291500840494e-01 9.160043918450769818e-01
-1.989099121093750000e+01 6.657064819335937500e+01 6.497104167938232422e+00 -3.077933744726240040e-01 1.803944987347209927e-01 9.341954096745518354e-01
-2.408529043197631836e+00 2.433328056335449219e+01 -2.454128980636596680e+00 -4.609875848487873101e-02 -2.428645820002643674e-01 -9.689642404526545016e-01
-2.005718231201171875e+01 2.939223289489746094e+01 4.168762207031250000e+00 -9.952983739634209126e-01 6.795609279947843751e-03 9.661763027669724446e-02
6.831727981567382812e+00 -1.649881744384765625e+01 3.632740974426269531e+00 -5.392717488870503173e-01 -8.336135366568474536e-01 1.194757396075248890e-01
-5.247700214385986328e+00 3.010555648803710938e+01 -2.518496036529541016e+00 -1.437249973428597616e-01 1.422361675453270302e-01 -9.793426355371304126e-01
2.539602088928222656e+01 3.109359169006347656e+01 -2.039263963699340820e+00 1.182655438734219189e-01 1.160715581405399738e-01 -9.861747586118552178e-01
1.039875125885009766e+01 6.279671478271484375e+01 2.699811935424804688e+00 8.393122098554800514e-02 3.340773780009241856e-01 -9.388012865627649584e-01
-1.917608642578125000e+01 5.114728927612304688e+01 9.573990106582641602e-01 -1.220079098712945342e-01 1.143789285801043859e-02 -9.924632207471503209e-01
4.335554122924804688e+01 2.815838813781738281e+01 5.552343845367431641e+00 -1.772634314020401225e-01 -8.869951460810164556e-02 9.801581872309497179e-01
-2.111239624023437500e+01 4.896177291870117188e+01 4.690803050994873047e+00 -9.472458332575977025e-01 -1.229216867305782668e-01 2.959993079509289360e-01
6.425922393798828125e+01 2.834060859680175781e+01 8.659635543823242188e+00 -1.809207833596835485e-02 -4.624968079957196380e-03 9.998256279830720628e-01
-1.408041763305664062e+01 6.169260144233703613e-01 -7.970000151544809341e-04 -2.502880763735222322e-02 5.928828126669892784e-01 -8.048997013493867092e-01
5.068758392333984375e+01 2.773729896545410156e+01 1.790036916732788086e+00 2.171623658727430961e-01 5.246890012382501856e-02 -9.747243309615026829e-01
-5.711116790771484375e+00 3.536939239501953125e+01 4.495450019836425781e+00 7.659127345401603448e-02 -1.427206503117032232e-01 9.867951118673504718e-01
-1.613310241699218750e+01 3.586560058593750000e+01 5.468537807464599609e+00 1.138040886594107737e-01 -7.953706318398900965e-02 9.903143364530612169e-01
4.499263763427734375e+01 2.683496093750000000e+01 6.166290044784545898e-01 1.268175092286565331e-01 4.027591389568314917e-02 -9.911080516840264920e-01
4.333171844482421875e+01 5.110965347290039062e+01 3.683377981185913086e+00 1.561104207625539364e-01 2.769903477000032477e-01 -9.481064728237907913e-01
1.536584854125976562e+01 1.383242011070251465e+00 -1.064157009124755859e+00 1.705326184739694440e-02 -2.175097202206800473e-01 -9.759091698871805720e-01
2.211296081542968750e+01 4.862910842895507812e+01 5.441411018371582031e+00 -8.864104732655299357e-02 -1.826566042974288040e-01 9.791727782344565867e-01
-4.236932754516601562e+00 1.450465488433837891e+01 -4.906938076019287109e+00 -2.398499132084882524e-01 9.051381542220342524e-01 3.509942177663465390e-01
5.490251922607421875e+01 3.252677536010742188e+01 3.201941013336181641e+00 3.085034718402281384e-01 2.574576172767076288e-02 -9.508747360276155192e-01
1.568969631195068359e+01 4.227647399902343750e+01 4.560771942138671875e+00 -4.785846408521134132e-02 -7.754587588517344865e-02 9.958394471743955423e-01
1.054026007652282715e+00 4.378464126586914062e+01 4.677419185638427734e+00 4.124201531826113959e-02 -3.503550844317446233e-02 9.985347311539126691e-01
3.440468597412109375e+01 -6.056588172912597656e+00 -1.065374970436096191e+00 1.072826535743476722e-01 -4.545938523689854044e-02 -9.931887416477946928e-01
-3.670088052749633789e+00 3.661429882049560547e-01 -8.807109832763671875e+00 -7.761138648087615444e-01 -4.555171880492599884e-02 -6.289453948996880372e-01
2.820399962365627289e-02 5.480861663818359375e+01 4.155110120773315430e-01 -2.896129684859853962e-02 1.712042397180193742e-01 -9.848098047782740672e-01
3.033235359191894531e+01 6.644250488281250000e+01 8.948717117309570312e+00 -2.749104359047702117e-01 -5.430824288335274197e-01 7.934013660959539083e-01
3.587260818481445312e+01 5.486050415039062500e+01 3.321242094039916992e+00 1.932095723334243953e-01 2.757840054013493969e-01 -9.416014249795523483e-01
1.777020645141601562e+01 7.317541122436523438e+00 4.255178928375244141e+00 -9.854515386578771574e-02 1.288860744470979487e-02 9.950491125807330306e-01
7.568939208984375000e+00 5.735368728637695312e+01 6.341782093048095703e+00 -6.750760872348568475e-02 -1.205905071310596766e-01 9.904042873262972613e-01
2.899558830261230469e+01 -4.183166027069091797e+00 -1.393521070480346680e+00 3.885867865322079062e-02 -1.056386046195313816e-01 -9.936450514682615420e-01
1.711951446533203125e+01 1.095106959342956543e+00 4.437469959259033203e+00 -2.063605929570485817e-02 6.630837023494577653e-02 9.975857622748680598e-01
1.863990783691406250e+01 -5.986160039901733398e-01 -1.161244034767150879e+00 8.294388584237141759e-02 -6.984199714835714889e-02 -9.941038211553642201e-01
2.729111480712890625e+01 6.361833953857421875e+01 4.461328983306884766e+00 1.102816708715038674e-01 2.294584006030099821e-01 -9.670505651011728210e-01
-1.359300231933593750e+01 4.998506069183349609e+00 1.333099976181983948e-02 -1.738532624357752229e-02 -1.209758687000353841e-02 -9.997756742506425098e-01
-1.949124526977539062e+01 6.362441635131835938e+01 2.804661989212036133e+00 -4.266871384765289626e-02 1.712810674533281619e-01 -9.842978089941253339e-01
1.271680259704589844e+01 2.673658180236816406e+01 -3.246428966522216797e+00 -1.388878370494309004e-02 3.456787136090952971e-03 -9.998975709090872632e-01
-6.273358821868896484e+00 4.903570175170898438e+01 -5.685229897499084473e-01 -6.081115059434122339e-02 1.106981673319710757e-01 -9.919918949833891331e-01
1.426045227050781250e+01 -4.153420925140380859e+00 -4.790308952331542969e+00 8.073534004944526998e-01 -1.930154248673255080e-01 5.576069695343934818e-01
-2.029128646850585938e+01 3.515103149414062500e+01 3.003767013549804688e+00 -9.993559172839808769e-01 1.939881440892825791e-03 3.583277060859928198e-02
1.863837051391601562e+01 -1.725961685180664062e+01 2.223232984542846680e+00 5.102161433688040537e-01 -8.037609435587095286e-01 3.060193337935965818e-01
