6.242742156982421875e+01 7.276168823242187500e+00 1.602388978004455566e+00 -4.569985992066912250e-01 1.296291822764815763e-02 8.893729493717161816e-01
-7.244955444335937500e+01 -8.377803802490234375e+00 8.505604743957519531e+00 -9.787572788448067884e-01 -1.378532689594479665e-01 1.517585758548856689e-01
-1.319906234741210938e+01 6.934953308105468750e+01 1.399601936340332031e+00 -3.230143720207533931e-01 9.461218824802040128e-01 -2.269579168377339543e-02
2.807621002197265625e+00 -6.679595947265625000e+01 7.919133186340332031e+00 -2.815985625573170781e-01 -9.211356610375827092e-01 2.687216841464572514e-01
-6.249564170837402344e+00 1.878480017185211182e-01 -1.685913848876953125e+01 -3.794831799645628778e-02 -1.982632035450362581e-02 -9.990830006473137015e-01
5.989556503295898438e+01 -5.089014434814453125e+01 1.474910354614257812e+01 7.287441682594443249e-01 -6.754486044334903072e-01 1.126992457681112308e-01
-4.897605514526367188e+01 -5.592614746093750000e+01 1.372391796112060547e+01 -6.071538896541495145e-01 -6.757943780856032756e-01 4.179307512324609286e-01
-5.495421600341796875e+01 3.934511184692382812e+01 1.205819994211196899e-01 -9.165749674211056686e-01 3.995265761723386655e-01 -1.639646391779036108e-02
2.511117744445800781e+01 3.887793731689453125e+01 -8.867929458618164062e+00 1.337366180200214583e-01 2.039250267736797406e-01 -9.698087958231358385e-01
3.078020095825195312e+01 -2.510152626037597656e+01 -8.919201850891113281e+00 1.284627688146985081e-01 -1.364280905761667551e-01 -9.822854438146797484e-01
-1.984009933471679688e+01 -3.615924453735351562e+01 -5.908574104309082031e+00 -6.777941713113934397e-02 -1.491061708589829504e-01 -9.864954639658182201e-01
-1.923276710510253906e+01 3.445336532592773438e+01 -1.039474105834960938e+01 -1.391944271083835338e-01 1.042616184866205081e-01 -9.847611011674451964e-01
-4.195928192138671875e+01 5.151558876037597656e+00 -7.968567848205566406e+00 -1.380532061058786231e-01 -6.545459252712657050e-02 -9.882595856357759834e-01
7.535924530029296875e+01 -2.132819747924804688e+01 1.300728797912597656e+01 9.143875887830139604e-01 -2.353462357685302819e-01 3.294047461545890343e-01
3.380040359497070312e+01 -7.034682464599609375e+01 1.772968864440917969e+01 4.249000868453235991e-01 -7.106851358966906895e-01 5.607018403878648583e-01
2.369870567321777344e+01 6.499656200408935547e+00 -4.754944801330566406e+00 -1.649859301068110767e-02 3.827410665894397102e-02 9.991310670718470677e-01
-4.965548324584960938e+01 -2.802692413330078125e+01 -5.928120017051696777e-01 -3.657997000665260678e-01 -2.346780333244319339e-01 -9.006202307888804270e-01
7.822683811187744141e+00 -3.948918151855468750e+01 6.366750001907348633e-01 -3.424270929438331251e-02 1.595672069965167472e-01 9.865929978017841107e-01
5.140805435180664062e+01 3.284246063232421875e+01 -1.446557998657226562e+00 2.776614151409367293e-01 9.585459004524470306e-01 6.398355466633640076e-02
-2.343946266174316406e+01 -6.048199844360351562e+01 5.683822154998779297e+00 -1.811505847254062662e-01 -5.186721174635302578e-01 -8.355619068743747047e-01
3.673199462890625000e+01 -4.932294464111328125e+01 1.163043975830078125e+00 1.876769862915397546e-01 -3.445489285047126926e-01 -9.198170386999685588e-01
1.530827999114990234e+00 5.015582656860351562e+01 -8.400190353393554688e+00 4.358226227316627788e-02 3.556884600511688865e-01 -9.335878672099274800e-01
-3.658103561401367188e+01 5.785684967041015625e+01 -1.206120029091835022e-01 -5.294380152451246824e-01 7.979340021687719720e-01 -2.880915066367442656e-01
4.146564006805419922e+00 2.371578598022460938e+01 -5.691043853759765625e+00 -1.093689556773961777e-02 -1.376233883459971122e-02 9.998454792342376107e-01
-6.439665222167968750e+01 1.507034683227539062e+01 8.091970086097717285e-01 -6.882074177230008694e-01 6.728098002922415499e-02 -7.223875828925536702e-01
5.456954193115234375e+01 -1.732948303222656250e+01 -2.086590051651000977e+00 3.036277115745022459e-01 -1.633684227449060389e-01 -9.386804414782874417e-01
-2.356508636474609375e+01 -1.140816020965576172e+01 -2.351545095443725586e+00 8.863076028487834601e-02 1.472320257306695135e-01 9.851229968539806370e-01
8.723922729492187500e+00 -1.451119232177734375e+01 -2.813694953918457031e+00 -3.771957154780111038e-02 1.807011543167440226e-01 9.828144925421309352e-01
7.322863769531250000e+01 2.682768249511718750e+01 9.932963371276855469e+00 4.961264122392133324e-01 8.217625649371704810e-01 2.802942559998846117e-01
-6.368859100341796875e+01 -3.870353698730468750e+01 1.351115608215332031e+01 -6.663004377572744330e-01 -4.051373009487561072e-01 6.260251544661933343e-01
-2.088491630554199219e+01 1.264025211334228516e+01 -4.952138900756835938e+00 9.103489505505361901e-02 1.598688604961355161e-02 9.957193717894374796e-01
-3.796195602416992188e+01 2.594285964965820312e+01 -2.520340919494628906e+00 1.883757604627002702e-01 -2.997449334274415733e-02 9.816394972793960338e-01
4.398893356323242188e+01 1.353343868255615234e+01 -7.958871841430664062e+00 3.371326518596883814e-01 9.708402502164778514e-02 -9.364380743731270940e-01
-3.746264266967773438e+01 -4.477681350708007812e+01 6.004700064659118652e-01 -2.934928671109237053e-01 -3.287899188828172226e-01 -8.976408670487546759e-01
7.810070037841796875e+01 -9.583420157432556152e-01 1.194599056243896484e+01 8.820719028974389753e-01 1.420139873149276095e-02 4.709007096968110262e-01
3.878944778442382812e+01 -6.455067157745361328e+00 -8.844229698181152344e+00 2.351524509948874075e-01 -5.335552554571010297e-02 -9.704929225320698682e-01
5.282585906982421875e+01 -3.712022781372070312e+01 1.454089999198913574e+00 3.570076815282320903e-01 -2.882038370805722338e-01 -8.885291574404698967e-01
-5.308345413208007812e+01 -8.375404357910156250e+00 2.279628038406372070e+00 3.625217608927168156e-01 1.479846564238082307e-01 9.201513540403943869e-01
2.169131469726562500e+01 -6.202226638793945312e+01 4.281373023986816406e+00 9.441806976877434310e-02 -4.830956612443289000e-01 -8.704618372956067773e-01
-6.905841827392578125e+00 -5.242424774169921875e+01 -1.490785002708435059e+00 -4.163300308552133483e-02 -3.640594885168639827e-01 -9.304447226326345577e-01
-8.312188148498535156e+00 -2.089555740356445312e+01 -1.041762256622314453e+01 -1.153404454113953446e-02 -1.146817753315804850e-01 -9.933353191260844151e-01
1.518430709838867188e+01 -4.636632919311523438e+00 -1.832074546813964844e+01 9.320218126573812101e-02 7.064867213308242445e-03 -9.956221376900811215e-01
-1.920329475402832031e+01 5.294145202636718750e+01 -6.041027069091796875e+00 -1.315555529883352393e-01 3.937118709281793305e-01 -9.097714543599211279e-01
5.727947235107421875e+00 5.818081855773925781e+00 -4.675567150115966797e+00 9.686231599195083142e-02 9.994661024301397523e-02 9.902668159852708873e-01
6.929309844970703125e+01 -3.730585861206054688e+01 8.279662132263183594e+00 7.056679087106051407e-01 -4.503190147889626904e-01 -5.470334427944046896e-01
4.655789566040039062e+01 -6.117385482788085938e+01 9.850419044494628906e+00 3.033702241776826680e-01 -4.847794796921277016e-01 -8.203385661736333212e-01
2.043959617614746094e+01 2.212378120422363281e+01 -1.186931610107421875e+01 1.294893470687385750e-01 1.503594064743858094e-01 -9.801145636507917480e-01
-3.238985824584960938e+01 -2.623031425476074219e+01 1.162184000015258789e+00 1.865283435683865454e-01 1.373355888580940487e-01 9.728032242332642632e-01
-6.183745956420898438e+01 -2.198662185668945312e+01 9.927286148071289062e+00 5.408762376129216953e-01 2.820737729586311748e-01 7.923933885353744433e-01
-3.409259796142578125e+01 4.226270675659179688e+01 -6.602973937988281250e+00 -2.295213637522391104e-01 2.978926877323395672e-01 -9.265958612992587495e-01
2.377733230590820312e+01 -4.019517898559570312e+01 -5.279973030090332031e+00 1.343512028610313880e-01 -3.355720468402416667e-01 -9.323846607861182578e-01
-3.972816467285156250e+01 -1.331543540954589844e+01 -6.455801963806152344e+00 -1.973442872878663490e-01 -1.294553634278312049e-01 -9.717492172132747852e-01
3.592179107666015625e+01 2.737214088439941406e+01 -3.656069040298461914e+00 -1.301832008767424553e-01 -5.513469088380032468e-02 9.899558071301129969e-01
-4.479488849639892578e+00 1.660594558715820312e+01 -1.792041778564453125e+01 -1.993066942409659481e-01 8.396736722214602766e-01 -5.051979471542472622e-01
6.745727539062500000e+01 -8.231504440307617188e+00 1.951997041702270508e+00 4.877974318529190723e-01 -1.109929720587334023e-01 -8.658719452847897236e-01
2.457646179199218750e+01 -1.137372875213623047e+01 -2.889473915100097656e+00 2.984290843861395204e-02 6.292788417920613941e-02 9.975717930097326436e-01
-6.213212966918945312e+00 -3.159665679931640625e+01 1.548020005226135254e+00 1.291442279746372324e-01 2.764172691176540117e-02 9.912404871241743409e-01
1.375985431671142578e+01 -2.824263954162597656e+01 -9.044139862060546875e+00 5.403781432850449790e-02 -2.280380700009632666e-01 -9.721515073551210140e-01
-3.541190719604492188e+01 -6.365548706054687500e+01 1.538677215576171875e+01 -3.264108730845496908e-01 -6.693968433901833492e-01 6.673558331141191680e-01
1.161548614501953125e+01 1.085315227508544922e+01 -1.832782745361328125e+01 5.974617440433630661e-02 6.375859760594025649e-02 -9.961753037871248218e-01
4.507855892181396484e+00 -1.601202201843261719e+01 -1.785348510742187500e+01 1.561621371937952085e-01 -4.780348680435175246e-01 -8.643471824687595229e-01
8.655081748962402344e+00 -5.501533508300781250e+01 -5.962010025978088379e-01 3.881143290870545104e-02 -5.393300873122444106e-01 -8.411995777432010879e-01
-3.862884998321533203e+00 3.576350402832031250e+01 -1.108244037628173828e+01 -1.729508072668633307e-03 1.320688935458871616e-01 -9.912390307889372698e-01
-8.813958168029785156e+00 -7.046984195709228516e+00 -3.553138971328735352e+00 1.040659788809375833e-02 6.582105427654106125e-03 9.999241864304188043e-01
7.647145080566406250e+01 1.257655715942382812e+01 4.892781257629394531e+00 6.249310407066119843e-01 5.675465013286145471e-02 -7.786142202976048532e-01
1.020084953308105469e+01 3.790853500366210938e+01 -5.297366142272949219e+00 -1.577911672808572077e-03 -8.738612887923341566e-02 9.961732653882330313e-01
-5.323771286010742188e+01 2.451193237304687500e+01 -3.692589044570922852e+00 -3.270879602224366911e-01 8.777947183821281640e-02 -9.409081945659363289e-01
6.265523147583007812e+01 2.251611900329589844e+01 -1.888370066881179810e-01 5.263972956980587092e-01 1.560789088425129922e-01 -8.357902017230766090e-01
-4.917346191406250000e+01 -3.997911834716796875e+01 9.052157402038574219e+00 3.380414277408192447e-01 3.089032569699858288e-01 8.889919971317421510e-01
3.773853302001953125e+01 -3.422606277465820312e+01 9.523109793663024902e-01 -9.936772664376823661e-02 2.398858589464215041e-01 9.657022468541672788e-01
5.134403610229492188e+01 -2.600924015045166016e+00 -1.352954030036926270e+00 -2.680062499945145560e-01 4.805524816884656353e-02 9.622179291030220627e-01
-2.788502120971679688e+01 4.854330122470855713e-01 -1.050232410430908203e+01 -1.675099612108252589e-01 -1.000585164059814985e-01 -9.807796420143424232e-01
-4.039999912492930889e-04 6.255816268920898438e+01 -1.079540029168128967e-01 7.749685829749828336e-01 3.776607309864322692e-01 5.067504984433076620e-01
-1.061193180084228516e+01 2.324987602233886719e+01 -5.568832874298095703e+00 9.972705275242335979e-03 -2.901534112354595130e-02 9.995292167460525512e-01
-2.319124031066894531e+01 -4.591945266723632812e+01 4.389217853546142578e+00 1.589228213210495955e-01 3.642683343454985456e-01 9.176339779326578849e-01
-5.560301971435546875e+01 4.570439815521240234e+00 -3.497590065002441406e+00 -3.871485654003386512e-01 -5.302485031067623311e-02 -9.204913652816032466e-01
6.343929290771484375e+01 -2.453194046020507812e+01 6.193993091583251953e+00 -4.070084392653047778e-01 2.219941700290156694e-01 8.860376509155518665e-01
4.064779663085937500e+01 -1.829005622863769531e+01 -1.672924995422363281e+00 -1.701770127656220821e-01 1.554832795443589211e-01 9.730697478127146027e-01
2.143462181091308594e+01 -7.351789093017578125e+01 1.214271545410156250e+01 -6.917365163878861356e-01 -7.180622948281154549e-01 7.672765239294200568e-02
-9.936746597290039062e+00 -6.131018066406250000e+01 8.888887405395507812e+00 5.988137307015085897e-02 4.194741802332907499e-01 9.057900602660874378e-01
-8.099142074584960938e+00 7.191347122192382812e+00 -4.231767177581787109e+00 -8.177928073576921919e-02 1.788747110251346362e-01 9.804672289260946139e-01
-1.796948051452636719e+01 -2.369869041442871094e+01 -9.770060181617736816e-01 3.259714933972549522e-01 4.799786665627011062e-01 8.144710339459929616e-01
-3.321591567993164062e+01 1.546544361114501953e+01 -9.651762008666992188e+00 -2.021306289246774246e-01 -2.847909154642545848e-02 -9.789444060799390446e-01
4.816976165771484375e+01 -4.788389968872070312e+01 8.189935684204101562e+00 -3.129632578149723066e-01 3.995240307247587275e-01 8.616464171174166298e-01
-4.384230422973632812e+01 4.668400573730468750e+01 1.657276988029479980e+00 2.446322232223500093e-01 -2.967607722663074821e-01 9.230861928363975899e-01
3.341738128662109375e+01 -5.900007247924804688e+01 9.748475074768066406e+00 -2.496652231888376039e-01 5.552561571115949279e-01 7.933207902984339421e-01
-2.429014396667480469e+01 6.218879699707031250e+01 2.520092964172363281e+00 1.545237504704545795e-01 -4.032984036770125846e-01 9.019272743032655804e-01
1.976728820800781250e+01 -4.912949752807617188e+01 3.568948984146118164e+00 -7.575258670475130962e-02 3.215927475606007446e-01 9.438430220772747736e-01
3.142013168334960938e+01 1.524520492553710938e+01 -1.063258075714111328e+01 2.027640563679334040e-01 3.035225689341892324e-02 -9.787571087592148444e-01
1.371476078033447266e+01 5.029319381713867188e+01 -3.918578147888183594e+00 5.193553975541735923e-01 8.539203208698533665e-01 3.301600576800363396e-02
1.483485889434814453e+01 -3.167423963546752930e+00 -4.075820922851562500e+00 -7.453875453835802356e-02 1.056834001100148690e-01 9.916022352803854911e-01
-2.537591552734375000e+01 2.461176109313964844e+01 -4.610239028930664062e+00 9.272381252563265119e-02 -2.568943285882510121e-03 9.956885532741176492e-01
-1.251648139953613281e+01 -1.092444419860839844e+01 -1.719443321228027344e+01 -6.823823712857486345e-01 -6.071360387422910510e-01 -4.071119377011169771e-01
-9.324151992797851562e+00 4.498922729492187500e+01 -4.194841861724853516e+00 2.934223334208918565e-02 -1.452113963069297242e-01 9.889654613408348505e-01
1.112403035163879395e+00 -2.966650199890136719e+01 -8.757392883300781250e+00 -4.193673570346573981e-03 -2.412149703535427514e-01 -9.704626480083222706e-01
-4.489275360107421875e+01 1.539283657073974609e+01 -1.132007002830505371e+00 1.293748789358777906e-01 2.748958190061267376e-02 9.912146405230587431e-01
-3.303850173950195312e+01 -5.292916107177734375e+01 9.111605644226074219e+00 2.216809605521093962e-01 3.401100106311801263e-01 9.138833253742801865e-01
-2.948868036270141602e+00 -4.126555252075195312e+01 -5.726922988891601562e+00 -5.158434075231774218e-02 -2.026217631450499823e-01 -9.778974776985264183e-01
3.599650192260742188e+01 4.790616989135742188e+00 -4.159039020538330078e+00 -1.334231863707828203e-01 1.452781892964821048e-02 9.909526708253098004e-01
1.737519645690917969e+01 -1.665006256103515625e+01 -1.134795093536376953e+01 3.159313417067222823e-02 -1.471637334330786751e-01 -9.886074597307626943e-01
-1.417799091339111328e+01 9.424706459045410156e+00 -1.609204673767089844e+01 -8.382574215900107095e-01 5.217504902706846526e-01 1.584327019638540335e-01
-6.369136047363281250e+01 -2.363457918167114258e+00 2.462013959884643555e+00 -2.903754691319797021e-01 3.326306404898331515e-01 8.972396245896110401e-01
-4.440564727783203125e+01 3.597625732421875000e+01 -5.109695911407470703e+00 -3.219622662414389769e-01 1.977371271866727176e-01 -9.258727383656127907e-01
2.727683258056640625e+01 -3.129348039627075195e+00 -1.139651870727539062e+01 1.846094636188916616e-01 -5.862273569319564025e-03 -9.827944747967114481e-01
2.271223831176757812e+01 -2.903981971740722656e+01 -8.861029744148254395e-01 -1.237298170348392727e-02 1.372806890794588397e-01 9.904549064594683205e-01
5.085716247558593750e+01 2.074683380126953125e+01 -1.304123044013977051e+00 -3.428128970277463106e-01 -7.828607055707077766e-02 9.361359990878339588e-01
1.435096073150634766e+01 1.408766841888427734e+01 -5.348093986511230469e+00 1.789098093967526198e-02 9.254140593201767850e-02 9.955480907465704687e-01
-3.553348159790039062e+01 -3.018270969390869141e+00 -2.072052001953125000e+00 1.469498718417082683e-01 1.096531599923608463e-01 9.830472621748128637e-01
-1.227310943603515625e+01 -4.207286071777343750e+01 1.568423986434936523e+00 6.645197917803312426e-02 2.011734033262119747e-01 9.772990311350315817e-01
-1.792324256896972656e+01 6.462780237197875977e-01 -4.134838104248046875e+00 -5.087729383465997707e-03 1.202523036523590327e-01 9.927303251518115879e-01
4.669913101196289062e+01 -2.815813636779785156e+01 -3.599563121795654297e+00 8.109562449059494194e-01 -5.696722733416617057e-01 -1.335045685876884713e-01
7.759158325195312500e+01 -1.149526882171630859e+01 6.840149879455566406e+00 8.732685608530148524e-01 -1.790117629319046832e-01 -4.531631156192169607e-01
3.621339035034179688e+01 3.898726654052734375e+01 -5.173860073089599609e+00 4.504642402866397277e-01 8.826797962053771762e-01 -1.340087519299175689e-01
-2.701610183715820312e+01 -2.117494201660156250e+01 -7.917721748352050781e+00 -1.653243533981574032e-01 -1.048461895921713738e-01 -9.806503631271870081e-01
-4.054940414428710938e+01 -3.401771545410156250e+01 4.109289169311523438e+00 2.478977802783271234e-01 2.342302934785358837e-01 9.400440735146610161e-01
5.335822105407714844e+00 1.246152997016906738e+00 -1.673050117492675781e+01 3.228959323238286133e-02 1.143516086934086989e-02 -9.994131374285509795e-01
-8.241705894470214844e+00 5.647161865234375000e+01 -5.552545070648193359e+00 -4.040359823594308342e-02 4.044950695678365959e-01 -9.136472448078084563e-01
-5.803096008300781250e+01 -3.243801116943359375e+01 5.826035022735595703e+00 -5.365211747523195296e-01 -2.634193458057239590e-01 -8.017201988834230519e-01
-5.597434997558593750e+01 -4.700716018676757812e+01 1.497599887847900391e+01 -3.920192409860201455e-01 -2.896004305507151599e-01 8.731852640313996217e-01
-2.320058822631835938e+01 4.239553451538085938e+01 -3.269325017929077148e+00 8.949799244735551218e-02 -9.124111358007566674e-02 9.917989557065287620e-01
-3.106372642517089844e+01 -3.649898529052734375e+01 -3.829499959945678711e+00 -2.348439442567670787e-01 -2.861043421991397162e-01 -9.289739647701230618e-01
2.525398015975952148e+00 -5.054598808288574219e+00 -3.832241058349609375e+00 2.698714646566411843e-02 5.180988056541057513e-02 9.982922569074843544e-01
-5.655839538574218750e+01 -1.895570945739746094e+01 2.302850037813186646e-01 -4.385572804405458158e-01 -1.426698487548284655e-01 -8.873065006123120879e-01
-6.001300215721130371e-01 -2.068686866760253906e+01 -2.342396020889282227e+00 -4.680270863812526112e-03 1.036518300722627239e-01 9.946026307964964674e-01
5.316190719604492188e+01 7.975608825683593750e+00 -4.881247997283935547e+00 4.304243068048089760e-01 2.509211624614333599e-02 -9.022778406975813237e-01
1.349957847595214844e+01 -6.573558044433593750e+01 1.078232288360595703e+01 -4.993491255745791807e-02 6.035233801504009676e-01 7.957801418229244472e-01
-4.552330398559570312e+01 -1.792985534667968750e+01 1.794291019439697266e+00 1.216116018384090780e-01 1.528898180991964673e-01 9.807320336462405086e-01
1.178693962097167969e+01 2.894528961181640625e+01 -1.176815605163574219e+01 6.789226168572869147e-02 1.522884080035558363e-01 -9.860014612519288901e-01
-4.663636016845703125e+01 -4.615992069244384766e+00 -5.999606132507324219e+00 -2.412313922513553421e-01 -1.121639214277780627e-01 -9.639640398492133055e-01
7.191573333740234375e+01 1.874225974082946777e+00 3.298640966415405273e+00 3.982616275294063590e-01 -1.396952390970516121e-02 -9.171654858526703258e-01
5.907384490966796875e+01 -4.126752853393554688e+01 9.489014625549316406e+00 -2.961526954556849001e-01 3.033381466716569830e-01 9.056928561869838079e-01
-6.163509368896484375e+01 2.537333488464355469e+01 3.235116958618164062e+00 -6.664886827370551936e-01 3.200538772677079535e-01 6.733189076725322186e-01
1.005099993199110031e-02 -5.653959655761718750e+01 5.879223823547363281e+00 1.987573751923971122e-02 4.687839572896052576e-01 8.830892120538921253e-01
2.547175979614257812e+01 2.877352714538574219e+01 -5.292961120605468750e+00 -1.702601280071564527e-01 -1.314497904367424030e-01 9.765922595459802791e-01
-1.508371353149414062e+01 -5.269283294677734375e+01 5.320911884307861328e+00 1.119179956769954937e-01 4.038618811866861447e-01 9.079482051130423059e-01
-3.169518089294433594e+01 3.208444595336914062e+01 -8.663574218750000000e+00 -1.759941586868815910e-01 1.208437478055822689e-01 -9.769456713269155657e-01
-1.670096206665039062e+01 -1.133448958396911621e+00 -1.576387310028076172e+01 -9.885896921808667859e-01 -1.462515604396831259e-01 3.606801329012701562e-02
-1.072122192382812500e+01 -3.098156738281250000e+01 -8.016281127929687500e+00 -4.563507832978844908e-02 -2.468703486009961312e-01 -9.679733832122950909e-01
-6.210852050781250000e+01 -1.180733394622802734e+01 7.027613162994384766e+00 5.584609426615300132e-01 2.476407171502998106e-01 7.917041434342001471e-01
-3.223480224609375000e+01 6.953513145446777344e+00 -3.352075099945068359e+00 1.157452018466798987e-01 6.018661324474884611e-02 9.914537910742983184e-01
-2.813847923278808594e+01 5.137776947021484375e+01 -6.018199920654296875e-01 1.731356044270680183e-01 -2.731916666475683320e-01 9.462506939252397498e-01
-4.496983337402343750e+01 -4.946189117431640625e+01 6.387526035308837891e+00 -3.618273501770168377e-01 -4.315444993777319271e-01 -8.263475744023824898e-01
-1.881226730346679688e+01 2.051337242126464844e+01 -1.173729896545410156e+01 -1.439094677030526570e-01 3.380328697466107590e-02 -9.890133481885534650e-01
-1.790728187561035156e+01 -1.654287910461425781e+01 -1.017125511169433594e+01 -2.186781670643758169e-01 -2.493119447619645546e-01 -9.434105222268681645e-01
1.750583457946777344e+01 4.116771221160888672e+00 -1.283133125305175781e+01 1.504903018883607668e-01 3.354321762819576641e-02 -9.880422671063711082e-01
3.228894042968750000e+01 -1.462457084655761719e+01 -9.318537712097167969e+00 1.335880794027651808e-01 -1.205379685922247229e-01 -9.836792277816689412e-01
-5.156869888305664062e-01 1.440286159515380859e+01 -5.152260780334472656e+00 2.479822268705852983e-02 5.169294103129212781e-02 9.983550911369654113e-01
8.647410273551940918e-01 -4.689165115356445312e+01 2.316962957382202148e+00 1.310526004177880316e-02 2.519847033150276472e-01 9.676424760491215693e-01
1.469955158233642578e+01 -4.512514877319335938e+01 -4.437963962554931641e+00 8.827038082971400135e-02 -3.734073263579562596e-01 -9.234583415024091302e-01
1.702186203002929688e+01 -2.059875488281250000e+01 -1.911694049835205078e+00 -5.051897471801646000e-02 1.995657117242840561e-01 9.785812995849759721e-01
4.519990158081054688e+01 2.233407020568847656e+00 -7.946278095245361328e+00 3.474064108341589630e-01 -7.930250653592207932e-03 -9.376811274819915054e-01
4.755211257934570312e+01 -1.094812107086181641e+01 -6.109932899475097656e+00 2.643036496483153197e-01 -1.209656029015800521e-01 -9.568233398581149629e-01
4.415077590942382812e+01 -4.232469177246093750e+01 5.026890039443969727e-01 2.653160091546622468e-01 -2.831860218308355770e-01 -9.216360953900777364e-01
-3.387803077697753906e+00 2.569407463073730469e+01 -1.230556106567382812e+01 -1.381411377916738278e-02 2.577871345965410121e-02 -9.995722225996785948e-01
-4.001655578613281250e+01 -2.333313560485839844e+01 -4.833779811859130859e+00 -3.843771327759266110e-01 -2.637464720451489497e-01 -8.846988291405698535e-01
7.669878005981445312e+00 -2.922504043579101562e+01 -1.027498960494995117e+00 -7.291482536960824067e-03 1.092648819062521232e-01 9.939859253854785859e-01
3.049310874938964844e+01 -4.142436981201171875e+01 2.166744947433471680e+00 -4.695184185123668641e-02 2.353621498613356622e-01 9.707729821948211102e-01
2.808103179931640625e+01 -5.464989089965820312e+01 1.809572935104370117e+00 1.193099344960976554e-01 -3.530563286435720038e-01 -9.279635598100062222e-01
-5.447300720214843750e+01 1.350237369537353516e+01 1.259804964065551758e+00 3.396004826228808948e-01 -1.947623122157904688e-02 9.403681133575881868e-01
5.617501258850097656e+00 1.684146308898925781e+01 -1.292385768890380859e+01 -8.080989370828690899e-03 5.113037319117644947e-02 -9.986592925257941067e-01
5.431563568115234375e+01 -2.723083686828613281e+01 2.954321861267089844e+00 -1.821879106288427363e-01 1.939247008472052003e-01 9.639506084971463107e-01
-3.099421691894531250e+01 -9.037986755371093750e+00 -8.676534652709960938e+00 -2.219382046940087116e-01 -1.430653080840887104e-01 -9.645080356948847466e-01
-3.216041183471679688e+01 -1.626394653320312500e+01 -6.807590126991271973e-01 1.434445003861517243e-01 1.924805690518173740e-01 9.707599630425927106e-01
5.182593154907226562e+01 -5.636243820190429688e+01 1.679611587524414062e+01 -7.739238267940196092e-02 2.041963450021593018e-01 9.758659087143910504e-01
-2.626059055328369141e+00 -9.133815765380859375e+00 -1.697303390502929688e+01 5.636289508346013083e-02 1.227092076091845924e-01 -9.908408925885815455e-01
4.162379837036132812e+01 -6.423444366455078125e+01 1.789182472229003906e+01 -9.074507356078931331e-02 8.610085822741123107e-02 9.921451374859174832e-01
7.006889343261718750e+01 -1.746777343750000000e+01 4.392569065093994141e+00 3.118021392210003628e-01 -1.210103229523195739e-01 -9.424096390191385453e-01
2.881943511962890625e+01 -6.771073150634765625e+01 9.310997962951660156e+00 1.563144314550473646e-01 -4.682938073799687850e-01 -8.696359631986582128e-01
6.110888290405273438e+01 -1.810873985290527344e+00 -1.884976029396057129e+00 2.700359385167985793e-01 -6.438549261239473465e-02 -9.606951130563801122e-01
7.251074981689453125e+01 -2.821778297424316406e+01 6.718379020690917969e+00 4.387081174400803141e-01 -2.445956741855934424e-01 -8.647011876144704567e-01
-3.010183525085449219e+01 -5.112711715698242188e+01 -3.999700024724006653e-02 -3.510288443130549774e-01 -4.976644857639290764e-01 -7.931637977552714602e-01
-6.707247161865234375e+01 -2.969514846801757812e+01 1.266862964630126953e+01 -8.355089659937676716e-01 1.948865819208330241e-01 5.137547935846825675e-01
-1.109651565551757812e+01 3.295690917968750000e+01 -5.346042156219482422e+00 3.365585507346970789e-02 -1.760246200144871195e-02 9.992784580639979541e-01
2.228321647644042969e+01 1.257415580749511719e+01 -1.215583324432373047e+01 6.865890279403170926e-02 7.506093436079282200e-03 -9.976119554358039432e-01
6.722639465332031250e+01 1.521508407592773438e+01 4.207928180694580078e+00 -3.735085734687183523e-01 -7.104803092881653570e-02 9.249018990392985362e-01
1.108168959617614746e+00 4.119484329223632812e+01 -4.892100811004638672e+00 2.470144087730779311e-03 -1.739813799667413174e-01 9.847458442730562256e-01
-1.530974674224853516e+01 5.974181747436523438e+01 9.279499948024749756e-02 7.451618042673288644e-02 -3.234083908473278646e-01 9.433209165412121955e-01
-1.177954864501953125e+01 -1.616249275207519531e+01 -2.820616006851196289e+00 9.471836602190925047e-02 1.801299812969717196e-01 9.790718160462449360e-01
4.526345062255859375e+01 2.694959640502929688e+01 -5.960933208465576172e+00 3.768997408577172137e-01 2.208074609284083334e-01 -8.995502490354472247e-01
-2.635222053527832031e+01 -6.583499145507812500e+01 1.305265331268310547e+01 6.904279657926478686e-01 -6.818314180510361977e-01 2.416922452416285505e-01
1.688789939880371094e+01 -3.654704284667968750e+01 3.211190104484558105e-01 3.126309076360186956e-02 1.868951874719999295e-01 9.818822781045153381e-01
6.785583972930908203e+00 -2.197834396362304688e+01 -1.069707107543945312e+01 -3.001914779438093553e-03 -1.089153390201501176e-01 -9.940464966156173920e-01
3.116817665100097656e+01 -3.415816116333007812e+01 -5.933959007263183594e+00 2.406894019573344035e-01 -3.074692236930008371e-01 -9.206146252732704260e-01
-2.436150741577148438e+01 -3.128754615783691406e+01 8.406490087509155273e-01 1.165679820923887777e-01 1.422735168410138029e-01 9.829395464404707683e-01
6.141769790649414062e+01 -3.358636856079101562e+01 4.409853935241699219e+00 3.890311103938081105e-01 -3.053643170776513815e-01 -8.691417772731098168e-01
-2.186471366882324219e+01 -7.153786182403564453e+00 -1.060199546813964844e+01 -1.051147584969261417e-01 -8.318625707926272095e-02 -9.909747394254182495e-01
1.032101154327392578e+01 -1.057388114929199219e+01 -1.277726364135742188e+01 3.225998088253221874e-01 -5.383174744137974033e-01 -7.785522847481830544e-01
-6.146899795532226562e+01 6.631178855895996094e+00 3.780075073242187500e+00 4.526775484466185606e-01 3.233222450146353011e-02 8.910879105852275162e-01
2.640997314453125000e+01 -2.050278282165527344e+01 -2.070456027984619141e+00 2.945407133489985271e-02 9.678001821494240653e-02 9.948698838321089477e-01
-4.067155075073242188e+01 -5.823529815673828125e+01 9.860857963562011719e+00 -3.748993049791192189e-01 -5.540677736109804741e-01 -7.432761353440215935e-01
-4.692272186279296875e+01 3.014614105224609375e+00 -3.842079937458038330e-01 1.320999984586855580e-01 8.028549118617661629e-02 9.879796710014885353e-01
1.407778453826904297e+01 -5.719028854370117188e+01 6.639961242675781250e+00 -1.159337534558414241e-02 4.166243778098711603e-01 9.090047972715182834e-01
4.075602722167968750e+01 -5.344556045532226562e+01 8.523727416992187500e+00 -2.832646975645007892e-01 5.264483458417100747e-01 8.016316175614700557e-01
1.678598213195800781e+01 4.318845367431640625e+01 -9.041669845581054688e+00 1.424391956883095667e-01 1.767448423234591059e-01 -9.738954442052407678e-01
-8.768020272254943848e-01 8.057939529418945312e+00 -1.700992584228515625e+01 5.645490819778674341e-02 -8.259339343020673241e-02 -9.949830022176571198e-01
5.697205066680908203e+00 5.572204971313476562e+01 -2.392115116119384766e+00 5.690133268085136864e-01 4.361075344315732960e-01 6.971614248696794691e-01
3.710171127319335938e+01 1.812642097473144531e+01 -3.977365970611572266e+00 -1.791722673413239098e-01 -6.178359026936288551e-02 9.818757999814420323e-01
-4.989173507690429688e+01 3.167464637756347656e+01 8.350719809532165527e-01 3.089526679009460541e-01 -1.211191912643373586e-01 9.433336581000174581e-01
-1.657769012451171875e+01 4.313668823242187500e+01 -9.464217185974121094e+00 -9.110395741962834526e-02 1.646694744552152367e-01 -9.821323908339067987e-01
5.846688079833984375e+01 -9.860134124755859375e+00 1.392097949981689453e+00 -1.437655130470194831e-01 1.175973551349199370e-01 9.825997859370816379e-01
8.564963340759277344e+00 -3.552752685546875000e+01 -7.495351791381835938e+00 -1.001577437869074182e-02 -2.211943364348442631e-01 -9.751783169209331525e-01
5.767029953002929688e+01 1.494258499145507812e+01 1.091469973325729370e-01 -2.006292243251011076e-01 -3.681923363576655034e-02 9.789751061090282702e-01
3.543022537231445312e+01 -2.571249771118164062e+01 -1.040521025657653809e+00 -8.803874044860861281e-02 2.088768261736491105e-01 9.739710733219163474e-01
3.152309226989746094e+01 -5.070320129394531250e+00 -3.683748960494995117e+00 1.437356656791148601e-02 9.310354282836505457e-02 9.955526761035421446e-01
-4.491200256347656250e+01 2.225588226318359375e+01 -6.974018096923828125e+00 -3.746210150989554011e-01 9.077629129302063060e-02 -9.227235555600133976e-01
3.023983383178710938e+01 6.234477043151855469e+00 -1.093150806427001953e+01 1.725975917042955332e-01 -8.135651768341538650e-03 -9.849588227475205571e-01
-2.666819381713867188e+01 9.362272262573242188e+00 -1.098296165466308594e+01 -1.678702947378430677e-01 1.237876591871589667e-02 -9.857313682230871565e-01
2.176626205444335938e+01 -2.426388549804687500e+01 -9.310408592224121094e+00 1.323730810559740900e-01 -2.116111027797286104e-01 -9.683481339849298042e-01
1.828228569030761719e+01 3.407704925537109375e+01 -5.472136974334716797e+00 -6.734520728122024569e-02 -7.193456583667284798e-02 9.951331776672602825e-01
-1.504531574249267578e+01 -3.230893707275390625e+01 6.070820093154907227e-01 -1.987170627649779420e-01 1.012395103537252206e-01 9.748138748034917977e-01
2.755882024765014648e+00 3.251168441772460938e+01 -5.712705135345458984e+00 2.162401428083693400e-02 3.007974622206766036e-02 9.993135698436194092e-01
1.403429412841796875e+01 2.289734458923339844e+01 -5.717473030090332031e+00 2.070031238521312031e-02 2.140421642317259267e-03 9.997834343808400526e-01
-1.923562622070312500e+01 -4.457321548461914062e+01 -3.372227907180786133e+00 -1.651472057264760929e-01 -4.083438742918388265e-01 -8.977648248673302245e-01
-4.547577857971191406e+00 6.945817565917968750e+01 3.004599094390869141e+00 7.657721029619668496e-01 6.163300225220612605e-01 1.836583503768948744e-01
2.024298858642578125e+01 -8.367328643798828125e+00 -1.209533023834228516e+01 2.338264246617137443e-01 -1.441786887977228038e-01 -9.615288393108597509e-01
3.760324478149414062e+01 -6.696382904052734375e+01 1.056011867523193359e+01 1.844418524036235130e-01 -4.895435816959002318e-01 -8.522489569968797474e-01
4.275223541259765625e+01 3.426061248779296875e+01 -1.689055919647216797e+00 -1.617273111700826549e-01 -1.632456728356684039e-01 9.732395014189082483e-01
7.441024017333984375e+01 1.824404335021972656e+01 1.130122375488281250e+01 -1.767383962920924534e-01 -1.173695773182651669e-01 9.772348344160840528e-01
2.476450920104980469e+01 1.779656600952148438e+01 -5.523266792297363281e+00 6.985310985846372635e-04 6.947106333351149576e-02 9.975837225083495907e-01
6.606171417236328125e+01 -4.233942413330078125e+01 1.467614269256591797e+01 5.964146046218432584e-01 -4.225583019808483720e-01 6.824471414115765855e-01
-3.031541252136230469e+01 -4.088579559326171875e+01 3.776045083999633789e+00 1.784823112419944013e-01 3.244913500104217308e-01 9.288968878955993214e-01
-3.730042266845703125e+01 4.978429031372070312e+01 -3.543111085891723633e+00 -1.927345873534156984e-01 2.268294003840758966e-01 -9.546736625460603420e-01
5.889935684204101562e+01 3.005790710449218750e+01 2.012965917587280273e+00 1.744244991917727472e-01 7.892152394730284071e-01 5.888254409120157185e-01
-4.334220123291015625e+01 -9.436755180358886719e+00 4.043599963188171387e-01 1.343594561754991867e-01 1.197911997983409638e-01 9.836653927973159073e-01
3.100810050964355469e+01 2.387541198730468750e+01 -9.981453895568847656e+00 8.734991489996192515e-02 5.010049221806000402e-02 -9.949170483243703345e-01
-1.246835231781005859e+01 1.463631534576416016e+01 -5.365828990936279297e+00 -6.505394125303467535e-03 4.716397948763008385e-02 9.988659764383631678e-01
-1.335082054138183594e+00 -1.585434913635253906e+01 -1.151262760162353516e+01 -7.057818424432231452e-02 -1.158411198541908910e-01 -9.907570614735489167e-01
6.720170593261718750e+01 2.854442787170410156e+01 3.967787027359008789e+00 6.604544917878710231e-02 9.578543597658126796e-01 2.795586237632405879e-01
-2.166344451904296875e+01 -2.792320442199707031e+01 -7.652506828308105469e+00 -1.478204274719640277e-01 -2.108415178293328307e-01 -9.662789325973266674e-01
1.432659816741943359e+01 5.465950012207031250e+00 -4.888821125030517578e+00 -6.314786004047459600e-02 5.014800002069792761e-02 9.967434604080593896e-01
6.122614860534667969e+00 -4.629361343383789062e+01 -4.470330238342285156e+00 4.179151101398337342e-02 -4.049032657697101412e-01 -9.134039714037769375e-01
5.432497406005859375e+01 -5.385638809204101562e+01 8.845762252807617188e+00 2.306820019449914994e-01 -3.804490917886652057e-01 -8.955692617189532356e-01
-4.917533493041992188e+01 9.688113212585449219e+00 -6.002291202545166016e+00 -3.542241102529186669e-01 1.216798122380121153e-02 -9.350813974988836375e-01
-3.638937759399414062e+01 3.532041168212890625e+01 -2.121838092803955078e+00 2.008747207831214632e-01 -9.771156834244691669e-02 9.747316533089311896e-01
-2.699854278564453125e+01 -3.584801912307739258e+00 -2.987478971481323242e+00 8.522678707700943879e-02 9.081973464733947288e-02 9.922137726130981772e-01
7.015808105468750000e+01 -3.128814315795898438e+01 1.433689403533935547e+01 -6.803225497323661664e-02 1.550571865383783554e-01 9.855601864858680727e-01
-2.115962028503417969e+00 -1.234179401397705078e+01 -3.456141948699951172e+00 -2.444842858615433115e-03 4.922416869140152501e-02 9.987847635802404866e-01
-5.416695022583007812e+01 -2.482218360900878906e+01 5.951776981353759766e+00 4.135755161621373910e-01 2.318980198878212717e-01 8.804422756792913418e-01
-4.831460571289062500e+01 -3.628116989135742188e+01 1.408774018287658691e+00 -4.380898979988110953e-01 -3.437061197492490283e-01 -8.306282829992645000e-01
8.507836341857910156e+00 4.532880020141601562e+01 -9.174301147460937500e+00 4.626856632992761009e-02 2.129385010450158267e-01 -9.759694741857836142e-01
7.596369934082031250e+01 7.268505096435546875e+00 1.152442550659179688e+01 -3.715846600391198296e-01 5.857000173559687856e-02 9.265497263073926293e-01
-3.164438056945800781e+01 -6.128759765625000000e+01 8.169054985046386719e+00 -2.569824038973342883e-01 -5.789596371374835515e-01 -7.737995752472217603e-01
-8.826215744018554688e+00 -2.385542106628417969e+01 -8.337630033493041992e-01 -1.470074206113247163e-03 4.296074488957797866e-01 9.030145506773900044e-01
-2.203750610351562500e+01 -5.362371826171875000e+01 5.783609747886657715e-01 1.055201627660755197e-02 -5.614034757313074442e-01 -8.274749497050080116e-01
2.325685501098632812e+01 -2.073920011520385742e+00 -4.028192996978759766e+00 -4.450549785106102524e-02 9.817483127402878984e-02 9.941735075756872320e-01
-1.395281124114990234e+01 2.796706199645996094e+01 -1.174102592468261719e+01 -9.539096052377860069e-02 1.224556513199358959e-01 -9.878791313263789453e-01
1.070509243011474609e+01 -4.749057388305664062e+01 2.654938936233520508e+00 -4.844880284591027153e-03 2.338572814605488492e-01 9.722588642141092308e-01
-2.484596252441406250e+01 3.407204437255859375e+01 -4.119623184204101562e+00 1.196253624646340386e-01 -1.069885038659741383e-01 9.870376044993044440e-01
6.249763870239257812e+01 -1.819242668151855469e+01 6.231250166893005371e-01 4.652573215398462247e-01 -1.867613911880504907e-01 -8.652489858503574771e-01
-3.759628295898437500e+01 -3.125889587402343750e+01 -3.476454019546508789e+00 -2.299455707223500012e-01 -2.258518116355804628e-01 -9.466340336614245121e-01
2.645627212524414062e+01 -4.742810440063476562e+01 -2.061151981353759766e+00 2.087024944252905967e-01 -4.261134117954895051e-01 -8.802673622875434312e-01
3.186851692199707031e+01 3.280570220947265625e+01 -8.811862945556640625e+00 2.000118676680076868e-01 2.198455755820088453e-01 -9.548105443955731131e-01
-1.062953948974609375e+01 1.861252975463867188e+01 -1.265925407409667969e+01 1.355626213117021474e-05 -4.693329228315322801e-03 -9.999889861778391564e-01
-3.329776000976562500e+01 2.391935348510742188e+01 -9.125011444091796875e+00 -2.101247968466534721e-01 1.276091318463855040e-01 -9.693108269381729425e-01
-4.177906990051269531e+00 -1.642999947071075439e-01 -3.557558059692382812e+00 6.667709095127860586e-02 -9.380129593716388103e-02 9.933556676351041892e-01
-4.118721771240234375e+01 1.360465431213378906e+01 -8.344250679016113281e+00 -2.135744501888648395e-01 3.082775597955132729e-03 -9.769219266252225919e-01
8.247005462646484375e+00 -6.218657684326171875e+01 3.596660137176513672e+00 -6.864853244904334240e-02 -4.783610169119178468e-01 -8.754759371288217684e-01
-5.803435134887695312e+01 3.164504432678222656e+01 -7.054709792137145996e-01 -4.481587798011431589e-01 1.474440883683544590e-01 -8.817108079707174362e-01
1.333770990371704102e+00 -3.447039794921875000e+01 -4.707299917936325073e-02 1.372336962233169644e-01 1.449540906420030140e-01 9.798751064431814317e-01
-5.733587646484375000e+01 -4.092243194580078125e+01 8.756711959838867188e+00 -5.135346123781279193e-01 -3.820460767191846685e-01 -7.683247992568799090e-01
-8.106816291809082031e+00 6.418051147460937500e+01 -2.449625968933105469e+00 -6.429105165090853724e-02 4.513040863067517838e-01 -8.900512807476028687e-01
-4.230537796020507812e+01 -2.606076622009277344e+01 2.544306039810180664e+00 1.798308606076719218e-01 1.815318428371124337e-01 9.668024884169805766e-01
-4.951798629760742188e+01 -1.311775493621826172e+01 -3.521737098693847656e+00 -2.913895014233339187e-01 -1.237776337753665606e-01 -9.485627316299286571e-01
-2.966988372802734375e+01 -2.874359130859375000e+01 -6.198937892913818359e+00 -1.536937824114630591e-01 -1.691289249151263774e-01 -9.735366598157008111e-01
-1.093737888336181641e+01 -3.895664978027343750e+01 -5.866180896759033203e+00 -4.938958245663913754e-02 -2.788069027176210968e-01 -9.590763161197163322e-01
2.041899490356445312e+01 -3.309286499023437500e+01 -7.590539932250976562e+00 3.945619745848497062e-02 -2.216656709577366768e-01 -9.743241446258905647e-01
7.268312072753906250e+01 2.126839447021484375e+01 3.930770874023437500e+00 3.396571774448410852e-01 1.109093828582956437e-01 -9.339872111566601687e-01
1.629017829895019531e+01 -1.152505016326904297e+01 -3.084886074066162109e+00 6.049584884953472692e-03 1.162434216514538210e-01 9.932023305678868708e-01
7.260726928710937500e+01 -5.060730934143066406e+00 7.461003780364990234e+00 -4.603516884809469856e-01 -1.260666962962661780e-03 8.877357341188590878e-01
1.370458412170410156e+01 1.763199043273925781e+01 -1.260075950622558594e+01 7.214563289158056059e-02 8.769803389536326432e-02 -9.935311079707372928e-01
4.334415817260742188e+01 -3.672256946563720703e+00 -2.738167047500610352e+00 -1.652410368055947376e-01 7.374674213898835262e-02 9.834921544065807764e-01
4.564816665649414062e+01 -3.356653213500976562e+01 2.523097991943359375e+00 -2.324586885431290106e-01 2.889718803856923257e-01 9.286862820496304405e-01
3.643586730957031250e+01 -1.153075695037841797e+01 -2.990355014801025391e+00 -9.452223501506398784e-02 9.870109091217961483e-02 9.906178081079013431e-01
-1.980595016479492188e+01 5.197307109832763672e+00 -1.176134967803955078e+01 -7.701879025661453881e-02 -5.651861086539067269e-02 -9.954264174579928737e-01
2.284913444519042969e+01 4.485332870483398438e+01 -3.977030992507934570e+00 3.079722781534731668e-01 6.383481417693731563e-01 7.054535603344473937e-01
-2.102403450012207031e+01 -3.855788803100585938e+01 1.704056024551391602e+00 1.124080634849025512e-01 2.228629815623452137e-01 9.683473130611329749e-01
-4.168943786621093750e+01 -4.215834426879882812e+01 6.953996181488037109e+00 3.052260227742004117e-01 3.799961597433589855e-01 8.731780995889343311e-01
-2.444667053222656250e+01 5.291999816894531250e+00 -4.254985809326171875e+00 1.327499705321362189e-01 4.222183188752248739e-02 9.902498483896772230e-01
-3.705173110961914062e+01 1.800885581970214844e+01 -3.036833047866821289e+00 2.070046444269246777e-01 -2.038869192120463733e-02 9.781274857744386431e-01
2.610782814025878906e+01 -7.248892211914062500e+01 1.855288314819335938e+01 8.727763742789745871e-02 -1.369796141966614367e-01 9.867214395661716431e-01
-1.844180679321289062e+01 2.853306007385253906e+01 -5.079586982727050781e+00 4.709264246683129290e-02 -8.903017092226649110e-03 9.988508493825024592e-01
-5.571383666992187500e+01 -8.617190122604370117e-01 2.316415071487426758e+00 3.309629257761717014e-01 1.116393206781386011e-01 9.370166507806572120e-01
4.791133880615234375e+01 -2.121968841552734375e+01 1.011750027537345886e-01 -3.047044207016707529e-01 1.904709508785886185e-01 9.332073900673234501e-01
-2.758036422729492188e+01 1.691814804077148438e+01 -4.229414939880371094e+00 7.180440372896386425e-02 3.743469310921009041e-02 9.967159933285645312e-01
2.146719932556152344e+01 -6.555625152587890625e+01 1.143395137786865234e+01 -9.152958351060064279e-02 5.293960897528665610e-01 8.434228568735558929e-01
-1.675209045410156250e+01 -7.235322952270507812e+00 -3.530528068542480469e+00 5.642544675085794112e-04 8.071817264111832979e-02 9.967368048900243638e-01
-3.593709945678710938e+00 -6.344453048706054688e+01 4.798623085021972656e+00 -3.403836327798261119e-02 -5.132294024809347377e-01 -8.575762183353843326e-01
-4.721273040771484375e+01 3.964457702636718750e+01 1.163336992263793945e+00 2.466547461065497215e-01 -1.505139148739538524e-01 9.573437197017745648e-01
4.937613964080810547e+00 -6.520169258117675781e+00 -1.673909378051757812e+01 -2.166214461401074626e-02 3.187895623076072993e-02 -9.992569657702462527e-01
-3.549297332763671875e+01 8.622689843177795410e-01 -8.966047286987304688e+00 -1.987824585835953617e-01 -1.007904249166180488e-01 -9.748470774457851373e-01
3.998641967773437500e+00 2.819385337829589844e+01 -1.203805065155029297e+01 3.213578660102380663e-02 1.913106157483865019e-02 -9.993004021326886699e-01
8.568959832191467285e-01 -5.372916412353515625e+01 -1.347429990768432617e+00 -1.686791266347320226e-02 -3.784002398845680570e-01 -9.254883748473985428e-01
-3.857372045516967773e+00 4.474617385864257812e+01 -9.661899566650390625e+00 -4.769534549339402225e-05 1.161200562875160242e-01 -9.932351837570687625e-01
2.501557540893554688e+01 -1.722896957397460938e+01 -1.035781097412109375e+01 1.849336936975886636e-01 -1.666631584130728871e-01 -9.685158339248488568e-01
3.446300888061523438e+01 -1.468070000410079956e-01 -9.988329887390136719e+00 2.808559274944738560e-01 -3.590023043946712067e-02 -9.590782665901734783e-01
-2.685970687866210938e+01 -4.413202285766601562e+01 -2.327214002609252930e+00 -1.484235251338145156e-01 -1.918221775322491440e-01 -9.701415924459882989e-01
4.560431671142578125e+01 7.962872028350830078e+00 -2.819802999496459961e+00 -1.416157617250658474e-01 2.260278659381308869e-02 9.896636247075184523e-01
3.695723724365234375e+01 -4.127138137817382812e+01 -2.047580957412719727e+00 2.880938739502775792e-01 -4.251927646053033083e-01 -8.580285733701533690e-01
-2.550980567932128906e+01 -5.327346038818359375e+01 7.434290885925292969e+00 2.102088166922714552e-01 4.218350344405462082e-01 8.819679456212558000e-01
3.711465835571289062e+01 1.016097259521484375e+01 -9.684117317199707031e+00 1.485828359465823367e-01 -4.062764083346423146e-04 -9.888998815863773162e-01
-5.140760040283203125e+01 1.710165596008300781e+01 -4.846875190734863281e+00 -3.243941430104501089e-01 4.864047379641345953e-02 -9.446706009447822794e-01
-4.400363922119140625e+00 2.908388328552246094e+01 -5.484905242919921875e+00 2.420682047878132404e-02 5.419109868152381659e-03 9.996922842007658350e-01
-1.529703712463378906e+01 -2.395989418029785156e+01 -9.296791076660156250e+00 -1.164832430056468165e-01 -2.058885937004998612e-01 -9.716180016255966390e-01
-2.560398674011230469e+01 -2.292969512939453125e+01 -5.834349989891052246e-01 1.500797389267731208e-01 1.966466752947656493e-01 9.689200983874709516e-01
-5.871265411376953125e+01 1.944640159606933594e+01 -1.911407947540283203e+00 -3.727124061948419720e-01 5.527167936427038880e-02 -9.262993596719714118e-01
3.784158706665039062e+01 -2.246194458007812500e+01 -7.545273780822753906e+00 3.246380357541929218e-01 -1.121838773571175035e-01 -9.391618196044717592e-01
-1.068101406097412109e+01 -5.809944915771484375e+01 1.994135022163391113e+00 -9.534070848261867737e-02 -6.237395146598708751e-01 -7.757958282679155992e-01
-2.471096611022949219e+01 5.753776550292968750e+01 -3.481292009353637695e+00 -1.229184972624632610e-01 3.145899674473990881e-01 -9.412354622580804131e-01
-1.697953987121582031e+01 -6.393029785156250000e+01 7.732921123504638672e+00 -8.013118251936897363e-02 -9.894590495478787773e-01 1.206224807233542140e-01
-5.189661407470703125e+01 -4.708881378173828125e+01 8.564011573791503906e+00 -4.880798085715779000e-01 -4.526164230548817002e-01 -7.462683659687956439e-01
1.518667221069335938e+01 -2.821037864685058594e+01 -9.923239946365356445e-01 -3.870464791592249237e-02 1.344244395683532323e-01 9.901676728092260182e-01
-1.406718921661376953e+01 -4.984948730468750000e+01 -1.740314006805419922e+00 -1.368860562467197617e-01 -3.889010796660553049e-01 -9.110533232691687688e-01
4.721443176269531250e+00 3.787957382202148438e+01 -1.066382598876953125e+01 1.042308993496731187e-02 1.804594970750741101e-01 -9.835271877846687438e-01
7.144503116607666016e+00 1.678368377685546875e+01 -5.520144939422607422e+00 1.542392483315754154e-02 -1.211114492702969336e-01 9.925190775992113190e-01
9.562569618225097656e+00 -2.198180007934570312e+01 -2.070360898971557617e+00 -1.337586990359402594e-01 1.309390618117619864e-01 9.823255939473777287e-01
5.374081420898437500e+01 -4.398001480102539062e+01 4.896892070770263672e+00 4.363878208680795900e-01 -3.755798521597036865e-01 -8.176218223908312543e-01
-6.030013656616210938e+01 -8.799965858459472656e+00 1.374450027942657471e-01 -4.491071639469146892e-01 -1.678137655714788956e-01 -8.775769455587809631e-01
-3.306535959243774414e+00 2.139420509338378906e+01 -5.573328971862792969e+00 -9.921443257904210417e-03 3.145416203807020056e-02 9.994559523331495443e-01
2.215099525451660156e+01 -4.218333816528320312e+01 1.796381950378417969e+00 -6.457435061754249195e-02 2.287790508868228212e-01 9.713342880376700794e-01
-1.435420322418212891e+01 -6.681561946868896484e+00 -1.125084018707275391e+01 -1.657310814278834810e-01 -4.541014434319686627e-02 -9.851249298639610519e-01
-3.931050872802734375e+01 9.373086929321289062e+00 -2.330661058425903320e+00 2.083674391451369734e-01 3.778166829736217397e-02 9.773206003378654971e-01
-4.132523345947265625e+01 4.296590423583984375e+01 -4.376416206359863281e+00 -2.576182147461721916e-01 2.487247821135868397e-01 -9.336856206419503756e-01
2.593988609313964844e+01 -3.570930480957031250e+01 4.426639974117279053e-01 -6.520918994861586715e-02 2.347466089579577364e-01 9.698668935111586231e-01
-1.695132017135620117e+00 5.398669815063476562e+01 -2.812813997268676758e+00 1.435391630083197693e-02 -3.455738256909262618e-01 9.382817786167255703e-01
3.000789070129394531e+01 1.063633728027343750e+01 -4.877092838287353516e+00 -7.145031349931253717e-03 1.099475674760415217e-01 9.939117068095685292e-01
-1.083585548400878906e+01 3.842940139770507812e+01 -1.054932880401611328e+01 -1.115681799114381506e-01 1.334836077682216571e-01 -9.847510688942807677e-01
1.623493385314941406e+01 -5.466378402709960938e+01 -5.705500021576881409e-02 1.546518889836097088e-01 -5.066763947771878440e-01 -8.481520053677835680e-01
-8.482777595520019531e+00 -1.352197647094726562e+01 -1.148930835723876953e+01 -5.120341497760404204e-02 -1.324481254987263656e-01 -9.898665083467087511e-01
-2.508907508850097656e+01 -1.398610782623291016e+01 -9.167078018188476562e+00 -1.968668405479578609e-01 -1.587499747843981457e-01 -9.674925801258724700e-01
3.970999526977539062e+01 -3.032191848754882812e+01 -5.071660995483398438e+00 2.196851811726498183e-01 -1.679665899892685277e-01 -9.610024171772498791e-01
-2.808441734313964844e+01 4.695321655273437500e+01 -6.573821067810058594e+00 -2.128204930826207708e-01 3.076221496008660905e-01 -9.274028524859153633e-01
2.055248069763183594e+01 2.950048255920410156e+01 -1.085307025909423828e+01 1.318331115193308034e-01 1.393088964086184878e-01 -9.814341863255755527e-01
-5.074390792846679688e+01 -3.136663246154785156e+01 6.399508953094482422e+00 3.566407071147154606e-01 2.834209978822102571e-01 8.902134260884677630e-01
-1.242724704742431641e+01 5.065454864501953125e+01 -7.869777202606201172e+00 -2.420413605500567472e-02 3.809380471723448069e-01 -9.242837032071652414e-01
5.626271057128906250e+01 3.412354946136474609e+00 2.314999932423233986e-03 -2.864597203867508268e-01 2.127133617572346883e-02 9.578561263849827423e-01
-5.649064064025878906e+00 -3.897259521484375000e+01 7.481290102005004883e-01 4.082463883084765793e-02 7.501996365778270011e-03 9.991381630759875732e-01
-3.926000976562500000e+01 3.113706970214843750e+01 -7.556291103363037109e+00 -1.957479410340724479e-01 7.395568983371905714e-02 -9.778615952792807375e-01
-2.607391166687011719e+01 2.030568122863769531e+01 -1.056994724273681641e+01 -1.406419347869791170e-01 3.897729067827770261e-02 -9.892929884471819424e-01
-4.711991119384765625e+01 2.908738708496093750e+01 -5.462475776672363281e+00 -3.224036811822887372e-01 1.281136041365613931e-01 -9.378927288316343258e-01
-1.541147613525390625e+01 7.770319938659667969e+00 -4.746059894561767578e+00 -1.440594845410217602e-02 7.748713172176606434e-02 9.968892682071923694e-01
2.949606323242187500e+01 4.163606262207031250e+01 -3.689616918563842773e+00 2.451748273880466900e-01 7.064186403519292501e-01 6.639744035567735070e-01
-2.747644615173339844e+01 3.936103439331054688e+01 -8.449494361877441406e+00 -1.686010296952633603e-01 1.584773307862557268e-01 -9.728610529837036225e-01
-2.496509933471679688e+01 2.954904174804687500e+01 -9.994057655334472656e+00 -1.269028718830495783e-01 8.634554807140407129e-02 -9.881498405788887718e-01
-1.907547950744628906e+01 1.311571121215820312e+01 -1.201978015899658203e+01 -1.381029752332980920e-01 4.747656286969765410e-02 -9.892793054591766388e-01
-8.493419647216796875e+00 -4.575580596923828125e+01 -4.204809188842773438e+00 -7.673110566530705334e-02 -3.612526271530769328e-01 -9.293055884898032692e-01
3.044039916992187500e+01 -4.833681106567382812e+01 4.714878082275390625e+00 -1.261879009669596985e-01 4.942447715799018204e-01 8.601155267843287877e-01
7.023562622070312500e+01 8.653859138488769531e+00 5.383403778076171875e+00 -5.242382287748754699e-01 3.213654309361552858e-02 8.509650533887825885e-01
5.089110565185546875e+01 1.490957641601562500e+01 -5.662017822265625000e+00 4.014027115838954551e-01 9.056195313307437156e-02 -9.114134055289173642e-01
5.492581558227539062e+01 2.662439155578613281e+01 -3.024792909622192383e+00 2.994812975577029746e-01 1.660554045428855596e-01 -9.395406085078245040e-01
4.130034255981445312e+01 -1.429787635803222656e+01 -7.730769157409667969e+00 1.936846685163557402e-01 -1.016576473883284842e-01 -9.757827483150026682e-01
-3.956901931762695312e+01 -6.066987991333007812e+00 -7.297176837921142578e+00 -2.766959917557496595e-01 -1.090197631740494472e-01 -9.547533814466311330e-01
3.337726211547851562e+01 -1.808688926696777344e+01 -2.378818988800048828e+00 -2.723366739142729295e-02 1.157805846258437438e-01 9.929013967077048308e-01
1.532580757141113281e+01 -3.816001892089843750e+01 -6.680640220642089844e+00 6.175862980454022155e-02 -2.520164940644953888e-01 -9.657502567248460457e-01
-1.320209026336669922e+00 -2.304543495178222656e+01 -1.035326862335205078e+01 -1.895303878447134396e-02 -5.252248484714484161e-02 -9.984398684479279806e-01
-4.248013687133789062e+01 5.358606719970703125e+01 -9.130000253207981586e-04 -6.458028935139749072e-01 7.620937007864656554e-01 -4.638764868546953191e-02
-3.361135482788085938e+01 -3.332348251342773438e+01 2.222971916198730469e+00 1.325789930289591745e-01 1.653584313487712620e-01 9.772816379065456527e-01
-3.835829925537109375e+01 -1.957834815979003906e+01 1.109894037246704102e+00 9.148659556959341799e-02 1.184776351427271612e-01 9.887331555086399382e-01
-3.807155609130859375e+01 -5.094018936157226562e+01 4.316051959991455078e+00 -2.618502980014737469e-01 -5.257235058161243701e-01 -8.093511085239476488e-01
2.924685859680175781e+01 1.934670925140380859e+00 -4.133275032043457031e+00 7.116385147050087456e-02 8.990815286233865000e-02 9.934043639388580038e-01
-3.610908126831054688e+01 -1.011753654479980469e+01 -1.015100955963134766e+00 1.692519529886783725e-01 1.240353916931267592e-01 9.777366711017085876e-01
-4.277159214019775391e+00 -3.441156005859375000e+01 -7.462823867797851562e+00 -7.555088315294691825e-02 -2.372832172458145261e-01 -9.684981873335051228e-01
5.886912536621093750e+01 -4.834016418457031250e+01 8.043826103210449219e+00 2.047930737763936082e-01 -2.776504538178364845e-01 -9.386000332558943615e-01
-3.576518249511718750e+01 8.752994537353515625e+00 -9.371295928955078125e+00 -1.757452752973647503e-01 -1.332491583675761947e-02 -9.843454905817351497e-01
4.377935409545898438e+01 2.052872276306152344e+01 -2.910496950149536133e+00 -9.782380252368479134e-02 9.766681144526377992e-03 9.951558247828469206e-01
1.248121929168701172e+01 2.046494960784912109e+00 -1.750914382934570312e+01 -2.910251066767735595e-01 -5.607822870218662215e-02 -9.550704788388122424e-01
7.271046447753906250e+01 -1.501945400238037109e+01 1.073290061950683594e+01 -8.804065925204658249e-01 2.315090061310134395e-01 4.138693174502466876e-01
6.561804199218750000e+01 -1.555221080780029297e+00 3.801350116729736328e+00 -5.092927268494817916e-01 5.588323275168945170e-02 8.587770273333116267e-01
3.578866958618164062e+01 -5.596527481079101562e+01 3.712075948715209961e+00 2.401457508534034224e-01 -4.920864587474459984e-01 -8.367681491694417550e-01
-3.405380249023437500e+01 -1.985218238830566406e+01 -6.708040237426757812e+00 -2.645827940380513499e-01 -1.684755240032354273e-01 -9.495324864957771505e-01
4.736573028564453125e+01 -5.425054168701171875e+01 1.142409038543701172e+01 -2.899786410134254089e-01 5.145921447903630819e-01 8.069122085308048087e-01
2.250780296325683594e+01 -5.526197433471679688e+01 6.435727119445800781e+00 -7.519713200275300602e-02 3.368714509579578409e-01 9.385430287781379999e-01
3.998193740844726562e+01 -5.999823760986328125e+01 1.238196659088134766e+01 -2.928846868593807384e-01 4.907535692234170077e-01 8.205970353942055873e-01
3.954750061035156250e+01 2.326851844787597656e+01 -8.285730361938476562e+00 3.330129801081282981e-01 1.695012201467543111e-01 -9.275622304989918909e-01
-1.652332305908203125e+01 3.775744628906250000e+01 -4.684096813201904297e+00 8.277189831686072863e-02 -1.027674702865302991e-01 9.912555976638569577e-01
4.367401123046875000e+01 -4.911922454833984375e+01 2.763831138610839844e+00 3.286416674303360153e-01 -4.466028221814728472e-01 -8.321902268400849234e-01
-5.505909919738769531e-01 -2.761863517761230469e+01 -5.794630050659179688e-01 3.015605376470990584e-01 2.482414033981177603e-01 9.205636576429278017e-01
-5.315280914306640625e+00 -1.577908325195312500e+01 -1.745900344848632812e+01 -2.441716417684513252e-01 -7.264885260273549195e-01 -6.423352947695621928e-01
9.190391540527343750e+00 -7.511847019195556641e+00 -3.882827997207641602e+00 -1.190484051652986562e-02 1.087509387417594647e-01 9.939977404879057898e-01
-1.880051994323730469e+01 -1.668752098083496094e+01 -2.103926897048950195e+00 8.467236194844421360e-02 1.559514046627758499e-01 9.841289298185368351e-01
-1.658968353271484375e+01 4.683703231811523438e+01 -3.436208963394165039e+00 7.850989115205625479e-02 -1.516372177912523045e-01 9.853133263951222576e-01
-6.652731323242187500e+01 -1.743499755859375000e+01 7.226840019226074219e+00 -9.687628911115784280e-01 -2.475192837053334094e-01 -1.525336025716506581e-02
5.167475891113281250e+01 -1.112042522430419922e+01 -3.381879925727844238e-01 -3.409490620054445031e-01 1.518621461061625544e-01 9.277346741917313899e-01
2.651624679565429688e+01 -6.103696060180664062e+01 9.359963417053222656e+00 -2.580530996362424001e-01 6.141012647103238908e-01 7.458473265014149423e-01
-5.321889114379882812e+01 -4.218729019165039062e+00 -3.497318029403686523e+00 -3.581503660466235917e-01 -1.325438048575346695e-01 -9.242080150564360164e-01
-3.861591720581054688e+01 -3.794977188110351562e+01 -1.415238976478576660e+00 -2.287771700213170334e-01 -2.781723167790325912e-01 -9.328886153527778946e-01
7.826657867431640625e+01 3.159669876098632812e+00 6.226910114288330078e+00 8.987310123007711260e-01 4.023310512355491447e-02 -4.366507354636518512e-01
-4.250161743164062500e+01 -2.514470100402832031e+00 -5.950270295143127441e-01 1.402048240965882431e-01 1.318948596801616524e-01 9.812982998507616683e-01
-5.853777885437011719e+00 3.895854187011718750e+01 -5.131139755249023438e+00 5.441468799075511315e-02 -8.470620551087118533e-02 9.949190421731906042e-01
2.692581176757812500e+01 -1.019654846191406250e+01 -1.102876472473144531e+01 2.003431633170136283e-01 -1.061458867111414184e-01 -9.739587607524446966e-01
-1.908823394775390625e+01 6.577696228027343750e+01 -5.138779878616333008e-01 -5.971694538270590907e-02 4.552557238453276423e-01 -8.883558478111266421e-01
-6.314902782440185547e+00 -4.665108489990234375e+01 2.437314033508300781e+00 5.979242757934221525e-02 3.315816389892438654e-01 9.415298626646824154e-01
2.966485786437988281e+01 -2.978797149658203125e+01 -6.094279885292053223e-01 -3.940025724599734852e-02 2.407929246955294034e-01 9.697764624621090235e-01
-2.032672309875488281e+01 1.974999618530273438e+01 -4.960412979125976562e+00 1.559615172808506145e-01 -4.172604066669392819e-02 9.868814227949254114e-01
-3.076992607116699219e+01 6.172709655761718750e+01 -1.738730072975158691e-01 -3.901724910880912667e-01 8.669599405173684659e-01 -3.100740052571874239e-01
-1.124834060668945312e+00 7.223276138305664062e+00 -4.292893886566162109e+00 7.623306683832647979e-02 8.390707633661427522e-02 9.935532809371949714e-01
6.564960479736328125e+01 -3.052759361267089844e+01 9.017262458801269531e+00 -5.484038366981200951e-01 2.415486925612921887e-01 8.005669622315876310e-01
-2.989681434631347656e+01 -4.755892562866210938e+01 5.922440052032470703e+00 1.333285164074124729e-01 3.420381384092129329e-01 9.301792400318115162e-01
-6.062797164916992188e+01 -3.244666290283203125e+01 1.226552581787109375e+01 5.515630674011730017e-01 1.231077130371810019e-01 8.249985901016826384e-01
-7.494448184967041016e+00 1.028543376922607422e+01 -1.776295471191406250e+01 1.278777200325622865e-01 -1.680050327527179144e-01 -9.774566986260986301e-01
-5.990039062500000000e+01 1.044347858428955078e+01 -1.800540924072265625e+00 -3.975157014036594938e-01 -2.243765461422816618e-02 -9.173210009549378485e-01
-5.048098373413085938e+01 4.562406158447265625e+01 -1.144210025668144226e-01 -7.575283199668670919e-01 6.504048235516451948e-01 -5.589642161113022450e-02
-5.037371063232421875e+01 -2.123628807067871094e+01 -1.892394065856933594e+00 -3.443110514691191670e-01 -2.052383255212563706e-01 -9.161479845382296539e-01
-4.769116973876953125e+01 2.172726631164550781e+01 -6.211460232734680176e-01 1.514019324516634457e-01 -1.725962515429552147e-02 9.883215874346947816e-01
8.315941810607910156e+00 -5.767779946327209473e-01 -4.374405860900878906e+00 1.140160360036068660e-01 2.827264936325141545e-02 9.930765332198756568e-01
-1.102795314788818359e+01 8.920519948005676270e-01 -3.885946035385131836e+00 -6.307663872407279215e-02 4.051217921417599871e-02 9.971860914506335272e-01
3.863643646240234375e+01 3.281068420410156250e+01 -6.985024929046630859e+00 2.394863807765854613e-01 2.116455373249040983e-01 -9.475507585100572117e-01
2.012423038482666016e+00 1.427684593200683594e+01 -1.816784858703613281e+01 -1.047718484714115980e-02 -2.863143523837647364e-01 -9.580784520156709894e-01
1.394461250305175781e+01 3.554556274414062500e+01 -1.057994651794433594e+01 8.166819133073989490e-02 1.812249387889446339e-01 -9.800448092233889907e-01
7.651923370361328125e+01 -7.663820266723632812e+00 1.245424461364746094e+01 1.129729862827489051e-01 2.784107118584159407e-02 9.932079234105932741e-01
-6.591413879394531250e+01 -6.153318881988525391e+00 7.755077838897705078e+00 3.140618577471096518e-01 4.301604724037998428e-01 8.463611034834800373e-01
6.577993869781494141e+00 4.906664657592773438e+01 -3.763633012771606445e+00 -2.337768284560935717e-02 -9.218182124688081847e-02 9.954677271395483418e-01
-9.137169718742370605e-01 1.929276466369628906e+01 -1.273832988739013672e+01 7.612094185563382173e-03 3.152849232177382111e-02 -9.994738666888824952e-01
-5.172106552124023438e+01 -1.500504398345947266e+01 3.067739009857177734e+00 3.271850864541074322e-01 2.191316518332921404e-01 9.192014133838301015e-01
1.565583038330078125e+01 1.107184886932373047e+01 -1.285238075256347656e+01 1.082980730577235845e-01 2.319121192942071724e-02 -9.938479235080328600e-01
8.429860115051269531e+00 2.302154922485351562e+01 -1.245388317108154297e+01 7.363294714710923953e-05 2.162863921985563181e-02 -9.997660709104337906e-01
-4.408060455322265625e+01 -3.181828880310058594e+01 -1.506474018096923828e+00 -2.404049131139277262e-01 -2.775617595263215609e-01 -9.301424339311358258e-01
2.412050628662109375e+01 2.928710937500000000e+00 -1.186358451843261719e+01 9.857355376638197997e-02 1.518112655432075561e-02 -9.950139636680522814e-01
1.505673217773437500e+01 -6.354439926147460938e+01 4.461444854736328125e+00 7.455336608897192296e-02 -4.801806175317378522e-01 -8.739956350872941648e-01
8.562669754028320312e+00 2.885534667968750000e+01 -5.751793861389160156e+00 2.057955811832877166e-02 3.799245197511935679e-02 9.990660915978345491e-01
3.703123092651367188e+00 -4.026011276245117188e+01 -6.389521121978759766e+00 -2.696370624128419796e-02 -1.741599194806412176e-01 -9.843481502965454322e-01
-1.964864015579223633e+00 -4.766124343872070312e+01 -3.797122001647949219e+00 -5.642261885357485740e-02 -4.681498943305320570e-01 -8.818458847894091734e-01
4.673135375976562500e+01 -1.761955261230468750e+01 -5.486219882965087891e+00 2.811428943194018704e-01 -1.697502680343095371e-01 -9.445334930408713081e-01
-3.219929885864257812e+01 4.602650451660156250e+01 -1.253608942031860352e+00 2.182095373513672221e-01 -2.410286998314137286e-01 9.456689503555040233e-01
4.770219039916992188e+01 -6.169068145751953125e+01 1.652075958251953125e+01 6.234442965499918943e-01 -7.527541979393510552e-01 2.113724830340271976e-01
7.475836181640625000e+01 -2.191400146484375000e+01 6.333320140838623047e+00 5.892342478957619534e-01 -1.905501625784185860e-01 -7.851710875013510060e-01
3.853218841552734375e+01 -4.349492263793945312e+01 4.076992988586425781e+00 -1.263062709163115249e-01 3.013187891087245052e-01 9.451210045582878472e-01
-1.722497940063476562e+01 -5.878513336181640625e+01 3.448365926742553711e+00 -1.504504448945437611e-01 -5.675355005654804108e-01 -8.094863304768792345e-01
-6.294093132019042969e+00 -5.405667114257812500e+01 5.013525009155273438e+00 5.547231336202874258e-02 4.008939892930679649e-01 9.144434546755497717e-01
-3.157074928283691406e+01 2.750072288513183594e+01 -3.708117008209228516e+00 1.819372023732459265e-01 -1.383122391679611485e-01 9.735340666298951673e-01
-5.310111999511718750e+00 5.105173110961914062e+01 -8.085042953491210938e+00 -1.868016684329710381e-02 4.474048473220709754e-01 -8.941364291647113660e-01
2.618455696105957031e+01 -2.977257156372070312e+01 -7.731040954589843750e+00 1.524026684603090598e-01 -2.247030074791092069e-01 -9.624354446278569064e-01
-1.107243633270263672e+01 -4.442780017852783203e+00 -1.745495986938476562e+01 2.000838761838269197e-01 1.094284982518191063e-01 -9.736487283726132924e-01
-1.385964393615722656e+01 5.365026855468750000e+01 -2.114222049713134766e+00 9.931217241088752257e-02 -3.277120534294661325e-01 9.395434542627993935e-01
5.985292053222656250e+01 -2.430606079101562500e+01 6.236540079116821289e-01 4.163445190681634434e-01 -1.889114175227431247e-01 -8.893647832984211687e-01
5.788306236267089844e+00 7.984752178192138672e+00 -1.700778579711914062e+01 -8.501596125982470442e-02 -8.083496068436124560e-02 -9.930951593186957416e-01
-4.404885101318359375e+01 -1.801916885375976562e+01 -4.662406921386718750e+00 -4.104386867610191336e-01 -2.288434546995294083e-01 -8.827064957567009040e-01
4.780999183654785156e+00 -5.200278854370117188e+01 3.850739002227783203e+00 -3.867451946298298016e-03 2.854495278864501162e-01 9.583859399244366584e-01
-4.330408477783203125e+01 -5.259181213378906250e+01 1.209493637084960938e+01 3.682905443266144552e-01 4.687936206375808434e-01 8.028664996181582580e-01
4.193687438964843750e+01 -2.476317024230957031e+01 -4.542079865932464600e-01 -1.208714408132551682e-01 1.583904525627492510e-01 9.799502841127684105e-01
2.075351715087890625e+01 1.250222396850585938e+01 -5.321003913879394531e+00 1.522836670128551763e-02 3.777451652194737525e-02 9.991702471296591836e-01
1.545707607269287109e+01 -4.289723968505859375e+01 1.723361015319824219e+00 -9.394682109109500634e-03 1.934513112218357311e-01 9.810648959852864559e-01
2.766236877441406250e+01 3.493824386596679688e+01 -4.206627845764160156e+00 -1.201794135121891649e-01 -9.778778817000743917e-02 9.879243174720845344e-01
-3.860914230346679688e+01 2.809978008270263672e+00 -2.038779020309448242e+00 2.342363524614846648e-01 6.434090079651810790e-02 9.700482357440952663e-01
-1.197731018066406250e+01 3.367021083831787109e+00 -1.752203750610351562e+01 2.109389377284037748e-01 -8.728965850832087758e-02 -9.735940016595795443e-01
-4.220863342285156250e+01 3.084230422973632812e+01 -1.394510030746459961e+00 1.975143082830459473e-01 -7.798792128332887597e-02 9.771929093875861838e-01
6.481983184814453125e+01 -1.354793930053710938e+01 4.765726089477539062e+00 -4.997156775925553629e-01 1.337902344419551193e-01 8.557946101350369927e-01
3.976164627075195312e+01 1.086278438568115234e+01 -3.710041999816894531e+00 -1.826883341027341900e-01 -1.452001668869968599e-02 9.830636508884494917e-01
-2.835049927234649658e-01 -2.526764869689941406e+00 -1.713726234436035156e+01 2.402402934112194896e-02 -1.339948145711310490e-01 -9.906907871188996850e-01
-1.664889907836914062e+01 -4.657455062866210938e+01 3.469521045684814453e+00 1.132900396909384960e-01 3.123368905289404807e-01 9.431919389612795079e-01
-5.860746002197265625e+01 -1.742873764038085938e+01 6.271080017089843750e+00 5.492616687203637493e-01 2.139163249608702633e-01 8.078065518363642949e-01
6.532768249511718750e+01 -4.272217941284179688e+01 8.153917312622070312e+00 5.039835871164173309e-01 -4.274054549327331864e-01 -7.505498790959944655e-01
-7.880107879638671875e+00 3.043456840515136719e+01 -1.176850223541259766e+01 2.012043086715007063e-04 1.433707958281360551e-01 -9.896690226638565901e-01
1.342639350891113281e+01 -2.181816101074218750e+01 -1.070577335357666016e+01 9.691343854750095188e-02 -2.274072956091607589e-01 -9.689652766392754524e-01
2.034764862060546875e+01 2.453778457641601562e+01 -5.804746150970458984e+00 1.827831530007196018e-02 3.111545747490461825e-02 9.993486536219071681e-01
-6.262125396728515625e+01 -2.811395072937011719e+01 7.822432994842529297e+00 -5.642335236316855518e-01 -2.241191873116308020e-01 -7.946138185867058779e-01
-5.106413269042968750e+01 8.054301261901855469e+00 1.774269938468933105e-01 2.539150482820632937e-01 3.170733825720166432e-02 9.667066736898846102e-01
-2.169117164611816406e+01 4.685038757324218750e+01 -7.895817756652832031e+00 -1.958200260731620124e-01 3.741390717193097681e-01 -9.064626150050091313e-01
3.720169448852539062e+01 -1.756891012191772461e+00 -3.733581066131591797e+00 -1.419371388498747444e-01 6.393934065082987339e-02 9.878084881859684474e-01
-2.976190757751464844e+01 -9.373786926269531250e+00 -2.052575111389160156e+00 7.680165208408674948e-02 8.237474729673048557e-02 9.936377142827031994e-01
-3.058335685729980469e+01 3.834893417358398438e+01 -2.826929092407226562e+00 1.351657491916351261e-01 -1.100328736588227913e-01 9.846943622057788836e-01
3.238418579101562500e+01 -6.864953994750976562e+00 -1.012915897369384766e+01 1.816451173087605675e-01 -6.812434430458584600e-02 -9.810015927973597671e-01
1.772823143005371094e+01 -2.331424951553344727e+00 -1.278086566925048828e+01 1.754324414342880722e-01 -6.044109959813490085e-02 -9.826343836706374901e-01
3.021175765991210938e+01 -4.029852294921875000e+01 -4.213599205017089844e+00 1.806728277979811614e-01 -3.026803264094894974e-01 -9.358108512408508384e-01
5.716783142089843750e+01 2.048541069030761719e+01 -3.135953903198242188e+00 2.392308507950509644e-01 9.254132230106114354e-02 -9.665426548759487035e-01
-5.370800781250000000e+01 -3.717697143554687500e+01 4.989904880523681641e+00 -4.999246796108273161e-01 -3.385346472882706514e-01 -7.971634758952631516e-01
7.035853576660156250e+01 -2.522021484375000000e+01 1.196404933929443359e+01 -8.112079327229697601e-01 2.914377394852589176e-01 5.069573294578626488e-01
-3.651737594604492188e+01 -3.908465576171875000e+01 4.526844978332519531e+00 1.839712380633327649e-01 2.737117892015956122e-01 9.440531976628784294e-01
3.089995384216308594e+01 1.959169006347656250e+01 -5.204724788665771484e+00 -1.816059986306672036e-01 -2.031594606082387164e-02 9.831614941590277601e-01
-4.826933288574218750e+01 -2.350407791137695312e+01 3.710581064224243164e+00 3.228678739596587688e-01 2.364083522100786927e-01 9.164428116200625807e-01
-5.544254302978515625e+01 2.652154731750488281e+01 2.140625000000000000e+00 3.242930038826825068e-01 -1.136424560524620098e-01 9.391056595586626532e-01
2.000637817382812500e+01 -4.839859390258789062e+01 -2.771041870117187500e+00 1.193552175082536471e-01 -3.792151795036194373e-01 -9.175784324446576434e-01
1.257465362548828125e+01 4.383395767211914062e+01 -4.289277076721191406e+00 -1.580558551959860072e-02 -1.345738087191925003e-01 9.907775095717468172e-01
-3.884455108642578125e+01 2.075096130371093750e+01 -8.506172180175781250e+00 -1.890753526867509915e-01 5.697146815125074537e-02 -9.803085039022521041e-01
6.375354003906250000e+01 1.306596374511718750e+01 -6.836069822311401367e-01 5.483492285429669710e-01 5.572597126969101172e-02 -8.343906397379960982e-01
7.430190086364746094e+00 -2.890458106994628906e+01 -9.019795417785644531e+00 -1.995842373399623129e-03 -2.248275848545474853e-01 -9.743965176978475196e-01
-6.097366333007812500e+01 2.206722021102905273e+00 -1.047945022583007812e+00 -3.934581655089786079e-01 -7.770279998420273615e-02 -9.160529170680722366e-01
6.444811820983886719e+00 -1.558803558349609375e+01 -1.181645870208740234e+01 -1.148507013564635700e-02 -1.934602612429298096e-01 -9.810408862447052014e-01
-2.568920326232910156e+01 -3.368504714965820312e+01 -5.958424091339111328e+00 -8.180586144843023100e-02 -1.683697384765033001e-01 -9.823234865348756673e-01
4.840286254882812500e+01 -4.040999603271484375e+01 4.802694797515869141e+00 -2.278429460924691341e-01 2.862185426547038669e-01 9.306806851743092412e-01
-5.067076206207275391e+00 -2.826450347900390625e+01 -9.039944648742675781e+00 -2.940082516947199048e-02 -2.793648734111490728e-01 -9.597347857524635151e-01
5.129879760742187500e+01 1.910163998603820801e+00 -5.808777809143066406e+00 3.984124757831140062e-01 -4.133788125505859917e-02 -9.162743468599959806e-01
1.174592971801757812e+00 -4.075447845458984375e+01 7.452160120010375977e-01 1.773586975812722205e-02 1.861391047233591223e-01 9.823633098893245208e-01
-4.341020965576171875e+01 -5.830802917480468750e+01 1.558161258697509766e+01 -2.034924035581047730e-01 -1.354580112104326328e-01 9.696607493825145641e-01
-2.162349128723144531e+01 -8.410199880599975586e-01 -1.119253730773925781e+01 -5.176350942147619170e-03 -1.120179861024454965e-01 -9.936926970550181704e-01
6.601407623291015625e+01 -3.606901931762695312e+01 1.354705524444580078e+01 -7.187670612830333594e-01 4.089762424791009154e-01 5.622386901505692647e-01
-2.075267076492309570e+00 4.715028381347656250e+01 -4.095187187194824219e+00 1.736427842896407642e-02 -1.060351954810971331e-01 9.942107518800663568e-01
2.969192123413085938e+01 -7.251233673095703125e+01 1.335715961456298828e+01 3.375882648909709349e-01 -9.402089939059290469e-01 -4.517976523073320705e-02
-5.002512359619140625e+01 -4.970162582397460938e+01 1.399531936645507812e+01 3.716211889495599774e-01 4.347869734216184834e-01 8.202792083593148931e-01
4.253896713256835938e+01 -1.008309841156005859e+01 -2.373690128326416016e+00 -1.399427049232952747e-01 7.562551616997402470e-02 9.872673501350971437e-01
-3.277728652954101562e+01 1.322798061370849609e+01 -3.588171958923339844e+00 1.129531325019495352e-01 4.788097204215455149e-02 9.924459694987408653e-01
-4.369741058349609375e+01 -4.066336059570312500e+01 1.114385962486267090e+00 -3.397529446857439628e-01 -3.644738838990085883e-01 -8.670217555130539377e-01
-4.698281860351562500e+01 1.617439031600952148e+00 -6.533380985260009766e+00 -2.517307005648569129e-01 -1.011623068126687591e-01 -9.624956322360459504e-01
4.831837844848632812e+01 -4.479880809783935547e+00 -6.504444122314453125e+00 2.757555558552743924e-01 -7.294612875850237099e-02 -9.584559122432793066e-01
5.105953598022460938e+01 -3.139445877075195312e+01 -3.953109979629516602e-01 2.943725979092849943e-01 -1.652553604485400840e-01 -9.412945550905740255e-01
2.624800682067871094e+01 1.988732528686523438e+01 -1.125115489959716797e+01 1.644020512596038042e-01 7.744060011725094339e-02 -9.833488287454837939e-01
-5.999457168579101562e+01 -2.313053894042968750e+01 4.064040184020996094e+00 -5.994844385145964294e-01 -2.898624085340175127e-01 -7.460550865034681900e-01
9.855128288269042969e+00 -4.150717544555664062e+01 -6.010405063629150391e+00 2.219704488242646781e-02 -2.336883440537870227e-01 -9.720581510649897172e-01
3.256071472167968750e+01 -6.429801177978515625e+01 1.310855102539062500e+01 -1.458573522167611325e-01 5.022710168483672799e-01 8.523200446067328295e-01
1.592433547973632812e+01 -7.141840362548828125e+01 9.957238197326660156e+00 -4.199377844939415350e-01 -6.144956062610302805e-01 -6.678678065607061010e-01
5.645169830322265625e+01 -5.814252853393554688e+00 -2.910187005996704102e+00 2.998636774208167655e-01 -9.765898902801085912e-02 -9.489702296835718087e-01
6.652996826171875000e+01 2.229030227661132812e+01 4.672801017761230469e+00 -4.169287346142955819e-01 -2.120507089424741032e-01 8.838579790271263725e-01
-3.023726463317871094e+01 -5.630023956298828125e+01 4.715163230895996094e+00 -1.986348365392756610e-01 -4.962333923082639098e-01 -8.451607078368277293e-01
7.011460876464843750e+01 -1.080043983459472656e+01 6.938112258911132812e+00 -5.062777795720759810e-01 8.511293471912623199e-02 8.581600073733721690e-01
-5.059347152709960938e+00 5.903931045532226562e+01 -7.878299951553344727e-01 1.081960449223209539e-02 -3.327507569220574113e-01 9.429527400280618421e-01
3.019868278503417969e+01 -5.981953430175781250e+01 4.516702175140380859e+00 2.076363224068959734e-01 -5.315789833635530259e-01 -8.211643818770458791e-01
-4.847558212280273438e+01 -3.740365982055664062e+00 4.777860045433044434e-01 1.582763412646807089e-01 1.112652803699303583e-01 9.811058236398696453e-01
1.863011360168457031e+01 1.858313941955566406e+01 -5.656919002532958984e+00 -1.463143356252174891e-02 9.849972538189154941e-03 9.998444374966050097e-01
-3.128961753845214844e+01 5.617136383056640625e+01 -2.900679111480712891e+00 -1.740004066086200396e-01 3.296408723050657796e-01 -9.279335934246535356e-01
-5.565061187744140625e+01 -1.276993751525878906e+01 -1.224666953086853027e+00 -3.877211188341428416e-01 -1.551816506109647276e-01 -9.086203769031691024e-01
-6.093967056274414062e+01 1.914302444458007812e+01 3.913933038711547852e+00 5.323990381440222297e-01 -8.202444884947965309e-02 8.425100913189461638e-01
-2.256665229797363281e+01 4.928508758544921875e+01 -2.247138023376464844e+00 1.471876511695009437e-01 -2.663938999355089376e-01 9.525597542518555727e-01
-3.587841796875000000e+01 -4.556920242309570312e+01 6.510455131530761719e+00 2.703804238193712184e-01 3.805071525209504091e-01 8.843691159779695221e-01
8.965583801269531250e+00 -6.734066772460937500e+01 6.931876182556152344e+00 -2.508646718704371850e-02 -5.903254026151927292e-01 -8.067754261201093291e-01
5.636327362060546875e+01 -3.657073211669921875e+01 6.568440914154052734e+00 -4.077978606660774830e-01 3.583007680469407208e-01 8.398341886665146028e-01
4.906386947631835938e+01 2.710444831848144531e+01 -1.123841047286987305e+00 -2.333386558937859678e-01 -1.040580191906575608e-01 9.668117708777640429e-01
3.934263610839843750e+01 3.631974935531616211e+00 -9.196661949157714844e+00 2.720216407319104301e-01 1.102234494445706453e-02 -9.622280056646890234e-01
5.890279769897460938e+01 9.712783813476562500e+00 -2.867223024368286133e+00 3.144373710640251396e-01 -1.888004695764343693e-03 -9.492763428615574872e-01
-5.048419952392578125e+01 3.647560882568359375e+01 -2.961001873016357422e+00 -3.123184560207798999e-01 1.689900382788314948e-01 -9.348259458269839728e-01
9.092544555664062500e+00 1.092219638824462891e+01 -5.311625003814697266e+00 8.106710800190354560e-03 5.516394924833657037e-02 9.984444000260250807e-01
4.030450820922851562e+00 -6.073818969726562500e+01 7.839581012725830078e+00 7.057982356660879621e-03 3.621365330656651782e-01 9.320983404685546647e-01
-2.718215179443359375e+01 1.078320026397705078e+01 -4.093222141265869141e+00 1.010826263551254933e-01 5.998736571067430495e-02 9.930678821733407435e-01
1.817736983299255371e+00 1.128888010978698730e+00 -4.173658847808837891e+00 1.924770573461350998e-01 -3.855449739252479746e-02 9.805437945987840465e-01
1.121535110473632812e+01 -3.427739715576171875e+01 -8.882799744606018066e-02 1.023165152013671628e-02 1.641339131791433592e-01 9.863850018383654161e-01
3.882466077804565430e+00 -5.833760833740234375e+01 1.491232991218566895e+00 2.910005305752912455e-02 -5.300835614250701822e-01 -8.474459303217891648e-01
1.207805633544921875e+01 -5.035271835327148438e+01 -2.601912021636962891e+00 6.313107002580559124e-02 -3.651565115717190224e-01 -9.288030954159067765e-01
-5.341091918945312500e+01 2.028297233581542969e+01 1.031620979309082031e+00 3.351893005593422625e-01 -2.343116020498816829e-02 9.418593915877182532e-01
-4.748121261596679688e+01 -4.401825714111328125e+01 4.778289794921875000e+00 -4.247387855111364741e-01 -4.135036232484412544e-01 -8.053643384474731270e-01
7.823987579345703125e+01 -2.977988004684448242e+00 6.171682834625244141e+00 8.506273148610354884e-01 3.027901643468396131e-03 -5.257604045798260906e-01
-6.477517127990722656e+00 1.305832862854003906e+01 -5.042231082916259766e+00 -2.841952657160653692e-02 1.028634153277328128e-01 9.942894187793411831e-01
1.494173908233642578e+01 2.893961906433105469e+01 -5.816346168518066406e+00 1.716705788755865103e-03 -1.851223127669604854e-02 9.998271601703930811e-01
-2.099748420715332031e+01 -2.164878082275390625e+01 -8.844540596008300781e+00 -1.774881967083153655e-01 -1.299769605272248219e-01 -9.755018860880457776e-01
-5.824779033660888672e+00 -1.751393699645996094e+01 -2.871433019638061523e+00 1.080968966510984126e-02 2.243346151158880919e-01 9.744522210299232379e-01
-1.012356758117675781e+01 1.249240779876708984e+01 -1.276083278656005859e+01 -3.590063192555410509e-01 2.995451056302335102e-01 -8.839610808330652381e-01
-2.610786628723144531e+01 -1.685722541809082031e+01 -1.552304029464721680e+00 1.279871119455490147e-01 1.420526343647262046e-01 9.815499723630370932e-01
-3.377830982208251953e+00 -5.745319366455078125e+01 8.724049925804138184e-01 -3.023725163106045014e-02 -5.999782572178496975e-01 -7.994446819384264380e-01
4.272171020507812500e+01 -3.683861541748046875e+01 -1.647336959838867188e+00 3.231401079642146623e-01 -3.092933072070496725e-01 -8.943814179318582136e-01
3.047148132324218750e+01 -1.273320579528808594e+01 -3.002629995346069336e+00 4.901601527162255389e-02 8.655156025876391268e-02 9.950408321589951921e-01
2.218944168090820312e+01 -5.372805023193359375e+01 4.381769895553588867e-01 1.596534281142532596e-01 -4.548501824051096043e-01 -8.761404536131209841e-01
-3.504986190795898438e+01 -5.823732757568359375e+01 1.212308883666992188e+01 3.039213161290482690e-01 5.256029865942623003e-01 7.945900415217768131e-01
2.542534255981445312e+01 3.289727020263671875e+01 -9.736872673034667969e+00 1.281770021703045326e-01 1.444772724452177692e-01 -9.811712255572031527e-01
-1.979855346679687500e+01 2.658727645874023438e+01 -1.108244895935058594e+01 -1.669614552175129607e-01 9.195810807189781777e-02 -9.816657164388942203e-01
-3.089964485168457031e+01 1.026239991188049316e+00 -3.098778963088989258e+00 1.169582637922382679e-01 9.990800993780594996e-02 9.880987572510009365e-01
8.109946250915527344e+00 -5.654903411865234375e+01 6.019011974334716797e+00 -3.548043516543744613e-02 4.697339075455228552e-01 8.820947765532257678e-01
-4.516733169555664062e+01 8.859274864196777344e+00 -1.000763058662414551e+00 1.518127093164241270e-01 5.052168905971918950e-02 9.871172474557213805e-01
3.878597974777221680e+00 -1.100068664550781250e+01 -3.501309871673583984e+00 -1.321378422909177432e-02 1.145002111156138425e-01 9.933353399335125289e-01
1.290227985382080078e+01 -1.025029468536376953e+01 -1.820853424072265625e+01 2.632331464867956328e-01 -2.094462527396959706e-01 -9.417221340735072443e-01
-3.169800758361816406e+01 2.129967308044433594e+01 -3.907819032669067383e+00 9.851666262056328616e-02 5.148161925724727833e-02 9.938028527151439029e-01
-1.978190422058105469e+01 5.560974121093750000e+01 -6.218850016593933105e-01 1.340682852172206674e-01 -2.945910898698808622e-01 9.461721749598165365e-01
-6.805232238769531250e+01 -1.164540386199951172e+01 6.021551132202148438e+00 -4.810586373386886994e-01 -2.808580202755358579e-01 -8.304826066142210195e-01
6.057527923583984375e+01 -4.495147323608398438e+01 1.409623718261718750e+01 -7.355217048214020004e-01 4.737171051021344392e-01 4.843551652148159747e-01
1.923401069641113281e+01 3.994180297851562500e+01 -4.557733058929443359e+00 -4.883043245113159736e-02 -1.580563139670677353e-01 9.862219782999054329e-01
-5.851646804809570312e+01 -4.155254364013671875e+01 1.461319160461425781e+01 5.666433420170001733e-01 4.285060315381008511e-01 7.037740432008510183e-01
2.533256149291992188e+01 2.587800979614257812e+01 -1.068985080718994141e+01 1.391630826199028725e-01 1.313554072969700393e-01 -9.815189215749093865e-01
1.448550987243652344e+01 2.360430908203125000e+01 -1.218473529815673828e+01 -1.175039883212223787e-02 6.615732476961670716e-03 -9.999090759719502230e-01
2.174551773071289062e+01 -1.674469947814941406e+01 -2.311233043670654297e+00 3.263113153120111160e-02 1.015867025293963194e-01 9.942913813989324723e-01
-4.182059478759765625e+01 2.145308113098144531e+01 -1.796489000320434570e+00 2.270432280686605631e-01 7.823331470226018922e-03 9.738532579772318787e-01
5.205540466308593750e+01 -5.879631423950195312e+01 1.129780578613281250e+01 5.760819249759676630e-01 -7.105440606457896768e-01 -4.040504344719554330e-01
3.193364906311035156e+01 -3.559105300903320312e+01 8.761900067329406738e-01 -7.004384160431571804e-02 2.408081133509556715e-01 9.680419995008805456e-01
-3.257528686523437500e+01 -4.214219665527343750e+01 -1.594365000724792480e+00 -2.448158919163422598e-01 -2.749021269195921491e-01 -9.297816946360527579e-01
3.230646896362304688e+01 -4.603398132324218750e+01 -1.134191036224365234e+00 2.390484767273927669e-01 -4.442822540702855427e-01 -8.634055272538735393e-01
5.325733566284179688e+01 -2.333107948303222656e+01 -1.442647933959960938e+00 3.116985652608357249e-01 -2.042187481049116959e-01 -9.279755963045576150e-01
3.868072509765625000e+01 1.591762828826904297e+01 -9.271304130554199219e+00 1.239347878140492493e-01 1.566681518149693961e-02 -9.921666791782293160e-01
4.320935821533203125e+01 -6.559990692138671875e+01 1.199949073791503906e+01 5.006607851634649053e-01 -7.942650608466935713e-01 -3.442118407575502359e-01
-3.094909095764160156e+01 -1.493201160430908203e+01 -7.918428897857666016e+00 -1.807273149993977868e-01 -1.340351952896175203e-01 -9.743573287232885072e-01
-4.135388946533203125e+01 3.836124801635742188e+01 -6.042680144309997559e-01 2.659856642827038153e-01 -1.596576218189129093e-01 9.506634894594501173e-01
-2.171636581420898438e+01 -6.264574432373046875e+01 1.106718540191650391e+01 1.498038805712917643e-01 4.943772984709786100e-01 8.562417206153407623e-01
-2.159486579895019531e+01 3.979566574096679688e+01 -9.353690147399902344e+00 -1.216852558456265748e-01 1.241166257129367873e-01 -9.847780266290567797e-01
4.146717071533203125e+01 2.479162931442260742e+00 -3.344716072082519531e+00 -1.235318930580140279e-01 5.249104245460365498e-02 9.909513418223582226e-01
6.911880493164062500e+01 -2.333989906311035156e+01 4.974813938140869141e+00 2.614560317346917295e-01 -1.376153402176898966e-01 -9.553547831074679086e-01
-2.016650581359863281e+01 -5.581191635131835938e+01 7.672989845275878906e+00 1.367640639470777408e-01 4.643648603138165187e-01 8.750204953704853184e-01
-1.672661399841308594e+01 -3.118885421752929688e+01 -7.544548988342285156e+00 -1.144666742627459821e-01 -2.357923402532691171e-01 -9.650385239777286017e-01
2.029117202758789062e+01 -7.194509983062744141e+00 -3.556021928787231445e+00 -2.119196982458970788e-03 1.034026001952977891e-01 9.946373265049934798e-01
-2.817043876647949219e+01 -3.569412612915039062e+01 1.840757012367248535e+00 1.236796756109288520e-01 1.893148092424945805e-01 9.740961147865507819e-01
2.655044078826904297e+00 4.443786621093750000e+01 -9.579580307006835938e+00 3.827230945925118311e-02 1.217923483547745100e-01 -9.918174500435472662e-01
-5.568549728393554688e+01 -3.544629669189453125e+01 1.033086681365966797e+01 4.972789070864281347e-01 2.456380734465226923e-01 8.320911160686720320e-01
-3.407537841796875000e+01 5.241532135009765625e+01 6.901869773864746094e-01 1.600515993318192554e-01 -2.599497256939646284e-01 9.522655226684201279e-01
1.934334564208984375e+01 2.414729118347167969e+00 -4.377689838409423828e+00 2.737664383241765129e-02 8.087593417664665219e-02 9.963481332564073645e-01
-3.648564147949218750e+01 4.186563491821289062e+01 -1.202522039413452148e+00 2.573595289706073763e-01 -2.168688281771635196e-01 9.416655373396072282e-01
-4.548027801513671875e+01 -2.444602012634277344e+01 -2.692920923233032227e+00 -1.073437167476065379e-01 -1.029615399149054061e-01 -9.888762550355635339e-01
5.359222030639648438e+01 -4.824830245971679688e+01 1.065144348144531250e+01 -4.235494205938284962e-01 3.551636544991554345e-01 8.333454666807976752e-01
-4.483592224121093750e+01 -1.020799255371093750e+01 -5.784348964691162109e+00 -2.266292569629868026e-01 -1.165536102242993866e-01 -9.669821279796677604e-01
-3.499406814575195312e+01 -2.630767631530761719e+01 -5.692128181457519531e+00 -2.608333538577317645e-01 -1.925626222886786809e-01 -9.459839311598452483e-01
-9.236536979675292969e+00 2.451360893249511719e+01 -1.231879806518554688e+01 -6.306594804987647289e-03 6.160863805877152266e-02 -9.980804589703722307e-01
4.233491897583007812e+00 -2.447007942199707031e+01 -1.875643968582153320e+00 -2.353978428499222883e-02 1.860466960704290906e-01 9.822588790319451979e-01
6.678705596923828125e+01 3.361736059188842773e+00 8.341060280799865723e-01 5.102947412757486978e-01 -2.671243448891998671e-04 -8.599995381806325723e-01
7.710253906250000000e+01 1.307262229919433594e+01 1.072527503967285156e+01 8.807326768379186710e-01 4.042165076030113102e-02 4.718856239595847213e-01
4.340410232543945312e+01 -2.244973945617675781e+01 -5.617609024047851562e+00 2.316554156808814935e-01 -1.509950337011040922e-01 -9.610079438710797950e-01
-2.683542442321777344e+01 -5.840280151367187500e+01 9.954962730407714844e+00 1.668876001912102114e-01 4.031307803440267734e-01 8.997967008394922583e-01
-1.087547206878662109e+01 -3.638984680175781250e+01 9.704130291938781738e-01 -1.053627226154918023e-01 -1.968296160532946593e-01 9.747598673146959936e-01
1.587234306335449219e+01 6.853552818298339844e+00 -1.771670913696289062e+01 7.188091462578809487e-01 3.641309087472166528e-01 -5.922179434557369726e-01
-6.051934432983398438e+01 -1.448332786560058594e+01 1.619799017906188965e+00 -5.993794354356953846e-01 -2.042154991646536466e-01 -7.739769520326290619e-01
-8.768234252929687500e+00 5.101131820678710938e+01 -3.355861902236938477e+00 6.586403910602327272e-02 -2.164417275647606831e-01 9.740713048444770150e-01
-5.458008193969726562e+01 -2.938831329345703125e+01 2.268640995025634766e+00 -5.618895435717939923e-01 -2.840959382291879387e-01 -7.768974441368425854e-01
3.424258804321289062e+01 -2.926059722900390625e+01 -6.816415786743164062e+00 3.333556093018706923e-01 -2.875968527699774846e-01 -8.978652950324912396e-01
-4.168676757812500000e+01 -6.244059801101684570e-01 -7.456090927124023438e+00 -3.114208478398493019e-01 -1.246143168040628052e-01 -9.420659889721983982e-01
-5.444131088256835938e+01 1.114544963836669922e+01 -4.046425819396972656e+00 -3.749506900254403474e-01 6.533990271641403058e-02 -9.247392482005161174e-01
5.644269943237304688e+01 -3.258716964721679688e+01 1.524994015693664551e+00 4.210990843029147612e-01 -2.978328253097891065e-01 -8.567211736424140689e-01
4.353897476196289062e+01 7.776847839355468750e+00 -8.473009109497070312e+00 2.609947454407621770e-01 1.025897299078312730e-02 -9.652857070968604569e-01
9.624977111816406250e+00 -2.962413072586059570e+00 -1.691313743591308594e+01 -1.812200171775368296e-01 6.924199995351741632e-02 -9.810019626976341778e-01
-4.598119735717773438e+01 1.653516960144042969e+01 -6.920739173889160156e+00 -4.259342557424585229e-01 6.481169404825649905e-02 -9.024297502297411455e-01
-3.119883537292480469e+01 5.228808879852294922e+00 -1.018042755126953125e+01 -2.464931553490491423e-01 -5.532466177247669786e-02 -9.675641095895560762e-01
7.552255153656005859e+00 3.288160324096679688e+01 -1.143365097045898438e+01 5.958486351973853873e-02 1.700659818734635842e-01 -9.836296080582104251e-01
2.552968025207519531e+01 -6.854714202880859375e+01 1.427808952331542969e+01 -1.427442597483335185e-01 5.292235135239300448e-01 8.363889938553035197e-01
4.591519546508789062e+01 1.509088706970214844e+01 -2.719563007354736328e+00 -1.076625296282230498e-01 -1.332312854587253299e-02 9.940982214850815346e-01
3.103583335876464844e+01 -5.452652359008789062e+01 6.779447078704833984e+00 -1.325673380727345196e-01 3.860554507002519342e-01 9.129003723632357348e-01
-2.460286903381347656e+01 -3.922841262817382812e+01 -4.399172782897949219e+00 -1.633609736083641573e-01 -3.136043178084285121e-01 -9.353959183969309255e-01
-3.528254318237304688e+01 3.657927322387695312e+01 -7.652330875396728516e+00 -1.753397289650143742e-01 1.119148602671453802e-01 -9.781262922025256712e-01
1.088933944702148438e+00 5.875079727172851562e+01 -4.528769016265869141e+00 1.979001648161085036e-01 4.534381382088538692e-01 -8.690393429433707073e-01
9.966112136840820312e+00 1.303885746002197266e+01 -1.324873161315917969e+01 1.750961544562160688e-01 2.138015582845574636e-01 -9.610568299376160972e-01
-4.507375717163085938e+01 -3.712154388427734375e+01 6.170952796936035156e+00 3.269318251021809951e-01 3.259943727008061676e-01 8.870418539746390829e-01
-3.156102895736694336e+00 -6.017754077911376953e+00 -3.569021940231323242e+00 4.240823687344880827e-02 1.496680488077769926e-02 9.989882562858013459e-01
-3.999536514282226562e+01 -4.861645889282226562e+01 9.211164474487304688e+00 2.685594561468617192e-01 4.089794538524816891e-01 8.721305090642267333e-01
-1.094037246704101562e+01 4.421060943603515625e+01 -9.674112319946289062e+00 -3.219879644808276015e-02 8.023998007935576049e-02 -9.962553804643462518e-01
-4.534490203857421875e+01 -3.074758148193359375e+01 4.571539878845214844e+00 2.205963165559952088e-01 2.173711739458158154e-01 9.508349161969942287e-01
-3.997849655151367188e+01 -1.407069396972656250e+01 5.722939968109130859e-01 1.929516770915212787e-01 1.672618820443889376e-01 9.668469957146985649e-01
3.399769210815429688e+01 3.385908508300781250e+01 -3.599275112152099609e+00 -1.061744654604138832e-01 -6.297162549655142827e-02 9.923515290795482668e-01
-2.312777137756347656e+01 -4.845249938964843750e+01 -1.597899913787841797e+00 1.383988607277394089e-01 -2.562699968654014726e-01 -9.566459345316170593e-01
6.718325138092041016e+00 4.240894317626953125e+01 -4.601716995239257812e+00 -3.711357821668366530e-02 -1.647144052906414358e-01 9.856428090346444071e-01
-3.732585144042968750e+01 -2.899286270141601562e+01 2.164391040802001953e+00 1.333602836211205678e-01 1.223325567365295130e-01 9.834885766061536305e-01
1.940488052368164062e+01 3.764242935180664062e+01 -9.782568931579589844e+00 1.446183507020275816e-01 2.487499614789887015e-01 -9.577102846395809665e-01
-4.657867813110351562e+01 -4.547885131835937500e+01 1.020674133300781250e+01 3.384525612334643441e-01 3.507976059964562077e-01 8.731499890749946369e-01
-2.448336601257324219e+01 1.465839767456054688e+01 -1.118577289581298828e+01 -1.524931440345050071e-01 3.530760006736483048e-02 -9.876736375949065616e-01
4.683291912078857422e+00 -1.859840583801269531e+01 -2.455909013748168945e+00 -4.248901832232127029e-02 1.349713826278140238e-01 9.899380835150961566e-01
-5.944353485107421875e+01 -3.292980909347534180e+00 -1.209638953208923340e+00 -3.605862526263873269e-01 -8.880875894830590755e-02 -9.284883191246516843e-01
6.240378189086914062e+01 -3.668027496337890625e+01 9.159734725952148438e+00 -3.262982140590265923e-01 2.143202609285302374e-01 9.206499341538109116e-01
1.839343643188476562e+01 4.772974777221679688e+01 -6.039484024047851562e+00 4.549885831827821803e-01 8.874046254930687549e-01 -7.415133058031374291e-02
4.683115386962890625e+01 8.731399774551391602e-01 -2.422389030456542969e+00 -1.454390185675719649e-01 8.701455661630863592e-02 9.855333372418045856e-01
-2.004826545715332031e+01 6.075048446655273438e+01 -2.996469974517822266e+00 -1.327397448475730601e-01 3.583690628885465301e-01 -9.240951113939441797e-01
3.971002578735351562e+01 -5.883229064941406250e+01 6.841782093048095703e+00 2.349948731180758754e-01 -4.929685936541500779e-01 -8.377107945340497297e-01
3.634181976318359375e+01 -3.609340667724609375e+01 -4.257805824279785156e+00 2.223691598894016741e-01 -2.541972783755844234e-01 -9.412415738781024777e-01
-5.608209609985351562e+01 6.109948158264160156e+00 1.940895080566406250e+00 3.170982126859697714e-01 6.983492327018171741e-02 9.458180623160097333e-01
7.655631065368652344e+00 1.489236640930175781e+01 -1.808021926879882812e+01 2.309677074735327906e-01 3.609965983533611755e-01 -9.035127968555412004e-01
4.867090225219726562e+01 -2.665071868896484375e+01 1.563987016677856445e+00 -3.136261930883819105e-01 2.441967775092369064e-01 9.176091460218741558e-01
3.050830078125000000e+01 2.610622406005859375e+01 -4.707104206085205078e+00 -1.747414937235879095e-01 -1.247207773416485338e-01 9.766832332289442364e-01
4.666442489624023438e+01 -1.378916549682617188e+01 -1.255270957946777344e+00 -1.610640000923326820e-01 1.057694902634267742e-01 9.812600077470149396e-01
2.511273574829101562e+01 -5.045780563354492188e+01 4.858197212219238281e+00 -1.217074600680798230e-01 4.054828946700365089e-01 9.059640811278252270e-01
1.440708994865417480e+00 -3.518408966064453125e+01 -7.445309162139892578e+00 -1.081706787135568171e-02 -2.121999227434336055e-01 -9.771664053938546868e-01
4.581381988525390625e+01 -5.329098510742187500e+01 6.003203868865966797e+00 3.657036656210341796e-01 -4.577712249677391432e-01 -8.103741941491439116e-01
-1.400643253326416016e+01 -1.243429183959960938e+01 -1.102659511566162109e+01 -1.275952132270331829e-01 -3.739677074142544466e-02 -9.911210537061863057e-01
-1.083086967468261719e+00 3.090823554992675781e+01 -1.184429359436035156e+01 -2.322606240938292904e-02 2.688217902700710260e-01 -9.629098582426859343e-01
-5.571841812133789062e+01 3.479267120361328125e+01 3.364542007446289062e+00 2.451440611930839064e-01 -1.210896439638440986e-01 9.618948421664766935e-01
1.823901176452636719e+01 -6.171612548828125000e+01 8.741338729858398438e+00 -5.495641069339211870e-02 4.521882763445279063e-01 8.902278111024527485e-01
-1.145441627502441406e+01 -4.874213027954101562e+01 3.560601949691772461e+00 7.280295761249036546e-02 2.814490185756690632e-01 9.568104197309238446e-01
5.717134475708007812e+01 -1.965602684020996094e+01 2.326572895050048828e+00 -2.073862283880441859e-01 1.451092358428890672e-01 9.674369550250159211e-01
-2.132002067565917969e+01 -3.953150987625122070e+00 -3.665213108062744141e+00 4.627069562209245451e-02 1.243598907654940439e-01 9.911577272540643690e-01
-2.720809555053710938e+01 -5.106259822845458984e+00 -1.003231239318847656e+01 -2.043253012934245494e-01 -1.251413656797033258e-01 -9.708711602716243450e-01
1.347863578796386719e+01 -5.212123870849609375e+01 4.213244915008544922e+00 -8.211016076791617657e-02 4.002756595368541226e-01 9.127087804338268606e-01
-1.361872482299804688e+01 3.357698440551757812e+01 -1.106351852416992188e+01 -7.250068215268092031e-02 1.264919153264645602e-01 -9.893146347064913915e-01
1.173957061767578125e+01 4.071780014038085938e+01 -9.907999038696289062e+00 4.827625212087963136e-02 1.746584246892921577e-01 -9.834448831359162702e-01
-6.677654266357421875e+01 -2.463918495178222656e+01 1.014306926727294922e+01 -9.950876060643841781e-01 -2.368309089115048366e-02 -9.612370916113475994e-02
-2.576858997344970703e+00 3.438742828369140625e+01 -5.553830146789550781e+00 3.160652928851581667e-02 -2.704602887336934880e-02 9.991343951784039668e-01
4.767429733276367188e+01 -7.448160171508789062e+00 -1.730546951293945312e+00 -1.637868903337245385e-01 1.010884732503724015e-01 9.813026929193241488e-01
-1.347358798980712891e+01 -2.691120338439941406e+01 -4.766400158405303955e-02 -2.575512857755538620e-01 3.632672244235665149e-01 8.953793938074280367e-01
4.820624542236328125e+01 -4.575112152099609375e+01 3.008567094802856445e+00 3.899605743978950545e-01 -4.070861178107004208e-01 -8.259610421206778907e-01
5.944262695312500000e+01 -2.831734466552734375e+01 5.158615112304687500e+00 -4.096121799135562513e-01 2.616983828045396643e-01 8.739175124140451389e-01
1.464589214324951172e+01 -7.005854129791259766e+00 -1.287168025970458984e+01 1.221038145964948168e-01 -7.520010421143207002e-02 -9.896643889660647897e-01
1.235368442535400391e+01 -5.868870544433593750e+01 1.537678003311157227e+00 6.059767415418163689e-02 -4.468429362236541746e-01 -8.925577360788078396e-01
5.298802947998046875e+01 1.211118602752685547e+01 -1.126111030578613281e+00 -2.999030870923756198e-01 -2.026614886339483251e-02 9.537543821984304504e-01
6.483798980712890625e+01 -1.914144897460937500e+01 5.741963863372802734e+00 -3.957535149425867038e-01 1.896198376982746459e-01 8.985674557660475736e-01
-1.383815574645996094e+01 -4.364350891113281250e+01 -4.472034931182861328e+00 -8.464645389916573837e-02 -3.041654284573404032e-01 -9.488510789231673348e-01
7.217519378662109375e+01 1.594677543640136719e+01 6.687790870666503906e+00 -3.725981244473834386e-01 9.063364036422350001e-02 9.235562683954999796e-01
6.231209945678710938e+01 -5.894958019256591797e+00 2.204823970794677734e+00 -4.970887817528900632e-01 2.086151826189498737e-02 8.674488688742616471e-01
-5.327001190185546875e+01 -4.292519760131835938e+01 1.202003574371337891e+01 4.631551467715701031e-01 3.844743076058650955e-01 7.985404290391289184e-01
-2.041187477111816406e+01 -5.065071105957031250e+01 5.385035991668701172e+00 1.689593743281417315e-01 3.194428288232615265e-01 9.324210470275944296e-01
-1.187296199798583984e+01 6.393682479858398438e+01 1.637855052947998047e+00 1.086626184699157061e-01 -4.933869696903449564e-01 8.629957899590473547e-01
-3.172700500488281250e+01 -6.570186614990234375e+01 1.162902450561523438e+01 -3.180805788485941976e-01 -5.718139690101037287e-01 -7.562099775884044695e-01
2.766312408447265625e+01 1.123087310791015625e+01 -1.135834026336669922e+01 2.296338582400205275e-01 3.675644727053679200e-02 -9.725827752607232313e-01
-3.425434112548828125e+01 -4.527416229248046875e+00 -8.559835433959960938e+00 -1.698580189760547088e-01 -1.177548080359304833e-01 -9.784079203348423626e-01
6.302332305908203125e+01 -1.246716976165771484e+01 -3.936859965324401855e-01 5.576666728404401363e-01 -3.403268015427678983e-01 -7.570901862755473610e-01
7.396522521972656250e+01 3.095630109310150146e-01 8.255663871765136719e+00 -9.075536626175335631e-01 7.072800773390705564e-02 4.139370705692987928e-01
2.987338066101074219e+01 -1.960867881774902344e+01 -9.075279235839843750e+00 1.082667306065993040e-01 -1.150119548250486401e-01 -9.874464873050483593e-01
5.994775772094726562e+00 -4.469202804565429688e+01 1.834637999534606934e+00 -9.560468735553638575e-02 2.851546767075004429e-01 9.537015015755668790e-01
3.512802505493164062e+01 2.015007400512695312e+01 -9.655744552612304688e+00 2.046016047002618410e-01 8.427434977979358921e-02 -9.752107553361328840e-01
1.097031402587890625e+01 -6.144357681274414062e+01 8.359712600708007812e+00 1.110803349290247601e-03 4.512145407385314555e-01 8.924148162945499951e-01
6.257000350952148438e+01 1.757535934448242188e+01 2.307523965835571289e+00 -4.768185249041418383e-01 -9.200189222767328479e-02 8.741737505409127307e-01
4.822086715698242188e+01 1.984139823913574219e+01 -6.136838912963867188e+00 3.598328697518603514e-01 1.160626772831995085e-01 -9.257698206292946930e-01
-1.612882232666015625e+01 2.348027801513671875e+01 -5.239873886108398438e+00 9.984829933612975050e-02 -6.437322576023761511e-02 9.929181259927246650e-01
2.587190246582031250e+01 2.320980072021484375e+01 -5.681634902954101562e+00 -5.799272252859545562e-02 1.063815809950369173e-02 9.982603236260426671e-01
4.168650054931640625e+01 -3.019592475891113281e+01 5.283510088920593262e-01 -1.371487715304207933e-01 1.908958111434428118e-01 9.719819976499478598e-01
-1.438141822814941406e+01 4.972489833831787109e+00 -1.278011226654052734e+01 -8.578186168166458403e-01 4.976859620965572439e-01 -1.282805666295601665e-01
2.171385002136230469e+01 -2.348880767822265625e+01 -1.594385981559753418e+00 4.080184422649184295e-02 1.113093512706139487e-01 9.929478525216882678e-01
3.460740280151367188e+01 2.794004249572753906e+01 -8.989932060241699219e+00 1.885953235413536655e-01 1.353559066652774423e-01 -9.726821590165787290e-01
2.569896125793457031e+01 -3.514899826049804688e+01 -6.584607124328613281e+00 1.202449079810776339e-01 -2.625587665181736696e-01 -9.573944099633532323e-01
3.134951782226562500e+01 3.821120834350585938e+01 -7.658550262451171875e+00 2.238084387746389348e-01 2.359570436927272141e-01 -9.456394959312175441e-01
-6.108815383911132812e+01 -6.487904071807861328e+00 5.103786945343017578e+00 5.128295738942160176e-01 1.622104629895409211e-01 8.430264490727414906e-01
7.540220642089843750e+01 -1.639587593078613281e+01 5.566628932952880859e+00 4.586676173850033345e-01 -1.542802255121367705e-01 -8.751123520887409413e-01
4.286770629882812500e+01 -2.786923885345458984e+00 -8.303132057189941406e+00 2.078604788024489836e-01 -3.976440688407419793e-02 -9.773498929744527386e-01
-3.017575836181640625e+01 3.287755203247070312e+01 -3.395920991897583008e+00 1.830564642260981700e-01 -1.104083981319773089e-01 9.768829594823372764e-01
-1.939086532592773438e+01 -2.899370384216308594e+01 -7.329200208187103271e-02 7.556521715792618998e-02 1.845159594550273841e-01 9.799202817894249185e-01
-7.976306915283203125e+00 1.841736412048339844e+01 -5.513307094573974609e+00 -6.675305994559167094e-03 6.117763334721983831e-02 9.981045724110836348e-01
-1.137429428100585938e+01 3.968722915649414062e+01 -4.830162048339843750e+00 5.087644607964775245e-02 -8.534802583956838107e-02 9.950514065713352840e-01
-1.379792881011962891e+01 -5.762582015991210938e+01 7.586791992187500000e+00 1.159614337413373136e-01 4.665900030142680066e-01 8.768390473580649491e-01
-4.085220718383789062e+01 2.588504981994628906e+01 -7.757041931152343750e+00 -1.984699357279022802e-01 8.178348395236147150e-02 -9.766888687626044119e-01
5.441180419921875000e+01 -5.193343734741210938e+01 1.483956527709960938e+01 -5.455089996807699348e-01 6.332991047102755067e-01 5.489555312048959301e-01
-5.972284317016601562e+01 1.319244956970214844e+01 2.989536046981811523e+00 3.753131207966450833e-01 -9.737849797716389283e-03 9.268469321517982529e-01
1.814139938354492188e+01 -6.715116882324218750e+01 7.320086956024169922e+00 1.235057405429787758e-01 -6.567030185061775160e-01 -7.439673901037634485e-01
4.112353897094726562e+01 2.917981529235839844e+01 -2.953438043594360352e+00 -1.452266165631737604e-01 -6.424121547900903118e-02 9.873106380847885832e-01
9.622858047485351562e+00 -1.440253543853759766e+01 -1.672389221191406250e+01 4.995520883252570488e-01 -8.430666673076721018e-01 1.992142201867362350e-01
-5.452051162719726562e+01 -2.407807922363281250e+01 5.458559989929199219e-01 -4.490415164211139509e-01 -1.887126881193729455e-01 -8.733551613593331098e-01
1.197278213500976562e+01 -1.591413402557373047e+01 -1.174804592132568359e+01 1.488057753655289660e-02 -1.602770998071744724e-01 -9.869598875788112569e-01
-5.050365924835205078e+00 -5.885135269165039062e+01 7.363771915435791016e+00 7.182363895321033920e-02 4.500205461838958643e-01 8.901252006880082668e-01
-3.540189862251281738e-01 3.988806152343750000e+01 -1.039951419830322266e+01 1.901760853091931033e-02 2.369643583751851190e-01 -9.713321900491105332e-01
3.861290740966796875e+01 -6.836030578613281250e+01 1.573858261108398438e+01 5.002183795484446138e-01 -7.672810372336934526e-01 4.013245353370707980e-01
-1.580379009246826172e+00 -5.152558135986328125e+01 3.836754083633422852e+00 1.279364929712232223e-02 2.796111209074868542e-01 9.600280952151978298e-01
3.489857101440429688e+01 1.317215156555175781e+01 -4.575597763061523438e+00 -1.802894499821386387e-01 -3.178142734441098335e-03 9.836084656172380258e-01
3.647783041000366211e+00 1.089399623870849609e+01 -5.006029129028320312e+00 4.363772141130910914e-02 1.047112992445115021e-01 9.935448118130130180e-01
-3.191863059997558594e+01 5.038671112060546875e+01 -4.505960941314697266e+00 -1.744488861213241981e-01 3.040045074014138260e-01 -9.365622486576389294e-01
7.536540222167968750e+01 7.290452957153320312e+00 4.190443038940429688e+00 3.210482815058627315e-01 -2.520895146634670111e-02 -9.467272625778236916e-01
-7.811089992523193359e+00 -1.248877143859863281e+01 -3.450881004333496094e+00 3.930335311971663859e-03 2.384458985895226285e-02 9.997079513531909045e-01
-5.761117935180664062e+00 1.614190483093261719e+01 -1.266345882415771484e+01 5.760969266431619287e-03 1.420183309938455596e-01 -9.898472634173587359e-01
-3.629255294799804688e+01 -5.679828262329101562e+01 6.989061832427978516e+00 -2.844978558849316497e-01 -4.337926152910692168e-01 -8.549180878398884298e-01
4.690583038330078125e+01 3.182732200622558594e+01 -4.306137084960937500e+00 2.580468572483840539e-01 1.426458763137256613e-01 -9.555438103168903963e-01
-5.725764846801757812e+01 -2.807107925415039062e+01 8.962245941162109375e+00 5.006303529216100667e-01 2.217559845721893130e-01 8.367756766541455393e-01
-4.193777465820312500e+01 -4.620702743530273438e+01 3.253829002380371094e+00 -3.606384302693891875e-01 -4.397095743681162516e-01 -8.225542005374726351e-01
-1.667156982421875000e+01 -5.415327072143554688e+01 3.753910064697265625e-01 -1.211972022895844575e-01 -4.307067897887928432e-01 -8.943170016202365291e-01
5.783669662475585938e+01 2.460402107238769531e+01 1.045140027999877930e+00 -4.377092254583761499e-01 -1.775287448683094960e-01 8.814160077364779911e-01
-4.821213531494140625e+01 -5.233599853515625000e+01 9.652335166931152344e+00 -4.386539456413409699e-01 -5.194753546745692896e-01 -7.332994421510313776e-01
-2.756476974487304688e+01 5.753551101684570312e+01 1.082697987556457520e+00 1.952968224333575253e-01 -3.894268442972915190e-01 9.001143727816408591e-01
-2.451035690307617188e+01 3.499063110351562500e+01 -9.454942703247070312e+00 -1.392857070210953008e-01 2.604705787586722443e-02 -9.899096133464129199e-01
6.120626449584960938e+01 3.584645986557006836e+00 -2.108952999114990234e+00 3.106001333772099859e-01 -2.015751978397473804e-02 -9.503269077229256068e-01
3.016187286376953125e+01 -2.451398658752441406e+01 -1.519446015357971191e+00 -7.683103897182080519e-03 1.734120991409767165e-01 9.848193813009699094e-01
4.859542846679687500e+01 1.017445659637451172e+01 -6.750123977661132812e+00 3.135498652280763188e-01 4.518657781494644227e-02 -9.484959964073802485e-01
-5.318298339843750000e+01 2.997373580932617188e+01 -3.052824020385742188e+00 -3.242562408311034927e-01 1.441431414305983372e-01 -9.349228016582972201e-01
3.679457092285156250e+01 -1.160489082336425781e+01 -8.853100776672363281e+00 2.321197602343386124e-01 -8.467921989362160728e-02 -9.689942448884620863e-01
-1.515663981437683105e+00 2.695891857147216797e+00 -1.725863456726074219e+01 -7.779377639013483614e-02 1.816973718827077644e-01 -9.802725097675026866e-01
3.595195007324218750e+01 -5.118225860595703125e+01 6.132876873016357422e+00 -1.671999114450591906e-01 3.221806104108798641e-01 9.317960312686662805e-01
-4.724617004394531250e+01 2.707025527954101562e+01 -4.905970096588134766e-01 2.907665617989376172e-01 -8.964795809278634786e-02 9.525849306751701384e-01
-5.749242401123046875e+01 -1.089714717864990234e+01 4.215459823608398438e+00 3.382801524763346390e-01 1.568937357958754275e-01 9.278743956530979275e-01
-1.269150543212890625e+01 -1.781534004211425781e+01 -1.065439796447753906e+01 -6.306486649684751866e-02 -1.189337570895552670e-01 -9.908973630191459936e-01
-1.034199810028076172e+01 5.792887878417968750e+01 -8.442710041999816895e-01 8.068228044837857937e-02 -3.357874245170843208e-01 9.384759853921847972e-01
2.627112388610839844e+01 -4.543558120727539062e+01 2.905421018600463867e+00 -6.281620112248022247e-02 2.803117080339400102e-01 9.578514870352476951e-01
4.048963928222656250e+01 -3.862976455688476562e+01 2.877362012863159180e+00 -1.673263174625182204e-01 3.106949339857159598e-01 9.356658385770232345e-01
-1.020312595367431641e+01 -2.584783744812011719e+01 -9.443922042846679688e+00 -1.096579188389558424e-01 -2.611627041263647753e-01 -9.590459753365914164e-01
1.377738571166992188e+01 -1.625773620605468750e+01 -2.570647001266479492e+00 2.738522812871171594e-03 1.063433507484859014e-01 9.943256972664379356e-01
-4.846675109863281250e+01 -1.092117691040039062e+01 1.362843036651611328e+00 2.003429929512390850e-01 1.075557021301738470e-01 9.738041158850300194e-01
-2.814847946166992188e+01 2.525130271911621094e+01 -9.936527252197265625e+00 -1.427364912681959586e-01 5.906207226093519724e-02 -9.879969461899608119e-01
-1.308467197418212891e+01 2.797890472412109375e+01 -5.251965999603271484e+00 1.135447355720999203e-02 5.804993686979680219e-03 9.999186856832573689e-01
3.090962886810302734e+00 2.291136932373046875e+01 -1.245657348632812500e+01 -1.418591213436827710e-02 3.501131310623026988e-02 -9.992862291913632289e-01
-4.649911499023437500e+01 4.312970352172851562e+01 -2.813941001892089844e+00 -2.843017048328629892e-01 2.060079924065854051e-01 -9.363403482141180456e-01
7.114307403564453125e+01 2.199961471557617188e+01 9.034428596496582031e+00 -9.400584334749345627e-01 -2.514749299106905922e-01 2.303269443184303156e-01
1.897444725036621094e+01 1.686616134643554688e+01 -1.227673435211181641e+01 1.558851933962935588e-01 9.645742856360728368e-02 -9.830543072255453207e-01
3.683316802978515625e+01 -1.727556991577148438e+01 -8.264504432678222656e+00 1.792000467464554270e-01 -1.349570591450889034e-01 -9.745121525322182343e-01
5.577081298828125000e+01 -5.723199844360351562e-01 -3.574626922607421875e+00 3.610027679402746936e-01 -7.098775532781013975e-02 -9.298589893811743945e-01
-4.008859252929687500e+01 -6.239832687377929688e+01 1.317288398742675781e+01 -4.187667640843290573e-01 -9.040717819802074340e-01 8.537335840572400636e-02
-3.820904541015625000e+01 -5.348262405395507812e+01 1.068729496002197266e+01 2.323025877895594782e-01 3.950992213700116884e-01 8.887812514781602280e-01
5.425941944122314453e+00 -5.116754531860351562e+01 -2.447492122650146484e+00 -1.563834051281900658e-02 -3.511568595621399336e-01 -9.361860404259724211e-01
6.235995483398437500e+01 2.630773544311523438e+01 3.525527954101562500e+00 -3.814953780941223171e-01 -1.474112787809517822e-01 9.125410628464821761e-01
-6.453968048095703125e+01 9.759010314941406250e+00 7.172620296478271484e-01 -7.097521273185560808e-01 -3.625754332512807349e-02 -7.035178095249691177e-01
-6.068515777587890625e+01 -3.683023834228515625e+01 9.211753845214843750e+00 -5.956905118139670385e-01 -3.408135690330981182e-01 -7.273231230324908037e-01
7.182189941406250000e+01 -3.272849273681640625e+01 9.508474349975585938e+00 9.022211917919719104e-01 -4.109376100166843293e-01 1.308709354870261077e-01
2.416908979415893555e+00 -1.118340682983398438e+01 -1.717994308471679688e+01 -4.655378426024187749e-02 1.664403041644610948e-01 -9.849519634584686933e-01
1.344541835784912109e+01 4.724851226806640625e+01 -8.373090744018554688e+00 7.672543499077322249e-02 3.262068116889358382e-01 -9.421795601864941805e-01
1.763302803039550781e+01 -5.910090255737304688e+01 2.481900930404663086e+00 9.584665242641275673e-02 -4.603557617333786101e-01 -8.825451783662584537e-01
-5.193430709838867188e+01 8.999840021133422852e-01 -4.572980880737304688e+00 -3.557234898784112920e-01 -6.319999090308814349e-02 -9.324519075526487288e-01
3.221049118041992188e+01 -6.389178466796875000e+01 7.836633205413818359e+00 2.051305520871415378e-01 -5.012587427715033961e-01 -8.406313873485551369e-01
-1.560678672790527344e+01 -1.238649272918701172e+01 -3.075356960296630859e+00 6.236206368696738112e-02 1.232711406784036401e-01 9.904116310345653096e-01
2.633714866638183594e+01 -6.334527969360351562e+00 -3.420608997344970703e+00 -1.652541738195748705e-02 7.461742467561305325e-02 9.970752983176001116e-01
5.199617385864257812e+01 -8.050035476684570312e+00 -4.716526031494140625e+00 4.800790395537287703e-01 -9.170105458709509882e-02 -8.724190692372468803e-01
-5.211667633056640625e+01 2.866839885711669922e+00 6.490479707717895508e-01 2.702700983839990134e-01 5.877380392649494967e-02 9.609889249577818759e-01
4.833378791809082031e+00 3.743180847167968750e+01 -5.401421070098876953e+00 7.350192880850803722e-04 -1.110158398041157513e-01 9.938183652253730349e-01
-1.345710754394531250e+01 -2.110249137878417969e+01 -1.858901977539062500e+00 2.464528440783150549e-03 1.317189504543086753e-01 9.912840380994640821e-01
-3.870178985595703125e+01 4.657956314086914062e+01 4.116620123386383057e-01 2.338380389289794192e-01 -2.213882366329198992e-01 9.467349260645322451e-01
-3.070446968078613281e+01 -2.139112281799316406e+01 -8.849400281906127930e-02 1.725728838974605328e-01 1.674755765198975288e-01 9.706546919541685359e-01
2.462033653259277344e+01 -6.541509246826171875e+01 7.098082065582275391e+00 1.772980566072105135e-01 -5.906093744236864396e-01 -7.872394591013386345e-01
4.297517013549804688e+01 1.873149871826171875e+01 -7.799539089202880859e+00 3.237733062667344508e-01 1.357280553751895880e-01 -9.363486215791513301e-01
4.754690551757812500e+01 -3.791651535034179688e+01 1.674530059099197388e-01 1.854667176479579960e-01 -2.428884587949027563e-01 -9.521592793378267361e-01
-4.538892745971679688e+01 3.481517410278320312e+01 -5.437200143933296204e-02 2.782299439934133312e-01 -1.352789969254175606e-01 9.509404246619632683e-01
-5.345629882812500000e+01 -1.980572700500488281e+01 4.532162189483642578e+00 2.463629209598556524e-01 1.690128455363803517e-01 9.543269718601814500e-01
7.198529815673828125e+01 2.647001838684082031e+01 4.659729957580566406e+00 6.284930956336838292e-01 3.852943032187403083e-01 -6.756809370168544993e-01
-1.350818991661071777e+00 -6.400671386718750000e+01 9.525306701660156250e+00 -3.496733405276490451e-03 3.323058698392643562e-01 9.431651932327985710e-01
6.721755218505859375e+01 9.506095886230468750e+00 1.162562966346740723e+00 4.341410965191329074e-01 3.952058209376083098e-02 -8.999775730006470686e-01
7.049378204345703125e+01 -3.344238042831420898e+00 2.968441963195800781e+00 3.479676340499908149e-01 -9.567339461409717083e-02 -9.326119917825776984e-01
7.134021759033203125e+01 -2.007213973999023438e+01 9.873344421386718750e+00 -9.606055820104020260e-01 1.983195253129456381e-01 1.946953561082154505e-01
6.816869974136352539e-01 2.769167327880859375e+01 -5.616662979125976562e+00 -2.110552791107253839e-03 -3.598617543823678239e-02 9.993500591605747330e-01
-2.560383796691894531e+01 5.253416824340820312e+01 -5.033628940582275391e+00 -1.736224125492308867e-01 3.521539797884815082e-01 -9.196971416611657846e-01
1.970325660705566406e+01 -4.349777221679687500e+01 -4.585299015045166016e+00 1.151075076773433598e-01 -3.824990629177849044e-01 -9.167577261977816194e-01
-9.896113395690917969e+00 -8.738353729248046875e+00 -1.306846332550048828e+01 -8.914036415719169826e-01 -4.349706574865474518e-01 -1.272795149191175146e-01
2.234971046447753906e+00 1.885477447509765625e+01 -5.562315940856933594e+00 -6.585634057451864379e-03 -1.615084318346859255e-02 9.998478782737523218e-01
-1.584180927276611328e+01 -3.820863342285156250e+01 1.141339063644409180e+00 9.997953364021140710e-02 1.564966076900479175e-01 9.826051621249467516e-01
-2.692789268493652344e+01 -6.350185394287109375e+01 8.400010108947753906e+00 -2.122622878030145932e-01 -6.064018698058744050e-01 -7.663037866750819216e-01
1.341643333435058594e+01 -3.344433593750000000e+01 -7.823387145996093750e+00 4.217130766805961967e-02 -2.167036005877381322e-01 -9.753261661115607550e-01
2.164527893066406250e+01 -1.335056114196777344e+01 -1.147839355468750000e+01 9.286180568400335955e-02 -1.321293277015164191e-01 -9.868731052198411735e-01
7.692446136474609375e+01 -1.285271835327148438e+01 1.289501762390136719e+01 7.385335851919367922e-01 -2.722073081002107098e-01 6.168235768519076956e-01
-4.943261718750000000e+01 1.301479244232177734e+01 -2.809340059757232666e-01 2.116675776928793051e-01 5.086904030536998009e-03 9.773284810957947322e-01
-5.937294006347656250e+00 -5.136338233947753906e+00 -1.689352416992187500e+01 2.953808934315503912e-02 3.557252728342528286e-02 -9.989304763498938478e-01
-1.410714435577392578e+01 2.272569084167480469e+01 -1.223555755615234375e+01 -8.533820933825651822e-02 4.414391080969821968e-02 -9.953736510302879648e-01
9.884760856628417969e+00 5.091040420532226562e+01 -7.363899230957031250e+00 1.504952940449331977e-01 4.548289357475751582e-01 -8.777709300706291184e-01
-5.903362655639648438e+01 2.459299659729003906e+01 -1.178112983703613281e+00 -4.145656822473467451e-01 1.144949427364004152e-01 -9.027880167517624566e-01
-4.603265762329101562e+00 6.448217010498046875e+01 1.568912982940673828e+00 3.721267038064655919e-03 -5.492557054465647681e-01 8.356460507930543180e-01
4.010466384887695312e+01 -5.281850051879882812e+01 3.390481948852539062e+00 2.877796420981848513e-01 -4.747985613988996434e-01 -8.317146167330330409e-01
1.880849838256835938e+01 -6.935947418212890625e+01 1.375979709625244141e+01 -1.711954999483959738e-01 4.371640595498901827e-01 8.829380985297207163e-01
3.861369323730468750e+01 -6.823537826538085938e+00 -3.239727020263671875e+00 -1.095685526637098922e-01 6.048831990722804142e-02 9.921370345985380812e-01
1.726042366027832031e+01 7.239899784326553345e-02 -1.746000289916992188e+01 9.720494896614624292e-01 -4.027139996723625576e-02 -2.312963553400032568e-01
-7.404746055603027344e+00 -1.101778888702392578e+01 -1.795324325561523438e+01 1.664712185423960766e-01 1.866835705486232233e-01 -9.682130849581753740e-01
-1.640224266052246094e+01 5.742090225219726562e+01 -4.570158958435058594e+00 -7.134291839099418664e-02 3.638016468727407471e-01 -9.287403026293936659e-01
-1.302515697479248047e+01 -6.192260742187500000e+01 4.792440891265869141e+00 -1.004130429753512799e-01 -5.109746631482248169e-01 -8.537107908542496126e-01
4.365824127197265625e+01 -7.868546009063720703e+00 -7.819130897521972656e+00 2.814827855212539420e-01 -6.664027177026278503e-02 -9.572494531905365589e-01
-3.637329936027526855e-01 -1.707104682922363281e+01 -1.650760078430175781e+01 1.426331057777417699e-01 -9.735475157457982309e-01 1.784965874222266269e-01
-1.974156951904296875e+01 3.360005950927734375e+01 -4.728694915771484375e+00 1.421131922609465414e-01 -9.070993336730054368e-02 9.856853192443838507e-01
5.087033462524414062e+01 -1.445275211334228516e+01 -4.286065101623535156e+00 4.738769662144311501e-01 -1.848490923797611041e-01 -8.609712155105916365e-01
1.172214603424072266e+01 3.300135421752929688e+01 -5.761642932891845703e+00 -2.393322841245640667e-02 -8.252548259136271644e-03 9.996794966512956293e-01
-3.600269317626953125e+01 -9.775652885437011719e+00 -7.664192199707031250e+00 -1.726025381963073313e-01 -9.858380717666757886e-02 -9.800457115720397905e-01
3.437075424194335938e+01 -7.047883605957031250e+01 1.249449443817138672e+01 3.433790253269877191e-01 -8.750838711209482090e-01 -3.410558069722073316e-01
2.150120353698730469e+01 7.489058971405029297e+00 -1.228529262542724609e+01 1.576062165754534838e-01 -1.847556777115115512e-02 -9.873291922617830618e-01
-5.852612972259521484e+00 5.472729206085205078e+00 -1.701521682739257812e+01 4.527012701495242153e-02 -7.926898796286918625e-02 -9.958248054489265977e-01
4.987628173828125000e+01 5.122766971588134766e+00 -2.064472913742065430e+00 -2.518682007734678319e-01 2.693569653045736062e-02 9.673866226548490932e-01
8.912425041198730469e+00 2.159967231750488281e+01 -5.649271011352539062e+00 2.709556197548570935e-03 5.524631166317396647e-02 9.984690798181122817e-01
-3.911326217651367188e+01 -1.839101600646972656e+01 -5.984505176544189453e+00 -2.670941086540623011e-01 -1.223702173783393632e-01 -9.558693775935444004e-01
-3.985997009277343750e+01 3.820866012573242188e+01 -6.033960819244384766e+00 -2.999029545665440888e-01 2.270795801815284620e-01 -9.265490176492758856e-01
4.369213104248046875e+01 -4.458437347412109375e+01 5.130796909332275391e+00 -1.390305688859624356e-01 2.774615093877030314e-01 9.506238013659994435e-01
-1.907562446594238281e+01 -1.143994522094726562e+01 -1.050583171844482422e+01 -7.690784983067033842e-02 4.443437656981232171e-03 -9.970283037588307806e-01
1.534278583526611328e+01 -1.201919937133789062e+01 -1.217971324920654297e+01 3.035430252019078942e-02 -7.132952989375508646e-02 -9.969908296888435606e-01
6.337139892578125000e+01 -4.711429214477539062e+01 1.041221141815185547e+01 7.869393565439271043e-01 -6.129222409359552648e-01 7.108287900948230542e-02
-2.529306411743164062e+01 -4.145456314086914062e+01 3.060359954833984375e+00 1.717385012064311101e-01 3.538434108454985294e-01 9.194023753529203535e-01
-2.822710800170898438e+01 4.300678253173828125e+01 -2.624113082885742188e+00 1.616205727956987748e-01 -1.452947232523227605e-01 9.760984754850410283e-01
-1.533320999145507812e+01 1.667568397521972656e+01 -1.241919040679931641e+01 -1.302770077601305698e-01 3.322136723701547834e-02 -9.909209060303300065e-01
4.003285598754882812e+01 2.395778274536132812e+01 -3.269248962402343750e+00 -1.291501070831485576e-01 -2.223319868077114000e-02 9.913757787624390971e-01
3.268818664550781250e+01 -5.237116241455078125e+01 1.607684016227722168e+00 8.719619697438243944e-02 -3.086213711997999876e-01 -9.471798522307998125e-01
-3.455745697021484375e+01 -4.896736526489257812e+01 1.218667984008789062e+00 -4.734550153731866828e-01 -4.545489073513804268e-01 -7.544704362953141841e-01
2.563575983047485352e+00 -1.909541320800781250e+01 -1.116678428649902344e+01 -5.994461871100595363e-02 -1.242641474810519953e-01 -9.904368048181567685e-01
-4.994232940673828125e+01 -8.046459197998046875e+00 -4.154386043548583984e+00 -3.710488703764699969e-01 -1.425894621682091690e-01 -9.176006653609871666e-01
-2.483500671386718750e+01 4.474758148193359375e+00 -1.127190113067626953e+01 -1.200462284334988528e-01 -4.559250086160214314e-03 -9.927578336520664903e-01
-4.428433990478515625e+01 9.649247169494628906e+00 -7.553791999816894531e+00 -1.567974323338812981e-01 -4.722736087935345412e-02 -9.865009587414870218e-01
-2.934532737731933594e+01 -3.037899208068847656e+01 1.208026051521301270e+00 1.169093007226027631e-01 9.795080067498503074e-02 9.883004887440264286e-01
-1.287759304046630859e+01 -3.829704046249389648e+00 -3.688960075378417969e+00 -1.224451202044544995e-02 7.379602464704937415e-02 9.971981842500883264e-01
1.294734954833984375e+00 -6.219890975952148438e+01 3.824506998062133789e+00 -2.937889072910715785e-02 -4.524193352378647615e-01 -8.913212809545476567e-01
5.892738723754882812e+01 -1.490375995635986328e+01 2.096436023712158203e+00 -2.678327848112043719e-01 1.465248161275045646e-01 9.522584090671376567e-01
2.125408744812011719e+01 -3.382983779907226562e+01 -1.303800046443939209e-01 3.999997994558459821e-03 1.084586838252082214e-01 9.940929101039535087e-01
2.279253196716308594e+01 3.623820877075195312e+01 -4.621954917907714844e+00 -1.158244508596416728e-01 -1.006925497418531962e-01 9.881526739373561741e-01
2.189262390136718750e+01 4.275915908813476562e+01 -8.554644584655761719e+00 1.855600770435136271e-01 2.818253079588844412e-01 -9.413511319382823483e-01
-1.481162929534912109e+01 -3.578121948242187500e+01 -6.518635749816894531e+00 -7.389998719477387790e-02 -2.753808242287403285e-01 -9.584905808299379881e-01
-1.684954643249511719e+01 4.819582748413085938e+01 -8.385423660278320312e+00 -1.141796712402643188e-01 3.958896190914572566e-01 -9.111719992246721800e-01
-4.216697692871093750e+01 4.883373260498046875e+01 -2.596657037734985352e+00 -2.714761075714110516e-01 2.881084372044543374e-01 -9.183105419352881604e-01
-4.184819030761718750e+01 -5.333791351318359375e+01 7.192176818847656250e+00 -3.335302357442068155e-01 -4.548436949397849927e-01 -8.257571041280465929e-01
6.433825683593750000e+01 -2.915963363647460938e+01 4.300650119781494141e+00 3.744182094875903033e-01 -2.393310751642734602e-01 -8.958413033929725211e-01
2.464679145812988281e+01 -5.820091629028320312e+01 2.804975986480712891e+00 1.005161052949545136e-01 -3.633675145178246746e-01 -9.262076235755523079e-01
-6.442974090576171875e+01 -9.660238265991210938e+00 3.069679975509643555e+00 -5.801224567106471053e-01 -2.457403687021900984e-01 -7.765755638765070579e-01
-2.535599327087402344e+01 -5.628192520141601562e+01 3.414083003997802734e+00 -1.573132663765132166e-01 -6.108984661546762451e-01 -7.759224189774491798e-01
-6.052822113037109375e+00 4.022167587280273438e+01 -1.035572528839111328e+01 9.034845870728730119e-03 1.817980238566531959e-01 -9.832943862760064047e-01
2.379495239257812500e+01 -6.975582122802734375e+01 9.725232124328613281e+00 8.363964934451199873e-02 -4.686976902000308254e-01 -8.793900637707269263e-01
1.877384757995605469e+01 7.783954143524169922e+00 -4.902710914611816406e+00 3.593144573125726243e-02 1.169502662099036611e-01 9.924875648798296979e-01
5.485741138458251953e+00 5.324174880981445312e+01 -6.794650077819824219e+00 6.221065008175986205e-02 3.830382768883180411e-01 -9.216352388308690635e-01
1.875652885437011719e+01 -2.838361358642578125e+01 -8.694810867309570312e+00 1.187666040632518044e-01 -2.100851276239449061e-01 -9.704425448786307973e-01
-4.140651702880859375e+01 -2.790706253051757812e+01 -3.116215944290161133e+00 -2.125326767298459096e-01 -6.587229477591766136e-02 -9.749311268510209016e-01
2.765825033187866211e+00 4.585250854492187500e+01 -4.174082756042480469e+00 -3.374726452763140983e-02 -8.556378686332818950e-02 9.957609956784354566e-01
7.621118927001953125e+01 1.888826560974121094e+01 6.565673828125000000e+00 9.600112370017396257e-01 2.632470327332691040e-01 -9.528601464810308730e-02
-5.145284271240234375e+01 4.164453506469726562e+01 2.883399963378906250e+00 -1.342507823344537554e-01 2.965980788458706940e-01 9.455190675324987026e-01
2.052299880981445312e+01 2.962170410156250000e+01 -5.721484184265136719e+00 -6.238140486837434606e-02 -5.990025259872457097e-02 9.962532409308673120e-01
4.403602600097656250e+01 -3.237785720825195312e+01 -3.560546875000000000e+00 8.601942510747687676e-01 -3.576615488395837872e-01 -3.635162539689078542e-01
5.628975296020507812e+01 -1.260102653503417969e+01 -2.151179075241088867e+00 3.222019408406969765e-01 -1.083898036765766348e-01 -9.404454049956547657e-01
-5.890149307250976562e+01 2.969489669799804688e+01 3.794664859771728516e+00 -1.741201860745504315e-01 1.615553781365806074e-01 9.713815010573910724e-01
2.979303741455078125e+01 1.229745030403137207e+00 -1.101567173004150391e+01 2.163270664761702822e-01 9.744690476519199396e-03 -9.762723192415788676e-01
-2.392255592346191406e+01 2.821620106697082520e-01 -3.871725082397460938e+00 1.586577894602755057e-01 9.276725412369642154e-02 9.829658907642361276e-01
-2.363121604919433594e+01 2.927725219726562500e+01 -4.632617950439453125e+00 8.700597825143926989e-02 -4.846392625839581608e-02 9.950282446243075007e-01
-5.290218353271484375e+01 -4.251579284667968750e+01 6.890421867370605469e+00 -4.459823410651179154e-01 -3.774638855475591082e-01 -8.115545370247251311e-01
-3.550446701049804688e+01 3.037128448486328125e+01 -2.709867000579833984e+00 1.917445205769340022e-01 -8.834193430396869440e-02 9.774608644197244622e-01
-8.498526573181152344e+00 6.842097473144531250e+01 1.010190024971961975e-01 1.570388773773210905e-03 4.595394664614357860e-01 -8.881559618915126908e-01
2.240273475646972656e+01 -3.836565017700195312e+00 -1.201143264770507812e+01 1.902113983181473178e-01 -6.680088485392556008e-02 -9.794678482383112339e-01
-7.031546020507812500e+01 -4.520833015441894531e+00 6.152526855468750000e+00 -6.020649980598113959e-01 7.627616445783909072e-01 -2.360347679290226708e-01
-6.112673568725585938e+01 1.685087919235229492e+00 3.903043985366821289e+00 4.161609665310851414e-01 8.145201176964197987e-02 9.056354783877402781e-01
-6.524845123291015625e+01 -3.428447723388671875e+01 1.189122962951660156e+01 -6.647048536583313183e-01 -3.017884176405383756e-01 -6.834407132305453381e-01
2.937455368041992188e+01 2.862184143066406250e+01 -9.723456382751464844e+00 1.500601628976347413e-01 1.350848088382659018e-01 -9.794049427750833869e-01
3.216059923171997070e+00 -2.534842872619628906e+01 -9.952090263366699219e+00 5.537282883977219690e-03 -2.637588993136286142e-01 -9.645727455879757883e-01
-1.583915233612060547e+01 3.829869842529296875e+01 -1.019547080993652344e+01 -5.223026157515898993e-02 1.404109923965814744e-01 -9.887146974683836964e-01
3.488771820068359375e+01 2.256695175170898438e+01 -4.172923088073730469e+00 -1.961642124410633292e-01 -6.301881814884968680e-02 9.785439337691995698e-01
7.423406982421875000e+01 -8.717187881469726562e+00 4.524107933044433594e+00 1.899097364170697078e-01 -5.011981040761960549e-02 -9.805214411825493581e-01
-5.126308441162109375e+01 3.649326324462890625e+01 1.911968946456909180e+00 2.890105656808881762e-01 -2.062408369629772642e-01 9.348463029255791312e-01
3.467501831054687500e+01 -3.049474716186523438e+01 -8.943899720907211304e-02 -6.593327914695307213e-02 2.108116356313563533e-01 9.753005982687400488e-01
-3.938000106811523438e+01 -6.428553104400634766e+00 -8.645849823951721191e-01 2.077503172913705010e-01 1.345600076832234593e-01 9.688825573812471781e-01
3.978965759277343750e+01 -4.810207366943359375e+01 5.623328208923339844e+00 -1.984987662214799942e-01 3.287078241726163474e-01 9.233360201661444666e-01
6.610028839111328125e+01 -3.438804626464843750e+01 5.922627925872802734e+00 1.813373927128092977e-01 -1.722399436471684919e-01 -9.682200947184171902e-01
-5.480018138885498047e+00 2.112960433959960938e+01 -1.257669448852539062e+01 -1.821218018198056399e-02 8.566045580485945332e-02 -9.961579206151617294e-01
6.294257164001464844e+00 -3.417717361450195312e+01 -2.120870053768157959e-01 -2.540734899373023672e-02 2.000567820062625624e-01 9.794548231492913315e-01
-3.139312171936035156e+01 1.091178131103515625e+01 -1.007205486297607422e+01 -1.593377730963838890e-01 6.463675467581820808e-03 -9.872029654352417749e-01
3.743231201171875000e+01 -6.377925491333007812e+01 1.430645465850830078e+01 -3.399412315591284206e-01 7.206572051934020395e-01 6.042293866479002684e-01
3.382260513305664062e+01 -4.487417221069335938e+01 3.788411140441894531e+00 -1.622962211133164023e-01 3.446564174412147241e-01 9.245928241820421389e-01
-1.542799186706542969e+01 1.862403297424316406e+01 -5.426814079284667969e+00 6.464968092150992496e-02 2.889891524685643531e-02 9.974894843828189250e-01
3.563311386108398438e+01 -3.865623855590820312e+01 1.891053915023803711e+00 -1.593922488676511595e-01 2.881705504940967888e-01 9.442202311054567199e-01
-1.241779041290283203e+01 6.196059036254882812e+01 -3.215106010437011719e+00 -5.824434011783763410e-02 3.431493548486195810e-01 -9.374732620780252823e-01
-3.518151473999023438e+01 2.840630912780761719e+01 -8.484036445617675781e+00 -1.575289308530952448e-01 5.751159323186990496e-02 -9.858382486940809875e-01
-5.251062011718750000e+01 -1.666195869445800781e+01 -1.925441026687622070e+00 -3.988992243429512752e-01 -1.684810971009122471e-01 -9.013842292486954344e-01
7.359709167480468750e+01 1.036554145812988281e+01 8.549081802368164062e+00 -9.984726320976056169e-01 -2.499804844943173329e-02 4.926967146023299854e-02
-1.990462303161621094e+01 -3.377915191650390625e+01 8.621720075607299805e-01 6.405518503616487724e-02 1.657047067682774488e-01 9.840929241818689999e-01
-8.984553337097167969e+00 1.489651966094970703e+01 -1.687083435058593750e+01 -5.403534350868330893e-01 8.396574461044068460e-01 -5.471323780662993436e-02
4.551740646362304688e+01 -5.827249145507812500e+01 1.364720821380615234e+01 -5.322083476196972640e-01 7.045093977582291833e-01 4.694899180964898777e-01
-5.745691299438476562e+01 1.478270149230957031e+01 -2.678433895111083984e+00 -3.562636196008926448e-01 4.431905486143464939e-02 -9.333338388406688946e-01
-1.177972221374511719e+01 -5.396655273437500000e+01 -4.286620020866394043e-01 -1.208416858636395252e-01 -4.209645620404259825e-01 -8.989917265824786119e-01
2.562898254394531250e+01 1.279645633697509766e+01 -5.113130092620849609e+00 -1.680001000274058617e-02 7.813786776002432100e-02 9.968009998419065099e-01
-8.480589866638183594e+00 -6.401818847656250000e+01 5.088555812835693359e+00 -7.552612366141668587e-02 -6.168650010886483903e-01 -7.834368992309349577e-01
1.798438262939453125e+01 -5.366161727905273438e+01 5.306934833526611328e+00 -1.153032217434514645e-01 4.383230523086149022e-01 8.913910863759182401e-01
-3.234652709960937500e+01 5.782193374633789062e+01 2.313825130462646484e+00 1.907859430957893065e-01 -3.342354502218526924e-01 9.229774578677669705e-01
2.068456888198852539e+00 5.096746063232421875e+01 -3.614889144897460938e+00 -3.683334636807448353e-02 -2.124016503339056228e-01 9.764880150471703102e-01
1.577162027359008789e+00 -4.448754882812500000e+01 -5.184424877166748047e+00 3.519031612525374761e-03 -3.338419019394668896e-01 -9.426225124226290664e-01
-1.823111915588378906e+01 4.225132751464843750e+01 -3.834738969802856445e+00 1.374221065466006697e-01 -1.302802242349008488e-01 9.819074436043342402e-01
3.691523361206054688e+01 -6.265978622436523438e+01 8.210403442382812500e+00 2.071065356265322510e-01 -4.595592831872857831e-01 -8.636620566733054227e-01
-4.028033447265625000e+01 1.426876544952392578e+01 -2.233324050903320312e+00 2.945870118830068440e-01 -1.415446574918547340e-03 9.556236125906656387e-01
-1.723939895629882812e+01 -4.020891189575195312e+01 -5.092408180236816406e+00 -9.749216953037016797e-02 -3.565487311383103708e-01 -9.291761292693234697e-01
-3.911098957061767578e+00 -2.407743263244628906e+01 -1.219508051872253418e+00 1.329273352457406299e-01 3.770890961375595873e-01 9.165883138675862130e-01
-4.947520446777343750e+01 2.179524040222167969e+01 -5.344150066375732422e+00 -3.751181968506487885e-01 4.852151760105735678e-02 -9.257062172855965443e-01
-2.031655502319335938e+01 7.813763141632080078e+00 -4.743815898895263672e+00 -2.568253089981020840e-03 7.298509866172159244e-02 9.973297245391838928e-01
3.496669006347656250e+01 5.600594997406005859e+00 -9.972328186035156250e+00 2.401475504080476386e-01 -2.030144975251164940e-02 -9.705240878880649902e-01
1.268186950683593750e+01 -3.893312454223632812e+01 8.043910264968872070e-01 -5.338816526190259121e-02 1.530670953935359957e-01 9.867726020303533296e-01
-3.001494884490966797e+00 -4.328536224365234375e+01 1.306365013122558594e+00 2.671285646947080955e-02 2.245705049376506834e-01 9.740916340936770501e-01
-3.091321945190429688e+01 -2.392594146728515625e+01 -6.814352989196777344e+00 -2.233407311068697221e-01 -1.813451012096473913e-01 -9.577227532516452424e-01
-3.685612106323242188e+01 -2.421695709228515625e+01 1.485376000404357910e+00 9.389226775838761807e-02 1.307354385540972219e-01 9.869612389355800763e-01
-5.597561645507812500e+01 -7.827718734741210938e+00 -1.855170011520385742e+00 -4.112497703405020855e-01 -1.528100191041467937e-01 -8.986226819173187552e-01
5.028803253173828125e+01 -1.669226837158203125e+01 6.287100166082382202e-02 -3.331381331603089913e-01 1.867392879669019790e-01 9.242009643817078457e-01
-3.098797035217285156e+01 1.973424530029296875e+01 -9.886938095092773438e+00 -1.614775160536777165e-01 4.633297902273798841e-02 -9.857881450210347341e-01
-3.286180114746093750e+01 -3.201410675048828125e+01 -4.663976192474365234e+00 -2.709102176887155933e-01 -2.291352356969657000e-01 -9.349356650133465729e-01
-3.364245605468750000e+01 -5.300337219238281250e+01 3.840159893035888672e+00 -3.610229374751645626e-01 -5.719343777993007860e-01 -7.365823145502002900e-01
3.962921524047851562e+01 2.812246131896972656e+01 -7.481250762939453125e+00 2.602775768805314360e-01 1.573512235539428483e-01 -9.526259367764853270e-01
1.502777481079101562e+01 3.761029434204101562e+01 -5.127159118652343750e+00 -8.156908320613673324e-02 -1.891215269293332057e-01 9.785599280150540924e-01
3.020770454406738281e+01 -6.796229553222656250e+01 1.524858856201171875e+01 -2.457727581168363817e-01 7.801666669958978728e-01 5.752701305266550991e-01
-3.833815383911132812e+01 5.415336227416992188e+01 2.400425910949707031e+00 1.192515811463932818e-01 -2.003339339068083425e-01 9.724429933520563063e-01
2.642254638671875000e+01 4.329445648193359375e+01 -7.040229797363281250e+00 3.914102192243512079e-01 6.452489379408719028e-01 -6.560882931229014003e-01
-2.598266029357910156e+01 -2.584105873107910156e+01 -7.397245883941650391e+00 -1.755818014688064754e-01 -1.761161734869242934e-01 -9.685835660536948888e-01
2.669106101989746094e+01 -1.566145038604736328e+01 -2.542998075485229492e+00 5.401172506025609527e-02 5.148164176638330564e-02 9.972123014268592378e-01
-1.494054317474365234e+01 -6.895739078521728516e+00 -1.604670143127441406e+01 -8.533638599525477098e-01 -4.688587531057664126e-01 2.279069813827439561e-01
5.520034790039062500e+01 1.600760269165039062e+01 -3.878457069396972656e+00 2.708253888159877776e-01 3.849284336080250474e-02 -9.618585705719264745e-01
4.118670654296875000e+01 1.543847942352294922e+01 -3.383363962173461914e+00 -1.738671694850803806e-01 -7.120154708574263913e-02 9.821917058639026976e-01
-2.176932716369628906e+01 3.788142776489257812e+01 -3.950240135192871094e+00 1.677828426679631446e-01 -1.337564403467744190e-01 9.767078029646416581e-01
3.025436973571777344e+01 3.086587333679199219e+01 -4.298917770385742188e+00 -1.374303223652615369e-01 -1.075159372082169912e-01 9.846589408220590700e-01
-6.264200973510742188e+01 2.173153495788574219e+01 2.689859867095947266e-01 -4.485788076667650004e-01 1.172269355005235575e-01 -8.860219517062879468e-01
2.646051788330078125e+01 -2.304868888854980469e+01 -9.016967773437500000e+00 1.072447430916581707e-01 -1.444369420909036028e-01 -9.836851807558315564e-01
5.863122940063476562e+01 -5.252880096435546875e+01 1.043879604339599609e+01 6.653237718398801182e-01 -6.674206093621430913e-01 -3.345056185229487444e-01
4.429138183593750000e+01 -5.759460830688476562e+01 7.638791084289550781e+00 2.673105929352758148e-01 -4.058239573592883898e-01 -8.739862484832571221e-01
-5.680465316772460938e+01 -5.497537136077880859e+00 3.235106945037841797e+00 3.139393433790882426e-01 1.216503321184244507e-01 9.416173773747933406e-01
5.011977386474609375e+01 2.401627349853515625e+01 -4.702670097351074219e+00 3.530035006972581102e-01 1.557622082453319068e-01 -9.225652621782476359e-01
1.610331535339355469e+01 3.120663833618164062e+01 -1.107767200469970703e+01 9.169532610384720228e-02 1.341013912982549627e-01 -9.867161618330680950e-01
-2.156311988830566406e+01 -2.055335044860839844e+01 -1.449460983276367188e+00 7.151963581468594178e-02 1.249467806488772648e-01 9.895823582190701462e-01
3.243769836425781250e+01 1.059094619750976562e+01 -1.050965976715087891e+01 1.674621061819088763e-01 -5.613192660455427032e-04 -9.858783535070645421e-01
-1.731394577026367188e+01 -2.863023996353149414e+00 -1.135992622375488281e+01 -7.766565783465310957e-02 -1.102555720001108519e-01 -9.908641452974464858e-01
5.711856460571289062e+01 -2.584185123443603516e+00 5.924509763717651367e-01 -2.323586830720750507e-01 5.375110210624887974e-02 9.711437902923411025e-01
-2.493544960021972656e+01 4.338045883178710938e+01 -8.273964881896972656e+00 -1.696026187244073502e-01 1.866389273134225202e-01 -9.676780779438576285e-01
-4.507047271728515625e+01 -5.699335479736328125e+01 1.116571903228759766e+01 -3.976057923152692686e-01 -5.029074627237076767e-01 -7.674592613645035977e-01
1.825515747070312500e+01 -2.122366333007812500e+01 -1.040755939483642578e+01 1.383966972350764157e-01 -2.342336166346556114e-01 -9.622790484223751051e-01
-2.931698799133300781e+01 -6.166411590576171875e+01 1.235835933685302734e+01 2.917066540150998200e-01 5.835427388260520098e-01 7.578819828751076626e-01
-5.087294387817382812e+01 4.117794799804687500e+01 -1.806092977523803711e+00 -3.658510994267128447e-01 2.445512003896487263e-01 -8.979686427911877100e-01
-3.078101539611816406e+01 -4.658766174316406250e+01 -1.251281023025512695e+00 -2.315002183251331780e-01 -1.649754007978084802e-01 -9.587443694995126942e-01
1.018634128570556641e+01 6.223698139190673828e+00 -1.729922103881835938e+01 -1.829087072844147455e-01 -9.766798772289302100e-02 -9.782665122417841808e-01
1.244323730468750000e+01 1.842813110351562500e+01 -5.607820987701416016e+00 -2.314022122651615901e-02 1.142882759206731574e-01 9.931780908521230522e-01
8.216386795043945312e+00 -9.860714912414550781e+00 -1.751495170593261719e+01 -2.095260298768450435e-01 1.664056569404821218e-01 -9.635393090799430071e-01
-5.619732284545898438e+01 -2.420309931039810181e-01 -2.841298103332519531e+00 -3.844068966970339840e-01 -1.004030084628294572e-01 -9.176876231394694994e-01
-5.096324157714843750e+01 -3.235836029052734375e+01 1.202242970466613770e+00 -4.362693995614562170e-01 -3.189671062847236893e-01 -8.413851651382000529e-01
-6.277268981933593750e+01 -1.920579338073730469e+01 4.905612945556640625e+00 -5.976599160312826564e-01 -2.403399690829187973e-01 -7.648786335299880834e-01
7.458611297607421875e+01 -2.518967819213867188e+01 9.846811294555664062e+00 9.648577126696128436e-01 -2.394847770348374205e-01 1.081509864519833580e-01
-6.318426513671875000e+01 -2.696254920959472656e+01 1.237150859832763672e+01 6.356131779378808577e-01 2.733300329429071973e-01 7.220017874791841983e-01
-1.812732696533203125e+01 -4.224683380126953125e+01 2.264278888702392578e+00 1.394361607466417241e-01 2.503630595845297568e-01 9.580583987793802603e-01
5.578899002075195312e+01 3.108555793762207031e+01 -1.479414939880371094e+00 4.053217980747917948e-01 7.017045050352425095e-01 -5.859394402313800043e-01
-4.606486892700195312e+01 5.032484436035156250e+01 -3.592469990253448486e-01 -6.585027535697536294e-01 6.350118992390203498e-01 -4.038985161719519934e-01
-4.978653717041015625e+01 -3.994132614135742188e+01 3.995559930801391602e+00 -4.297822986830659442e-01 -3.902239860238748692e-01 -8.142557438976643081e-01
-5.753763198852539062e+01 2.214075088500976562e+01 2.563053131103515625e+00 3.636877450897346153e-01 -8.675425255326488228e-02 9.274723304419751901e-01
-5.129890823364257812e+01 2.481290245056152344e+01 5.961160063743591309e-01 3.190299025996815585e-01 -9.917610157492873224e-02 9.425412575180127650e-01
-3.696435928344726562e+00 5.766294860839843750e+01 -5.153759002685546875e+00 -2.395733927435820566e-03 4.024944897022390000e-01 -9.154192734579512658e-01
-4.197552204132080078e+00 -1.287168121337890625e+01 -1.377893447875976562e+01 -2.010130441467087581e-01 -8.183269343146718500e-01 5.384559263839745480e-01
3.656996917724609375e+01 -5.570144653320312500e+01 8.562818527221679688e+00 -2.881568691185342201e-01 5.205364161712597859e-01 8.037458915723209030e-01
3.148064041137695312e+01 6.168447017669677734e+00 -4.588336944580078125e+00 3.398990467115922676e-02 9.016540320958892074e-02 9.953466162320027122e-01
3.830701828002929688e+01 3.553759002685546875e+01 -2.703876018524169922e+00 -2.552829683667173777e-01 -1.680274318049332638e-01 9.521540779847115221e-01
5.511052703857421875e+01 7.957760810852050781e+00 -4.436860084533691406e-01 -3.078027058961316786e-01 1.931381654338624326e-02 9.512541567496816119e-01
5.031756591796875000e+01 -5.193458938598632812e+01 7.111340999603271484e+00 2.791012187997891636e-01 -3.788856569978182320e-01 -8.823537661198052051e-01
-3.550657272338867188e+01 -6.272060012817382812e+01 1.075580120086669922e+01 -2.899528574343238629e-01 -5.672876969890817689e-01 -7.707866172362455304e-01
-5.129299545288085938e+01 5.523923873901367188e+00 -5.178390026092529297e+00 -3.583496362535764646e-01 -5.986080346770148580e-02 -9.316663686133200839e-01
-1.596472740173339844e+01 6.590583801269531250e+01 3.027117013931274414e+00 8.524902824934788015e-02 -3.999095266400291560e-01 9.125814887915981721e-01
-4.299459075927734375e+01 -3.630820083618164062e+01 -6.056910157203674316e-01 -2.868335965115484942e-01 -2.589665093213652236e-01 -9.223138484063639897e-01
-1.878349113464355469e+01 -5.017627334594726562e+01 -1.048187971115112305e+00 -1.385967861745542040e-01 -3.188352023125752277e-01 -9.376220158616073164e-01
7.131198120117187500e+01 1.279975986480712891e+01 3.297305107116699219e+00 3.225839000309238536e-01 5.618323986194179165e-02 -9.448719865672038365e-01
8.597339987754821777e-01 3.523799133300781250e+01 -1.116508197784423828e+01 4.662954272776330573e-03 1.889971200258328543e-01 -9.819665704490100344e-01
-1.692752456665039062e+01 8.931557655334472656e+00 -1.213235759735107422e+01 -9.694386150858246010e-02 -1.810198777192036090e-02 -9.951252211428016636e-01
-6.519708156585693359e+00 -6.020989990234375000e+01 3.030055046081542969e+00 -9.271770553836999884e-02 -5.280598315377745822e-01 -8.441304646771120579e-01
3.679857254028320312e+01 -2.124167060852050781e+01 -1.700479984283447266e+00 -9.212414222451925649e-02 1.629762890653703722e-01 9.823196382145056305e-01
-4.263418960571289062e+01 2.616694831848144531e+01 -1.662107944488525391e+00 2.190073217822292306e-01 -1.732309630170055237e-01 9.602222797133879162e-01
7.642074584960937500e+01 -1.788787651062011719e+01 9.907667160034179688e+00 9.664081163948290421e-01 -2.570028291749782423e-01 2.213224402441144392e-03
6.726645660400390625e+01 -2.598979377746582031e+01 8.489612579345703125e+00 -4.134147049794442697e-01 2.506772054883562584e-01 8.753566246709436616e-01
-2.412542533874511719e+01 5.383796691894531250e+01 -5.311899781227111816e-01 1.378834531799012497e-01 -2.937359821779346736e-01 9.458897008177803434e-01
6.480159759521484375e-01 -1.621037101745605469e+01 -2.985126018524169922e+00 -4.458503280988986017e-02 1.687984313944370651e-01 9.846416934134560872e-01
2.319971084594726562e+00 -1.331781578063964844e+01 -1.299755191802978516e+01 2.184818953479054915e-01 -9.746979242690908540e-01 4.721882919675421397e-02
-1.077114963531494141e+01 -3.046169662475585938e+01 1.391219019889831543e+00 -1.606627860178773404e-01 4.843204563593195289e-02 9.858203721492534433e-01
1.541290569305419922e+01 -4.759079742431640625e+01 2.794842004776000977e+00 7.862857476377315205e-04 2.605531639730400695e-01 9.654591811663304490e-01
-5.472081756591796875e+01 3.494984436035156250e+01 -1.676465034484863281e+00 -4.058257877215183940e-01 1.945310956950221937e-01 -8.930078850871940865e-01
6.252959823608398438e+01 1.324212074279785156e+00 1.783221960067749023e+00 -4.991570193276514411e-01 -1.236765709708832588e-02 8.664232863409566665e-01
1.017400360107421875e+01 -2.512292671203613281e+01 -9.976322174072265625e+00 2.757239584010869049e-03 -2.744396319799477513e-01 -9.616003775106306550e-01
-2.320327997207641602e+00 1.246147346496582031e+01 -1.773854637145996094e+01 9.772916702334384642e-02 -2.493479460005775528e-01 -9.634700886577726164e-01
2.686351776123046875e+01 -5.672399520874023438e+01 7.295911788940429688e+00 -7.228675312617198478e-02 4.000158267230589648e-01 9.136530871690542455e-01
-2.193846321105957031e+01 9.355728149414062500e+00 -1.166499900817871094e+01 -1.451632438590088336e-01 9.140671702780388957e-03 -9.893654940178335799e-01
-5.700290679931640625e+01 1.733218765258789062e+01 2.139838933944702148e+00 2.881841689073789126e-01 -4.217267746000015471e-02 9.566458854074574303e-01
-5.785544204711914062e+01 -4.481150054931640625e+01 1.130938339233398438e+01 -5.124605699166069339e-01 -4.323300600135367433e-01 -7.419399460127741319e-01
2.006781768798828125e+01 -3.764381027221679688e+01 -6.516667842864990234e+00 6.120661112763213507e-02 -2.386893523064516354e-01 -9.691651788264978862e-01
-5.431427764892578125e+01 -5.066411972045898438e+01 1.242231273651123047e+01 -5.825183730230683032e-01 -5.292490031703069864e-01 -6.169018055848060067e-01
-1.656910705566406250e+01 3.531262874603271484e+00 -1.670053863525390625e+01 -9.541017909076410231e-01 2.638286757981606612e-01 -1.417187440440444979e-01
1.287168693542480469e+01 1.042693018913269043e+00 -4.579092979431152344e+00 -3.030102030379521957e-02 9.650024311631967555e-02 9.948716255110706674e-01
-3.552127456665039062e+01 -1.533338832855224609e+01 -7.074768066406250000e+00 -2.086846349408423562e-01 -1.645733243183040151e-01 -9.640364848191326219e-01
7.341955566406250000e+01 -1.037137889862060547e+01 1.025516033172607422e+01 -9.013628836608753581e-01 2.760245458023610765e-01 3.336995685840059012e-01
-5.844443893432617188e+01 -2.762036132812500000e+01 4.474927902221679688e+00 -6.131736227888436863e-01 -2.773280844701221937e-01 -7.396669803905927543e-01
-6.452561187744140625e+01 4.192622184753417969e+00 1.223958969116210938e+00 -9.993986161541890123e-01 -2.891263622152141777e-02 1.914328853186106350e-02
4.849052810668945312e+01 5.515633106231689453e+00 -6.814519882202148438e+00 2.803805155796019744e-01 -8.219270958027489462e-04 -9.598885825548535422e-01
6.076156997680664062e+01 1.767483711242675781e+01 -2.035175085067749023e+00 4.421106285367608080e-01 8.120207634564242938e-02 -8.932773449114147502e-01
5.231649780273437500e+01 -3.310628890991210938e+01 3.739077091217041016e+00 -2.516672223830144772e-01 1.755613888641737452e-01 9.517572211011066097e-01
-4.266274261474609375e+01 4.952010154724121094e+00 -1.226410031318664551e+00 2.197511875905054646e-01 5.585573816478252990e-02 9.739556211997698609e-01
5.534379577636718750e+01 -4.410973739624023438e+01 9.254347801208496094e+00 -2.469857724446401781e-01 4.052947195342743170e-01 8.801898764059707947e-01
-6.055068016052246094e+00 -6.385780334472656250e+01 9.046198844909667969e+00 -2.290135881364491477e-01 -7.893924218136797455e-01 5.695721032775414860e-01
1.003679037094116211e+00 5.443420028686523438e+01 -6.575243949890136719e+00 5.975313697464378071e-02 3.798771973551229864e-01 -9.231050197844806737e-01
4.097018051147460938e+01 -4.570556640625000000e+01 8.050709962844848633e-01 1.878174303413135404e-01 -2.991777606328279715e-01 -9.355304807448616700e-01
-3.702879905700683594e+00 6.289609909057617188e+01 -3.066945075988769531e+00 3.918270652938474208e-02 3.741521183609953227e-01 -9.265392100904374928e-01
7.395046234130859375e+01 4.933346748352050781e+00 8.066469192504882812e+00 -9.817687914651066494e-01 -5.311529045250085179e-02 1.825070026746650198e-01
-4.958585739135742188e+00 4.350061798095703125e+01 -4.522885799407958984e+00 2.633789195877542580e-02 -1.278026742674694405e-01 9.914498433593355031e-01
-1.088104248046875000e+01 -5.462965011596679688e+01 5.626224040985107422e+00 9.393689461843542088e-02 4.397285552103584738e-01 8.932047120129044115e-01
-4.147895431518554688e+01 4.289235305786132812e+01 3.026210069656372070e-01 2.264347820542512435e-01 -2.121963905673281969e-01 9.506313593114008587e-01
-3.719030380249023438e+01 4.520859527587890625e+01 -4.860408782958984375e+00 -2.506692053964316713e-01 2.876803495537631483e-01 -9.243402868784558191e-01
6.414693832397460938e+00 -6.434265136718750000e+01 9.456745147705078125e+00 -1.863245855069217347e-02 4.104474991926831406e-01 9.116938531627979403e-01
-4.929294586181640625e+01 -3.567112350463867188e+01 7.340670108795166016e+00 3.913439695353867487e-01 3.157645268267409433e-01 8.643741441680047322e-01
5.283876800537109375e+01 -3.950542831420898438e+01 6.123844146728515625e+00 -4.306775867564007765e-01 3.272717988013372770e-01 8.410766825771712751e-01
-1.774032020568847656e+01 -5.953626251220703125e+01 9.000956535339355469e+00 1.544538442373680487e-01 3.800255343503881056e-01 9.119893657505008244e-01
3.181117057800292969e+00 -3.033010482788085938e+01 -8.240939974784851074e-01 1.219206776582661272e-01 1.515049704112539364e-01 9.809085545044625709e-01
-2.070928955078125000e+01 2.454307937622070312e+01 -4.901832103729248047e+00 1.067899624818666182e-01 5.146564232657025763e-03 9.942682820998166582e-01
4.751605606079101562e+01 -2.358161354064941406e+01 -3.812222003936767578e+00 4.242067115747673589e-01 -2.259234167555732031e-01 -8.769305990877555024e-01
-4.979127120971679688e+01 1.767001914978027344e+01 -2.314440011978149414e-01 2.178561176516523867e-01 1.000935654960023388e-02 9.759295695813363647e-01
-3.138501358032226562e+01 -4.933732986450195312e+00 -2.384983062744140625e+00 7.392770531459043337e-02 9.741582342872211198e-02 9.924942577831989965e-01
7.817254638671875000e+01 -7.142793178558349609e+00 8.135532379150390625e+00 9.802562592946422182e-01 -7.050213179513648010e-02 1.847352579396157879e-01
1.379550075531005859e+01 -2.381683540344238281e+01 -1.474099993705749512e+00 -1.678140952556920118e-03 1.329978824525053227e-01 9.911149010614727084e-01
5.713186645507812500e+01 -4.088167953491210938e+01 5.238504886627197266e+00 3.756393504039350906e-01 -3.283045697956004094e-01 -8.666667109560833859e-01
2.238127326965332031e+01 -7.143959808349609375e+01 1.611850929260253906e+01 -7.222139704544408012e-01 2.513655040866235799e-02 6.912127998771326887e-01
2.967215156555175781e+01 1.518382740020751953e+01 -5.204651832580566406e+00 -4.547144979823886449e-03 8.081032211351329986e-02 9.967191255877668743e-01
6.303120422363281250e+01 -4.055749130249023438e+01 1.175472640991210938e+01 -8.350334705922670686e-01 5.495913510971208726e-01 2.585439594874752028e-02
4.103896713256835938e+01 -1.881573486328125000e+01 -7.101822853088378906e+00 3.433054498197709581e-01 -1.872518469430131394e-01 -9.203684663983632275e-01
