-1.275960057973861694e-01 -7.826910018920898438e+00 -1.853420019149780273e+00 4.081096242670029239e-02 5.292064912090659323e-01 -8.475110353311013922e-01
-5.614170074462890625e+00 7.795919895172119141e+00 -1.659420013427734375e+00 -2.608430144164663456e-01 9.653551413598163711e-01 7.097385455225186865e-03
4.160880088806152344e+00 2.428200006484985352e+00 6.365500092506408691e-01 9.526952458320809836e-01 2.761181539652552419e-01 1.270060377295918752e-01
-6.466639995574951172e+00 -1.294499993324279785e+00 -4.372079968452453613e-01 -7.550266027048897488e-01 -5.718186824477569097e-01 3.208710389106870786e-01
6.913549900054931641e+00 -4.824359893798828125e+00 -1.311480045318603516e+00 8.573022981615506799e-01 4.975143657556126420e-01 -1.323337652820108234e-01
-3.189939856529235840e-01 -2.110340118408203125e+00 9.352849721908569336e-01 -6.743712362917723968e-02 -1.111297393925846644e-01 9.915152118748150611e-01
-1.761500000953674316e+00 3.803100109100341797e+00 8.073049783706665039e-01 -1.010678903413909230e-01 1.589426187520927014e-01 9.821010770211828778e-01
-8.854849815368652344e+00 3.354120016098022461e+00 -2.189830064773559570e+00 -9.366892803750406227e-01 2.604830333955731603e-01 -2.340123529720797568e-01
-4.188680171966552734e+00 -5.451399803161621094e+00 -1.045719981193542480e+00 -8.694118540084551094e-01 -3.271582139146881341e-01 -3.702573850414489498e-01
4.107590198516845703e+00 -1.986240029335021973e+00 6.013119816780090332e-01 3.212221929964105827e-01 -1.070275973614176063e-01 9.409364463818048474e-01
4.191420078277587891e+00 -8.052189826965332031e+00 -2.346070051193237305e+00 3.512169692884601901e-01 -8.826783323702265260e-01 -3.122908933157431677e-01
-5.588439941406250000e+00 2.638410091400146484e+00 6.408160179853439331e-02 -4.610115076622728347e-01 2.087523818559096911e-01 8.624910624884427612e-01
2.392499923706054688e+00 -5.369480133056640625e+00 -1.910099983215332031e-01 1.935155919920821255e-01 -4.279100283612334299e-01 8.828616671278930461e-01
1.673160076141357422e+00 5.189889907836914062e+00 5.507280230522155762e-01 3.992241409950574860e-01 8.674850364117141499e-01 -2.967992534500811241e-01
-3.235039949417114258e+00 3.098559938371181488e-02 8.802940249443054199e-01 -1.564088115212975416e-01 -7.476783755746634064e-02 9.848583929405666515e-01
8.031769990921020508e-01 1.286210060119628906e+00 1.154060006141662598e+00 -2.562344423943768018e-02 1.003600782299921002e-01 9.946211810548667431e-01
-3.415770053863525391e+00 -8.424659729003906250e+00 -2.504940032958984375e+00 -3.242137289492653118e-01 -8.813647870833337672e-01 -3.436299900334109925e-01
-1.001209974288940430e+00 -5.224800109863281250e+00 3.081079944968223572e-02 -1.088808542352083103e-01 -4.160315096188902384e-01 9.028082534986253682e-01
-3.014569997787475586e+00 6.510700225830078125e+00 -3.285999894142150879e-01 5.437887492212831742e-01 8.361083398530338995e-01 -7.222631271604633418e-02
-8.749670028686523438e+00 3.707669973373413086e-01 -1.577919960021972656e+00 -3.604552483938625596e-01 -8.856622866960711660e-01 -2.927017728501229432e-01
-3.251179933547973633e+00 -2.975739955902099609e+00 4.099299907684326172e-01 -2.161911157580157783e-01 -2.443944929099965135e-01 9.452686037854900469e-01
-6.477789878845214844e+00 4.968120098114013672e+00 -1.476000070571899414e+00 3.072583735144774897e-01 -1.773243084804868031e-01 -9.349590266568664765e-01
4.554419994354248047e+00 -4.118750095367431641e+00 -7.215080261230468750e-01 -2.432086247981992966e-01 3.470967713136184907e-01 -9.057446638912262094e-01
1.833600044250488281e+00 -9.269880056381225586e-01 4.613490104675292969e-01 -1.741881899272909873e-01 1.471268265042892376e-01 -9.736591659367413998e-01
-1.087820053100585938e+00 -1.201799977570772171e-02 2.091739892959594727e+00 -2.113932149303398844e-01 -3.121663230270206243e-02 9.769024672653320307e-01
5.067480087280273438e+00 2.087830007076263428e-01 4.978980123996734619e-01 8.178921530779269533e-01 2.584129890413104924e-01 -5.140769913430170979e-01
2.007329940795898438e+00 -8.916419982910156250e+00 -1.877040028572082520e+00 2.590087631219346043e-01 -9.478571260796750941e-01 1.856914892126840522e-01
-4.018720149993896484e+00 4.437709808349609375e+00 2.693899869918823242e-01 -2.665979906140309441e-01 3.281418801048937572e-01 9.062275751276754887e-01
-2.188129901885986328e+00 -6.680140018463134766e+00 -1.464720010757446289e+00 1.431703090343189322e-01 4.495336903907037329e-01 -8.817152169576821796e-01
1.747220039367675781e+00 -3.271049976348876953e+00 6.814299821853637695e-01 1.925182787858205347e-02 -1.651808769734228743e-01 9.860753749108758237e-01
-6.811199784278869629e-01 5.847879886627197266e+00 3.679850101470947266e-01 4.547551046113028628e-01 8.533632365586105717e-01 -2.548901357843723070e-01
-1.497789978981018066e+00 1.515990018844604492e+00 4.092650115489959717e-01 1.156521015865466101e-01 -4.878211456616938363e-02 -9.920911735808701781e-01
6.079279899597167969e+00 -6.749070167541503906e+00 -2.244699954986572266e+00 5.944311854491608482e-01 -4.949238950988590346e-01 -6.337995770160144149e-01
-6.669000148773193359e+00 9.072340130805969238e-01 -9.180330038070678711e-01 4.172459237088864126e-01 3.572117040031548563e-02 -9.080913154157734812e-01
6.096710205078125000e+00 -2.565140008926391602e+00 -2.290170043706893921e-01 8.934255186248041269e-01 3.678099644088900222e-01 -2.578888767502987012e-01
3.827210068702697754e-01 3.388180017471313477e+00 4.081090092658996582e-01 -9.390152628580495514e-03 4.573212424882279470e-02 -9.989096044414139675e-01
-3.540760040283203125e+00 2.247119903564453125e+00 7.909380197525024414e-01 -1.603750045302630711e-01 1.283767120111575788e-01 9.786722013703681444e-01
4.266339778900146484e+00 -6.273859977722167969e+00 -1.075029969215393066e+00 1.866820900160660324e-01 -3.892715527543880172e-01 9.020074586628545887e-01
2.842070102691650391e+00 8.243330121040344238e-01 1.004799962043762207e+00 1.618753520286331238e-01 4.892088669358754527e-02 9.855978476288994594e-01
-5.063469886779785156e+00 -2.825670003890991211e+00 -6.529409885406494141e-01 -6.970212530401747042e-01 -6.312711511362321115e-01 -3.400854400785795484e-01
1.721119999885559082e+00 -6.894140243530273438e+00 -1.442739963531494141e+00 -3.272909709689388047e-02 4.475942095375361474e-01 -8.936376389743722060e-01
-5.223539829254150391e+00 2.684020102024078369e-01 3.809399902820587158e-01 -3.187377121368328292e-01 -4.514024441945496680e-02 9.467674631056611778e-01
-7.078509807586669922e+00 2.874769926071166992e+00 -1.311890006065368652e+00 5.434520433704614906e-01 -1.890917458342175894e-01 -8.178656296812072402e-01
2.199860095977783203e+00 2.763070106506347656e+00 1.005480051040649414e+00 8.706439865156459512e-02 4.632198244066643156e-02 9.951251501344984263e-01
-4.780129909515380859e+00 6.014530181884765625e+00 -1.140779972076416016e+00 2.924344831253080645e-01 -4.160863631099473992e-01 -8.610192863770073091e-01
-2.018409967422485352e+00 -1.389189958572387695e+00 1.784099936485290527e-01 1.863327733555645849e-01 1.247725762457142645e-01 -9.745316320113119879e-01
7.039030194282531738e-01 -8.661550283432006836e-01 2.096050024032592773e+00 1.450804844670715577e-01 -1.207651655235066068e-01 9.820221116771659098e-01
-1.642879962921142578e+00 -8.997309684753417969e+00 -2.009449958801269531e+00 -4.456354539412853838e-03 -9.871865725870289099e-01 1.595080305442136415e-01
-1.407920002937316895e+00 -3.375819921493530273e+00 1.269999984651803970e-02 1.124728806319743590e-01 1.910591849152928623e-01 -9.751134492877480131e-01
3.306950092315673828e+00 4.232270240783691406e+00 5.799270272254943848e-01 8.583826845755938573e-01 4.917673093218338232e-01 1.460961337721178033e-01
-4.407370090484619141e+00 -1.436010003089904785e+00 4.385809898376464844e-01 -2.544118475969980864e-01 -1.440204947819448689e-01 9.563120353132892326e-01
7.166619896888732910e-01 -4.589320182800292969e+00 -2.352630048990249634e-01 -5.016159718942332646e-02 4.966640033727989234e-01 -8.664921707211845625e-01
-2.812000036239624023e+00 -4.720510005950927734e+00 -5.232119932770729065e-02 -2.000593873603948303e-01 -3.338810117721487392e-01 9.211404407075990397e-01
1.066799983382225037e-01 -6.509639739990234375e+00 -6.181259751319885254e-01 -2.117736563943020331e-02 -5.232856369602310043e-01 8.518941608766309459e-01
-6.821690082550048828e+00 6.572599887847900391e+00 -2.180219888687133789e+00 -6.562263783744021195e-01 4.098365971895556736e-01 -6.335620758297499933e-01
-8.082770347595214844e+00 4.942389965057373047e+00 -2.187799930572509766e+00 -8.612499109134486019e-01 4.561509083687042554e-01 -2.239976333490666938e-01
-7.343079894781112671e-02 -1.448359936475753784e-01 6.742460131645202637e-01 6.577660964461745641e-02 -4.298409932342284884e-02 -9.969081225614594421e-01
-3.917479991912841797e+00 -7.083040237426757812e+00 -1.543400049209594727e+00 -4.249161986367733790e-01 -3.087885371727400741e-01 8.509382253999366874e-01
3.433939933776855469e+00 -3.519429922103881836e+00 3.942219913005828857e-01 2.435373289012314757e-01 -2.967800160454316383e-01 9.233694772450120603e-01
-5.304490089416503906e+00 4.082620143890380859e+00 -6.881679892539978027e-01 4.574554365701719028e-01 -2.357896719642340322e-01 -8.574017460603824414e-01
-9.233850479125976562e+00 1.762170076370239258e+00 -2.309770107269287109e+00 -8.947575293761919069e-01 7.064159229435997001e-02 -4.409293923778845881e-01
-2.184459924697875977e+00 5.127309799194335938e+00 -5.985350161790847778e-02 1.347538562114945493e-01 -4.604718415209068105e-01 -8.773865062801436965e-01
3.569760084152221680e+00 -4.690800011157989502e-01 3.433319926261901855e-01 -4.244974169726022095e-02 3.600769357843160157e-02 -9.984495307390341967e-01
-7.459350109100341797e+00 -5.322260260581970215e-01 -1.414289951324462891e+00 3.256040653357863413e-01 -2.758269373971953820e-01 -9.043790650180335566e-01
-4.248250007629394531e+00 -4.106550216674804688e+00 -2.303549945354461670e-01 -2.975228659980067580e-01 -3.253677467565074810e-01 8.975611252605170121e-01
5.319829940795898438e+00 -1.206799983978271484e+00 -1.555790007114410400e-01 -2.594139107230843955e-01 2.542242856558397657e-01 -9.317051226145177667e-01
5.486589908599853516e+00 -5.384500026702880859e+00 -1.490409970283508301e+00 -2.601256954321285453e-01 3.950874605735921197e-01 -8.810451299868025110e-01
3.188390016555786133e+00 -7.369180202484130859e+00 -1.388329982757568359e+00 1.878484016227338627e-01 -4.330402315398848567e-01 8.815833119312473931e-01
-2.559739910066127777e-02 -3.614779949188232422e+00 6.827859878540039062e-01 5.509026198389860990e-02 -2.041472463493219369e-01 9.773888503776451131e-01
-7.984519958496093750e+00 1.659029960632324219e+00 -1.214789986610412598e+00 -4.402605219174965945e-01 6.298016430349311079e-02 8.956585129083730612e-01
5.907419919967651367e-01 -9.040390014648437500e+00 -2.417160034179687500e+00 2.133827318387149924e-02 -9.192110680205625162e-01 -3.931865848754600434e-01
-1.562360048294067383e+00 2.458650059998035431e-02 4.193589985370635986e-01 1.504826852235422729e-01 3.740728094965085904e-02 -9.879046800070673262e-01
2.650380134582519531e+00 -2.172539949417114258e+00 2.338179945945739746e-01 -7.660015812937506774e-02 1.273728767382948102e-01 -9.888925958090524215e-01
-7.874320149421691895e-01 2.669650077819824219e+00 1.016659975051879883e+00 -6.260924225748808192e-02 4.670683926832081695e-02 9.969446092684921545e-01
-4.577700138092041016e+00 1.590820074081420898e+00 -1.629590056836605072e-02 2.848430528028593756e-01 -2.199846842034214323e-02 -9.583217114607738285e-01
5.933919906616210938e+00 -3.793410062789916992e+00 -1.010499954223632812e+00 -2.973058917114178024e-01 2.662734757470582303e-01 -9.169011085538394390e-01
2.970870137214660645e-01 4.813620090484619141e+00 6.866030097007751465e-01 -1.250245578844624283e-01 3.525367250366581717e-01 9.274086032737794971e-01
9.764840006828308105e-01 -2.092890024185180664e+00 3.241910040378570557e-01 -7.752650224384241562e-02 2.489387684252188371e-01 -9.654113791668144096e-01
-3.690100014209747314e-01 1.202690005302429199e+00 1.956219911575317383e+00 -1.072840946520818295e-01 9.357401605139191725e-01 3.359768965808036523e-01
-3.016269922256469727e+00 3.465529918670654297e+00 2.299589961767196655e-01 1.886355812668570331e-01 -2.281476626805681862e-01 -9.551781307659366060e-01
4.712679862976074219e+00 -2.798510074615478516e+00 -3.367240130901336670e-01 -3.150426450111581400e-01 3.252606962950441716e-01 -8.916017111188361266e-01
3.575059890747070312e+00 -5.072649955749511719e+00 -8.711050152778625488e-01 -2.023093325776057216e-01 4.211760776268927975e-01 -8.841276183825665935e-01
1.224709987640380859e+00 -5.718369960784912109e+00 -8.123019933700561523e-01 -7.116141959632074632e-02 4.632819314812505196e-01 -8.833492538764258217e-01
-4.321599960327148438e+00 3.117079973220825195e+00 -7.914999872446060181e-02 4.786354255692717441e-01 -1.940270790548483115e-01 -8.563069671464584864e-01
1.305029988288879395e+00 3.518300056457519531e-01 2.007100105285644531e+00 5.730833180152848927e-01 1.574474372731496374e-01 8.042299516361657297e-01
-2.811069965362548828e+00 1.196720004081726074e+00 3.051509857177734375e-01 1.019233892046169376e-01 4.062934526373665478e-02 -9.939622120767389601e-01
-1.996649980545043945e+00 -5.474380016326904297e+00 -8.508020043373107910e-01 1.850546563368366260e-01 4.012948849786983629e-01 -8.970603042482643286e-01
-6.159870028495788574e-01 -1.278180003166198730e+00 1.956069946289062500e+00 -3.734606043781165674e-01 -6.303910969630308614e-01 6.805396695617961234e-01
1.904370069503784180e+00 1.577379941940307617e+00 3.929449915885925293e-01 -1.749516490085830378e-01 -1.352368207824569124e-01 -9.752450578258938796e-01
-2.206279993057250977e+00 2.543620109558105469e+00 9.676759839057922363e-01 -7.093037743900847125e-02 1.275409363463579637e-01 9.892937840258848592e-01
-2.455509901046752930e+00 -7.992229938507080078e+00 -1.647029995918273926e+00 -3.084884658536022131e-02 -1.881083271141938684e-01 9.816636928880747570e-01
3.997380018234252930e+00 1.037809967994689941e+00 3.560940027236938477e-01 -1.640242709113248765e-01 7.045916546735753183e-02 -9.839367584116632814e-01
1.688930034637451172e+00 3.854480028152465820e+00 4.171760082244873047e-01 -5.233263127153645750e-02 -7.793453299197856954e-02 -9.955840016148911342e-01
5.030539989471435547e+00 -7.309269905090332031e+00 -1.620700001716613770e+00 1.284219005148740378e-01 -1.984513719010243815e-01 9.716608814080913703e-01
-1.008319973945617676e+00 -7.147339820861816406e+00 -1.075320005416870117e+00 -9.289607090333615314e-02 -4.956046064010916075e-01 8.635660913472351652e-01
-4.484940052032470703e+00 7.306509971618652344e+00 -1.160549998283386230e+00 5.559829192548668697e-01 7.728149594222769592e-01 3.060065881480012462e-01
2.810830116271972656e+00 -6.118120193481445312e+00 -1.210929989814758301e+00 -1.496510301427934897e-01 4.119604720847672152e-01 -8.988287593401184106e-01
-3.741519927978515625e+00 5.429780006408691406e+00 -5.485939979553222656e-01 2.622835796835883970e-01 -3.281932311507549382e-01 -9.074670940894716820e-01
-5.909550189971923828e+00 1.363209962844848633e+00 7.341369986534118652e-02 -4.506253279006488532e-01 5.532515538919004217e-02 8.909971610704463529e-01
-5.243669986724853516e+00 -8.151779770851135254e-01 -4.071690142154693604e-01 3.956040612206515039e-01 1.560229559623988460e-01 -9.050714137340116761e-01
2.366100072860717773e+00 -4.036159992218017578e+00 -1.828089952468872070e-01 -2.074210994210646808e-01 4.372182955360079948e-01 -8.751095071838408401e-01
1.111529946327209473e+00 -8.048649787902832031e+00 -1.489170074462890625e+00 8.306304327999219916e-02 -3.743802794714954918e-01 9.235474742447791208e-01
-7.856649875640869141e+00 3.924720048904418945e+00 -1.401170015335083008e+00 -2.561107045673925997e-01 1.079777775391222439e-01 9.605977860497626475e-01
1.449609994888305664e+00 3.135719895362854004e-01 5.734310150146484375e-01 -1.548869090198524701e-01 -5.382745104032551214e-02 -9.864647236109244099e-01
-3.233429908752441406e+00 -1.746590018272399902e+00 -1.030260045081377029e-02 1.146324055596378427e-01 1.244069675791666524e-01 -9.855872959882178153e-01
-2.222020030021667480e-01 1.662329912185668945e+00 4.899240136146545410e-01 5.964139511682383515e-02 -1.251023351833381314e-01 -9.903495896501369744e-01
-6.057829856872558594e+00 6.156939983367919922e+00 -1.257300019264221191e+00 -3.131231688246179368e-01 2.662019230405244241e-01 9.116416057392051631e-01
-2.063369989395141602e+00 -2.534440040588378906e+00 7.154589891433715820e-01 -1.971564394819717847e-01 -2.194999051227015108e-01 9.554837152049828752e-01
-3.119080066680908203e+00 -6.092189788818359375e+00 -8.492360115051269531e-01 -2.523667147954586354e-01 -5.069668518898837739e-01 8.241939409800392857e-01
-6.344639778137207031e+00 -6.738650053739547729e-02 -1.839819997549057007e-01 -5.080520644321409041e-01 -8.020519188333434524e-02 8.575839475067132955e-01
-6.552279949188232422e+00 3.904500007629394531e+00 -8.107659816741943359e-01 -4.735034017845503596e-01 2.154547699225800861e-01 8.540338228759249972e-01
-4.141419887542724609e+00 -2.822790145874023438e-01 1.839580014348030090e-02 2.102031780550179252e-01 9.897433665176237627e-02 -9.726349287476333538e-01
-8.715239763259887695e-01 4.553800106048583984e+00 3.227579891681671143e-01 9.021577698267552181e-02 -2.379891609725026946e-01 -9.670689080117383929e-01
3.016069889068603516e+00 -8.466970443725585938e+00 -2.453299999237060547e+00 2.795656089460871740e-01 -1.743409637106576593e-01 -9.441653979399173835e-01
9.827759861946105957e-01 2.511940002441406250e+00 1.067010045051574707e+00 -3.344476637800228302e-02 5.135397537973198506e-02 9.981203418499288160e-01
-8.380650281906127930e-01 -1.099830031394958496e+00 4.392530024051666260e-01 1.711238433094807998e-01 1.992105323561461083e-01 -9.648998880968808756e-01
1.062889993190765381e-01 1.643819957971572876e-01 2.430299997329711914e+00 2.218332756244051907e-01 6.803530936547866892e-01 6.985053083406794761e-01
-7.435689926147460938e+00 5.734230041503906250e+00 -1.515450000762939453e+00 -3.809002793659368447e-01 2.413245512969428019e-01 8.925678899222627694e-01
6.715010166168212891e+00 -6.018539905548095703e+00 -1.499879956245422363e+00 5.603937768367154293e-01 -3.998478713734180956e-01 7.253140662091340785e-01
3.076879978179931641e+00 1.919059991836547852e+00 3.853049874305725098e-01 -1.842126390932465789e-03 5.785441232365350593e-03 -9.999815674501738583e-01
-6.702010154724121094e+00 2.081019878387451172e+00 -4.814260005950927734e-01 -5.586028578366108999e-01 1.138605540235435032e-01 8.215829973010777554e-01
-9.169800281524658203e-01 -5.967450141906738281e+00 -9.348919987678527832e-01 4.905090856668536947e-02 4.500497676010433157e-01 -8.916553230094179661e-01
-3.901959896087646484e+00 1.032379984855651855e+00 7.863109707832336426e-01 -1.728241923472529640e-01 3.278793948744705700e-02 9.844068008520091562e-01
-4.362460076808929443e-01 -9.030449867248535156e+00 -1.819309949874877930e+00 -6.509121955852330277e-02 -5.214968217162512243e-01 8.507668294404950871e-01
-1.321120023727416992e+00 -7.859940052032470703e+00 -1.975810050964355469e+00 1.249504112809472905e-01 4.712131846747700248e-01 -8.731240056884148615e-01
-4.901639938354492188e+00 5.143219947814941406e+00 -3.563059866428375244e-01 -4.091789851575855508e-01 3.789073169689524678e-01 8.300613249952067951e-01
-5.387820243835449219e+00 -1.916919946670532227e+00 1.436899974942207336e-02 -3.621932161532079864e-01 -2.078502573876972459e-01 9.086332289083772773e-01
-4.325799942016601562e+00 -2.591059923171997070e+00 2.232149988412857056e-01 -2.540778902591012689e-01 -2.391183306086008820e-01 9.371589244351461456e-01
3.193379878997802734e+00 3.099440097808837891e+00 3.924379944801330566e-01 -3.362051417263363373e-02 -6.316345970462550197e-02 -9.974367340262288995e-01
5.108630061149597168e-01 -1.291720032691955566e+00 1.042569994926452637e+00 8.283449437623818801e-02 -2.631755315040988363e-01 9.611852506977871524e-01
2.864550113677978516e+00 -1.230800032615661621e+00 8.771150112152099609e-01 1.366281379319304601e-01 -9.118901837024888379e-02 9.864164003370603506e-01
2.250430107116699219e+00 -7.797579765319824219e+00 -1.928539991378784180e+00 -8.318143992576576551e-02 2.865381670454224539e-01 -9.544510081078680930e-01
-1.039059996604919434e+00 7.488710284233093262e-01 1.133790016174316406e+00 -1.040444579704522116e-01 5.037916991859714422e-02 9.932958723381205557e-01
-8.241490364074707031e+00 2.750800132751464844e+00 -1.400759935379028320e+00 -3.093381681248005832e-01 7.104149068167066317e-02 9.482947876809819654e-01
-1.759400010108947754e+00 -4.421860218048095703e+00 -3.598339855670928955e-01 2.353543635323242789e-01 4.630607680528132097e-01 -8.545074889412223040e-01
-7.614979743957519531e+00 5.904219746589660645e-01 -1.456099987030029297e+00 4.997689649519010957e-01 2.428934400437790866e-02 -8.658181156794666489e-01
4.698480129241943359e+00 -5.257900238037109375e+00 -6.895909905433654785e-01 3.087348664484669269e-01 -4.381552013428975378e-01 8.442172716636471286e-01
4.602059841156005859e+00 -8.416010141372680664e-01 6.380550265312194824e-01 2.412972211329055816e-01 -9.657121155052209027e-02 9.656343263229627549e-01
-2.795689925551414490e-02 -5.366740226745605469e+00 -5.745499730110168457e-01 9.257804369659497143e-03 4.552309503441624439e-01 -8.903252635452977293e-01
-2.933350086212158203e+00 -1.053120017051696777e+00 8.265990018844604492e-01 -1.297356621138257837e-01 -1.409633926180079710e-01 9.814774474828794615e-01
-2.548850059509277344e+00 -3.632750034332275391e+00 -2.136799991130828857e-01 1.312501860606138937e-01 1.740079324890767554e-01 -9.759583126803782482e-01
-6.270629763603210449e-01 -4.172039985656738281e+00 -1.151909977197647095e-01 5.699251468047741159e-02 2.323086125590121953e-01 -9.709709376707947870e-01
-2.951600074768066406e+00 4.542490005493164062e+00 5.574749708175659180e-01 -1.050269079260757465e-01 2.055596581562826874e-01 9.729925876131636509e-01
-1.123360037803649902e+00 -2.299570083618164062e+00 1.905470043420791626e-01 1.243991126177838719e-01 1.393455725063106332e-01 -9.823989373990570373e-01
5.933979749679565430e-01 -7.079189777374267578e+00 -1.477620005607604980e+00 -4.499563461471451503e-02 5.068740720679500988e-01 -8.608449732273946164e-01
2.505500078201293945e+00 -3.873100131750106812e-02 4.133430123329162598e-01 -1.573150870725527062e-01 1.320396747630526654e-02 -9.874601858415557043e-01
-1.722389936447143555e+00 6.110630035400390625e+00 1.346279978752136230e-01 2.183743592928099608e-01 9.159454827235521401e-01 -3.366845881262965912e-01
8.100460171699523926e-01 -3.185940027236938477e+00 1.430640071630477905e-01 -2.600219926418649921e-02 1.003398774799204446e-01 -9.946133895241608958e-01
-2.187710046768188477e+00 6.623780131340026855e-01 1.023869991302490234e+00 -1.516916839348452228e-01 -2.555467168773278147e-02 9.880974606687050743e-01
1.497460007667541504e+00 -4.281320095062255859e+00 4.389860033988952637e-01 1.093381422286884425e-01 -3.455550284543230655e-01 9.320069168004661009e-01
3.273730039596557617e+00 -4.557620048522949219e+00 1.184470020234584808e-02 3.107332930091490919e-01 -4.041999677376013067e-01 8.602715889163213836e-01
-5.007110238075256348e-01 3.729690074920654297e+00 8.927810192108154297e-01 -6.447853439313371016e-02 1.140975334250900752e-01 9.913749399035786114e-01
1.865639925003051758e+00 -1.945790052413940430e+00 9.067249894142150879e-01 8.700953641105335645e-02 -1.679280642980410798e-01 9.819518856821074504e-01
-6.119669914245605469e+00 2.942120075225830078e+00 -8.184750080108642578e-01 5.404025528943542378e-01 -1.700646682349672700e-01 -8.240407086081337207e-01
4.059909820556640625e+00 -6.967530250549316406e+00 -1.851880073547363281e+00 -9.774954573724131679e-02 3.816253021921315880e-01 -9.191339157244319269e-01
-3.835259914398193359e+00 6.461180210113525391e+00 -1.011379957199096680e+00 3.203055751621179947e-01 -4.322433072796710851e-01 -8.429531789085302762e-01
-3.539710044860839844e+00 -4.639520168304443359e+00 -8.073670268058776855e-01 2.416101195409538771e-01 3.902283602078968072e-01 -8.884516739951937581e-01
1.098189949989318848e+00 -4.436640143394470215e-01 1.237460017204284668e+00 7.535745953189576518e-01 -4.057544284616530494e-01 -5.171930713704759874e-01
-2.413599967956542969e+00 -8.635370254516601562e+00 -2.587369918823242188e+00 -1.267489875485377504e-01 -1.259315050847315542e-01 -9.839085070180636494e-01
-5.308350086212158203e+00 6.783380031585693359e+00 -1.571730017662048340e+00 2.430385436775718000e-01 -2.049849423601786125e-01 -9.481104575378752619e-01
5.155320167541503906e+00 -6.304719924926757812e+00 -1.799920082092285156e+00 -1.655214146676217413e-01 2.911498038153439438e-01 -9.422496765850949529e-01
5.299379825592041016e+00 -3.625430107116699219e+00 -2.065310031175613403e-01 2.788080799592459469e-01 -3.763811829389148156e-01 8.835175491629704281e-01
-3.816639900207519531e+00 -3.202709913253784180e+00 -4.267559945583343506e-01 3.436070896739476521e-01 3.487967679613940830e-01 -8.719374877739143326e-01
-5.549109935760498047e+00 5.243330001831054688e+00 -1.164860010147094727e+00 3.457403540015709376e-01 -2.603160131615218087e-01 -9.014982977835058753e-01
-1.128829956054687500e+00 -4.847919940948486328e-01 1.188529968261718750e+00 -9.487919944249232351e-01 -1.768907560008053104e-01 -2.617315643109176526e-01
5.096059799194335938e+00 -2.085279941558837891e+00 2.928639948368072510e-01 3.030490040165168542e-01 -1.783881256163956375e-01 9.361297868370956898e-01
-2.508830070495605469e+00 -3.545419871807098389e-01 2.325859963893890381e-01 7.247355827415302709e-02 9.620625835179283381e-02 -9.927194665186288569e-01
5.522119998931884766e+00 -4.678730010986328125e+00 -6.983550190925598145e-01 4.255272830053327682e-01 -2.741591708101425162e-01 8.624171151355906062e-01
2.392650127410888672e+00 4.545300006866455078e+00 2.489459961652755737e-01 -1.159885004702537878e-03 1.135934224005403538e-02 -9.999348078803184103e-01
-2.045219987630844116e-01 -2.763080120086669922e+00 1.862999945878982544e-01 5.971060082627499543e-02 1.607093383570372680e-01 -9.851939670510617697e-01
3.764500141143798828e+00 -2.673640012741088867e+00 -2.871190011501312256e-02 -2.731145805423547679e-01 3.332290828099839231e-01 -9.024227414381746915e-01
1.984089970588684082e+00 -6.363699913024902344e+00 -6.452969908714294434e-01 1.385157606540017849e-01 -4.770715127537114575e-01 8.678802658024484806e-01
-1.511699914932250977e+00 2.948080062866210938e+00 3.903299868106842041e-01 2.928077657875193321e-02 -5.008513277565831978e-02 -9.983156392633493192e-01
-6.319059848785400391e+00 7.084020137786865234e+00 -1.508640050888061523e+00 -4.775823469269376287e-01 4.959176338510608018e-01 7.252453394123422603e-01
-4.694039821624755859e+00 2.411099910736083984e+00 5.075910091400146484e-01 -2.806143926126928867e-01 5.927059637755707072e-02 9.579888094668215226e-01
-7.195990085601806641e+00 1.007419973611831665e-01 -7.143070101737976074e-01 -5.551129954908066155e-01 -1.467020958810995659e-02 8.316455658439264598e-01
-3.007289886474609375e+00 5.629109859466552734e+00 1.096799969673156738e-01 -2.702116770811406332e-01 3.900062331583279973e-01 8.802731324234820409e-01
1.412260055541992188e+00 -5.215449810028076172e+00 4.886209964752197266e-02 9.234382643198052465e-02 -4.074853691735272898e-01 9.085308424205611466e-01
-2.958920001983642578e+00 -7.174210071563720703e+00 -1.827600002288818359e+00 1.544493195824236664e-01 3.722806159313160057e-01 -9.151789719406396850e-01
-9.161879539489746094e+00 2.550760030746459961e+00 -1.726320028305053711e+00 -7.462336809624278144e-01 1.787790399017630261e-01 6.412280002378789590e-01
4.352129936218261719e+00 -3.610539913177490234e+00 8.676730096340179443e-02 2.963494742193086839e-01 -3.292012030340533135e-01 8.965509227315933138e-01
2.586349964141845703e+00 -3.123260021209716797e+00 6.490489840507507324e-02 -1.071612081739106159e-01 2.192718909195333632e-01 -9.697609567905278727e-01
5.752140283584594727e-01 1.029600024223327637e+00 2.060679912567138672e+00 5.345192239608800161e-02 1.240296350115650398e-01 9.908377978413320797e-01
1.083819985389709473e+00 -6.680459976196289062e+00 -7.432889938354492188e-01 6.191079082584377558e-02 -4.914078837433484281e-01 8.687262778195457003e-01
-1.455060005187988281e+00 -1.711279988288879395e+00 8.849080204963684082e-01 -6.015696121020723541e-02 -7.403485100891631088e-02 9.954395917653873216e-01
-5.616839885711669922e+00 5.725790262222290039e-01 -4.386369884014129639e-01 2.846931331884532956e-01 4.027827707454323392e-02 -9.577721442552230569e-01
-8.890460014343261719e+00 1.316689968109130859e+00 -1.528490066528320312e+00 -2.106940272764129263e-01 8.743463934949587514e-04 9.775516673754028885e-01
-4.710879921913146973e-02 -4.858850002288818359e+00 2.749100029468536377e-01 -2.364930399249842372e-02 -3.563634747582864470e-01 9.340480631524646915e-01
4.135509967803955078e+00 1.732960045337677002e-01 7.688230276107788086e-01 1.055987295135826926e-01 -9.725835805798936640e-03 9.943612605300932161e-01
-2.015010118484497070e+00 -7.707430124282836914e-01 9.365789890289306641e-01 5.630062824663777804e-02 -1.116144518621296905e-01 9.921554582798757238e-01
3.844659924507141113e-01 5.744510173797607422e+00 4.999310076236724854e-01 -2.114671421784582520e-02 9.992856694086712510e-01 -3.132039897977936804e-02
-4.809999942779541016e+00 3.932090044021606445e+00 1.176699995994567871e-01 -4.288113835411067609e-01 2.338716414069684502e-01 8.725966151041225638e-01
8.809440135955810547e-01 4.088210105895996094e+00 8.654739856719970703e-01 -3.771841073511423420e-02 1.999243758006215010e-01 9.790850654832546907e-01
1.944880038499832153e-01 7.795829772949218750e-01 6.360239982604980469e-01 6.652844084188287190e-03 -9.455779530834743096e-02 -9.954971436483461833e-01
-4.383689880371093750e+00 6.319440007209777832e-01 1.615620031952857971e-02 2.864849779037394462e-01 -1.254489873826339190e-02 -9.580026007016582135e-01
-9.182459831237792969e+00 8.179730176925659180e-01 -2.304300069808959961e+00 -3.623282584141832574e-01 -9.031024380697493248e-01 -2.304869182991072518e-01
-3.389080047607421875e+00 -3.901220083236694336e+00 1.263789981603622437e-01 -1.911995834384276893e-01 -2.304388570040818707e-01 9.541177351226755032e-01
-3.764620065689086914e+00 -6.148290157318115234e+00 -1.537150025367736816e+00 2.397159347009727992e-01 4.940275660409496061e-01 -8.357469920030189403e-01
1.887459993362426758e+00 9.586880207061767578e-01 1.106230020523071289e+00 1.728224808957010694e-01 -5.663693925934089324e-02 9.833232668905933505e-01
-2.222909927368164062e+00 1.603780031204223633e+00 1.021720051765441895e+00 -7.080338952383558558e-03 8.115525571018876450e-02 9.966763232218036617e-01
-7.396140098571777344e+00 4.742549896240234375e+00 -1.372079968452453613e+00 -2.352107064866131303e-01 1.249482165885462820e-01 9.638795914041391466e-01
-1.739269971847534180e+00 -6.364109992980957031e+00 -7.009369730949401855e-01 -1.132847548063389970e-01 -5.451788763308066388e-01 8.306302168420955923e-01
-9.239490032196044922e-01 -3.022020101547241211e+00 7.543200254440307617e-01 -8.225040510766142010e-02 -1.531611913624880694e-01 9.847723190261031823e-01
2.553220033645629883e+00 3.727890014648437500e+00 8.133800029754638672e-01 1.123476312865847593e-01 1.224947490911273001e-01 9.860897759278286490e-01
-3.573719978332519531e+00 -7.940000057220458984e+00 -1.720720052719116211e+00 -3.286741542147295775e-02 -2.289988631432360033e-01 9.728716532424087626e-01
3.505209922790527344e+00 -8.191229820251464844e+00 -1.699110031127929688e+00 9.359003296268414429e-02 -3.400884750733391138e-01 9.357247110407710400e-01
2.683340013027191162e-01 2.452569961547851562e+00 4.038119912147521973e-01 -6.144780228579652462e-03 -1.008482010779837429e-01 -9.948828483873251027e-01
1.504580020904541016e+00 2.942440032958984375e+00 3.977159857749938965e-01 1.839001601154378537e-02 7.733123560452170864e-02 -9.968358376939370213e-01
-1.459789991378784180e+00 5.308209896087646484e+00 5.220839977264404297e-01 -1.082333818173887158e-01 2.786312132488025228e-01 9.542799285659694375e-01
4.421899914741516113e-01 -2.670160055160522461e+00 8.454040288925170898e-01 1.277731365545263335e-02 -2.153448774874241745e-01 9.764544659100476975e-01
-6.624959945678710938e+00 -5.664780139923095703e-01 -9.764580130577087402e-01 4.270634435615801028e-01 1.436575767941984383e-01 -8.927369801923431547e-01
-2.602400064468383789e+00 -2.474260091781616211e+00 -1.981250010430812836e-02 9.980837374868986589e-02 8.337577151372964346e-02 -9.915073218358663176e-01
3.794069886207580566e-01 -8.566470146179199219e+00 -1.665420055389404297e+00 -2.186414846073531440e-02 -2.102391726632072133e-01 9.774054682116204429e-01
-2.758939981460571289e+00 2.168760061264038086e+00 3.256919980049133301e-01 5.165475579229223541e-02 4.284829402483085470e-02 -9.977453632581813059e-01
1.021319985389709473e+00 1.826309919357299805e+00 4.537270069122314453e-01 -7.405159665011475101e-02 -1.889890131449058208e-01 -9.791830849969187511e-01
-5.828189849853515625e+00 -1.868449926376342773e+00 -7.815110087394714355e-01 -1.931272440306104066e-01 -4.875359030230766999e-01 -8.514755491948162724e-01
-4.901979923248291016e+00 -6.159279942512512207e-01 4.128679931163787842e-01 -2.667681647763919250e-01 -8.815218186682516333e-02 9.597207609997577826e-01
-3.761960029602050781e+00 3.157789945602416992e+00 6.481369733810424805e-01 -1.882821977557525839e-01 9.359026394663674808e-02 9.776454758769471676e-01
-8.531629562377929688e+00 4.183340072631835938e+00 -1.975039958953857422e+00 -8.217845511685428761e-01 4.606942229856844095e-01 -3.353072984119686017e-01
-3.796070098876953125e+00 -8.108630180358886719e-01 6.801080107688903809e-01 -1.982004247953419451e-01 -9.105251920537552057e-02 9.759231682654638806e-01
-1.339839935302734375e+00 -4.169079780578613281e+00 4.345279932022094727e-01 -1.274494377791113853e-01 -3.367731362847564136e-01 9.329204121931931049e-01
-7.087210178375244141e+00 1.660320043563842773e+00 -1.177180051803588867e+00 5.568346961741513779e-01 -4.713066870285186061e-03 -8.306099614965598565e-01
-9.164429903030395508e-01 1.730050086975097656e+00 1.055500030517578125e+00 -5.581573827761111828e-02 4.671630298789993668e-02 9.973475775253419773e-01
-2.871210098266601562e+00 -5.235270023345947266e+00 -8.981950283050537109e-01 1.339154265923511999e-01 2.697453228992466867e-01 -9.535743910647820343e-01
3.507080078125000000e+00 -1.409569978713989258e+00 2.806679904460906982e-01 -1.218412880627310624e-01 1.104086724491075561e-01 -9.863896925511946856e-01
-2.741230010986328125e+00 -1.917269945144653320e+00 7.196490168571472168e-01 -1.748135224734340132e-01 -2.363908047875888652e-01 9.558031281452818995e-01
-9.354789853096008301e-01 -8.915109634399414062e+00 -2.545750141143798828e+00 -9.345673256712387633e-02 2.132386801931028183e-02 -9.953949627110697529e-01
2.476639986038208008e+00 1.803750038146972656e+00 1.032909989356994629e+00 1.040185065280501975e-01 2.583943508238359735e-02 9.942396461086718817e-01
-4.583670139312744141e+00 -1.973259925842285156e+00 -3.536109924316406250e-01 3.781107434837448489e-01 2.520191031605005239e-01 -8.907966307212588086e-01
-2.136980056762695312e+00 -3.401129961013793945e+00 5.303829908370971680e-01 -1.215803171269594363e-01 -2.186752789910884620e-01 9.681938591240276670e-01
-3.528180122375488281e+00 4.821180105209350586e-01 1.848800033330917358e-01 6.278333482394560239e-02 9.250200708094311053e-02 -9.937311666413515265e-01
1.799929976463317871e+00 -2.493680000305175781e+00 2.255810052156448364e-01 -3.894623338839511839e-02 1.086385765357833350e-01 -9.933181014121990060e-01
3.353859901428222656e+00 3.794989883899688721e-01 3.833709955215454102e-01 -5.292794916595626453e-02 1.162592103227857131e-02 -9.985306555921240612e-01
6.326680183410644531e-01 -4.173590183258056641e+00 5.344439744949340820e-01 3.276048585552992359e-02 -2.573568228685224613e-01 9.657609519386926022e-01
-3.330219984054565430e+00 4.732259750366210938e+00 -2.090989947319030762e-01 2.028417522854186472e-01 -2.091329969107632858e-01 -9.566183215540582374e-01
-6.003610134124755859e+00 4.607180118560791016e+00 -7.272260189056396484e-01 -4.557092457726273915e-01 2.788799884523480155e-01 8.453135722074746061e-01
-4.392159938812255859e+00 -4.544970035552978516e+00 -9.754080176353454590e-01 -8.002421329276027118e-01 -6.034874578968901782e-02 -5.966326822837417776e-01
3.227319955825805664e+00 -2.703949928283691406e+00 6.599249839782714844e-01 8.014962424002480823e-02 -1.390051298910980615e-01 9.870428620876308123e-01
-1.802439928054809570e+00 -7.469029903411865234e+00 -1.360090017318725586e+00 -1.257837015041869677e-01 -4.326623991343646058e-01 8.927383204563369423e-01
-2.008140087127685547e+00 4.626420021057128906e+00 6.513310074806213379e-01 -5.525414789107520319e-02 1.615961889569809129e-01 9.853089113853639169e-01
-5.137010097503662109e+00 3.272140026092529297e+00 -4.089609980583190918e-01 3.450640710071688488e-01 -1.584789375760146113e-01 -9.251028122564199929e-01
3.732909917831420898e+00 -3.943690061569213867e+00 -4.311909973621368408e-01 -2.869168534074609811e-01 4.201513185416101970e-01 -8.609016138668273976e-01
6.771249771118164062e-01 -5.653679847717285156e+00 -1.244440004229545593e-01 6.777440286379077597e-03 -5.141546362718688590e-01 8.576707272043897490e-01
-5.833370208740234375e+00 2.035409927368164062e+00 -5.339859724044799805e-01 4.771572868139307699e-01 -7.201219196715835658e-02 -8.758625279394325336e-01
3.521300077438354492e+00 -5.966799736022949219e+00 -7.310190200805664062e-01 2.474038292524325389e-01 -4.885143495577722872e-01 8.367467212647923258e-01
2.499040126800537109e+00 -6.934599876403808594e+00 -1.058930039405822754e+00 1.481174308530094907e-01 -4.176461516990559453e-01 8.964557538710279383e-01
-1.551900058984756470e-01 -7.315790176391601562e+00 -1.108629941940307617e+00 -6.111445027674518998e-02 -5.021993949175590499e-01 8.625895847457286658e-01
1.921769976615905762e+00 -2.709990143775939941e-01 1.029950022697448730e+00 7.566304250605077053e-02 -6.004357245475589605e-02 9.953240042345999905e-01
-4.639820098876953125e+00 -3.332400083541870117e+00 -9.189470112323760986e-02 -3.298816741991789647e-01 -2.987800330648974767e-01 8.954934800819521756e-01
4.088970184326171875e+00 -4.728350162506103516e+00 -2.674669921398162842e-01 2.489728041860586327e-01 -4.101357312086477691e-01 8.773831687248613287e-01
-8.472089767456054688e+00 2.030989885330200195e+00 -1.811670064926147461e+00 1.970049802750527546e-01 -3.542383120826494286e-02 -9.797623129766496186e-01
6.073170185089111328e+00 -4.690400123596191406e+00 -1.398659944534301758e+00 -2.969796498329667633e-01 4.005303312063530630e-01 -8.668209396229520358e-01
4.537980079650878906e+00 -1.479979991912841797e+00 3.678879886865615845e-02 -3.669689484689691028e-01 1.856256536223507003e-01 -9.115244964217111834e-01
1.636229991912841797e+00 1.971140027046203613e+00 1.096760034561157227e+00 1.635887141322846239e-02 6.582947059619016772e-02 9.976967816561858049e-01
-2.364480018615722656e+00 5.957650184631347656e+00 -3.981739878654479980e-01 2.575881941147696863e-01 -2.767742315504852502e-01 -9.257668966874599281e-01
5.421080112457275391e+00 -7.271989822387695312e+00 -2.372099876403808594e+00 2.693851253404863089e-01 -6.453262019803258642e-01 -7.148326708278925912e-01
2.107769995927810669e-01 -1.495049953460693359e+00 1.816060066223144531e+00 2.924226067767371137e-02 -9.896889362443940241e-01 1.402166169392868866e-01
-6.043519824743270874e-02 -1.471830010414123535e+00 4.443860054016113281e-01 5.650626656067495729e-02 1.948432056396585954e-01 -9.792053753199251309e-01
-9.684289991855621338e-02 -6.354950070381164551e-01 2.255429983139038086e+00 -1.622396948419904950e-01 -4.557479384501074149e-01 8.751983192488744789e-01
-5.150179862976074219e+00 1.107640027999877930e+00 4.247339963912963867e-01 -3.018558612508341898e-01 5.107043089901911782e-03 9.533398959129923966e-01
1.123090028762817383e+00 -8.955969810485839844e+00 -1.770299911499023438e+00 5.935955490849779970e-02 -4.201623153319142268e-01 9.055054235155027831e-01
5.939519882202148438e+00 -6.414430141448974609e+00 -1.485599994659423828e+00 3.658188018141271536e-02 -2.053288198803540909e-01 9.780091215162228790e-01
-3.764189958572387695e+00 1.624379992485046387e+00 2.055030018091201782e-01 2.103417907711098711e-01 1.117061674267420118e-02 -9.775640891403443167e-01
3.745180130004882812e+00 1.693059921264648438e+00 8.410410284996032715e-01 1.884008328793370657e-01 4.573846002303728897e-02 9.810265640873814252e-01
5.370610237121582031e+00 -5.851100087165832520e-01 4.320580065250396729e-01 9.218159897996466290e-01 3.171551936073774280e-01 2.228628818748528140e-01
-4.138870239257812500e+00 2.182720005512237549e-01 6.934400200843811035e-01 -2.547489252754625566e-01 -4.990839684788627231e-03 9.669943518915906644e-01
3.038380146026611328e-01 1.982800006866455078e+00 1.086380004882812500e+00 -9.252003690261616231e-02 9.553731721341443550e-02 9.911168769581122362e-01
5.620460033416748047e+00 -3.048259973526000977e+00 -7.069849967956542969e-01 -3.265082045664031707e-01 2.564169315677142791e-01 -9.097487288016521401e-01
9.635109901428222656e-01 4.805630147457122803e-01 1.264999985694885254e+00 8.954339868473808473e-01 4.413390098573941045e-01 -5.846241165654769006e-02
-1.720199920237064362e-02 2.968820095062255859e+00 1.014009952545166016e+00 -3.954053954529693216e-02 2.715190532128108208e-02 9.988489974815467631e-01
5.538040161132812500e+00 -1.983900070190429688e+00 -4.078930020332336426e-01 -2.383854610437834143e-01 1.444918567122977227e-01 -9.603616377733835696e-01
4.762740135192871094e+00 9.767569899559020996e-01 6.591749787330627441e-01 8.383514089843036032e-01 2.037929963087789231e-01 5.056039257259804520e-01
-2.351959943771362305e+00 3.981760025024414062e+00 2.595120072364807129e-01 1.826740829994021598e-01 -2.034206666851546830e-01 -9.618992731911666372e-01
-7.017519950866699219e+00 4.019949913024902344e+00 -1.494660019874572754e+00 3.866924007552821618e-01 -1.992967753261503383e-01 -9.004164495069568730e-01
1.338590025901794434e+00 -1.321009993553161621e+00 1.011209964752197266e+00 5.538676927449160542e-02 -8.080591038878935650e-02 9.951897862395761019e-01
-2.052160024642944336e+00 -5.139410018920898438e+00 -8.218719810247421265e-02 -1.911889544779175609e-01 -4.251459642078514456e-01 8.847020361700413948e-01
3.491199970245361328e+00 -6.480740070343017578e+00 -1.510420083999633789e+00 -1.631316668164788930e-01 3.829150691183537125e-01 -9.092656977604310908e-01
-4.471799850463867188e+00 4.440830230712890625e+00 -4.329980015754699707e-01 3.028845602255359482e-01 -2.018604068871446278e-01 -9.314039506617630693e-01
-2.890530109405517578e+00 -8.647410392761230469e+00 -1.912909984588623047e+00 -1.712851834823509722e-01 -7.647799213494766990e-01 6.211063176462670032e-01
6.692450046539306641e+00 -4.122469902038574219e+00 -9.455180168151855469e-01 9.738465437820914561e-01 -6.914757776824149993e-02 2.164290222046475753e-01
2.682829856872558594e+00 -8.464670181274414062e+00 -1.702069997787475586e+00 5.044980406639106019e-02 -2.706573656814037498e-01 9.613529048544379174e-01
-3.656370043754577637e-01 -1.223340034484863281e+00 1.162760019302368164e+00 -2.662361392530847581e-01 -8.457689232128521306e-01 -4.623778181130500653e-01
1.785030007362365723e+00 -4.598959922790527344e+00 -3.398999869823455811e-01 -9.728427110490975305e-02 3.152325222593210796e-01 -9.440149508909343457e-01
-2.532710134983062744e-01 5.175570011138916016e+00 1.809960007667541504e-01 2.948815331855495631e-02 -1.897375535378842404e-01 -9.813919245598671237e-01
-2.943690061569213867e+00 2.907660007476806641e+00 8.245239853858947754e-01 -1.489446946258198290e-01 1.013675407571109632e-01 9.836361622183665832e-01
-2.230580091476440430e+00 -4.210420131683349609e+00 2.747460007667541504e-01 -2.300117561878922412e-01 -3.698159544939421672e-01 9.001837322553081222e-01
-3.327159881591796875e+00 -3.092429935932159424e-01 1.334950029850006104e-01 6.738315536391537020e-02 7.784167880963932529e-02 -9.946859722612456656e-01
-1.056560039520263672e+00 2.219150066375732422e+00 3.944390118122100830e-01 4.471782994312799298e-02 -7.824676495771235030e-02 -9.959305997200960103e-01
1.019309997558593750e+00 4.712160110473632812e+00 3.265019953250885010e-01 -3.227318658005642188e-02 -3.097902430686739761e-01 -9.502570424508416380e-01
6.113539934158325195e-01 -5.935029983520507812e-01 6.046850085258483887e-01 -1.439251941542835436e-02 1.889253381941910781e-01 -9.818859770732480952e-01
-3.815429925918579102e+00 -1.986060023307800293e+00 5.107859969139099121e-01 -2.397288205588054555e-01 -2.114643482745580949e-01 9.475299055978657625e-01
-5.954540252685546875e+00 3.582279920578002930e+00 -3.491930067539215088e-01 -4.861276407265334165e-01 2.150663829292353280e-01 8.470102525090177359e-01
-8.101369857788085938e+00 -4.760710150003433228e-02 -1.315199971199035645e+00 -5.724916147745571227e-01 -7.746521505155604670e-01 -2.686399015679490354e-01
-5.323070049285888672e+00 1.915220022201538086e+00 3.107079863548278809e-01 -4.574039081143148056e-01 7.599941886587086026e-02 8.860055040313244978e-01
-5.655869960784912109e+00 -4.075689911842346191e-01 1.563069969415664673e-01 -4.027795285011640525e-01 -1.197848882971212919e-01 9.074250558343791573e-01
1.099920034408569336e+00 3.316080093383789062e+00 9.890289902687072754e-01 -4.612331327002672926e-02 1.622552304824817215e-01 9.856702694887736760e-01
2.293179988861083984e+00 8.084750175476074219e-01 4.126940071582794189e-01 -1.633205894176286421e-01 -7.807614111896635234e-02 -9.834787751956061141e-01
-3.975719928741455078e+00 2.398360013961791992e+00 1.198949962854385376e-01 3.581699201547961509e-01 -6.399146517479731289e-02 -9.314608959484502737e-01
2.345510005950927734e+00 2.272109985351562500e+00 3.825789988040924072e-01 5.556275754955377483e-02 4.176742049395819334e-02 -9.975812059971711498e-01
-4.567520022392272949e-01 -6.579500198364257812e+00 -1.235949993133544922e+00 1.542226686769956716e-02 4.024119464524166245e-01 -9.153287819341413556e-01
-3.343079984188079834e-01 1.139119982719421387e+00 1.129140019416809082e+00 -7.171054156497110033e-02 1.826040559930188212e-01 9.805678747355314195e-01
-3.761080026626586914e+00 3.690449953079223633e+00 -2.964640036225318909e-03 3.267552457827017642e-01 -2.618912476590618543e-01 -9.080991045877458978e-01
5.018070220947265625e+00 -5.895820140838623047e+00 -1.080880045890808105e+00 2.002896674792234710e-01 -4.725364653304893192e-01 8.582501605208294748e-01
2.962579965591430664e+00 2.522930145263671875e+00 9.172580242156982422e-01 1.181247489178602200e-01 1.582249508097686441e-01 9.803118935493636554e-01
-6.649690151214599609e+00 5.751480102539062500e+00 -1.681169986724853516e+00 1.949018324286648507e-01 -5.839990392364671073e-02 -9.790825945433088151e-01
-2.497129917144775391e+00 4.575810134410858154e-01 2.881549894809722900e-01 5.244949902585867990e-02 3.098571929551810836e-02 -9.981427429239145832e-01
-7.542629837989807129e-01 -8.301380157470703125e+00 -1.619470000267028809e+00 -1.092799033905312578e-01 -2.990372651018654571e-01 9.479634047764463611e-01
-3.533210039138793945e+00 -2.497560024261474609e+00 -1.744049936532974243e-01 2.084435188396935312e-01 1.808296017554870405e-01 -9.611721773869019714e-01
-5.987080097198486328e+00 7.332280158996582031e+00 -2.193629980087280273e+00 -3.227672713927756676e-02 1.243560665570655616e-01 -9.917125498830955399e-01
1.245640039443969727e+00 -2.655600070953369141e+00 8.232409954071044922e-01 3.578908599761028431e-02 -1.671887027467508502e-01 9.852751285794816294e-01
3.005539894104003906e+00 -4.465129971504211426e-01 9.201869964599609375e-01 1.031182208699769759e-01 -1.137515349147234789e-01 9.881433199840774506e-01
-2.285320043563842773e+00 3.184279918670654297e+00 3.638559877872467041e-01 4.709228938175143847e-02 -2.607152725079581179e-02 -9.985502449789877000e-01
5.151819903403520584e-03 4.110149860382080078e+00 4.134899973869323730e-01 1.339058750395130670e-02 -6.892685720134292260e-02 -9.975318443652035905e-01
-4.250229835510253906e+00 6.039110183715820312e+00 -4.840329885482788086e-01 -3.089697681964012066e-01 3.913191654793387042e-01 8.668373509887631334e-01
-6.402609825134277344e+00 7.238109707832336426e-01 -1.945939958095550537e-01 -4.941718991111324066e-01 1.359798709825260979e-02 8.692578609801423495e-01
-3.816230058670043945e+00 -1.180830001831054688e+00 -2.298009954392910004e-02 1.773767708524705833e-01 1.273285919397571520e-01 -9.758713597788332139e-01
-3.245029926300048828e+00 1.513939976692199707e+00 8.865579962730407715e-01 -1.360121905593047464e-01 5.539883220398522656e-02 9.891570418339517001e-01
4.350830078125000000e+00 -7.714139938354492188e+00 -1.650030016899108887e+00 7.967362724543011754e-02 -2.193005306837045032e-01 9.723987815517879385e-01
2.855700016021728516e+00 -4.813950061798095703e+00 -6.074159741401672363e-01 -1.794638144474927088e-01 4.533777420004026504e-01 -8.730643517877546556e-01
1.242650032043457031e+00 1.073529958724975586e+00 5.246589779853820801e-01 -1.206666461017814329e-01 -1.613020302320991861e-01 -9.795004928847920178e-01
-7.535789966583251953e+00 2.297359943389892578e+00 -1.035089969635009766e+00 -5.021920018921024464e-01 1.015314471866764767e-01 8.587750336774944149e-01
-1.018380045890808105e+00 7.569760084152221680e-01 1.942579984664916992e+00 -7.500938173822995214e-01 5.776573329621520481e-01 3.219802335546441685e-01
2.377229928970336914e+00 -2.749059915542602539e+00 7.226499915122985840e-01 1.039049806318893127e-01 -2.109382876476003643e-01 9.719613129153777953e-01
-7.971060276031494141e-01 2.139279991388320923e-01 6.135810017585754395e-01 2.343302016533313492e-01 -5.450395255638409986e-03 -9.721417848157059005e-01
-4.895220100879669189e-01 3.120009899139404297e+00 3.994410037994384766e-01 -3.375786503276798078e-02 8.431663233706318539e-02 -9.958670152484044857e-01
6.354000091552734375e+00 -5.345890045166015625e+00 -1.720200061798095703e+00 -6.898404677627330284e-02 2.165384597023690405e-01 -9.738338137280376783e-01
2.384609937667846680e+00 -3.720880031585693359e+00 5.327659845352172852e-01 1.097655167984578212e-01 -3.144252566038303054e-01 9.429147837061325754e-01
-2.424839973449707031e+00 -8.229400217533111572e-02 9.609829783439636230e-01 -1.288903786771623261e-01 -5.421939373009146412e-02 9.901755034477469630e-01
-4.929910182952880859e+00 2.322780132293701172e+00 -2.312359958887100220e-01 4.585526626611554635e-01 -9.958110540578365977e-02 -8.830702457973129693e-01
-1.114380002021789551e+00 3.702660083770751953e+00 3.841040134429931641e-01 1.896507241505901095e-02 3.230421797517936920e-03 -9.998149280758423796e-01
-2.982290029525756836e+00 7.832430005073547363e-01 9.510819911956787109e-01 -1.664848251574368720e-01 -4.089015162844498834e-03 9.860355383794723316e-01
-4.619170188903808594e+00 -3.709630012512207031e+00 -7.887250185012817383e-01 -7.969127234408739102e-02 1.466164287002141020e-01 -9.859781559179572330e-01
-1.471969962120056152e+00 -5.743869781494140625e+00 -3.135789930820465088e-01 -2.113854247386266205e-01 -4.718177871302000614e-01 8.559814121554460975e-01
-4.306919872760772705e-01 -5.991819858551025391e+00 -3.304849863052368164e-01 -5.712943694812009504e-02 -4.727123028461729382e-01 8.793630116009307773e-01
1.231729984283447266e-01 -3.983459949493408203e+00 -1.917090080678462982e-02 1.989879203273794625e-02 2.739600054551847297e-01 -9.615352065767706069e-01
1.489349961280822754e+00 -8.824210166931152344e+00 -2.447190046310424805e+00 3.709959282531408858e-02 7.306473480516573193e-02 -9.966369272408315272e-01
3.199769973754882812e+00 -1.937530040740966797e+00 7.696809768676757812e-01 6.963634156587829305e-02 -9.701913061775102598e-02 9.928434258368719068e-01
-8.175470232963562012e-01 1.151970028877258301e+00 5.112749934196472168e-01 1.548453866977770321e-01 -1.530685288311194880e-01 -9.760086739880402540e-01
-8.168399810791015625e+00 1.069239974021911621e+00 -1.703740000724792480e+00 4.019588834233823738e-01 -4.011563870394967840e-02 -9.147785478291463601e-01
1.325919985771179199e+00 -4.239279925823211670e-01 1.982550024986267090e+00 7.316215305156495985e-01 -1.052087638477313125e-01 6.735436527023104247e-01
-8.488209724426269531e+00 3.494319915771484375e+00 -1.506020069122314453e+00 -2.547053427197510378e-01 4.056138282200918294e-02 9.661676679611984619e-01
2.002899885177612305e+00 -5.613180160522460938e+00 -8.208879828453063965e-01 -1.439529690942695783e-01 4.350633590303834564e-01 -8.888179882957725209e-01
-1.867310047149658203e+00 2.200180053710937500e+00 3.663870096206665039e-01 -9.941807896298867145e-03 8.300510800959795543e-02 -9.964995296035358274e-01
4.441770076751708984e+00 -2.641109943389892578e+00 3.673779964447021484e-01 3.448107857747808591e-01 -2.694339452505592480e-01 8.991723256195648384e-01
-5.811329841613769531e+00 -1.227220058441162109e+00 -3.765309974551200867e-02 -4.500567476208043871e-01 -1.719238659616329490e-01 8.762939622260271788e-01
-3.260679960250854492e+00 -6.734509944915771484e+00 -1.249040007591247559e+00 -1.544853537647233321e-01 -4.614065223177299946e-01 8.736351049693723558e-01
1.455250024795532227e+00 -3.609950065612792969e+00 5.619990080595016479e-02 -9.019341463605808074e-02 2.637958065894134840e-01 -9.603524979829691777e-01
5.400159835815429688e+00 -2.783289909362792969e+00 1.018869969993829727e-02 2.751825387457915162e-01 -2.398309102294262918e-01 9.309971562083021457e-01
-1.754230022430419922e+00 7.898039817810058594e-01 4.048109948635101318e-01 1.383194354251778002e-01 -5.760799189031574723e-03 -9.903709138380245580e-01
-5.928210258483886719e+00 -5.507140159606933594e-01 -6.261180043220520020e-01 3.862887725149375950e-01 1.023387906942209574e-01 -9.166830183592075132e-01
3.239259958267211914e+00 1.141289949417114258e+00 3.879300057888031006e-01 -3.627496809806193823e-02 -1.605400304693288885e-02 -9.992128880652278999e-01
4.145629882812500000e+00 -5.479060173034667969e+00 -1.174170017242431641e+00 -1.422230670944020503e-01 3.406873233557490277e-01 -9.293571686337586124e-01
1.752310037612915039e+00 -7.648620128631591797e+00 -1.334130048751831055e+00 5.935812911798419439e-02 -4.036461482839175385e-01 9.129876228532183280e-01
-3.557149887084960938e+00 -5.364059925079345703e+00 -5.718050003051757812e-01 -2.490960323014933531e-01 -4.997159603730458866e-01 8.295993765909530637e-01
-5.726349949836730957e-01 -3.434050083160400391e+00 6.381890177726745605e-02 2.071585627279103406e-02 2.065930207011619502e-01 -9.782076349612358612e-01
-3.008409976959228516e+00 -4.148029804229736328e+00 -5.332030057907104492e-01 1.877244233842546850e-01 2.355297278307216247e-01 -9.535645170480261390e-01
-1.524160027503967285e+00 -7.598099708557128906e-01 3.574460148811340332e-01 2.146561489664257916e-01 9.073171603783904138e-02 -9.724661913998514651e-01
-4.887650012969970703e+00 -1.208309978246688843e-01 -1.773629933595657349e-01 3.136916166484108870e-01 5.080521961527306729e-02 -9.481647532493233665e-01
4.472620010375976562e+00 1.702569961547851562e+00 6.268939971923828125e-01 9.171095842616836524e-01 3.241376468414792766e-01 -2.320448154030386734e-01
-7.648849964141845703e+00 5.587359905242919922e+00 -2.228039979934692383e+00 7.976810205896027461e-02 2.755339233400623256e-01 -9.579760471863291160e-01
-1.485610008239746094e+00 2.236949920654296875e+00 1.018939971923828125e+00 -1.124102124860826626e-02 1.650039052015129723e-02 9.998006684104440156e-01
2.354020118713378906e+00 -1.481459975242614746e+00 3.158879876136779785e-01 -2.260743674393302441e-02 1.071416709300367365e-01 -9.939867032079396925e-01
-7.457940101623535156e+00 1.071959972381591797e+00 -8.868370056152343750e-01 -5.706229963132709582e-01 3.387151682898147803e-02 8.205133249534517503e-01
-7.703450202941894531e+00 3.217700004577636719e+00 -1.645859956741333008e+00 3.991639783139511732e-01 -1.301845269235265001e-01 -9.075902750505191463e-01
-2.417749881744384766e+00 -6.009970188140869141e+00 -1.171720027923583984e+00 2.041971762813578339e-01 4.943004801203463860e-01 -8.449677795937045044e-01
-4.214330196380615234e+00 5.091440200805664062e+00 -4.600109905004501343e-02 -3.124630452668359371e-01 2.492025376795643232e-01 9.166596645193026971e-01
-5.261620044708251953e+00 1.459010004997253418e+00 -2.990419864654541016e-01 4.177503768369595361e-01 -3.447885906217094260e-02 -9.079073911640709316e-01
-1.927579998970031738e+00 -2.129519939422607422e+00 8.882950246334075928e-02 1.483198070171907468e-01 7.226818846684941733e-02 -9.862953633583112500e-01
-1.164399981498718262e+00 -7.372580170631408691e-01 1.914929986000061035e+00 -7.614152160422045235e-01 -3.433736315323477895e-01 5.498558155986807972e-01
4.708379745483398438e+00 -7.491330146789550781e+00 -2.294549942016601562e+00 -4.496704468159506973e-01 7.632067817490101325e-01 -4.640171306672435936e-01
-2.714699983596801758e+00 -1.123309969902038574e+00 1.145310029387474060e-01 1.164563707783322632e-01 1.705433130359789995e-01 -9.784441180179129782e-01
3.049010038375854492e+00 -3.730350017547607422e+00 -2.163700014352798462e-01 -2.674117369556058832e-01 3.615419855642736935e-01 -8.931843906006353695e-01
2.372339963912963867e+00 -4.707469940185546875e+00 1.545940041542053223e-01 1.643087502225880625e-01 -4.188691724242222802e-01 8.930572495607088657e-01
1.643149971961975098e+00 -8.250060081481933594e+00 -1.994639992713928223e+00 5.319319253921634544e-02 1.172949132413151213e-01 -9.916715119409239554e-01
-1.539669930934906006e-01 -8.990079879760742188e+00 -2.508170127868652344e+00 5.495772359993110479e-02 -3.067398921311771387e-01 -9.502053921084995247e-01
-6.126049995422363281e+00 1.359979987144470215e+00 -6.474379897117614746e-01 5.414561617049596931e-01 -4.456307524963785266e-02 -8.395471143872914599e-01
-4.530059814453125000e+00 -9.189599752426147461e-01 -1.566890031099319458e-01 2.317633433302195012e-01 1.100449141121683100e-01 -9.665277386430480844e-01
-1.212839961051940918e+00 5.602700233459472656e+00 -1.145699992775917053e-01 1.676390133959770323e-01 -5.161022224900915223e-01 -8.399616997985155376e-01
5.746319770812988281e+00 -7.123069763183593750e+00 -1.684190034866333008e+00 3.388439901417932831e-01 -5.886246888716013537e-01 7.339657526040290758e-01
6.265319824218750000e+00 -3.355910062789916992e+00 -5.060639977455139160e-01 8.998697003127150706e-01 1.570566665048638844e-01 4.069001424987270243e-01
-7.440999746322631836e-01 -7.447189807891845703e+00 -1.697730064392089844e+00 4.356404732551755893e-02 4.896108257172106515e-01 -8.708521189737850055e-01
5.225480198860168457e-01 -5.943560123443603516e+00 -8.694970011711120605e-01 -3.829377793897677240e-02 4.254183712459436717e-01 -9.041862617722130624e-01
3.114180088043212891e+00 -5.465740203857421875e+00 -3.711749911308288574e-01 1.650794075563132846e-01 -4.434722182742533714e-01 8.809546985059841795e-01
-1.986140012741088867e+00 -2.878839969635009766e+00 2.206319943070411682e-02 6.805073177671490392e-02 1.427599850801592463e-01 -9.874151530964907497e-01
-6.719460010528564453e+00 6.449389934539794922e+00 -1.454509973526000977e+00 -2.554395402574361484e-01 1.935453161372222008e-01 9.472543754844378050e-01
-5.251579880714416504e-01 -4.852099895477294922e+00 -4.013020098209381104e-01 8.013034745524974523e-02 4.040829082357280666e-01 -9.112058662500243100e-01
7.256860136985778809e-01 1.443600058555603027e-01 6.556869745254516602e-01 -9.650004884563630203e-02 4.377191448107551480e-02 -9.943700317665709054e-01
3.675019979476928711e+00 3.599129915237426758e+00 6.242460012435913086e-01 9.694524974215386059e-01 1.928038816953551726e-01 1.516196505943248063e-01
-1.803040027618408203e+00 -8.322239875793457031e+00 -1.677250027656555176e+00 -2.945656621191495433e-03 -1.829890596665633418e-01 9.831105365875278945e-01
2.178080081939697266e+00 3.226720094680786133e+00 4.201700091361999512e-01 3.846039811419381393e-02 7.804785301554865995e-02 -9.962074735799570924e-01
-4.968410015106201172e+00 3.071549892425537109e+00 2.724399864673614502e-01 -4.185929138453654552e-01 2.368356229934553969e-01 8.767490291752528808e-01
-3.418529987335205078e+00 3.983619928359985352e+00 5.987750291824340820e-01 -1.866658118316248116e-01 1.736296899755925549e-01 9.669584300538569543e-01
4.479509830474853516e+00 -2.325299978256225586e-01 2.560040056705474854e-01 -2.577379288781623257e-01 7.221169022506956914e-02 -9.635126526478176023e-01
2.114540040493011475e-01 -2.180920124053955078e+00 3.239600062370300293e-01 8.146396218015211979e-03 2.369204918995797271e-01 -9.714948876585610682e-01
-1.417259931564331055e+00 -6.597839832305908203e+00 -1.322870016098022461e+00 9.071874781095923268e-02 5.131918301745546085e-01 -8.534660240675682186e-01
-1.420789957046508789e+00 -5.060080051422119141e+00 -5.570009946823120117e-01 1.157491396208867040e-01 3.452576274687094160e-01 -9.313427442954083091e-01
4.147560000419616699e-01 -7.780509948730468750e+00 -1.371930003166198730e+00 1.978749982547869934e-02 -4.257455874308489485e-01 9.046265249448626200e-01
-1.561559915542602539e+00 1.253080010414123535e+00 1.079939961433410645e+00 -1.059142399866375012e-01 5.797500147854608987e-02 9.926837728962911722e-01
3.890640020370483398e+00 -1.000390052795410156e+00 7.362160086631774902e-01 3.254167178121681880e-01 -3.861398894885611360e-02 9.447819428978379008e-01
-3.548190116882324219e+00 6.041319847106933594e+00 -2.045879960060119629e-01 -2.953858348395210776e-01 4.258450202731537404e-01 8.552211569440484329e-01
5.257359981536865234e+00 -4.042900085449218750e+00 -9.121670126914978027e-01 -2.894633648793104586e-01 3.073384529266089960e-01 -9.065065006636333633e-01
2.296159982681274414e+00 3.542770147323608398e-01 1.035760045051574707e+00 1.821428359104543815e-01 -3.513199528083603418e-02 9.826442541602147251e-01
2.973939895629882812e+00 -7.782370090484619141e+00 -1.963880062103271484e+00 -7.386065094143941245e-02 2.394454202891328487e-01 -9.680963252409686692e-01
1.630769968032836914e+00 4.495590209960937500e+00 7.407600283622741699e-01 5.078664375440459372e-02 2.131411523134465191e-01 9.757005514022523140e-01
-4.313179969787597656e+00 1.814090013504028320e+00 6.398230195045471191e-01 -1.553646641242613091e-01 -3.269860470081798615e-02 9.873158675885722602e-01
-8.087149620056152344e+00 4.602869987487792969e+00 -1.516999959945678711e+00 -3.162498743135206403e-01 1.918168416667976606e-01 9.290814368233051290e-01
-4.519140243530273438e+00 6.634759902954101562e+00 -8.873109817504882812e-01 -3.309052785317413981e-01 3.824023240643817934e-01 8.627109360556350914e-01
2.603460073471069336e+00 -5.963250160217285156e+00 -5.295829772949218750e-01 1.547704841335121595e-01 -5.101108711248878436e-01 8.460691439836854899e-01
2.571589946746826172e+00 -7.493929862976074219e-01 3.662579953670501709e-01 -7.942429419557223147e-02 4.242290487294689272e-02 -9.959377885358482452e-01
-6.795259952545166016e+00 2.767750024795532227e+00 -6.610000133514404297e-01 -5.153811666590625284e-01 1.457543426745536719e-01 8.444749402111659808e-01
1.526180028915405273e+00 -1.592970013618469238e+00 3.778679966926574707e-01 -6.570204514916683225e-02 2.073546281786191603e-01 -9.760570164883419775e-01
-6.499390125274658203e+00 1.931699961423873901e-01 -8.366749882698059082e-01 4.448276796798231736e-01 5.437988260903402205e-02 -8.939637373842925783e-01
-5.001520156860351562e+00 -2.532639980316162109e+00 8.945380337536334991e-03 -3.343635493256634228e-01 -2.437839493888076248e-01 9.103682787217158845e-01
-6.979479789733886719e-01 -3.904560089111328125e+00 5.850930213928222656e-01 -1.568054257341181673e-02 -2.456725782980712647e-01 9.692260339347997800e-01
3.640460014343261719e+00 -7.529610157012939453e+00 -1.954069972038269043e+00 -6.526025435663165841e-02 1.117794831535134925e-01 -9.915878409637953750e-01
1.600950002670288086e+00 2.241660118103027344e+00 3.660520017147064209e-01 7.328599674760410618e-03 2.045643857252403552e-02 -9.997638849987209309e-01
-3.130959987640380859e+00 -3.231130123138427734e+00 -2.450679987668991089e-01 1.623649534720558452e-01 1.256033791036295089e-01 -9.787039455533868004e-01
-2.367710113525390625e+00 -4.778379917144775391e+00 -6.011379957199096680e-01 1.374470794312326605e-01 2.951804456267976828e-01 -9.455034663476329371e-01
-4.393340110778808594e+00 -2.696419954299926758e+00 -4.728960096836090088e-01 3.202001592490950621e-01 2.439954836883603817e-01 -9.153895684114700115e-01
2.315929889678955078e+00 -8.638159751892089844e+00 -2.447079896926879883e+00 3.715301217036279247e-02 1.735684305966005980e-01 -9.841207515274240647e-01
6.031309962272644043e-01 -1.992409944534301758e+00 9.531009793281555176e-01 2.143677848485936455e-02 -1.344025703465416832e-01 9.906949144981184174e-01
1.159049987792968750e+00 -7.284759998321533203e+00 -1.112460017204284668e+00 3.226208488656540779e-02 -5.245611680132822308e-01 8.507612702111639891e-01
1.006669998168945312e+00 5.413350105285644531e+00 5.585560202598571777e-01 -5.724563947421103943e-02 3.208758047569625904e-01 9.453896840365670906e-01
-3.663059949874877930e+00 -3.871299982070922852e+00 -5.789530277252197266e-01 1.391183473368563794e-01 1.691934366529314615e-01 -9.757149514216907349e-01
4.602079868316650391e+00 -6.796470165252685547e+00 -1.404639959335327148e+00 1.635428824612631393e-01 -3.857906108220781616e-01 9.079754017581034287e-01
1.051360011100769043e+00 -3.603460073471069336e+00 6.532089710235595703e-01 3.228388197946177596e-02 -1.662970175260137240e-01 9.855470830590941089e-01
-4.986820220947265625e+00 7.483119964599609375e+00 -1.622269988059997559e+00 5.621489001174102551e-01 5.969313905514400664e-01 -5.724172683201566025e-01
-2.565819978713989258e+00 -5.779170036315917969e+00 -5.256100296974182129e-01 -2.381747752615181457e-01 -4.818245849435902617e-01 8.432780358654330399e-01
-1.173069953918457031e+00 3.260659933090209961e+00 9.254940152168273926e-01 -6.293600349532221805e-02 1.298442758996217195e-01 9.895350036659338322e-01
-3.321140050888061523e+00 2.657289981842041016e+00 2.661589980125427246e-01 1.629841884468365143e-01 -3.089072571950016513e-02 -9.861449778713314851e-01
7.083539962768554688e-01 -1.427499949932098389e-01 2.159509897232055664e+00 4.031945941027859082e-01 4.341557346968625414e-02 9.140838075726906986e-01
4.404369890689849854e-01 1.446229934692382812e+00 5.325340032577514648e-01 -1.649854737158261767e-02 -1.984659302709732009e-01 -9.799689140254933539e-01
4.715139865875244141e+00 -3.461509943008422852e+00 -5.556960105895996094e-01 -1.706064515407096915e-01 2.411878016208042486e-01 -9.553647905601351242e-01
-5.443369865417480469e+00 5.917930126190185547e+00 -9.509980082511901855e-01 -4.083434588518118913e-01 3.298161416922169575e-01 8.511621069409740503e-01
-5.103960037231445312e+00 -1.503239989280700684e+00 -4.676370024681091309e-01 3.469941056014539948e-01 1.462630874738797826e-01 -9.263920336015715185e-01
2.545370101928710938e+00 -7.213329792022705078e+00 -1.694769978523254395e+00 -1.186452617324755404e-01 4.176412154030911261e-01 -9.008324578216868606e-01
1.378370046615600586e+00 -4.145970046520233154e-01 5.747429728507995605e-01 -1.256039008695745973e-01 9.086327229672407080e-02 -9.879106871746440310e-01
-5.072929859161376953e+00 -1.341930031776428223e+00 2.639389932155609131e-01 -3.237788932743086989e-01 -1.237844035226760980e-01 9.380003463296797683e-01
-2.180540084838867188e+00 -1.526380062103271484e+00 8.398299813270568848e-01 6.582235962405207086e-02 -4.721495973323477230e-02 9.967136823335530638e-01
-1.507619976997375488e+00 4.269479751586914062e+00 3.094109892845153809e-01 1.353373535957998475e-01 -2.135879011033403607e-01 -9.675040099265507232e-01
-1.399739980697631836e+00 1.452749967575073242e-01 1.083080053329467773e+00 -1.555738085476075505e-01 -1.706228596431299538e-01 9.729771990448662367e-01
-7.333479881286621094e+00 3.489700078964233398e+00 -1.128159999847412109e+00 -4.346575672880132468e-01 1.719959324264667688e-01 8.840193427906520851e-01
3.600559949874877930e+00 8.131020069122314453e-01 8.762590289115905762e-01 1.271050212501393661e-01 -4.956962268377889530e-02 9.906498705799084981e-01
-3.478460073471069336e+00 -5.596789836883544922e+00 -1.216069936752319336e+00 2.368825271866855375e-01 4.018132981622012379e-01 -8.845522832109263822e-01
8.642010092735290527e-01 -1.416029930114746094e+00 4.543659985065460205e-01 -3.670590110513689830e-02 1.874806013442966990e-01 -9.815822435963481585e-01
4.871210098266601562e+00 -4.648180007934570312e+00 -1.029129981994628906e+00 -2.462625106520189844e-01 3.499695088106339336e-01 -9.038119930329581164e-01
4.553840160369873047e+00 -2.159770011901855469e+00 -1.340630054473876953e-01 -1.575920138278903149e-01 2.364837244447248465e-01 -9.587701524611733639e-01
-2.984630107879638672e+00 -7.972929954528808594e+00 -2.085609912872314453e+00 4.985153490754783145e-03 1.574804379014716205e-01 -9.875095239657359913e-01
1.784569978713989258e+00 3.373950004577636719e+00 9.716070294380187988e-01 7.935517231299835106e-02 2.030890877699134400e-01 9.759393316471873803e-01
-9.777640104293823242e-01 -2.295530080795288086e+00 8.728569746017456055e-01 -1.160252694114272676e-01 -1.145007726408376059e-01 9.866244016456602317e-01
-2.188469886779785156e+00 1.519490003585815430e+00 3.416759967803955078e-01 4.772038493359369998e-02 3.923685393262106580e-03 -9.988530270038351588e-01
2.124429941177368164e+00 -1.305439949035644531e+00 9.527429938316345215e-01 6.044197270542130129e-02 -5.035765316347687315e-02 9.969006343178562490e-01
2.600160121917724609e+00 1.417430043220520020e+00 3.644320070743560791e-01 2.279061208571149522e-02 9.577854293670114497e-03 -9.996943796520454395e-01
-4.109210073947906494e-01 5.351819992065429688e-01 2.156790018081665039e+00 -1.277333886876221292e-01 2.266517776642540394e-01 9.655636452849757356e-01
-6.217869758605957031e+00 2.562570095062255859e+00 -2.616890072822570801e-01 -4.781156466436517483e-01 1.797108077135930182e-01 8.597147515457964628e-01
-5.229340076446533203e+00 -2.157999992370605469e+00 -6.036909818649291992e-01 2.855092556277190052e-01 1.832043946412801882e-01 -9.407021923728189350e-01
-4.316949844360351562e+00 3.583039999008178711e+00 4.292260110378265381e-01 -3.348660871947142237e-01 2.683376994738791987e-01 9.032494576184191271e-01
9.432669878005981445e-01 2.524440050125122070e+00 3.792639970779418945e-01 -2.001667103372933854e-02 -6.607556953875315386e-02 -9.976138290896217065e-01
-6.767140030860900879e-01 -1.749340057373046875e+00 3.237609863281250000e-01 1.389779152663281059e-01 2.133634592477520742e-01 -9.670373174423302354e-01
3.471590042114257812e+00 -2.090950012207031250e+00 1.597580015659332275e-01 -1.413542279408149527e-01 1.547087975238694846e-01 -9.777955666763756826e-01
1.004690051078796387e+00 -5.157889842987060547e+00 -4.906800091266632080e-01 -2.628328664178688698e-02 3.591922021651232089e-01 -9.328934294693446150e-01
-2.475019931793212891e+00 -7.354690074920654297e+00 -1.388119935989379883e+00 -3.773919370541142099e-02 -3.653688061213185567e-01 9.300975157325965803e-01
-5.019480228424072266e+00 8.060449957847595215e-01 -1.678649932146072388e-01 4.248877467246978124e-01 1.654328981141886881e-02 -9.050948691962762416e-01
-6.183879852294921875e+00 5.471970081329345703e+00 -1.102689981460571289e+00 -3.327497370726228976e-01 2.657067283693279602e-01 9.048080166407503899e-01
-6.913670063018798828e+00 1.416720032691955566e+00 -5.450159907341003418e-01 -5.235652524318853418e-01 6.858304390356489977e-02 8.492206971894044054e-01
4.205170154571533203e+00 -4.831699848175048828e+00 -9.276040196418762207e-01 -2.288993043012435280e-01 3.925938937171795651e-01 -8.907722172959766649e-01
-1.521520018577575684e+00 -4.805749893188476562e+00 1.703799962997436523e-01 -1.041933130666373442e-01 -3.764885657142771347e-01 9.205433794225038602e-01
-3.469220101833343506e-01 4.601689815521240234e+00 7.454990148544311523e-01 -9.710006066333683183e-02 1.450566673450512933e-01 9.846472167623911975e-01
-2.276269912719726562e+00 5.725059986114501953e+00 2.407609969377517700e-01 -1.465884692640728182e-01 4.051124694327715159e-01 9.024387556997415238e-01
-7.907839775085449219e+00 5.258500099182128906e+00 -1.617609977722167969e+00 -6.682515764523421220e-01 3.681880157125254072e-01 6.464343861944786829e-01
-4.503920078277587891e+00 5.500730037689208984e+00 -8.037220239639282227e-01 3.631872006397436903e-01 -3.463369510236345983e-01 -8.649542032079612364e-01
-3.941470146179199219e+00 -1.939970016479492188e+00 -1.573179960250854492e-01 2.398997213507400306e-01 2.063047783549987746e-01 -9.486234564482011189e-01
3.478430032730102539e+00 2.490679979324340820e+00 3.955000042915344238e-01 -8.732082520114883839e-02 -4.426466491663390290e-02 -9.951963187864032445e-01
6.491010189056396484e+00 -6.232920169830322266e+00 -2.096290111541748047e+00 4.656959801757725170e-01 1.595824617374948795e-01 -8.704370694966566679e-01
-4.128119945526123047e-01 2.452369928359985352e+00 3.991709947586059570e-01 1.459758092192299690e-02 -1.202736178102375014e-01 -9.926334507208915969e-01
-5.397439956665039062e+00 4.689859867095947266e+00 -4.171960055828094482e-01 -3.841833615348553277e-01 3.805116476624677557e-01 8.411979735549608428e-01
1.628870010375976562e+00 -5.796209812164306641e+00 -2.822580039501190186e-01 7.283629828988276433e-02 -4.580504637864992734e-01 8.859371570695069309e-01
-3.541490137577056885e-01 2.108599901199340820e+00 1.048879981040954590e+00 -7.342863451522513296e-02 1.147330070520426598e-01 9.906788443920792053e-01
3.109210014343261719e+00 1.513059973716735840e+00 9.549170136451721191e-01 1.653517613968418787e-01 3.664989515825332195e-02 9.855534385246955686e-01
3.853889942169189453e+00 -3.297600030899047852e+00 -2.573300004005432129e-01 -1.772874270039659639e-01 1.985324817895210980e-01 -9.639263570941543069e-01
1.526269912719726562e+00 -6.286429882049560547e+00 -1.128659963607788086e+00 -8.246655205455200033e-02 5.081114424554457054e-01 -8.573342579403204766e-01
-3.494129896163940430e+00 -4.512020111083984375e+00 -1.516309976577758789e-01 -2.514296243807747078e-01 -4.052423903476005118e-01 8.789549186671096193e-01
-2.618229866027832031e+00 3.628910064697265625e+00 7.620220184326171875e-01 -9.281377663441166270e-02 1.818358389041208611e-01 9.789388798882656673e-01
-7.808719873428344727e-01 5.164380073547363281e+00 5.924890041351318359e-01 -5.629310462256225528e-02 2.512043035912719380e-01 9.662957540159106129e-01
2.285629957914352417e-01 1.140759944915771484e+00 1.489690065383911133e+00 1.592272052901107515e-01 8.625086152697071240e-01 -4.803390320190866758e-01
-5.676899909973144531e+00 7.513899803161621094e-01 2.089100033044815063e-01 -4.042010420883452859e-01 2.484457586511959817e-02 9.143326881528288652e-01
2.540289878845214844e+00 -1.861360073089599609e+00 8.415420055389404297e-01 1.423837515778705598e-01 -1.265537092126838015e-01 9.816878454840534118e-01
-6.789879798889160156e+00 4.500579833984375000e+00 -1.091269969940185547e+00 -4.060577661315277198e-01 2.027798958133463780e-01 8.910653199503401067e-01
-4.087220191955566406e+00 -4.941939830780029297e+00 -5.338659882545471191e-01 -2.964201495136991049e-01 -4.076273202524557937e-01 8.636984790689850033e-01
-7.861760139465332031e+00 2.212759971618652344e+00 -1.611140012741088867e+00 3.815968775552290304e-01 -8.980775600839280282e-02 -9.199556456703967822e-01
5.046909809112548828e+00 -1.352769970893859863e+00 4.480319917201995850e-01 2.764785171646879092e-01 -1.757158586863594163e-01 9.448193301115990206e-01
-8.919260025024414062e+00 2.705430030822753906e+00 -2.327229976654052734e+00 3.218030920634510350e-01 -2.106401070664106479e-01 -9.230782822889146422e-01
-3.439000129699707031e+00 -1.456230044364929199e+00 6.685479879379272461e-01 -2.092702009532080298e-01 -1.962532870817426112e-01 9.579617060731681066e-01
-2.517310142517089844e+00 -1.820670008659362793e+00 6.462139636278152466e-02 7.568159744328509242e-02 1.535978112420883779e-01 -9.852309415513057500e-01
-7.780699729919433594e-01 -4.661610126495361328e+00 3.078320026397705078e-01 -5.709409869918451175e-02 -3.506919651509941005e-01 9.347488483396285686e-01
4.433889865875244141e+00 5.268089771270751953e-01 2.925769984722137451e-01 -1.266576673543251819e-01 3.806759335451566362e-02 -9.912157654297859555e-01
-1.895220041275024414e+00 3.135329961776733398e+00 8.985270261764526367e-01 -8.950632698326604908e-02 1.943497372169443738e-01 9.768402106146476527e-01
-4.549499988555908203e+00 8.836650252342224121e-01 6.068649888038635254e-01 -2.822811587295072644e-01 4.247786579456710315e-02 9.583908275562039725e-01
-3.242399930953979492e+00 -2.319270133972167969e+00 5.557100176811218262e-01 -1.810969375016182603e-01 -2.141561849176573107e-01 9.598651091111963796e-01
-9.205940246582031250e+00 1.885450005531311035e+00 -1.656049966812133789e+00 -5.976166495607158069e-01 5.587596081771847162e-02 7.998326182211633606e-01
-6.639850139617919922e+00 3.355449914932250977e+00 -1.169749975204467773e+00 4.519473977530581998e-01 -2.034028920333817436e-01 -8.685452280547603099e-01
5.681890010833740234e+00 -1.673419952392578125e+00 1.582890003919601440e-01 3.453817826230532462e-01 -2.461623528706388397e-01 9.056022969611512430e-01
-9.321429729461669922e-01 -4.260880053043365479e-01 5.212119817733764648e-01 1.802535688713605422e-01 1.366717420808760686e-01 -9.740787883049892848e-01
-8.869169950485229492e-01 -6.600900173187255859e+00 -7.260580062866210938e-01 -5.178147615247675334e-02 -5.431539063623306296e-01 8.380349114033442959e-01
-5.906000137329101562e+00 3.960269927978515625e+00 -9.277799725532531738e-01 4.515775782448453457e-01 -2.772736770085874047e-01 -8.480548324634782364e-01
-3.895060062408447266e+00 -3.105030059814453125e+00 2.192880064249038696e-01 -2.950172753267968906e-01 -2.380647911007836293e-01 9.253593693786718033e-01
1.432660073041915894e-01 -3.330049991607666016e+00 1.142619997262954712e-01 5.110597317860667010e-02 1.385007800399151445e-01 -9.890428268956823477e-01
-1.306129932403564453e+00 -1.557869911193847656e+00 2.633920013904571533e-01 1.736487799237238505e-01 1.769190520957061030e-01 -9.687857091413761834e-01
-2.777470111846923828e+00 -3.452179908752441406e+00 3.938559889793395996e-01 -1.794281360298734807e-01 -2.893248262839017149e-01 9.402641591045758362e-01
-3.434520065784454346e-01 -5.407589912414550781e+00 -7.245039887493476272e-05 -5.358050882175141583e-02 -4.435090071050304950e-01 8.946669155004627338e-01
-2.244930028915405273e+00 -8.769559860229492188e+00 -1.865800023078918457e+00 -1.025298735650423398e-01 -5.836444892226603232e-01 8.055102328504316622e-01
-2.352100014686584473e-01 -8.442159652709960938e+00 -2.053719997406005859e+00 -6.535526264377107541e-02 1.745390576742028299e-01 -9.824789091837875521e-01
-7.275720119476318359e+00 6.099370002746582031e+00 -2.058520078659057617e+00 -8.174896743005941602e-01 5.734086053652667214e-01 -5.397410216917384457e-02
-3.570090055465698242e+00 5.293439865112304688e+00 8.905710279941558838e-02 -2.966023019390548465e-01 4.230320036613651191e-01 8.561956542535733572e-01
-9.286970138549804688e+00 7.838010191917419434e-01 -1.658290028572082520e+00 -4.898109999960520433e-01 -2.249263889879594969e-01 8.423142547883804010e-01
6.034039974212646484e+00 -5.293620109558105469e+00 -1.143010020256042480e+00 2.340904057954894257e-01 -2.362848612708305929e-01 9.430647624891554948e-01
-8.544530272483825684e-01 -5.390369892120361328e+00 -6.328049898147583008e-01 1.059700840399535327e-01 4.738693744092211668e-01 -8.741957202397976356e-01
-1.608550071716308594e+00 -3.004379987716674805e+00 6.960830092430114746e-01 -3.796333812379908135e-02 -1.833106305899009081e-01 9.823217383684589299e-01
1.801050007343292236e-01 3.731490135192871094e+00 9.266819953918457031e-01 4.243741965651793430e-02 1.597431715577371236e-01 9.862460061027228386e-01
9.121689796447753906e-01 -1.126430034637451172e+00 1.533659934997558594e+00 6.065813345412438551e-01 -6.483808651452348526e-01 -4.600666672338697971e-01
-2.651920080184936523e+00 5.107409954071044922e+00 4.226070046424865723e-01 -2.250633533726676405e-01 4.054967842823002377e-01 8.859564576802649860e-01
-2.654120028018951416e-01 -8.054860234260559082e-01 5.512530207633972168e-01 6.176685182439405064e-02 1.623349846754122416e-01 -9.848005934026122787e-01
2.813730001449584961e+00 -4.189420223236083984e+00 2.936710119247436523e-01 1.838839160394809269e-01 -3.746307237460480000e-01 9.087565825057321023e-01
-2.748239994049072266e+00 2.012799978256225586e+00 9.595450162887573242e-01 -1.880148512833721419e-01 1.457470021868071952e-01 9.712920400427721423e-01
9.368479847908020020e-01 -4.009520053863525391e+00 -3.343600034713745117e-02 -1.241844713867853653e-02 2.380908186356008038e-01 -9.711635002676394235e-01
4.864099979400634766e+00 -7.265340089797973633e-01 4.714319854974746704e-02 -3.708986264695685042e-01 9.873434366531330664e-02 -9.234098430620973907e-01
-1.168939948081970215e+00 -8.481019973754882812e+00 -2.100699901580810547e+00 -3.196030395986418360e-02 2.149623689390823544e-01 -9.760992362003418910e-01
-2.254759967327117920e-01 -2.745850086212158203e+00 8.356930017471313477e-01 -1.672030897623332651e-02 -1.924729525940366281e-01 9.811598207160099339e-01
-2.999860048294067383e+00 5.868149757385253906e+00 -5.068550109863281250e-01 1.974265039531633570e-01 -3.474689613553002543e-01 -9.166722950059635888e-01
-1.954900026321411133e+00 -7.717959880828857422e+00 -1.964299917221069336e+00 7.415113486123743602e-02 5.081671159869916021e-01 -8.580604823835287220e-01
1.034669995307922363e+00 3.603080034255981445e+00 4.101699888706207275e-01 -2.150011197389693849e-03 3.978999810797516357e-02 -9.992057513357388565e-01
-1.269749999046325684e+00 -1.095100045204162598e+00 9.716259837150573730e-01 -1.231308990213090121e-01 -9.863122753114375585e-02 9.874769175337233529e-01
-1.929159998893737793e+00 -3.820739984512329102e+00 -1.695670038461685181e-01 1.553039522499747305e-01 1.583964270734136703e-01 -9.750852548910348139e-01
-1.446339935064315796e-01 -4.237339973449707031e+00 5.189459919929504395e-01 -1.267581426041945736e-02 -3.338333007683235709e-01 9.425468959319538431e-01
5.578320026397705078e-01 -5.074870109558105469e+00 1.829040050506591797e-01 4.823131301565419804e-02 -5.172448793431602132e-01 8.544773111312352620e-01
5.880640029907226562e+00 -5.815040111541748047e+00 -1.773119926452636719e+00 -8.418977082923509436e-02 2.279158538304760784e-01 -9.700342499419523090e-01
-7.080709934234619141e+00 5.196770191192626953e+00 -1.710600018501281738e+00 2.199990329987617232e-01 -8.419801776323820874e-02 -9.718596191242596660e-01
-5.841219902038574219e+00 -1.228579998016357422e+00 -6.850370168685913086e-01 4.164675300961205306e-01 1.630897689153711361e-01 -8.944028866516295917e-01
4.470390081405639648e-01 -6.520070075988769531e+00 -1.186460018157958984e+00 1.077324899979766569e-02 4.589666854629541048e-01 -8.883881576997398888e-01
3.539030075073242188e+00 -6.291610002517700195e-02 8.514829874038696289e-01 1.474868806693392098e-01 -6.975601651003845993e-02 9.866010937512076362e-01
3.982429981231689453e+00 -3.130939960479736328e+00 3.731960058212280273e-01 3.030559188245651181e-01 -2.551121439307495464e-01 9.181911043374658687e-01
-2.622230052947998047e+00 -2.825419902801513672e+00 5.714460015296936035e-01 -1.437046662859688961e-01 -1.887326255978692968e-01 9.714571348868528133e-01
8.872150182723999023e-01 -8.367890357971191406e+00 -2.011600017547607422e+00 -1.682943582312245237e-02 1.437708890185813992e-01 -9.894678880896954354e-01
1.940079927444458008e-01 -9.136520385742187500e+00 -1.907199978828430176e+00 2.863410622581804080e-02 -8.975162072120567158e-01 4.400508445081467990e-01
-6.824719905853271484e+00 2.281130075454711914e+00 -1.083480000495910645e+00 5.262976459822226172e-01 -9.792852122972847684e-02 -8.446424051415661882e-01
-1.123849987983703613e+00 -4.548110008239746094e+00 -3.038299977779388428e-01 1.247859012713022631e-01 4.946352976345309571e-01 -8.600955767691795817e-01
2.210340023040771484e+00 -6.392650127410888672e+00 -1.250689983367919922e+00 -1.534943445221718106e-01 4.038661971414165830e-01 -9.018489790459593980e-01
3.083450078964233398e+00 -6.670969963073730469e+00 -1.019209980964660645e+00 1.922271926200285752e-01 -4.956263237055867354e-01 8.469966078252658681e-01
4.063149929046630859e+00 -5.336780071258544922e+00 -5.492560267448425293e-01 1.798295231924582904e-01 -4.421191880369504945e-01 8.787445397599468189e-01
3.427289962768554688e+00 -4.506130218505859375e+00 -6.088240146636962891e-01 -3.181823694553341242e-01 4.332695732832781976e-01 -8.432303698484272525e-01
3.003659963607788086e+00 3.722680091857910156e+00 3.362950086593627930e-01 -2.026988378791549916e-01 -1.632916040743449260e-01 -9.655304413436520683e-01
-3.557879924774169922e+00 -7.369060039520263672e+00 -2.008709907531738281e+00 1.081575705417657796e-01 1.995569785007358654e-01 -9.738988408793592955e-01
-7.256750106811523438e+00 -5.712820291519165039e-01 -8.091859817504882812e-01 -5.540727068869344407e-01 -1.130899046846104150e-01 8.247509375207832116e-01
-8.222370147705078125e-01 -1.651090025901794434e+00 9.490569829940795898e-01 -1.077386963330704550e-01 -1.232934225595277711e-01 9.865044882138186422e-01
3.871779918670654297e+00 2.996099948883056641e+00 5.553950071334838867e-01 6.769472274676632262e-01 2.841521055736913604e-01 -6.789698315255850991e-01
2.906599998474121094e+00 1.813450008630752563e-01 9.758110046386718750e-01 1.475128557609367008e-01 -3.137079050351585657e-02 9.885625073248721639e-01
-2.516910076141357422e+00 4.573579788208007812e+00 9.159920364618301392e-02 1.759774111900766214e-01 -2.763487646267204778e-01 -9.448086107990995020e-01
-4.658020138740539551e-01 -8.815760165452957153e-02 2.273999929428100586e+00 -5.135345621116084169e-01 2.217789524496580414e-02 8.577822535348594846e-01
3.212559938430786133e+00 -3.021770000457763672e+00 1.635739952325820923e-02 -1.780950839704719679e-01 2.431404265220334648e-01 -9.535013760117152515e-01
1.565389990806579590e+00 2.783550024032592773e+00 1.046409964561462402e+00 -1.120220710980079394e-02 5.988467722152782113e-02 9.981424427354758100e-01
-5.470089912414550781e+00 -1.204790025949478149e-01 -4.274309873580932617e-01 3.517438011619513083e-01 6.368209043282339887e-02 -9.339276683460274731e-01
9.795719981193542480e-01 -6.156899929046630859e+00 -4.020099937915802002e-01 4.225693361384856572e-02 -4.901985346797831378e-01 8.705858648975115521e-01
2.625370025634765625e+00 -5.398960113525390625e+00 -8.165929913520812988e-01 -1.833267096385930717e-01 4.389490899405478763e-01 -8.796107172911501459e-01
-3.830090045928955078e+00 -7.987939834594726562e+00 -2.297980070114135742e+00 -8.976578186940354920e-01 3.866102329492300260e-01 -2.115253372917966224e-01
-2.655799865722656250e+00 -6.606929779052734375e+00 -1.043910026550292969e+00 -2.232420782089120925e-01 -4.659461031054170643e-01 8.561875983205093910e-01
5.314960002899169922e+00 -5.254449844360351562e+00 -8.949270248413085938e-01 3.099766107622020650e-01 -3.841574166189548056e-01 8.696767100693389985e-01
2.929379940032958984e+00 4.738359928131103516e+00 5.348600149154663086e-01 3.905370175823710821e-01 6.047668684240257164e-01 6.940733914756160861e-01
-3.121490001678466797e+00 4.184279918670654297e+00 6.432689726352691650e-02 2.340960949467530416e-01 -3.403603542294471596e-01 -9.106886666690686694e-01
5.028059959411621094e+00 -4.407420158386230469e+00 -4.115749895572662354e-01 1.418066782832183015e-01 -2.248216154910773756e-01 9.640259888624694851e-01
2.390919923782348633e+00 -7.323240041732788086e-01 9.721609950065612793e-01 1.171513739857438924e-01 -4.417614761034419774e-02 9.921310516033462479e-01
-4.341579914093017578e+00 -3.908739984035491943e-01 6.080510020256042480e-01 -3.282356318705011988e-01 -1.127137822073700085e-01 9.378469881974790257e-01
-1.263520002365112305e+00 -3.566319942474365234e+00 6.079499721527099609e-01 -5.021957351369057271e-02 8.095717674051305934e-02 9.954516211098901612e-01
1.234910011291503906e+00 -1.996819972991943359e+00 9.461219906806945801e-01 6.443735861006479049e-02 -1.183693042278790991e-01 9.908766495543053221e-01
-9.569550156593322754e-01 -2.936310052871704102e+00 1.224310025572776794e-01 4.541107161663705122e-02 1.335329598006712026e-01 -9.900034258635174167e-01
1.409029960632324219e+00 -2.986999988555908203e+00 1.748149991035461426e-01 -2.628352369454050805e-02 1.539010758674648760e-01 -9.877366223994304972e-01
-1.481560021638870239e-01 -6.008719921112060547e+00 -9.053390026092529297e-01 -4.359464248899583630e-03 4.713988418172809780e-01 -8.819093643934101667e-01
1.229820027947425842e-01 -4.800720214843750000e+00 -3.427880108356475830e-01 2.367429029859882336e-02 4.826508455058078351e-01 -8.754928265333682402e-01
-4.762269973754882812e+00 -1.919579982757568359e+00 2.482389956712722778e-01 -2.863150375098330591e-01 -2.061428335197035833e-01 9.356969763145601693e-01
3.580510139465332031e+00 -8.190050125122070312e+00 -2.435450077056884766e+00 -9.020810056634520624e-02 4.008607184593066530e-01 -9.116869983653932419e-01
-4.311880111694335938e+00 3.851550102233886719e+00 -2.585830092430114746e-01 2.309649039978283747e-01 -1.240701340854448026e-01 -9.650190749147364855e-01
-6.516300201416015625e+00 -6.505290269851684570e-01 -3.423640131950378418e-01 -4.924634790407688145e-01 -1.076668103560704803e-01 8.636478331813334242e-01
2.762949943542480469e+00 3.140000104904174805e+00 8.775349855422973633e-01 1.716871130613416840e-01 1.513253227659972222e-01 9.734599025632379998e-01
-1.784219980239868164e+00 -8.701560020446777344e+00 -2.543679952621459961e+00 1.734608020196242717e-01 5.973202487979824005e-01 -7.830197127394846746e-01
6.948719978332519531e+00 -5.440010070800781250e+00 -1.548210024833679199e+00 9.894720007081712065e-01 -7.078728455042675172e-02 1.262312170603843153e-01
-2.793220043182373047e+00 5.078839778900146484e+00 -1.965399980545043945e-01 1.366179327905971963e-01 -2.880783357976065551e-01 -9.478113804360576156e-01
2.068840026855468750e+00 -3.474250078201293945e+00 4.053679853677749634e-02 -5.291311261117187525e-02 2.289146796248138771e-01 -9.720073415186052390e-01
-1.045179963111877441e+00 4.171820163726806641e+00 7.910659909248352051e-01 -6.391749370100409389e-02 1.878046097406643744e-01 9.801244729926595900e-01
5.306419730186462402e-01 5.175489902496337891e+00 2.315479964017868042e-01 2.636864379801351355e-01 5.045559877326938336e-01 -8.221269474165373570e-01
-5.370800018310546875e+00 3.790240049362182617e+00 -1.163880005478858948e-01 -3.848213586178682588e-01 1.660008110446313800e-01 9.079406658389206353e-01
1.044420003890991211e+00 -4.694250106811523438e+00 3.225220143795013428e-01 4.870045767893760313e-02 -3.445304507781809522e-01 9.375110846856401503e-01
3.734879970550537109e+00 -7.022270202636718750e+00 -1.318889975547790527e+00 1.887696298183649812e-01 -4.420340976442933001e-01 8.769104192436264489e-01
-5.925119876861572266e+00 6.628590106964111328e+00 -1.671489953994750977e+00 1.566738912743544099e-01 -9.237149717886401767e-02 -9.833213097975079808e-01
9.898319840431213379e-01 1.879029989242553711e+00 1.120519995689392090e+00 -5.129885173061222298e-02 9.735279187888717933e-02 9.939269901378605665e-01
-3.422749996185302734e+00 1.103340029716491699e+00 2.389110028743743896e-01 8.941415689485542051e-02 7.434240239529321670e-02 -9.932161475494035718e-01
2.913300037384033203e+00 -3.236540079116821289e+00 5.902630090713500977e-01 1.497003473378023253e-01 -2.184290309644124073e-01 9.643021126384039299e-01
1.654049992561340332e+00 -5.171800136566162109e+00 -5.557209849357604980e-01 -1.413040648791486498e-01 5.131089826058227166e-01 -8.466122685254725555e-01
-4.332769870758056641e+00 2.931710004806518555e+00 5.504829883575439453e-01 -1.784286953192292802e-01 1.505756127532787425e-01 9.723631963061190042e-01
1.416960000991821289e+00 1.379379987716674805e+00 1.145429968833923340e+00 4.601708723159831857e-03 -7.802092734998295788e-03 9.999589749713643227e-01
6.110219955444335938e+00 -4.438529968261718750e+00 -8.348770141601562500e-01 3.690176830622676762e-01 -2.971599135337117392e-01 8.806372325628714082e-01
-1.334270000457763672e+00 -7.153460025787353516e+00 -1.608279943466186523e+00 1.042683816413798176e-01 4.656231063649617363e-01 -8.788192233951934718e-01
-5.184619903564453125e+00 6.471059799194335938e+00 -1.052340030670166016e+00 -3.293017973868209713e-01 2.612288254252018715e-01 9.073697300465662918e-01
-8.209250450134277344e+00 5.778710246086120605e-01 -1.302160024642944336e+00 -3.770307041219015387e-01 -2.071169741041534174e-02 9.259691537733438782e-01
4.864170074462890625e+00 -5.339859962463378906e+00 -1.302549958229064941e+00 -2.884726222324791589e-01 4.100039414800705218e-01 -8.652631473679694984e-01
-2.382270097732543945e+00 -4.200839996337890625e+00 -3.946740031242370605e-01 2.272702483018396724e-01 4.811470420322138120e-01 -8.466674424946735167e-01
-5.719190120697021484e+00 7.257239818572998047e+00 -1.385309934616088867e+00 -1.779114032240894094e-01 1.046184898926999091e-01 9.784694702316504289e-01
-7.327589988708496094e+00 5.733330175280570984e-02 -1.311550021171569824e+00 3.730855298769975015e-01 6.526784240238078794e-02 -9.254984041825994323e-01
-5.570889949798583984e+00 2.854799985885620117e+00 -5.228819847106933594e-01 4.461038335068154281e-01 -1.467100248747727764e-01 -8.828745881107730176e-01
3.827670097351074219e+00 -2.563449859619140625e+00 5.698680281639099121e-01 2.651710872040846101e-01 -2.279056180447691093e-01 9.368795673802666757e-01
-1.515300035476684570e+00 -5.840370178222656250e+00 -9.399790167808532715e-01 1.907389068910858854e-01 4.338025971675079084e-01 -8.805872904424174585e-01
-1.659039974212646484e+00 4.837399959564208984e+00 1.425089985132217407e-01 7.461804722882903196e-02 -1.315598460276492243e-01 -9.884959048680663773e-01
1.069079995155334473e+00 8.648520112037658691e-01 1.741310000419616699e+00 7.346591682955588842e-01 6.594813499372902399e-01 -1.592490361797110621e-01
-9.413009643554687500e+00 1.346519947052001953e+00 -1.859509944915771484e+00 -9.999649749720113112e-01 8.327735680728932596e-03 -8.352530495779796277e-04
4.396289825439453125e+00 -4.182139873504638672e+00 -1.350969970226287842e-01 3.134978435621259552e-01 -3.705443522051531935e-01 8.743088614046868878e-01
5.418379902839660645e-01 -3.278219938278198242e+00 7.298650145530700684e-01 4.875584969383426476e-02 -2.528311393829396070e-01 9.662811609872959950e-01
1.212209939956665039e+00 -7.481969833374023438e+00 -1.687900066375732422e+00 -6.469070845147571747e-02 3.490289910642914717e-01 -9.348763959137533774e-01
4.874390125274658203e+00 -3.240849971771240234e+00 4.831809923052787781e-02 2.507137069510516625e-01 -2.881100090253688184e-01 9.241943842321614921e-01
-1.037479996681213379e+00 -9.048950195312500000e+00 -1.909250020980834961e+00 -1.401947949371749602e-01 -7.629063671072541242e-01 6.311254189935111558e-01
-7.629889965057373047e+00 1.209409952163696289e+00 -1.458430051803588867e+00 4.757933792549137175e-01 -6.059928033323107310e-02 -8.774670292838838703e-01
-4.053399860858917236e-01 6.825699806213378906e-01 6.311159729957580566e-01 7.213945405819166545e-02 -5.647322440861588660e-02 -9.957944939057858935e-01
-2.824440002441406250e+00 -4.135799884796142578e+00 1.785199940204620361e-01 -2.360822586846941795e-01 -2.773410767000226151e-01 9.313147128168894895e-01
3.192840099334716797e+00 -5.525760173797607422e+00 -9.966409802436828613e-01 -1.803366658142555312e-01 4.223525151367226727e-01 -8.883113417719499250e-01
1.736699938774108887e-01 -5.978739738464355469e+00 -3.030509948730468750e-01 -2.804921129437948704e-02 -4.772537941591828425e-01 8.783177430215259873e-01
3.745019912719726562e+00 -5.971739768981933594e+00 -1.305590033531188965e+00 -1.967273091872888680e-01 4.065623830715220932e-01 -8.921913441023365809e-01
4.370309829711914062e+00 -1.399680018424987793e+00 6.221089959144592285e-01 2.222508275349816265e-01 -1.665093722851162805e-01 9.606660182400709180e-01
4.639150142669677734e+00 -6.017610073089599609e+00 -1.535470008850097656e+00 -2.027357987663473138e-01 4.042550330068271358e-01 -8.918946485920971057e-01
-1.876160025596618652e+00 5.637239933013916016e+00 -2.070800065994262695e-01 1.177598585645751317e-01 -1.099228627180265511e-01 -9.869395016730888592e-01
-4.001389980316162109e+00 7.038410186767578125e+00 -9.183250069618225098e-01 3.354528687179388347e-01 9.057648306564756169e-01 2.589622451531327085e-01
3.599139928817749023e+00 -4.051420211791992188e+00 1.473460048437118530e-01 2.952392740230655455e-01 -3.514553538392622412e-01 8.884328367029509232e-01
-8.611260414123535156e+00 2.912379980087280273e+00 -1.849339962005615234e+00 4.075532372696941685e-01 -1.083101510367591308e-01 -9.067355016615301633e-01
3.522599935531616211e+00 -5.035890102386474609e+00 -2.647480070590972900e-01 2.154172485623976063e-01 -4.151987998323150020e-01 8.838582271154189485e-01
1.584429979324340820e+00 -7.699440121650695801e-01 1.026020050048828125e+00 3.746927337422094328e-02 -3.552514708837567481e-02 9.986661191194768916e-01
4.102419853210449219e+00 -4.271700084209442139e-01 7.551109790802001953e-01 2.274867213558431633e-01 2.646639808844055558e-02 9.734214510575535106e-01
-6.264220237731933594e+00 1.798910021781921387e+00 -1.805620044469833374e-01 -4.663007324308278134e-01 1.012029157426102277e-01 8.788182956559721370e-01
5.829749703407287598e-01 2.975640058517456055e+00 1.022799968719482422e+00 -6.563465784843247608e-02 7.296091510175362060e-02 9.951727470930029629e-01
4.030640125274658203e-01 -2.750890016555786133e+00 2.071850001811981201e-01 2.191681933950765868e-02 1.624572036377781026e-01 -9.864721536952945069e-01
-5.875589847564697266e+00 1.743829995393753052e-01 9.735129773616790771e-02 -4.780692347584787338e-01 -3.344560438622860843e-02 8.776851362104080012e-01
2.094559907913208008e+00 -4.224259853363037109e+00 3.924539983272552490e-01 1.317199015587290634e-01 -3.267494827466309038e-01 9.358870888404049460e-01
-9.293519854545593262e-01 -1.059219956398010254e+00 1.461109995841979980e+00 -7.081998942985900936e-01 -5.997371148144641229e-01 -3.725161779433049380e-01
-3.502530097961425781e+00 6.737579822540283203e+00 -5.999979972839355469e-01 5.031687278790215601e-01 7.767371883053700854e-01 3.788146929411204678e-01
5.582660198211669922e+00 -5.937759876251220703e+00 -1.271139979362487793e+00 3.581021929278371263e-01 -3.322232187581515284e-01 8.725769606964463021e-01
5.679279804229736328e+00 -3.991509914398193359e+00 -4.843910038471221924e-01 3.866412683019463392e-01 -4.727179470130574712e-01 7.918625336620128685e-01
2.262409925460815430e+00 5.030260086059570312e+00 5.685529708862304688e-01 -1.341864806228319253e-02 9.261737890421612995e-01 3.768581329565099391e-01
-2.338069915771484375e+00 2.587840080261230469e+00 3.542830049991607666e-01 2.947279982504483545e-02 2.214958961659514725e-02 -9.993201437728997938e-01
-4.144380092620849609e+00 1.168660044670104980e+00 1.037800014019012451e-01 2.601383048981492641e-01 1.086914017089613826e-01 -9.594343341361402100e-01
2.695650100708007812e+00 2.751169919967651367e+00 4.101450145244598389e-01 3.118989166826707446e-02 6.754056086486764920e-02 -9.972288921284725438e-01
2.631259918212890625e+00 -7.758359909057617188e+00 -1.474910020828247070e+00 1.790952429562535364e-01 -3.168829717538706459e-01 9.314022096617959878e-01
-1.366359949111938477e+00 -4.003449916839599609e+00 -1.375299990177154541e-01 1.167205396137927231e-01 2.266959526785388979e-01 -9.669463587352892242e-01
2.983129978179931641e+00 -1.684849977493286133e+00 2.776330113410949707e-01 -6.006895885670149315e-02 1.336843197747951684e-01 -9.892018109709576068e-01
3.158260107040405273e+00 -8.940870165824890137e-01 3.452090024948120117e-01 -2.504128940316652577e-02 5.576888585432954182e-02 -9.981296334623042110e-01
-3.920559883117675781e+00 4.608850002288818359e+00 -3.041850030422210693e-01 3.171924819295895981e-01 -2.720900256145120100e-01 -9.084910276763558112e-01
1.324849963188171387e+00 4.737370088696479797e-02 1.474259972572326660e+00 7.733565109313713659e-01 2.203512914572146320e-01 -5.944451323319868141e-01
-5.507269859313964844e+00 6.202559947967529297e+00 -1.467450022697448730e+00 2.651254965970784028e-01 -2.935025822718533850e-01 -9.184577863211278448e-01
-1.188300013542175293e+00 -7.689260005950927734e+00 -1.394590020179748535e+00 -5.705929133953232396e-02 -4.099917181323129434e-01 9.103027124724742958e-01
-1.313390016555786133e+00 4.713960170745849609e+00 6.781290173530578613e-01 -3.836549670120290717e-02 2.245487560416318806e-01 9.737073198980409350e-01
3.003629922866821289e+00 -6.837649822235107422e+00 -1.578690052032470703e+00 -1.104269161284718165e-01 4.262668455475283613e-01 -8.978320959852765792e-01
-2.171940088272094727e+00 -8.240200042724609375e+00 -2.129379987716674805e+00 9.222230811006114359e-02 1.632720076153314770e-01 -9.822613182937176557e-01
-1.194010019302368164e+00 6.361389756202697754e-01 5.011960268020629883e-01 2.247273876064491693e-01 -8.800703657677005909e-02 -9.704392627942028948e-01
-3.148560047149658203e+00 1.679029941558837891e+00 2.905009984970092773e-01 6.949797633843102229e-02 4.806974347213180399e-02 -9.964232690214467336e-01
-6.561980247497558594e+00 -1.151209950447082520e+00 -1.001350045204162598e+00 2.271256187048290021e-01 -1.322732267750053314e-01 -9.648407883202683166e-01
-2.890259981155395508e+00 -4.700410068035125732e-01 8.921859860420227051e-01 -1.001582209959215319e-01 -9.759671030046138118e-02 9.901733246787959297e-01
-1.818589925765991211e+00 -6.944920063018798828e+00 -1.070539951324462891e+00 -1.124029535768786836e-01 -4.715522474084888893e-01 8.746451017362398828e-01
-7.092860221862792969e+00 5.757250189781188965e-01 -1.153450012207031250e+00 5.199470311849132553e-01 7.542273995642896633e-02 -8.508622068581138675e-01
2.772179991006851196e-02 -1.631969928741455078e+00 1.011070013046264648e+00 1.601368201149030307e-02 -1.363914442883398248e-01 9.905255856934617187e-01
5.398619771003723145e-01 4.365230083465576172e+00 3.964209854602813721e-01 -8.205637465081488946e-03 -9.102170200375123144e-02 -9.958151019532350823e-01
-7.686520099639892578e+00 2.841480016708374023e+00 -1.193410038948059082e+00 -3.978507020504866154e-01 1.253760933514009301e-01 9.088430305029994161e-01
-4.326570034027099609e+00 -1.468580007553100586e+00 -1.739300042390823364e-01 2.370086908328438435e-01 1.242540162983026691e-01 -9.635288370897067134e-01
2.109899997711181641e+00 -8.354849815368652344e+00 -1.645580053329467773e+00 3.601835036553308056e-02 -2.371042786998101559e-01 9.708162748219604232e-01
7.318779826164245605e-01 4.665490090847015381e-01 2.099329948425292969e+00 1.349166985097693117e-01 9.186858164674070737e-02 9.865888952189966199e-01
-3.763880014419555664e+00 -2.559220075607299805e+00 3.859710097312927246e-01 -2.654858320193724808e-01 -2.429256299282376297e-01 9.330082589778883051e-01
-2.765470027923583984e+00 -5.270050048828125000e+00 -3.167729973793029785e-01 -2.028637065520137450e-01 -4.306398392043985779e-01 8.794291588604440379e-01
-3.595819950103759766e+00 5.352789759635925293e-01 8.283029794692993164e-01 -2.230100049043181598e-01 -2.522339280154399163e-02 9.744897732496503595e-01
-4.720489978790283203e+00 6.782299995422363281e+00 -1.416519999504089355e+00 2.661471014272183133e-01 -3.155499165569872200e-01 -9.108204930516048403e-01
-1.299279928207397461e+00 3.143100142478942871e-01 1.633909940719604492e+00 -9.110680606319243591e-01 3.484116371200684514e-01 -2.203731381445971915e-01
-6.311260223388671875e+00 2.387639999389648438e+00 -8.249009847640991211e-01 4.559733874620757188e-01 -1.196428860726331117e-01 -8.819148766964818309e-01
-5.921919822692871094e+00 -1.775560021400451660e+00 -2.132599949836730957e-01 -5.349630977327348713e-01 -2.443004955218392726e-01 8.087841194978917514e-01
5.287340164184570312e+00 -6.856760025024414062e+00 -1.934540033340454102e+00 -8.457367290388281833e-02 1.693215936026595814e-01 -9.819254003188850888e-01
-3.940890073776245117e+00 -3.686909914016723633e+00 3.362749889492988586e-02 -3.030497067661739874e-01 -3.187266420793948840e-01 8.980947627381696829e-01
2.415869951248168945e+00 1.219779968261718750e+00 1.049499988555908203e+00 1.268776175795739147e-01 -1.812300257755666139e-02 9.917528053577187030e-01
2.241189956665039062e+00 4.277709960937500000e+00 7.442950010299682617e-01 8.894752733831211289e-02 2.047029350459310115e-01 9.747743563327779803e-01
4.487160146236419678e-01 -7.994450092315673828e+00 -1.923709988594055176e+00 -1.137516480439918843e-03 3.704343153713253178e-01 -9.288579676417887399e-01
-6.457809925079345703e+00 3.356810092926025391e+00 -5.886089801788330078e-01 -4.782250250268484937e-01 2.226826233687379808e-01 8.495370943565011546e-01
5.159080028533935547e+00 -2.425719976425170898e+00 -3.959850072860717773e-01 -3.215020613907180747e-01 2.548074293388531975e-01 -9.119811393199118710e-01
2.272350072860717773e+00 -4.895120143890380859e+00 -5.064160227775573730e-01 -1.774629829602730469e-01 4.744008127602446501e-01 -8.622359065425545532e-01
-2.975290060043334961e+00 -6.249609947204589844e+00 -1.398059964179992676e+00 1.788440006356790402e-01 3.502181844335859884e-01 -9.194357219124500435e-01
1.764460086822509766e+00 -4.775370121002197266e+00 2.136179953813552856e-01 1.254661708627004546e-01 -3.710254918666568424e-01 9.201077786619115129e-01
4.139329910278320312e+00 -7.797189950942993164e-01 2.594569921493530273e-01 -1.437961022613016837e-01 7.637661692726085971e-02 -9.866556103125364574e-01
-3.272910118103027344e+00 -9.645410180091857910e-01 8.551879972219467163e-02 1.125086154570893032e-01 1.137403347754812194e-01 -9.871195204700847770e-01
-6.904439926147460938e+00 5.829380154609680176e-01 -4.973720014095306396e-01 -5.421784053478664323e-01 -3.323983504152245531e-03 8.402568225894442300e-01
1.701329946517944336e+00 2.837289869785308838e-01 1.096060037612915039e+00 7.822333069486486767e-02 -2.592061586191437075e-02 9.965988321327396982e-01
-2.089299917221069336e+00 -7.978479862213134766e-01 2.318290024995803833e-01 1.412809719135230124e-01 1.183684354995218208e-01 -9.828675396270678544e-01
-6.287400245666503906e+00 6.824170112609863281e+00 -2.079390048980712891e+00 6.025105853524129751e-01 -6.377070268191650237e-01 -4.799070144139939709e-01
-5.787479877471923828e-01 4.026110172271728516e+00 4.010860025882720947e-01 3.340393650508614171e-02 -8.627085301316091137e-02 -9.957115631277693168e-01
5.040190219879150391e+00 -1.713949918746948242e+00 -1.538220047950744629e-01 -3.134825266689535983e-01 2.174720544334972361e-01 -9.243563225367816827e-01
-2.559560060501098633e+00 -3.046570062637329102e+00 -9.402979910373687744e-02 1.558632918594957673e-01 1.774113833870444024e-01 -9.717159231459659985e-01
1.126150012016296387e+00 -6.746240139007568359e+00 -1.319720029830932617e+00 -1.684228420911624419e-02 4.199071925029851937e-01 -9.074107598804855845e-01
-6.237559795379638672e+00 4.350729942321777344e+00 -1.195160031318664551e+00 3.816750782567337463e-01 -2.280275387793299913e-01 -8.957274006057632798e-01
3.456969857215881348e-01 -7.057059764862060547e+00 -9.564399719238281250e-01 6.175272527872509472e-03 -5.286866414199110631e-01 8.487946166142553706e-01
2.897019863128662109e+00 -4.288909912109375000e+00 -3.714199960231781006e-01 -1.762152850675954008e-01 3.276090699988113975e-01 -9.282351375395461179e-01
-7.560870170593261719e+00 4.320879936218261719e+00 -1.729640007019042969e+00 2.311630826132393957e-01 -1.044621477753184674e-01 -9.672906951474888881e-01
-3.030230045318603516e+00 1.922509968280792236e-01 2.131280004978179932e-01 1.809616877670063573e-01 6.373842275113984768e-02 -9.814225802505837093e-01
-5.280950069427490234e+00 5.438529968261718750e+00 -6.753669977188110352e-01 -4.232711535197519193e-01 3.692814857955049046e-01 8.273286619274849985e-01
1.809409976005554199e+00 -2.538100004196166992e+00 8.045880198478698730e-01 7.369985189132353953e-02 -1.705523227759820071e-01 9.825885390268471742e-01
-3.513420104980468750e+00 4.704120159149169922e+00 3.441790044307708740e-01 -2.893676375220310404e-01 3.318254405425397069e-01 8.978631562569364677e-01
-3.455399990081787109e+00 -8.463540077209472656e+00 -1.929319977760314941e+00 -2.805605434739190107e-01 -7.217028697563437900e-01 6.327959775718213775e-01
-2.709549903869628906e+00 1.288239955902099609e+00 9.949529767036437988e-01 -9.454018412831322049e-02 -3.939184247201918398e-02 9.947413916851174376e-01
3.406670093536376953e+00 2.157259941101074219e+00 8.711050152778625488e-01 2.006719085240816491e-01 1.036338836540690589e-01 9.741615899264749467e-01
3.980700016021728516e+00 1.949739933013916016e+00 3.729740083217620850e-01 -3.002284764881595416e-02 -1.849013901616237965e-02 -9.993781783580322209e-01
-2.055409908294677734e+00 5.235640048980712891e+00 4.896819889545440674e-01 -1.899863515215808596e-01 3.054186022405672163e-01 9.330727000834053708e-01
1.696879982948303223e+00 -6.805180072784423828e+00 -8.739640116691589355e-01 -2.377901397801612457e-02 -5.441297772926629861e-01 8.386640232880329116e-01
1.987429976463317871e+00 -1.921210050582885742e+00 2.825799882411956787e-01 -3.012818928231558030e-02 1.023771939793539781e-01 -9.942892951065512852e-01
-5.800940036773681641e+00 2.095969915390014648e+00 5.047420039772987366e-02 -4.717896298830540069e-01 1.250375355415295486e-01 8.728001832266716331e-01
-3.784049987792968750e+00 -2.412309944629669189e-01 7.425850033760070801e-01 -2.081285892581610786e-01 -7.303883481629803998e-02 9.753706059452915689e-01
1.381950020790100098e+00 3.808109998703002930e+00 9.084320068359375000e-01 1.288300037824530453e-01 1.862731839393622912e-01 9.740149542335094779e-01
-3.568900108337402344e+00 -6.669759750366210938e+00 -1.729920029640197754e+00 1.926879009804058906e-01 4.036769634693472275e-01 -8.943803899795279566e-01
4.098760128021240234e+00 -6.450510025024414062e+00 -1.611140012741088867e+00 -2.350569525236452240e-01 3.976631894539253143e-01 -8.869116172559858846e-01
7.954879999160766602e-01 7.106389999389648438e-01 6.253020167350769043e-01 -7.457916273524414774e-02 -8.562647988563446000e-02 -9.935321104162184724e-01
-8.705860137939453125e+00 8.565350174903869629e-01 -1.875380039215087891e+00 1.276694275831649072e-01 -7.573981587869739462e-03 -9.917878563803318448e-01
4.633289813995361328e+00 -7.028940200805664062e+00 -1.925349950790405273e+00 -9.376727975898170586e-02 1.736682619700672670e-01 -9.803300628007368678e-01
2.013870000839233398e+00 2.790099978446960449e-01 4.967609941959381104e-01 -1.850373480062455223e-01 -4.738885983047948225e-02 -9.815882414774448339e-01
-6.537039756774902344e+00 1.708719968795776367e+00 -8.809549808502197266e-01 4.522704523543280564e-01 -5.895154934236291472e-02 -8.899304201775252166e-01
3.023600101470947266e+00 -2.908369898796081543e-01 3.720360100269317627e-01 -3.947363341552952327e-03 2.856688004011980961e-02 -9.995840893528784576e-01
1.195019960403442383e+00 -9.576010107994079590e-01 5.237740278244018555e-01 -9.609215911889490425e-02 1.545953282942139628e-01 -9.832937411707007858e-01
-4.964270114898681641e+00 4.454899787902832031e+00 -1.319710016250610352e-01 -3.725041604758904668e-01 2.693292021923170965e-01 8.880892023184393524e-01
5.490230083465576172e+00 -4.854179859161376953e+00 -1.283460021018981934e+00 -3.072636735942501640e-01 3.573211538901812645e-01 -8.819924193959693959e-01
-9.594939947128295898e-01 2.799860000610351562e+00 3.790600001811981201e-01 -1.480046291268198068e-02 3.914131121048051998e-02 -9.991240683990625371e-01
1.808019995689392090e+00 -4.049799919128417969e+00 -7.966250181198120117e-02 -1.183675200423151275e-01 4.004851375662670243e-01 -9.086257671822652870e-01
1.056649982929229736e-01 -7.365610122680664062e+00 -1.619610071182250977e+00 3.708076404661266989e-03 4.022027593125057088e-01 -9.155431123495954004e-01
-4.680759906768798828e+00 1.672600060701370239e-01 5.337960124015808105e-01 -3.207467008431845734e-01 -6.920685969223988598e-02 9.446332433647205429e-01
2.846400022506713867e+00 6.891220211982727051e-01 3.757419884204864502e-01 2.283348362280190544e-02 -6.388125498612694242e-03 -9.997188724227732415e-01
-1.995280027389526367e+00 -5.909560203552246094e+00 -4.801299870014190674e-01 -7.709332718744774104e-02 -4.261187649452167214e-01 9.013764014354559428e-01
-5.988480091094970703e+00 8.727449923753738403e-02 -5.961999893188476562e-01 4.183227809397526697e-01 2.254139591827321321e-02 -9.080186872619347982e-01
-1.849689960479736328e+00 -2.344139963388442993e-01 9.997360110282897949e-01 -8.475622577242741817e-02 -9.767432525087571538e-02 9.916027976864525417e-01
-3.828680038452148438e+00 -5.977600097656250000e+00 -9.896460175514221191e-01 -3.983893570487372915e-01 -4.804435961879751638e-01 7.813193144113741440e-01
-5.096439838409423828e+00 4.932610034942626953e+00 -8.451870083808898926e-01 3.432590535597396797e-01 -3.120224354467892591e-01 -8.858979748972936052e-01
-3.758110046386718750e+00 2.992899894714355469e+00 1.085480004549026489e-01 2.795861381912931320e-01 -1.516475941596172050e-01 -9.480688785720576828e-01
-5.294770002365112305e-01 -2.289619922637939453e+00 2.596850097179412842e-01 8.007984407569897212e-02 2.003099993070265317e-01 -9.764543628610764525e-01
-3.757050037384033203e+00 1.724849939346313477e+00 7.826870083808898926e-01 -2.662937402828623457e-01 6.649340372105615182e-02 9.615956900630078241e-01
-3.746269941329956055e+00 5.970170021057128906e+00 -7.500290274620056152e-01 2.125798509212385445e-01 -3.411311886370211877e-01 -9.156633219264583845e-01
2.059170007705688477e+00 -3.755789995193481445e-01 4.804919958114624023e-01 -1.903113985237680217e-01 4.454980883423716176e-02 -9.807124380391840646e-01
-1.352589964866638184e+00 -2.596429884433746338e-01 1.652980089187622070e+00 -9.547989332275884644e-01 -1.819097221050191004e-01 -2.350911527708640092e-01
-1.114560008049011230e+00 5.066880226135253906e+00 1.494259983301162720e-01 4.752376006914629109e-02 -2.564593138695023811e-01 -9.653859914865526859e-01
-4.356530189514160156e+00 4.984290122985839844e+00 -5.784959793090820312e-01 2.965834737981787872e-01 -2.713206745135017250e-01 -9.156545935293194383e-01
4.067629814147949219e+00 -8.184679985046386719e+00 -1.814909934997558594e+00 3.608134681202849747e-01 -7.083384111368614677e-01 6.066880059232412359e-01
-2.983200073242187500e+00 -4.725460052490234375e+00 -6.934909820556640625e-01 2.331478581142357454e-01 4.040840665745792371e-01 -8.845101149208498548e-01
-4.842619895935058594e+00 1.687340021133422852e+00 5.082640051841735840e-01 -2.568627230478803258e-01 3.701028068241338925e-02 9.657389816261103821e-01
-4.888279914855957031e+00 3.791870117187500000e+00 -4.186210036277770996e-01 3.537698773804381913e-01 -2.007768826945787455e-01 -9.135291551087338924e-01
-5.597509860992431641e+00 3.189569950103759766e+00 -7.508009672164916992e-02 -4.601262834548552894e-01 1.959175194281508325e-01 8.659677412323983914e-01
-6.338599920272827148e-01 -7.132319808006286621e-01 2.118900060653686523e+00 -2.055319649481279765e-01 -1.657298966674658203e-01 9.645155326562411258e-01
-1.519850015640258789e+00 -2.427550077438354492e+00 7.921500205993652344e-01 -1.103927129294740711e-01 -1.866303167624474013e-01 9.762082635366385874e-01
4.196519851684570312e+00 7.303919792175292969e-01 7.785760164260864258e-01 1.256306631659507289e-01 5.664395747792699831e-02 9.904586808916979734e-01
4.046239852905273438e+00 -4.347799777984619141e+00 -6.775990128517150879e-01 -2.218828900407899540e-01 2.999701321054639158e-01 -9.277854832620400227e-01
3.187370061874389648e+00 -8.597510337829589844e+00 -1.937969923019409180e+00 1.740482580895124642e-01 -9.845526101760818660e-01 -1.906204741025254931e-02
1.187950015068054199e+00 4.167479991912841797e+00 4.066329896450042725e-01 -1.513735908024305479e-02 -5.375586746027458812e-02 -9.984393657471990480e-01
4.014009952545166016e+00 -2.181590080261230469e+00 5.175010114908218384e-02 -3.083718346696329160e-01 3.075037259846231108e-01 -9.001934625890471997e-01
4.879920005798339844e+00 -7.793509960174560547e+00 -1.859470009803771973e+00 4.398209996533876676e-01 -8.759894865094037808e-01 1.979896658638672369e-01
3.722819983959197998e-01 -1.111989974975585938e+00 5.342890024185180664e-01 1.417032948695769352e-02 1.566769651433383703e-01 -9.875482420397012628e-01
2.829119920730590820e+00 -4.959879875183105469e+00 -7.103379815816879272e-02 2.556814460579953097e-01 -4.755840018452657803e-01 8.416928509441758965e-01
-3.742100000381469727e+00 -5.120150089263916016e+00 -1.058369994163513184e+00 2.466631581346557245e-01 3.942430326411287544e-01 -8.852851052813234256e-01
6.541890144348144531e+00 -4.373239994049072266e+00 -1.418519973754882812e+00 -5.145390723361600860e-02 4.425837612634094254e-01 -8.952497471076592550e-01
5.585120201110839844e+00 -2.263449907302856445e+00 7.972989976406097412e-02 3.319508487023527521e-01 -1.850607839842544067e-01 9.249654805866655005e-01
-1.778949946165084839e-01 5.644030094146728516e+00 4.855169951915740967e-01 -1.343040097051325932e-01 3.675169447827471569e-01 9.202682914643310896e-01
-2.941410064697265625e+00 -7.672979831695556641e+00 -1.583760023117065430e+00 -1.439964216830293409e-01 -3.524740537784231131e-01 9.246767391664443281e-01
1.259089946746826172e+00 -4.468810081481933594e+00 -2.176239937543869019e-01 -7.996305332431589974e-02 4.717670500536818023e-01 -8.780898362848186256e-01
1.508540064096450806e-01 6.787750124931335449e-01 2.132730007171630859e+00 1.029026080405687216e-01 2.428326281399265651e-01 9.645949242915935473e-01
-4.795060157775878906e+00 2.860559940338134766e+00 -2.524999976158142090e-01 3.826217565307443169e-01 -1.446485165700568398e-01 -9.125115879173315570e-01
-8.882249832153320312e+00 2.171060085296630859e+00 -2.157160043716430664e+00 8.951717278142560241e-01 -1.823960033088165289e-01 -4.066930976781014118e-01
4.907879829406738281e+00 -3.345009982585906982e-01 6.045780181884765625e-01 2.557956708415357050e-01 -6.164085999050708531e-02 9.647636908374813691e-01
-1.772530078887939453e+00 -3.815629959106445312e+00 4.853349924087524414e-01 -1.870787677766776458e-01 -2.539708508854692792e-01 9.489469645600171477e-01
-7.198050022125244141e-01 9.984440207481384277e-01 1.544430017471313477e+00 -5.368777001528028947e-01 7.259442720009660066e-01 -4.298456106878659200e-01
-1.915620088577270508e+00 -6.252920150756835938e+00 -1.213259935379028320e+00 1.449442444240833239e-01 4.811944036473924657e-01 -8.645479234297899218e-01
-1.237750053405761719e+00 -6.209980010986328125e+00 -5.290449857711791992e-01 -6.762732476128444081e-02 -4.722994155890469781e-01 8.788400349209614104e-01
-4.131169795989990234e+00 2.362410068511962891e+00 6.483200192451477051e-01 -2.105394294822175716e-01 5.173389075498344841e-02 9.762155259883208425e-01
2.463550090789794922e+00 -1.705760061740875244e-01 9.987800121307373047e-01 9.371347128569795792e-02 -7.296973778666172861e-02 9.929215490998926086e-01
-5.650240182876586914e-01 3.187560081481933594e+00 9.716680049896240234e-01 -1.686861068039644321e-02 1.458642888167644147e-01 9.891607853234442027e-01
-2.517440080642700195e+00 -7.519810199737548828e+00 -1.923569917678833008e+00 1.528448572534448491e-01 4.020296502031526775e-01 -9.027793805624410028e-01
-3.245009899139404297e+00 3.357089996337890625e+00 7.217879891395568848e-01 -1.471249560432692782e-01 1.097614855579347320e-01 9.830089844947407229e-01
4.019309997558593750e+00 -1.600769996643066406e+00 1.767950057983398438e-01 -1.423931217382575221e-01 1.721084551108561789e-01 -9.747322086403978902e-01
-2.723119974136352539e+00 -6.715390205383300781e+00 -1.586560010910034180e+00 1.829775710778984432e-01 4.520726952784061559e-01 -8.730117334069169566e-01
5.325489997863769531e+00 -3.523030042648315430e+00 -7.467679977416992188e-01 -3.139225269859681755e-01 3.239529210198605069e-01 -8.924724937013150949e-01
-5.958760261535644531e+00 4.882160186767578125e+00 -1.227949976921081543e+00 4.146558115131627753e-01 -2.678142955067410180e-01 -8.696758367924156685e-01
-2.870830059051513672e+00 -8.346349716186523438e+00 -2.471990108489990234e+00 3.785307061383486049e-01 7.850021247018272863e-01 -4.903938914016162109e-01
-1.463070034980773926e+00 2.783149957656860352e+00 9.681339859962463379e-01 -1.425748243990312449e-03 1.598704780682798365e-01 9.871369699713227197e-01
-5.499450206756591797e+00 -2.417890071868896484e+00 -2.026460021734237671e-01 -8.428296370918736402e-01 -4.756539461011303205e-01 2.517767391916962416e-01
-4.204339981079101562e+00 -4.068379878997802734e+00 -7.800890207290649414e-01 3.031164530343211094e-01 3.221780392100571100e-01 -8.968398557996043463e-01
2.825500011444091797e+00 -2.337539911270141602e+00 7.506330013275146484e-01 1.000076928717067992e-01 -1.178760923290959745e-01 9.879795990928663674e-01
-4.253039956092834473e-01 -7.763360023498535156e+00 -1.383509993553161621e+00 -5.802851110210150570e-02 -4.531021122364952136e-01 8.895679669289469071e-01
-2.266740083694458008e+00 9.657589793205261230e-01 3.258669972419738770e-01 1.068102447949590000e-01 2.371347409159198227e-02 -9.939966009767581268e-01
-3.522340059280395508e+00 2.119849920272827148e+00 2.491980046033859253e-01 1.648040206838599087e-01 -4.929925206847959700e-03 -9.863140121705098462e-01
-5.353270053863525391e+00 -8.740879893302917480e-01 2.217819988727569580e-01 -3.555068393621231837e-01 -1.300457568979064837e-01 9.255825129504146043e-01
-3.211620092391967773e+00 5.379700183868408203e+00 -3.785319924354553223e-01 1.629899361193279106e-01 -3.348641758401800783e-01 -9.280626403765503962e-01
-5.528039932250976562e+00 7.651229858398437500e+00 -2.179080009460449219e+00 1.984299853671055991e-01 -3.312413243604019342e-01 -9.224449717696863171e-01
3.789589881896972656e+00 5.171030014753341675e-02 3.553630113601684570e-01 -3.456572132023408295e-02 3.037815927900464064e-02 -9.989406280397405968e-01
1.748860001564025879e+00 8.710510134696960449e-01 4.969559907913208008e-01 -1.125630978800975790e-01 -7.915047743545482184e-02 -9.904871280927254329e-01
6.345729827880859375e+00 -6.661489963531494141e+00 -1.753819942474365234e+00 7.075127342608708014e-01 -7.043504198115038140e-01 5.758660408519245683e-02
-1.773570060729980469e+00 3.464679956436157227e+00 3.792850077152252197e-01 2.617851730010620909e-02 -4.194347861576620123e-02 -9.987769670119435172e-01
2.560189962387084961e+00 -6.439720153808593750e+00 -7.921609878540039062e-01 9.161907138532268680e-02 -5.301807723724938359e-01 8.429200996328163331e-01
4.504950046539306641e+00 -5.810959815979003906e+00 -9.125940203666687012e-01 2.326024727990509133e-01 -5.089593375654866136e-01 8.287680509965786868e-01
8.490800261497497559e-01 3.061359882354736328e+00 3.869569897651672363e-01 2.625155738106126416e-02 9.981006846853505976e-02 -9.946601459631199127e-01
-4.337729930877685547e+00 -3.258559942245483398e+00 -5.765690207481384277e-01 1.786094124865834076e-01 1.797187403187572585e-01 -9.673674855758988000e-01
-2.771229982376098633e+00 6.093739986419677734e+00 -4.915940016508102417e-02 -1.895266428433887984e-01 2.997024163317290046e-01 9.350177074780120501e-01
-1.689539998769760132e-01 3.594589948654174805e+00 4.029589891433715820e-01 2.282393509047722299e-02 -9.053790059898862708e-03 -9.996985029860437910e-01
3.777740001678466797e+00 -1.547510027885437012e+00 7.316499948501586914e-01 8.607047847966882437e-02 -3.967384208225720188e-02 9.954987990895384220e-01
2.854049921035766602e+00 4.258550167083740234e+00 2.570990025997161865e-01 2.171955512182146553e-01 1.018371620594257371e-01 -9.708013622542450705e-01
-5.795809745788574219e+00 5.711530208587646484e+00 -1.424569964408874512e+00 3.160754790519380020e-01 -2.344181454737130910e-01 -9.193173688203399863e-01
4.214350223541259766e+00 -3.660120010375976562e+00 -4.874930083751678467e-01 -3.103471067146811868e-01 3.839067360877792545e-01 -8.696552715531911115e-01
2.266750097274780273e+00 -7.396590232849121094e+00 -1.266649961471557617e+00 8.266246431029447561e-02 -4.233795632832487166e-01 9.021732995318776371e-01
-7.651219964027404785e-01 1.689700007438659668e+00 4.608860015869140625e-01 4.078764590567802301e-02 -8.063148808343427454e-02 -9.959090977950367796e-01
4.602960109710693359e+00 -4.772369861602783203e+00 -4.351620078086853027e-01 2.891893798130913407e-01 -4.150679555801732867e-01 8.626054108651387553e-01
5.656260013580322266e+00 -4.344789981842041016e+00 -1.121610045433044434e+00 -2.912771482363150088e-01 3.783925749703289654e-01 -8.786220359873998520e-01
3.240099921822547913e-02 -6.833410263061523438e+00 -1.341079950332641602e+00 -3.290473051946576910e-02 4.150511843671417234e-01 -9.092028338412029287e-01
-9.272999763488769531e-01 -5.767859935760498047e+00 -2.509750127792358398e-01 -8.129975733104011226e-02 -4.737958936908090446e-01 8.768738795172550393e-01
5.118809938430786133e-01 -5.408400058746337891e+00 -5.950710177421569824e-01 -1.096652948305586461e-01 5.034588069003979038e-01 -8.570313604904749027e-01
2.112260103225708008e+00 2.224839925765991211e+00 1.048689961433410645e+00 1.545116247481098659e-01 5.595674544023745284e-02 9.864050894320424145e-01
-1.576760053634643555e+00 7.112420201301574707e-01 1.082139968872070312e+00 -9.808834775964331287e-02 1.660773145655709436e-03 9.951763250129808114e-01
-8.249099731445312500e+00 2.605699896812438965e-01 -1.751739978790283203e+00 -1.293396467122396622e-02 -3.677071432495666592e-01 -9.298516921322056428e-01
-5.760759830474853516e+00 4.091219902038574219e+00 -3.973000049591064453e-01 -5.097672698578024075e-01 2.913516778891326320e-01 8.094760838795113100e-01
-6.888959884643554688e+00 -9.325249791145324707e-01 -6.146739721298217773e-01 -5.225494139994086851e-01 -1.839854463732258083e-01 8.325211501527870483e-01
3.084820032119750977e+00 -2.510299921035766602e+00 1.305789947509765625e-01 -1.248875120432474117e-01 1.709238138423191111e-01 -9.773372801634264695e-01
-1.208619952201843262e+00 6.002449989318847656e+00 2.579450011253356934e-01 4.081970821304780617e-01 8.639715435885175765e-01 -2.948360798976918939e-01
7.880029827356338501e-02 1.493520021438598633e+00 1.110339999198913574e+00 -8.195980690577625571e-02 8.920652949198880355e-02 9.926352729718821433e-01
2.340650081634521484e+00 -2.659389972686767578e+00 1.859479993581771851e-01 -7.289718606642274501e-02 1.224169446803499706e-01 -9.897980056146433725e-01
1.936519980430603027e+00 1.510630011558532715e+00 1.093680024147033691e+00 5.654498196939692495e-02 3.982131842470520294e-02 9.976055972241728576e-01
-5.686930179595947266e+00 1.128960013389587402e+00 -4.388000071048736572e-01 2.985451084903949504e-01 -3.426343176386439406e-03 -9.543893746102247722e-01
-6.163100242614746094e+00 6.124640107154846191e-01 -6.635140180587768555e-01 4.846051975276313151e-01 1.969470052506078900e-02 -8.745112470977337571e-01
5.681369781494140625e+00 -2.513360023498535156e+00 -5.673289895057678223e-01 -3.237808438225089902e-01 1.806835666187558420e-01 -9.287192330987389388e-01
3.676340103149414062e+00 -6.415150165557861328e+00 -1.008499979972839355e+00 2.113641776440233211e-01 -4.480989844593694649e-01 8.686382932701893766e-01
-2.479759931564331055e+00 4.300119876861572266e+00 6.740499734878540039e-01 -9.665577588126925135e-02 2.210906442896174717e-01 9.704517442904576630e-01
5.884570121765136719e+00 -3.076270103454589844e+00 -2.394669950008392334e-01 3.592127964119227745e-01 -3.079028770355496381e-01 8.810005591412287673e-01
6.250169754028320312e+00 -5.775839805603027344e+00 -1.381430029869079590e+00 7.233982741318785437e-02 -2.703509784476165745e-01 9.600402584382836668e-01
2.011250019073486328e+00 2.692189931869506836e+00 3.969810009002685547e-01 2.260700139901799036e-02 8.339340162388433897e-02 -9.962602391209549602e-01
4.639500141143798828e+00 -1.865270018577575684e+00 4.704000055789947510e-01 3.177665078673085342e-01 -1.301599156194086504e-01 9.391926548071829473e-01
-5.019670128822326660e-01 -3.369800090789794922e+00 7.205470204353332520e-01 -6.588770671261993950e-02 -1.773133004726498430e-01 9.819464362070100538e-01
-6.049059867858886719e+00 -7.337170243263244629e-01 -9.176159650087356567e-02 -4.914520604880886490e-01 -1.491373951840461454e-01 8.580401561697037494e-01
2.706499993801116943e-01 2.516489982604980469e+00 1.034260034561157227e+00 4.589461636815535261e-02 2.275624420384093349e-01 9.726813554098461267e-01
-3.266360044479370117e+00 6.271930217742919922e+00 -7.384809851646423340e-01 1.746027375072440047e-01 -3.221264644661781529e-01 -9.304560306352452903e-01
-3.377500057220458984e+00 -7.262670040130615234e+00 -1.504369974136352539e+00 -1.680041144849757917e-01 -3.602153506584783171e-01 9.176162153461046023e-01
6.842619895935058594e+00 -5.806690216064453125e+00 -1.975039958953857422e+00 4.031648019056225385e-01 7.813889804355102220e-02 -9.117853119660019878e-01
9.256319999694824219e-01 -6.295310020446777344e+00 -1.080109953880310059e+00 -4.679795292813582891e-02 5.059246092079919821e-01 -8.613072862802663154e-01
-1.912129998207092285e+00 -1.989000082015991211e+00 8.144549727439880371e-01 -3.914089417306785418e-02 -7.670764148688848094e-02 9.962850636945490557e-01
-3.269649982452392578e+00 -4.971560001373291016e+00 -3.090659976005554199e-01 -2.536908389612703707e-01 -4.247184493515847037e-01 8.690541968183066457e-01
1.705420017242431641e+00 -3.805589914321899414e+00 5.679450035095214844e-01 5.942960504456498705e-02 -2.471455168314591888e-01 9.671541839615634961e-01
-5.515130043029785156e+00 3.575459957122802734e+00 -6.542599797248840332e-01 3.737842891388705735e-01 -2.798156973144598214e-01 -8.843011255954453809e-01
3.868529945611953735e-02 2.934360027313232422e+00 3.743509948253631592e-01 -1.648873269981118370e-02 7.882544141799749382e-02 -9.967520611863373015e-01
-4.278560161590576172e+00 6.145299911499023438e+00 -1.010640025138854980e+00 3.526259683265576816e-01 -5.067044145161841984e-01 -7.867055121019354003e-01
9.739120006561279297e-01 -2.617500066757202148e+00 2.241069972515106201e-01 -2.040025953733685601e-02 1.048751833122463367e-01 -9.942761313317503014e-01
-4.458640098571777344e+00 2.206949949264526367e+00 -1.093470025807619095e-02 2.697000673384143399e-01 -5.875010478363375255e-02 -9.611505079151584363e-01
-7.173570156097412109e+00 2.002949953079223633e+00 -7.788010239601135254e-01 -5.810675945751440086e-01 1.004949683747030642e-01 8.076269014006552949e-01
1.334300041198730469e+00 8.537510037422180176e-01 1.139420032501220703e+00 7.550423779738445196e-02 1.682284973212611230e-03 9.971440618044641324e-01
-2.077660083770751953e+00 -7.158349990844726562e+00 -1.692450046539306641e+00 7.960533298264860225e-02 3.944894424725302051e-01 -9.154458316789880756e-01
-3.622089862823486328e+00 4.206309795379638672e+00 -1.132050007581710815e-01 3.747619727107805443e-01 -3.280241558791094358e-01 -8.671525915141590213e-01
4.814869880676269531e+00 -3.825720071792602539e+00 -1.187779977917671204e-01 2.571336945990431722e-01 -3.411717657025268302e-01 9.041482673706044970e-01
-8.409130096435546875e+00 3.678309917449951172e+00 -2.086600065231323242e+00 8.541069082804714219e-01 -3.611968145821038978e-01 -3.742168493845727251e-01
4.125949859619140625e+00 1.326370000839233398e+00 7.869150042533874512e-01 2.281013108997465288e-01 5.618449555556176422e-02 9.720149661527769380e-01
1.896790027618408203e+00 4.715260028839111328e+00 3.357760012149810791e-01 -9.644773686165507287e-02 4.957976634283514095e-01 -8.630657628438589413e-01
3.405080080032348633e+00 2.845459938049316406e+00 8.081290125846862793e-01 2.101647871156785141e-01 1.771118035766041376e-01 9.614895585966931613e-01
3.382679939270019531e+00 -8.611289858818054199e-01 8.253290057182312012e-01 1.208848139667528243e-01 -4.267021901978375331e-02 9.917490177262728857e-01
-2.577340006828308105e-01 -6.855400085449218750e+00 -8.283050060272216797e-01 -1.493523157404316596e-04 -5.807408594435476967e-01 8.140884668552031966e-01
-3.086770057678222656e+00 -5.609700202941894531e+00 -5.687260031700134277e-01 -2.359451883866027777e-01 -4.850270772450981926e-01 8.420680509414235626e-01
4.936190128326416016e+00 -6.383510112762451172e+00 -1.291749954223632812e+00 2.223915433213172199e-01 -4.372633252110719182e-01 8.714027690365224732e-01
-6.858459949493408203e+00 -2.830879986286163330e-01 -5.134789943695068359e-01 -5.685686942432195412e-01 -5.299955970510702302e-02 8.209267242559624700e-01
-1.511929988861083984e+00 -2.655329942703247070e+00 1.010570004582405090e-01 1.163137958435876140e-01 6.719453807650341282e-02 -9.909369278360461442e-01
-6.462039947509765625e+00 1.248360037803649902e+00 -2.402379959821701050e-01 -5.058359702159629379e-01 6.014385134759946822e-02 8.605304691762827307e-01
-2.151870012283325195e+00 2.978849969804286957e-02 3.064889907836914062e-01 1.955406848857820790e-01 8.581420197163297514e-02 -9.769338581983794123e-01
2.217030048370361328e+00 3.814769983291625977e+00 4.071120023727416992e-01 -2.199204791646570609e-02 4.905274782122483662e-05 -9.997581444640838422e-01
1.846330016851425171e-01 -5.448400020599365234e+00 -5.257210228592157364e-03 1.205274902966171419e-04 -4.696913729679033089e-01 8.828306743836272785e-01
-4.372710227966308594e+00 5.552400112152099609e+00 -2.931790053844451904e-01 -3.653014743481594051e-01 4.389176249934159668e-01 8.209178712326832272e-01
5.522329807281494141e+00 -1.089100003242492676e+00 3.191730082035064697e-01 4.912864015318518796e-01 -1.276569994465287794e-01 8.615923410535826221e-01
-8.037409782409667969e+00 4.417329788208007812e+00 -2.010289907455444336e+00 8.692774341603967114e-01 -4.754292850773938484e-01 -1.353651999234498082e-01
-7.239739894866943359e-01 5.433119773864746094e+00 4.201180115342140198e-02 1.009778408630519209e-01 -3.823027946990310011e-01 -9.185031566739151332e-01
1.677010059356689453e+00 -7.731890201568603516e+00 -1.851239919662475586e+00 -8.167766036355986192e-02 4.669244441245643529e-01 -8.805170772202555174e-01
-7.439869642257690430e-02 -1.151769995689392090e+00 2.098860025405883789e+00 -1.984466404225123867e-02 -1.649757257343023031e-01 9.860979663438570464e-01
-8.693349838256835938e+00 2.462349891662597656e+00 -1.498829960823059082e+00 -1.803555300295456576e-01 2.015863208958465491e-02 9.833948913534370506e-01
-6.742119789123535156e+00 5.387790203094482422e+00 -1.294649958610534668e+00 -3.258866480347721861e-01 1.900597831808109872e-01 9.261075377351830618e-01
-2.266890048980712891e+00 -6.332250118255615234e+00 -7.820219993591308594e-01 -1.246627343104601826e-01 -4.646902935798571388e-01 8.766539418304726272e-01
-4.300640106201171875e+00 -9.332860112190246582e-01 5.547080039978027344e-01 -2.727953313926555490e-01 -1.123685445760001927e-01 9.554873193089705730e-01
1.456580042839050293e+00 -6.318309783935546875e+00 -5.562540292739868164e-01 6.052880823428014728e-02 -5.889849683266500380e-01 8.058740413110431211e-01
-5.334790229797363281e+00 2.010010004043579102e+00 -3.545480072498321533e-01 2.937411320367734335e-01 -8.034004060532221048e-02 -9.525028216363928824e-01
3.465130090713500977e+00 -7.050779819488525391e+00 -1.769829988479614258e+00 -1.662607665281197467e-01 5.032039794107208142e-01 -8.480230613719751398e-01
-7.530030250549316406e+00 1.817980051040649414e+00 -1.425300002098083496e+00 4.336947140884955254e-01 -6.568372860610105501e-02 -8.986626412442536571e-01
-5.187570095062255859e+00 3.015150129795074463e-01 -2.644610106945037842e-01 4.157802496998602715e-01 4.609205674711848444e-02 -9.082963757850970321e-01
-7.561289787292480469e+00 4.509209990501403809e-01 -9.514840245246887207e-01 -5.498603062743780967e-01 -2.464837311800477382e-02 8.348928681492510107e-01
5.153960227966308594e+00 -5.825029850006103516e+00 -1.586339950561523438e+00 -2.178247640175395572e-01 4.194833081776339623e-01 -8.812412418521112789e-01
-4.526340067386627197e-01 -7.067920207977294922e+00 -1.483060002326965332e+00 3.662779866048334471e-02 4.969059666980437107e-01 -8.670310632412022711e-01
2.351859956979751587e-01 1.933179974555969238e+00 4.665749967098236084e-01 2.824623148615099805e-02 -9.811241561411747358e-02 -9.947743987001240740e-01
-2.440160036087036133e+00 3.047859907150268555e+00 8.614630103111267090e-01 -2.201334448512786215e-02 1.977563267683785098e-01 9.800040040161352994e-01
-2.763560056686401367e+00 2.975579977035522461e+00 3.267250061035156250e-01 1.263728206986555469e-01 -5.892536449256937509e-02 -9.902311404960374430e-01
-8.202440261840820312e+00 1.592530012130737305e+00 -1.724179983139038086e+00 3.422711637216291347e-01 -4.478371997545041450e-02 -9.385333605737210538e-01
4.100880026817321777e-01 -1.694630026817321777e+00 4.128359854221343994e-01 2.950296116126785093e-03 1.874027501632726245e-01 -9.822787308010233476e-01
2.904169857501983643e-01 4.234230041503906250e+00 8.427339792251586914e-01 3.356976211754542083e-02 1.528214401975809822e-01 9.876834910472628293e-01
5.093440055847167969e+00 -3.101469993591308594e+00 -5.462459921836853027e-01 -1.858169422969320472e-01 2.611933226082607251e-01 -9.472328711464123030e-01
3.045300006866455078e+00 -6.221139907836914062e+00 -7.570989727973937988e-01 2.169753583403978558e-01 -5.253253010511532706e-01 8.227727644669402540e-01
1.551840066909790039e+00 -8.669730186462402344e+00 -1.694309949874877930e+00 5.554433277531197616e-02 -2.096422929415959202e-01 9.761992297204169500e-01
-7.446599960327148438e+00 3.676840066909790039e+00 -1.605799913406372070e+00 3.169393782291173300e-01 -1.152029807830705077e-01 -9.414232330606866483e-01
-3.982840061187744141e+00 -6.588890075683593750e+00 -1.365270018577575684e+00 -6.262220280116378435e-01 -2.737917086225928887e-01 7.299890902763634948e-01
-3.923079967498779297e+00 3.946519851684570312e+00 4.759800136089324951e-01 -3.214611189325836116e-01 2.547631077465296046e-01 9.120079538830466737e-01
-2.852930068969726562e+00 -5.730430126190185547e+00 -1.115419983863830566e+00 1.981055715482314961e-01 4.592554264250662266e-01 -8.659322351204389312e-01
-5.517759799957275391e+00 4.589399814605712891e+00 -9.130730032920837402e-01 4.156345126900913289e-01 -2.738719438818725260e-01 -8.673189207063539685e-01
-6.896969795227050781e+00 4.677279949188232422e+00 -1.573099970817565918e+00 3.012807028163494993e-01 -2.229854178845511736e-01 -9.270962417793195964e-01
4.955780029296875000e+00 -2.607379913330078125e+00 2.130890041589736938e-01 3.580747232373321931e-01 -2.788952319180049710e-01 8.910667439602434348e-01
-1.555510044097900391e+00 -5.289000034332275391e+00 -6.807400286197662354e-02 -1.533438879006007449e-01 -4.155486511865664201e-01 8.965517110242740006e-01
-3.721220016479492188e+00 -6.773890256881713867e-01 5.412060022354125977e-02 1.549781825680880409e-01 1.057617289902279128e-01 -9.822404082549698323e-01
3.173389911651611328e+00 3.495860099792480469e+00 7.696809768676757812e-01 1.979832200183322399e-01 1.107463204592001454e-01 9.739291027050792637e-01
-1.999979972839355469e+00 2.071249961853027344e+00 1.014780044555664062e+00 1.143040713259109269e-02 4.262359251573928642e-02 9.990258130568177020e-01
5.427410125732421875e+00 -6.624919891357421875e+00 -1.493499994277954102e+00 1.144489904530056057e-01 -2.293568374386505127e-01 9.665903318906248209e-01
-2.287889957427978516e+00 -4.707230091094970703e+00 7.643420249223709106e-02 -1.805754149699095035e-01 -4.338938634055269916e-01 8.826826353834490435e-01
6.447509765625000000e+00 -4.972209930419921875e+00 -1.142989993095397949e+00 3.457229404181842436e-01 -3.228834208093931402e-01 8.810345878766786543e-01
-6.094769954681396484e+00 3.062930107116699219e+00 -2.989929914474487305e-01 -4.641393157769516664e-01 2.000011638912847778e-01 8.628871478891284585e-01
-6.497780233621597290e-02 -8.287460327148437500e+00 -1.591429948806762695e+00 -5.747163506540700455e-03 -3.200306356736913327e-01 9.473897626330580746e-01
-5.168829917907714844e+00 2.448729991912841797e+00 3.108789920806884766e-01 -4.173247614699720498e-01 1.192624008545855735e-01 9.008976208240485617e-01
-3.051630020141601562e+00 -2.737570047378540039e+00 -1.216460019350051880e-01 1.558198209853826899e-01 1.898838801033475854e-01 -9.693628296282980061e-01
-6.541010141372680664e-01 -7.900619983673095703e+00 -1.926490068435668945e+00 1.274710326501504731e-01 4.043580892967805207e-01 -9.056741530237909510e-01
-1.527740061283111572e-01 -4.399109840393066406e+00 -1.440020054578781128e-01 1.310214120883643543e-02 3.206626356235446895e-01 -9.471028497532385515e-01
-5.069079875946044922e+00 7.117670059204101562e+00 -1.242259979248046875e+00 -2.655496949813160867e-01 2.955697806876647071e-01 9.176719807423433517e-01
-2.044970035552978516e+00 4.396110057830810547e+00 1.889570057392120361e-01 1.397665258054637538e-01 -2.957235328839444288e-01 -9.449936033449692907e-01
3.698080062866210938e+00 1.453629970550537109e+00 3.895060122013092041e-01 -8.794750831630984700e-02 1.150000644488013936e-03 -9.961244466829785038e-01
4.201129913330078125e+00 -2.920809984207153320e+00 -2.286069989204406738e-01 -1.211999601995349257e-01 2.329050581259503871e-01 -9.649175112655894448e-01
-4.849830150604248047e+00 -3.290339946746826172e+00 -5.702610015869140625e-01 -9.653958631673076329e-01 -1.704626546308660728e-01 1.973659310915822085e-01
-4.894440174102783203e+00 5.792359828948974609e+00 -6.445429921150207520e-01 -3.964539287995801908e-01 3.663211023002141409e-01 8.418034998435995897e-01
-5.987549781799316406e+00 3.443629980087280273e+00 -8.415560126304626465e-01 3.620357130336267493e-01 -1.629183388155250323e-01 -9.178168430388621291e-01
6.337739944458007812e+00 -3.848140001296997070e+00 -6.974790096282958984e-01 3.907690444058816714e-01 -3.311196119789108216e-01 8.588709777941326839e-01
1.885570049285888672e+00 -5.354479789733886719e+00 -8.866830170154571533e-02 1.178221647487391194e-01 -4.456633872714552136e-01 8.874131409550197747e-01
6.800299882888793945e-01 3.606930017471313477e+00 9.527950286865234375e-01 -2.114422668993418825e-02 1.479386347597685114e-01 9.887704900648585093e-01
-7.155469894409179688e+00 6.194330215454101562e+00 -1.538259983062744141e+00 -5.227295382439605120e-01 3.713437434838346429e-01 7.673706106065488752e-01
-2.758290052413940430e+00 3.060289919376373291e-01 9.516289830207824707e-01 -9.211481293467987941e-02 -8.184946109075709464e-02 9.923787215358668146e-01
-1.264050006866455078e+00 -8.261230468750000000e+00 -1.641240000724792480e+00 -7.459405200231551680e-02 -3.066509048193180598e-01 9.488945937138483222e-01
2.151119947433471680e+00 -5.790659904479980469e+00 -3.530780076980590820e-01 8.889814450889137187e-02 -4.241084072206455224e-01 9.012375817883114815e-01
9.759299755096435547e-01 -9.559550285339355469e-01 1.055379986763000488e+00 1.536902927800633256e-01 -8.279897147302814342e-02 9.846439073229402705e-01
-6.876729965209960938e+00 -9.934169799089431763e-02 -1.060520052909851074e+00 4.918147791923669909e-01 5.582765692873728480e-02 -8.689082205214831989e-01
4.151340126991271973e-01 -4.621409893035888672e+00 3.695150017738342285e-01 -2.869536139754463172e-02 -3.800209373991632611e-01 9.245326729610617855e-01
-4.048600196838378906e+00 2.536010146141052246e-01 8.639570325613021851e-02 1.906741786587200782e-01 7.602874750078680854e-02 -9.787047497311353039e-01
2.178390026092529297e-01 -8.729000091552734375e+00 -2.213299989700317383e+00 3.438927362179026309e-02 9.299884197871960412e-01 -3.659766617169453728e-01
-6.345039844512939453e+00 6.194509983062744141e+00 -1.688279986381530762e+00 2.127365493674936159e-01 -7.306386075830040294e-02 -9.743740723224851852e-01
-1.937000006437301636e-01 1.144039988517761230e+00 5.879449844360351562e-01 5.725837538332368554e-02 -1.590491897929046661e-01 -9.856088644460758719e-01
-7.696179866790771484e+00 4.809060096740722656e+00 -1.778130054473876953e+00 1.716539790057081405e-01 -9.442710190005296211e-02 -9.806214529155810045e-01
6.154180169105529785e-01 -6.511089801788330078e+00 -6.220830082893371582e-01 1.234471314323480791e-02 -5.130635042695916859e-01 8.582618764945917356e-01
-2.201580047607421875e+00 6.233220100402832031e+00 -2.785499906167387962e-03 -1.037544964619484533e-01 8.070522192517144422e-01 5.812931445190198110e-01
-4.497000217437744141e+00 4.393099784851074219e+00 1.023309975862503052e-01 -4.003059946234374666e-01 3.229533814450310514e-01 8.575874439856033815e-01
-5.690929889678955078e+00 5.032000064849853516e+00 -7.248830199241638184e-01 -4.526536051471533040e-01 3.529502959061367462e-01 8.188594521449059638e-01
1.957270026206970215e+00 -7.311059951782226562e+00 -1.660660028457641602e+00 -8.478523783696483018e-02 4.586336001884804281e-01 -8.845714692567709925e-01
-8.664280176162719727e-01 1.226719975471496582e+00 1.103440046310424805e+00 1.645069002198165306e-02 1.814306229446780994e-01 9.832661409077944059e-01
-6.053220108151435852e-02 4.728240013122558594e+00 3.210360109806060791e-01 3.789877193869080341e-02 -3.567525944122953985e-01 -9.334298417479672816e-01
-8.009090423583984375e+00 3.599509954452514648e+00 -1.773880004882812500e+00 1.913141282288169931e-01 -8.352518289245906835e-02 -9.779685312743090497e-01
5.728710174560546875e+00 -6.579309940338134766e+00 -1.913800001144409180e+00 -1.210609522050695858e-01 3.213804384434501560e-01 -9.391798867294260944e-01
-3.140249967575073242e+00 5.125329971313476562e+00 2.933790087699890137e-01 -1.194626219336157175e-01 3.888348753861092244e-01 9.135294859194282857e-01
-6.845390200614929199e-01 -8.651559829711914062e+00 -2.147099971771240234e+00 -2.476791757441490494e-02 8.344208653538683906e-01 -5.505709488532138929e-01
2.959240078926086426e-01 -3.261600136756896973e-01 2.383480072021484375e+00 5.175208747140043197e-01 -3.629415434912034999e-01 7.748842366724688624e-01
-3.046540021896362305e+00 -2.238070011138916016e+00 -4.750559851527214050e-02 1.220386980478952443e-01 1.181958248261349431e-01 -9.854624818695252308e-01
-6.240610122680664062e+00 -1.502189993858337402e+00 -8.358039855957031250e-01 -5.028829586486355252e-01 -7.756847835011435599e-01 -3.813421646573835755e-01
4.022819995880126953e+00 -5.796879768371582031e+00 -7.698050141334533691e-01 2.189594101230555312e-01 -4.597976926986480084e-01 8.606060995063672392e-01
-3.453089952468872070e+00 -3.417320013046264648e+00 2.478789985179901123e-01 -2.355383571244643592e-01 -2.349846554220554329e-01 9.430291056161979046e-01
1.926939964294433594e+00 3.859610080718994141e+00 8.599039912223815918e-01 6.890553004938601567e-02 1.976401715889286870e-01 9.778498813738804030e-01
-6.693220138549804688e+00 6.839260101318359375e+00 -1.774009943008422852e+00 -6.620308215989703093e-01 7.166274609406005913e-01 -2.194544906781826510e-01
2.706900119781494141e+00 3.323080062866210938e+00 4.048649966716766357e-01 -4.440608487620059663e-02 -4.299875403564758919e-02 -9.980877750866151699e-01
-9.003250122070312500e+00 1.265679955482482910e+00 -2.138669967651367188e+00 9.931809171829921734e-01 -8.887028998368362576e-02 -7.545685722163551767e-02
-7.624179840087890625e+00 -2.556299865245819092e-01 -1.028720021247863770e+00 -5.231246589089720844e-01 -4.644736972585340046e-02 8.509895610916278219e-01
2.423290014266967773e+00 -5.823080062866210938e+00 -9.978759884834289551e-01 -1.496712115986357228e-01 4.890414989483065633e-01 -8.593235366990653601e-01
9.239019751548767090e-01 -1.603610038757324219e+00 9.975810050964355469e-01 -2.564466931187977736e-02 -1.485740636431563955e-01 9.885687121027266766e-01
2.247560024261474609e+00 -3.240499973297119141e+00 6.557490229606628418e-01 9.735469500325058534e-02 -2.145424612136016540e-01 9.718506035894788342e-01
-3.073829889297485352e+00 2.415390014648437500e+00 8.644480109214782715e-01 -1.591999299859172268e-01 1.492588998513210141e-01 9.758981315217549746e-01
-1.744319915771484375e+00 -1.247110009193420410e+00 9.150869846343994141e-01 -6.332115015419338688e-02 -1.286914693381766561e-01 9.896610215941270550e-01
3.844049930572509766e+00 5.605639815330505371e-01 3.659270107746124268e-01 -5.067304434182445111e-02 8.652807586066381396e-03 -9.986778116579991815e-01
-7.554530143737792969e+00 1.565739989280700684e+00 -9.747610092163085938e-01 -5.083416122362678369e-01 5.801334732688610135e-02 8.591991950653596888e-01
4.447189807891845703e+00 1.258810043334960938e+00 3.616819977760314941e-01 8.848797099171324954e-01 3.704265344479008154e-02 -4.643444204496707806e-01
1.289100050926208496e-01 1.251889944076538086e+00 1.983520030975341797e+00 6.602393739918920035e-02 9.251556775440309410e-01 3.738018351992842825e-01
-4.948080062866210938e+00 4.459829807281494141e+00 -6.326770186424255371e-01 3.989071875649626286e-01 -2.272431925444431122e-01 -8.883881962020999667e-01
-1.613430023193359375e+00 1.753669977188110352e+00 1.051470041275024414e+00 -4.853591574967570932e-02 1.425529364924461029e-01 9.885964420225884508e-01
-4.296820163726806641e+00 -2.073179960250854492e+00 3.509590029716491699e-01 -2.223768877554499757e-01 -2.044388439166385518e-01 9.532855180323617228e-01
2.931380033493041992e+00 2.024980068206787109e+00 9.553329944610595703e-01 1.849958998496720186e-01 8.120098110684925707e-02 9.793788427907228478e-01
4.384079933166503906e+00 -7.228759765625000000e+00 -1.533689975738525391e+00 1.484341140747434395e-01 -3.598270853969383620e-01 9.211361367320199944e-01
1.908420085906982422e+00 -2.979579925537109375e+00 1.603240072727203369e-01 -3.109570322808859200e-02 1.523250713653895305e-01 -9.878411460727274385e-01
-3.926330089569091797e+00 -1.379099965095520020e+00 5.903779864311218262e-01 -1.840456260931994936e-01 -1.578977127324323326e-01 9.701523178500520705e-01
-9.300839900970458984e-01 -6.705699920654296875e+00 -1.329110026359558105e+00 1.589896756403422554e-02 4.447283072076771426e-01 -8.955244025701319943e-01
-1.912760019302368164e+00 -4.982339859008789062e+00 -6.022440195083618164e-01 2.429620779681247178e-01 3.259534307474395987e-01 -9.136321960468474224e-01
1.902790069580078125e-01 5.293509960174560547e+00 5.858849883079528809e-01 -2.596582394268317009e-02 2.708132062249082872e-01 9.622816548813361015e-01
2.216079950332641602e+00 -6.856679916381835938e+00 -1.488199949264526367e+00 -1.750239178691783970e-01 4.943154191473136949e-01 -8.514804134957767445e-01
7.038080096244812012e-01 -7.545300006866455078e+00 -1.702419996261596680e+00 -3.326631380600655885e-02 4.605561461577817317e-01 -8.870069834009495224e-01
1.491639971733093262e+00 -2.082040071487426758e+00 2.904190123081207275e-01 -5.643435518034999737e-02 1.930183918863983550e-01 -9.795708570333065968e-01
1.267519950866699219e+00 -3.147300004959106445e+00 7.300170063972473145e-01 6.039714528936023646e-02 -2.269534520751664564e-01 9.720310259616515847e-01
-8.337309837341308594e+00 3.986530065536499023e+00 -1.512490034103393555e+00 -2.860588583929906115e-01 1.165058084267143468e-01 9.511028998682197200e-01
-8.923029899597167969e+00 3.264060020446777344e+00 -1.687089920043945312e+00 -7.562227775312976297e-01 2.199597169555608245e-01 6.162343983093439004e-01
-6.404739856719970703e+00 4.824689865112304688e+00 -1.005640029907226562e+00 -4.071465916141002173e-01 1.706885211489272136e-01 8.972720221231760274e-01
-2.990960121154785156e+00 7.356010079383850098e-01 2.590970098972320557e-01 1.405388690983321309e-01 8.048133605095642018e-02 -9.867986526237330080e-01
1.172019958496093750e+00 -5.612540245056152344e+00 -1.413989961147308350e-01 1.369665008932304251e-01 -4.853524550271201554e-01 8.635236951191390675e-01
-7.017199993133544922e+00 3.147020101547241211e+00 -8.929049968719482422e-01 -5.142537166912525270e-01 1.617655050050376964e-01 8.422440479217992992e-01
2.771209955215454102e+00 -1.205150008201599121e+00 3.315970003604888916e-01 -3.683551088975589582e-02 9.971151923120365190e-02 -9.943343291217979774e-01
-2.402329921722412109e+00 -1.077059984207153320e+00 8.832370042800903320e-01 -1.018053065919384964e-01 -1.259639255943681146e-01 9.867972279037765526e-01
5.064610004425048828e+00 -4.877940177917480469e+00 -6.336609721183776855e-01 3.306047077327010086e-01 -4.006372913646715217e-01 8.545117249008082894e-01
-2.590640068054199219e+00 5.524610042572021484e+00 -2.781170010566711426e-01 1.985473432979241726e-01 -4.125330484952043353e-01 -8.890418642384563253e-01
3.588809967041015625e+00 -5.503650188446044922e+00 -5.109440088272094727e-01 1.843375095621685722e-01 -4.800843949538645128e-01 8.576355031656508476e-01
2.259880006313323975e-01 2.501100003719329834e-01 6.649060249328613281e-01 5.261737813505731193e-02 -3.402493321398141618e-02 -9.980349269629678055e-01
7.771959900856018066e-01 4.987890243530273438e+00 6.680099964141845703e-01 1.329231352562997188e-02 2.416631830815032800e-01 9.702691484037055947e-01
-3.414540052413940430e+00 1.049250006675720215e+00 8.725249767303466797e-01 -1.741001082665759037e-01 5.942052127527581995e-03 9.847100305765551509e-01
-3.983530044555664062e+00 -5.723780155181884766e+00 -1.404199957847595215e+00 1.842424720975817110e-01 2.908228535372132106e-01 -9.388699480417106447e-01
-3.205339908599853516e+00 -3.691299915313720703e+00 -4.093430042266845703e-01 3.296920782585115450e-01 3.520831043905536806e-01 -8.759798063518895450e-01
3.878950119018554688e+00 -3.650939941406250000e+00 2.226430028676986694e-01 2.412849324376933335e-01 -3.289182899395262649e-01 9.130138771792002395e-01
-7.849380016326904297e+00 8.677359819412231445e-01 -1.121999979019165039e+00 -4.863668433024653792e-01 -1.430334745575844238e-03 8.737535395513489345e-01
6.386569738388061523e-01 8.534190058708190918e-01 1.324149966239929199e+00 5.794616937581050786e-01 6.793636816772504750e-01 -4.502100992702402493e-01
4.622439861297607422e+00 1.158810034394264221e-01 6.890640258789062500e-01 2.097152749740491817e-01 -3.566850284805162669e-02 9.771116933836875296e-01
-1.361350059509277344e+00 -6.703549861907958984e+00 -8.444679975509643555e-01 -2.026985839332025863e-01 -5.874706327056240518e-01 7.834484921039340799e-01
-3.915859937667846680e+00 5.679190158843994141e+00 -1.581030040979385376e-01 -3.372212289663290008e-01 4.331466819298968041e-01 8.358623060454152265e-01
-3.412189960479736328e+00 2.768189907073974609e+00 7.624149918556213379e-01 -1.915583166661430914e-01 9.674257255017298940e-02 9.767017384915459566e-01
-8.253009796142578125e+00 2.049829959869384766e+00 -1.348479986190795898e+00 -3.698337747853305268e-01 6.643143206684674895e-02 9.267199382022496268e-01
-7.034609794616699219e+00 -7.518389821052551270e-01 -1.209679961204528809e+00 4.743795755327520625e-02 -6.132979870425913083e-01 -7.884257855199049425e-01
2.580349922180175781e+00 -3.614989995956420898e+00 -4.479689896106719971e-02 -1.301368838128044991e-01 3.222485430734735590e-01 -9.376674612881245041e-01
1.085819959640502930e+00 -9.032659530639648438e+00 -2.258569955825805664e+00 9.328487884231731475e-02 -9.952417480346756884e-01 -2.813884056348321325e-02
2.959130048751831055e+00 -3.701230049133300781e+00 4.361400008201599121e-01 2.165255786955980755e-01 -3.772693784676786066e-01 9.004357222151661011e-01
-5.041250228881835938e+00 5.601500034332275391e+00 -1.086009979248046875e+00 4.017786893738906628e-01 -3.302658377609638540e-01 -8.541067621632834062e-01
-7.036069869995117188e+00 1.162649989128112793e+00 -1.121199965476989746e+00 5.318970376557715651e-01 2.022097221740457723e-02 -8.465675717954224133e-01
2.304290056228637695e+00 3.311229944229125977e+00 9.151319861412048340e-01 1.320861746198246089e-01 1.581979710794628458e-01 9.785329041072878820e-01
-3.887040138244628906e+00 6.382030010223388672e+00 -5.229640007019042969e-01 -2.941555993358193066e-01 4.259047420351680380e-01 8.556153540530592183e-01
-4.533079862594604492e-01 -5.648149967193603516e+00 -7.492799758911132812e-01 1.148375746356282562e-01 5.213775012565139422e-01 -8.455636183252684956e-01
-4.985509872436523438e+00 -2.994379997253417969e+00 -1.989140063524246216e-01 -7.036103227346912625e-01 -7.056511744237505823e-01 -8.359984315514605580e-02
-2.145989894866943359e+00 -3.380300045013427734e+00 -9.350179880857467651e-02 1.729499908744900893e-01 2.381032176528715405e-01 -9.557170911937606927e-01
-4.022130012512207031e+00 -2.413759946823120117e+00 -2.545630037784576416e-01 2.325718540757215069e-01 1.788783354888977273e-01 -9.559879046224918353e-01
-1.765969991683959961e+00 5.673240184783935547e+00 3.517490029335021973e-01 -1.469421984722526497e-01 4.079052757750602498e-01 9.011222316106807240e-01
-9.658449888229370117e-01 -3.715990066528320312e+00 -1.418790034949779510e-02 8.506259627465284634e-02 2.283175126670883015e-01 -9.698636337777231109e-01
-2.852329909801483154e-01 -1.486189961433410645e+00 1.660579919815063477e+00 -2.773585989605689139e-01 -9.126987126961693120e-01 -3.000887659099976679e-01
1.141499996185302734e+00 4.509029865264892578e+00 7.607939839363098145e-01 2.471403349358092943e-02 3.271298267005479793e-02 9.991591851718659711e-01
2.243700027465820312e+00 -2.285210132598876953e+00 8.054289817810058594e-01 8.835430078135961263e-02 -1.570263028655060067e-01 9.836342093186000168e-01
1.244910001754760742e+00 -7.386999726295471191e-01 1.616260051727294922e+00 8.611952391545310004e-01 -4.285860039743520922e-01 -2.732339606543572330e-01
-6.011720180511474609e+00 7.473259925842285156e+00 -1.725690007209777832e+00 -6.270233248754184530e-01 7.688774919816623310e-01 -1.251764849568975102e-01
-3.392250061035156250e+00 -5.536289811134338379e-01 7.808669805526733398e-01 -3.320155368231472726e-01 -2.463119710174092175e-02 9.429522720887693055e-01
-4.247529983520507812e+00 6.831240177154541016e+00 -1.302619934082031250e+00 2.715591944976688543e-01 -3.478185750225162853e-01 -8.973727446011960929e-01
6.838160157203674316e-01 -9.116930007934570312e+00 -1.911390066146850586e+00 9.028618745655113409e-02 -9.957072181764773378e-01 -2.038479889087500829e-02
