-4.209288024902343750e+01 1.650310009717941284e-01 -4.089309871196746826e-01 1.558842048466403674e-01 5.312236159062532631e-02 -9.863458467385389783e-01
7.917852783203125000e+01 8.476684570312500000e+00 -1.272970581054687500e+01 9.908650703111892000e-01 5.399729789502878685e-02 -1.235746910060372405e-01
1.292327785491943359e+01 8.487242126464843750e+01 -7.623340129852294922e+00 2.167035632109519938e-01 9.456320676875746845e-01 2.425274381438088933e-01
2.273299980163574219e+01 -4.543191909790039062e+01 1.144654989242553711e+00 5.616394917060644199e-01 -8.273715396590778370e-01 -4.173334197084054703e-03
-5.519462585449218750e+01 6.820581817626953125e+01 -1.183008003234863281e+01 -6.052642788354103409e-01 7.672793316462129809e-01 -2.119848579365787022e-01
1.901098442077636719e+01 2.185200500488281250e+01 1.005162620544433594e+01 1.059476491441423661e-02 3.250686102347044820e-04 9.999438210653671666e-01
5.816234588623046875e+01 5.677864074707031250e+01 -3.986546993255615234e+00 6.458117811825470067e-01 5.084767812329311631e-01 5.695423656171889615e-01
-5.139219284057617188e+01 -5.019226455688476562e+01 -7.310338973999023438e+00 -7.621323231812665577e-02 -9.269256218131814995e-01 -3.674240531672768872e-01
-8.216834259033203125e+01 2.622397041320800781e+01 -1.493836307525634766e+01 -9.129815370144263031e-01 2.960492454921959671e-01 -2.807482098149110539e-01
-1.628477668762207031e+01 5.198326873779296875e+01 7.931416988372802734e+00 -1.056887420494228569e-01 1.189781048981008171e-01 9.872558434159136587e-01
4.610855865478515625e+01 -1.040100574493408203e+01 6.041582107543945312e+00 2.195886840186346001e-01 -1.542619721803826227e-01 9.633192896386862936e-01
-4.510096073150634766e+00 -1.288366603851318359e+01 1.339142036437988281e+01 -2.753758403433246849e-01 -9.220019772332345154e-01 2.721773328791613489e-01
-1.476655197143554688e+01 -4.529366302490234375e+01 -1.899514913558959961e+00 4.898356500778599382e-02 -9.204180249552579296e-01 -3.878547017848181233e-01
-4.869929885864257812e+01 3.580266571044921875e+01 3.672449111938476562e+00 -2.551214599030133257e-01 1.047953062051846518e-01 9.612132877225099126e-01
-2.312982177734375000e+01 8.407146453857421875e+01 -7.195079803466796875e+00 -3.673142865063961770e-03 9.669894787123932689e-01 -2.547898272714720358e-01
-7.611992645263671875e+01 -8.378433227539062500e+00 -7.656047821044921875e+00 -7.559321904361595568e-01 -6.308950234007149049e-01 -1.747512314995260940e-01
5.374396514892578125e+01 2.357405471801757812e+01 5.641883850097656250e+00 3.500398559558030032e-01 5.548712670061151098e-02 9.350899839122173152e-01
2.519619560241699219e+01 5.599620437622070312e+01 7.465775012969970703e+00 1.773119734078077159e-01 3.131874421561336996e-01 9.329920096988651990e-01
7.176128387451171875e+01 -2.459787750244140625e+01 -1.109863471984863281e+01 5.693474260370077200e-01 -6.267334590794045868e-01 -5.320231947344008505e-01
-1.388985633850097656e+01 1.862550926208496094e+01 2.448476076126098633e+00 3.596755554488486467e-02 9.029936114515788037e-03 -9.993121610397290855e-01
-3.702417755126953125e+01 -2.791325950622558594e+01 4.550516128540039062e+00 -1.347428028285853341e-01 -1.448054601734714286e-01 9.802427024925236543e-01
1.978606414794921875e+01 -1.779685020446777344e+01 1.134400963783264160e+00 -5.519871359325623228e-02 1.230665654774822787e-01 -9.908621107294526276e-01
7.247843933105468750e+01 3.489477920532226562e+01 -1.183732414245605469e+01 7.470659159403767458e-01 3.780858537065812097e-01 -5.467573542871934089e-01
3.815965270996093750e+01 7.469678497314453125e+01 -8.359531402587890625e+00 3.363402500731134115e-01 6.027996084996287696e-01 -7.235384358646399505e-01
-6.409621429443359375e+01 1.434781169891357422e+01 -2.064619958400726318e-01 -3.876282853989324040e-01 4.926115033020579681e-02 9.204985884980099176e-01
-6.963911437988281250e+01 4.733612823486328125e+01 -6.728435993194580078e+00 -4.724756238987165013e-01 2.440403601159315816e-01 8.468831604513133993e-01
-6.079437637329101562e+01 -2.737604331970214844e+01 -2.796141147613525391e+00 -4.381754275688958811e-01 -2.203041416577762313e-01 8.714748302981822903e-01
5.647878170013427734e+00 4.145331573486328125e+01 3.554596900939941406e+00 5.484366146171602147e-02 -8.409378790719238689e-03 -9.984595410660497272e-01
3.210336923599243164e+00 6.651298522949218750e+01 5.502872943878173828e+00 -5.587576916459793819e-03 3.216822482263547167e-01 9.468311941208108484e-01
4.388061523437500000e+01 -3.375125885009765625e+01 1.787640005350112915e-01 3.270332245559046669e-01 -7.847872764216968777e-01 -5.264581662422780362e-01
-3.533751678466796875e+01 6.496847534179687500e+01 1.307076930999755859e+00 -2.805699679034615590e-01 3.410429636008424636e-01 8.972013096786054520e-01
5.283274173736572266e+00 4.800693988800048828e+00 1.682868003845214844e+00 3.985953257158293683e-02 6.462971556351054803e-02 -9.971129412104501322e-01
3.344742059707641602e+00 -3.342441177368164062e+01 6.086247920989990234e+00 5.272032437309656649e-02 -1.292648620048066910e-01 9.902076362303381396e-01
3.531629943847656250e+01 3.621508026123046875e+01 3.742292881011962891e+00 -1.286285545978838318e-01 -7.804110187668876486e-02 -9.886173584152422311e-01
2.827704620361328125e+01 2.878200054168701172e+00 2.469305038452148438e+00 -4.411867352414159532e-02 1.004082809866619352e-01 -9.939676653472052648e-01
6.323447036743164062e+01 3.565823078155517578e+00 2.098431110382080078e+00 4.861764341890296715e-01 2.939192823198522563e-03 8.738557295027526983e-01
-2.291235923767089844e+01 -1.107928562164306641e+01 1.136505961418151855e+00 9.601748397299632309e-02 4.817210972862508156e-02 -9.942133023731822838e-01
-3.500803375244140625e+01 1.915583229064941406e+01 7.677712917327880859e+00 -2.237323087602012261e-01 5.542980774937281835e-02 9.730731680761203206e-01
-2.817296218872070312e+01 3.703033447265625000e+01 1.533694028854370117e+00 7.359924216147023524e-02 8.471597859233774563e-02 -9.936832264481471055e-01
-8.506124877929687500e+01 6.980582237243652344e+00 -1.574394416809082031e+01 -7.841040651752649859e-01 2.969856275625241959e-02 -6.199183900690772298e-01
-1.524343776702880859e+01 -2.790978431701660156e+01 6.949227809906005859e+00 -5.022793141774496706e-02 -1.684884855694089856e-01 9.844230722286132496e-01
-3.395882415771484375e+01 -4.662084579467773438e+01 2.706719934940338135e-01 -1.538140917182510836e-01 -2.643871444593444142e-01 9.520717740976901711e-01
-7.926369190216064453e+00 5.991082191467285156e+00 1.566852378845214844e+01 -4.731064230719578961e-02 3.933406172409896484e-02 9.981054727396125870e-01
-5.900423049926757812e+01 -8.613534927368164062e+00 1.142403960227966309e+00 -3.336823457545997629e-01 -7.883428446958842817e-02 9.393834402010053930e-01
-4.978960037231445312e+00 8.243157196044921875e+01 -1.392266988754272461e+00 -1.872105648819684734e-02 4.309095346958440320e-01 9.022009171754243884e-01
-5.079112625122070312e+01 5.402537155151367188e+01 -3.526180088520050049e-01 -4.049159671103133018e-01 3.169472654025082270e-01 8.576639729713447791e-01
-1.762334632873535156e+01 6.982843017578125000e+01 3.200040102005004883e+00 -1.190911893493908913e-01 3.726727059383365681e-01 9.202892712989464430e-01
3.688058090209960938e+01 1.744205665588378906e+01 9.452994346618652344e+00 5.486480722560564682e-02 -7.321633266983709754e-02 9.958058151861119978e-01
-4.014128112792968750e+01 7.836418151855468750e+01 -9.975438117980957031e+00 -3.042738326118578640e-01 7.241066905315072244e-01 -6.189401711920136107e-01
7.001558685302734375e+01 1.991173744201660156e+01 -1.886363029479980469e+00 3.855018728607231271e-01 6.253267469498390019e-02 9.205856671795222823e-01
-1.006290435791015625e+01 3.480670166015625000e+01 9.628395080566406250e+00 -3.553279984364690613e-02 -6.710947000183700717e-02 9.971127013388926263e-01
7.538150787353515625e+01 -7.741217136383056641e+00 -5.810041904449462891e+00 5.076194653728228756e-01 -1.686931676447902539e-01 8.449053755093385298e-01
2.292605018615722656e+01 7.271342468261718750e+01 1.019749999046325684e+00 1.183176336110971505e-01 3.265134722843682225e-01 9.377579058549574409e-01
4.254787826538085938e+01 5.276943969726562500e+01 4.136133193969726562e+00 3.479498980056043300e-01 3.318877128141556887e-01 8.768018103088509596e-01
5.793514251708984375e+01 -2.271109199523925781e+01 1.326050013303756714e-01 4.249632343988518635e-01 -2.118213321226393997e-01 8.800783900693487372e-01
5.775314712524414062e+01 3.901557540893554688e+01 -2.406733989715576172e+00 -3.360384977611454715e-01 -1.245237120715946416e-01 -9.335801910678821480e-01
-2.398107910156250000e+01 5.233585834503173828e+00 8.191879272460937500e+00 1.373867424654508576e-02 -2.675155893833815884e-02 9.995476991741394368e-01
2.869412899017333984e+00 2.405591011047363281e+01 3.047873020172119141e+00 3.077532379145595659e-02 7.482755380616666618e-02 -9.967214839848272945e-01
1.146929836273193359e+01 -5.459473133087158203e+00 1.458177185058593750e+01 6.685755060413844930e-01 -3.024713208520078966e-01 6.793510821243669007e-01
-6.348647689819335938e+01 3.108724975585937500e+01 -4.823875904083251953e+00 2.535676672771685070e-01 -3.814953214371069601e-02 -9.665650786723215537e-01
4.656591033935546875e+01 5.908501148223876953e+00 2.123480081558227539e+00 -1.847297170964671553e-01 5.738675021868458459e-02 -9.811124769978198934e-01
2.064888381958007812e+01 4.001553344726562500e+01 1.022836112976074219e+01 1.308704614096525137e-02 1.050809939493326378e-01 9.943775510005867790e-01
2.867909812927246094e+01 -3.082471275329589844e+01 4.930140972137451172e+00 1.260113718053351428e-01 -1.955881124057648190e-01 9.725566433176461301e-01
-4.894598770141601562e+01 1.989277839660644531e+01 -5.381860136985778809e-01 2.086082779255168940e-01 -4.333987319504397501e-02 -9.770385057777343230e-01
-9.215588569641113281e+00 -2.480859994888305664e+00 2.056637048721313477e+00 -1.769867508234278589e-02 -5.270847541017344845e-02 -9.984530902953150377e-01
-4.480704498291015625e+01 -1.545656394958496094e+01 -1.354824066162109375e+00 4.964539194628804497e-02 2.385430585723523692e-02 -9.984820014154330847e-01
4.108572006225585938e+00 -1.817277908325195312e+01 1.404049992561340332e+00 -3.998513019525427176e-02 1.296142151215536054e-01 -9.907579646925338546e-01
-4.747252273559570312e+01 -3.532712554931640625e+01 -4.491257190704345703e+00 2.821267742641871412e-01 2.615478106117144486e-01 -9.230369580940425145e-01
-3.666224670410156250e+01 4.966066741943359375e+01 4.903952121734619141e+00 -2.485551260455587108e-01 1.914812393543713076e-01 9.495026510188322444e-01
6.370348930358886719e+00 1.061301326751708984e+01 1.548543548583984375e+01 2.795288817175255458e-01 3.984977618582788428e-01 8.735348522409922545e-01
3.124873161315917969e+01 -1.079129600524902344e+01 8.066518783569335938e+00 1.363408089053262662e-02 -2.016919721999541337e-01 9.793541035745770840e-01
-7.759813690185546875e+01 1.532452297210693359e+01 -6.054526805877685547e+00 -3.960769561249579684e-01 4.164480171097616895e-02 9.172724542453248864e-01
1.070927238464355469e+01 5.411737442016601562e+01 8.921924591064453125e+00 -2.191867355256434634e-03 1.573182441109171603e-01 9.875455259315161216e-01
-2.522663116455078125e+01 -3.493335342407226562e+01 -1.116459965705871582e+00 7.381083976392703583e-02 1.542593043286442367e-01 -9.852695199595827846e-01
3.507240676879882812e+01 6.492420959472656250e+01 1.817952990531921387e+00 2.288430002239907890e-01 2.867392799478979404e-01 9.302749413928355082e-01
-2.625293970108032227e+00 5.324781799316406250e+01 3.236228942871093750e+00 4.837422208545965469e-02 -1.362389581889608958e-01 -9.894942551168314226e-01
3.760557556152343750e+01 -2.077435874938964844e+01 -8.724100142717361450e-02 -1.093553904068517157e-01 1.488736761675067688e-01 -9.827909376532413255e-01
8.723015785217285156e+00 -4.415564346313476562e+01 -1.712430000305175781e+00 -9.202240762769102467e-02 -8.385465120143549278e-01 -5.370024429022294266e-01
6.152400588989257812e+01 -9.407094001770019531e+00 -3.202188968658447266e+00 -4.748449205049982691e-01 1.437787279265945739e-01 -8.682453448573232979e-01
-6.624182891845703125e+01 1.480569005012512207e+00 -5.515332221984863281e+00 3.387628882883111925e-01 -1.553037826370392595e-02 -9.407435957100889201e-01
4.928339385986328125e+01 6.622415161132812500e+01 -9.250737190246582031e+00 -9.034701902272530144e-03 7.492399546573344504e-02 -9.971483184887730555e-01
-5.473690795898437500e+01 4.688446044921875000e+00 3.277498006820678711e+00 -3.066353034647450460e-01 -5.535749064945095360e-02 9.502159432981956977e-01
1.565767002105712891e+01 -3.137607383728027344e+01 -1.076000044122338295e-03 -1.939470604751717536e-02 6.239193764214332610e-02 -9.978632629246300123e-01
-3.551122283935546875e+01 -9.457376480102539062e+00 7.072485923767089844e+00 -1.096260052161160542e-01 -1.443680759420482018e-01 9.834327621292402455e-01
-6.477452087402343750e+01 5.844822692871093750e+01 -1.320323753356933594e+01 -4.049731092381759767e-01 4.034007681452092542e-01 -8.205270264006052638e-01
-2.324009513854980469e+01 2.650057983398437500e+01 8.858283042907714844e+00 -5.497331426316932196e-02 -3.452463895528554844e-02 9.978907675812669353e-01
-7.731877899169921875e+01 3.898533630371093750e+01 -1.449555015563964844e+01 -1.933378260118001624e-01 3.550176625061456925e-01 -9.146490826222388737e-01
-1.038407039642333984e+01 -1.637851524353027344e+01 1.687307000160217285e+00 2.512827750176936659e-02 1.042764012380366645e-01 -9.942308594157789337e-01
1.687930870056152344e+01 -4.598206996917724609e+00 2.195568084716796875e+00 5.065651842963202894e-02 8.578708767178716554e-02 -9.950248704074594608e-01
1.792137336730957031e+01 8.419094085693359375e+00 8.932775497436523438e+00 -2.793808208344275915e-02 -8.407369149337139136e-02 9.960678079167984977e-01
-5.727165985107421875e+01 4.293112564086914062e+01 -3.914001941680908203e+00 2.382744692641760309e-01 -8.625003288098254117e-02 -9.673604339256928197e-01
4.828103256225585938e+01 3.568378448486328125e+01 6.202877998352050781e+00 3.614910855759306263e-01 1.588293936744115398e-01 9.187477448974522565e-01
7.684973144531250000e+01 2.132672119140625000e+01 -1.292618751525878906e+01 6.131806457698019130e-01 1.926144523590256896e-01 -7.660999728467307035e-01
-3.052989006042480469e+00 -4.448493957519531250e+01 3.628170013427734375e+00 8.064901002108234565e-04 -4.615706574364776271e-01 8.871030818159613140e-01
1.057817935943603516e+01 3.163245964050292969e+01 1.018134403228759766e+01 3.602288226708080842e-04 2.511186186860634578e-02 9.996845825702662669e-01
-6.604627990722656250e+01 -1.620948410034179688e+01 -6.575149059295654297e+00 2.730562763234184454e-01 1.415158237200923597e-01 -9.515322073357330712e-01
-2.400765991210937500e+01 5.912821197509765625e+01 8.335360288619995117e-01 1.199154489835715515e-01 -2.123722461957114060e-01 -9.698032347547911325e-01
1.058573150634765625e+01 7.585325622558593750e+01 1.126731038093566895e+00 1.187507654519541628e-01 3.235682277487896830e-01 9.387235256965079655e-01
-3.811340713500976562e+01 2.924202537536621094e+01 7.326530218124389648e-01 8.292989464285645262e-02 8.219359859120613926e-03 -9.965214873237961957e-01
2.502665328979492188e+01 8.096765136718750000e+01 -8.274765968322753906e+00 2.292343254713583300e-01 5.483972972104561583e-01 -8.041840762151150068e-01
-2.623299598693847656e+01 -2.165620231628417969e+01 7.115599155426025391e+00 -4.374003145042711094e-02 -9.534266683409624299e-02 9.944830745315267340e-01
2.910616493225097656e+01 2.530611228942871094e+01 3.540488004684448242e+00 -2.358966256613187484e-02 3.571705169775266867e-03 -9.997153448568227851e-01
-3.109155654907226562e+01 7.634029388427734375e+01 -1.628304004669189453e+00 -2.163109284983885661e-01 3.486852666367151743e-01 9.119364928780117063e-01
-4.390069961547851562e+01 1.061794757843017578e+01 6.217001914978027344e+00 -2.306986396421137897e-01 -1.916137458097590118e-02 9.728365635559991231e-01
-4.702241897583007812e+01 6.573641204833984375e+01 -2.810276985168457031e+00 -2.834585707819381462e-01 2.720734505683202742e-01 9.195799454893026637e-01
-3.266887903213500977e+00 1.465532684326171875e+01 8.218925476074218750e+00 -2.324024860620634274e-03 -1.356838523658095430e-01 9.907494593062468047e-01
1.481827640533447266e+01 6.335091400146484375e+01 1.853389978408813477e+00 -3.320879381002275060e-02 -2.223761946531404021e-01 -9.743951991185465511e-01
3.838029098510742188e+01 -7.031760215759277344e-01 8.420594215393066406e+00 7.294847466784186441e-02 -1.390574340996920955e-01 9.875938183611950860e-01
-3.302424240112304688e+01 9.059126853942871094e+00 9.744290113449096680e-01 8.514380124313315756e-02 4.740906438425269986e-02 -9.952401286745222730e-01
-7.097849845886230469e+00 -3.357369232177734375e+01 -5.569300055503845215e-02 -2.448341381988459325e-02 3.411230219583782919e-02 -9.991180677410573807e-01
-1.339784908294677734e+01 -4.554680824279785156e+00 1.331766605377197266e+01 -8.410532929299814331e-01 -2.942960456777817813e-01 4.538933750894102448e-01
5.891926574707031250e+01 1.463121986389160156e+01 -5.253220200538635254e-01 -3.269988197585598777e-01 -3.163459837429971611e-02 -9.444951159546595143e-01
-7.837672424316406250e+01 3.291995048522949219e+00 -6.290387153625488281e+00 -4.077319245172956186e-01 8.274476903142140294e-03 9.130641876458640560e-01
-1.692323875427246094e+01 4.137055206298828125e+01 2.384020090103149414e+00 5.039831122856747864e-02 7.018702685347239824e-03 -9.987045349040541975e-01
6.542829132080078125e+01 4.744028854370117188e+01 -5.954101085662841797e+00 7.940803833697462899e-01 4.166083750123136253e-01 -4.425763285772930100e-01
6.709461975097656250e+01 3.153997421264648438e+01 -1.731535911560058594e+00 4.311345890433879169e-01 1.094384440891607579e-01 8.956261458252168239e-01
-7.477577972412109375e+01 2.723928451538085938e+01 -5.643383979797363281e+00 -4.169146375399420679e-01 1.036916469295849907e-01 9.030117537230448743e-01
3.290579605102539062e+01 4.691800308227539062e+01 8.314400672912597656e+00 2.431975181905026706e-01 2.191599233692439197e-01 9.448935893182720536e-01
4.209717178344726562e+01 2.604638671875000000e+01 3.199810028076171875e+00 -1.438854938099983216e-01 -1.200338602604964638e-02 -9.895215426634038636e-01
-8.227641105651855469e+00 6.327960205078125000e+01 6.171557903289794922e+00 -4.346871679242854669e-01 7.076893062748515484e-02 8.977966498599815326e-01
1.869915008544921875e+00 -6.571756839752197266e+00 1.592319965362548828e+00 9.274467732288751987e-03 1.085726571086333136e-03 -9.999564017726449983e-01
-4.993714523315429688e+01 -2.565271759033203125e+01 1.804618000984191895e+00 -2.625075755637684138e-01 -1.353676740640434861e-01 9.553875473283726105e-01
7.277169036865234375e+01 8.477938652038574219e+00 -2.768260955810546875e+00 4.698099359714306145e-01 -1.094191688600722190e-02 8.826997782470437093e-01
-3.929858922958374023e+00 -2.429858970642089844e+01 7.446622848510742188e+00 -2.773037912110458761e-02 -1.005253105862614071e-01 9.945479817511749809e-01
1.064468479156494141e+01 1.528230476379394531e+01 2.764940023422241211e+00 5.738707894695926903e-02 9.699446473955519732e-02 -9.936291043341185514e-01
1.660729944705963135e-01 -2.378530979156494141e+00 1.572586631774902344e+01 3.468955581144478328e-02 -1.458993712317748492e-01 9.886910580114385283e-01
1.218481540679931641e+01 -2.348645019531250000e+01 7.589385986328125000e+00 -1.059795374249046240e-01 -5.200877174312655837e-01 8.475123030519021716e-01
2.607873535156250000e+01 1.423982906341552734e+01 3.244502067565917969e+00 -1.025452588182926977e-02 5.440181586190202812e-02 -9.984664677042823788e-01
-2.532785606384277344e+01 1.780353927612304688e+01 1.700681924819946289e+00 5.299909999842897929e-02 2.490985152533966608e-03 -9.985914531941110228e-01
-2.948883247375488281e+01 -1.772863984107971191e+00 9.624519944190979004e-01 1.023932074630408834e-01 1.983417163688912591e-02 -9.945462466375856181e-01
-5.727575302124023438e+01 -4.046284866333007812e+01 -7.061958789825439453e+00 -9.062514222391241381e-01 -3.740201969640185031e-01 -1.970209429288211078e-01
5.414257049560546875e+01 -2.497031927108764648e+00 5.004484176635742188e+00 3.036682129814374242e-01 -9.878293630049865548e-02 9.476431543152263881e-01
5.259909439086914062e+01 4.844054794311523438e+01 1.338708043098449707e+00 2.898642036292298219e-01 3.839738959879827884e-02 9.562972257234623186e-01
-3.383153915405273438e+00 4.400747299194335938e+01 9.741866111755371094e+00 9.807875480165738347e-02 1.007406276922690885e-01 9.900666057335354431e-01
-2.611899948120117188e+01 4.659116744995117188e+01 7.382893085479736328e+00 -1.291091819977946975e-01 1.125210713648065880e-01 9.852257749484512050e-01
-3.396810150146484375e+01 -1.805854415893554688e+01 -1.650419980287551880e-01 8.504376159139631630e-02 2.218126226296941728e-02 -9.961302877730437988e-01
-1.447549343109130859e+01 7.466761112213134766e+00 2.297137022018432617e+00 6.195921385468158328e-03 -4.603759394362617885e-02 -9.989204925829017201e-01
3.112692260742187500e+01 -3.901029586791992188e+01 -2.004884958267211914e+00 4.734196334360809555e-01 -5.990416189355047827e-01 -6.457731718338691751e-01
-4.461849975585937500e+01 4.491011047363281250e+01 -9.813249707221984863e-01 2.268285208565697098e-01 -8.244854437603277297e-02 -9.704385913886020010e-01
1.959468460083007812e+01 3.109265708923339844e+01 3.926271915435791016e+00 -2.303945017121482308e-02 1.189263124764244201e-02 -9.996638180197459089e-01
-3.847054290771484375e+01 3.890422058105468750e+01 5.955482006072998047e+00 -2.332350133167018502e-01 1.095130430490918322e-01 9.662340927359610587e-01
-4.678218841552734375e+00 7.151965332031250000e+01 -1.215709969401359558e-01 3.118886087306690924e-02 -3.498360669086049701e-01 -9.362916112234257460e-01
-3.669805526733398438e+01 -3.631406402587890625e+01 -2.394150972366333008e+00 1.904264722714089364e-01 2.279131675376531718e-01 -9.548787078583437227e-01
-5.532283782958984375e+01 -1.780005645751953125e+01 -3.449001073837280273e+00 2.977316512227944911e-01 1.134371189766328336e-01 -9.478860078608765116e-01
-1.491947746276855469e+01 7.807062530517578125e+01 -3.352272987365722656e+00 1.399102630563648642e-01 -4.652280326733644333e-01 -8.740640685363800788e-01
-6.095573806762695312e+01 5.341598510742187500e+01 -4.360047817230224609e+00 -3.986678866289183887e-01 2.533805717948153791e-01 8.813978681661104320e-01
2.185734033584594727e+00 8.613854217529296875e+01 -8.651567459106445312e+00 6.974300867817534444e-02 5.199559653257680436e-01 -8.513411225018234774e-01
4.757917022705078125e+01 -2.367043495178222656e+01 3.182024002075195312e+00 1.809698963462590682e-01 -1.315429861878989193e-01 9.746519067857992713e-01
-4.876636505126953125e+01 -6.977532863616943359e+00 4.290157794952392578e+00 -2.796909430752528847e-01 -8.466060591707122440e-02 9.563501232119071549e-01
6.951897430419921875e+01 -1.665305709838867188e+01 -4.151132106781005859e+00 4.293279091913206891e-01 -2.054457075575820690e-01 8.794712090998623166e-01
4.728615951538085938e+01 1.510031223297119141e+01 7.924733161926269531e+00 2.091549175118567194e-01 5.673367926123101292e-03 9.778660610620368843e-01
-5.880133819580078125e+01 2.372097587585449219e+01 1.472362995147705078e+00 -3.518758160118036216e-01 4.467712234495858914e-02 9.349798740320568458e-01
4.539157485961914062e+01 6.229967880249023438e+01 -6.989199668169021606e-02 3.010076888434951026e-01 3.259075721545420246e-01 8.962023352287303846e-01
-5.894124984741210938e+00 2.495421791076660156e+01 9.445830345153808594e+00 -1.103013740723008881e-03 -8.767810818431073794e-02 9.961482483575967439e-01
1.841202163696289062e+01 4.848434448242187500e+01 4.097328186035156250e+00 -5.388065036507231481e-02 -1.183866543924168152e-01 -9.915046523229265052e-01
-1.626235961914062500e+00 3.375458908081054688e+01 3.223809957504272461e+00 3.675406999758189242e-02 1.300447879877965687e-02 -9.992397219235156225e-01
-4.254108428955078125e+01 -4.460301971435546875e+01 -5.683048248291015625e+00 1.782253599173227177e-01 2.313868551113209548e-01 -9.563973255734425916e-01
1.178569126129150391e+01 -1.302910614013671875e+01 7.412827014923095703e+00 -1.402073941425313608e-01 -9.623747111264283061e-02 9.854340342111206352e-01
3.652220916748046875e+01 9.447351455688476562e+00 2.769690990447998047e+00 3.972083021125619867e-02 8.027253124805634743e-02 -9.959812128621494676e-01
-1.522918224334716797e+01 2.911235237121582031e+01 2.605436086654663086e+00 8.685463720836172907e-02 -2.058534256290565218e-02 -9.960082909629676129e-01
-4.083098602294921875e+01 5.660171508789062500e+01 -1.732190012931823730e+00 2.170470946534880374e-01 -1.493894880299721506e-01 -9.646622930168996524e-01
-7.180988311767578125e+01 3.720282745361328125e+01 -5.700612068176269531e+00 -4.331946845698157467e-01 1.517160195650063270e-01 8.884394265608704933e-01
-1.721661758422851562e+01 -3.794051742553710938e+01 4.964003086090087891e+00 -8.848897751741247042e-02 -1.758160571765490510e-01 9.804378689630542931e-01
2.836510848999023438e+01 -2.066084480285644531e+01 6.677591800689697266e+00 5.816259554462517578e-02 -1.706783117855314724e-01 9.836086754220670914e-01
7.880375671386718750e+01 -1.808754920959472656e+00 -1.340866756439208984e+01 4.591396118283622707e-01 -2.274081666604224061e-01 -8.587644278766128902e-01
-2.406984710693359375e+01 -4.519144439697265625e+01 2.341639995574951172e+00 -1.939474532280863195e-01 -2.541784474356664769e-01 9.475113203785660021e-01
5.262183380126953125e+01 -1.409736347198486328e+01 -1.013538002967834473e+00 -1.979006350450778773e-01 1.187026354922671723e-01 -9.730082337657502967e-01
-1.936609458923339844e+01 -1.627174019813537598e+00 2.170716047286987305e+00 9.833404938849944765e-02 3.104642718766217890e-02 -9.946690575712816562e-01
2.806506156921386719e+01 3.300677871704101562e+01 1.006838130950927734e+01 4.859603842507331101e-02 5.764632443795060512e-02 9.971536122023443305e-01
4.294857406616210938e+01 4.300630569458007812e+01 1.878702998161315918e+00 -2.260715993098777188e-01 -1.092023057733234048e-01 -9.679702931388253218e-01
7.502176666259765625e+01 -1.519681262969970703e+01 -1.248661041259765625e+01 1.651112108162076375e-01 -1.140587748849893474e-01 -9.796575340059103798e-01
6.840377807617187500e+01 -4.882969856262207031e-01 -5.436430931091308594e+00 -4.516207491455337397e-01 9.689204932335949982e-02 -8.869332724163337955e-01
-4.519498825073242188e+00 6.892699241638183594e+00 1.734377026557922363e+00 -8.664139569005524510e-02 8.091530379589809141e-02 -9.929481266231872105e-01
-8.415565490722656250e+01 1.662718582153320312e+01 -1.344981002807617188e+01 -9.815062492937243199e-01 1.391632328733468926e-01 1.314499038174008205e-01
2.134131622314453125e+01 -1.082386016845703125e+01 8.698563575744628906e+00 -2.951146819481168526e-01 -7.400461924232454997e-03 9.554331780202998115e-01
-3.615175247192382812e+01 1.909901976585388184e+00 7.293322086334228516e+00 -4.214037411055835541e-03 -2.768248272931452675e-02 9.996078841418964966e-01
3.320622634887695312e+01 5.496442794799804688e+01 1.819952011108398438e+00 -1.690423429932995658e-01 -1.925526376011428564e-01 -9.666168672375724524e-01
-1.891041564941406250e+01 -2.114567375183105469e+01 5.949559807777404785e-01 6.112002673426741861e-02 1.159706408680446360e-01 -9.913703408861178623e-01
-8.311395263671875000e+01 -2.182652950286865234e+00 -1.288111495971679688e+01 5.722254340765052516e-02 -9.983567466064343643e-01 3.063826263895481818e-03
6.063061904907226562e+01 2.425296020507812500e+01 -1.725512981414794922e+00 -4.374665198320721315e-01 -8.958393274240257498e-02 -8.947612882889043329e-01
-5.573058700561523438e+01 6.161864089965820312e+01 -4.577885150909423828e+00 -3.517517474685079581e-01 2.754402796994619984e-01 8.946526479432859169e-01
2.553223037719726562e+01 6.326291656494140625e+01 9.759250283241271973e-01 -1.218916543964053828e-01 -2.824315281549661383e-01 -9.515118793228793947e-01
9.912633895874023438e+00 2.958888053894042969e+00 1.003150939941406250e+01 8.847868245743031324e-01 1.850210472176280763e-01 -4.276908780254890519e-01
-1.961824226379394531e+01 1.386779880523681641e+01 8.642827033996582031e+00 2.154230370678806086e-02 -4.871678116361468497e-02 9.985802944100494738e-01
-6.798552703857421875e+01 -7.557929039001464844e+00 -2.505861043930053711e+00 -3.725706720859653931e-01 -1.065015049839906913e-01 9.218722925316483741e-01
-1.130484390258789062e+01 8.580430603027343750e+01 -7.841554164886474609e+00 2.298083921516339279e-01 9.368827472364635867e-01 -2.635124680680925868e-01
-2.189165878295898438e+01 3.612782287597656250e+01 8.782728195190429688e+00 -9.910101146608413236e-02 1.281350886839942860e-01 9.867929816199261239e-01
1.199965190887451172e+01 4.450917053222656250e+01 1.011228752136230469e+01 1.545528282410148398e-02 6.291726591647524292e-02 9.978990689856477303e-01
1.526572227478027344e+01 -4.010113143920898438e+01 4.020795822143554688e+00 6.310912035198727732e-02 -3.321998037000334913e-01 9.410953880186947451e-01
5.533902359008789062e+01 8.049950599670410156e+00 5.467109203338623047e+00 4.001104965894836107e-01 9.556842275502609729e-03 9.164170760546956895e-01
7.470611572265625000e+01 2.733961868286132812e+01 -5.769038200378417969e+00 7.082861910019088159e-01 2.123104131288174601e-01 6.732421259198496655e-01
6.310513305664062500e+01 -2.606012916564941406e+01 -7.199600219726562500e+00 -2.831407693984773211e-01 -7.646882836551228690e-01 -5.788636571292248290e-01
3.103110885620117188e+01 7.665670776367187500e+01 -2.208342075347900391e+00 2.551557710936098178e-01 5.669396839489737605e-01 7.832464026355072662e-01
-6.681237792968750000e+01 2.198982620239257812e+01 -5.383730888366699219e+00 2.577308948736581895e-01 -1.269104299799716541e-02 -9.661333879207603115e-01
-3.184473037719726562e+01 3.071524047851562500e+01 7.771785736083984375e+00 -1.519137094378246178e-01 3.581338820318487326e-02 9.877447170753422823e-01
1.242297554016113281e+01 2.482089614868164062e+01 3.595371961593627930e+00 3.156980841914100444e-02 6.322644538283804516e-02 -9.974997562910127291e-01
-4.004842758178710938e+01 7.246367645263671875e+01 -2.490171909332275391e+00 -2.774234013310268865e-01 3.055547375782733388e-01 9.108636334476180041e-01
-2.606135177612304688e+01 6.827201843261718750e+01 -1.054774045944213867e+00 2.061543464010494875e-01 -3.159276580125557343e-01 -9.261155977320854049e-01
-1.618101882934570312e+01 -1.189091682434082031e+01 7.816771984100341797e+00 -8.692249696951236115e-02 -5.511103474282306319e-02 9.946895261186580184e-01
3.794898223876953125e+01 -7.849950790405273438e+00 1.944030046463012695e+00 1.931112559009288618e-02 8.746169540239835671e-02 -9.959806887012325749e-01
7.123939990997314453e+00 -2.709218978881835938e+01 1.709060072898864746e-01 -3.153479693913328191e-02 7.777137656851075553e-02 -9.964723626717635341e-01
4.968379020690917969e+00 -1.225614833831787109e+01 1.399715995788574219e+01 3.341494585168606757e-01 -8.421792169722710497e-01 4.231764476821238130e-01
-5.443359375000000000e+01 3.120326995849609375e+01 -2.210175991058349609e+00 2.602259774335906051e-01 -7.598919520029812080e-02 -9.625528987445538531e-01
-5.500412368774414062e+01 1.262458610534667969e+01 -1.914404988288879395e+00 2.169841582656063528e-01 3.622780074099967579e-02 -9.755026506961611554e-01
-4.803709411621093750e+01 7.329064178466796875e+01 -8.475545883178710938e+00 -5.477730072956121798e-01 7.817861835310035978e-01 2.979179345362564235e-01
2.196829223632812500e+01 -8.106900006532669067e-02 8.772338867187500000e+00 1.306565680622913568e-02 -2.567822708821893701e-02 9.995848724674797348e-01
-4.337673187255859375e+01 2.358438491821289062e+01 6.043727874755859375e+00 -2.006076913439677478e-01 5.664311032595552992e-02 9.780327766625437347e-01
-6.989476013183593750e+01 1.005306911468505859e+01 -6.515971183776855469e+00 3.124314266977526455e-01 6.193100165319526118e-02 -9.479193819338429527e-01
-2.916937446594238281e+01 -2.651872444152832031e+01 -3.253459930419921875e-01 1.839911729696314946e-01 1.801908565597677148e-01 -9.662704090892551001e-01
-9.483098983764648438e+00 4.693066406250000000e+01 3.169305086135864258e+00 5.290122972503305543e-02 5.346590863192149379e-02 -9.971674164891983771e-01
1.832615280151367188e+01 8.034773254394531250e+01 -1.536085009574890137e+00 1.495760644078739654e-01 4.290611087561932990e-01 8.908050100382000069e-01
5.760701751708984375e+01 3.159600830078125000e+01 3.126554012298583984e+00 5.100936672633507030e-01 1.838922171822268137e-01 8.402309819791404788e-01
2.600524520874023438e+01 -6.072639942169189453e+00 1.998296976089477539e+00 -7.474322960453601283e-02 5.652490489186998840e-02 -9.955995102224833859e-01
-4.026174163818359375e+01 1.684909057617187500e+01 3.432059884071350098e-01 1.331970200527264891e-01 1.247795168462574253e-02 -9.910110264627886023e-01
3.566598510742187500e+01 -2.972439765930175781e+01 -1.047147035598754883e+00 -1.150656440109147595e-03 7.391901641165879444e-02 -9.972635835136515192e-01
2.087661743164062500e+01 -2.621440887451171875e+01 6.399793148040771484e+00 1.074750293127414713e-01 -1.997346338232673102e-01 9.739379826897145431e-01
5.172304916381835938e+01 -2.875033378601074219e+01 -3.244471073150634766e+00 3.464772780254299911e-01 -7.064725519003423049e-01 -6.171304799015416842e-01
3.008641052246093750e+01 8.701743125915527344e+00 9.367839813232421875e+00 6.460636286007512274e-02 -2.905452938797902299e-02 9.974877704513651633e-01
3.562974929809570312e+01 2.787594985961914062e+01 9.512538909912109375e+00 1.172664935319039647e-01 3.477690411724643910e-02 9.924913785191041837e-01
7.781977081298828125e+01 1.501239395141601562e+01 -6.496263980865478516e+00 8.095618049687259843e-01 1.031183504674930418e-01 5.779068175170126720e-01
4.082106113433837891e+00 8.185469055175781250e+01 -9.255089759826660156e-01 -3.640220616574205148e-02 4.236899606920535577e-01 9.050755198297172344e-01
-1.495554828643798828e+01 5.893823623657226562e+01 1.998485088348388672e+00 9.325208580781969847e-02 -1.620329227622349377e-01 -9.823692688768407288e-01
2.732052040100097656e+01 4.105204010009765625e+01 4.242349147796630859e+00 -5.255688936350891294e-02 -4.254138676281698367e-02 -9.977113830125063920e-01
-2.518815422058105469e+01 -5.572110176086425781e+00 7.898065090179443359e+00 -5.458166475051250133e-02 -6.983735049094345892e-02 9.960640473129566130e-01
1.433954048156738281e+01 3.837430191040039062e+01 3.975656032562255859e+00 5.832535833495323951e-02 2.533781737023927186e-02 -9.979760255567322602e-01
5.094263076782226562e+00 5.809700012207031250e+01 3.031002998352050781e+00 9.932348847284099003e-02 -1.190860064668894103e-01 -9.879035214540705656e-01
-2.887107467651367188e+01 1.267526912689208984e+01 8.282491683959960938e+00 -3.198508301098428042e-02 -4.028636620107562544e-02 9.986761052328693156e-01
6.935708618164062500e+01 3.954936981201171875e+01 -4.922317981719970703e+00 6.630351110318924990e-01 3.234815397177868146e-01 6.750882423807542665e-01
-5.326818847656250000e+01 -2.467613935470581055e+00 -1.886469006538391113e+00 2.159277976292905965e-01 5.587252994053619470e-02 -9.748094411776119239e-01
-3.193602180480957031e+01 5.713973999023437500e+01 4.338223934173583984e+00 -2.183270185115145645e-01 2.274340931687953704e-01 9.490031855859918375e-01
2.252818298339843750e+01 -3.694210052490234375e+01 -1.434874057769775391e+00 -2.841962230809910381e-02 1.051968923913276927e-01 -9.940452398654058275e-01
1.677156925201416016e+00 -3.858909225463867188e+01 -9.762920141220092773e-01 -1.651655831970066657e-01 4.049855190127793492e-01 -8.992814128609255553e-01
-9.764849662780761719e+00 -2.515089988708496094e+01 4.635530114173889160e-01 1.215530662829162299e-02 1.048697164447263130e-01 -9.944116808915586248e-01
1.975436925888061523e+00 2.943535423278808594e+01 1.005006790161132812e+01 -3.263608625146493386e-02 1.886503169316788853e-01 9.815018817077041380e-01
1.403657817840576172e+01 3.927432060241699219e+00 2.294340133666992188e+00 6.505724168713107602e-02 -1.592722746572586279e-02 -9.977544180455014677e-01
-2.375519943237304688e+01 -3.015663146972656250e+01 6.146773815155029297e+00 -9.298912383445449847e-02 -1.590655991276738179e-01 9.828790149467301340e-01
4.559017181396484375e+01 -2.831692934036254883e+00 1.553254008293151855e+00 -1.482594388902869209e-01 1.077920049869597469e-01 -9.830564696093652133e-01
-4.190171432495117188e+01 -2.376492881774902344e+01 -1.517974019050598145e+00 1.282845458552240581e-01 5.701223009818588011e-02 -9.900973088105787800e-01
-3.048098373413085938e+01 2.495500564575195312e+01 1.282546043395996094e+00 7.884942570646244486e-02 -7.589619712800302863e-03 -9.968576456738323932e-01
2.867631912231445312e+00 5.016270828247070312e+01 9.311755180358886719e+00 -1.617820686117094411e-02 1.190473302437870806e-01 9.927567671814601091e-01
3.885718154907226562e+01 -1.526494216918945312e+01 6.602293014526367188e+00 1.739359129921690394e-01 -1.763676105161546825e-01 9.688347455228898397e-01
2.836087036132812500e+01 1.940879821777343750e+01 9.954267501831054688e+00 -1.031670536153003227e-02 -2.654538268461384409e-02 9.995943718572103398e-01
4.137798309326171875e+01 6.986006164550781250e+01 -1.820122957229614258e+00 2.684479454380304109e-01 3.800730362756198910e-01 8.851441620924421771e-01
-3.965085601806640625e+01 -8.283370971679687500e+00 -4.940490126609802246e-01 1.272030838926342389e-01 2.098776443881221823e-02 -9.916546219284537722e-01
7.604458808898925781e+00 2.018393135070800781e+01 9.266936302185058594e+00 -7.749826096183583257e-02 -1.443559927918778574e-01 9.864863744081630026e-01
-3.214093399047851562e+01 8.155453491210937500e+01 -8.464523315429687500e+00 2.413706596998002885e-01 5.813968029912276458e-01 -7.769928970767124854e-01
7.682344055175781250e+01 1.337432980537414551e+00 -5.643721103668212891e+00 6.013979895386312169e-01 4.071697523727811630e-02 7.979113898838763319e-01
4.966604232788085938e+01 5.535022735595703125e+01 -2.849282979965209961e+00 -3.618315634771139266e-01 -2.782831155033152482e-01 -8.897395277818535009e-01
-4.659254455566406250e+01 2.821937942504882812e+01 -4.352529942989349365e-01 2.328604837574671238e-01 -4.762762918981656990e-02 -9.713431958077411998e-01
-4.737241744995117188e+01 6.879364967346191406e+00 -6.101949810981750488e-01 9.585880314570013883e-02 4.127067864124289720e-02 -9.945389992071529406e-01
2.511914968490600586e+00 1.281480789184570312e+01 2.238332033157348633e+00 5.395503345698614978e-02 1.256934747339514546e-01 -9.906008301904258850e-01
-2.272378540039062500e+01 7.611252593994140625e+01 -2.186360061168670654e-01 -1.304626276179392530e-01 3.311266744599431489e-01 9.345237440836491327e-01
-1.131881618499755859e+01 2.605711936950683594e+00 8.507192611694335938e+00 -8.274553183906558917e-01 1.371382832110301930e-01 5.445280409170399905e-01
-1.440822410583496094e+01 2.376309013366699219e+01 9.161668777465820312e+00 -4.080960877060529207e-02 -2.448727695219238623e-02 9.988668325154543837e-01
-3.999098205566406250e+01 -1.643527221679687500e+01 5.484604835510253906e+00 -1.993424499048439824e-01 -1.215176409541280506e-01 9.723662121869921515e-01
-3.171594047546386719e+01 -3.442747879028320312e+01 4.212028980255126953e+00 -1.648016411164520967e-01 -2.465612802988182972e-01 9.550120178001590965e-01
-5.547254943847656250e+01 -3.384769058227539062e+01 -2.168692111968994141e+00 -3.821171615998081306e-01 -2.756252017977539048e-01 8.820528458912501035e-01
3.002688026428222656e+01 -2.453702926635742188e+00 8.757053375244140625e+00 7.436549317955687410e-02 -6.600241746185360470e-02 9.950444484109001175e-01
-6.095391845703125000e+01 -4.544300138950347900e-01 9.226710200309753418e-01 -4.132494519436810121e-01 -7.464828320597405309e-02 9.075530421317797858e-01
2.774068641662597656e+01 -1.424234771728515625e+01 1.189669966697692871e+00 -3.351743379262856620e-02 1.126277811966430453e-01 -9.930717821661625422e-01
4.452640914916992188e+01 -1.605799865722656250e+01 5.219500139355659485e-02 -6.129877090939681722e-02 1.201446610272719623e-01 -9.908621100393530945e-01
-2.809022712707519531e+01 -1.341057586669921875e+01 7.383255004882812500e+00 -3.337894330512777147e-02 -5.387610018328318345e-02 9.979895851024066511e-01
-6.987570953369140625e+01 5.182472991943359375e+01 -1.378102016448974609e+01 -3.936350734215708358e-01 3.523240738858943732e-01 -8.490695942811998798e-01
-4.414107513427734375e+01 -3.164076805114746094e+01 2.248620986938476562e+00 -2.174632225596861979e-01 -1.507009633391774572e-01 9.643645402453370208e-01
-1.137476348876953125e+01 1.271051597595214844e+01 8.228006362915039062e+00 5.580265628146720454e-03 -2.018998463964895296e-01 9.793902759679581349e-01
2.140619993209838867e+00 3.780285644531250000e+01 1.019849586486816406e+01 -1.424388812233814451e-02 9.091475676994854871e-02 9.957568069828192092e-01
-1.164072036743164062e+00 -2.756435012817382812e+01 2.320359945297241211e-01 -9.210307511753355880e-03 4.635318440275362079e-02 -9.988826520323912384e-01
-5.713469982147216797e+00 2.022505569458007812e+01 2.653207063674926758e+00 1.198060471141424409e-02 7.764719475334125320e-02 -9.969089117154513735e-01
-7.959838104248046875e+01 3.238915252685546875e+01 -1.010712242126464844e+01 -9.309844029778568952e-01 3.340262509220552345e-01 1.472905465633132238e-01
2.471901512145996094e+01 4.751016998291015625e+01 9.297620773315429688e+00 6.600475351348358832e-02 9.005341591678703295e-02 9.937473294531877777e-01
-2.189558029174804688e+01 5.114105606079101562e+01 1.976323008537292480e+00 7.250365333039650306e-02 -1.747378728887509780e-01 -9.819419005379393939e-01
-5.040564346313476562e+01 -4.296408843994140625e+01 -3.308961868286132812e+00 -3.557115389250338211e-01 -4.080253239366057882e-01 8.408237842152255226e-01
-2.642232894897460938e+00 -1.343509387969970703e+01 1.817620038986206055e+00 -8.780460988433187730e-02 1.315716387364082932e-02 -9.960508217565319233e-01
4.166406250000000000e+01 6.874595165252685547e+00 8.643129348754882812e+00 1.757772578204248315e-01 -3.839051072711723717e-02 9.836811090588468698e-01
-8.426528930664062500e+00 -8.213584899902343750e+00 7.900866985321044922e+00 -1.557112732624039431e-01 1.645140524782323921e-01 9.740067381266879210e-01
-3.124668312072753906e+01 4.461052322387695312e+01 1.306040048599243164e+00 1.284051963208125424e-01 -7.387937845438406759e-02 -9.889660980018513126e-01
-1.762424945831298828e+00 1.135696029663085938e+01 1.559165859222412109e+01 -3.235387103448682244e-02 1.067282255594771273e-01 9.937616982446089153e-01
-6.442546081542968750e+01 3.916669464111328125e+01 -2.794743061065673828e+00 -3.756660584002539660e-01 1.341526782552341368e-01 9.169940411381987122e-01
-1.800220108032226562e+01 -3.135556411743164062e+01 8.930800110101699829e-02 4.449498526846269036e-02 3.052479390901044476e-02 -9.985431554233256124e-01
-3.098717117309570312e+01 -1.040873813629150391e+01 3.570649921894073486e-01 9.963515682784658545e-02 7.220310022917672543e-02 -9.924009007660089532e-01
2.669769048690795898e+00 7.425711059570312500e+01 2.129400014877319336e+00 3.418861537294350800e-02 4.224341225572187941e-01 9.057486134011984991e-01
-2.247031593322753906e+01 1.011299991607666016e+01 1.865635991096496582e+00 1.374898781484358568e-01 -6.636336074805015972e-03 -9.904809399732183994e-01
-8.822744369506835938e+00 5.532102203369140625e+01 8.047561645507812500e+00 -6.130006414225361994e-02 1.234424189682164913e-01 9.904565974011333429e-01
-8.016106605529785156e+00 3.886932373046875000e+01 2.908337116241455078e+00 3.414471572498568863e-02 -6.715131350873813909e-02 -9.971583823456087181e-01
-2.315612792968750000e+01 3.065271759033203125e+01 1.830250978469848633e+00 1.489082037386018631e-01 -4.548047721984002645e-02 -9.878045722971718900e-01
-6.033082199096679688e+01 6.691843986511230469e+00 -3.372092008590698242e+00 3.503312401373837037e-01 4.809043806869097402e-03 -9.366135250365895670e-01
6.475666809082031250e+01 9.641183853149414062e+00 -3.117213010787963867e+00 -4.713802364228561470e-01 1.743272145111679494e-02 -8.817577745235593012e-01
8.876248359680175781e+00 -2.523407936096191406e+00 1.696959018707275391e+00 5.230979595365751328e-02 1.307901611899479422e-03 -9.986300489373731715e-01
4.941537475585937500e+01 2.913068580627441406e+01 1.602694034576416016e+00 -2.464022814723321464e-01 -6.010684743022533943e-02 -9.673019603914949638e-01
1.860180282592773438e+01 1.734160804748535156e+01 3.353034973144531250e+00 2.251518312273876124e-02 7.021347628628325788e-02 -9.972778621210564021e-01
4.130804061889648438e+00 -2.445534324645996094e+01 7.220831871032714844e+00 -1.476298978152181494e-02 -2.571411768643946591e-02 9.995603224840002854e-01
-1.491421985626220703e+01 -1.984586524963378906e+01 7.507802963256835938e+00 -5.244639552316510828e-02 2.397957334367838492e-02 9.983357930370335698e-01
-5.163834381103515625e+01 -1.432533073425292969e+01 2.862355947494506836e+00 -2.541059932526302245e-01 -1.403315047241297797e-01 9.569415932934234315e-01
6.157492446899414062e+01 -1.752575111389160156e+01 -4.787109851837158203e+00 -4.116865526030912270e-01 1.926103707817861110e-01 -8.907386976398213863e-01
-9.206287384033203125e+00 -3.933264923095703125e+01 5.086390018463134766e+00 1.111072193139093015e-02 -2.383520702566464811e-01 9.711152570434334885e-01
-1.272343540191650391e+01 4.246388626098632812e+01 9.105324745178222656e+00 -6.901051530914158183e-02 6.049323215806489545e-02 9.957801552751677221e-01
6.124310016632080078e+00 3.181322669982910156e+01 3.515151977539062500e+00 7.018404775966634312e-02 3.507358400387876850e-03 -9.975278932827493783e-01
1.738466072082519531e+01 5.831541061401367188e+01 7.627760887145996094e+00 3.850474124221683198e-02 2.561970173651468285e-01 9.658573772535324897e-01
9.266488075256347656e+00 -3.616178894042968750e+01 -5.164960026741027832e-01 4.478654256844655235e-03 2.346202165898447489e-01 -9.720767951264869255e-01
5.039756011962890625e+01 4.055947113037109375e+01 2.631489932537078857e-01 -2.883360894220557968e-01 -1.591263106247663706e-01 -9.442145501970123922e-01
-4.776309967041015625e+01 1.113018035888671875e+00 5.104300022125244141e+00 -2.329417901214583531e-01 -6.953077585347966494e-02 9.700018523818517702e-01
5.160923385620117188e+01 1.708199882507324219e+01 1.428071022033691406e+00 -2.369427166802249018e-01 2.890418149415818413e-02 -9.710935574414790716e-01
-8.278157043457031250e+01 9.804867744445800781e+00 -8.684050559997558594e+00 -5.128748754375000996e-01 1.575688860327010762e-02 8.583187534980888378e-01
-4.143827438354492188e+01 -4.260796070098876953e+00 6.159068107604980469e+00 -1.366461136007270372e-01 -2.434044039775842827e-02 9.903208483108191240e-01
2.602307701110839844e+01 -2.488547325134277344e+01 3.982110023498535156e-01 1.963100418649580455e-03 6.403662014636983535e-02 -9.979456185168488203e-01
5.893437957763671875e+01 -2.150578975677490234e+00 -1.272302985191345215e+00 -3.564378196111078756e-01 1.059263904308255094e-01 -9.282950396081925959e-01
-8.065084075927734375e+01 2.232420539855957031e+01 -8.247734069824218750e+00 -5.663326599753029100e-01 1.158254074528770050e-01 8.159974223204831123e-01
5.764658737182617188e+01 4.885383224487304688e+01 -4.712889194488525391e+00 -5.176531520261046238e-01 -2.943736677325242690e-01 -8.033550634328135986e-01
-1.180160999298095703e+00 5.996968460083007812e+01 7.434824943542480469e+00 1.659262006074024853e-03 2.689748855788292037e-01 9.631457614387611832e-01
4.107508468627929688e+01 3.346026611328125000e+01 8.502109527587890625e+00 2.187645580756288066e-01 9.433285168548187494e-02 9.712071772916732737e-01
1.102796077728271484e+01 -3.126866149902343750e+01 6.344607830047607422e+00 7.416897652931549179e-02 -1.647902484447249516e-01 9.835360374374290116e-01
1.193389511108398438e+01 -1.873836135864257812e+01 1.194537997245788574e+00 -3.917109890437660280e-02 1.261246521127825926e-01 -9.912407362190343019e-01
-5.087655258178710938e+01 1.413409328460693359e+01 4.580492019653320312e+00 -3.053192798706436673e-01 3.149943722662212897e-02 9.517289124502195108e-01
4.173070907592773438e+01 1.821596908569335938e+01 3.313035011291503906e+00 -1.096738824054638017e-01 2.301672730036259662e-02 -9.937010968004883482e-01
-5.176383209228515625e+01 4.276237869262695312e+01 1.641360998153686523e+00 -3.182467839605941928e-01 1.842368093557494868e-01 9.299332140412838177e-01
5.511879730224609375e+01 6.090484619140625000e+01 -9.895881652832031250e+00 1.655423391449946102e-01 3.073378450143202101e-01 -9.370908082850655241e-01
-4.315020370483398438e+01 -3.967467880249023438e+01 4.467810094356536865e-01 -2.476754634721644865e-01 -2.545638409155358550e-01 9.348016451056225806e-01
3.427102661132812500e+01 -2.543867111206054688e+01 5.237998962402343750e+00 1.540664262151205388e-01 -2.379304805348808061e-01 9.589852046542435282e-01
-7.324630737304687500e+01 -2.071473121643066406e+00 -4.277040958404541016e+00 -3.431144303065020162e-01 -4.231295068508018203e-02 9.383400779673467529e-01
-2.628221702575683594e+01 -1.802156257629394531e+01 3.469780087471008301e-01 3.341297416420511979e-02 1.188688276798404858e-01 -9.923476079295614483e-01
9.045364379882812500e+00 4.839817047119140625e+01 4.072185993194580078e+00 5.286281780030361449e-02 -1.600130791682822032e-02 -9.984735753334501585e-01
-2.899448013305664062e+01 -4.145483016967773438e+01 -2.475440025329589844e+00 1.121014100498646526e-01 2.492295203797549596e-01 -9.619344676411742956e-01
-3.639549255371093750e+01 1.086127662658691406e+01 7.648829936981201172e+00 -8.680622707658822157e-02 -1.863205874521091029e-02 9.960509652259983415e-01
5.702567291259765625e+01 -9.318439483642578125e+00 3.131880044937133789e+00 3.207212375274328120e-01 -1.572817598932444716e-01 9.340237340687632672e-01
8.976474761962890625e+00 6.839437866210937500e+01 8.312569856643676758e-01 -3.657385691186561261e-02 -2.578203249416186060e-01 -9.655004055087643700e-01
7.140079975128173828e+00 -7.065825939178466797e+00 8.481432914733886719e+00 7.341467907094901824e-01 -6.784866920153832526e-01 2.615909877993637112e-02
-7.219944000244140625e+01 4.454623794555664062e+01 -1.344915390014648438e+01 7.421940774775397376e-01 -3.968854918393682207e-01 -5.400276453337241600e-01
3.853707122802734375e+01 4.160646438598632812e+01 8.056130409240722656e+00 2.803954715624710214e-01 1.658309054290276474e-01 9.454514743400892485e-01
-7.428542137145996094e+00 2.882702255249023438e+01 3.012300014495849609e+00 2.686828465782986272e-02 -7.947541517395009456e-03 -9.996073888599339430e-01
3.708306121826171875e+01 -3.652590179443359375e+01 2.185110092163085938e+00 2.473507252723206318e-01 -3.501611383551195833e-01 9.034405325715155755e-01
-4.204045867919921875e+01 3.582153701782226562e+01 -1.662700064480304718e-02 2.031955763737620380e-01 -1.185316648536440809e-01 -9.719371390008502143e-01
2.954275512695312500e+01 6.921559143066406250e+01 -1.653496026992797852e+00 -1.799793871414047397e-01 -3.201013371528457774e-01 -9.301303963193356950e-01
9.122866630554199219e+00 1.034331512451171875e+01 8.397205352783203125e+00 -6.755561229400569578e-02 -8.332760402295658064e-02 9.942297268012937339e-01
2.213897895812988281e+01 1.485706520080566406e+01 9.718637466430664062e+00 2.551406144402562637e-02 -6.911730246336629524e-02 9.972822224269406455e-01
3.251149368286132812e+01 1.826438522338867188e+01 3.241810083389282227e+00 -2.375005458561883775e-02 6.461552457602345867e-02 -9.976275702339753026e-01
-1.892559975385665894e-01 -1.759790611267089844e+01 7.662404060363769531e+00 -2.427741785408128045e-02 1.814394194525256743e-02 9.995405966507941997e-01
-2.027279663085937500e+01 2.342572402954101562e+01 2.173784017562866211e+00 6.956927857512408553e-02 1.557391068279360448e-02 -9.974555472724491167e-01
-8.115176200866699219e+00 -3.061811828613281250e+01 6.840250015258789062e+00 -2.337684296640446524e-02 -1.698311383347025638e-01 9.851958727404734883e-01
1.622140121459960938e+01 -4.435343170166015625e+01 -2.510661125183105469e+00 -2.930281778424078110e-01 4.051506135411666043e-01 -8.660181680181855413e-01
2.072434806823730469e+01 -3.369224548339843750e+01 5.127674102783203125e+00 1.009893380252895878e-01 -1.811596148180789068e-01 9.782547457406886027e-01
2.241352462768554688e+01 7.613670825958251953e+00 2.947313070297241211e+00 3.309021490039882468e-02 8.462810411360253970e-02 -9.958630034658294550e-01
4.665495300292968750e+01 2.259425163269042969e+01 8.094143867492675781e+00 1.818252667318086269e-01 3.938049348975057075e-03 9.833229704147218309e-01
5.221149444580078125e+01 6.275140762329101562e+01 -3.206839084625244141e+00 5.205039134348732333e-01 5.295202039533001281e-01 6.698388087474759223e-01
-2.738583946228027344e+01 2.013039970397949219e+01 8.548696517944335938e+00 -4.717004197418837169e-02 -3.581423733179423669e-02 9.982446230982139346e-01
1.427115154266357422e+01 1.590182399749755859e+01 9.316877365112304688e+00 -9.248113623291054353e-02 -7.479057179876363870e-02 9.929016113447918235e-01
6.866166687011718750e+01 -7.331802845001220703e+00 -2.150062084197998047e+00 4.006114310487998154e-01 -1.315081581407903100e-01 9.067613168058338280e-01
1.591026782989501953e+01 7.070191955566406250e+01 2.723357915878295898e+00 1.010296001785273290e-01 4.544123797171064072e-01 8.850437328446562057e-01
3.472925567626953125e+01 -8.971459865570068359e-01 1.915511012077331543e+00 6.964493123831801136e-02 6.850671956818245312e-02 -9.952167668035021286e-01
-1.472962975502014160e+00 9.443499892950057983e-02 1.566596984863281250e+00 -7.532586220202804744e-03 -3.050452228277196476e-02 -9.995062452356839877e-01
-7.784840106964111328e+00 -4.228503036499023438e+01 -1.691105008125305176e+00 2.575759018977268403e-02 2.051231156545030021e-01 -9.783971862039489986e-01
4.125519561767578125e+01 -2.766033744812011719e+01 3.563374042510986328e+00 1.705861145940285040e-01 -1.750721807746198344e-01 9.696649467865340322e-01
5.288249015808105469e+00 3.171961069107055664e+00 1.584617614746093750e+01 6.760053856264613276e-03 -2.996851816164924215e-02 9.995279833956902671e-01
-6.372092247009277344e+00 -5.904466152191162109e+00 1.531664466857910156e+01 -3.253036121868459890e-02 -3.190659568092088505e-02 9.989613329609089432e-01
-3.270183944702148438e+01 1.644883918762207031e+01 1.148602008819580078e+00 8.361758575364129642e-02 -4.080462295640335108e-03 -9.964895630061492149e-01
-1.104199028015136719e+01 6.752133178710937500e+01 7.370499968528747559e-01 5.856603568457614817e-02 -2.524521985656460465e-01 -9.658353415068040571e-01
-6.172478485107421875e+01 -1.535584259033203125e+01 -6.458160281181335449e-01 -3.403289036285888081e-01 -1.254973930292209994e-01 9.318941150677108043e-01
-5.358715820312500000e+01 -2.700081634521484375e+01 -4.473536968231201172e+00 3.199669023821307690e-01 1.592963986059181269e-01 -9.339410253175349785e-01
2.519378662109375000e+01 2.621051216125488281e+01 1.036191558837890625e+01 4.928121536773640704e-02 -2.403540155491440053e-02 9.984956991815101546e-01
3.710424041748046875e+01 4.797183227539062500e+01 2.333168983459472656e+00 -1.608182722673337228e-01 -1.141803550891474367e-01 -9.803572460163009206e-01
1.196879968047142029e-01 4.636735534667968750e+01 3.617336988449096680e+00 3.664417062900033467e-02 9.902247645370258755e-02 -9.944102543296143848e-01
-1.985815048217773438e+01 -3.995210266113281250e+01 -1.647058010101318359e+00 5.837957324561266620e-02 2.227293176729449597e-01 -9.731307602149901204e-01
-4.385860061645507812e+01 5.134055328369140625e+01 2.528460025787353516e+00 -3.038690589935179043e-01 2.335994706953410383e-01 9.236313562657182397e-01
5.393042755126953125e+01 3.049315929412841797e+00 1.800850033760070801e-01 -2.978076884654834444e-01 -2.922085331374200956e-02 -9.541785589827840308e-01
6.274172782897949219e+00 -4.076216125488281250e+01 4.354248046875000000e+00 2.746677269505286290e-02 -1.769749573106016993e-01 9.838320186305328230e-01
7.444857120513916016e+00 -1.147046852111816406e+01 1.715548992156982422e+00 1.142400509057214797e-02 2.955694314543711246e-02 -9.994978135141607822e-01
-1.475130653381347656e+01 -7.458026885986328125e+00 2.158370971679687500e+00 1.231302348478081551e-02 2.752658518811765959e-02 -9.995452348746126647e-01
2.187279129028320312e+01 2.414302062988281250e+01 3.673886060714721680e+00 -3.318971786710818439e-02 6.566526341038550485e-02 -9.972895847291028959e-01
-4.030699157714843750e+01 8.566899299621582031e+00 1.512729972600936890e-01 7.265567830407011762e-02 2.102124255696809999e-03 -9.973548683812544224e-01
-4.335433197021484375e+01 3.109432601928710938e+01 5.466845035552978516e+00 -2.173078493714943882e-01 1.496249830266190572e-01 9.645670858244229651e-01
3.891955184936523438e+01 5.894202804565429688e+01 -4.269970059394836426e-01 -2.531566770297132840e-01 -2.706358198528469039e-01 -9.287991978290307538e-01
-3.138322639465332031e+01 4.025720214843750000e+01 7.239335060119628906e+00 -1.766671093665990178e-01 7.482473351150983887e-02 9.814224328610905435e-01
-5.840130996704101562e+01 6.159328842163085938e+01 -1.136347961425781250e+01 6.778789243995284597e-01 -6.158168337602070164e-01 -4.015592000097768510e-01
1.017673778533935547e+01 6.142059326171875000e+01 7.133726119995117188e+00 1.083030629022953446e-02 2.650191706951797177e-01 9.641823186668063705e-01
-2.673388957977294922e+00 6.459078979492187500e+01 1.648635983467102051e+00 4.503703524979557615e-02 -1.587812835098428577e-01 -9.862860484985457310e-01
-3.793411016464233398e+00 -2.068343353271484375e+01 1.128527045249938965e+00 -6.157753288527920837e-02 2.341194325267567655e-01 -9.702557903754616131e-01
3.586690127849578857e-01 -1.040006732940673828e+01 8.584070205688476562e+00 4.700421122452748401e-02 -9.790257864358200557e-01 1.982400404077946376e-01
6.038757324218750000e+01 5.315291213989257812e+01 -9.885591506958007812e+00 5.071171300841699203e-01 -2.771394560190575396e-01 -8.161041222127578543e-01
1.761547470092773438e+01 3.334279632568359375e+01 1.054629993438720703e+01 -1.537047559899590646e-02 -6.456236609757128216e-03 9.998610230870584870e-01
2.811775588989257812e+01 5.007269287109375000e+01 3.437910079956054688e+00 -1.192705601572092294e-01 -1.584366652605083692e-01 -9.801389475890218694e-01
-5.676180267333984375e+01 3.742867279052734375e+01 7.519140243530273438e-01 -4.099051614178981784e-01 1.127573532185978944e-01 9.051317793217201757e-01
-7.100737762451171875e+01 1.641352844238281250e+01 -3.260016918182373047e+00 -3.931060204241968448e-01 2.375209360447474798e-04 9.194931213935512160e-01
-5.202380371093750000e+01 2.519163513183593750e+01 3.498025894165039062e+00 -2.942496280571675893e-01 9.570369559137403837e-02 9.509247914732121831e-01
-3.341730499267578125e+01 -2.184182357788085938e+01 6.041267871856689453e+00 -1.912815475336314130e-01 -1.428740562002609737e-01 9.710810335075152899e-01
4.593791961669921875e+01 1.162276029586791992e+00 7.521347045898437500e+00 1.063669477848711437e-01 -7.147442879485325917e-02 9.917547471262135872e-01
5.260499939322471619e-02 2.096916580200195312e+01 9.007995605468750000e+00 -1.254544783493061547e-02 -1.012894492241063066e-01 9.947778944138727653e-01
-1.640522193908691406e+01 3.147458076477050781e+01 9.335408210754394531e+00 -1.160939524801637562e-01 -2.360260052324967758e-02 9.929577591449060270e-01
-1.982137870788574219e+01 6.324077987670898438e+01 5.031562805175781250e+00 -1.062881070407090955e-01 2.893983052632057573e-01 9.512893667084096894e-01
1.655291366577148438e+01 -2.415778350830078125e+01 3.804149925708770752e-01 -2.146040575334691447e-03 1.062345293766252252e-01 -9.943387849611298179e-01
3.174386405944824219e+01 3.911190414428710938e+01 9.508268356323242188e+00 1.128366242215490395e-01 8.786463202293506858e-02 9.897210226491903740e-01
-5.479154968261718750e+01 4.965585327148437500e+01 -4.330212116241455078e+00 3.843757100963935969e-01 -2.360213335258904699e-01 -8.924960748420989187e-01
1.608732986450195312e+01 -1.174087715148925781e+01 1.810235023498535156e+00 -1.875349649841704519e-02 5.667503797872137927e-02 -9.982165328420454786e-01
-1.307869815826416016e+01 -3.742636108398437500e+01 -8.166059851646423340e-01 1.598260768864995934e-02 2.176887998611131969e-01 -9.758873616696237541e-01
-7.674978256225585938e+00 1.328153228759765625e+01 2.169569015502929688e+00 7.503325310051017771e-03 2.189876021217658855e-02 -9.997320363029590373e-01
7.067411804199218750e+01 1.431622409820556641e+01 -6.261837005615234375e+00 -5.570418977021073248e-01 -1.147864661645974817e-02 -8.304050607241562076e-01
-1.097815990447998047e+01 7.460086059570312500e+01 1.478708982467651367e+00 -6.198800159240339114e-02 4.294719400857286429e-01 9.009502429865817730e-01
-1.916518783569335938e+01 4.547990036010742188e+01 8.349867820739746094e+00 -8.746750743609991996e-02 6.794923168488936627e-02 9.938472403022252655e-01
-2.904426383972167969e+01 5.136351776123046875e+01 1.092862963676452637e+00 9.028935461465477375e-02 -3.709074014851679313e-02 -9.952246527485661964e-01
-4.903407287597656250e+01 5.920785903930664062e+01 -4.884629249572753906e+00 3.329483907449130586e-01 -3.083884703454616849e-01 -8.910902987118415330e-01
1.311041545867919922e+01 -3.019113063812255859e+00 7.993314743041992188e+00 -1.058761365551542238e-02 -3.008694108719542348e-02 9.994912097728010369e-01
-6.474893951416015625e+01 -2.316034317016601562e+01 -6.917985916137695312e+00 -5.509742678564603091e-01 -2.270067240660005037e-01 -8.030537363021605923e-01
-4.569718933105468750e+01 -2.033420181274414062e+01 3.748847961425781250e+00 -2.257844519628926239e-01 -1.194091966667861215e-01 9.668313322411561384e-01
-2.925583076477050781e+01 4.482499957084655762e-01 7.840123176574707031e+00 -6.520634917836876099e-02 -3.813372878073058303e-02 9.971428938502776562e-01
-5.287517166137695312e+01 -9.589302062988281250e+00 -2.243999958038330078e+00 2.150204778234193204e-01 6.173419167115791473e-02 -9.746563926303962733e-01
-2.373481988906860352e+00 -3.757908630371093750e+01 5.491761207580566406e+00 5.888702516093250600e-02 -1.899597599310565432e-01 9.800242894309463271e-01
-6.713185882568359375e+01 5.417266082763671875e+01 -7.699286937713623047e+00 -5.606395580157290670e-01 3.842495765947877007e-01 7.335090652982103610e-01
1.682988739013671875e+01 -1.811380195617675781e+01 7.530579090118408203e+00 3.470818053343693865e-02 -1.500047143951071527e-01 9.880758715115457447e-01
-7.370774078369140625e+01 2.074133300781250000e+01 -8.328803062438964844e+00 4.233904768941994523e-01 -5.956965985469595687e-02 -9.039867032761589316e-01
7.809714508056640625e+01 -8.864418029785156250e+00 -1.238035583496093750e+01 9.724808751165318066e-01 -2.325711184076077465e-01 -1.384277483812669518e-02
5.094430923461914062e+01 -7.205030918121337891e+00 2.331819981336593628e-01 -2.191077497562528009e-01 1.546537232808455897e-01 -9.633659843860603589e-01
-6.332289505004882812e+01 4.662411880493164062e+01 -3.710370063781738281e+00 -3.826662875044831713e-01 2.043225756039255825e-01 9.010098764753438072e-01
4.410860443115234375e+01 7.091828918457031250e+01 -8.468914985656738281e+00 5.450322883032194810e-01 7.930137516647640661e-01 -2.721561948174838208e-01
-2.721486473083496094e+01 4.959971904754638672e+00 1.270794034004211426e+00 8.093269297274020835e-02 -2.967967328558066345e-02 -9.962775798952023809e-01
-3.349957656860351562e+01 6.991025543212890625e+01 -3.327302932739257812e+00 1.462333097100954049e-01 -3.212603444898341487e-01 -9.356321981363747708e-01
-2.158991241455078125e+01 -1.635803985595703125e+01 7.586184024810791016e+00 -1.240423455099257805e-02 4.137275710214328300e-02 9.990667795172507581e-01
-2.381340599060058594e+01 4.255183410644531250e+01 2.147542953491210938e+00 5.653747227480569043e-02 4.716525157823157205e-02 -9.972857931768294160e-01
-3.689525222778320312e+01 2.591967582702636719e+01 7.200860023498535156e+00 -1.384021279071631361e-01 5.341179101807923268e-02 9.889347964203758501e-01
-5.903314208984375000e+01 1.831532287597656250e+01 -2.923907041549682617e+00 3.216601012152361383e-01 -2.188353827465934487e-02 -9.466022871506203362e-01
-2.887641525268554688e+01 6.343173599243164062e+01 3.413031101226806641e+00 -1.914742934840133193e-01 2.678589804376896311e-01 9.442399914924590743e-01
-7.312455177307128906e+00 -1.822255706787109375e+01 7.644513130187988281e+00 -4.731514373004187812e-02 2.088361189968714754e-02 9.986616804142574022e-01
6.795714569091796875e+01 2.571669387817382812e+01 -5.462275028228759766e+00 -5.488732845848824926e-01 -1.295673963472364909e-01 -8.258028864522094503e-01
-4.014784240722656250e+01 6.539649200439453125e+01 -3.721447944641113281e+00 2.971086238349014419e-01 -2.923871410031777529e-01 -9.089753711839054784e-01
4.011223983764648438e+01 3.385174989700317383e+00 2.724853992462158203e+00 2.922699136072235901e-02 5.126971488883637351e-02 -9.982570807718911254e-01
7.359227180480957031e+00 -1.834543037414550781e+01 7.732770919799804688e+00 -3.763260154456772588e-02 2.401090485579075728e-02 9.990031350045874836e-01
-3.808904266357421875e+01 4.303003692626953125e+01 3.350650072097778320e-01 1.612727880299163197e-01 -4.886551040026431564e-02 -9.856993708704390178e-01
-3.487790298461914062e+01 3.535647201538085938e+01 1.161967039108276367e+00 1.083686707685059536e-01 -7.161759599983396479e-03 -9.940849764458263849e-01
5.950556945800781250e+01 2.009234428405761719e+01 3.678450107574462891e+00 4.556216577740251350e-01 9.431502347138341624e-02 8.851630252754807415e-01
-6.018113327026367188e+01 -3.271511459350585938e+01 -7.135797023773193359e+00 -6.036209991042351675e-01 -2.278394658969115083e-01 -7.640228185206349165e-01
-1.697112274169921875e+01 8.461907958984375000e+01 -4.061077117919921875e+00 -1.569158867767932730e-01 9.391440810923545879e-01 3.055909020672075149e-01
-6.179980468750000000e+01 -5.107951164245605469e+00 -4.317698001861572266e+00 2.780112180147580325e-01 6.630441697284115976e-02 -9.582867456809793794e-01
1.110891723632812500e+01 8.224293518066406250e+01 -1.513082027435302734e+00 1.182594073345814289e-01 4.471849189208351172e-01 8.865891725408334700e-01
2.409478902816772461e+00 1.103711700439453125e+01 9.789912223815917969e+00 3.028489952227788606e-01 8.880364193475974721e-01 -3.459390177543598677e-01
-1.787684440612792969e+01 -5.154623985290527344e+00 7.897644996643066406e+00 2.403947725058366847e-02 8.051466383690586426e-03 9.996785870581559319e-01
1.598555469512939453e+01 1.092517852783203125e+01 2.815335035324096680e+00 8.031836417908051751e-02 4.362527549745801037e-02 -9.958141371327119407e-01
5.150757980346679688e+01 -2.092915534973144531e+01 -1.762438058853149414e+00 -2.066234040206750278e-01 1.533556532984467757e-01 -9.663274871969209645e-01
3.024246406555175781e+01 6.027357864379882812e+01 5.045889854431152344e+00 1.966672563193664069e-01 3.415054165948335219e-01 9.190734686238102302e-01
7.447386932373046875e+01 2.822693634033203125e+01 -1.258997440338134766e+01 -5.630346237662377240e-02 5.187440686216792524e-02 -9.970651764238396275e-01
5.885670852661132812e+01 -1.576064682006835938e+01 1.347975015640258789e+00 4.050465611579199821e-01 -1.910550719495361649e-01 8.941114263762101055e-01
-4.593371868133544922e+00 8.434678649902343750e+01 -8.018999099731445312e+00 1.810286179619285257e-02 -8.915694926741760673e-01 -4.525219620388609143e-01
8.998452186584472656e+00 3.831316375732421875e+01 1.042698860168457031e+01 -4.045899495467792165e-03 2.573044924688634022e-02 9.996607297872743825e-01
-3.565481948852539062e+01 2.670804977416992188e+00 5.001059770584106445e-01 1.167581933890012302e-01 5.177921580589667228e-02 -9.918096778551130921e-01
3.459630966186523438e+01 -1.442285060882568359e+01 1.304538011550903320e+00 1.355107624288199968e-02 1.073901478549396799e-01 -9.941246020878640177e-01
6.565582275390625000e+01 1.526500988006591797e+01 6.895149946212768555e-01 5.232015378495390445e-01 9.297645903871921969e-02 8.471219090877645241e-01
-1.699171257019042969e+01 -1.465311050415039062e+01 1.463479995727539062e+00 1.235354093386020341e-01 8.350635286173622995e-02 -9.888203535886966877e-01
2.726461219787597656e+01 -3.733267974853515625e+01 3.446821928024291992e+00 1.226406422101034982e-01 -2.918790970177394528e-01 9.485598903613847721e-01
-2.118914794921875000e+01 5.648063659667968750e+01 6.521025180816650391e+00 -1.485463955591958263e-01 2.511626293942997856e-01 9.564785946178370191e-01
-1.807303810119628906e+01 1.881042003631591797e+00 7.966301918029785156e+00 4.214278071976294837e-02 2.985410071680260138e-02 9.986654688651234180e-01
-3.331532955169677734e+00 3.372543334960937500e+01 9.791738510131835938e+00 -3.289526636907736529e-02 -1.133798546478384239e-01 9.930070040088047056e-01
-7.170269775390625000e+01 -1.286778831481933594e+01 -4.923398017883300781e+00 -4.506726268354768195e-01 -3.042706101531231777e-01 8.392339240153827706e-01
-4.616846466064453125e+01 1.353656005859375000e+01 -2.816089987754821777e-01 8.554856048931586132e-02 4.158763597288245989e-02 -9.954656761196705173e-01
-9.403977394104003906e+00 1.916540908813476562e+01 8.689904212951660156e+00 1.493430778159978156e-01 -3.055347358563324442e-02 9.883132754143783005e-01
-7.606075286865234375e+01 9.090383529663085938e+00 -9.082947731018066406e+00 4.173998368620531751e-01 -5.039676314009456336e-03 -9.087089621271385864e-01
-1.415071010589599609e+00 4.174601078033447266e+00 1.601050758361816406e+01 -1.621647786915862005e-02 4.399005474925327119e-02 9.989003458447077710e-01
5.867126464843750000e+01 7.794833183288574219e+00 -5.396490097045898438e-01 -2.636061254332883186e-01 6.829232477526979428e-02 -9.622099401954018472e-01
6.372495651245117188e+01 4.222093200683593750e+01 -2.036156892776489258e+00 4.274864016111112885e-01 9.829936153459541137e-02 8.986615669758413194e-01
-3.895937347412109375e+01 -2.991820144653320312e+01 -1.709316015243530273e+00 1.064925329435679885e-01 7.731341002253531991e-02 -9.913031711126271128e-01
2.555972290039062500e+01 3.454142379760742188e+01 4.003691196441650391e+00 2.167328893030259079e-02 1.096196156847795977e-01 -9.937372934554006276e-01
-3.679677200317382812e+01 2.261146736145019531e+01 7.260010242462158203e-01 7.459603221646844695e-02 3.102327964926847076e-04 -9.972137863733994134e-01
-2.704472923278808594e+01 -3.930749511718750000e+01 3.660622119903564453e+00 -1.349351372953264683e-01 -2.762876469581213579e-01 9.515553819202726693e-01
5.273392200469970703e+00 4.392578506469726562e+01 9.985892295837402344e+00 -1.951003133591637170e-02 5.089558607367958287e-02 9.985133939990431529e-01
-6.676592254638671875e+01 6.858000755310058594e+00 -1.449234008789062500e+00 -4.316934746827142400e-01 2.298684736216324159e-02 9.017274248711266704e-01
7.076383972167968750e+01 -1.172104358673095703e+01 -8.613280296325683594e+00 -6.051679943958809815e-01 1.969893964353389981e-01 -7.713409597907452397e-01
4.312781906127929688e+01 1.161243343353271484e+01 2.888646125793457031e+00 -1.117611223384770841e-01 7.270095282889164900e-02 -9.910721583171506754e-01
1.293256568908691406e+01 3.178616333007812500e+01 3.853662967681884766e+00 6.773264144101767692e-02 4.010458140493630003e-02 -9.968971420531596017e-01
4.634502029418945312e+01 2.941923713684082031e+01 7.641284942626953125e+00 2.586955241282674067e-01 8.364436986532207408e-02 9.623306319482062277e-01
6.856606292724609375e+01 4.084763336181640625e+01 -1.144381904602050781e+01 -7.171528126544376991e-02 2.241794008536940053e-01 -9.719056099570045903e-01
-3.924595642089843750e+01 -4.957115173339843750e+01 -2.583415985107421875e+00 2.371863941988020669e-02 -9.719842265005137483e-01 2.338462947713042805e-01
-4.896605682373046875e+01 -2.066500473022460938e+01 -2.544573068618774414e+00 1.105564963953732244e-01 5.331004877809945863e-02 -9.924390660408609621e-01
4.530685043334960938e+01 -2.752865409851074219e+01 -1.827991962432861328e+00 -1.273265375741495231e-01 1.705171209416526945e-01 -9.770935801115204766e-01
2.035202789306640625e+01 6.602082061767578125e+01 4.475958824157714844e+00 1.285737031981052936e-01 4.082229986454052328e-01 9.037824883360370265e-01
6.062121582031250000e+01 3.285404205322265625e+01 -2.707936048507690430e+00 -3.524161266992085206e-01 -1.148336331526920023e-01 -9.287712906519454137e-01
-3.699663543701171875e+01 7.822066497802734375e+01 -4.098943233489990234e+00 -3.070795987959863971e-01 6.126876570006929423e-01 7.282279553562174268e-01
4.605081939697265625e+01 4.875981140136718750e+01 1.444800049066543579e-01 -3.082211344650511164e-01 -1.969049097927513814e-01 -9.307138060481241482e-01
7.673152923583984375e+01 1.467699432373046875e+01 -1.314447689056396484e+01 -5.828108806222861427e-01 -1.587203127236584341e-02 -8.124528023531978338e-01
7.245634460449218750e+01 2.132168006896972656e+01 -7.929749965667724609e+00 -5.160048035465553129e-01 -5.060075775162558437e-02 -8.550898233705288565e-01
-5.235854339599609375e+01 6.835784149169921875e+01 -5.818206787109375000e+00 -3.546212191839431815e-01 4.153908288053280717e-01 8.376719228008757678e-01
3.562695693969726562e+01 2.411076164245605469e+01 3.708926916122436523e+00 4.188229949592652684e-02 4.701273065123882239e-02 -9.980158696862728718e-01
4.971047210693359375e+01 -1.740911483764648438e+01 3.950161933898925781e+00 2.384798011759320657e-01 -2.264515621074903451e-01 9.443765533144951041e-01
-4.328472518920898438e+01 -1.069079875946044922e+01 5.294786930084228516e+00 -2.345555158551173858e-01 -9.825750714222429572e-02 9.671241762421904919e-01
-2.028309440612792969e+01 2.045647811889648438e+01 8.779311180114746094e+00 -4.241421783931904194e-02 -3.574443343096497111e-02 9.984604997714121577e-01
1.359592819213867188e+01 2.566106796264648438e+01 1.006925201416015625e+01 -4.779129419450697108e-02 -9.531204209716981346e-02 9.942995558836790204e-01
-4.515175628662109375e+01 1.715859603881835938e+01 5.962757110595703125e+00 -2.280229470853932794e-01 1.641954406532072919e-02 9.735173003984977091e-01
-1.232885932922363281e+01 5.290550994873046875e+01 2.709064006805419922e+00 6.633377999053363672e-02 -1.165864741862136789e-01 -9.909628770387894914e-01
-7.716300964355468750e+01 -2.228569984436035156e+00 -9.848329544067382812e+00 5.257223995351654189e-01 6.808512452153535344e-02 -8.479271044411039737e-01
6.877981567382812500e+01 -2.325367736816406250e+01 -5.301115989685058594e+00 4.902842245820327460e-01 -2.517681040122435321e-01 8.344064962163675325e-01
4.254643249511718750e+01 3.646899795532226562e+01 2.759657859802246094e+00 -2.527751992030676798e-01 -1.280838245569286271e-01 -9.590095059772448804e-01
2.014657974243164062e+01 1.149487972259521484e+00 2.540349006652832031e+00 2.492792230146173918e-02 5.142091304636505628e-02 -9.983659090690198967e-01
-6.963791656494140625e+01 3.120868873596191406e+01 -7.439251899719238281e+00 4.107567261765531219e-01 -1.233149549328661776e-01 -9.033672197897293366e-01
3.635062408447265625e+01 1.086848735809326172e+01 9.241657257080078125e+00 9.008278286667084633e-02 -1.002933998281721334e-01 9.908714983194858439e-01
2.473884582519531250e+01 7.859014129638671875e+01 -1.793128013610839844e+00 2.015818564503995824e-01 4.398926293451010938e-01 8.751338353634054990e-01
-3.406845855712890625e+01 -4.033020019531250000e+01 2.249537944793701172e+00 -2.114135604726909146e-01 -2.017014366979843765e-01 9.563581112126509076e-01
-4.208748817443847656e+00 5.050529861450195312e+01 9.042570114135742188e+00 -1.234439861429324249e-02 1.450774706870396613e-01 9.893432889153808141e-01
-4.512664031982421875e+01 -5.067471694946289062e+01 -5.334670066833496094e+00 8.486655129593212443e-02 -9.877928104275327525e-01 -1.306255416785371271e-01
-3.512968826293945312e+01 5.364569854736328125e+01 -2.390200048685073853e-01 1.953212984386741846e-01 -1.487535781816662628e-01 -9.693925744270900369e-01
7.233383178710937500e+01 3.356087112426757812e+01 -5.404827117919921875e+00 6.962225280167885222e-01 2.572683943633012893e-01 6.701396606257840061e-01
-4.448131561279296875e+01 4.094621276855468750e+01 4.265645980834960938e+00 -2.686290057190479086e-01 1.133883076074764240e-01 9.565466789364269751e-01
1.454363155364990234e+01 5.380185317993164062e+01 3.606498003005981445e+00 -1.121051805104641107e-02 -9.705967975476841036e-02 -9.952154253481648727e-01
-1.365604305267333984e+01 3.547762680053710938e+01 2.739984989166259766e+00 5.673200504292882224e-02 -4.490310081978734352e-02 -9.973791611722079287e-01
4.188882446289062500e+01 -2.086056327819824219e+01 4.871525764465332031e+00 1.927697207810306623e-01 -2.576203429000491485e-01 9.468218384015361089e-01
-8.418695068359375000e+01 3.481570005416870117e+00 -9.638534545898437500e+00 -7.655367504905534748e-01 -5.916939806413910874e-02 6.406656428911196022e-01
2.149721336364746094e+01 5.814400863647460938e+01 2.508617877960205078e+00 -7.287962781496054587e-02 -2.165818811719789905e-01 -9.735403682424059735e-01
-4.688874816894531250e+01 -2.890988922119140625e+01 -3.025259017944335938e+00 2.204451367569180975e-01 1.391208457932305020e-01 -9.654270205178638875e-01
-3.541079330444335938e+01 -2.441275787353515625e+01 -1.011276960372924805e+00 2.005889140997806769e-02 -1.568589331372472473e-01 -9.874172957622564528e-01
-5.632187652587890625e+01 -2.320791625976562500e+01 9.624499827623367310e-02 -3.375375175471613809e-01 -1.677335739805974613e-01 9.262471983265565534e-01
-2.259473609924316406e+01 -2.652164840698242188e+01 1.359869986772537231e-01 1.317795139940050771e-02 -2.666824381967475375e-03 -9.999096107372059672e-01
-7.240890502929687500e+01 4.556643009185791016e+00 -3.956001996994018555e+00 -3.675830782349556181e-01 1.689973363986287461e-02 9.298371253064786623e-01
2.868674993515014648e+00 -4.524438476562500000e+01 9.706069827079772949e-01 6.489459942212875976e-02 -9.725155476121156717e-01 -2.236117184285026926e-01
4.022420501708984375e+01 2.314603233337402344e+01 9.070734977722167969e+00 1.139622397648938773e-01 1.207566795061509324e-01 9.861188732918652056e-01
3.111518669128417969e+01 -2.081427192687988281e+01 7.218840122222900391e-01 -4.996852861235058507e-02 1.221373726568575485e-01 -9.912545628388281793e-01
2.216902923583984375e+01 -3.013386535644531250e+01 -1.442250013351440430e-01 -8.195209720915057339e-02 1.827820775820429289e-01 -9.797318846897931088e-01
7.424703216552734375e+01 6.513566017150878906e+00 -8.805759429931640625e+00 -4.983245205708576320e-01 2.400158022410399036e-02 -8.666582927224378841e-01
-7.957458019256591797e+00 1.233447170257568359e+01 1.385264396667480469e+01 -4.625360099450298024e-01 7.150093657753378018e-01 5.242347244867328060e-01
2.407333374023437500e+01 6.223435878753662109e+00 9.192948341369628906e+00 1.659416193765273504e-03 -7.504843644143423254e-02 9.971785088566600397e-01
-3.143357086181640625e+01 6.578524112701416016e+00 7.893922805786132812e+00 -3.514582774174940943e-02 7.564950793320881182e-03 9.993535622150160336e-01
-1.057054233551025391e+01 -4.573320770263671875e+01 3.067013025283813477e+00 -7.609916157457410901e-02 -4.332714762146299137e-01 8.980449573971461819e-01
-4.664516925811767578e+00 -7.115345954895019531e+00 1.827947020530700684e+00 -5.462724729811252455e-02 1.720071197214670475e-03 -9.985053355930089136e-01
3.361648559570312500e+01 4.250839233398437500e+01 3.565029144287109375e+00 -8.313684871381017694e-02 -3.040152144343316251e-02 -9.960743003811821650e-01
4.914960098266601562e+01 8.865605354309082031e+00 7.296382904052734375e+00 1.646091037195454576e-01 5.652424897516004909e-02 9.847379612112260316e-01
-2.625222778320312500e+01 7.871424865722656250e+01 -5.250741004943847656e+00 1.670476790493335140e-01 -4.338983063225616554e-01 -8.853402355561635906e-01
6.517062377929687500e+01 -2.489217042922973633e+00 4.894039928913116455e-01 4.654771338035754713e-01 -1.020613229032129865e-01 8.791555745562068536e-01
-6.256115722656250000e+01 5.918904113769531250e+01 -7.004383087158203125e+00 -5.060857914638288158e-01 4.347142725469091418e-01 7.449165543350755314e-01
-1.371463060379028320e+00 7.709023284912109375e+01 -2.083230018615722656e+00 3.884147810581153881e-02 -3.605585237901979823e-01 -9.319275135442610658e-01
-4.544176101684570312e+01 -5.351555824279785156e+00 -1.027423024177551270e+00 6.424353241375634072e-02 4.459158124826988895e-02 -9.969374902293429708e-01
-5.586312484741210938e+01 1.790949249267578125e+01 2.709667921066284180e+00 -1.731193696500537560e-01 1.295928796455699493e-02 9.848155871570167808e-01
7.410967254638671875e+01 -1.950896263122558594e+01 -7.743810176849365234e+00 6.444405232946969209e-01 -2.422133727900400157e-01 7.252786319596974396e-01
2.880129432678222656e+01 -3.302188873291015625e+01 -1.150599002838134766e+00 -1.281879750414786565e-02 1.088949992891758006e-01 -9.939706019598154585e-01
1.860978889465332031e+01 8.162320709228515625e+01 -7.905665874481201172e+00 -2.004069690458736841e-01 -7.608014892852903444e-01 -6.172666690006277657e-01
-6.740187072753906250e+01 4.141604995727539062e+01 -8.067695617675781250e+00 4.631463950258256079e-01 -1.941856938197436266e-01 -8.647469763406672172e-01
-4.230351638793945312e+01 4.315629005432128906e+00 6.369552135467529297e+00 -2.252601186012634371e-01 -3.988304686800121790e-02 9.734820088426234808e-01
-1.280114078521728516e+01 1.828251004219055176e+00 1.472437763214111328e+01 -6.016513258373255013e-01 5.330835685746362212e-02 7.969779803779685201e-01
4.124800872802734375e+01 -6.382847785949707031e+00 7.450064182281494141e+00 6.736921519032702810e-02 -6.581393211034532176e-02 9.955550789307512360e-01
3.540978622436523438e+01 7.211280059814453125e+01 -9.445260167121887207e-01 2.256917855092276104e-01 4.488213781041516803e-01 8.646517151491385222e-01
-6.431959533691406250e+01 2.602821922302246094e+01 -9.459469914436340332e-01 -3.745678090365980872e-01 1.184421653968856375e-01 9.196033981503217714e-01
-1.644776725769042969e+01 4.776620101928710938e+01 2.789032936096191406e+00 4.209694245541295565e-02 -5.869367991922463945e-02 -9.973880385153237604e-01
3.011256790161132812e+01 9.026959419250488281e+00 2.892590999603271484e+00 -3.354214145097396405e-02 6.357552030545814137e-02 -9.974131931976703003e-01
2.005632019042968750e+01 5.243280792236328125e+01 8.916900634765625000e+00 4.674571827391241913e-02 1.689622549542136865e-01 9.845133794031665220e-01
-1.630972027778625488e+00 4.021930694580078125e+01 3.145745038986206055e+00 3.993812906605496288e-02 2.943223109270171750e-02 -9.987685866203486196e-01
3.241432952880859375e+01 7.753295898437500000e+01 -8.404054641723632812e+00 1.493139189074861872e-01 3.248117039980835674e-01 -9.339179356701261536e-01
5.437175369262695312e+01 3.707723236083984375e+01 3.869349002838134766e+00 3.825921771736109922e-01 -8.084820388417336690e-02 9.203731818638890561e-01
-7.541676330566406250e+01 4.143931198120117188e+01 -8.877079010009765625e+00 -8.158605979066969605e-01 3.798555581790432067e-01 4.359830727262409278e-01
5.612559127807617188e+01 1.441727542877197266e+01 5.221745967864990234e+00 2.373379234458860565e-01 7.682391466529277235e-02 9.683846323800757716e-01
2.310868072509765625e+01 -1.696633148193359375e+01 7.365899085998535156e+00 6.935375293020615284e-02 -8.035638399675512633e-02 9.943504958039001140e-01
3.331626129150390625e+01 3.008538055419921875e+01 3.969810962677001953e+00 -9.940246708368365505e-03 3.515759569961719039e-02 -9.993323445981316944e-01
-2.005133056640625000e+01 -2.362664413452148438e+01 7.280643939971923828e+00 -7.288872076181479587e-02 -1.002748510094907952e-01 9.922863440765123944e-01
3.341874313354492188e+01 3.267667055130004883e+00 9.064736366271972656e+00 -1.515833888331820020e-02 -1.275145527265631462e-01 9.917208597207397558e-01
5.108420562744140625e+01 1.068491172790527344e+01 1.505205988883972168e+00 -2.826618522875887218e-01 -3.192602983727602095e-03 -9.592143058501252373e-01
2.081671142578125000e+01 4.259946441650390625e+01 4.396035194396972656e+00 -1.055184193499434167e-02 2.413212725907651346e-02 -9.996530893593690292e-01
-6.930204868316650391e+00 5.816452789306640625e+01 2.614573001861572266e+00 2.013350232846279619e-02 -6.578458703357716042e-02 -9.976307083248848739e-01
4.713964080810546875e+01 6.749572753906250000e+01 -3.400547027587890625e+00 5.805137224517231687e-01 7.158721947470584324e-01 3.879830135885761200e-01
-2.933735466003417969e+01 -2.707770919799804688e+01 5.993519783020019531e+00 -1.112910858704969780e-01 -1.662557322363704404e-01 9.797822848491973824e-01
-3.670385360717773438e+01 -4.250514602661132812e+01 -3.754097938537597656e+00 1.717636537679929076e-01 2.776145374990885983e-01 -9.452128944388329401e-01
3.299122095108032227e+00 -3.214148712158203125e+01 -1.117779985070228577e-01 -5.537611290293550925e-02 1.539105591247153480e-02 -9.983469344459673378e-01
-2.107882499694824219e+01 3.661495208740234375e+01 2.051389932632446289e+00 7.766938378271928678e-02 5.667481953539160429e-04 -9.969790096182044037e-01
-1.697233009338378906e+01 8.154957771301269531e+00 8.128641128540039062e+00 1.035317395246553168e-01 -1.019681076475666970e-01 9.893855082493239195e-01
-2.404710054397583008e-01 -8.672319412231445312e+00 1.537347698211669922e+01 -3.000645156065180272e-02 -3.103529606846447929e-03 9.995448869204013320e-01
1.825854301452636719e+01 4.593430328369140625e+01 9.873534202575683594e+00 -3.314017198950849549e-03 9.047840350968512635e-02 9.958929037744689294e-01
9.958074569702148438e+00 9.036576271057128906e+00 2.268750905990600586e+00 6.371953820655566758e-02 9.285136793852606651e-02 -9.936389907419533873e-01
7.319828033447265625e+01 -2.671889066696166992e+00 -8.859778404235839844e+00 -4.955434973538616616e-01 8.912803892279097528e-02 -8.639981683476422036e-01
6.866541290283203125e+01 4.047626018524169922e+00 -1.066086053848266602e+00 4.360721145232389073e-01 -2.548101365314000069e-02 8.995509039951210539e-01
3.166847801208496094e+01 -8.708406448364257812e+00 1.484689950942993164e+00 -1.546486082437279787e-02 9.281037828612573315e-03 -9.998373369786240916e-01
-1.119522857666015625e+01 8.296357727050781250e+01 -1.968037009239196777e+00 -5.782433513674660464e-02 5.020674148801493875e-01 8.628931899033375208e-01
-3.545512390136718750e+01 -3.691591978073120117e+00 2.525520026683807373e-01 1.550366808505394545e-01 4.618963562836195247e-02 -9.868283260787396038e-01
5.725259399414062500e+01 -2.632751083374023438e+01 -4.934861183166503906e+00 -3.952929741270885811e-01 -6.532365362948631959e-02 -9.162293844241493623e-01
-1.022356224060058594e+01 -2.419852828979492188e+01 7.385747909545898438e+00 -2.913684116694425369e-02 -2.347299521433681216e-02 9.992997863416563931e-01
-1.932393074035644531e+01 1.554153823852539062e+01 2.103796005249023438e+00 6.712871797158186105e-02 1.462290965629232595e-02 -9.976371613651306980e-01
5.504943084716796875e+01 2.664978408813476562e+01 2.775869965553283691e-01 -2.765551692084872171e-01 -6.386029949992277910e-02 -9.588738710236321960e-01
4.864537048339843750e+01 2.260243797302246094e+01 2.161549091339111328e+00 -2.592961569973633584e-01 -1.259325415148512123e-02 -9.657157516144565523e-01
5.753124237060546875e+01 4.474930191040039062e+01 6.493200361728668213e-02 3.627796314095453889e-01 1.849803434647655509e-01 9.133308335789457333e-01
-5.534285736083984375e+01 5.558881759643554688e+01 -6.203281879425048828e+00 3.499197927985935319e-01 -2.380353106406979946e-01 -9.060327419558168449e-01
-1.800781631469726562e+01 -4.390946960449218750e+01 3.310949087142944336e+00 2.895772914075145452e-03 -3.558674683176120679e-01 9.345319467479127340e-01
-5.109871673583984375e+01 3.765503311157226562e+01 -1.859801054000854492e+00 2.796127537967215693e-01 -1.202880687101459262e-01 -9.525478929902670977e-01
-3.834056854248046875e+01 -3.382609939575195312e+01 3.123847961425781250e+00 -1.691173378196730859e-01 -1.828491951156148432e-01 9.684861887989721918e-01
-5.962093734741210938e+01 1.034571170806884766e+01 1.615091085433959961e+00 -2.918670258400501427e-01 4.102103247830546362e-02 9.555788372089961680e-01
-3.387921905517578125e+01 -1.566475486755371094e+01 6.618031978607177734e+00 -1.757900317229969533e-01 2.697782373592762326e-03 9.844239872722995166e-01
-3.273485946655273438e+01 -3.151918220520019531e+01 -1.309397935867309570e+00 9.875692668880409197e-02 7.577446284451883063e-02 -9.922224046107841477e-01
-3.028500175476074219e+01 3.117027854919433594e+01 1.341827034950256348e+00 4.146132596904398421e-02 9.037485988818606472e-03 -9.990992354595666924e-01
1.075188541412353516e+01 6.216468811035156250e+00 1.528946781158447266e+01 4.393906482365287913e-01 3.002319823786832043e-01 8.466384204601448138e-01
1.610361289978027344e+01 2.402633905410766602e+00 8.414969444274902344e+00 -1.544598543072693841e-01 -9.319879111440349667e-03 9.879551069055341195e-01
4.834943771362304688e+01 4.466752243041992188e+01 4.448256969451904297e+00 3.617834299086135630e-01 2.602354679983764352e-01 8.952040276044479494e-01
5.327003002166748047e+00 -5.810495853424072266e+00 1.551194953918457031e+01 1.621530985186007273e-02 -1.843615519318216739e-02 9.996985405151399551e-01
2.238407135009765625e+01 -1.116922473907470703e+01 1.723091006278991699e+00 -3.322210751221873343e-02 1.294234289153574913e-01 -9.910327278249887462e-01
-2.636190605163574219e+01 5.309355545043945312e+01 6.398779869079589844e+00 -1.755898806189807593e-01 2.002012032792306606e-01 9.638919400170126162e-01
5.186161804199218750e+01 3.052901029586791992e+00 6.536190986633300781e+00 -3.353724245344567173e-02 -2.020830925155457369e-01 9.787939911380597602e-01
-1.950654983520507812e+00 -3.018998718261718750e+01 6.788759231567382812e+00 1.840601517210973051e-02 -2.203818059721915079e-01 9.752400105624868809e-01
-1.066870784759521484e+01 4.944510650634765625e+01 8.688223838806152344e+00 -6.638285877865797435e-02 1.049016188310093606e-01 9.922645647341269415e-01
-3.755572128295898438e+01 3.286196136474609375e+01 6.669222831726074219e+00 -2.059136070064099544e-01 1.469958667555172627e-02 9.784597634042893066e-01
4.855736541748046875e+01 -4.435694217681884766e+00 6.707667827606201172e+00 3.279127583105473365e-02 -2.441441881776629241e-01 9.691843723505045860e-01
7.072148799896240234e+00 8.335669708251953125e+01 -6.156042098999023438e+00 -1.131178826140728927e-01 -9.403515401033327725e-01 -3.208478232093824323e-01
-6.282076644897460938e+01 -1.112936305999755859e+01 -5.024522781372070312e+00 2.733023279521766269e-01 6.286489694269559170e-02 -9.598717842859562088e-01
2.478200531005859375e+01 -5.631089210510253906e+00 8.328172683715820312e+00 8.173172636327181995e-02 -4.436374320314027675e-01 8.924717103674837393e-01
-5.995363998413085938e+01 3.032394027709960938e+01 3.005859851837158203e-01 -3.338752941918878281e-01 8.189269964569949323e-02 9.390531793636713864e-01
3.517542648315429688e+01 -5.972755908966064453e+00 8.088577270507812500e+00 1.008700603345571434e-01 -7.723420074514747435e-02 9.918972271174877342e-01
4.119975090026855469e+00 5.208469009399414062e+01 3.638602018356323242e+00 3.013727035411200086e-02 -1.174167027144367020e-01 -9.926253386143600865e-01
7.312976837158203125e+00 2.646384239196777344e+01 9.899967193603515625e+00 -9.461185094053603875e-03 -5.454330737782272197e-03 9.999403663483232840e-01
-1.402558708190917969e+01 1.338729977607727051e+00 2.259015083312988281e+00 -6.696388728249989819e-02 -6.453375579102207070e-03 -9.977345296939721386e-01
-1.078931522369384766e+01 2.867538261413574219e+01 9.400117874145507812e+00 3.314525676212574240e-03 -3.432702957808286132e-02 9.994051575611799798e-01
-2.004483032226562500e+01 4.519351005554199219e+00 2.173842906951904297e+00 6.863999767373410443e-02 -2.235049058722317350e-02 -9.973910999652343401e-01
-1.252713108062744141e+01 8.272931098937988281e+00 1.237415504455566406e+01 -7.818182475794017705e-01 6.199622362263103037e-01 6.638564155858975302e-02
5.470294952392578125e+00 1.850032997131347656e+01 2.819077014923095703e+00 4.671854274278001984e-02 8.299982546084508361e-02 -9.954538697184618368e-01
-4.904497909545898438e+01 4.830852127075195312e+01 1.509850025177001953e+00 -2.678450537092189609e-01 1.624120203005758323e-01 9.496743456919276571e-01
-2.428776550292968750e+01 -5.156364917755126953e+00 1.428228974342346191e+00 9.428715225285287660e-02 6.181644978352150016e-02 -9.936240030596124040e-01
-3.733235549926757812e+01 5.934183120727539062e+01 2.478621006011962891e+00 -2.650330379852224860e-01 2.161533937499106606e-01 9.396995259904730169e-01
-5.996184825897216797e+00 1.830479949712753296e-01 1.576848411560058594e+01 -6.997740165284296876e-02 -1.540768267244479184e-01 9.855777466666143516e-01
3.431276321411132812e+01 -1.929610633850097656e+01 6.377867221832275391e+00 1.527649659075400734e-01 -2.228625613886977552e-01 9.628058703199399160e-01
-1.130105590820312500e+01 2.415532875061035156e+01 2.784996032714843750e+00 6.044046971244128319e-02 3.162595367141055741e-02 -9.976706614285664187e-01
-4.987398910522460938e+01 8.108957290649414062e+00 4.783887863159179688e+00 -2.324771651467540390e-01 -1.985069655252441612e-03 9.725998289038471079e-01
-3.993118667602539062e+01 -2.245466423034667969e+01 4.750403881072998047e+00 -1.656857540135996121e-01 -1.023577895716785147e-01 9.808522385308323654e-01
-4.381831359863281250e+01 6.939010620117187500e+01 -6.430850982666015625e+00 3.044071118283863675e-01 -2.544848164533464185e-01 -9.179181817912787089e-01
-6.178169631958007812e+01 -2.138456916809082031e+01 -1.795035004615783691e+00 -4.318149790732520032e-01 -1.915937047869065435e-01 8.813782820866388201e-01
-7.752193450927734375e+01 2.676071166992187500e+01 -1.101585197448730469e+01 6.575601104457193813e-01 -1.559775768613703428e-01 -7.370791658072208818e-01
3.481668090820312500e+01 3.387282943725585938e+01 9.455195426940917969e+00 1.440704896219101860e-01 6.064700387458632491e-02 9.877072617638988916e-01
-2.796231651306152344e+01 3.536669158935546875e+01 8.241870880126953125e+00 -1.327035837379343386e-01 6.309532305131090868e-02 9.891454590059844953e-01
1.761022758483886719e+01 7.432810974121093750e+01 -1.813439011573791504e+00 -9.496471406521435343e-02 -3.668598171832354593e-01 -9.254164347032070026e-01
-4.828877639770507812e+01 8.797060251235961914e-01 -9.194719791412353516e-01 2.974161341250374305e-02 5.978717253720242097e-02 -9.977679742463314572e-01
1.874995231628417969e+01 -5.269786834716796875e+00 8.314993858337402344e+00 -4.841384938090801532e-02 -4.147035841423579033e-02 9.979660858772293475e-01
-3.360068130493164062e+01 -3.741148948669433594e+00 7.445219993591308594e+00 -4.116881339780631421e-02 1.493649377429301459e-03 9.991510885821793808e-01
-5.309528350830078125e+01 -4.455173110961914062e+01 -8.595410346984863281e+00 4.121607148065433712e-01 2.675679728308402727e-01 -8.709368088933626684e-01
-4.337055969238281250e+01 2.222899818420410156e+01 1.691749989986419678e-01 6.673897971531252138e-02 1.553459973355893371e-02 -9.976495300443323222e-01
1.263064575195312500e+01 4.691039919853210449e-01 1.480179023742675781e+01 6.790852174564078192e-01 -1.025232061883770557e-02 7.339878455084334341e-01
-3.891665267944335938e+01 -1.445560932159423828e+01 -6.487529873847961426e-01 1.612786384645187310e-01 5.718246894149661003e-02 -9.852509152600598119e-01
1.281612110137939453e+01 -4.546519851684570312e+01 2.494102001190185547e+00 8.231063165284117911e-02 -8.842339838698944909e-01 4.597338596258552790e-01
3.444592952728271484e+00 5.608533477783203125e+01 8.449983596801757812e+00 -1.310362044179882827e-02 1.813243696680525985e-01 9.833360402709749870e-01
1.397903728485107422e+01 4.443439865112304688e+01 4.244238853454589844e+00 2.236517073271170400e-02 2.146067600026894950e-02 -9.995195038235662466e-01
4.397239685058593750e+01 5.565460205078125000e+01 -9.724619984626770020e-01 -3.309012823830218553e-01 -2.610434814861292141e-01 -9.068410236038467742e-01
-2.082214736938476562e+01 -4.577900314331054688e+01 -2.661312103271484375e+00 5.368389076319265291e-02 -7.116984856993834319e-01 -7.004307998123225909e-01
-1.406653976440429688e+01 6.486351013183593750e+01 5.243502140045166016e+00 -1.052487324824823295e-01 3.191582823721755835e-01 9.418389963810552823e-01
1.640999031066894531e+01 -3.721850967407226562e+01 -1.092144966125488281e+00 -8.586202163999058501e-02 1.949073408482297209e-01 -9.770562121614937423e-01
-1.329248428344726562e+01 -3.353415298461914062e+01 6.205523967742919922e+00 -2.617527719103282177e-02 -2.260709716900462518e-01 9.737590927036783306e-01
-4.999924468994140625e+01 -3.279838180541992188e+01 2.972289919853210449e-01 -2.851217111091549627e-01 -2.321955200332526392e-01 9.299413155305419343e-01
-3.109603309631347656e+01 2.479575920104980469e+01 8.146377563476562500e+00 -1.575352966132904375e-01 2.695906985198476269e-03 9.875096771204269208e-01
-1.609601974487304688e+01 3.748362350463867188e+01 9.225163459777832031e+00 -9.829982058188596605e-02 6.310231727998973084e-02 9.931541888485717617e-01
5.172043609619140625e+01 -1.168294715881347656e+01 4.482121944427490234e+00 2.807737354789077711e-01 -1.215566597983412239e-01 9.520452131720902322e-01
-4.522030639648437500e+01 6.050816726684570312e+01 -4.909450113773345947e-01 -2.967746616820386985e-01 3.374769604409289525e-01 8.933275442720118864e-01
4.172224426269531250e+01 4.709795379638671875e+01 6.030315876007080078e+00 2.731517358569461873e-01 2.212612121021207412e-01 9.361792591258563112e-01
-2.813727188110351562e+01 -4.728363418579101562e+01 -1.445659041404724121e+00 7.901170461324774630e-02 -9.417783736700516828e-01 -3.268189795919162477e-01
-2.796685600280761719e+01 1.231618690490722656e+01 1.459001064300537109e+00 6.717961874991872084e-02 -5.794822845704134147e-03 -9.977240694965729961e-01
-7.450672149658203125e+01 3.540963363647460938e+01 -1.066819858551025391e+01 6.282037740605793674e-01 -2.033944167224954747e-01 -7.509931620874855662e-01
4.158824539184570312e+01 1.372514343261718750e+01 8.816457748413085938e+00 1.229963687637758984e-01 -1.168221291274925723e-03 9.924064331361117652e-01
-4.142222213745117188e+01 4.618227767944335938e+01 4.280715942382812500e+00 -2.474776229866200994e-01 1.718225478216657831e-01 9.535364902199411352e-01
-5.588258743286132812e+01 2.826733112335205078e+00 -2.281878948211669922e+00 2.207854050832409598e-01 2.812572549137811254e-02 -9.749167905353836039e-01
2.120158576965332031e+01 -4.008766174316406250e+01 3.396023988723754883e+00 1.550041441694406108e-01 -3.087531670692127417e-01 9.384269801721547566e-01
6.499586486816406250e+01 -1.396749401092529297e+01 -1.447154045104980469e+00 4.459692359566700959e-01 -1.003228162302205323e-01 8.894081026861972994e-01
-2.522459924221038818e-01 8.542590332031250000e+01 -3.302325010299682617e+00 1.823834638481511283e-02 9.141661761174763035e-01 4.049290865866502775e-01
3.541231155395507812e+01 5.204803466796875000e+01 6.459756851196289062e+00 2.741266356040858998e-01 2.488045668578527658e-01 9.289514923627935072e-01
-1.779480361938476562e+01 7.318154144287109375e+01 -1.704326987266540527e+00 1.079324315331938594e-01 -3.357486843655686504e-01 -9.357475146481140094e-01
-1.170119285583496094e+01 -3.274082899093627930e+00 7.817314147949218750e+00 -3.032241472683759320e-01 -1.240851695954857670e-01 9.448057933775733108e-01
1.487245750427246094e+01 3.881549453735351562e+01 1.044400596618652344e+01 -3.466025377123740231e-02 -9.197134443212022503e-02 9.951582480248364337e-01
3.175528335571289062e+01 1.454307079315185547e+01 9.706583023071289062e+00 4.547196436067237058e-02 -3.358633789477611514e-02 9.984008505425061575e-01
6.422537231445312500e+01 1.977963447570800781e+01 -3.043246984481811523e+00 -4.295334513631369200e-01 -6.242279204638585474e-03 -9.030293727838553108e-01
6.400865173339843750e+01 3.709871292114257812e+01 -5.112380981445312500e+00 -4.944808106960689176e-01 -2.223164826535553307e-01 -8.402762101796705796e-01
2.596172332763671875e+01 -4.182265853881835938e+01 -2.210254907608032227e+00 2.321835462833172770e-01 -3.726674327338468373e-01 -8.984485435543131393e-01
-9.414615631103515625e+00 -1.057787513732910156e+01 2.075577020645141602e+00 -8.393118760034809153e-03 5.605577322047004818e-02 -9.983923606709613763e-01
-1.219459533691406250e+01 -3.048976516723632812e+01 1.018100045621395111e-02 -1.533012934689462897e-02 1.828077065849591926e-02 -9.997153597691389448e-01
-2.557727432250976562e+01 4.072714996337890625e+01 8.032792091369628906e+00 -8.443879662671846531e-02 9.728229622795230014e-02 9.916684145745736645e-01
-5.966313171386718750e+01 3.578717422485351562e+01 -4.078066825866699219e+00 2.586169729564394282e-01 -6.038719798542673683e-02 -9.640905806086466079e-01
-8.424269676208496094e+00 7.785528564453125000e+01 -2.724961996078491211e+00 1.897452653224304328e-02 -4.227438660071559107e-01 -9.060505455526204344e-01
3.360147476196289062e+01 2.238665580749511719e+01 9.733934402465820312e+00 9.680360161403397945e-02 -4.411550106689970246e-02 9.943253417670535610e-01
-6.396812057495117188e+01 2.020082664489746094e+01 -3.984900116920471191e-01 -4.048263329227608232e-01 8.662308705360909078e-03 9.143525603290029169e-01
5.704490184783935547e+00 -1.272969913482666016e+01 7.736632823944091797e+00 -9.152331201090073420e-02 6.679931738776007100e-02 9.935599300269131184e-01
2.618560218811035156e+01 2.019664764404296875e+01 3.423741102218627930e+00 -1.993405387836950232e-02 5.911828780317700954e-02 -9.980519332896434781e-01
-2.041258621215820312e+01 7.950743865966796875e+01 -4.747584819793701172e+00 1.039578864062482844e-01 -2.997904655601671964e-01 -9.483240135170909468e-01
1.946903991699218750e+01 2.780102157592773438e+01 1.038174819946289062e+01 -6.421264457570328987e-02 -8.215182894505343447e-02 9.945490502119928022e-01
-3.204743576049804688e+01 6.050934219360351562e+01 -5.455330014228820801e-01 1.852178072166738854e-01 -1.171475117130157534e-01 -9.756899222546555617e-01
-5.410007476806640625e+01 2.238817596435546875e+01 -1.730113983154296875e+00 1.664434679048622245e-01 -3.289893847017721223e-02 -9.855020202106835603e-01
4.307746887207031250e+01 -1.047294616699218750e+01 9.644910097122192383e-01 -1.667625425703857245e-01 1.424108510587750454e-01 -9.756584463305669752e-01
-1.038608837127685547e+01 -9.643589019775390625e+00 1.321389484405517578e+01 -6.462117148798041111e-01 -7.368585406689488471e-01 1.986200155959357005e-01
-2.182334899902343750e+01 -1.041582202911376953e+01 7.689486980438232422e+00 -6.743248118672670946e-03 -8.437168305207709681e-04 9.999769081067422238e-01
1.179336071014404297e+01 -7.589624881744384766e+00 1.919170975685119629e+00 9.672922594116685480e-02 1.128380481033008746e-02 -9.952467696997691071e-01
2.266568183898925781e+01 5.251974487304687500e+01 3.526255130767822266e+00 -5.766153871614262266e-02 -1.431169057241890030e-01 -9.880246445553979573e-01
-1.533016920089721680e+00 2.793048667907714844e+01 3.097472906112670898e+00 1.600759989884466619e-02 4.567417950107403174e-02 -9.988281263923148856e-01
6.317897415161132812e+01 -2.259491920471191406e+01 -2.403466939926147461e+00 4.026449590914908394e-01 -1.722592610438959393e-01 8.990015483317158607e-01
5.799452209472656250e+01 1.817147970199584961e+00 4.167380809783935547e+00 4.040540637322444506e-01 -1.223138829603030997e-01 9.065206162115854172e-01
-5.427444839477539062e+01 -5.694264888763427734e+00 2.906512022018432617e+00 -3.011669532283703377e-01 -1.005169515896652405e-01 9.482588300281002969e-01
-3.600130081176757812e-01 1.794564819335937500e+01 2.606429100036621094e+00 5.690606171558455773e-02 1.935570997704512061e-02 -9.981918936914416784e-01
6.303069305419921875e+01 1.025658607482910156e+01 2.424463987350463867e+00 4.652437940347566858e-01 2.481065774119179095e-03 8.851791097991238422e-01
-3.916308975219726562e+01 4.938965225219726562e+01 -3.417679965496063232e-01 2.040125348450614051e-01 -1.270145228997900666e-01 -9.706936677441710959e-01
-6.392158031463623047e+00 6.856598663330078125e+01 4.590895175933837891e+00 -2.006950027542505136e-02 3.443329241124290507e-01 9.386330766230641665e-01
-5.201364898681640625e+01 3.099050140380859375e+01 3.089379072189331055e+00 -2.611487352782850269e-01 8.728667929326022756e-02 9.613440454283302961e-01
3.912587356567382812e+01 3.121992111206054688e+01 3.504572868347167969e+00 -1.663054949229647861e-01 -6.302369683043931858e-02 -9.840581771400777056e-01
-1.516020679473876953e+01 1.770914649963378906e+01 8.805902481079101562e+00 4.859777977844107616e-02 -5.497281704846145728e-02 9.973044897053068292e-01
4.353260421752929688e+01 -2.200077629089355469e+01 -6.318659782409667969e-01 -9.413546654691472282e-02 1.234821588542112797e-01 -9.878717884334475841e-01
4.046777343750000000e+01 6.417735290527343750e+01 -2.533556938171386719e+00 -2.878870795877241373e-01 -3.325101166886831883e-01 -8.980857707959355452e-01
-2.264803886413574219e+01 -3.581190109252929688e+01 5.072968959808349609e+00 -8.324031997759352708e-02 -1.918923628469235421e-01 9.778795274526674852e-01
1.050140953063964844e+01 -3.691191101074218750e+01 5.213099002838134766e+00 6.748144286670523795e-02 -2.231870720350350168e-01 9.724370343343858858e-01
-3.970200729370117188e+01 1.554553508758544922e+01 7.009201049804687500e+00 -2.050859904811885848e-01 2.017153362307974596e-02 9.785360727840556327e-01
2.612942504882812500e+01 4.180498504638671875e+01 9.834962844848632812e+00 5.434358227411332370e-02 5.066148173540058197e-02 9.972362755806621903e-01
4.415377044677734375e+01 4.025107574462890625e+01 6.805132865905761719e+00 2.970459325880713264e-01 2.134824102371205845e-01 9.306927390133826750e-01
-3.102050018310546875e+01 4.951189041137695312e+01 6.182145118713378906e+00 -2.109215467676754940e-01 2.068094714259804123e-01 9.553752894217212299e-01
-5.276451492309570312e+01 -3.692097091674804688e+01 -6.218801021575927734e+00 2.265921979148541321e-01 1.674625236084904822e-01 -9.594854240845930304e-01
-1.811174988746643066e+00 -4.316130065917968750e+01 -1.836410999298095703e+00 -1.419999510681026374e-02 1.347458844193065441e-01 -9.907784347527075486e-01
-6.944207000732421875e+01 2.721740150451660156e+01 -3.288393974304199219e+00 -3.951411635628875874e-01 1.051717670389559628e-01 9.125800569134037143e-01
-5.978411197662353516e+00 3.885382080078125000e+01 9.824434280395507812e+00 -8.565549083377978212e-02 4.087528636715049429e-02 9.954859857649567267e-01
-1.566314411163330078e+01 -2.590564918518066406e+01 2.324150055646896362e-01 1.927104580525866584e-02 7.354764537203084540e-02 -9.971054962509241504e-01
-4.980618000030517578e+00 -1.281353282928466797e+01 7.661307811737060547e+00 3.271838029459928077e-02 -1.580773747560464820e-02 9.993395934449912366e-01
5.300280380249023438e+01 -2.550506401062011719e+01 1.365007042884826660e+00 3.172915534743518395e-01 -1.951451405813785789e-01 9.280325663473812936e-01
2.019157218933105469e+01 3.690452575683593750e+01 4.070557117462158203e+00 2.180502029662152036e-02 5.650973030731866464e-02 -9.981639101222095078e-01
-3.560904693603515625e+01 4.395871734619140625e+01 6.077379226684570312e+00 -2.543023162943844895e-01 9.742215562507200444e-02 9.622054123318343200e-01
4.887182617187500000e+01 -3.097070884704589844e+01 1.202473998069763184e+00 2.211231233411876385e-01 -3.455575414683324520e-01 9.119728887736737732e-01
-6.385592937469482422e+00 9.848581314086914062e+00 8.937135696411132812e+00 -5.627730902794821910e-01 8.096773153849152749e-01 1.664604872285251336e-01
-2.081074333190917969e+01 6.617594146728515625e+01 1.591850072145462036e-01 1.070336925868972111e-01 -1.881745250096292232e-01 -9.762858888607445218e-01
-6.605630493164062500e+01 -2.297040939331054688e+00 -1.223448991775512695e+00 -4.203892342796550219e-01 -3.097351731993932059e-02 9.068150489083187660e-01
-4.342187881469726562e+01 7.553735351562500000e+01 -5.925396919250488281e+00 -5.136913755855959662e-01 8.232367321808602423e-01 2.416659956161741063e-01
-6.422667694091796875e+01 1.083365917205810547e+01 -4.705751895904541016e+00 3.203870015797384840e-01 1.443626447392806766e-02 -9.471767329737271757e-01
-4.428817367553710938e+01 -2.584638977050781250e+01 3.301539897918701172e+00 -2.173131389844672745e-01 -1.972349525807441661e-01 9.559672447867599843e-01
5.510567855834960938e+01 5.312997436523437500e+01 -8.551840186119079590e-01 3.737216923539940505e-01 2.548868401954137997e-01 8.918322686241310082e-01
-8.980230093002319336e-01 7.034067535400390625e+01 4.219585895538330078e+00 1.305009497406706964e-01 3.711897789455124719e-01 9.193408780877551090e-01
-1.062392616271972656e+01 -1.353859233856201172e+01 7.751448154449462891e+00 1.047410424719934750e-02 -4.048619313091276345e-02 9.991251980137350053e-01
-6.452670288085937500e+01 4.918696212768554688e+01 -8.636738777160644531e+00 4.645629961550800102e-01 -2.594358167104725554e-01 -8.466842856762993863e-01
1.656432914733886719e+01 -2.990536880493164062e+01 6.186946868896484375e+00 2.078287900415671380e-02 -6.066013519397658177e-02 9.979420924775881385e-01
6.274468231201171875e+01 2.888264656066894531e+01 7.537919878959655762e-01 4.810533935997437505e-01 2.035800856581393148e-01 8.527266743978370034e-01
7.871775817871093750e+01 -3.487866878509521484e+00 -7.953868865966796875e+00 9.161723037987964391e-01 -1.645099365001732872e-01 3.654651700842567741e-01
2.767504501342773438e+01 5.597069931030273438e+01 2.380883932113647461e+00 -9.476516194647768843e-02 -1.902150989889893895e-01 -9.771580118884902744e-01
-7.086123657226562500e+01 -6.272060871124267578e+00 -7.193614006042480469e+00 3.716102972713801189e-01 7.893777971785641279e-02 -9.250268179329136364e-01
6.395956993103027344e+00 6.350470352172851562e+01 1.949954986572265625e+00 9.485514721414015776e-03 -1.742096096101184433e-01 -9.846629052269411098e-01
-7.974522399902343750e+01 1.399382305145263672e+01 -1.111935806274414062e+01 4.214969823585463793e-01 -4.021376576282137405e-02 -9.059377169021125553e-01
7.917722320556640625e+01 3.071239948272705078e+00 -1.061078453063964844e+01 9.983429648225469188e-01 -1.929581236015500204e-02 5.421250976193984356e-02
3.446370124816894531e+00 1.645476531982421875e+01 8.616586685180664062e+00 2.285958419908535461e-02 -9.634668299009969961e-02 9.950853009099521751e-01
-5.219339752197265625e+01 -1.984962844848632812e+01 2.017219066619873047e+00 -2.747681628920325414e-01 -1.565447285463175686e-01 9.486812977102990763e-01
-5.744789886474609375e+01 -1.260076618194580078e+01 -3.464478015899658203e+00 2.728496301644559030e-01 1.095640939334777270e-01 -9.557974621433432683e-01
-1.411679267883300781e+01 5.715042114257812500e+01 7.247005939483642578e+00 -8.263332562187666874e-02 2.794668709878136426e-01 9.565929131647117334e-01
2.539293861389160156e+01 -1.931110000610351562e+01 7.602970004081726074e-01 -2.297474260870204302e-02 9.685857239564041321e-02 -9.950329533013178018e-01
-8.055809020996093750e+01 2.094683647155761719e+01 -1.367663002014160156e+01 9.334809464747774177e-01 -1.851510524537857694e-01 -3.071358174225357618e-01
7.871002197265625000e+01 9.522380828857421875e+00 -7.133879184722900391e+00 9.270448703104423593e-01 6.993020845698484644e-02 3.683715167819815450e-01
-8.658880233764648438e+00 3.088403940200805664e+00 1.981305003166198730e+00 -6.614102281655294402e-02 3.222871317237694516e-02 -9.972896646150670730e-01
-4.557734298706054688e+01 5.346181869506835938e+01 -2.354074954986572266e+00 2.186034353892629123e-01 -9.623732817725526301e-02 -9.710565970638970201e-01
1.428383636474609375e+01 4.985441970825195312e+01 9.527796745300292969e+00 -2.067919208935269787e-02 1.281400315918974353e-01 9.915404698337628719e-01
-1.326163101196289062e+01 1.305198287963867188e+01 2.222496986389160156e+00 -1.303275198422505082e-02 4.383184476994835682e-02 -9.989539112290320988e-01
-2.326555252075195312e+01 -3.497799932956695557e-01 8.270160675048828125e+00 -9.032346528768002425e-02 9.063111255181553749e-02 9.917800527617226525e-01
-3.934838056564331055e+00 -3.812485885620117188e+01 -6.782910227775573730e-01 5.780265943528925705e-03 2.608293856514670161e-01 -9.653676087927853811e-01
-4.216267776489257812e+01 -3.450241851806640625e+01 -2.999732971191406250e+00 1.998604955025602703e-01 1.468255291527753581e-01 -9.687610883631105896e-01
3.397834014892578125e+01 -3.212253189086914062e+01 3.785367012023925781e+00 1.383773156299434592e-01 -2.340637421242701410e-01 9.623231698041122550e-01
6.612571716308593750e+01 2.429680633544921875e+01 -3.933149874210357666e-01 3.152049291288441801e-01 1.416404474264308100e-01 9.383942861642545763e-01
9.018909454345703125e+00 3.677890014648437500e+01 3.708168983459472656e+00 4.518214301316569176e-02 -1.023724373533172610e-02 -9.989263099916034783e-01
-6.576533508300781250e+01 1.653747749328613281e+01 -5.121950149536132812e+00 3.051266190479922646e-01 1.360461773592559070e-02 -9.522146085439987528e-01
2.782711982727050781e+00 -2.352842521667480469e+01 7.350959777832031250e-01 -4.121124484910175523e-02 1.986520492021108808e-01 -9.792032458309100074e-01
5.961616992950439453e+00 7.659975433349609375e+01 -1.864263057708740234e+00 -2.215283742293718688e-02 -3.381883312775590400e-01 -9.408176786082481646e-01
3.378647994995117188e+01 4.559487819671630859e+00 2.383024930953979492e+00 -3.070774829612518339e-02 1.059573819158320940e-01 -9.938964067809704650e-01
-4.775722885131835938e+01 -4.599445724487304688e+01 -7.269506931304931641e+00 1.924255203461923414e-01 2.843594244132791049e-01 -9.392082499993521516e-01
8.311841011047363281e+00 4.873674011230468750e+01 9.566035270690917969e+00 -2.721202279105933500e-02 1.798747041414620884e-01 9.833130715218020290e-01
3.699538040161132812e+01 1.499190521240234375e+01 3.139586925506591797e+00 9.279112668213176929e-02 5.606662063562115744e-02 -9.941057996307847144e-01
2.473718070983886719e+01 2.889620018005371094e+01 3.745042085647583008e+00 -5.224750639538588981e-02 3.964030794447034184e-02 -9.978471045513593873e-01
-6.645472717285156250e+01 3.568628311157226562e+01 -6.610046863555908203e+00 3.688405654482941332e-01 -1.202756301450837728e-01 -9.216780403551912970e-01
7.604975891113281250e+01 -1.300184822082519531e+01 -7.442009925842285156e+00 6.768985129119250432e-01 -1.883870268995118946e-01 7.115607713425375902e-01
5.020667648315429688e+01 3.475141906738281250e+01 1.039955973625183105e+00 -2.984539447688282499e-01 -7.475459026485320457e-02 -9.514919831960009233e-01
4.003190612792968750e+01 -2.456285953521728516e+00 2.367882013320922852e+00 -1.827716692908021301e-02 8.962737670792016165e-02 -9.958076513632052595e-01
6.174166870117187500e+01 -6.673893928527832031e+00 1.699908018112182617e+00 4.548473687368560503e-01 -9.235626513613288957e-02 8.857675719077001686e-01
-3.004355812072753906e+01 -8.223501205444335938e+00 7.609830856323242188e+00 -9.282474106464969066e-02 -4.326298801746205486e-02 9.947421179954539783e-01
6.228197860717773438e+01 5.188604736328125000e+01 -4.755897998809814453e+00 7.826922670106464253e-01 5.548988319615278941e-01 2.819221549461247700e-01
-4.741191864013671875e+01 -1.051421070098876953e+01 -1.376067996025085449e+00 5.421787394182264047e-02 6.230526102009144307e-02 -9.965834017253382138e-01
-5.296304702758789062e+01 7.454426765441894531e+00 -1.459015011787414551e+00 2.944341586653330123e-01 4.064149222354075663e-02 -9.548072032200434212e-01
5.140055084228515625e+01 1.861001205444335938e+01 6.754989147186279297e+00 3.186431552659720889e-01 3.121210373037991079e-02 9.473607254804632394e-01
6.382384872436523438e+01 1.592221975326538086e+00 -3.032067060470581055e+00 -4.823346866830225954e-01 1.070273971470881297e-01 -8.694241693686172168e-01
6.872264099121093750e+01 -1.906458854675292969e+01 -9.060188293457031250e+00 -6.059590239581281734e-01 2.381337572463942676e-01 -7.590164523535891661e-01
-2.165382003784179688e+01 5.035482025146484375e+01 7.586179733276367188e+00 -1.736145510914955670e-01 7.787811901400971959e-02 9.817295891578995404e-01
2.652838897705078125e+01 -2.584717559814453125e+01 6.158782005310058594e+00 8.105585462463620050e-02 -8.362086043492378273e-02 9.931956001368476006e-01
-3.475979614257812500e+01 -4.758965682983398438e+01 -5.130630970001220703e+00 2.164336302282711677e-01 3.697831686185927558e-02 -9.755967854540502637e-01
3.014102745056152344e+01 5.345473480224609375e+01 7.325973987579345703e+00 2.126489574594319365e-01 3.361174155731440072e-01 9.174995933731235898e-01
-4.603931045532226562e+01 3.957659912109375000e+01 -8.233320116996765137e-01 1.512181719626344567e-01 -3.923362672551113789e-02 -9.877215128781201559e-01
2.288987922668457031e+01 3.500406646728515625e+01 1.044921207427978516e+01 7.082228064278398016e-02 6.925829165580647817e-02 9.950816517258641580e-01
-2.666889953613281250e+01 7.343748474121093750e+01 -3.074340105056762695e+00 1.985954375677173311e-01 -2.835311069387620453e-01 -9.381737384809740732e-01
1.059378623962402344e+01 5.765170288085937500e+01 3.174588918685913086e+00 1.149566751964750319e-02 -1.515888299173868969e-01 -9.883767886148253634e-01
3.773873519897460938e+01 5.663028335571289062e+01 4.410593986511230469e+00 3.061074857611528199e-01 3.412783705996357275e-01 8.887222743477534159e-01
-1.865391159057617188e+01 -3.215155029296875000e+01 6.234107017517089844e+00 -1.382720498828609590e-01 -1.928034906371695334e-01 9.714461664031179833e-01
1.180216407775878906e+01 6.658838653564453125e+01 5.159800052642822266e+00 4.734655342993168009e-02 3.510042137879013091e-01 9.351761041544229824e-01
-5.929686355590820312e+01 2.629625320434570312e+01 -3.349060058593750000e+00 2.600312433898250841e-01 -3.146696047325598516e-02 -9.650873446790793064e-01
3.022103071212768555e+00 3.663897705078125000e+01 3.391278982162475586e+00 3.627965616606698002e-02 4.170727466177767662e-04 -9.993415895472358423e-01
4.421421432495117188e+01 -1.557574939727783203e+01 5.531081199645996094e+00 1.783522438129007681e-01 -1.760995087871972953e-01 9.680802859948194339e-01
5.249261474609375000e+01 3.182062339782714844e+01 5.239966869354248047e+00 3.211596026325551079e-01 1.202238639424473704e-01 9.393629395370285406e-01
-1.332569503784179688e+01 -2.100516700744628906e+01 9.023550152778625488e-01 2.057184792600490544e-02 1.424155098923415574e-01 -9.895931596444134115e-01
3.053119659423828125e+01 -2.788681602478027344e+01 -4.215509891510009766e-01 -1.252950629333701715e-01 1.747373861464027456e-01 -9.766104612829240583e-01
7.257991790771484375e+01 -3.521718025207519531e+00 -3.496731042861938477e+00 3.602463326506936681e-01 -1.395639073297967325e-01 9.223581167759979937e-01
-5.782906723022460938e+01 -2.338898086547851562e+01 -5.148224830627441406e+00 2.688402404161950865e-01 1.783412074688688620e-01 -9.465301573914631783e-01
-5.282142639160156250e+01 -5.086600184440612793e-01 3.659126043319702148e+00 -2.808383311468076737e-01 -1.208960739171254933e-01 9.521102725368006947e-01
-4.060925292968750000e+01 -4.445878219604492188e+01 -5.246369838714599609e-01 -2.694839552923413706e-01 -3.714148220479633333e-01 8.884984118179812818e-01
5.514633560180664062e+01 2.108670234680175781e+01 4.707359969615936279e-01 -2.659707529836994322e-01 -2.629471897791218343e-02 -9.636224085766980085e-01
-4.839952850341796875e+01 2.139843940734863281e+01 4.865283966064453125e+00 -2.897643507895944492e-01 9.438739644153427977e-02 9.524324860085745525e-01
4.464139175415039062e+01 3.147326278686523438e+01 2.687942981719970703e+00 -2.525569550849755540e-01 -8.084209353352303506e-02 -9.641989111958811920e-01
2.647925949096679688e+01 7.360888671875000000e+01 -3.019469022750854492e+00 -1.714269024983617329e-01 -4.232297354793007060e-01 -8.896569047143614295e-01
-3.934204483032226562e+01 5.426515579223632812e+01 3.108701944351196289e+00 -3.182306013233853759e-01 1.368167362151526123e-01 9.380887298506415117e-01
2.829206848144531250e+01 -1.532473278045654297e+01 7.575897216796875000e+00 1.713175275917563078e-01 -7.920744416336454596e-02 9.820267234291312208e-01
-3.098608970642089844e+01 6.828900146484375000e+01 1.187561988830566406e+00 -2.250678927119220685e-01 3.639445233250995226e-01 9.038190237054545273e-01
5.619772338867187500e+01 -1.826622200012207031e+01 -2.642416000366210938e+00 -2.996110661009840914e-01 2.006036293001495219e-01 -9.327332914512270756e-01
-4.606638336181640625e+01 -4.046648025512695312e+01 -5.396367073059082031e+00 1.924342690088862440e-01 2.001310704373001903e-01 -9.606854879494308719e-01
5.084550476074218750e+01 -1.367491006851196289e+00 8.842570185661315918e-01 -2.247696638616769882e-01 6.753346033975383966e-02 -9.720688401250435762e-01
6.618277740478515625e+01 -1.070855903625488281e+01 -5.593958854675292969e+00 -4.166708382003639355e-01 1.319829237090084650e-01 -8.994253278858829193e-01
-5.689413833618164062e+01 -1.423500537872314453e+01 1.678273916244506836e+00 -4.097224244839010598e-01 2.010941344683001286e-01 8.897688935658962794e-01
3.625959873199462891e+00 6.914082336425781250e+01 7.443940043449401855e-01 -2.530020688753581784e-02 -2.475719659151208174e-01 -9.685391170336746791e-01
-4.643153762817382812e+01 -1.501220226287841797e+01 4.109587192535400391e+00 -3.239928751931232531e-01 -7.714213407644514298e-02 9.429091727065895823e-01
3.900019073486328125e+01 -3.398560333251953125e+01 -2.148026943206787109e+00 -1.293038475821209898e-01 1.666123441627098134e-01 -9.775074637940450728e-01
3.026958656311035156e+01 2.810328102111816406e+01 1.005955982208251953e+01 4.295126978441007881e-02 4.131165539992771168e-02 9.982226883576752474e-01
-2.453608703613281250e+01 2.071850001811981201e-01 1.665045976638793945e+00 1.654834861724271411e-01 4.271593469142121596e-03 -9.862033103237153320e-01
4.198396205902099609e+00 6.148126220703125000e+01 7.105885982513427734e+00 1.101969941273784302e-02 2.519883077250967274e-01 9.676675353625824316e-01
-8.257600402832031250e+01 1.176947021484375000e+01 -1.510304737091064453e+01 7.981451961020731289e-01 -6.929398147973386823e-02 -5.984668663091295970e-01
6.534854125976562500e+01 4.214765167236328125e+01 -7.358201980590820312e+00 -6.259398190309717336e-01 -2.622101479932368306e-01 -7.344693194687161863e-01
-2.512101936340332031e+01 2.565933799743652344e+01 1.772310018539428711e+00 8.413712002177359262e-02 -7.278475242112515328e-03 -9.964276034075889577e-01
5.519752025604248047e+00 3.365207672119140625e+01 1.017217445373535156e+01 -3.951415199774983844e-02 -1.298429169541317485e-01 9.907469145592840976e-01
-2.382832336425781250e+01 1.057575225830078125e+01 8.389054298400878906e+00 -9.841565620609355608e-03 -2.824294562889364743e-02 9.995526397385675610e-01
2.810073280334472656e+01 2.705031871795654297e+00 9.017814636230468750e+00 -1.870755675692908557e-02 -1.445123950342406746e-02 9.997205554538732830e-01
1.413366317749023438e+01 -8.285498619079589844e+00 8.095248222351074219e+00 -2.459354885972657098e-02 -1.997726614862595923e-02 9.994979070471889937e-01
-1.749739265441894531e+01 5.415810775756835938e+01 2.158283948898315430e+00 8.558659376507164740e-02 -5.239176685249798820e-02 -9.949522791238613051e-01
8.445230126380920410e-01 7.784283161163330078e+00 1.623259067535400391e+00 3.767955613485345079e-02 8.519769417619350860e-02 -9.956513465850082012e-01
3.855340003967285156e+00 -7.424439787864685059e-01 1.412390947341918945e+00 -2.148079228285268427e-02 -2.687330771124787909e-02 -9.994080252307150358e-01
-5.117582702636718750e+01 4.580496597290039062e+01 -2.700121879577636719e+00 2.299071713187644250e-01 -1.267183949203486981e-01 -9.649275314576815088e-01
-5.458931732177734375e+01 1.020763492584228516e+01 3.379194021224975586e+00 -3.375521125116819343e-01 2.652439251717265967e-02 9.409330624122502762e-01
4.651138305664062500e+01 1.571199989318847656e+01 2.474574089050292969e+00 -1.686593057071541779e-01 2.455639975090078211e-02 -9.853684700809411945e-01
1.368514633178710938e+01 7.776126098632812500e+01 -2.911303043365478516e+00 -1.131344487923669484e-01 -4.107613297933549457e-01 -9.046964830498911425e-01
-4.712819671630859375e+01 2.715229797363281250e+01 4.800182819366455078e+00 -2.746516905824147314e-01 7.557892735536486661e-02 9.585688679484818397e-01
-5.062473297119140625e+01 -1.555738067626953125e+01 -2.216229915618896484e+00 1.979488413459429552e-01 8.502325702816339315e-02 -9.765179475944727461e-01
2.357340240478515625e+01 4.718672180175781250e+01 4.001872062683105469e+00 -9.315953396301340783e-02 -4.206663403251758443e-02 -9.947621321366070246e-01
-4.690687942504882812e+01 3.353934097290039062e+01 -7.988910079002380371e-01 1.687986315035071572e-01 -3.557430567225160212e-02 -9.850083709179737745e-01
2.490275001525878906e+01 6.103237533569335938e+01 5.773889064788818359e+00 1.268177019920352921e-01 3.684666352086053975e-01 9.209503836795485121e-01
-3.666594314575195312e+01 1.293971443176269531e+01 6.644120216369628906e-01 1.297892478013790707e-01 1.904884108271128612e-02 -9.913586095901714135e-01
-3.033249473571777344e+01 -3.632923507690429688e+01 -1.608294963836669922e+00 6.560482693528997544e-02 1.196551633950110605e-01 -9.906455716126245648e-01
5.928406524658203125e+01 2.539190864562988281e+01 3.288513898849487305e+00 4.303268609759170471e-01 1.361358860564041706e-01 8.923484819566016579e-01
2.980398941040039062e+01 6.595775604248046875e+01 2.619884967803955078e+00 1.322279898644968255e-01 4.148549415879008162e-01 9.002283799883750159e-01
-7.371051788330078125e+01 1.540086030960083008e+00 -8.143768310546875000e+00 4.129411833598427561e-01 3.484759100156761824e-02 -9.100907781571903055e-01
-5.005659866333007812e+01 6.891256713867187500e+01 -1.069173431396484375e+01 6.439537432625375146e-01 -6.191906603445443968e-01 -4.493623289509847130e-01
-5.128387451171875000e+01 6.337890625000000000e+01 -7.297263145446777344e+00 3.732967795598153837e-01 -3.052758833620205503e-01 -8.760457461844151084e-01
1.381671524047851562e+01 1.961917304992675781e+01 3.293848037719726562e+00 5.756133504775606813e-02 6.687441870060886751e-02 -9.960996460349614834e-01
-7.954839324951171875e+01 3.081000709533691406e+01 -1.515802669525146484e+01 2.371900184301539982e-01 -1.790520033941519693e-02 -9.712982543780815936e-01
-7.947920227050781250e+01 5.504359245300292969e+00 -1.096068191528320312e+01 3.810273214124308971e-01 5.394544768550523818e-04 -9.245636210267714761e-01
-5.972292709350585938e+01 4.694049835205078125e+00 1.530080080032348633e+00 -3.041812308876577498e-01 -3.924532090447756943e-02 9.518054336694943274e-01
-2.260174179077148438e+01 7.108666992187500000e+01 1.773043990135192871e+00 -1.553810762215726837e-01 4.110002594619032168e-01 8.982958910484194481e-01
5.440402221679687500e+01 -1.915586090087890625e+01 2.273144006729125977e+00 3.681669735584228720e-01 -2.583874466377534818e-01 8.931343723095945819e-01
5.338255310058593750e+01 5.818908691406250000e+01 -5.709630966186523438e+00 -4.923957792056223304e-01 -3.793330921867089645e-01 -7.833599439546021781e-01
2.263501930236816406e+01 6.756270599365234375e+01 -6.871499866247177124e-02 -1.360102299376678425e-01 -3.522474993203666416e-01 -9.259713367998230193e-01
1.540542793273925781e+01 -3.500584793090820312e+01 5.370629787445068359e+00 7.209552613823189127e-02 -3.004997304612685993e-01 9.510531778526143398e-01
-1.632564544677734375e+01 8.505165863037109375e+01 -9.266458511352539062e+00 3.626445192490839603e-02 2.862660015416758699e-02 -9.989321334756428028e-01
5.533874511718750000e+01 3.451280212402343750e+01 -6.134729981422424316e-01 -3.448405105592237674e-01 -1.364397823135792276e-01 -9.286922030896334057e-01
7.504808902740478516e+00 2.666357421875000000e+01 3.448326110839843750e+00 5.770485822431743739e-02 4.418639857727822695e-02 -9.973553586952250694e-01
3.314293289184570312e+01 6.017463302612304688e+01 6.684240102767944336e-01 -2.196840794836391331e-01 -2.717128526985965742e-01 -9.369690661381606667e-01
-8.453720855712890625e+01 1.772644042968750000e+00 -1.605803871154785156e+01 -1.470358856435275974e-01 3.412004317767398931e-02 -9.885424983209255556e-01
7.010664367675781250e+01 -6.720525741577148438e+00 -7.178730010986328125e+00 -5.307238311123622099e-01 1.189632571953179452e-01 -8.391543115106409045e-01
6.964694213867187500e+01 1.246382045745849609e+01 -1.419162988662719727e+00 3.979183631562379087e-01 2.769471300419803356e-02 9.170027149003843192e-01
-1.866142034530639648e+00 -3.327154922485351562e+01 -1.055940017104148865e-01 -2.792508420282599491e-02 -5.061234374531563968e-02 -9.983278921941783901e-01
-5.134553909301757812e+01 -3.172712135314941406e+01 -4.744361877441406250e+00 2.724282232125820324e-01 1.839737726593505540e-01 -9.444239059716357243e-01
-2.680552482604980469e+01 5.820770645141601562e+01 5.163948059082031250e+00 -2.313782981279058903e-01 2.473847402294181153e-01 9.408851542335320284e-01
7.027289581298828125e+01 4.454268932342529297e+00 -6.086893081665039062e+00 -5.620697817920081718e-01 6.204334879871947761e-02 -8.247594699463139944e-01
-5.733531951904296875e+01 6.535652923583984375e+01 -7.874177932739257812e+00 -6.645173711709247977e-01 7.214726165308553707e-01 1.946636252827034785e-01
-1.074321365356445312e+01 6.232396316528320312e+01 1.683759927749633789e+00 7.139297286956458599e-02 -1.917971876713003843e-01 -9.788344508783013431e-01
-4.802984237670898438e+00 4.437601852416992188e+01 3.211796045303344727e+00 3.009898436292728074e-02 1.201048815135282305e-01 -9.923048264404147334e-01
4.322021484375000000e+01 1.869775199890136719e+01 8.690400123596191406e+00 1.387248197133359728e-01 -2.129257326005016410e-02 9.901020405591878237e-01
4.815548324584960938e+01 -1.167357921600341797e+01 2.039690017700195312e-01 -1.496015246964777223e-01 1.730875729225773152e-01 -9.734783386949401596e-01
2.958705902099609375e+01 -2.271382093429565430e+00 1.973382949829101562e+00 -1.042614505700294597e-01 1.047307921685205756e-01 -9.890202278501626365e-01
7.446997833251953125e+01 1.833124351501464844e+01 -4.153906822204589844e+00 5.503705755531123067e-01 9.106830992329884022e-02 8.299390293829118637e-01
-7.470538330078125000e+01 3.244081497192382812e+01 -6.378645896911621094e+00 -4.458709833130112821e-01 1.580280442799638363e-01 8.810370045920534743e-01
4.137931442260742188e+01 2.822443962097167969e+01 8.711868286132812500e+00 1.658315734520180995e-01 5.254038005123445876e-02 9.847534705247298348e-01
3.919519042968750000e+01 -2.568319129943847656e+01 -8.483759760856628418e-01 -7.916269357802350332e-03 5.763824684947859572e-02 -9.983061480225259299e-01
1.133118247985839844e+01 -2.403718757629394531e+01 4.548110067844390869e-01 -1.148009527814288985e-02 1.082831140545952586e-01 -9.940538087161300274e-01
1.065660953521728516e+00 -4.133465194702148438e+01 4.410975933074951172e+00 8.217725266298792075e-02 -3.136648032285969112e-01 9.459710832580080497e-01
-2.450286293029785156e+01 1.579782199859619141e+01 8.567171096801757812e+00 -4.207426920670637172e-02 -5.887416720162694239e-02 9.973783576492105674e-01
-2.685696125030517578e+00 1.180803012847900391e+01 2.036782026290893555e+00 -4.537296979701495314e-02 1.029022809295726537e-01 -9.936560844634780842e-01
1.044064807891845703e+01 -3.109058761596679688e+01 9.584000334143638611e-03 4.574969447872257594e-02 -1.034796132273086977e-01 -9.935788519797661422e-01
6.431160736083984375e+01 -5.048828125000000000e+00 -3.935126066207885742e+00 -4.426281890869401270e-01 1.008313164137908252e-01 -8.910181433932071737e-01
5.422499775886535645e-01 6.052128219604492188e+01 2.520596981048583984e+00 -3.013530368654023309e-02 -1.626391340026903942e-01 -9.862253168331134301e-01
4.781758880615234375e+01 5.335808563232421875e+01 1.746181964874267578e+00 3.154109138743972918e-01 2.635924679515001534e-01 9.116111924763511398e-01
1.246120262145996094e+01 -4.053441238403320312e+01 -1.551140069961547852e+00 -4.052694277399623152e-02 1.780095496255554854e-01 -9.831938604118213298e-01
-7.273096466064453125e+01 1.434528923034667969e+01 -7.681403160095214844e+00 4.018313249619575034e-01 -5.519833670172821088e-02 -9.140485380463558851e-01
-5.151124954223632812e+01 2.691715621948242188e+01 -1.387382030487060547e+00 1.934669321366419559e-01 -1.621680632332560268e-02 -9.809727628034876634e-01
-2.566490554809570312e+01 4.737321472167968750e+01 1.867236018180847168e+00 1.184089283708675694e-01 -5.261010136655133729e-02 -9.915702208700420961e-01
2.285139083862304688e+00 -1.172483158111572266e+01 1.673126935958862305e+00 -1.797294593919131819e-03 -2.388446980009047496e-02 -9.997131097642518727e-01
-5.693209457397460938e+01 -6.112654209136962891e+00 -2.917841911315917969e+00 1.702921380640257942e-01 3.602396308768197192e-02 -9.847349195580707981e-01
2.567572116851806641e+00 1.383140563964843750e+01 1.413654994964599609e+01 1.977575709501009360e-01 8.282119841588500009e-01 5.243632828751234598e-01
5.688075256347656250e+01 -1.116830253601074219e+01 -1.681752920150756836e+00 -3.015133644426349901e-01 1.361099003441873789e-01 -9.436968719301649378e-01
-1.184989356994628906e+01 4.231000900268554688e+01 2.670098066329956055e+00 4.995605198921872214e-02 4.985839531731944656e-03 -9.987389720411505856e-01
2.685621643066406250e+01 1.277874946594238281e+01 9.593064308166503906e+00 -2.075288892308256583e-02 -6.626603105657687121e-02 9.975861520336752886e-01
1.785983085632324219e+01 -4.439990615844726562e+01 2.507204055786132812e+00 2.256506163567510992e-01 -3.382101229511768614e-01 9.136168300065230508e-01
-6.120592498779296875e+01 1.543066024780273438e+00 -3.814785003662109375e+00 3.760694807358992975e-01 2.180559208523793341e-02 -9.263348540419080734e-01
3.870618820190429688e+01 4.009299850463867188e+01 3.140667915344238281e+00 -1.736392848852124637e-01 -1.120481807542981212e-01 -9.784143314231472655e-01
6.379388809204101562e+00 -2.910083770751953125e+01 6.755033969879150391e+00 -4.189239429079610888e-02 -5.963516182249360698e-02 9.973408017197479269e-01
9.151183128356933594e+00 -9.581637382507324219e+00 1.249423408508300781e+01 6.508198644150406942e-01 -6.700957369109074024e-01 -3.569386606359921665e-01
6.730918121337890625e+01 3.341304016113281250e+01 -6.525583267211914062e+00 -5.197431684099398375e-01 -1.479204622134708269e-01 -8.414193816104725832e-01
-7.173857879638671875e+01 2.228083419799804688e+01 -3.831657886505126953e+00 -4.235581262210850184e-01 9.654430479912089191e-02 9.007095596933218928e-01
-6.023808288574218750e+01 -1.769535064697265625e+01 -5.030508995056152344e+00 2.386117724635500592e-01 1.153237349061634887e-01 -9.642431530527432182e-01
2.080165290832519531e+01 1.268788814544677734e+01 3.144129037857055664e+00 4.899782574992320866e-02 6.289164866081660248e-03 -9.987790844211081875e-01
-2.441551208496093750e+01 3.150256729125976562e+01 8.802884101867675781e+00 -9.735627740193453228e-02 6.212831775929378991e-02 9.933085257777856114e-01
-9.416673660278320312e+00 8.396080017089843750e+00 2.091809988021850586e+00 -1.866244808528887481e-02 1.240053556963036964e-02 -9.997489383585512757e-01
2.076063919067382812e+01 -4.185954284667968750e+01 -1.968491077423095703e+00 -7.345842351374268220e-02 1.630083155696747110e-01 -9.838862480337922101e-01
-5.080487060546875000e+01 -3.786366653442382812e+01 -1.526654005050659180e+00 -3.790410111994744202e-01 -3.315088717147683384e-01 8.639616772769965758e-01
-5.996162033081054688e+01 1.325171852111816406e+01 -3.195122003555297852e+00 3.417043324186712638e-01 -5.068007951549944115e-03 -9.397938414895647963e-01
6.179454421997070312e+01 4.696603775024414062e+01 -2.311018943786621094e+00 4.714542814222519307e-01 2.869605942526580189e-01 8.338971626494416922e-01
1.314493274688720703e+01 6.630230903625488281e+00 8.427255630493164062e+00 -6.140226224251398718e-02 -7.498331167411162457e-02 9.952925525501958859e-01
3.383750534057617188e+01 -3.447987747192382812e+01 -1.577925920486450195e+00 -7.051925583722282176e-02 1.809314796931649483e-01 -9.809642369690172448e-01
-1.646527051925659180e+00 5.498493576049804688e+01 8.502865791320800781e+00 -4.693300149212831229e-02 1.302504963560241480e-01 9.903696792460627840e-01
7.836451053619384766e+00 -1.359827041625976562e+00 1.572984218597412109e+01 2.593588838031961330e-02 -1.183143372107275590e-02 9.995935908508154499e-01
-2.858203506469726562e+01 5.686606979370117188e+01 4.874930083751678467e-01 2.057495821444756956e-01 -1.754441591743997331e-01 -9.627494255822547364e-01
-3.011690330505371094e+01 -2.141943168640136719e+01 -4.335699975490570068e-02 1.110041757742095681e-01 3.630171539197381281e-02 -9.931567139280127465e-01
7.449433898925781250e+01 1.192506504058837891e+01 -8.847785949707031250e+00 -6.453294738580366285e-01 -1.304097987994011498e-02 -7.637930367670816567e-01
-3.895864868164062500e+01 -1.962110710144042969e+01 -9.864079952239990234e-01 1.256452870861066717e-01 4.460399963396030620e-02 -9.910720180943984881e-01
1.727057456970214844e+01 2.641317176818847656e+01 3.830276012420654297e+00 3.641918176979601612e-03 6.175038503166516146e-02 -9.980849795385327017e-01
-2.213876342773437500e+01 -4.078013610839843750e+01 4.034856796264648438e+00 3.121288960097860863e-03 -2.524294417733390083e-02 9.996764733274898784e-01
-5.581227874755859375e+01 4.645087051391601562e+01 -5.073069930076599121e-01 -3.550171592956675171e-01 2.472375446258992249e-01 9.015744079847159975e-01
3.014003372192382812e+01 3.681430816650390625e+01 4.188053131103515625e+00 -2.172294493916937172e-02 4.349991004666291759e-03 -9.997545655016680799e-01
-8.477017402648925781e+00 3.380517196655273438e+01 3.034230947494506836e+00 4.579305100107826376e-02 1.399269894405415389e-02 -9.988529425577489240e-01
3.646138763427734375e+01 6.742253875732421875e+01 -2.590662002563476562e+00 -2.663951837116390609e-01 -4.328882239862768544e-01 -8.611860377579567682e-01
2.911675453186035156e+01 -4.177351379394531250e+01 1.816452026367187500e+00 5.121230106705384477e-01 -8.399196546635727678e-01 1.796245964548517371e-01
-6.693614959716796875e+01 -1.301332283020019531e+01 -2.718673944473266602e+00 -4.107796571968214683e-01 -1.379179321710123363e-01 9.012428736023013753e-01
2.142241096496582031e+01 -2.271835517883300781e+01 4.969309866428375244e-01 6.454779888564634964e-03 1.044673537134720165e-01 -9.945073694169864753e-01
3.796627044677734375e+01 -1.024418640136718750e+01 7.178987979888916016e+00 2.846135846673750192e-01 -2.371644304278789361e-01 9.288423657233808584e-01
7.141816711425781250e+01 2.982673645019531250e+01 -8.723819732666015625e+00 -8.192867349425816403e-01 -2.433708122788476591e-01 -5.191723159779013663e-01
-2.915808296203613281e+01 -4.374889373779296875e+01 2.045124053955078125e+00 -1.305259974323624284e-01 -3.254651344190849782e-01 9.365016872765652423e-01
-4.272008514404296875e+01 3.624359893798828125e+01 5.201919078826904297e+00 -2.770408631825179713e-01 8.081056885419443669e-02 9.574539216529153185e-01
3.948912048339843750e+01 -1.581623077392578125e+01 5.673320293426513672e-01 -1.245516926397669671e-01 1.798902789797451884e-01 -9.757696261870208998e-01
6.203180313110351562e+01 3.711976623535156250e+01 -3.612599968910217285e-01 4.480068251610075936e-01 1.134187997579895468e-01 8.868066646516654661e-01
-3.330064392089843750e+01 3.556948471069335938e+01 7.255908012390136719e+00 -1.536400250181104987e-01 4.723101561157498629e-02 9.869974538349800541e-01
1.986315965652465820e+00 7.959292888641357422e+00 1.580776500701904297e+01 1.307916350395607174e-03 5.992370819308257684e-02 9.982021030589000032e-01
4.793523788452148438e+01 6.013328170776367188e+01 -3.901700973510742188e+00 -4.303866082168504859e-01 -3.969161997835979894e-01 -8.106940839903434837e-01
1.265915298461914062e+01 2.071004486083984375e+01 9.632812500000000000e+00 -4.952688507083898017e-02 -1.157352077845883176e-01 9.920445803159443354e-01
-8.173072052001953125e+01 -8.779190182685852051e-01 -8.178718566894531250e+00 -5.127999628801913623e-01 -1.536662857393623384e-02 8.583705870988036502e-01
-5.944454956054687500e+01 4.885451889038085938e+01 -6.113792896270751953e+00 3.792829980302702131e-01 -2.059535243126650594e-01 -9.020684858858347699e-01
5.590673446655273438e+01 -6.155474185943603516e+00 -8.376640081405639648e-01 -1.931659283016100015e-01 9.344371766438751281e-02 -9.767062996481775672e-01
-6.835832977294921875e+01 1.207070446014404297e+01 -2.099482059478759766e+00 -4.198254883407080418e-01 7.485169695158699552e-03 9.075739813228014263e-01
2.457602500915527344e+01 -1.245511054992675781e+00 2.347094058990478516e+00 -1.316934365927436776e-02 3.796302700579364149e-03 -9.999060738256315695e-01
-8.323095321655273438e+00 4.491308975219726562e+01 9.187523841857910156e+00 -2.632756500287225174e-02 1.086788701450945444e-01 9.937282136001800437e-01
-3.419437789916992188e+01 4.861947250366210938e+01 5.484650135040283203e-01 9.776839956987015690e-02 -3.957663160513230638e-02 -9.944219578611174226e-01
1.687613487243652344e+01 -1.311078834533691406e+01 8.075481414794921875e+00 -8.988551778235974454e-02 -1.199768787785635178e-02 9.958798367165501153e-01
2.794006729125976562e+01 7.748200988769531250e+01 -6.101202964782714844e+00 -3.347209208250924717e-01 -8.744314082366929641e-01 -3.511860154550520141e-01
8.857047080993652344e+00 1.533718204498291016e+01 8.782834053039550781e+00 -3.169182728295455442e-02 -9.522530484146032870e-02 9.949511392029853907e-01
-5.310180282592773438e+01 1.723638534545898438e+01 -1.431877970695495605e+00 1.996660230729420116e-01 -1.528708063241634302e-02 -9.797447547172545290e-01
-2.441608619689941406e+01 6.570331573486328125e+01 3.611032009124755859e+00 -1.423963013828869195e-01 2.666943646304966720e-01 9.532037606025323129e-01
3.842485809326171875e+01 5.269023132324218750e+01 1.291267037391662598e+00 -1.960132615789748900e-01 -1.932236647591070167e-01 -9.613757936739579790e-01
-3.249716567993164062e+01 3.975518798828125000e+01 1.380481004714965820e+00 9.995831702334513624e-02 -1.964282781930352245e-02 -9.947977152030064163e-01
7.726034545898437500e+01 1.979463195800781250e+01 -8.178510665893554688e+00 9.725348226250154493e-01 2.283941442897488294e-01 4.485681259165656687e-02
-8.234300994873046875e+01 1.765471839904785156e+01 -8.870439529418945312e+00 -5.710225488207099076e-01 8.825977868323865716e-02 8.161761208250861710e-01
-6.229451751708984375e+01 5.457040023803710938e+01 -9.037317276000976562e+00 4.855531006397417193e-01 -3.246638017428710166e-01 -8.116844228497911429e-01
-7.410353183746337891e+00 5.180539321899414062e+01 3.105622053146362305e+00 5.966961535713023040e-02 -7.768473137937888240e-02 -9.951907452913967278e-01
-5.445071220397949219e+00 7.642067718505859375e+01 1.021731972694396973e+00 -1.603470509171858044e-02 3.741514680028403261e-01 9.272289723816558027e-01
3.223086929321289062e+01 -3.778779220581054688e+01 2.710422992706298828e+00 1.465523988688720858e-01 -2.096317516774818257e-01 9.667351876674447064e-01
-4.054635620117187500e+01 6.264070510864257812e+01 4.077279865741729736e-01 -3.311322374763363552e-01 2.998405779397037008e-01 8.946770753320438807e-01
-2.172679710388183594e+01 -1.609045791625976562e+01 9.030889868736267090e-01 7.960764149674472157e-02 8.113425238003060813e-02 -9.935189260935390898e-01
1.603463363647460938e+01 5.861778259277343750e+01 2.791208028793334961e+00 -6.556086327759359789e-02 -2.456440057895674101e-01 -9.671405252733191737e-01
6.462403869628906250e+01 -2.087044334411621094e+01 -6.892062187194824219e+00 -4.843645590985770077e-01 2.423770280216584749e-01 -8.406214071605774274e-01
5.891756439208984375e+01 2.837750911712646484e+00 -8.547660112380981445e-01 -3.327771368512927319e-01 4.042083969538436822e-02 -9.421388076644418019e-01
-3.052671623229980469e+01 8.089687347412109375e+01 -3.807904005050659180e+00 -3.003544017143451317e-01 6.882954680361497157e-01 6.603306611476673638e-01
-1.063938903808593750e+01 7.566654205322265625e+00 7.753847122192382812e+00 -1.463932273914004580e-02 2.385634497837560083e-02 9.996082057656449082e-01
-1.969254875183105469e+01 -7.064328193664550781e+00 1.803480982780456543e+00 1.151432136873060535e-01 3.818053810780566715e-02 -9.926148733781687827e-01
3.698039948940277100e-01 -1.350299453735351562e+01 1.259226989746093750e+01 3.582656343247439534e-02 -9.717032132797877031e-01 -2.334723166766341507e-01
-1.365101814270019531e+01 -4.175473403930664062e+01 4.333283901214599609e+00 3.096513122873293875e-02 -2.251871073033879789e-01 9.738233553126149911e-01
2.343906021118164062e+01 -2.198696708679199219e+01 6.878542900085449219e+00 1.125859342293754062e-01 -1.631363051869981484e-01 9.801586368255055248e-01
3.963761138916015625e+01 -3.229393005371093750e+01 2.803004026412963867e+00 1.238999400638954307e-01 -2.361762242248582055e-01 9.637788107045374142e-01
3.437891769409179688e+01 -2.458644676208496094e+01 -3.548659980297088623e-01 -1.467887972563824694e-01 1.397373064622698113e-01 -9.792479431597976847e-01
2.629014205932617188e+01 -1.055992031097412109e+01 8.472622871398925781e+00 -4.534502809043853416e-02 2.752665101201005049e-01 9.602979625271408359e-01
-5.593902206420898438e+01 2.789417839050292969e+01 2.097624063491821289e+00 -3.389064124576552928e-01 8.752182224693409729e-02 9.367402917701670439e-01
-1.637252616882324219e+01 6.375094223022460938e+01 9.991570115089416504e-01 9.032885896564073203e-02 -1.359902791901900776e-01 -9.865836716689262431e-01
-4.107837677001953125e+01 -4.016056060791015625e+01 -4.042089939117431641e+00 2.437685884568113748e-01 2.549864493547883693e-01 -9.357129826646691795e-01
-3.616219329833984375e+01 7.351004028320312500e+01 -5.453114986419677734e+00 2.311787304943294097e-01 -2.924659255845964978e-01 -9.279116751819513897e-01
-6.082204818725585938e+00 -2.872916030883789062e+01 1.510190069675445557e-01 7.434443896432212096e-03 6.249116656437492950e-02 -9.980178270679207486e-01
-5.358405303955078125e+01 -2.937947273254394531e+01 -1.298509985208511353e-01 -3.198885504736770358e-01 -2.034047068984755346e-01 9.253636260883582043e-01
3.400475311279296875e+01 7.404198455810546875e+01 -5.274116992950439453e+00 -3.586000235486663801e-01 -6.966370157906880412e-01 -6.213717818996453701e-01
-7.768693542480468750e+01 1.860779762268066406e+01 -1.040770912170410156e+01 4.510968362475952786e-01 -6.154192798672415698e-02 -8.903506249939329154e-01
-7.452024078369140625e+01 1.073693370819091797e+01 -4.688039779663085938e+00 -3.425187868060950436e-01 -6.095077368655561767e-02 9.375318041922050538e-01
-4.412842941284179688e+01 7.541895294189453125e+01 -1.080781173706054688e+01 2.505055748424906206e-02 1.661295314969942760e-01 -9.857857010194038816e-01
-7.683708190917968750e+00 8.561676025390625000e+01 -4.198179244995117188e+00 -4.461971302728996031e-02 9.707659532447877604e-01 2.358443241422201742e-01
-3.533347702026367188e+01 7.781329345703125000e+01 -8.808261871337890625e+00 5.737491948659259045e-01 -6.887704322703427362e-01 -4.431784663325003537e-01
-6.475106048583984375e+01 2.435837030410766602e+00 -5.097519755363464355e-01 -3.883697093076504681e-01 2.020101217989604507e-03 9.215014314060289147e-01
-4.556443023681640625e+01 -4.388326644897460938e+01 -1.867802023887634277e+00 -3.362793680257487594e-01 -3.376937587640443938e-01 8.791354343512803871e-01
5.065851211547851562e+01 2.738590812683105469e+01 6.433323860168457031e+00 3.244683060365716187e-01 9.004408563359159179e-02 9.416009669813261151e-01
5.164006423950195312e+01 1.310296630859375000e+01 6.753861904144287109e+00 1.983614615062846420e-01 -5.341093412162788850e-02 9.786725717548978576e-01
3.233415985107421875e+01 4.726083374023437500e+01 3.288671016693115234e+00 -1.482495303605807502e-01 -1.566459782398468281e-01 -9.764651116395037800e-01
-1.828331184387207031e+01 2.678488159179687500e+01 9.157889366149902344e+00 1.870084637549831313e-02 -8.958814458981397000e-02 9.958033152655169085e-01
-6.359067916870117188e+01 -8.770016670227050781e+00 -6.133620142936706543e-01 -3.598261473753801010e-01 -8.694880374345852203e-02 9.289591213786388968e-01
-2.962172508239746094e+01 -1.810501289367675781e+01 6.936214923858642578e+00 -9.567660004197403589e-02 -1.594032819922238872e-02 9.952848306597008587e-01
2.340696144104003906e+01 1.966548538208007812e+01 9.976530075073242188e+00 -1.338828464365343987e-02 -9.243665076984468321e-02 9.956285549484578112e-01
-6.194064712524414062e+01 4.224826049804687500e+01 -5.698782920837402344e+00 3.103105935530171555e-01 -2.444642179805921467e-01 -9.186645642757272912e-01
6.766722869873046875e+01 -2.637004280090332031e+01 -8.964865684509277344e+00 -2.202304042617342916e-01 -9.400902558969917999e-01 -2.602477277638396980e-01
1.703799247741699219e+01 -2.305540657043457031e+01 7.068304061889648438e+00 7.662006076600715032e-02 -1.122475126621385461e-01 9.907218894267837417e-01
5.689574432373046875e+01 5.637995147705078125e+01 -8.700291633605957031e+00 -7.329943533940078693e-01 -6.010132626834217007e-01 -3.185943125216278982e-01
-3.967203903198242188e+01 2.049659919738769531e+01 6.888710021972656250e+00 -1.563819402725444285e-01 6.103545100422685249e-02 9.858089888397777445e-01
-2.415778923034667969e+01 -4.222826766967773438e+01 -2.227020978927612305e+00 6.276927263437886984e-02 2.725041322348654704e-01 -9.601049506839728354e-01
-6.659562683105468750e+01 -4.100853919982910156e+00 -5.736730098724365234e+00 2.828390988151665009e-01 3.183956649425370017e-02 -9.586387673085635663e-01
7.056118011474609375e+01 -1.187682914733886719e+01 -3.730622053146362305e+00 4.260719955316788488e-01 -1.156823373002730665e-01 8.972626435221735530e-01
-2.001065063476562500e+01 4.063491439819335938e+01 8.577270507812500000e+00 -8.769201627962912304e-02 6.832489077889147833e-02 9.938017003310397612e-01
7.255789184570312500e+01 1.359627008438110352e+00 -3.083205938339233398e+00 4.233051668380802823e-01 -9.218342588427011486e-02 9.012851667038709325e-01
3.236386871337890625e+01 1.339807796478271484e+01 3.027363061904907227e+00 -9.159779651970878381e-04 4.310548210134493297e-02 -9.990701068479518332e-01
-5.310322952270507812e+01 5.796795654296875000e+01 -2.516206979751586914e+00 -3.675433541479518063e-01 2.160935855945181616e-01 9.045526215132969616e-01
-4.638879776000976562e+01 -3.604217147827148438e+01 6.047580242156982422e-01 -2.854650482889035112e-01 -2.616080462551115260e-01 9.219929155584642988e-01
-1.333736419677734375e+01 -7.951232910156250000e+00 7.792874813079833984e+00 7.310505071583038583e-02 4.631304533128143691e-02 9.962483392166726626e-01
5.294624710083007812e+01 4.450746536254882812e+01 -1.524801969528198242e+00 -4.018095337877469198e-01 -7.270089540003213391e-02 -9.128327767807787874e-01
7.177674770355224609e+00 7.247940063476562500e+01 2.750725984573364258e+00 4.402223654543132442e-02 4.634390621037549618e-01 8.850346198911827056e-01
-3.032627105712890625e+00 2.887593650817871094e+01 9.533020019531250000e+00 -3.198181553744407126e-03 -2.797620568534444838e-02 9.996034731583320898e-01
5.972280120849609375e+01 6.351159095764160156e+00 3.993947982788085938e+00 1.678050125476304166e-01 -1.216083052300526435e-01 9.782908043434549450e-01
1.354458522796630859e+01 -8.966910243034362793e-01 2.125565052032470703e+00 7.869362516918630701e-02 3.126524707542725073e-02 -9.964084492230302903e-01
7.212745666503906250e+01 2.402861785888671875e+01 -3.315134048461914062e+00 4.884680876715821185e-01 6.480811024739772941e-02 8.701717279782356096e-01
-6.561033248901367188e+00 -3.525269699096679688e+01 6.174383163452148438e+00 2.848514418277213744e-01 -3.567600853452759790e-01 8.897088836204232187e-01
-6.273724746704101562e+01 -2.754726409912109375e+01 -7.224268913269042969e+00 -2.098916037306474414e-01 -3.093017053433280150e-01 -9.275117086889448359e-01
6.113096237182617188e+01 -1.144461154937744141e+01 1.221735000610351562e+00 4.516306803914246215e-01 -1.413113088047524002e-01 8.809431551088110490e-01
-2.587556076049804688e+01 -3.005084800720214844e+01 -4.280970096588134766e-01 1.491061235417292519e-01 2.170242650910753357e-01 -9.647112688696225513e-01
1.175656700134277344e+01 -1.393817043304443359e+01 1.618705034255981445e+00 1.185794650882130048e-02 9.662760368772040087e-02 -9.952499662447433781e-01
2.392587852478027344e+01 -3.013231468200683594e+01 5.672998905181884766e+00 5.314924867441981476e-02 -1.165388634888420566e-01 9.917630012568898756e-01
6.295272827148437500e+00 -3.993666458129882812e+01 -1.250290036201477051e+00 -1.394853029484780134e-02 2.165403653813919582e-01 -9.761740155643905403e-01
1.232425689697265625e+01 7.163632202148437500e+01 -4.250989854335784912e-01 -5.511145048899767501e-02 -3.316954502392795434e-01 -9.417753746597753439e-01
-6.565842437744140625e+01 5.373528289794921875e+01 -1.245826339721679688e+01 7.182440208565159523e-01 -5.073579177306049015e-01 -4.761443791749825349e-01
-4.602552890777587891e+00 1.940736770629882812e+01 8.873625755310058594e+00 1.449409214897385244e-02 -1.120800185108088848e-01 9.935934735813203300e-01
6.664576721191406250e+01 1.569389152526855469e+01 -4.023375034332275391e+00 -4.068830792271019847e-01 -1.157760010701955247e-03 -9.134795123211191248e-01
-3.744635391235351562e+01 6.881180572509765625e+01 -6.663489937782287598e-01 -2.410604932805374967e-01 2.752868038234406178e-01 9.306487061292345597e-01
-3.323388671875000000e+01 1.467531967163085938e+01 8.027859687805175781e+00 -1.054908963634603319e-01 6.156418905586923465e-03 9.944012114286129300e-01
-2.696875953674316406e+01 -3.370706176757812500e+01 5.065002918243408203e+00 -1.236945582462327664e-01 -2.384622126179107848e-01 9.632421447453592966e-01
7.094119262695312500e+01 2.915595436096191406e+01 -3.338958978652954102e+00 5.181714991804243775e-01 1.672902878815474559e-01 8.387563752470799106e-01
-4.271325302124023438e+01 3.098571014404296875e+01 1.595750004053115845e-01 1.706488236634561562e-01 -5.216735087237630436e-02 -9.839499715357672427e-01
5.856979751586914062e+01 -3.363650083541870117e+00 3.363542079925537109e+00 3.379718473577729698e-01 -1.335844311609752644e-01 9.316277315242246226e-01
-1.833178997039794922e+00 2.312262535095214844e+01 2.897852897644042969e+00 3.838138725429474790e-02 5.428253233669349392e-02 -9.977876907416485253e-01
1.708574676513671875e+01 6.289873504638671875e+01 6.085370063781738281e+00 9.482992250287954061e-02 3.699882461401224343e-01 9.241839554527303546e-01
-3.872953414916992188e+01 -3.843244934082031250e+01 1.829462051391601562e+00 -1.930148126695450939e-01 -2.709483966049812120e-01 9.430441391935640016e-01
5.237396621704101562e+01 -6.964488983154296875e+00 5.024809837341308594e+00 2.737498965176157206e-01 -1.442239405067687052e-01 9.509261007782332520e-01
-5.965818786621093750e+01 1.513664054870605469e+01 1.588583946228027344e+00 -2.576236999611195566e-01 -6.040056223498280197e-02 9.643556404667528170e-01
-6.011290740966796875e+01 4.039596939086914062e+01 -1.012112975120544434e+00 -3.501972211538047497e-01 1.485631902786106184e-01 9.248193795495391889e-01
9.518891334533691406e+00 2.417296886444091797e+00 1.822093963623046875e+00 8.723768150498117935e-02 1.487397787222763043e-02 -9.960764788448184248e-01
-3.008994865417480469e+01 -1.512763118743896484e+01 1.826310008764266968e-01 9.476269791348805593e-02 3.334053815443618202e-02 -9.949414252104139544e-01
-2.956659317016601562e+01 2.026193046569824219e+01 1.432527065277099609e+00 5.571036475638510566e-02 -3.955382884865090072e-04 -9.984468933339283314e-01
-5.865895843505859375e+01 -3.660837936401367188e+01 -4.591292858123779297e+00 -6.095193343502105510e-01 -3.734513847336522474e-01 6.992998243198648156e-01
-1.873424911499023438e+01 3.245629501342773438e+01 2.335704088211059570e+00 1.056500232615420198e-01 -7.108533143364159299e-03 -9.943779670434101936e-01
6.426591491699218750e+01 2.821795082092285156e+01 -3.735772132873535156e+00 -4.219065731526275842e-01 -1.283136329022187827e-01 -8.975134846574959191e-01
-5.888618946075439453e+00 5.915354537963867188e+01 7.474301815032958984e+00 -4.549629391640445247e-02 2.191963516023100189e-01 9.746194368491265525e-01
-4.818733596801757812e+01 7.034284973144531250e+01 -4.604776859283447266e+00 -4.802854980188849265e-01 2.727618539328290348e-01 8.336227032848120277e-01
3.408409881591796875e+01 -1.454126548767089844e+01 7.229772090911865234e+00 5.880965249450876425e-02 -1.097252177556694436e-01 9.922206414714148659e-01
-7.183287811279296875e+01 4.869398117065429688e+01 -1.075617218017578125e+01 -8.295726719491146595e-01 5.230057095708642301e-01 1.956379557025768046e-01
-6.597827911376953125e+01 -1.997655296325683594e+01 -3.584387063980102539e+00 -4.677300880372722292e-01 -1.014600709571745474e-01 8.780287118004801439e-01
5.901881790161132812e+01 -2.175153160095214844e+01 -4.580810070037841797e+00 -4.497134752663746737e-01 2.251382135104333382e-01 -8.643324447116226272e-01
-6.780934906005859375e+01 3.257933425903320312e+01 -3.253376960754394531e+00 -4.187424839973120649e-01 1.339263742090169018e-01 8.981750711231009099e-01
7.619654083251953125e+01 2.443662071228027344e+01 -9.372584342956542969e+00 9.627975485483075690e-01 2.619854794308916768e-01 6.621547460175167266e-02
-5.040966796875000000e+01 1.143559265136718750e+01 -8.437229990959167480e-01 1.852139426147262624e-01 1.478122334689811225e-02 -9.825870500355060599e-01
-2.551396179199218750e+01 -2.275974273681640625e+01 1.271460056304931641e-01 1.437542614842715789e-03 1.551180900336753855e-02 -9.998786512635787771e-01
9.073128700256347656e+00 5.316284179687500000e+01 3.614634990692138672e+00 7.620063104566927870e-02 -9.561907926121446244e-02 -9.924970808569058001e-01
1.523713111877441406e+01 8.331187438964843750e+01 -3.767926931381225586e+00 2.559694330392651151e-01 9.336676662434092444e-01 2.504882000437207989e-01
5.462129211425781250e+01 4.158384704589843750e+01 2.194658994674682617e+00 4.644513613996301138e-01 2.853015969049973455e-01 8.383841194210972514e-01
