-8.230587005615234375e+01 1.620610237121582031e+01 -1.370175838470458984e+01 -9.095599248868326825e-01 2.590420464444976312e-01 3.249583992047381797e-01
8.324476623535156250e+01 -3.097414016723632812e+01 -1.183442592620849609e+01 9.657067760209522289e-01 -2.427026134050948303e-01 -9.222724214436689438e-02
2.504033851623535156e+01 7.872718811035156250e+01 -1.550743484497070312e+01 3.269539020799979712e-01 9.230285112124314573e-01 -2.027794698770694626e-01
-2.254181671142578125e+01 -8.813732910156250000e+01 -1.080790901184082031e+01 -3.101179690407300793e-01 -9.361050107040532753e-01 -1.659344877137264862e-01
1.307484030723571777e+00 -3.083990097045898438e+00 2.192910194396972656e+01 1.471056926517426899e-03 -3.712622839581219969e-01 9.285268722561117460e-01
-4.290439224243164062e+01 7.186791992187500000e+01 -1.210926246643066406e+01 -5.334776472264021185e-01 8.143561489440069856e-01 -2.285293473207957726e-01
7.645780181884765625e+01 3.564466476440429688e+01 -1.615249252319335938e+01 8.299529526710489602e-01 5.448117493098040276e-01 -1.198259327800064444e-01
4.247951126098632812e+01 -8.188921356201171875e+01 -6.758833885192871094e+00 5.616139944768260284e-01 -6.961234139477691096e-01 4.472157351452277774e-01
-7.254776763916015625e+01 -4.755483245849609375e+01 -1.441012287139892578e+01 -8.515576257654701164e-01 -4.834002580396217774e-01 -2.029132832712110535e-01
-2.856178665161132812e+01 -4.323828506469726562e+01 1.240246295928955078e+01 -3.360668058186750407e-01 -1.076527342119932840e-01 9.356655336409025470e-01
5.060197830200195312e+01 7.690730094909667969e-01 1.072576522827148438e+01 3.517718811963929659e-01 7.317492761764192444e-02 9.332212886382862393e-01
-4.918850898742675781e+00 4.507942962646484375e+01 7.836810111999511719e+00 -1.424639234750970859e-02 3.802407668318310008e-01 9.247778109060693641e-01
2.806896400451660156e+01 -4.136767196655273438e+01 1.339801120758056641e+01 1.931580436909041409e-01 -2.052830479332934110e-01 9.594523648356492185e-01
-4.135923767089843750e+01 1.442562103271484375e+01 1.014518260955810547e+01 -3.207026835340270887e-01 5.967365844253039175e-02 9.452982826929063886e-01
3.812259292602539062e+01 4.164374923706054688e+01 3.422837972640991211e+00 2.821153855740720640e-01 5.265034870649731857e-01 8.020006155426666616e-01
7.136375904083251953e+00 -7.172772979736328125e+01 5.682889938354492188e+00 1.645270205934738217e-01 -6.435586706515791233e-01 7.475045798681149156e-01
-6.445668792724609375e+01 -1.398596763610839844e+01 5.350040197372436523e-01 -6.758123935954446493e-01 -6.243005959196022692e-02 7.344250106866869743e-01
-5.849888229370117188e+01 4.114924240112304688e+01 -4.866210937500000000e+00 -5.396456516136025616e-01 3.440627137573067373e-01 7.683771337673239721e-01
-9.750091552734375000e+00 8.097112274169921875e+01 -1.881598281860351562e+01 -5.560843885489990396e-02 8.983463171101477851e-01 -4.357540545568734935e-01
5.841992187500000000e+01 -5.201003265380859375e+01 3.971799835562705994e-02 5.053942720574736702e-01 -3.808765891662698744e-01 7.742800873046942201e-01
5.363928604125976562e+01 6.076609802246093750e+01 -2.243941688537597656e+01 4.392863328571197656e-01 7.453452249483527581e-01 -5.014858057927792379e-01
8.645582580566406250e+01 3.003469944000244141e+00 -1.443841743469238281e+01 9.485193828847297004e-01 6.365242744703121514e-02 -3.102569076943685888e-01
-4.190461349487304688e+01 -6.105682754516601562e+01 -1.366871166229248047e+01 1.319053942277287061e-01 9.104196370462667165e-01 -3.920931668037220263e-01
-2.429808044433593750e+01 -1.223937034606933594e+01 4.920217037200927734e+00 -1.445041588513709119e-01 -1.353255272719326996e-01 -9.802068912955219648e-01
2.144343948364257812e+01 1.477313423156738281e+01 5.074821949005126953e+00 -4.503593614562111103e-02 -6.396154415974986129e-02 -9.969356475340762636e-01
-3.814550042152404785e-01 -3.112449073791503906e+01 6.654476165771484375e+00 2.294336354299849820e-02 6.328935919979255913e-03 -9.997167331996872353e-01
8.477849960327148438e+00 -9.159876251220703125e+01 -1.680908775329589844e+01 -5.178540949909889168e-02 -6.033216334382952573e-01 -7.958148515756399144e-01
-1.256441116333007812e+01 1.611057090759277344e+01 5.153036117553710938e+00 6.609955668336733869e-02 -1.682246070108158742e-01 -9.835300352314203520e-01
2.387848472595214844e+01 -1.364204502105712891e+01 6.161036968231201172e+00 -5.981885677734448403e-02 -1.562840935563736613e-02 -9.980868986189850300e-01
-3.041782760620117188e+01 4.733102798461914062e+01 -4.740683078765869141e+00 2.242801651384590256e-01 -2.655725316918567946e-01 -9.376404630434008736e-01
6.205525207519531250e+01 -2.462613868713378906e+01 5.465376853942871094e+00 5.676538793186967080e-01 -1.460345335441288472e-01 8.102116935140982745e-01
-8.301988220214843750e+01 -1.068299579620361328e+01 -1.902980995178222656e+01 -4.877736233444349145e-01 -2.184708419279189628e-02 -8.726967384387972482e-01
-5.354067611694335938e+01 -3.926380538940429688e+01 2.950860977172851562e+00 -5.407940970230032951e-01 -3.094645450412564225e-01 7.821594722225657659e-01
5.927581787109375000e+01 2.452797317504882812e+01 1.167935013771057129e+00 5.341594444400342701e-01 3.631173348480731811e-01 7.634261516665159508e-01
1.708980560302734375e+01 5.781087875366210938e+01 -4.962669909000396729e-01 1.684000691372591341e-01 4.776245916341620990e-01 8.622738348000976716e-01
-1.909427833557128906e+01 -6.714006805419921875e+01 5.531321048736572266e+00 -1.701943341134879439e-01 -5.216364647089515305e-01 8.360199084481262366e-01
-6.020483016967773438e+01 1.022692680358886719e+01 -5.015322208404541016e+00 4.311574009260612517e-01 -1.193905640077395497e-01 -8.943428810319884459e-01
2.930836296081542969e+01 -6.258630752563476562e+01 1.101853013038635254e+00 -1.454674271846824185e-01 2.758059033545038896e-01 -9.501422689803223909e-01
-1.373859024047851562e+01 6.380508422851562500e+01 -3.044281005859375000e+00 -1.463757944229872876e-01 5.722154111782626895e-01 8.069347247560555436e-01
1.654853439331054688e+01 3.671744537353515625e+01 1.077160072326660156e+01 -6.212383013892391719e-03 3.720638089602638643e-01 9.281863651009256699e-01
6.755608367919921875e+01 -4.483801841735839844e+00 -3.980794906616210938e+00 -5.543429981526035721e-01 -8.219273485896617937e-02 -8.282198951580348467e-01
-4.494593429565429688e+01 -1.978170013427734375e+01 1.078805351257324219e+01 -2.983980841963784769e-01 -8.928041240511615240e-02 9.502565923521412161e-01
-2.951643943786621094e+00 -5.262197494506835938e+01 1.281882381439208984e+01 -3.229309716923546569e-02 -2.229563737412992019e-01 9.742933907624274914e-01
5.754148864746093750e+01 4.462443161010742188e+01 -7.863557815551757812e+00 3.367202622702102355e-01 3.798936341871541611e-01 8.615685066672049697e-01
5.794335174560546875e+01 -6.820544433593750000e+01 -1.496244144439697266e+01 2.281886981382512669e-01 -3.079540009334647555e-01 -9.236310147191040265e-01
7.291375732421875000e+01 -5.000488662719726562e+01 -1.647963523864746094e+01 3.702538745616979488e-01 -2.977698219119810363e-01 -8.799120419283722461e-01
-2.700493431091308594e+01 3.170191955566406250e+01 1.018194770812988281e+01 -2.183029732843907167e-01 2.565913089123351143e-01 9.415437918896014668e-01
4.161259078979492188e+01 -2.406132125854492188e+01 1.336229419708251953e+01 2.764052186590862381e-01 -1.271561300912172066e-01 9.525919764926891187e-01
3.720731735229492188e+01 6.113011932373046875e+01 -8.123321533203125000e+00 3.499605292631015052e-01 5.284891674851018850e-01 7.734512446229521165e-01
-7.398622131347656250e+01 3.545568847656250000e+01 -1.886384201049804688e+01 -6.906465333461569989e-01 2.891095250996025823e-01 -6.628899218374176838e-01
-5.122573852539062500e+00 -7.591979980468750000e+01 -1.118097496032714844e+01 -8.021095340726892842e-02 2.822125588548140551e-01 -9.559928214051165440e-01
-5.822611618041992188e+01 5.794068908691406250e+01 -1.774298858642578125e+01 -3.463281481198647316e-01 3.995241882851147674e-01 -8.487857425728740912e-01
4.108128738403320312e+01 1.966043472290039062e+01 1.070486450195312500e+01 1.977791399604456601e-01 2.608529297390434487e-01 9.449016672876942025e-01
-4.142933654785156250e+01 2.915020370483398438e+01 -4.598671913146972656e+00 3.759739779566592111e-01 -1.927030821448407760e-01 -9.063713863705784579e-01
2.210762023925781250e+01 -8.317601776123046875e+01 -3.245114088058471680e+00 3.459289452960614963e-02 -3.419669869482659941e-01 9.390750297423459125e-01
-7.644914245605468750e+01 -2.782176399230957031e+01 -9.519474983215332031e+00 -3.281135266579168208e-01 -1.394619278740399648e-01 9.342868319192777493e-01
4.850183010101318359e+00 2.052833175659179688e+01 1.595286560058593750e+01 3.608322485076512990e-03 4.265439877218846904e-02 9.990833710327816641e-01
6.553293228149414062e+00 7.290385437011718750e+01 -9.074954032897949219e+00 5.551053413709088752e-02 5.916411998009858397e-01 8.042880524400850550e-01
-2.474271202087402344e+01 4.518507957458496094e+00 1.563687324523925781e+01 -9.535372682081663664e-02 -1.114409717621129246e-02 9.953810706857491031e-01
7.192241668701171875e+01 1.645561981201171875e+01 -1.177064228057861328e+01 -4.919890901196687927e-01 -2.450526463987012238e-01 -8.354016612960580845e-01
-1.735736465454101562e+01 -2.688124465942382812e+01 1.574932098388671875e+01 -9.714779894095988688e-02 -8.891731432115766720e-02 9.912900768064004664e-01
-4.706511306762695312e+01 -2.667578935623168945e+00 1.732820987701416016e+00 3.219793301934371077e-01 -9.961307445487825596e-02 -9.414916602529374012e-01
3.170704078674316406e+01 1.602846980094909668e+00 1.532447433471679688e+01 1.862050538146182987e-01 2.683996157089187443e-02 9.821442329906376889e-01
-3.979108047485351562e+01 -7.993955993652343750e+01 -1.146160221099853516e+01 -5.871029305369462881e-01 -7.812169527914498701e-01 2.121561255919123534e-01
1.417800045013427734e+01 -5.109530258178710938e+01 4.619137763977050781e+00 5.222004382122433230e-02 5.311187090114612153e-02 -9.972222401213731713e-01
-6.082640457153320312e+01 -6.252501296997070312e+01 -1.396212959289550781e+01 -8.337537273216204525e-01 -5.503042001876645717e-01 4.494451505044544382e-02
4.440695953369140625e+01 -3.944609832763671875e+01 2.638520956039428711e+00 -3.581607374483824491e-01 -2.022445478449004241e-01 -9.114921990985126454e-01
1.555289649963378906e+01 -2.749578857421875000e+01 1.635622978210449219e+01 3.945025415810297920e-02 -1.450761792198181077e-01 9.886336933717362330e-01
-4.175935363769531250e+01 -5.386846542358398438e+01 3.868257999420166016e+00 -4.341559176859671187e-01 -4.428138779973564421e-01 7.844899671705164446e-01
4.938404083251953125e+00 -1.331529331207275391e+01 6.732828140258789062e+00 3.705663207634929315e-03 -2.064167283892583832e-02 -9.997800705168123914e-01
-2.530658531188964844e+01 7.669231414794921875e+01 -1.020089435577392578e+01 4.848111418955240075e-04 3.622769968964083542e-01 9.320703527512697040e-01
5.383162021636962891e+00 5.201171875000000000e+00 6.359919071197509766e+00 -6.246216936200386927e-03 -4.659120506701312781e-02 -9.988945111393843224e-01
8.358882141113281250e+01 -1.425727844238281250e+01 -1.852402496337890625e+01 -4.976092766330599687e-02 2.061317770065750066e-01 -9.772581749907230941e-01
-7.433779907226562500e+01 -6.140829920768737793e-01 -6.753232002258300781e+00 -6.783146872359868684e-01 4.085299527243237139e-02 7.336349350032452810e-01
4.672134780883789062e+01 -6.538006591796875000e+01 -6.547089815139770508e-01 3.499560372353751614e-01 -4.268354285078182486e-01 8.338718660400168403e-01
6.936035156250000000e+01 -3.842732238769531250e+01 -3.057585000991821289e+00 6.337201953129729670e-01 -2.809186769236298731e-01 7.207519760694137689e-01
-4.636841964721679688e+01 5.455892181396484375e+01 -5.331649780273437500e+00 -2.967514706386716883e-01 3.916974388309973909e-01 8.709257609503938680e-01
-6.724477386474609375e+01 2.619050598144531250e+01 -6.004820823669433594e+00 -5.469821807085972765e-01 2.179665925882892097e-01 8.082704117451771086e-01
6.557752990722656250e+01 4.716233062744140625e+01 -2.280564498901367188e+01 9.222397731406802024e-02 1.044146350898492726e-01 -9.902486162512059709e-01
-2.497155380249023438e+01 -7.119223785400390625e+01 -1.143800830841064453e+01 1.968173460864670044e-01 9.796489346312495794e-01 -3.938143160599386766e-02
-1.012853145599365234e+01 -2.799689054489135742e+00 6.271492958068847656e+00 6.707729641526342934e-02 -2.504608761310825674e-02 -9.974333711085143772e-01
3.894590377807617188e+01 7.105551910400390625e+01 -2.174786186218261719e+01 3.944656287257524707e-01 6.145265485224461477e-01 -6.831939614158533125e-01
-9.004892349243164062e+00 2.997137832641601562e+01 1.387148284912109375e+01 -3.550886631359958623e-04 3.384014782841731628e-01 9.410017605759977144e-01
-2.972154045104980469e+01 -2.828462791442871094e+01 4.663032054901123047e+00 8.059871473627142069e-02 -2.214396963588567344e-02 -9.965006230763862050e-01
4.074630141258239746e-01 5.517926406860351562e+01 -4.516979217529296875e+00 1.125490155667041364e-03 -4.869340335483997029e-01 -8.734380231271108297e-01
-1.365883541107177734e+01 -4.132540130615234375e+01 5.553906917572021484e+00 3.967908094426349924e-02 2.969901462984070317e-02 -9.987710143298288434e-01
-7.748279094696044922e+00 1.053317832946777344e+01 2.017585182189941406e+01 -6.071416673138421150e-01 7.945581327257695836e-01 -7.507964484882881026e-03
7.502866363525390625e+01 -1.907845115661621094e+01 -4.129613876342773438e+00 6.584419084916302012e-01 -8.807430535671190164e-02 7.474604804789563017e-01
-5.841259002685546875e+00 -9.197255706787109375e+01 -8.365648269653320312e+00 -1.345994688697002006e-01 -9.389388015233053331e-01 3.166652964471690090e-01
3.947759246826171875e+01 -9.542663574218750000e+00 4.545990943908691406e+00 -9.264036854766420637e-02 3.866897608733537578e-02 -9.949484772608629957e-01
3.115843057632446289e+00 3.054479217529296875e+01 3.186718940734863281e+00 1.381208531944326696e-02 -2.367548067900525632e-01 -9.714712490655259547e-01
6.313961410522460938e+01 9.093908309936523438e+00 3.793888092041015625e+00 6.487587512094332709e-01 1.937870117192767860e-01 7.359067038817418416e-01
-3.658294677734375000e+01 -6.294289112091064453e+00 1.357892513275146484e+01 -2.985588619005044575e-01 2.809061934886599235e-02 9.539777372063105165e-01
1.659516525268554688e+01 -4.088872909545898438e+00 1.696798706054687500e+01 -3.273045826472360809e-02 -2.944885349893776316e-02 9.990302708774040363e-01
-5.344746017456054688e+01 2.216790771484375000e+01 3.059112071990966797e+00 -5.061899195354231384e-01 1.456133828541664732e-01 8.500402979238618206e-01
-6.117392349243164062e+01 -2.825661087036132812e+01 -5.387144088745117188e+00 6.299558581471851326e-01 2.304810042101552992e-01 -7.416428544011745005e-01
2.833570861816406250e+01 2.851402664184570312e+01 1.837998986244201660e+00 -1.058602778745347250e-01 -2.442485392113474818e-01 -9.639171399355077607e-01
3.957098007202148438e+01 -5.323801803588867188e+01 8.440767288208007812e+00 3.027952380139350974e-01 -2.519640438958185569e-01 9.191458885398717804e-01
-5.263331985473632812e+01 -5.055854034423828125e+01 -8.031819343566894531e+00 4.508409408665222662e-01 3.788306663388019691e-01 -8.082263125386900393e-01
-3.115811538696289062e+01 6.309013366699218750e+01 -5.180896759033203125e+00 -2.075172893812204933e-01 3.638023774260135679e-01 9.080662997749950893e-01
-7.073697090148925781e+00 -1.514984321594238281e+01 1.659483146667480469e+01 -3.625046330234808767e-02 1.232740049804370713e-01 9.917103526768531463e-01
-1.747813415527343750e+01 3.990476226806640625e+01 1.326680034399032593e-01 9.958688254006731189e-02 -2.929785651376350386e-01 -9.509185102814242674e-01
3.055439186096191406e+01 -7.210379028320312500e+01 -1.116092014312744141e+01 -6.150059442954279587e-02 -1.221385283380932163e-01 -9.906058029207267523e-01
8.118585586547851562e+00 -4.124414062500000000e+01 1.496844959259033203e+01 3.194750275702479270e-02 -1.180255645785464463e-01 9.924965104087295487e-01
2.368255996704101562e+01 4.373597335815429688e+01 -1.604097008705139160e+00 -1.914189686897695419e-01 -2.831703371746334130e-01 -9.397730250279315856e-01
2.927463150024414062e+01 -2.803205108642578125e+01 5.198902130126953125e+00 -6.393511064084204942e-02 9.975543967299275311e-03 -9.979041988837904498e-01
6.403934001922607422e+00 -8.406526947021484375e+01 -3.330343008041381836e+00 -4.448053763908753344e-02 -3.823731596840875824e-01 9.229367521799881624e-01
5.530527496337890625e+01 -1.101218414306640625e+01 2.417210102081298828e+00 -2.691593925270814869e-01 1.244820827832329897e-02 -9.630151938184110527e-01
-2.749838829040527344e+01 1.434158134460449219e+01 3.731881141662597656e+00 1.623507009798522971e-01 -5.984885783788479463e-02 -9.849164249350558231e-01
-3.356378173828125000e+01 -6.589770507812500000e+01 -2.051869928836822510e-01 -3.667588197801270877e-01 -5.647239816089085762e-01 7.393069678484500695e-01
-5.030381202697753906e+00 -6.400746154785156250e+01 1.885967016220092773e+00 3.946926568238500604e-02 2.760571977059703697e-01 -9.603304642992536166e-01
4.525860595703125000e+01 2.868527984619140625e+01 -1.082970023155212402e+00 -2.345466693036873940e-01 -2.616626712399309218e-01 -9.362267387754583670e-01
-6.827460479736328125e+01 4.799531936645507812e+01 -1.344134998321533203e+01 -7.620623587098339646e-01 5.898073420671385847e-01 -2.671858167667249817e-01
6.305853652954101562e+01 3.152250289916992188e+01 -1.152921485900878906e+01 -5.296946980374597214e-01 -4.015279099533149432e-01 -7.471270737963703334e-01
2.338366317749023438e+01 6.451303863525390625e+01 -1.224002456665039062e+01 -1.958138541611603167e-01 -4.967315419264294318e-01 -8.455262915923689171e-01
-1.341269493103027344e+01 -2.921489000320434570e+00 2.156567955017089844e+01 -7.846533411669041058e-01 -9.715067694402498844e-02 6.122751670327090112e-01
-4.118787384033203125e+01 -3.547415924072265625e+01 1.023410797119140625e+01 -3.522508743599552794e-01 -1.521334647768073922e-01 9.234580285035431935e-01
-4.232307434082031250e+01 4.217128753662109375e+01 1.990102052688598633e+00 -3.823504494788054209e-01 2.594890768847349927e-01 8.868334413861846954e-01
1.033295440673828125e+01 8.439754486083984375e+00 2.194675064086914062e+01 2.092359962407169816e-01 3.419234206750352278e-01 9.161379111635090666e-01
4.316982650756835938e+01 4.780885314941406250e+01 -8.755373001098632812e+00 -3.669582860788878076e-01 -3.755322774315051904e-01 -8.510682257522907967e-01
-2.421052169799804688e+01 -5.374585723876953125e+01 3.074789047241210938e+00 1.121849955772406676e-01 1.377386679777675149e-01 -9.840948054486645669e-01
4.915296936035156250e+01 1.207392120361328125e+01 1.276437997817993164e+00 -6.922148428077039284e-02 -2.587186805490056946e-02 -9.972657782944910343e-01
8.957040786743164062e+00 4.348097991943359375e+01 1.854680031538009644e-01 -2.531971030460070105e-02 -2.784581872850329654e-01 -9.601145505636421440e-01
6.759421539306640625e+01 -6.038612365722656250e+01 -7.758361816406250000e+00 5.993265362396061890e-01 -4.165950811707137547e-01 6.835614393040337911e-01
1.153621578216552734e+01 8.012712097167968750e+01 -2.036103439331054688e+01 1.756169017687123912e-01 5.043698444072248765e-01 -8.454405738227790401e-01
-8.041500091552734375e+01 3.235055923461914062e+00 -1.908978843688964844e+01 6.617421310171228699e-01 -4.498284699603949388e-02 -7.483808492425818581e-01
-1.612578010559082031e+01 -7.834195709228515625e+01 -2.777672052383422852e+00 -2.410172085784117180e-01 -6.465289732515338006e-01 7.238169602291645299e-01
5.802308654785156250e+01 -3.807594299316406250e+01 5.330390930175781250e+00 5.343619718435658195e-01 -2.199503779198306308e-01 8.161367007434353615e-01
7.988690185546875000e+01 2.285568237304687500e+01 -2.120170402526855469e+01 4.979193733775460484e-01 9.216979013978922330e-02 -8.623114445494152180e-01
-5.066510009765625000e+01 -7.194321441650390625e+01 -1.454472827911376953e+01 -4.290158319665662856e-01 -8.065277492639292278e-01 -4.067657871420548021e-01
-7.246900177001953125e+01 -1.429604530334472656e+01 -1.086436080932617188e+01 4.648293455871706503e-01 3.269217905745240571e-02 -8.847965307964754667e-01
3.421962356567382812e+01 9.579916000366210938e+00 4.201006889343261719e+00 -9.499968434845453003e-02 -4.583949969992251461e-02 -9.944213393933957201e-01
1.798391914367675781e+01 -6.358872222900390625e+01 8.904783248901367188e+00 6.414676074107560078e-02 -3.234975364642499462e-01 9.440521897585898436e-01
1.789753723144531250e+01 -3.572069549560546875e+01 5.447824954986572266e+00 -4.282629932025929127e-03 -1.972183995246716819e-03 -9.999888847238024292e-01
-2.149102020263671875e+01 1.982829475402832031e+01 1.488467788696289062e+01 -1.889594208333218450e-01 2.160548517246195233e-01 9.579220418826305261e-01
5.352915573120117188e+01 -5.549670791625976562e+01 -1.237778472900390625e+01 -1.642673312434318467e-01 6.507574517368898415e-02 -9.842669309065756877e-01
-6.048820114135742188e+01 -9.999690055847167969e-01 3.093456983566284180e+00 -4.700693063126030191e-01 5.725206060070472253e-02 8.807707129666390022e-01
-6.400037384033203125e+01 -4.171524429321289062e+01 -5.614301204681396484e+00 -5.947348088659074605e-01 -3.527215691596899405e-01 7.224112414496044465e-01
-3.166718673706054688e+01 -1.895504379272460938e+01 1.433696746826171875e+01 -2.442407373045005214e-01 -6.710047644034784764e-02 9.673902978128487984e-01
3.107063293457031250e+01 -8.542069244384765625e+01 -1.317428874969482422e+01 8.608818272868035137e-02 -7.838993902728907948e-01 -6.148906981929906923e-01
-3.463792037963867188e+01 2.938025951385498047e+00 3.252300977706909180e+00 1.060343780817885467e-01 -4.506005561539512365e-03 -9.943522547762878583e-01
-2.005494308471679688e+01 5.307184600830078125e+01 2.061454057693481445e+00 -1.274034749430220659e-01 4.426475943505051580e-01 8.875987053776911440e-01
4.470035171508789062e+01 -7.026335906982421875e+01 -1.309511661529541016e+01 -2.007801577049897201e-01 2.608221373809663790e-01 -9.442770466997404410e-01
8.022392272949218750e+01 -6.962215900421142578e+00 -7.780436038970947266e+00 5.991883051117690151e-01 -4.725248201955605659e-02 7.992124736015304709e-01
1.818250465393066406e+01 2.389020538330078125e+01 1.433790206909179688e+01 1.176718063465037462e-01 1.422045053911692170e-01 9.828180017875151053e-01
7.644535827636718750e+01 5.503849983215332031e+00 -5.754875183105468750e+00 5.727946733907351984e-01 -3.435189892940574558e-02 8.189787599047638755e-01
-3.935078811645507812e+01 2.745576858520507812e+01 8.413628578186035156e+00 -3.023290159402950983e-01 2.239317277013018470e-01 9.265267116760762534e-01
2.252093315124511719e+01 1.292739987373352051e+00 5.886450767517089844e+00 -1.250343326179396541e-03 -1.104973033865352949e-02 -9.999381681389153398e-01
-6.374989032745361328e+00 7.010312652587890625e+01 -1.219420051574707031e+01 -5.442075451856373536e-02 -4.503823383619120491e-01 -8.911757014019661138e-01
3.324837875366210938e+01 -1.394573020935058594e+01 1.536288070678710938e+01 2.099994488699370720e-01 4.850297801609885183e-03 9.776894732406391508e-01
4.925460052490234375e+01 -2.708640098571777344e+01 3.117969036102294922e+00 -2.846192721873567425e-03 2.189902095705090757e-01 -9.757229049782804031e-01
-5.250923538208007812e+01 8.769725799560546875e+00 6.253620147705078125e+00 -4.672670868205563988e-01 1.670612244525131740e-01 8.681889292421653970e-01
-4.917829036712646484e+00 -4.001351547241210938e+01 1.520269393920898438e+01 -4.093977440515483845e-02 -1.194407503045947366e-01 9.919968961838189214e-01
-5.006281661987304688e+01 -2.688735008239746094e+01 1.217854976654052734e+00 3.261445340511712199e-01 1.377902651409647627e-01 -9.352238158542195423e-01
3.183943986892700195e+00 -2.360607337951660156e+01 1.671954917907714844e+01 -2.288676977916046310e-02 -6.780230371925747949e-03 9.997150715304732316e-01
2.671125411987304688e+01 -5.423214721679687500e+01 1.056370639801025391e+01 1.232100774730862242e-01 -2.185658086385176002e-01 9.680125330300568542e-01
1.827563285827636719e+01 -7.106147003173828125e+01 -1.450183033943176270e+00 -7.064094085808636514e-02 4.876585631488797312e-01 -8.701718124958164324e-01
-7.505288696289062500e+01 -3.603003692626953125e+01 -1.920948791503906250e+01 1.651237717083460788e-01 3.983514980532031069e-02 -9.854680618146879345e-01
6.237231826782226562e+01 -4.597009277343750000e+01 -1.052011394500732422e+01 -6.084118780890268585e-01 7.054169013233001495e-01 3.636234067378176782e-01
-1.202552032470703125e+01 -8.473196411132812500e+01 -1.712597274780273438e+01 -1.905814973710535654e-01 -4.830673014588721115e-01 -8.545903551533038378e-01
-7.110895538330078125e+01 1.070361328125000000e+01 -1.150697612762451172e+01 5.230684259340262487e-01 -9.979988637597876633e-02 -8.464274360334983482e-01
-1.565790176391601562e+01 -5.198255920410156250e+01 1.218169879913330078e+01 -8.754948872506315705e-02 -2.524649874536801231e-01 9.636371293874023136e-01
-3.612987995147705078e+00 -7.643370819091796875e+01 1.365921020507812500e+00 -9.691899008265525417e-02 -5.756491836961485919e-01 8.119327106794724802e-01
2.150392532348632812e+01 8.760770797729492188e+00 1.610752677917480469e+01 8.063667327469059565e-02 9.945568970171481116e-02 9.917692739287434778e-01
-5.200399017333984375e+01 -1.423201370239257812e+01 8.321390151977539062e-01 3.275453689162967086e-01 -1.735649617208890466e-02 -9.446760203064938910e-01
-1.938220024108886719e+01 -1.363267898559570312e+01 1.621856117248535156e+01 1.880699009078931963e-02 -3.876084882448302404e-02 9.990715158196288304e-01
-2.928244400024414062e+01 -8.057378387451171875e+01 -1.825985717773437500e+01 8.325685065045795863e-02 -2.604192389457297141e-01 -9.618992238310073439e-01
1.388453197479248047e+01 -7.767727661132812500e+01 -1.089068698883056641e+01 1.619841939439747511e-02 2.488260464172905306e-01 -9.684127270092353079e-01
3.247705078125000000e+01 5.238222503662109375e+01 -8.311939835548400879e-01 2.204151033865030529e-01 3.524396309671909977e-01 9.095072779933249807e-01
6.075548171997070312e+01 5.470233154296875000e+01 -1.432770729064941406e+01 4.981101775171486445e-01 6.198608398542483355e-01 6.063487365114406114e-01
-1.787795639038085938e+01 2.776491165161132812e+01 2.892640113830566406e+00 7.256792605236653260e-02 -1.881816676273529720e-01 -9.794496189582426737e-01
8.517356872558593750e+00 -1.292431259155273438e+01 2.020572471618652344e+01 4.820662025079627266e-01 -7.645853626050754803e-01 4.278100041953402100e-01
4.686697769165039062e+01 6.630785369873046875e+01 -1.363857460021972656e+01 5.455761519079590505e-01 4.457973783588472516e-01 7.096558038356921561e-01
7.086444091796875000e+01 -2.882044601440429688e+01 -1.048576641082763672e+01 -4.922686006354766164e-01 1.430330559282680936e-01 -8.586111865915855290e-01
-3.095780563354492188e+01 3.582234573364257812e+01 -6.388090252876281738e-01 2.689641304808441102e-01 -2.330610044579221329e-01 -9.345270807824392900e-01
1.038284015655517578e+01 1.993714523315429688e+01 5.078766822814941406e+00 -4.293658851511386598e-02 -2.170978719756885833e-01 -9.752050878406610668e-01
6.349120140075683594e+00 -6.032310485839843750e+01 1.061752414703369141e+01 6.042836427750601647e-02 -3.275970148087011258e-01 9.428831362789201753e-01
8.397386169433593750e+01 1.493736457824707031e+01 -1.294453334808349609e+01 9.025408941059152035e-01 2.817637452284569299e-01 3.256211392728184384e-01
-3.625614547729492188e+01 -1.396238231658935547e+01 4.101046085357666016e+00 1.049437450076639577e-01 -5.471164497489141611e-03 -9.944631097948318788e-01
2.948619079589843750e+01 1.779995346069335938e+01 1.365566253662109375e+01 1.486912126555454128e-01 2.206727074664339705e-01 9.639473426792861677e-01
-1.334753799438476562e+01 -1.967613220214843750e+01 6.884027004241943359e+00 9.897800457236273497e-02 2.489760375020203670e-02 -9.947780978380912353e-01
-5.552719879150390625e+01 2.942895889282226562e+01 -6.335619926452636719e+00 4.472407745708134041e-01 -1.670033352750834310e-01 -8.786840021124185940e-01
4.818200683593750000e+01 -1.406356334686279297e+01 1.192438983917236328e+01 3.937784565741190845e-01 4.665898427445883123e-02 9.180204062680635824e-01
3.653800964355468750e+01 -7.207546997070312500e+01 -5.356609821319580078e-01 3.030526513427219126e-01 -5.499215546672259203e-01 7.782964565167490578e-01
1.303233981132507324e+00 8.246031951904296875e+01 -1.409859466552734375e+01 2.863592024870014949e-02 9.979291782721144699e-01 5.759634732040204430e-02
7.884152984619140625e+01 -4.194168472290039062e+01 -9.522182464599609375e+00 7.639757708509619105e-01 -3.270113789410505900e-01 5.562414759758130822e-01
1.969080543518066406e+01 -1.608242797851562500e+01 1.710057067871093750e+01 8.620793889604430604e-02 1.587716326892267202e-02 9.961506447108429141e-01
-2.177480506896972656e+01 -4.147909879684448242e-01 5.154547214508056641e+00 2.381507933465961888e-02 1.579476470803851951e-01 -9.871602619524623146e-01
3.852367019653320312e+01 -3.547383499145507812e+01 1.228283882141113281e+01 2.615509108371658620e-01 -1.065539736168766155e-01 9.592900352587339086e-01
4.935647201538085938e+01 3.984049987792968750e+01 -7.389150261878967285e-01 3.636863857791910459e-01 4.489675608646113147e-01 8.161864628197106342e-01
1.447751045227050781e+00 -4.433940124511718750e+01 5.566483020782470703e+00 7.114420001124470948e-03 6.760224505604282841e-02 -9.976869857282043563e-01
-8.098408508300781250e+01 -2.242319297790527344e+01 -1.904878616333007812e+01 -6.189314394828058230e-01 -1.555101349460679128e-01 -7.698964028678128013e-01
3.770627975463867188e+01 3.087053298950195312e+01 8.854175567626953125e+00 3.400896634768253990e-01 2.735415692998450776e-01 8.997299765269565208e-01
-7.797361755371093750e+01 2.697039985656738281e+01 -1.133085155487060547e+01 -5.702478057463225003e-01 1.811825229776082014e-01 8.012429927362689774e-01
1.387646102905273438e+01 -2.103170967102050781e+01 6.444820880889892578e+00 -9.128931683694278820e-02 -9.252283238362703222e-02 -9.915169116657344128e-01
-3.603141784667968750e+01 -4.362388992309570312e+01 2.873615980148315430e+00 7.477885918959623068e-02 8.241777758215040883e-02 -9.937884242416600289e-01
6.685272216796875000e+01 -1.386841964721679688e+01 3.089606046676635742e+00 6.417000969606070360e-01 -4.285577636259978174e-02 7.657573819383698410e-01
1.958830833435058594e+01 -8.787974548339843750e+01 -1.372628402709960938e+01 9.401146012232609872e-02 -4.798617977435293280e-01 -8.722926690234283909e-01
-3.591615295410156250e+01 -7.066496276855468750e+01 -1.754565620422363281e+01 4.794966045410949951e-01 6.627870508043975928e-01 -5.751489646340064432e-01
4.154745101928710938e+01 8.271656036376953125e+00 1.320662212371826172e+01 2.916524422705336628e-01 1.049882832218948514e-01 9.507451358296566957e-01
-5.183259582519531250e+01 6.431214904785156250e+01 -1.035776901245117188e+01 -4.380445341109455715e-01 5.023356443642238434e-01 7.455037803637917238e-01
6.172954559326171875e+01 -2.147165060043334961e+00 6.463007926940917969e+00 4.941738752799764711e-01 -2.191835085631132010e-02 8.690867430162019236e-01
2.790129661560058594e+01 3.833383941650390625e+01 7.913225173950195312e+00 3.804487407666943266e-01 5.407192715875259736e-01 7.502542402298648661e-01
5.263310909271240234e+00 3.935681152343750000e+01 1.030638217926025391e+01 7.847278427903740805e-02 3.555208840551981608e-01 9.313683069162843609e-01
-3.825519979000091553e-01 1.514084243774414062e+01 5.698712825775146484e+00 -1.902279059346901474e-02 -7.755022712966903875e-02 -9.968069500711629338e-01
3.294353485107421875e+01 7.116564178466796875e+01 -1.176424598693847656e+01 1.093587234140977610e-01 1.951705026116946351e-01 9.746533458227789604e-01
4.704034423828125000e+01 -5.340924453735351562e+01 -7.826089859008789062e-01 -4.775828417696535433e-01 3.596750898202025759e-01 -8.015912044240824930e-01
6.801303863525390625e+01 4.262799835205078125e+01 -1.252792644500732422e+01 3.942375463855731788e-01 2.765241599094193647e-01 8.764195034378645666e-01
-9.760825157165527344e+00 4.878845596313476562e+01 -1.840577006340026855e+00 2.694806564432239426e-02 -2.709679477454979279e-01 -9.622110854966400284e-01
-2.673635292053222656e+01 4.444107437133789062e+01 5.683670043945312500e+00 -1.438320000964490031e-01 3.572715580618128217e-01 9.228593552369396269e-01
-7.301047801971435547e+00 3.505266571044921875e+01 2.199832916259765625e+00 3.494688992500456781e-02 -1.945166984377848518e-01 -9.802764757523427797e-01
-6.837634277343750000e+01 3.717301177978515625e+01 -8.890243530273437500e+00 -2.277339781193704338e-01 1.258906767703151242e-01 9.655510202533256203e-01
-4.318604660034179688e+01 2.624696016311645508e+00 1.099826049804687500e+01 -3.199086095658906226e-01 1.116258411547930290e-01 9.408496974076695496e-01
-2.161901664733886719e+01 6.584061431884765625e+01 -1.094913101196289062e+01 2.649737261958448262e-02 -3.537994590100319581e-01 -9.349458979259001046e-01
-4.783894729614257812e+01 -5.996806335449218750e+01 -3.925929069519042969e+00 -4.995105846906652824e-01 -4.945890910341150803e-01 7.112459538106614687e-01
9.550952911376953125e+00 6.203242492675781250e+01 -8.152688980102539062e+00 -9.057398366588383098e-02 -5.180490574242841983e-01 -8.505419023097586795e-01
5.315684509277343750e+01 -7.391077423095703125e+01 -6.487799167633056641e+00 4.184953456834221708e-01 -4.930512080681985210e-01 7.627333425672454537e-01
-3.345670700073242188e+01 7.421899414062500000e+01 -1.780014610290527344e+01 -1.415840680049499645e-01 -4.847241828872515118e-02 -9.887387806455315564e-01
-5.787942123413085938e+01 5.195253372192382812e+01 -8.220291137695312500e+00 -1.606415212978676843e-01 1.636186694527720087e-01 9.733566831545419351e-01
-3.111370849609375000e+01 2.475876998901367188e+01 1.282194972038269043e+00 -1.936943955390405536e-01 3.591939620423343360e-01 -9.129414979992396262e-01
3.362863540649414062e+01 -4.393341064453125000e+01 3.991327047348022461e+00 -1.038840100317785092e-01 5.361085372320906900e-02 -9.931434885366696719e-01
2.785924339294433594e+01 -2.393808364868164062e+01 1.555055236816406250e+01 1.278039872954896683e-01 -8.245968694942598654e-02 9.883655906897895749e-01
-4.922373962402343750e+01 3.338736343383789062e+01 2.305608034133911133e+00 -3.438960204974471635e-01 2.451544240878246461e-01 9.064407512000915990e-01
5.720676422119140625e+01 -6.231112289428710938e+01 -4.109758853912353516e+00 4.022776380711907684e-01 -2.740334026255237809e-01 8.735435857204500998e-01
-6.397257995605468750e+01 -5.298340988159179688e+01 -1.906990242004394531e+01 4.842658545799624625e-01 3.746802281804424983e-01 -7.906334856927009769e-01
6.349642944335937500e+01 -5.589366149902343750e+01 -1.735861587524414062e+01 -1.610554406160676424e-02 2.057544043240842890e-02 -9.996585730645699552e-01
1.726869583129882812e+01 2.868106460571289062e+01 2.865365028381347656e+00 -1.173584247802024749e-01 -1.873338664132004061e-01 -9.752604896271512835e-01
1.242624759674072266e+01 -5.104117870330810547e+00 6.519730091094970703e+00 -5.925903502662657751e-03 -3.960324621981646531e-02 -9.991979116053684162e-01
-8.166300058364868164e-01 -8.517539215087890625e+01 -1.558240985870361328e+01 1.022022220306340740e-01 5.672133009414968008e-01 -8.172048562307079322e-01
-4.016608428955078125e+01 6.112313079833984375e+01 -1.179992771148681641e+01 2.503396591241697777e-01 -3.718023457596170700e-01 -8.939200583705685377e-01
-4.801323318481445312e+01 4.357017135620117188e+01 -7.392518043518066406e+00 3.925084164159063915e-01 -3.525695909388675275e-01 -8.494891562509065963e-01
4.131176757812500000e+01 -4.238327980041503906e+00 1.406603908538818359e+01 1.789178951052794175e-01 6.365279323718292526e-02 9.818027850460604444e-01
6.284878921508789062e+01 1.601877212524414062e+01 -4.889554977416992188e+00 -4.506848957591567673e-01 -1.945579243170365291e-01 -8.712234723766366651e-01
-6.656558990478515625e+00 -2.919058990478515625e+01 1.647247123718261719e+01 -9.736709749566258010e-02 -1.240011288989539828e-01 9.874934776276018678e-01
5.029723739624023438e+01 5.590768432617187500e+01 -1.072850131988525391e+01 3.281005565972335281e-01 4.565898836428176621e-01 8.269677762256663067e-01
-1.369200134277343750e+01 -5.735787963867187500e+01 2.706368923187255859e+00 2.869623951973843817e-02 1.901465026846441975e-01 -9.813362488740668965e-01
-3.213769912719726562e+01 2.000020599365234375e+01 1.204860973358154297e+01 -2.381883296804606642e-01 2.012458372415764640e-01 9.501402173347727187e-01
-4.311062622070312500e+01 1.941467475891113281e+01 1.027339994907379150e-01 3.626734159057763973e-01 -4.486734109203500687e-01 -8.167987290197837869e-01
7.330667877197265625e+01 2.722008514404296875e+01 -1.003293514251708984e+01 5.086960585465701845e-01 3.016276154067976667e-01 8.063802463126149567e-01
1.801996421813964844e+01 -4.595956039428710938e+01 1.340343475341796875e+01 1.898644343384105482e-01 -5.342536186393519460e-01 8.237260269920534395e-01
-2.965634536743164062e+01 -8.027160644531250000e+01 -7.419816017150878906e+00 -2.793530676411485336e-01 -2.222789776701155073e-01 9.341059467134380512e-01
-1.929675102233886719e+01 -3.793553924560546875e+01 1.428790855407714844e+01 -9.042467507882094579e-02 -1.845249930045419207e-01 9.786592384959962310e-01
-4.094644927978515625e+01 -6.970532989501953125e+01 -7.210661888122558594e+00 -3.765725605359622752e-01 -4.179931965828173612e-01 8.267253439092495659e-01
-8.094559907913208008e-01 6.601663208007812500e+01 -3.906357049942016602e+00 7.866300465827156044e-03 6.289057789847408708e-01 7.774417293126073547e-01
4.176276779174804688e+01 9.768819808959960938e-01 3.970497131347656250e+00 -1.099461328765147100e-01 -5.266779240111101740e-02 -9.925411585970091988e-01
-1.931900215148925781e+01 -3.084660148620605469e+01 5.769786834716796875e+00 1.058103122749024377e-01 8.637519812278701692e-02 -9.906278327230347847e-01
1.583608818054199219e+01 7.218820190429687500e+01 -1.446336746215820312e+01 -3.871153128603399551e-02 -4.085709176279844757e-01 -9.119052706362196226e-01
-4.785459136962890625e+01 -9.444379806518554688e+00 1.003915500640869141e+01 -3.372970321445706854e-01 3.362524867971674464e-02 9.407975631121137106e-01
7.614957809448242188e+00 5.371387481689453125e+01 3.314886093139648438e+00 1.515061584655585936e-01 7.032978611581618411e-01 6.945631738275244160e-01
-1.457572269439697266e+01 7.705754089355468750e+01 -9.901422500610351562e+00 -2.305544487232060250e-02 1.767959462737064003e-01 9.839774590115996089e-01
5.124600219726562500e+01 2.067378234863281250e+01 7.407933235168457031e+00 4.185244051866803816e-01 3.045519014179908779e-01 8.556199282425707153e-01
-1.670848274230957031e+01 3.656288146972656250e+01 1.044672012329101562e+01 -1.061389557442291992e-01 2.994495650428230515e-01 9.481901075571230741e-01
-5.592265129089355469e+00 2.453565788269042969e+01 4.321917057037353516e+00 9.359007512470646564e-03 -1.220313948354546929e-01 -9.924821145254431043e-01
2.774045944213867188e+01 2.839083862304687500e+01 1.245814800262451172e+01 1.391583025268796348e-01 1.717411570749647620e-01 9.752640369686508270e-01
-4.606206130981445312e+01 -4.566273880004882812e+01 -1.289417982101440430e+00 4.569175268084794128e-01 3.564904289795775560e-01 -8.149484325656312089e-01
5.134701156616210938e+01 -4.675273513793945312e+01 6.233992099761962891e+00 4.005353666901904086e-01 -3.147615376822136546e-01 8.605211179432397106e-01
3.563986206054687500e+01 -1.940371894836425781e+01 4.755661010742187500e+00 -1.005666886083464440e-01 9.002469517996777556e-04 -9.949299124550319284e-01
-6.515819549560546875e+01 -5.829963207244873047e+00 -6.195242881774902344e+00 5.671411438556591689e-01 -2.456626855060152145e-02 -8.232541657323053652e-01
5.842498779296875000e+01 3.460410308837890625e+01 -2.549354076385498047e+00 4.176644593549070361e-01 4.506671244743513660e-01 7.889585174835191950e-01
1.705038833618164062e+01 4.801441574096679688e+01 5.407100200653076172e+00 8.704940749384842968e-02 3.862411008713158567e-01 9.182811185321649861e-01
-6.804570770263671875e+01 -3.404150390625000000e+01 -1.158414649963378906e+01 5.068883248478092129e-01 1.253892950954464403e-01 -8.528433330972629012e-01
-1.094629859924316406e+01 1.985604286193847656e+01 1.594694232940673828e+01 -2.473435591906798445e-02 3.304521975607992851e-02 9.991477493787098707e-01
8.726722717285156250e+00 3.006859207153320312e+01 1.396596145629882812e+01 2.055512073947529661e-02 4.137800831118005895e-01 9.101447850926670524e-01
8.424200439453125000e+01 -2.062791442871093750e+01 -1.023524475097656250e+01 6.326018374041504355e-01 2.077349665184008605e-03 7.744744023731586768e-01
1.262362289428710938e+01 -9.168264770507812500e+01 -6.935732841491699219e+00 9.242454576314712567e-02 -8.520469536861220439e-01 5.152413920238506639e-01
-2.506481552124023438e+01 -7.259957122802734375e+01 -1.124912023544311523e+00 -3.022364967925564305e-01 -5.508121168192121608e-01 7.779840049587791739e-01
-8.348354339599609375e+01 -3.309679031372070312e+00 -1.161496734619140625e+01 -5.941890983496002088e-01 1.425887960206383420e-01 7.915855927515824675e-01
-4.002617263793945312e+01 -2.571869850158691406e+01 3.655373096466064453e+00 1.650065151134212649e-01 1.404298628099997712e-02 -9.861924987072432369e-01
5.443108749389648438e+01 3.123477935791015625e+00 1.241382956504821777e+00 -1.420632407687697218e-01 -1.437649829172253924e-01 -9.793618663747758468e-01
-1.975982856750488281e+01 7.797247314453125000e+01 -1.882172203063964844e+01 -6.064488868797432257e-03 -1.820033798317236551e-01 -9.832792033316831715e-01
-5.915413665771484375e+01 -2.250388717651367188e+01 3.377629995346069336e+00 -4.754283874936412468e-01 -8.353312676136755155e-02 8.757796898185440382e-01
3.239955139160156250e+01 -8.099694061279296875e+01 -3.662245988845825195e+00 1.804969359233595250e-01 -2.563655601268755579e-01 9.495775669755009973e-01
-4.323929214477539062e+01 8.712465286254882812e+00 1.722825050354003906e+00 1.314830783043612339e-01 -9.112747536070495147e-02 -9.871210581048269761e-01
7.078703308105468750e+01 -5.048829269409179688e+01 -6.396676063537597656e+00 2.824605935008200897e-01 -8.435502096547690953e-02 9.555627889139878262e-01
-2.619233894348144531e+01 -5.692982196807861328e+00 1.560712051391601562e+01 -2.120869978910560893e-01 -1.823444193977481406e-02 9.770806570865601115e-01
-6.967917633056640625e+01 -2.216167068481445312e+01 -4.209715843200683594e+00 -5.511308148741720370e-01 -4.205886193745695528e-02 8.333581925130736368e-01
2.341523933410644531e+01 -4.520973205566406250e+01 4.695456981658935547e+00 -5.553600264848518320e-02 5.111805082840903403e-02 -9.971472796379338144e-01
2.503212356567382812e+01 5.567398834228515625e+01 -7.323586940765380859e+00 -1.679441494578078620e-01 -4.360033214006130975e-01 -8.841356606259738182e-01
-3.424774169921875000e+01 7.628346920013427734e+00 1.340776634216308594e+01 -2.902188272272239189e-01 4.050275358107120749e-02 9.561027974413659480e-01
-6.285554504394531250e+01 -5.128889465332031250e+01 -9.049998283386230469e+00 -3.576119729588786433e-01 -3.023708631652719525e-01 8.835641108064239413e-01
-2.238738059997558594e+00 -2.110395812988281250e+01 7.246565818786621094e+00 -7.092276732588651857e-03 -6.426312190415063574e-02 -9.979077867087122744e-01
-2.674585342407226562e+01 -3.058448028564453125e+01 1.412980842590332031e+01 -1.430088917570980223e-01 -1.127681449377283956e-01 9.832760560319314669e-01
6.989047241210937500e+01 -2.730631828308105469e+01 -4.655559957027435303e-01 6.538131922336714030e-01 -9.431597513544751066e-02 7.507548244903031742e-01
3.507427978515625000e+01 2.089502716064453125e+01 2.635641098022460938e+00 -1.454923902059047092e-01 -1.908871036729724024e-01 -9.707698378315617882e-01
-5.638134956359863281e+00 6.281238079071044922e+00 6.130041122436523438e+00 -1.363219292612044553e-02 -4.444907715425486933e-02 -9.989186367548460455e-01
-3.294078826904296875e+01 -5.190254974365234375e+01 8.444751739501953125e+00 -2.502563859390595780e-01 -3.377410955511742086e-01 9.073602887897469493e-01
-6.859069824218750000e+00 5.780684280395507812e+01 2.014678001403808594e+00 -3.247634481503566817e-01 5.314727403886111423e-01 7.823461056139479064e-01
5.356199741363525391e-01 -3.655070066452026367e+00 6.173069000244140625e+00 2.096386692206109181e-02 -3.365806773102181498e-03 -9.997745684045179493e-01
3.875665283203125000e+01 -5.907063293457031250e+01 2.307300083339214325e-02 -2.707741800865869353e-01 4.035353367140484537e-01 -8.739797339878746518e-01
3.917128753662109375e+01 -2.944130325317382812e+01 4.286018848419189453e+00 -1.631435559057329565e-01 7.236001366340295837e-02 -9.839452264171340001e-01
-2.390575790405273438e+01 -4.016638183593750000e+01 4.090213775634765625e+00 8.565398418227326838e-02 -1.088281928462122988e-01 -9.903634784439148131e-01
-3.664509201049804688e+01 5.513813018798828125e+01 -2.655746936798095703e+00 -2.989240745053008408e-01 4.516332498010225405e-01 8.406377372895630362e-01
4.933811569213867188e+01 -3.449362182617187500e+01 9.805524826049804688e+00 3.871675403720838959e-01 -1.501299995831290590e-01 9.097045008723440018e-01
-1.704530525207519531e+01 -7.732833099365234375e+01 -1.264124870300292969e+01 1.799255035306101813e-01 4.845535419201432159e-01 -8.560576371903356740e-01
-8.205535125732421875e+01 -1.696945953369140625e+01 -1.078652954101562500e+01 -5.407084998930603570e-01 -4.936983984739386211e-02 8.397600473092531326e-01
9.025814056396484375e+00 -5.113880157470703125e+01 1.333478546142578125e+01 2.532001778201489750e-02 -2.449762578705444172e-01 9.691983954687827252e-01
-5.904988098144531250e+01 2.015760231018066406e+01 -5.939713001251220703e+00 4.809083564022557100e-01 -2.236799731632071186e-01 -8.477584693461858167e-01
-8.460246086120605469e+00 -6.052552413940429688e+01 1.053472232818603516e+01 -7.635570370715558455e-03 -3.076461371574994996e-01 9.514702057117621070e-01
2.627498054504394531e+01 -7.004816055297851562e+00 1.643633460998535156e+01 1.052313736679410527e-01 5.610903253023706572e-02 9.928636031522551919e-01
-1.688367462158203125e+01 1.050932598114013672e+01 1.611964797973632812e+01 -5.572030000988764664e-02 2.251183068706092208e-02 9.981925994746330133e-01
-6.135194778442382812e+00 -1.202091217041015625e+01 6.817078113555908203e+00 1.636335601661374067e-02 -2.153471992943962326e-02 -9.996341812970553908e-01
5.473336791992187500e+01 9.579494476318359375e+00 9.029286384582519531e+00 3.339116680897607492e-01 1.861026775489151019e-01 9.240502103904517650e-01
-2.301864242553710938e+01 5.697836685180664062e+01 -6.491993904113769531e+00 1.181195476911079401e-01 -3.056758058395673827e-01 -9.447804370209934577e-01
3.059908676147460938e+01 -5.455655097961425781e+00 5.444128990173339844e+00 -1.745303967382113020e-01 -2.244103254365202582e-02 -9.843960283710907477e-01
7.879569053649902344e+00 -3.632973480224609375e+01 5.894999027252197266e+00 -7.087836688613234626e-02 1.419845872169668843e-01 -9.873280276080399487e-01
2.721485900878906250e+01 -7.202049255371093750e+01 2.561344146728515625e+00 1.950876511710444572e-01 -4.316196868209991599e-01 8.807072466541351341e-01
2.374211883544921875e+01 -7.907401275634765625e+01 -1.221730518341064453e+01 2.866081611410878881e-03 7.567351576207484998e-01 -6.537152949081868059e-01
-3.611561965942382812e+01 -2.756026458740234375e+01 1.269652843475341797e+01 -2.010230427372787232e-01 -1.406721274413445799e-01 9.694333854627518177e-01
2.579699993133544922e+00 -3.334617614746093750e+01 1.600975990295410156e+01 -3.092817995017131324e-02 -1.568864660674874623e-01 9.871322527654665668e-01
2.377566146850585938e+01 -3.282269668579101562e+01 1.497935581207275391e+01 1.181351363272393484e-01 -1.772676910522800464e-01 9.770467006617125083e-01
-7.105615997314453125e+01 2.033745193481445312e+01 -1.272162342071533203e+01 4.861694228050485456e-01 -1.852971015855276460e-01 -8.539931360809690508e-01
1.418970680236816406e+01 1.510316276550292969e+01 1.599170017242431641e+01 -3.290649625490681476e-03 7.145217768213338316e-02 9.974385985761344831e-01
1.498656034469604492e+00 1.310889434814453125e+01 2.140241432189941406e+01 -1.753804603690536663e-03 7.699686667312933830e-01 6.380792869396769706e-01
-7.833617210388183594e+00 -8.347207641601562500e+01 -4.198167800903320312e+00 -1.090921864019928356e-01 -4.031629942797853028e-01 9.086024955443335882e-01
-1.478159236907958984e+01 4.617664718627929688e+01 6.974932193756103516e+00 -2.196291514045377313e-01 5.638259719723365260e-01 7.961553298086829766e-01
6.147277832031250000e+01 -3.182917785644531250e+01 -1.883908987045288086e+00 -5.950084734334208925e-01 1.533596635275563946e-01 -7.889522990302676453e-01
-1.217738533020019531e+01 -6.963589477539062500e+01 -1.392310976982116699e+00 1.931608462611799359e-01 6.272645495967615892e-01 -7.544720487140903487e-01
-7.390306949615478516e+00 -4.880516815185546875e+01 5.151937961578369141e+00 3.182408501679980656e-02 1.127969868385259450e-01 -9.931082858243570621e-01
1.643339991569519043e+00 -5.433447647094726562e+01 4.545526027679443359e+00 -9.579578498619541541e-03 1.537529006581505042e-01 -9.880628913257464285e-01
3.803119659423828125e+01 -7.730881500244140625e+01 -1.415412521362304688e+01 -3.052970278518444824e-01 -2.116773197608255996e-01 -9.284322468999572919e-01
4.297946929931640625e+00 -7.766088104248046875e+01 -1.084365558624267578e+01 2.436949783609103637e-01 5.544759207914339294e-01 -7.957193040162886533e-01
1.026449871063232422e+01 -6.323868179321289062e+01 2.369682073593139648e+00 1.353683233362150580e-02 2.291601683717839066e-01 -9.732945964106587411e-01
-3.835744857788085938e+01 -5.898086547851562500e+01 -4.851817131042480469e+00 5.738149647040563517e-01 5.189578690491525315e-01 -6.335764487681380119e-01
1.478829479217529297e+01 7.955349922180175781e+00 5.985350131988525391e+00 -7.406938711737511005e-02 -1.310891317727407857e-01 -9.885996992833476771e-01
-7.988706207275390625e+01 7.032127857208251953e+00 -1.032440948486328125e+01 -3.374290888714567838e-01 8.291521525357835321e-02 9.376922080634089163e-01
5.388474655151367188e+01 -2.184119606018066406e+01 9.640464782714843750e+00 3.067569897258808354e-01 -1.127781729839255100e-02 9.517210516171740187e-01
4.509243392944335938e+01 -1.838754272460937500e+01 3.766073942184448242e+00 -5.861775536518337021e-02 4.120603619731959960e-02 -9.974297074665725571e-01
-6.724584960937500000e+01 4.400144100189208984e+00 -2.230772018432617188e+00 -6.816595452901684782e-01 5.933472350156564906e-02 7.292596621929623435e-01
3.663564300537109375e+01 3.303573226928710938e+01 -4.349440038204193115e-01 -1.889745140995702233e-01 -2.778002792030451751e-01 -9.418681637551729047e-01
-7.749674987792968750e+01 2.220332336425781250e+01 -1.955652999877929688e+01 1.746606948284268879e-01 6.302480686736275546e-03 -9.846085112465992051e-01
-5.148692703247070312e+01 -6.120887756347656250e+01 -1.292267513275146484e+01 3.603134917545587346e-01 3.850075684157037159e-01 -8.496725015688484373e-01
-1.635803604125976562e+01 7.314486980438232422e+00 5.920413970947265625e+00 1.024304301357289865e-01 -4.102101409691277095e-02 -9.938940000747918946e-01
7.801571655273437500e+01 -3.667148590087890625e+01 -1.733311080932617188e+01 -3.461997596263281518e-01 2.406616599827984815e-01 -9.067677165895333680e-01
-6.753289031982421875e+01 1.633340835571289062e+01 -4.383192062377929688e+00 -4.854583662224535301e-01 1.420147791867379106e-01 8.626482348890353036e-01
6.648420715332031250e+01 7.336719989776611328e+00 -4.862177848815917969e+00 -5.410095453276454469e-01 -1.724116590475602284e-01 -8.231542332326562406e-01
-5.823280215263366699e-01 4.583054351806640625e+01 -4.631949961185455322e-01 -2.876618519502887814e-04 -4.008141821448957809e-01 -9.161593249223506374e-01
-2.719886016845703125e+01 -6.221651077270507812e+01 5.745820999145507812e+00 -2.658417315109660173e-01 -4.511082984052061651e-01 8.519562646622248492e-01
-5.962372970581054688e+01 4.441113281250000000e+01 -1.365083026885986328e+01 2.198956070898502313e-01 -4.530890494099927279e-01 -8.639191138569255468e-01
-5.200813674926757812e+01 1.392515563964843750e+01 -1.549834012985229492e+00 3.337106267988687036e-01 -1.329322020393144121e-01 -9.332557244520309769e-01
-1.017354774475097656e+01 -2.913481712341308594e+01 6.565497875213623047e+00 3.681458684552674915e-02 5.041940349512544911e-02 -9.980493825190158708e-01
-3.399266433715820312e+01 7.140122985839843750e+01 -8.931970596313476562e+00 -9.623564495609515657e-02 2.463463477165117321e-01 9.643921285486625194e-01
1.324076938629150391e+01 -7.875301361083984375e+01 9.420999884605407715e-02 8.846274390555179667e-02 -6.872123405003757179e-01 7.210503047670782095e-01
3.417786121368408203e+00 -9.249923706054687500e+01 -8.293769836425781250e+00 7.780574735456623724e-03 -9.807745604305527776e-01 -1.949890362790741571e-01
3.006791496276855469e+01 7.369084167480468750e+01 -2.144980430603027344e+01 -2.135143657263661454e-01 -3.390945514609728373e-01 -9.162022161062202130e-01
-4.522954940795898438e+01 -3.537452316284179688e+01 1.873573064804077148e+00 2.341372065563205040e-01 7.906103051983202901e-02 -9.689835509228962307e-01
1.640670013427734375e+01 3.804444885253906250e+01 7.353259921073913574e-01 -4.393152437717821879e-02 -1.210597170361201319e-01 -9.916726103291509942e-01
-3.077235221862792969e+01 -5.663157939910888672e+00 4.795532226562500000e+00 2.250972569457335704e-01 -5.362445959093718739e-02 -9.728595182497247196e-01
-6.743657112121582031e+00 6.013648986816406250e+01 -7.826037883758544922e+00 -3.158551467836532289e-01 -1.699790104718887362e-01 -9.334573703438601155e-01
7.089476776123046875e+01 3.949587631225585938e+01 -2.241745758056640625e+01 -9.688924537975547591e-02 -1.325609700315263373e-01 -9.864279311505945724e-01
4.154235076904296875e+01 -4.418872451782226562e+01 1.000112438201904297e+01 1.934781911954717715e-01 -1.553700904769542979e-01 9.687240703713888568e-01
-5.304110050201416016e-01 -1.234066200256347656e+01 2.243516540527343750e+01 6.450586839698258315e-03 4.703414099817271321e-02 9.988724540750872904e-01
-2.393127059936523438e+01 -2.132132148742675781e+01 6.399292945861816406e+00 1.651559574252261242e-01 -9.940643976568904611e-03 -9.862173661644211276e-01
5.776588821411132812e+01 -4.296108627319335938e+01 -2.450656890869140625e+00 -4.559167120511312676e-01 2.462771408575938625e-01 -8.552704376765836169e-01
6.949146270751953125e+01 -4.035823822021484375e+01 -1.203832817077636719e+01 2.240822023825456144e-01 4.924093325591299419e-01 -8.410233146495167400e-01
6.709708404541015625e+01 2.432286834716796875e+01 -3.914727926254272461e+00 6.423480762512162601e-01 3.209817675355156052e-01 6.959595202640292966e-01
3.192489433288574219e+01 -5.367019271850585938e+01 2.885274887084960938e+00 -1.612353396954394336e-01 2.360644092632860902e-01 -9.582675826263100660e-01
-3.967044830322265625e+01 4.716612243652343750e+01 -6.187528133392333984e+00 1.035978996067204866e-01 -1.564650402050719591e-01 -9.822352907479454664e-01
-1.532930183410644531e+01 -1.029374694824218750e+01 5.756174087524414062e+00 3.192379320831452705e-01 -2.524805660653769990e-01 -9.134225235227035888e-01
-2.350730001926422119e-01 3.229797363281250000e+01 1.323752593994140625e+01 -1.159673803331812483e-02 3.962964267184099221e-01 9.180493765790631588e-01
8.311969757080078125e+01 9.233633995056152344e+00 -2.016360282897949219e+01 -2.707818457431629758e-02 -1.300162305941604535e-01 -9.911420441602936116e-01
-5.481968307495117188e+01 -4.203622436523437500e+01 -5.748974800109863281e+00 6.183949833001062268e-01 3.907704350036068641e-01 -6.818255728236899404e-01
-3.702473831176757812e+01 3.591984939575195312e+01 6.149016857147216797e+00 -2.868557147466758162e-01 3.519736883442047271e-01 8.909704381350430635e-01
4.852896881103515625e+01 -4.996081829071044922e+00 3.219221115112304688e+00 -8.117013570082770579e-02 -4.360361103053515125e-02 -9.957460189101470238e-01
8.198967742919921875e+01 -2.439031028747558594e+01 -1.815064811706542969e+01 -2.009761700415550745e-01 -1.426619889251028520e-02 -9.794922432794387346e-01
-1.787518119812011719e+01 2.803362274169921875e+01 1.317652606964111328e+01 -1.437968747476105758e-01 2.780854052938247500e-01 9.497320496726374683e-01
4.789452743530273438e+01 -6.179811477661132812e+01 -9.223298072814941406e+00 -6.732110203702702522e-01 7.389109769449352383e-01 -2.823986902060331150e-02
1.695460128784179688e+01 6.698630523681640625e+01 -6.429206848144531250e+00 1.619214533189347327e-01 5.677277514653844559e-01 8.071348358057299777e-01
2.783043861389160156e+01 -3.691064453125000000e+01 4.956111907958984375e+00 -8.578205510967311376e-02 5.776270923518705275e-02 -9.946380791237445784e-01
-1.445646667480468750e+01 -8.901396179199218750e+01 -6.966897010803222656e+00 -2.175928255770621655e-01 -6.047565829646593949e-01 7.661088940994610352e-01
-4.414063262939453125e+01 -4.360243606567382812e+01 7.195522785186767578e+00 -4.031529733182455666e-01 -2.456568498267961975e-01 8.815443223331614897e-01
-3.485186386108398438e+01 4.740264129638671875e+01 2.988235950469970703e+00 -2.104637187837936352e-01 4.650043105860142689e-01 8.599279122182985624e-01
-5.776174926757812500e+01 -3.143597412109375000e+01 2.594070911407470703e+00 -5.544798274373278213e-01 -2.318915818286512720e-01 7.992361448546212443e-01
-5.455763244628906250e+01 3.988353013992309570e+00 -1.264809966087341309e+00 4.135781184900608198e-01 -2.171933409158581865e-02 -9.102095420466868037e-01
7.397306060791015625e+01 -1.041719245910644531e+01 -2.379384040832519531e+00 7.195650508672997159e-01 -1.038785413553874708e-02 6.943473410741911600e-01
-4.685251235961914062e+01 6.603899383544921875e+01 -1.749630546569824219e+01 1.596034429980251745e-01 -1.594323389436048954e-01 -9.742217767439546039e-01
4.600242614746093750e+01 6.526582336425781250e+01 -2.241632461547851562e+01 -1.249224712239710017e-01 -1.281227807559014165e-01 -9.838592019362685237e-01
2.046119880676269531e+01 -2.694507026672363281e+01 6.004041194915771484e+00 -1.637819794739154844e-01 1.306798006299576542e-01 -9.778027678969415382e-01
2.086606597900390625e+01 -5.679623031616210938e+01 3.498538017272949219e+00 -7.959469757677747892e-02 2.558519969764941893e-01 -9.634336716976428239e-01
4.264233398437500000e+01 5.834893035888671875e+01 -1.449522018432617188e+01 -3.247723393737872999e-01 -4.051098727470411887e-01 -8.546396425280970988e-01
-5.765187072753906250e+01 -8.006212234497070312e+00 -1.829685926437377930e+00 4.760794131113555427e-01 8.057957286245434614e-03 -8.793653744240331749e-01
1.598619079589843750e+01 -3.727137756347656250e+01 1.502467060089111328e+01 4.235294778342289096e-02 -1.036109876562195942e-01 9.937157496240851540e-01
5.353624725341796875e+01 4.871921920776367188e+01 -1.464349269866943359e+01 -3.042374917240899812e-01 -2.646401488492162168e-01 -9.150984319987106597e-01
3.465610146522521973e-01 -6.653056335449218750e+01 8.378933906555175781e+00 -5.968800956977835664e-02 -4.509091500762296700e-01 8.905718836181223397e-01
-5.973680019378662109e+00 7.873020172119140625e+01 -1.055946731567382812e+01 1.224223511783038322e-02 2.765536281193114454e-01 9.609205057929429694e-01
5.952371215820312500e+01 5.358986663818359375e+01 -2.295026206970214844e+01 -1.376917534554414069e-01 -1.103302390605299943e-01 -9.843110379240965768e-01
-4.647861099243164062e+01 -2.854277229309082031e+01 9.251726150512695312e+00 -4.742996814791741733e-01 -1.889521830371671818e-01 8.598470123657131481e-01
-3.259534454345703125e+01 -6.763145446777343750e+01 -8.929055213928222656e+00 2.920328640941239895e-01 9.561612309249081232e-01 2.173722073190175602e-02
4.369292449951171875e+01 2.016685867309570312e+01 1.296025037765502930e+00 -1.885778254958132838e-01 -1.248939751827905092e-01 -9.740841332730509894e-01
9.667303085327148438e+00 -5.308290123939514160e-01 2.152596092224121094e+01 -1.942807228128970720e-01 -5.694789936221993781e-02 9.792915487746888248e-01
-6.969502258300781250e+01 2.986418914794921875e+01 -1.367942619323730469e+01 3.971767501126246547e-01 -2.241782527929273572e-01 -8.899408632851308898e-01
5.861547851562500000e+01 1.659859085083007812e+01 5.051436901092529297e+00 5.606487606252490430e-01 2.994282866300929102e-01 7.720205103332028473e-01
2.399595642089843750e+01 5.234603118896484375e+01 1.293467998504638672e+00 3.633803732623455685e-01 5.222870831109563960e-01 7.714732057195294868e-01
-2.717508316040039062e+01 1.286323165893554688e+01 1.478742122650146484e+01 -3.261661478707057471e-01 1.672846616333180936e-01 9.303931889074701367e-01
6.634294891357421875e+01 -1.975350570678710938e+01 -3.341700077056884766e+00 -5.290104073639775306e-01 1.243899385548570546e-01 -8.394493028688019276e-01
3.562886047363281250e+01 4.454811477661132812e+01 -4.419312953948974609e+00 -2.950063274267802349e-01 -4.282583207148987769e-01 -8.541464028587945068e-01
-1.947468566894531250e+01 -5.927272796630859375e+01 9.283721923828125000e+00 -2.108650215307909248e-01 -3.552461189250400442e-01 9.106789432525139727e-01
7.798615264892578125e+01 -1.447383022308349609e+01 -1.160728836059570312e+01 -3.560676612042786848e-01 2.409391793593590805e-02 -9.341495082496225066e-01
4.484187698364257812e+01 -7.363214874267578125e+01 -3.891112089157104492e+00 2.525378447279832961e-01 -2.702150941562548314e-01 9.290901139664932140e-01
-7.517932891845703125e+01 -3.945935058593750000e+01 -1.120288562774658203e+01 -5.067328987407627716e-01 -2.824537661180660519e-01 8.145192688571000206e-01
-1.255227661132812500e+01 -4.402494049072265625e+01 1.405822563171386719e+01 -4.399530766529053533e-02 -2.017473040392917805e-01 9.784489962263305252e-01
-5.147077560424804688e+01 5.586231231689453125e+01 -1.261550331115722656e+01 2.339582502571022626e-01 -2.215138717285842773e-01 -9.466758377440757100e-01
6.280263900756835938e+00 -7.454206848144531250e+01 -2.995651006698608398e+00 1.397263427936618410e-02 5.560495995186293117e-01 -8.310316530472632301e-01
-5.800219058990478516e+00 1.851884007453918457e+00 2.145249748229980469e+01 5.268775904326791076e-02 9.276409810316372379e-03 9.985679487486214256e-01
-2.849008941650390625e+01 5.461472320556640625e+01 1.464699953794479370e-01 -1.194323411009158009e-01 3.940782513152265576e-01 9.112838458677339215e-01
8.366212844848632812e+00 -2.767372322082519531e+01 6.793581008911132812e+00 -3.909404434155018537e-02 -2.181646778280611591e-03 -9.992331540308074800e-01
-1.463520336151123047e+01 5.541597747802734375e+01 -5.140171051025390625e+00 1.569405511650494647e-02 -4.754151252797032545e-01 -8.796215977846861822e-01
-3.183787107467651367e+00 2.390574645996093750e+01 1.581963062286376953e+01 -7.628351224551720156e-02 1.356340771907908749e-01 9.878179097708700285e-01
5.579028129577636719e+00 6.118084716796875000e+01 -4.868310093879699707e-01 9.294787852011904272e-02 5.923896809038982081e-01 8.002719274329114230e-01
-4.338906478881835938e+01 -7.505978393554687500e+01 -1.796361732482910156e+01 -4.628329253637443186e-01 -7.154852228310754070e-01 -5.233226338594625382e-01
4.389328384399414062e+01 3.517195510864257812e+01 4.428449153900146484e+00 3.477812981157341055e-01 2.762220387335547755e-01 8.959629199910080777e-01
5.296786117553710938e+01 3.022716903686523438e+01 2.573406934738159180e+00 5.476609830629706188e-01 3.875668203628874209e-01 7.415250551291586723e-01
1.413265609741210938e+01 5.000265884399414062e+01 -2.621382951736450195e+00 -7.423480897154750846e-02 -3.408427494043286821e-01 -9.371848341258280923e-01
4.557237243652343750e+01 2.724411010742187500e+01 7.405034065246582031e+00 3.428106839972041020e-01 3.277073039653887188e-01 8.803912527195538740e-01
-3.636679458618164062e+01 1.451692962646484375e+01 2.254548072814941406e+00 1.097884277603158043e-01 -1.213570504746935667e-02 -9.938808911498996368e-01
-3.492097473144531250e+01 -3.517216491699218750e+01 4.041039943695068359e+00 1.978666318419730896e-01 1.788598718053734452e-02 -9.800657567051768160e-01
-3.204991149902343750e+01 -5.619338226318359375e+01 5.252220034599304199e-01 2.430343147706886531e-01 2.649890413024830194e-01 -9.331211763932553138e-01
1.191574287414550781e+01 7.933892059326171875e+01 -1.177538490295410156e+01 1.756178249902516642e-01 4.086290890848852664e-01 8.956453802143737875e-01
3.594812393188476562e+01 5.268614959716796875e+01 -8.968220710754394531e+00 -2.774297473803177261e-01 -5.321982174566500801e-01 -7.998736103938279829e-01
5.389518356323242188e+01 -7.099728107452392578e+00 9.963867187500000000e+00 2.602983573212730439e-01 1.150960928489517948e-01 9.586436535995803698e-01
7.121925354003906250e+01 1.440758323669433594e+01 -3.484951019287109375e+00 6.429719165819989257e-01 2.437485734617065303e-01 7.260673160404992332e-01
8.058345794677734375e+01 2.283329772949218750e+01 -1.267438983917236328e+01 5.896182159052661964e-01 3.559997357509628868e-01 7.249927914248083249e-01
3.307123947143554688e+01 9.931906700134277344e+00 1.395434761047363281e+01 6.853465822223294701e-01 1.166702680175941420e-01 7.188102049893799750e-01
5.986868286132812500e+01 -1.592326068878173828e+01 7.721821784973144531e+00 4.234621533512198388e-01 -2.865015607461264893e-02 9.054606414615978816e-01
6.766672515869140625e+01 1.904990911483764648e+00 1.696002006530761719e+00 5.824606103942032709e-01 1.095466207889267823e-01 8.054434649389982104e-01
-2.041343116760253906e+01 1.932826614379882812e+01 4.170747756958007812e+00 1.431918588612669241e-01 -1.448851961929681076e-01 -9.790323648787000455e-01
3.400223970413208008e+00 4.728610229492187500e+01 7.014402866363525391e+00 -3.682134445044137755e-02 4.597390423208469468e-01 8.872903704868956298e-01
1.793676757812500000e+01 -5.463821029663085938e+01 1.136817836761474609e+01 4.363692322138219143e-02 -2.604900336939888206e-01 9.644898969288769885e-01
7.860047912597656250e+01 4.675849974155426025e-01 -1.242000007629394531e+01 -4.331954683449452670e-01 -7.560747312260986119e-02 -8.981231520306205418e-01
2.982825660705566406e+01 4.564231109619140625e+01 4.032025814056396484e+00 2.530394283331431349e-01 4.418219579829491539e-01 8.606767134952294507e-01
-2.394226074218750000e+01 -5.023734664916992188e+01 1.113788509368896484e+01 -2.526392196529506085e-01 -2.932815315777885234e-01 9.220408710727171497e-01
-5.459194183349609375e+00 -3.922019577026367188e+01 5.771234989166259766e+00 4.744596460228644487e-03 7.248950903141497537e-02 -9.973578895686412427e-01
-5.280745697021484375e+01 3.606840074062347412e-01 7.208428859710693359e+00 -5.116405820838497709e-01 7.290170479348369315e-02 8.561011950716476138e-01
3.728855895996093750e+01 6.505327606201171875e+01 -1.568806266784667969e+01 -1.939040603150170849e-01 -3.279751186662880347e-01 -9.245720831439722120e-01
-3.894809341430664062e+01 3.736378860473632812e+01 -4.101126194000244141e+00 1.800192947945959687e-01 -6.885715612047196843e-02 -9.812500932752349359e-01
4.735872268676757812e+01 1.373228263854980469e+01 1.037634181976318359e+01 2.392220020808946412e-01 1.746749595699355062e-01 9.551238098904506479e-01
-8.372886657714843750e+00 3.789451599121093750e+01 1.079374694824218750e+01 -2.732795811655959473e-02 3.850027275957971229e-01 9.225107492322113245e-01
5.170296478271484375e+01 2.148605537414550781e+01 -1.020931959152221680e+00 -2.266864645298750092e-01 -1.890094730733522244e-01 -9.554520740924055122e-01
-1.081206798553466797e+01 -6.815011596679687500e+01 6.790977001190185547e+00 -1.057244261249503103e-01 -4.968027742313910755e-01 8.613996454820164184e-01
-5.535792541503906250e+01 -8.725726127624511719e+00 6.245775222778320312e+00 -4.707929875261628871e-01 -2.624451182002344920e-03 8.822398059213738541e-01
3.015826034545898438e+01 3.842860412597656250e+01 -7.522730231285095215e-01 -1.415563716681556838e-01 -3.187569257016679147e-01 -9.372063892000354057e-01
7.728149414062500000e+01 9.837344169616699219e+00 -1.308397674560546875e+01 -4.039383293605032788e-01 -1.655676738524324287e-01 -8.996783711129995309e-01
-1.699942207336425781e+01 -4.940111923217773438e+01 4.286345958709716797e+00 5.556278674583248894e-02 2.261670354980869768e-01 -9.725025700650070659e-01
-4.883124542236328125e+01 2.491257286071777344e+01 -3.416736125946044922e+00 -1.073897166837415873e-01 -4.156531899277144393e-01 -9.031610456909117124e-01
-2.361278724670410156e+01 -2.126660919189453125e+01 1.547208881378173828e+01 -1.134212091257258137e-01 -9.110802217103787515e-02 9.893608834073336356e-01
-3.945756530761718750e+01 -5.838962078094482422e+00 3.396436929702758789e+00 1.738194290163342648e-01 -6.217660762705578409e-02 -9.828127367715715490e-01
3.821274948120117188e+01 -6.798861694335937500e+01 -8.260246276855468750e+00 -2.483359946275320584e-01 9.420377422136869683e-01 2.255972650926728051e-01
-3.865800094604492188e+01 -1.441316890716552734e+01 1.295008373260498047e+01 -2.459268218731719968e-01 -1.801639375463419748e-02 9.691209459295775375e-01
1.216992568969726562e+01 -1.982481384277343750e+01 1.697329139709472656e+01 4.956336625451684789e-03 -1.760887426166115599e-01 9.843618183630222784e-01
-7.564891815185546875e+01 -6.380999088287353516e+00 -1.271099853515625000e+01 4.871606719802230590e-01 -2.070304762912712065e-02 -8.730669295618999071e-01
2.632217979431152344e+01 -8.915868377685546875e+01 -7.314454078674316406e+00 3.845441320726024070e-01 -9.216968694508623772e-01 5.099697376324092285e-02
7.666134643554687500e+01 -3.402494812011718750e+01 -7.427507877349853516e+00 2.982641393876246383e-01 -1.194121464612468986e-01 9.469842883769916675e-01
-4.418786621093750000e+01 -1.638129806518554688e+01 3.057995080947875977e+00 2.105782908713437207e-01 8.112952540782055952e-03 -9.775433307095776625e-01
-2.120205497741699219e+01 -8.288846588134765625e+01 -1.728818130493164062e+01 -1.131034997780651537e-02 -4.058484383657458006e-01 -9.138704071472415480e-01
-4.881778717041015625e+01 1.622782516479492188e+01 6.815640926361083984e+00 -3.796466382880739898e-01 2.083195351299521603e-01 9.013719550328848085e-01
-5.258318328857421875e+01 -1.933380126953125000e+01 7.419198036193847656e+00 -4.809588776977302693e-01 -6.132791993466463892e-02 8.745955889439570585e-01
3.294306182861328125e+01 -4.855541992187500000e+01 1.088032341003417969e+01 1.751227498432479934e-01 -1.697782428614336980e-01 9.697975926646874578e-01
-6.130830764770507812e+01 7.276233196258544922e+00 2.826683998107910156e+00 -3.214299862772305727e-01 1.179874927152177733e-01 9.395539981739186031e-01
8.615666198730468750e+01 -1.176931953430175781e+01 -1.102758979797363281e+01 6.612102752300001995e-01 -1.750604495068646127e-01 7.294894179826886260e-01
-4.982497024536132812e+01 3.543469238281250000e+01 -5.834813117980957031e+00 1.183071054543624739e-01 -1.940247708429523599e-01 -9.738366480567212102e-01
9.094647407531738281e+00 -8.386000823974609375e+01 -1.388851642608642578e+01 1.378046291741481105e-02 6.822569591998451921e-01 -7.309825856100559127e-01
-3.315475082397460938e+01 -3.551440811157226562e+01 1.229325294494628906e+01 -2.398688575002359269e-01 -1.502133162410264899e-01 9.591135964135869552e-01
-5.949724578857421875e+01 1.573076057434082031e+01 1.427569985389709473e+00 -5.002707521083916697e-01 2.221330275785418640e-01 8.368907292136141818e-01
6.058522033691406250e+01 3.920641326904296875e+01 -1.365965652465820312e+01 -3.624277865607795079e-01 -3.929663613433826974e-01 -8.451174701668378031e-01
3.436399459838867188e+01 -6.020680999755859375e+01 7.282543182373046875e+00 4.212872293820117409e-01 -3.753767613806554548e-01 8.255963646813124779e-01
5.644003677368164062e+01 -3.013577079772949219e+01 7.923449993133544922e+00 3.174671574121445961e-01 -9.905410947609225025e-02 9.430815910410672576e-01
-6.053422927856445312e+01 3.465813446044921875e+01 -1.025944614410400391e+01 4.364090286993906331e-01 -1.580120040411238380e-01 -8.857648481671432927e-01
2.928153800964355469e+01 6.282258605957031250e+01 -6.743558883666992188e+00 1.626342254349820715e-01 5.119769253333222858e-01 8.434629432544155092e-01
5.309346389770507812e+01 3.773350906372070312e+01 -8.178995132446289062e+00 -4.108730031751570144e-01 -3.912563224303674536e-01 -8.234694077013984259e-01
2.343356323242187500e+01 7.910540103912353516e-01 1.638086509704589844e+01 1.929929015096290557e-01 5.819429168563761134e-02 9.794729013005420981e-01
1.474575901031494141e+01 3.895020008087158203e+00 1.671867561340332031e+01 2.726043406678061443e-01 1.857196374191200372e-01 9.440312970055501074e-01
4.193299865722656250e+01 -4.769536209106445312e+01 2.127935886383056641e+00 -2.085766430383116932e-01 1.285169573265652898e-01 -9.695252320895988429e-01
-8.540165901184082031e+00 -9.440832138061523438e+00 2.249904060363769531e+01 4.770612743462494809e-02 3.014960974001451230e-02 9.984062932682846725e-01
-1.237849044799804688e+01 3.496514081954956055e+00 1.659999275207519531e+01 -2.220240652442123930e-01 4.220354284876689024e-03 9.750320523255345817e-01
1.317717456817626953e+01 -4.253638076782226562e+01 5.438646793365478516e+00 -1.981945901053650677e-02 5.098505830960831098e-02 -9.985027355364107793e-01
3.464523315429687500e+01 -2.858232498168945312e+01 1.430023288726806641e+01 9.506522204898947004e-02 -1.093149222794726344e-01 9.894507826687537477e-01
-2.276940917968750000e+01 4.626388931274414062e+01 -2.105249881744384766e+00 1.443547333634047358e-01 -3.323401006754562736e-01 -9.320470848828442678e-01
-2.651765441894531250e+01 6.202657222747802734e+00 4.628401756286621094e+00 1.375150801844970405e-01 -8.881413363544332640e-02 -9.865098339035638375e-01
7.646104431152343750e+01 -2.276128196716308594e+01 -1.143760967254638672e+01 -4.150208586479605666e-01 -1.736056257338925053e-03 -9.098102401027264863e-01
6.547937774658203125e+01 -4.560984420776367188e+01 -2.450537919998168945e+00 6.034813864772651248e-01 -2.853402973047868829e-01 7.445744629716315455e-01
6.260153579711914062e+01 -6.693568420410156250e+01 -8.408681869506835938e+00 7.029264599084513732e-01 -6.383989991316857404e-01 3.135938613369753103e-01
2.696604013442993164e+00 5.076467990875244141e+00 2.147261238098144531e+01 -8.468709797174088505e-03 1.065585933853234945e-03 9.999635720769975977e-01
-6.180405807495117188e+01 -2.019023704528808594e+01 -4.289632797241210938e+00 4.755256082089862613e-01 9.068452703698079431e-02 -8.750152641488905259e-01
-6.837808227539062500e+01 4.138485336303710938e+01 -1.814972114562988281e+01 6.770346652514581676e-01 -3.631165166656886156e-01 -6.401331559702423402e-01
2.454267311096191406e+01 -7.363465881347656250e+01 -5.913921833038330078e+00 -1.727402920100268024e-01 9.166284249303849885e-01 3.604901137700342040e-01
-6.508684539794921875e+01 -4.449661636352539062e+01 -1.314990329742431641e+01 5.048677047506131554e-01 3.365517083675441112e-01 -7.948846131953588579e-01
5.145778656005859375e+01 -3.496090698242187500e+01 1.778887987136840820e+00 9.772230499892892164e-02 4.893139555111333805e-02 -9.940100953386321603e-01
3.150509893894195557e-01 7.422772216796875000e+01 -1.403925418853759766e+01 -1.850902979361801481e-02 -4.085557777300751203e-01 -9.125456658707400415e-01
-5.439774322509765625e+01 -6.579350280761718750e+01 -1.889260292053222656e+01 -4.826963860209065316e-01 -4.780087177259937370e-01 -7.338336764555760672e-01
-7.939344024658203125e+01 1.123441123962402344e+01 -1.938295555114746094e+01 5.415158020486843249e-01 -9.968296872545133469e-02 -8.347598108903248049e-01
5.031952667236328125e+01 4.682839202880859375e+01 -5.020596027374267578e+00 4.721952663024695518e-01 5.080259477960521464e-01 7.203757816913771705e-01
-5.715678787231445312e+01 -5.540602874755859375e+01 -1.303424453735351562e+01 4.629311762039207134e-01 3.564472045584481386e-01 -8.115664584375836821e-01
9.651420116424560547e-01 -4.548966598510742188e+01 1.460642623901367188e+01 1.389830264281536124e-02 -1.854751300275971349e-01 9.825506670522872188e-01
-4.349065780639648438e+01 -5.281070327758789062e+01 -4.287001132965087891e+00 5.315313324014294682e-01 6.416559548703903992e-01 -5.529485312892409299e-01
5.583288574218750000e+01 -2.023056411743164062e+01 2.020621061325073242e+00 -2.094794545874344438e-01 2.832858304607530076e-02 -9.774026035817342528e-01
-2.393545341491699219e+01 -6.458167266845703125e+01 -1.191652059555053711e+00 2.503643968819521115e-01 5.805792118558217307e-01 -7.747550887440554090e-01
-1.940882110595703125e+01 -1.439417958259582520e+00 1.626472091674804688e+01 -1.623375107943298701e-01 -4.304786978235289330e-02 9.857958274898013240e-01
2.339265823364257812e+01 7.240010070800781250e+01 -1.079811286926269531e+01 1.837358804652437505e-01 3.210146390030146901e-01 9.290805819601580806e-01
-6.261728286743164062e+01 5.116012573242187500e+01 -1.815308952331542969e+01 3.067461426808437142e-01 -1.836255670896069780e-01 -9.339103035417499754e-01
4.123503494262695312e+01 3.888648605346679688e+01 -3.578830003738403320e+00 -2.839587639524713825e-01 -3.720682273398570605e-01 -8.837039405698952077e-01
-1.432417392730712891e+01 6.920361328125000000e+01 -1.181838226318359375e+01 9.168334639786165224e-03 -3.810328651928424071e-01 -9.245160340864111426e-01
1.882407569885253906e+01 7.672098541259765625e+01 -2.033850860595703125e+01 -1.415491588265599954e-01 -6.677648445423871593e-01 -7.307899479527442121e-01
-4.656030654907226562e+01 2.486245346069335938e+01 6.140575885772705078e+00 -5.390119231979768610e-01 2.493266408159884595e-01 8.045510380515542570e-01
-3.151166915893554688e+01 2.409970015287399292e-01 1.473940849304199219e+01 -2.728764404928920029e-01 7.868792215525739764e-02 9.588256667042331927e-01
-1.089527893066406250e+01 -2.223785972595214844e+01 1.638299179077148438e+01 -5.386268725866519974e-02 -4.645556803506634136e-02 9.974671378646088327e-01
4.753789138793945312e+01 -7.753134918212890625e+01 -1.144731235504150391e+01 4.848451046666551467e-01 -8.037279447717451397e-01 -3.448863802381398336e-01
-1.157789039611816406e+01 -3.536970520019531250e+01 1.540622234344482422e+01 -7.425120332639427445e-02 -1.730989138818525841e-01 9.821015857931935100e-01
-7.274092864990234375e+01 -8.619341850280761719e+00 -5.287814140319824219e+00 -5.417698916906963369e-01 9.067171615908671892e-03 8.404779419213445069e-01
-7.514837646484375000e+01 -2.118050765991210938e+01 -1.379252719879150391e+01 6.519243177125000344e-01 -2.811845711608524159e-02 -7.577625197543768065e-01
1.494164180755615234e+01 -7.028784942626953125e+01 5.739056110382080078e+00 8.658456049261650800e-02 -5.564550920856270455e-01 8.263539461854566559e-01
3.433190536499023438e+01 2.405591773986816406e+01 1.161795616149902344e+01 2.581554275111493379e-01 1.888543636013125804e-01 9.474649358130774468e-01
7.031355285644531250e+01 3.484781265258789062e+01 -1.119708442687988281e+01 2.836558531293807972e-01 2.892757585687952826e-01 9.142531883947089266e-01
1.465541958808898926e+00 3.810606384277343750e+01 1.456110000610351562e+00 -9.196046365818793047e-03 -1.906627340435758100e-01 -9.816125277207226052e-01
-2.751010060310363770e-01 5.368425369262695312e+01 3.958197116851806641e+00 1.647057740222292455e-01 4.368561371590091724e-01 8.843238792604480869e-01
7.599301147460937500e+01 2.973978042602539062e+01 -2.153635215759277344e+01 -1.805609727023720079e-01 -2.550489561527181093e-01 -9.499198729904445582e-01
5.941552352905273438e+01 2.637150764465332031e+01 -6.510698795318603516e+00 -4.500268896571534283e-01 -3.395848669090855698e-01 -8.259285179431976598e-01
2.588405036926269531e+01 -6.176652526855468750e+01 8.366391181945800781e+00 1.581135571354922442e-01 -3.270056158332140250e-01 9.317013632401219825e-01
5.529412078857421875e+01 6.053478240966796875e+01 -1.470491504669189453e+01 5.507880433243865781e-01 6.283828989433155598e-01 5.493336542088866903e-01
-2.549422645568847656e+01 3.026780700683593750e+01 1.774761915206909180e+00 6.640821971447351257e-02 -1.375676599137067579e-01 -9.882636729639621143e-01
5.730519866943359375e+01 1.146920013427734375e+01 -9.454939961433410645e-01 -5.886082762215635311e-01 -1.128166897191090340e-01 -8.005077711579705602e-01
-7.970964050292968750e+01 -2.978145027160644531e+01 -1.641967201232910156e+01 -8.720432420337578261e-01 -2.589729917113256508e-01 -4.152993782650516996e-01
7.493231201171875000e+01 -1.851747989654541016e+00 -3.459218025207519531e+00 8.046199980713680810e-01 9.724440248029667111e-02 5.857731513904351761e-01
2.309561729431152344e+01 2.290718078613281250e+01 3.471327066421508789e+00 -1.020149814721538345e-01 -2.476786502097247100e-01 -9.634563974490619742e-01
2.641728782653808594e+01 8.720850944519042969e+00 5.174678802490234375e+00 -1.602586167947419593e-01 -1.192949321444997657e-01 -9.798397291943592435e-01
-2.887774658203125000e+01 -4.673075485229492188e+01 3.503045082092285156e+00 1.190992283109274241e-01 1.158119590549021444e-01 -9.861049457109557492e-01
4.090016174316406250e+01 -1.558036804199218750e+01 1.434911346435546875e+01 2.042327327100886269e-01 -2.347724587818945594e-02 9.786407971343442647e-01
8.296470642089843750e+00 5.502101135253906250e+01 -4.467178821563720703e+00 -6.189536263891824708e-02 -4.658543781373294945e-01 -8.826939800712809703e-01
4.259636306762695312e+01 4.624920272827148438e+01 -1.124030947685241699e+00 2.408230246827238186e-01 4.441103471298998295e-01 8.630007360105924619e-01
1.069727706909179688e+01 3.285604095458984375e+01 2.390630006790161133e+00 -6.905638873541318501e-02 -2.287034878447045394e-01 -9.710437321884584083e-01
1.455279350280761719e+01 -1.327071762084960938e+01 6.689806938171386719e+00 -5.908761450493522915e-02 -1.152756322422517250e-02 -9.981862396858752762e-01
1.188918304443359375e+01 4.294839477539062500e+01 8.281156539916992188e+00 2.444036107038007055e-02 4.306448671579359844e-01 9.021904827370288427e-01
1.508339941501617432e-01 -6.979261779785156250e+01 -9.263999760150909424e-03 1.722621655708290664e-02 5.785215656099577108e-01 -8.154851657677972820e-01
4.291958999633789062e+01 5.571385574340820312e+01 -7.221613883972167969e+00 3.673700055929856600e-01 4.622513089593716096e-01 8.070706328172009281e-01
3.559189605712890625e+01 -3.646259307861328125e+01 4.351280212402343750e+00 -5.595638828538916296e-03 5.358305524440541701e-02 -9.985477179468068565e-01
6.649113464355468750e+01 4.967419433593750000e+01 -1.553668022155761719e+01 6.434467588325297749e-01 5.130509002025274157e-01 5.681153424695450926e-01
6.167086029052734375e+01 -7.238018035888671875e+00 2.260580062866210938e-01 -3.865518545309097886e-01 -7.929574621636325095e-04 -9.222673337905759050e-01
-8.091800212860107422e-01 -8.660559082031250000e+01 -4.771256923675537109e+00 -5.684360276007600909e-02 -2.555639443542736533e-01 9.651196170275165853e-01
8.094632148742675781e+00 1.261163330078125000e+01 5.791894912719726562e+00 -4.289259378976761211e-02 -9.868609738149124178e-02 -9.941937837170361503e-01
-4.802492904663085938e+01 -6.706894683837890625e+01 -8.742883682250976562e+00 -3.233211719159343467e-01 -3.685518095967756369e-01 8.715692648515370733e-01
3.225497436523437500e+01 2.051465988159179688e+00 4.893009185791015625e+00 -1.144823164867923432e-01 -6.398595229389318628e-02 -9.913624953168551635e-01
4.139193344116210938e+01 1.214134597778320312e+01 3.082281112670898438e+00 -1.729573060148096031e-01 -1.136801324271193708e-01 -9.783468698715461764e-01
-6.888278961181640625e+01 -2.978266525268554688e+01 -5.233860015869140625e+00 -6.330522697608111926e-01 -1.929027663570893614e-01 7.496888331050872711e-01
2.162734985351562500e+01 1.682183647155761719e+01 1.507379817962646484e+01 1.460093064581061972e-01 1.886327352688860759e-01 9.711328300560131410e-01
-3.979287147521972656e+00 1.628567504882812500e+01 1.640443992614746094e+01 2.700239979175729846e-02 -2.580927885770848817e-03 9.996320369099493952e-01
-2.196722030639648438e+01 -8.207145690917968750e+01 -6.127998828887939453e+00 -1.900880162644949523e-01 -3.185185987332508906e-01 9.286616436214188974e-01
-5.913372039794921875e+01 -3.558551406860351562e+01 -6.385956764221191406e+00 5.513283047706885043e-01 2.706946668859183669e-01 -7.891523919232587003e-01
-3.529606628417968750e+01 -7.507482147216796875e+01 -7.362752914428710938e+00 -2.552681942912238267e-01 -3.038355563250686453e-01 9.178900281057279509e-01
-5.916983413696289062e+01 2.579924011230468750e+01 -6.519529819488525391e-01 -5.305757028769559902e-01 2.126925335896577285e-01 8.205189270649619893e-01
3.392943954467773438e+01 -5.908094882965087891e+00 1.523385238647460938e+01 1.862836771016934401e-01 1.696776645812229228e-02 9.823494727167592089e-01
2.073052978515625000e+01 -6.423590087890625000e+01 1.752521991729736328e+00 -9.769054476810345999e-02 3.213653919696022876e-01 -9.419027775238456579e-01
-3.603818893432617188e+01 -4.247094345092773438e+01 1.042800903320312500e+01 -3.379766510174777583e-01 -3.046946366770259540e-01 8.904678330783573070e-01
-1.335730838775634766e+01 -8.732070922851562500e+00 1.661177825927734375e+01 2.145002665404297307e-02 -5.740838255396059353e-02 9.981203203868154183e-01
-5.351523208618164062e+01 -4.767090988159179688e+01 -7.708200216293334961e-01 -4.990117506483591203e-01 -5.894035529074577173e-01 6.352879068067684987e-01
-6.196499824523925781e+00 -5.662734985351562500e+01 3.870878934860229492e+00 1.416163283415014240e-01 1.546081636877535970e-01 -9.777735582782820511e-01
2.306408119201660156e+01 3.437229919433593750e+01 1.151978969573974609e+00 -1.127335424756009674e-01 -2.045872829142528770e-01 -9.723349176444633368e-01
5.167598342895507812e+01 -5.931024551391601562e+01 4.811469912528991699e-01 4.816630115104957310e-01 -4.844128861629865557e-01 7.303046618103198329e-01
1.819488143920898438e+01 5.965190124511718750e+01 -7.982162952423095703e+00 -1.644245920967928598e-01 -4.582452131903387849e-01 -8.734849043354695475e-01
2.662747573852539062e+01 -2.091796493530273438e+01 5.551251888275146484e+00 -1.635203025543137123e-01 6.007236726259060355e-02 -9.847093080417256283e-01
2.606040954589843750e+00 2.310773658752441406e+01 4.529328823089599609e+00 1.688319799001142263e-02 -1.919547086456544205e-01 -9.812585528057280460e-01
-2.777114105224609375e+01 6.996358489990234375e+01 -1.299432468414306641e+01 1.997613718980379427e-01 -3.993271608403928807e-01 -8.947810977622205897e-01
-7.508322143554687500e+01 3.464593505859375000e+01 -1.136632919311523438e+01 -6.060389577613832790e-01 2.443892470414954221e-01 7.569614769629872120e-01
4.820789337158203125e+01 -2.708964538574218750e+01 1.086578464508056641e+01 2.495622311711199193e-01 -7.819101526053996720e-02 9.651967975006021661e-01
1.565068960189819336e+00 6.741556549072265625e+01 -1.100010204315185547e+01 -1.251466628002733880e-02 -5.272030270661683948e-01 -8.496471922981728708e-01
6.374531936645507812e+01 -6.307370758056640625e+01 -1.501568412780761719e+01 5.072483991964044092e-01 -6.858953913007002079e-01 -5.217725306157315890e-01
2.214855575561523438e+01 -6.240756988525390625e+00 6.036969184875488281e+00 -8.228121567512023185e-03 -1.370798428308550761e-02 -9.998721864230272205e-01
6.443786621093750000e+01 -5.421074295043945312e+01 -4.749787807464599609e+00 4.411606976374359279e-01 -1.480274875551804703e-01 8.851356403332496514e-01
-3.652124404907226562e+01 -7.846477508544921875e+01 -1.838533210754394531e+01 -5.204165854451030526e-01 -7.651825929575227780e-01 -3.790279370026197192e-01
-3.118212127685546875e+01 -1.144494438171386719e+01 1.472986125946044922e+01 -2.852770924576176759e-01 -5.882886523924103078e-02 9.566379383725021057e-01
-6.613713073730468750e+01 -1.340099620819091797e+01 -6.895995140075683594e+00 5.539211401537429413e-01 -3.452829953608747837e-02 -8.318528517844508974e-01
-6.090185165405273438e+01 8.048949837684631348e-01 -4.188199996948242188e+00 4.379966087114763318e-01 -6.857331707216675343e-02 -8.963574459683848472e-01
2.101202964782714844e+01 4.207055664062500000e+01 7.700963020324707031e+00 2.207977548242740506e-01 3.841446710734982006e-01 8.964826953992998115e-01
7.156232833862304688e+00 1.245939826965332031e+01 1.646808242797851562e+01 1.145288112082547133e-01 1.075549106573175095e-01 9.875804233563565404e-01
1.465347671508789062e+01 -8.508346557617187500e+01 -3.661689996719360352e+00 -8.584664045985420863e-03 -2.919411622627216540e-01 9.563977526740161661e-01
-4.297529983520507812e+01 -6.850384521484375000e+01 -1.431275177001953125e+01 -7.715630990661147548e-01 4.323130570425906538e-02 -6.346821553869288479e-01
5.783567810058593750e+01 -5.183238983154296875e+01 -7.487342834472656250e+00 -6.662132740132745701e-01 6.979822166943255857e-01 2.626417687782905408e-01
3.232094573974609375e+01 -1.273369312286376953e+01 5.155198097229003906e+00 -9.472488661283755274e-02 -1.081571333824268670e-02 -9.954447328712779930e-01
-3.081615829467773438e+01 5.586557769775390625e+01 -7.251049995422363281e+00 2.597658290372890644e-01 -4.847443412846944577e-01 -8.351913778632041874e-01
-3.314527130126953125e+01 -2.166262054443359375e+01 4.485400199890136719e+00 7.534616151679328355e-02 -4.358705443161260337e-03 -9.971479116116851449e-01
-7.614990997314453125e+01 1.583055877685546875e+01 -9.510818481445312500e+00 -3.695202827801338241e-01 1.445357079189709681e-01 9.179129532534399116e-01
9.970583915710449219e+00 -3.245525360107421875e+01 1.602389335632324219e+01 -8.090248289645649016e-03 -1.759470367004278002e-01 9.843663891859323334e-01
2.950965690612792969e+01 1.538978195190429688e+01 4.081521987915039062e+00 -1.596010900404500332e-01 -1.344788490699265482e-01 -9.779790034610804650e-01
-4.941721343994140625e+01 4.079630279541015625e+01 -6.542350053787231445e-01 -4.447781340722171128e-01 4.384105615328959815e-01 7.810048597721063190e-01
-1.853797340393066406e+01 -7.160289001464843750e+01 -4.655405998229980469e+00 2.568382817380864269e-01 5.494683133305769962e-01 -7.950589095654976290e-01
-1.041913986206054688e+00 -5.961388015747070312e+01 1.060160923004150391e+01 -3.076932659002409517e-02 -2.493933782516033482e-01 9.679133181362106209e-01
2.313508033752441406e+00 -1.601696205139160156e+01 1.669047164916992188e+01 7.354311361699203409e-02 -3.526936136720763837e-02 9.966681908179207960e-01
-5.766880416870117188e+01 5.920785522460937500e+01 -1.042961215972900391e+01 -5.464667678069543566e-01 4.500716638995957974e-01 7.062645177532775875e-01
3.476350784301757812e+01 -2.114511871337890625e+01 1.493394470214843750e+01 9.753456836003349117e-02 -6.935724393015783862e-02 9.928124599788394899e-01
-6.917129516601562500e+01 3.829814910888671875e+00 -9.688953399658203125e+00 4.308660192242122489e-01 -9.813279446131535633e-02 -8.970643389016721425e-01
-5.172388076782226562e+01 4.940013122558593750e+01 -4.844738960266113281e+00 -3.687859026540434293e-01 4.304736876176140092e-01 8.238260509795349851e-01
4.117996597290039062e+01 7.122252655029296875e+01 -1.468095588684082031e+01 2.564232555042279538e-01 6.130071055734958030e-01 7.473081041665602386e-01
6.994109344482421875e+01 -5.638755035400390625e+01 -1.347566699981689453e+01 8.503832366319905578e-01 -4.963243377227138375e-01 -1.746725583467800547e-01
5.223895263671875000e+01 3.114487457275390625e+01 -4.679135799407958984e+00 -4.541826841077075683e-01 -4.001379159577779232e-01 -7.959948100771038204e-01
2.071753120422363281e+01 3.061925888061523438e+01 1.290279197692871094e+01 1.253637704739263281e-01 3.227004408328885132e-01 9.381622197353826076e-01
-8.472220420837402344e+00 5.086738586425781250e+01 5.081277847290039062e+00 -8.523324100779063051e-02 4.976550984311143289e-01 8.631770951738848563e-01
-2.388013267517089844e+01 3.838186264038085938e+01 8.654460906982421875e+00 -2.144915989490278896e-01 3.020725750876540605e-01 9.288409515951603357e-01
4.438466644287109375e+01 -5.765382003784179688e+01 4.550427913665771484e+00 4.049065630848954211e-01 -4.520161785443169156e-01 7.948157330507302776e-01
5.245568084716796875e+01 -4.785388565063476562e+01 -1.282768011093139648e+00 -4.005739060395511753e-01 3.454649112763292784e-01 -8.486427639926323874e-01
2.656972885131835938e+00 -6.143304824829101562e+01 3.139585018157958984e+00 3.802198442650885080e-02 2.997785683324367123e-01 -9.532508267338796193e-01
-4.002961730957031250e+01 5.418914794921875000e+01 -9.056812286376953125e+00 2.469891084527746083e-01 -3.846903932768667711e-01 -8.893872506541755651e-01
3.922735595703125000e+01 -6.596082305908203125e+01 2.401272058486938477e+00 2.398853435758243058e-01 -4.557263521470263368e-01 8.571863939052424275e-01
5.230483627319335938e+01 -7.293107604980468750e+01 -1.449143505096435547e+01 2.320186937393979021e-01 -4.450833456786616460e-01 -8.649093253948373361e-01
-2.110887336730957031e+01 6.349233245849609375e+01 -3.836802005767822266e+00 -1.677037777080312431e-01 4.977746173229702364e-01 8.509382311845119506e-01
-7.997620105743408203e+00 6.767766571044921875e+01 -5.249248981475830078e+00 1.452219303987874405e-03 5.515575633027786084e-01 8.341355677721664641e-01
-2.616784095764160156e+01 2.483226013183593750e+01 1.245857715606689453e+01 -2.434362631091237239e-01 2.182458921227563575e-01 9.450436584491785919e-01
-6.844922637939453125e+01 -5.343049621582031250e+01 -1.321322154998779297e+01 -8.817558204564713842e-01 -4.251686999790269539e-01 2.042994117692932543e-01
-2.689818859100341797e+00 7.886946868896484375e+01 -1.898841667175292969e+01 -9.302181343549502726e-03 -7.443330677832281639e-01 -6.677437784260217279e-01
6.013498687744140625e+01 4.611995697021484375e+01 -1.614602470397949219e+01 -4.144008892292745383e-01 -3.826917334721414710e-01 -8.257232830301407533e-01
2.230417633056640625e+01 -7.688194274902343750e+01 3.229970037937164307e-01 1.581706430135223218e-01 -6.404375533522570496e-01 7.515462646736152941e-01
-7.093577575683593750e+01 -4.210506439208984375e+01 -1.887511253356933594e+01 6.077964327620706264e-01 3.747060066222276942e-01 -7.001277775684413562e-01
8.651972770690917969e+00 -5.643537902832031250e+01 4.194660186767578125e+00 1.104675903037458974e-02 1.729847380971452908e-01 -9.848625536085667820e-01
-2.890892410278320312e+01 -8.527554321289062500e+01 -1.261682891845703125e+01 -3.686137361330863449e-01 -8.517883584200659497e-01 -3.722640272629849645e-01
3.092571258544921875e+01 -3.475286102294921875e+01 1.405852508544921875e+01 1.315877134872131538e-01 -1.923204243622041454e-01 9.724698082883338479e-01
-2.694153976440429688e+01 7.726819610595703125e+01 -1.772195625305175781e+01 -3.000496979352058058e-01 7.823506781909967955e-01 -5.457999588705362282e-01
-4.496207809448242188e+01 6.560873413085937500e+01 -8.691424369812011719e+00 -1.662847263859739133e-01 1.911095715072813894e-01 9.673812699494678258e-01
7.643054962158203125e+01 -4.373773574829101562e+01 -1.649139785766601562e+01 6.921602323805013945e-01 -4.798215359544708014e-01 -5.391525816921058922e-01
4.472046852111816406e+00 7.892539978027343750e+01 -1.951777267456054688e+01 -6.618660277826012017e-02 -5.775561948708007876e-01 -8.136634288076577404e-01
-6.715692996978759766e+00 4.225727081298828125e+01 6.005460023880004883e-01 4.074946543885818451e-02 -2.675229016172963048e-01 -9.626894505377679989e-01
-8.211767578125000000e+01 -2.407538414001464844e+01 -1.215718746185302734e+01 -7.997711638932761824e-01 -2.141166501969879454e-01 5.608209567350481706e-01
-9.380550384521484375e+00 -7.523834991455078125e+01 -4.898591995239257812e+00 1.316281046919113851e-01 5.389358711634705257e-01 -8.319988995356221162e-01
-6.502835083007812500e+01 4.350941848754882812e+01 -8.826058387756347656e+00 -2.542923543950248444e-01 1.357418147656873075e-01 9.575539453317253313e-01
-5.823620605468750000e+01 -1.550252437591552734e+01 4.565990924835205078e+00 -5.693676510292693393e-01 -7.693581604284345510e-02 8.184750198822404732e-01
-5.548667907714843750e+01 3.477273559570312500e+01 -1.502104043960571289e+00 -4.747835409118086325e-01 3.357142863497808438e-01 8.135579310779917916e-01
-7.656306457519531250e+01 1.272282004356384277e+00 -1.338577556610107422e+01 5.377400536640819517e-01 -7.852345076151438785e-02 -8.394460687655009856e-01
-5.148493194580078125e+01 -3.270109176635742188e+01 6.275773048400878906e+00 -4.771229576840745890e-01 -2.155438269849158095e-01 8.519944494534559265e-01
-3.776257991790771484e+00 -2.172528266906738281e+01 1.680348014831542969e+01 6.798875332345408369e-03 -1.045076049283225200e-01 9.945008475644255830e-01
-4.816139936447143555e-01 -7.695004272460937500e+01 -5.038550853729248047e+00 -1.109210034143103853e-02 8.406419271718315045e-01 -5.414777147684333158e-01
-7.048219203948974609e+00 -8.937765502929687500e+01 -1.497563552856445312e+01 -1.944976863436397307e-01 -9.546759003051560333e-01 -2.253099540266936540e-01
5.719972229003906250e+01 2.828256130218505859e+00 8.962938308715820312e+00 5.460003172686261896e-01 5.665650782830404519e-02 8.358670310900296885e-01
-2.001407241821289062e+01 7.321907043457031250e+01 -1.351303005218505859e+01 -3.385873145251506316e-02 -4.588600260469428149e-01 -8.878632004991678928e-01
3.035285568237304688e+01 6.435758209228515625e+01 -1.373104381561279297e+01 -2.969011284799724093e-01 -3.880199645906963202e-01 -8.725194708350946238e-01
-5.181897735595703125e+01 -3.345434570312500000e+01 -9.234129786491394043e-01 4.800239011688298696e-01 1.260923802981895325e-01 -8.681461662285873127e-01
-8.304399108886718750e+01 -3.380850076675415039e+00 -1.915057563781738281e+01 -6.750152855571875943e-01 -1.177666242590475441e-02 -7.377097494857003390e-01
7.990100860595703125e+01 1.596001052856445312e+01 -1.943527412414550781e+01 -8.593932098708521039e-01 -2.938226761708938595e-01 -4.184633147548868504e-01
-3.372397232055664062e+01 6.484899139404296875e+01 -1.169388484954833984e+01 1.537306112866843599e-01 -3.154689250369448472e-01 -9.364006922730550020e-01
-4.479995346069335938e+01 -7.493679046630859375e+01 -1.083364868164062500e+01 -4.128351784629381571e-01 -4.087012674987873795e-01 8.139596976314973364e-01
-7.716506958007812500e+01 2.914932250976562500e+01 -1.809777832031250000e+01 -9.337290876001025364e-01 2.877602813822546235e-01 -2.129413333016523246e-01
7.528757476806640625e+01 -2.632402610778808594e+01 -5.413233757019042969e+00 6.359988847547010105e-01 -1.332672217470080578e-01 7.600955638593152042e-01
-4.597525787353515625e+01 9.116131782531738281e+00 9.233667373657226562e+00 -3.850511140632688067e-01 1.722294936383174657e-01 9.066822161483727438e-01
6.777927398681640625e+01 2.286078453063964844e+01 -1.089610195159912109e+01 -6.017970842296169742e-01 -3.495571898884143325e-01 -7.180877665091128792e-01
-3.773090744018554688e+01 2.393077850341796875e+01 -1.131700038909912109e+00 3.326327733909472117e-01 -6.022631107863275490e-01 -7.256959304365862007e-01
7.921070098876953125e+00 -4.780136871337890625e+01 5.149333953857421875e+00 -5.579762879025315647e-02 2.048586539643964810e-01 -9.771998549515246157e-01
6.537940216064453125e+01 -4.916918945312500000e+01 -1.613059616088867188e+01 -8.568345636443369662e-02 2.184706647810788771e-01 -9.720745413472969831e-01
-6.470776367187500000e+01 -6.828885078430175781e+00 7.997620105743408203e-01 -6.631280159520538398e-01 4.949140259052024933e-03 7.484896395209414965e-01
6.368527221679687500e+01 -3.949744415283203125e+01 1.325350046157836914e+00 4.664223698848356525e-01 -1.838763762328890772e-01 8.652396495390595188e-01
-6.216894149780273438e+01 3.149045944213867188e+01 -4.145845890045166016e+00 -3.863298567109724191e-01 1.950067792993626647e-01 9.015107308518124363e-01
3.585394668579101562e+01 -8.543292999267578125e+01 -7.937879085540771484e+00 3.537985592995912532e-01 -8.947321058384969383e-01 -2.725454791761225404e-01
-5.550297164916992188e+01 -6.693264770507812500e+01 -1.202749538421630859e+01 -4.480985360658288341e-01 -6.532327182280446287e-01 6.103234534343744411e-01
6.436810302734375000e+01 3.100127410888671875e+01 -4.592699050903320312e+00 6.589567054323777207e-01 2.257851051473196979e-01 7.174936561805408397e-01
-2.486379623413085938e+01 3.935153961181640625e+01 -5.312309861183166504e-01 1.972783783783224887e-01 -3.218754730976317036e-01 -9.260007674092907148e-01
7.268586730957031250e+01 -4.363008499145507812e+01 -6.553310871124267578e+00 3.518847337389165442e-01 -6.049137708720498524e-02 9.340866809132787330e-01
-2.989456939697265625e+01 -7.389739227294921875e+01 -1.587717533111572266e+01 4.607360717482829604e-01 6.251413006046919740e-01 -6.300163700002050504e-01
5.404722976684570312e+01 -6.251546859741210938e+01 -1.359678077697753906e+01 -5.909378528026660443e-02 -4.961325866052120059e-02 -9.970187807189661022e-01
1.948482513427734375e+01 -9.021452331542968750e+01 -6.083911895751953125e+00 4.704463214748792060e-02 -7.458479074755727245e-01 6.644529339994046380e-01
-4.550144195556640625e+01 4.723611068725585938e+01 -1.957334041595458984e+00 -3.607059940576620716e-01 4.709234566570124070e-01 8.050604224659692054e-01
1.122644996643066406e+01 2.356219673156738281e+01 1.520410346984863281e+01 1.483071630930367646e-01 2.086401779515425492e-01 9.666820891687422090e-01
2.683888053894042969e+01 -1.664684867858886719e+01 1.628997611999511719e+01 1.325415783936282621e-01 -3.204718105396803240e-02 9.906592290911238052e-01
5.545063400268554688e+01 -4.013322830200195312e+00 2.025865077972412109e+00 -2.703509048675225568e-01 -8.855943059833878972e-02 -9.586801424298980745e-01
7.945300292968750000e+01 2.938188552856445312e+01 -1.522445678710937500e+01 8.848539631683740581e-01 4.614064874421660023e-01 6.432353544002342161e-02
-7.014087677001953125e+01 -2.496760177612304688e+01 -1.069193172454833984e+01 5.070252784960620485e-01 1.859089377660727294e-01 -8.416431748815416114e-01
-3.787551116943359375e+01 -5.959674835205078125e+01 2.379620075225830078e+00 -4.668781093655970382e-01 -5.501155078837893786e-01 6.923855565947097945e-01
-5.400094223022460938e+01 -5.746581268310546875e+01 -7.139184951782226562e+00 -5.052155003100790021e-01 -4.229750215477167674e-01 7.522296387361674386e-01
6.283433151245117188e+01 3.750598144531250000e+01 -7.261318206787109375e+00 4.707448661045781080e-01 4.529830084048134808e-01 7.571034705591485059e-01
-6.408287048339843750e+01 5.315352630615234375e+01 -1.127306842803955078e+01 -7.056311095810137157e-01 5.113689378759008752e-01 4.904962248245548495e-01
1.076582336425781250e+01 6.800240325927734375e+01 -1.208700084686279297e+01 -1.032522528465566608e-01 -4.175200730966164286e-01 -9.027823441137440286e-01
1.891571426391601562e+01 7.823712158203125000e+01 -1.217268657684326172e+01 2.010521784543002344e-01 5.054120783841561382e-01 8.391285077758875444e-01
-1.958192062377929688e+01 -4.481129837036132812e+01 1.306124401092529297e+01 -1.504795551662221897e-01 -1.704190267443398965e-01 9.738137700815735487e-01
1.231787395477294922e+01 -7.298973083496093750e+00 2.186809349060058594e+01 3.326341557725223108e-01 -1.175597681112786480e-01 9.356998553676940666e-01
-3.236943054199218750e+01 2.718961334228515625e+01 1.028588867187500000e+01 -3.413355251627672726e-01 3.064260008922544132e-01 8.885905498254177415e-01
6.042889022827148438e+01 -8.921331405639648438e+00 7.518836021423339844e+00 4.202067957772303575e-01 8.193564450868169591e-02 9.037216379735409921e-01
-5.279637145996093750e+01 6.239745330810546875e+01 -1.765719604492187500e+01 -2.518875047652960331e-02 5.464527650897219729e-02 -9.981880687549261610e-01
7.615778350830078125e+01 -4.854660415649414062e+01 -1.050115489959716797e+01 8.892321299958008129e-01 -4.554485211583335635e-01 -4.281195578128101087e-02
6.745294189453125000e+01 -1.240558433532714844e+01 -3.736814022064208984e+00 -5.660916053144748883e-01 3.183234352434987507e-02 -8.237275012394744689e-01
-3.081268692016601562e+01 3.893152236938476562e+01 6.951297760009765625e+00 -1.734137430292891080e-01 2.923506288527428776e-01 9.404566888155869719e-01
-4.978357315063476562e+01 -5.351384353637695312e+01 -1.251790046691894531e+00 -5.426602425618054504e-01 -3.804304459887378198e-01 7.488608261269729116e-01
6.889513015747070312e+00 -2.090206527709960938e+01 7.103917121887207031e+00 -3.099285454787987018e-02 -2.706874750025522330e-02 -9.991530042369594078e-01
-8.386735534667968750e+01 -1.034748458862304688e+01 -1.174340915679931641e+01 -7.599366259514298561e-01 -3.199858267567855241e-02 6.492090689787878288e-01
-1.322069740295410156e+01 5.507287216186523438e+01 1.789736986160278320e+00 -5.029452663410807767e-02 5.166550551786822654e-01 8.547151657417596526e-01
3.485368347167968750e+01 -4.133924102783203125e+01 1.194384098052978516e+01 1.723304635041233712e-01 -2.364517490747827522e-01 9.562388727237196573e-01
-7.280379486083984375e+01 4.108007049560546875e+01 -1.253294086456298828e+01 -8.492883350595005210e-01 4.829976257932450667e-01 2.131258253003372738e-01
-1.453848648071289062e+01 3.375454330444335938e+01 1.949164986610412598e+00 8.410549633427628902e-02 -2.054842999835791717e-01 -9.750397263427904582e-01
-4.288661575317382812e+01 -4.329542160034179688e+00 1.153491401672363281e+01 -2.709503753183351571e-01 1.109364615693836931e-01 9.561793741810780123e-01
2.491931343078613281e+01 -4.744555664062500000e+01 1.245911121368408203e+01 1.810253116877037216e-01 -2.364339047878380173e-01 9.546354514657127144e-01
6.112207794189453125e+01 2.355731010437011719e+00 -4.651640057563781738e-01 -4.929776216199440730e-01 -1.339917421349597626e-01 -8.596623044088775867e-01
4.599490737915039062e+01 -5.120978546142578125e+01 6.938242912292480469e+00 3.912337299478740871e-01 -3.227864147394950423e-01 8.618266061167390024e-01
-3.451377487182617188e+01 3.003162384033203125e+01 -1.840414047241210938e+00 5.139261578255881480e-01 -1.649993895086663276e-01 -8.418165511347445173e-01
4.816675949096679688e+01 -4.128756332397460938e+01 8.995674133300781250e+00 2.724678522494524135e-01 -3.074956217782094936e-01 9.117059350897102066e-01
2.322837448120117188e+01 6.125675201416015625e+01 -3.550272941589355469e+00 1.643785425854723536e-01 5.846459685968606879e-01 7.944613182156289310e-01
1.150301361083984375e+01 -7.033587646484375000e+01 -3.767440021038055420e-01 -4.417991827985279230e-02 5.855002358958159014e-01 -8.094674845765761351e-01
5.613909149169921875e+01 -2.725584220886230469e+01 1.667058944702148438e+00 -2.501343629022267367e-01 2.208556851859069456e-02 -9.679592079001613225e-01
5.262018966674804688e+01 -6.747209167480468750e+01 -4.097489833831787109e+00 4.033489537516437018e-01 -2.519803832636758334e-01 8.796678395609024426e-01
2.085091018676757812e+01 -2.310014533996582031e+01 1.657055282592773438e+01 1.574089010887761708e-01 -1.042274961024212826e-01 9.820178546820030885e-01
-5.882003021240234375e+01 -4.575805664062500000e+01 -9.941225051879882812e+00 5.118978112030942995e-01 1.756852101059749593e-01 -8.408896109689433240e-01
6.756242370605468750e+01 -3.467814636230468750e+01 -8.655611038208007812e+00 -9.233082291853538237e-01 3.594997509755150089e-01 1.351363865402232523e-01
-1.657662987709045410e+00 3.938635635375976562e+01 1.047603034973144531e+01 -6.428885112964827231e-02 3.629541019551781322e-01 9.295866089258923992e-01
4.893559265136718750e+01 5.971303558349609375e+01 -1.720251274108886719e+01 -5.780681175146146211e-01 -7.085395756365315822e-01 -4.047331482222744081e-01
6.068598175048828125e+01 -1.553634262084960938e+01 5.581319928169250488e-01 -4.339813672662164445e-01 8.451576897554834156e-02 -8.969488601142302509e-01
8.209607696533203125e+01 6.048524856567382812e+00 -9.985756874084472656e+00 4.536130647989475295e-01 8.252452973973276040e-02 8.873696464467003553e-01
2.588906049728393555e+00 6.122068786621093750e+01 -7.449579238891601562e+00 -3.599745791781953919e-02 -3.732475463935131521e-01 -9.270331451111535337e-01
-6.495540618896484375e+01 2.003374290466308594e+01 -9.550646781921386719e+00 5.411853065828928777e-01 -1.908778589524451619e-01 -8.189530553703984195e-01
3.106032752990722656e+01 -6.835931396484375000e+01 -2.320125102996826172e+00 -1.842914230269296350e-01 4.518637703547027096e-01 -8.728435165821772923e-01
1.113275623321533203e+01 -6.494219207763671875e+01 8.957177162170410156e+00 5.302111515882976939e-02 -3.703230300304514722e-01 9.273885996584061431e-01
4.778040695190429688e+01 4.354641914367675781e+00 2.324615001678466797e+00 -2.465979590109715069e-01 -3.615946467635718434e-03 -9.691111244551712245e-01
3.458391189575195312e+01 3.693907165527343750e+01 6.923373222351074219e+00 3.231621957142691293e-01 5.529234502905218118e-01 7.680116232062879078e-01
4.712276458740234375e+01 -1.167455673217773438e+01 3.741873025894165039e+00 -1.427352602448132557e-01 -4.527473867829397841e-02 -9.887248573392183326e-01
-3.559836578369140625e+01 -5.044271469116210938e+01 1.601786017417907715e+00 3.544915618091682985e-01 3.739522950787686484e-01 -8.570270786920435313e-01
-3.866477584838867188e+01 2.074864006042480469e+01 1.013789463043212891e+01 -3.262111787126662499e-01 1.868079463914875948e-01 9.266547674554358460e-01
-4.085896015167236328e+00 -7.106337738037109375e+01 5.827250003814697266e+00 -1.575960277350709204e-01 -6.104617913882389724e-01 7.762086660796754245e-01
3.176994323730468750e+01 5.791138839721679688e+01 -1.079219532012939453e+01 -3.891064782843986491e-01 -5.005720661153112427e-01 -7.733199565394399677e-01
-4.316942977905273438e+01 3.275531005859375000e+01 5.410100936889648438e+00 -2.785798651004859350e-01 2.811068536113713323e-01 9.183529798575872372e-01
-4.107807159423828125e+01 7.619469761848449707e-01 2.619322061538696289e+00 1.305502741259836896e-01 -6.128431580296849618e-02 -9.895457839646392140e-01
6.264181137084960938e+00 6.704255676269531250e+01 -4.893385887145996094e+00 6.500813902683347245e-02 6.422427700862310962e-01 7.637395931416887107e-01
-2.379646110534667969e+01 -7.684955596923828125e+01 -1.509634304046630859e+01 3.557994465543314888e-01 7.196454074359375230e-01 -5.962526657282087861e-01
4.747463226318359375e+01 -6.808640956878662109e+00 1.222926521301269531e+01 3.462867204181608316e-01 -6.562219342902654573e-02 9.358307726248362712e-01
2.826413726806640625e+01 4.816484451293945312e+01 -4.122025012969970703e+00 -2.590841903135703284e-01 -4.658802177796150246e-01 -8.460679671345442410e-01
3.879662704467773438e+01 2.076987028121948242e+00 1.412969970703125000e+01 1.938254294951982648e-01 -9.521739392190255516e-03 9.809898263284635433e-01
-3.894883346557617188e+01 -4.887208175659179688e+01 7.543162822723388672e+00 -2.682311640139846687e-01 -3.853055946958907074e-01 8.829448688042468296e-01
-9.151981353759765625e+00 -4.983751678466796875e+01 1.325615787506103516e+01 -2.121715028605732425e-02 -1.772234386905481573e-01 9.839419115539476124e-01
-4.569905471801757812e+01 -9.790208816528320312e+00 2.590615987777709961e+00 2.055533799779431237e-01 -3.835650916577310054e-02 -9.778939544675891993e-01
5.302322006225585938e+01 -5.717284774780273438e+01 -5.832717895507812500e+00 -6.917418609818335451e-01 6.025289881322554164e-01 -3.980603173210187640e-01
-5.370357513427734375e+01 4.600810241699218750e+01 -1.036095046997070312e+01 3.233402232334275928e-01 -2.487044432636752733e-01 -9.130154434292240273e-01
4.512213516235351562e+01 -3.261402893066406250e+01 2.153202056884765625e+00 -4.938043959819555240e-01 5.774532573819043391e-01 -6.501576378447952997e-01
-5.975499725341796875e+01 -5.828361511230468750e+01 -1.911341094970703125e+01 4.693546549007154844e-01 3.814162104181665902e-01 -7.963842554654601003e-01
7.163181304931640625e+01 9.906279563903808594e+00 -9.378549575805664062e+00 -7.143650751592240944e-01 -2.450488298482870198e-01 -6.554644234302433592e-01
4.785572814941406250e+01 7.006221771240234375e+00 1.114706039428710938e+01 2.356289636842223978e-01 1.045087169715711167e-01 9.662074930107173998e-01
-3.735115432739257812e+01 6.936170959472656250e+01 -1.519013023376464844e+01 3.632125651365705199e-01 -8.308046484677408250e-01 -4.217111198573094133e-01
-1.052480030059814453e+01 -7.974013519287109375e+01 -1.247854614257812500e+01 2.406453101471399125e-01 5.374216325017640017e-01 -8.082498522259845553e-01
-8.451938629150390625e+01 3.172930002212524414e+00 -1.374256420135498047e+01 -9.586085031495036324e-01 3.635131497088005259e-02 2.823974496863529970e-01
-1.443135643005371094e+01 -6.389675140380859375e+01 1.296105027198791504e+00 1.668323844377415932e-01 3.571589671851081449e-01 -9.190236273687878432e-01
3.894059371948242188e+01 5.242098999023437500e+01 -2.919303894042968750e+00 3.582888513961355326e-01 4.609379909440359246e-01 8.118899355637522186e-01
-7.913288879394531250e+01 -1.632831954956054688e+01 -1.679591369628906250e+01 9.593600496272703948e-01 1.737671153654832823e-01 -2.223359727905506733e-01
-5.350475311279296875e+01 -2.781717061996459961e+00 -1.438830047845840454e-01 3.796725103679074453e-01 -6.010687465733858398e-02 -9.231662626471237587e-01
7.040294647216796875e+01 1.980792045593261719e+00 -6.585288047790527344e+00 -5.687191069345636230e-01 -1.080893760214410027e-01 -8.153988375015308598e-01
1.519990825653076172e+01 -1.111420631408691406e+01 1.718106079101562500e+01 -3.855359261212484151e-02 -3.335227699730971586e-03 9.992509678518651794e-01
-1.995612335205078125e+01 -5.962933349609375000e+01 2.054240942001342773e+00 1.208097732796212798e-01 3.591068031955337858e-01 -9.254443811374136741e-01
-4.221701431274414062e+01 -6.432904815673828125e+01 -3.437841892242431641e+00 -3.730556696981948139e-01 -5.355189813017886546e-01 7.576601401496095844e-01
-1.305075359344482422e+01 2.327973937988281250e+01 4.039310932159423828e+00 9.040722902217288026e-02 -2.091836533250745200e-01 -9.736882109392652751e-01
-5.294866943359375000e+01 -2.084178733825683594e+01 4.588289856910705566e-01 3.837031321312346921e-01 5.917167156846627613e-02 -9.215587988166972222e-01
6.814355468750000000e+01 -7.386763095855712891e+00 2.011869907379150391e+00 5.687268899205226713e-01 5.694373376277689358e-02 8.205529451939610475e-01
-3.338513183593750000e+01 4.138758087158203125e+01 -4.025621891021728516e+00 2.511996383614131800e-01 -3.500661435222056639e-01 -9.024147809331281023e-01
1.133701992034912109e+01 2.171559095382690430e+00 6.360173225402832031e+00 -1.881090516166314744e-02 -1.602201861609097583e-02 -9.996946757717900534e-01
2.557919502258300781e+01 -5.184907531738281250e+01 3.865467071533203125e+00 -2.801852564992347860e-02 1.202774122157105330e-01 -9.923448525241094220e-01
-2.738783454895019531e+01 -5.562423706054687500e+01 8.633058547973632812e+00 -2.359667002509847067e-01 -3.495439619970666101e-01 9.067186636460369265e-01
3.597372817993164062e+01 1.614878082275390625e+01 1.316222953796386719e+01 5.095824006314627480e-02 1.938193324037664478e-01 9.797128784272590707e-01
3.126210403442382812e+01 -7.860302734375000000e+01 -1.246733188629150391e+01 -9.948494648298869536e-02 -2.628480241629917516e-02 -9.946918390060375259e-01
-6.616207122802734375e+00 5.450240707397460938e+01 -4.264183044433593750e+00 -7.135941762433313561e-04 -5.677437915129380785e-01 -8.232050036180932340e-01
4.741363525390625000e+01 4.105556106567382812e+01 -7.114677906036376953e+00 -3.525180260137827926e-01 -3.920631380160820023e-01 -8.497161509259009149e-01
7.833850860595703125e+01 1.701243782043457031e+01 -1.005295562744140625e+01 3.568265890653500860e-01 3.035168942281284976e-01 8.834886984303187418e-01
-6.115262222290039062e+01 2.643833923339843750e+01 -8.679718971252441406e+00 4.799148671030945001e-01 -1.943526354112539711e-01 -8.555166704641816722e-01
3.854936981201171875e+01 2.680865478515625000e+01 9.326109886169433594e-01 -6.814862729506762640e-02 -1.396720726504327159e-01 -9.878499262131521519e-01
-2.530711746215820312e+01 -3.365438079833984375e+01 5.062862873077392578e+00 5.504497091253809926e-02 9.500999047672660514e-03 -9.984386722249563029e-01
-4.806035995483398438e+01 3.873271942138671875e+00 1.050974965095520020e+00 3.010073377574693509e-01 -1.106488231650288867e-01 -9.471807750099000556e-01
-5.791121292114257812e+01 -1.516543292999267578e+01 -2.077023983001708984e+00 4.114781576405453500e-01 -1.553733602924317961e-02 -9.112871759077141309e-01
-3.144646453857421875e+01 -7.135221099853515625e+01 -3.357315063476562500e+00 -4.130379505555615838e-01 -6.528354347333149565e-01 6.349846821439278921e-01
2.750724601745605469e+01 7.115528869628906250e+01 -1.586472320556640625e+01 -1.644809960557983008e-01 -3.506324447611801065e-01 -9.219560133852865436e-01
-2.015956687927246094e+01 8.019870758056640625e+01 -1.257443332672119141e+01 -1.389807182685763413e-02 9.852276230106110644e-01 1.706850153245931534e-01
-2.595132637023925781e+01 -3.721525573730468750e+01 1.340240859985351562e+01 -1.311866692241438481e-01 -1.899738130818445225e-01 9.729851017158585025e-01
3.831099700927734375e+01 -7.781870269775390625e+01 -3.584682941436767578e+00 1.859935885803770117e-01 -3.580122504510322989e-01 9.150047068370636971e-01
7.356359863281250000e+01 -5.902131080627441406e+00 -8.528641700744628906e+00 -7.097811033087946253e-01 -1.404410090699512864e-02 -7.042822932712877737e-01
-3.666166305541992188e+01 -6.531105041503906250e+01 -1.370557975769042969e+01 3.749409074450809620e-01 2.463930766124369232e-01 -8.937056381839139085e-01
-3.855237579345703125e+01 -2.139639472961425781e+01 1.255763816833496094e+01 -2.138786187191247246e-01 -2.342296946113826134e-02 9.765793879436643898e-01
5.046910858154296875e+01 -4.188112258911132812e+01 1.554352998733520508e+00 -3.352606082027701495e-01 1.888805354498098443e-01 -9.229975449131496701e-01
3.525944519042968750e+01 7.433961486816406250e+01 -1.733834075927734375e+01 3.919607890672754946e-01 8.687796440986969015e-01 -3.026362004676574347e-01
2.040996742248535156e+01 5.198052215576171875e+01 -4.361911773681640625e+00 -1.575712114597035696e-01 -5.154933481470879153e-01 -8.422813789555284592e-01
5.507315826416015625e+01 5.489657974243164062e+01 -1.814983558654785156e+01 -6.708648386700409860e-01 -6.889904781738989126e-01 -2.742854156201565141e-01
-3.165499114990234375e+01 7.690447235107421875e+01 -1.202731037139892578e+01 -1.999522055800679876e-01 9.718966228269780849e-01 1.242419817178597730e-01
-6.550726318359375000e+01 1.117464447021484375e+01 -7.866399884223937988e-01 -7.230725560613855407e-01 3.046047713948152325e-01 6.199854933096151655e-01
-8.322049975395202637e-01 6.027328491210937500e+01 9.064069986343383789e-01 6.236682005357382236e-02 6.897302997963782323e-01 7.213754177258906441e-01
5.809269905090332031e+00 4.897477340698242188e+01 -1.692317962646484375e+00 -3.297613591743776135e-02 -3.308229223746577685e-01 -9.431165190428200118e-01
-1.611956596374511719e+01 -8.873450469970703125e+01 -1.334565639495849609e+01 -2.347323812866846937e-01 -9.513001954369194602e-01 -1.998215387218336414e-01
-3.245037460327148438e+01 9.139927864074707031e+00 2.721620082855224609e+00 1.691181037617526806e-01 -4.934489716080756733e-02 -9.843597655858444817e-01
1.197304058074951172e+01 6.188082122802734375e+01 -1.953592061996459961e+00 2.516842282030287009e-02 4.843203572044019745e-01 8.745286399484805129e-01
-1.790104484558105469e+01 6.871718597412109375e+01 -6.297700881958007812e+00 -9.569085289620352097e-02 5.752168841924200082e-01 8.123846360019132407e-01
1.080165290832519531e+01 2.643435287475585938e+01 3.890761852264404297e+00 -4.475638126370145436e-02 -1.624617017948734865e-01 -9.856992755329039291e-01
6.242995834350585938e+01 -2.457112884521484375e+01 -1.136782050132751465e+00 -5.638332607000957619e-01 1.194653721990340950e-01 -8.172025935920933515e-01
4.715264511108398438e+01 -2.056833648681640625e+01 1.197598648071289062e+01 3.194563803658244105e-01 -3.398753556385627345e-02 9.469912715911700252e-01
-5.590982437133789062e+01 -2.657948493957519531e+01 -1.781835079193115234e+00 4.733633173751899959e-01 1.371532585032717577e-01 -8.701242172503244054e-01
-7.383493041992187500e+01 -3.197022819519042969e+01 -1.392138481140136719e+01 1.922987636639402476e-01 9.789152492105805681e-02 -9.764417211702651755e-01
2.819065093994140625e+00 -7.557295989990234375e+01 2.495543956756591797e+00 -4.166807872091952275e-02 -5.826320398078655982e-01 8.116672208516449993e-01
7.857598876953125000e+01 -3.008545684814453125e+01 -1.637255287170410156e+01 -7.695449405256301612e-01 2.223569968689321497e-01 -5.986300614359707506e-01
6.400390625000000000e+01 1.522159385681152344e+01 1.529068946838378906e+00 6.261422756498307152e-01 2.739084763128209477e-01 7.300136966167416475e-01
7.312646484375000000e+01 4.131137847900390625e+01 -1.643536949157714844e+01 8.407363819992168530e-01 5.062537901841692722e-01 1.920141554860740341e-01
-7.051910400390625000e+01 9.612356185913085938e+00 -5.056430816650390625e+00 -5.221058651589565169e-01 9.380172303715554605e-02 8.477067313180179919e-01
6.735730743408203125e+01 -3.337739562988281250e+01 6.325479745864868164e-01 5.598722726518384762e-01 -2.619665538172234465e-01 7.860766902769686926e-01
-5.878781127929687500e+01 -3.964724349975585938e+01 -1.097864985466003418e+00 -5.709425267095226131e-01 -2.859992595126970016e-01 7.695641979411042000e-01
7.265186309814453125e+01 -1.410547447204589844e+01 -7.804947853088378906e+00 -7.254641873641761718e-01 2.560305835723987455e-02 -6.877835388076625200e-01
2.786822080612182617e+00 2.681935882568359375e+01 1.520506954193115234e+01 4.964373110846861427e-03 2.088554757641346571e-01 9.779339166032401387e-01
5.734924697875976562e+01 1.836318397521972656e+01 -2.181231975555419922e+00 -4.419988167425438208e-01 -2.719565388531690608e-01 -8.547962839023085513e-01
3.555196046829223633e+00 -5.466899490356445312e+01 1.240655994415283203e+01 -6.894928073532808135e-03 -3.552115557402307777e-01 9.347605097753464154e-01
7.203112792968750000e+01 2.027154350280761719e+01 -6.293301105499267578e+00 5.984681240894761389e-01 2.776856133157959983e-01 7.514829370027331645e-01
5.718361663818359375e+01 -4.528917694091796875e+01 3.643904924392700195e+00 5.492513567990863210e-01 -2.675567278431011387e-01 7.916668140324284453e-01
-2.574975585937500000e+01 -1.508748054504394531e+01 1.575870895385742188e+01 -1.241127728188544110e-01 -3.166866669835829984e-02 9.917626304578953667e-01
2.477823638916015625e+01 2.266143608093261719e+01 1.354698753356933594e+01 1.594149520971016309e-01 2.383160695701675436e-01 9.580147827839118335e-01
4.269463729858398438e+01 -3.038018989562988281e+01 1.208855628967285156e+01 3.265830909906618507e-01 -8.462603136821639227e-02 9.413723596398243521e-01
-6.572849273681640625e+01 -3.545458221435546875e+01 -4.481914997100830078e+00 -5.256582793489094074e-01 -2.195997259992510942e-01 8.218633303007243374e-01
-4.700702285766601562e+01 6.062372589111328125e+01 -1.287741374969482422e+01 4.896554041830776527e-02 -1.482995477060466138e-01 -9.877295277563211684e-01
3.687475967407226562e+01 -3.553892135620117188e+00 4.692605018615722656e+00 -8.864146236895549535e-02 -5.449385669874678290e-02 -9.945718228118015647e-01
4.652804565429687500e+01 3.477009201049804688e+01 -3.704279899597167969e+00 -3.338707946285286443e-01 -4.017724052657451472e-01 -8.527069994207228110e-01
-1.929796934127807617e+00 7.179355621337890625e+01 -7.671614170074462891e+00 8.423374036620642769e-02 5.044777526413039004e-01 8.593060421490691381e-01
-1.808514404296875000e+01 5.879268646240234375e+01 -4.346779882907867432e-01 -1.144738582484570721e-01 4.333060586006313719e-01 8.939471994238241681e-01
2.151585769653320312e+01 -6.981884765625000000e+01 5.012858867645263672e+00 1.868596269970135837e-01 -5.920956772591035033e-01 7.839044513010628989e-01
5.240346145629882812e+01 -5.312812805175781250e+01 2.901473045349121094e+00 3.819647529107611517e-01 -3.168563694144718168e-01 8.681618332403820970e-01
-3.794744491577148438e+01 6.095405578613281250e+01 -5.680108070373535156e+00 -2.808711349277652203e-01 4.464427419265839525e-01 8.495883025003715394e-01
3.293592071533203125e+01 5.808372879028320312e+01 -3.932859897613525391e+00 3.150219342270297873e-01 4.087594838386625073e-01 8.565493945639159890e-01
7.433718872070312500e+01 2.250419616699218750e+01 -1.446607112884521484e+01 -4.108507733697952524e-01 -1.848587564912212156e-01 -8.927647406623766546e-01
-5.387867355346679688e+01 2.891065597534179688e+01 1.545288085937500000e+00 -3.384222294533469899e-01 1.314556512664659949e-01 9.317670343824874246e-01
-1.742482376098632812e+01 -7.224107360839843750e+01 1.715666055679321289e+00 -1.967969434944992213e-01 -6.074386308264031475e-01 7.696033217255285885e-01
1.834836769104003906e+01 -7.558222198486328125e+01 -6.126860141754150391e+00 -3.422474267434275075e-02 9.345031647270635178e-01 3.543056619699688214e-01
-1.935618591308593750e+01 -1.639638519287109375e+01 5.601495742797851562e+00 1.465613471571588222e-01 -9.011151057137370413e-02 -9.850886697054350716e-01
-7.804341888427734375e+01 -1.154776287078857422e+01 -8.991838455200195312e+00 -3.404879434008887817e-01 2.945033530509231362e-02 9.397875494754390768e-01
4.509446334838867188e+01 5.247114944458007812e+01 -1.283794021606445312e+01 -3.921620295674153045e-01 -3.949812898646934411e-01 -8.307819950037366175e-01
-1.682596015930175781e+01 -1.965272521972656250e+01 1.592458343505859375e+01 -4.161359521589284849e-02 -1.641048997082569490e-03 9.991324314881371293e-01
-6.812609863281250000e+01 -4.793308258056640625e+01 -1.931348991394042969e+01 2.498868216137850318e-01 1.949971639766163445e-01 -9.484369680821371773e-01
1.187985610961914062e+01 -5.695085144042968750e+01 1.136324310302734375e+01 8.547309735457019053e-02 -2.431503375594000760e-01 9.662154330030988669e-01
8.425734710693359375e+01 -1.795386075973510742e+00 -1.022007942199707031e+01 8.639691613987894314e-01 -2.426088365752490095e-01 4.412462357544559288e-01
-2.656157493591308594e+01 6.185248565673828125e+01 -9.690393447875976562e+00 5.960042758597070695e-02 -3.988750985957187356e-01 -9.150663608459361775e-01
4.487340927124023438e+01 -5.947930526733398438e+01 -2.564728975296020508e+00 -3.220220525706122272e-01 3.457149096668274413e-01 -8.813529366220249628e-01
-4.712899017333984375e+01 4.966015625000000000e+01 -9.489812850952148438e+00 3.215192247577794427e-01 -3.182400161911487224e-01 -8.918232337216910333e-01
2.112422943115234375e+00 -9.095677947998046875e+01 -1.584251117706298828e+01 -2.958077461803816366e-01 -8.762917899820034107e-01 -3.802768414061251101e-01
6.451829528808593750e+01 -4.027255630493164062e+01 -7.533874988555908203e+00 -8.519861578116831868e-01 4.478677934091838120e-01 2.711715813356450622e-01
1.633143997192382812e+01 2.230429649353027344e+01 4.213020801544189453e+00 -7.141617603820765714e-02 -1.257343031774477426e-01 -9.894900781738853457e-01
8.078084945678710938e+00 7.510184478759765625e+01 -1.495504570007324219e+01 -1.011921275639076079e-01 -4.350796697751864173e-01 -8.946875623743768546e-01
1.792174911499023438e+01 -8.164898681640625000e+01 -1.407350540161132812e+01 -1.541973116019371703e-01 4.416190527450653547e-01 -8.838528165635307632e-01
-6.934789276123046875e+01 -4.161838150024414062e+01 -9.234118461608886719e+00 -3.192577867441385719e-01 -1.535946125543225793e-01 9.351380436050720224e-01
-1.718802452087402344e+01 4.947207260131835938e+01 -2.599781990051269531e+00 7.722913522687062382e-02 -3.687479932715373443e-01 -9.263155931594393433e-01
-1.009319114685058594e+01 7.544734954833984375e+01 -1.428987693786621094e+01 -5.735412822558578344e-02 -3.764379716282610921e-01 -9.246647811460558808e-01
-2.104590797424316406e+01 4.755997467041015625e+01 5.243432044982910156e+00 -2.048380154727629243e-01 4.393152779944450859e-01 8.746676362698253548e-01
7.269591522216796875e+01 3.010266876220703125e+01 -1.575297355651855469e+01 -5.033669348523207576e-01 -3.443734307512753001e-01 -7.924825986038911418e-01
2.183371925354003906e+01 -3.986123657226562500e+01 1.433995628356933594e+01 2.761328148671164315e-02 -1.670603699568813660e-01 9.855599116620995526e-01
-2.667370223999023438e+01 6.771220397949218750e+01 -7.048531055450439453e+00 -1.966816016689273416e-01 5.804553548344186797e-01 7.901822122833407347e-01
-6.383679962158203125e+01 -2.510348892211914062e+01 -4.771319925785064697e-01 -6.282435427995410882e-01 -1.309995833058469061e-01 7.669088342849986750e-01
-4.620130920410156250e+01 -5.795608901977539062e+01 -1.005521869659423828e+01 -4.732183599815973918e-01 8.526400608290488625e-01 -2.215159372274675131e-01
6.022923278808593750e+01 -5.196626281738281250e+01 -1.348660945892333984e+01 -4.221696172263731950e-01 2.435661881866154344e-01 -8.731828710317098841e-01
-3.874515533447265625e+01 6.710919189453125000e+01 -8.365443229675292969e+00 -9.688529445923670103e-02 2.690054715439502142e-01 9.582532525365954346e-01
-3.531060791015625000e+01 1.428879737854003906e+01 1.222778224945068359e+01 -3.352292871985971812e-01 1.768723532160237644e-01 9.253850526522170439e-01
-1.416119766235351562e+01 -6.294818496704101562e+01 8.939580917358398438e+00 -1.972475325270905411e-01 -4.242768345730458801e-01 8.837887635383528950e-01
-1.083698081970214844e+01 -3.559691619873046875e+01 5.900276184082031250e+00 6.152110600135970997e-02 9.558956243892707816e-02 -9.935178856312069096e-01
-3.981988525390625000e+01 4.975013732910156250e+01 -3.431760072708129883e-01 -4.340039447427381236e-01 5.805486275998991141e-01 6.889149925350848136e-01
2.774986076354980469e+01 6.851820945739746094e+00 1.567854785919189453e+01 1.357163234429182019e-01 5.913646982327702695e-02 9.889812725668662985e-01
1.416809463500976562e+01 1.456103324890136719e+01 5.596030235290527344e+00 -3.534688531273543627e-02 -5.110357013783056734e-02 -9.980676444098647293e-01
1.637373733520507812e+01 4.422654724121093750e+01 -8.157089948654174805e-01 -1.200139759203690398e-01 -3.676450175527907760e-01 -9.221896695649941522e-01
-5.419547271728515625e+01 -2.570141601562500000e+01 5.918828010559082031e+00 -4.316918301547317260e-01 -8.677990749969204110e-02 8.978370739906005316e-01
-2.075490760803222656e+01 1.178037643432617188e+01 4.848761081695556641e+00 8.999341945677880039e-02 -9.316258912875481635e-02 -9.915754718836601311e-01
9.489956855773925781e+00 -2.558842468261718750e+01 1.701965713500976562e+01 3.323834697919695463e-02 6.094087580839640909e-03 9.994288741009275112e-01
-6.541571807861328125e+01 1.161129760742187500e+01 -8.371788024902343750e+00 5.862814186244043047e-01 -8.564037369109059328e-02 -8.055680136213243525e-01
-6.905858993530273438e+00 1.250131416320800781e+01 5.935454845428466797e+00 -3.685560511551575890e-03 -3.713245010891949582e-02 -9.993035563794538945e-01
-4.824841308593750000e+01 -3.841720199584960938e+01 6.558892250061035156e+00 -4.052255394522787380e-01 -2.726687891825574361e-01 8.726075828121869771e-01
-9.794887542724609375e+00 -7.499516296386718750e+01 1.515085935592651367e+00 -1.335280904484638653e-01 -5.661918539024003438e-01 8.133861528423936837e-01
-3.048197746276855469e+01 -4.060634994506835938e+01 3.964576005935668945e+00 7.781756368612761932e-02 1.288934454339399904e-01 -9.886004787102439240e-01
-7.033811950683593750e+01 -4.701597213745117188e+00 -9.665805816650390625e+00 5.308870004925581032e-01 -1.892007712760507276e-02 -8.472313871602610291e-01
1.768429040908813477e+00 -3.802114105224609375e+01 5.885158061981201172e+00 -1.687197131732371194e-02 1.512361931518299285e-01 -9.883536565748162195e-01
-7.445820617675781250e+01 -1.930791091918945312e+01 -7.545176982879638672e+00 -5.451143239351782244e-01 -7.849679850918020452e-02 8.346787564473547860e-01
6.614689636230468750e+01 -2.032904052734375000e+01 3.265736103057861328e+00 7.373474109262009302e-01 -1.360201386198663931e-01 6.616776537637193423e-01
2.036656761169433594e+01 -2.033570098876953125e+01 6.257564067840576172e+00 -1.572027342553597787e-02 -1.871960726325880980e-02 -9.997011800069737220e-01
-4.202948760986328125e+01 -4.090594482421875000e+01 1.875146985054016113e+00 2.709223727113762581e-01 1.211533217928537770e-01 -9.549465642552965594e-01
-2.258666992187500000e+01 -4.644159698486328125e+01 4.430234909057617188e+00 1.235447805829234108e-01 1.615966743702464403e-01 -9.790930507480858358e-01
5.421258544921875000e+01 -1.414768886566162109e+01 9.909930229187011719e+00 3.137428058275960052e-01 -2.298554509649379518e-02 9.492297490639683977e-01
1.339715480804443359e+01 -9.006137084960937500e+01 -1.315714836120605469e+01 1.612779385788662978e-01 -7.372350929221691551e-01 -6.561050558346521733e-01
3.263015747070312500e+01 -6.733568572998046875e+01 3.711025953292846680e+00 2.369794917925673317e-01 -4.663928117400221729e-01 8.522431962925680615e-01
-1.851315689086914062e+01 -2.454853820800781250e+01 6.737058162689208984e+00 -4.256256659334963638e-02 -1.432001087154098073e-01 -9.887781130207532465e-01
5.768987274169921875e+01 3.332351303100585938e+01 -8.686717033386230469e+00 -5.173691655552364876e-01 -3.850487024638645228e-01 -7.642425290858736453e-01
6.165605926513671875e+01 -3.125098991394042969e+01 4.574830055236816406e+00 5.918649548181119657e-01 -1.886859123453016318e-01 7.836411817538532221e-01
-5.359781646728515625e+01 3.983484649658203125e+01 -8.594795227050781250e+00 4.554020019653792217e-01 -2.095642229476640250e-01 -8.652698151826783146e-01
-5.795911788940429688e+01 -4.962138748168945312e+01 -4.824810981750488281e+00 -5.693688650856295608e-01 -4.434002139161096201e-01 6.922538160026642240e-01
-6.898088836669921875e+01 -1.910177946090698242e+00 -3.114629983901977539e+00 -5.718003550378077948e-01 1.414175423268994314e-02 8.202709093743719704e-01
9.646175384521484375e+00 4.840572738647460938e+01 5.986449241638183594e+00 8.463787926841760678e-02 3.620144516184474748e-01 9.283221241639885157e-01
1.386202239990234375e+01 5.327285766601562500e+01 2.894185066223144531e+00 1.048592816167495390e-01 6.019547731810376279e-01 7.916154256350647067e-01
-2.554074096679687500e+01 5.123913192749023438e+01 -5.306678771972656250e+00 1.458809410971156073e-01 -4.041787453541707542e-01 -9.029719225028807195e-01
-8.345902252197265625e+01 1.002581501007080078e+01 -1.475844383239746094e+01 -9.708082948594557449e-01 1.788969339858678675e-01 -1.597721554042877967e-01
5.171828079223632812e+01 4.376370620727539062e+01 -1.079036998748779297e+01 -5.919919307907348660e-01 -4.594919734549284263e-01 -6.621273897137567310e-01
-2.926137542724609375e+01 -2.474699211120605469e+01 1.432694911956787109e+01 -2.252297462044556275e-01 -1.609070657514173330e-01 9.609268846358424154e-01
-6.334716033935546875e+01 -5.744768142700195312e+01 -1.128293037414550781e+01 -4.679709722083388868e-01 -3.376457236343111679e-01 8.166997823446781046e-01
-5.959797859191894531e+00 -7.067709350585937500e+01 -1.093273043632507324e+00 1.156597958137179499e-01 5.919726529090180156e-01 -7.976159413152348332e-01
-1.151066112518310547e+01 6.425202178955078125e+01 -9.203403472900390625e+00 6.961493000403308484e-02 -5.436262282150891023e-01 -8.364354640479858549e-01
7.192662811279296875e+01 -3.234666061401367188e+01 -3.692175865173339844e+00 6.415785804742595300e-01 -1.243675234062575352e-01 7.569079496203141577e-01
4.071294403076171875e+01 -2.303071022033691406e+01 4.238345146179199219e+00 -2.426524274101360124e-01 -2.244966606417971109e-03 -9.701106945070261389e-01
-4.574296569824218750e+01 -2.257854080200195312e+01 2.607091903686523438e+00 1.855344565543088908e-01 2.217860907572916443e-03 -9.826352560966311600e-01
4.116327667236328125e+01 -6.495246887207031250e+01 -3.653049945831298828e+00 -3.361039804809016207e-01 4.949259953826795067e-01 -8.013004264315335412e-01
2.281941986083984375e+01 3.615969085693359375e+01 1.084209823608398438e+01 2.560675091475820425e-02 4.238857231766249289e-01 9.053536259355340343e-01
6.615020751953125000e+01 4.263118362426757812e+01 -1.853569412231445312e+01 -8.312291658450902121e-01 -5.486612110904264261e-01 -8.960440443003946098e-02
-5.072955131530761719e+00 -4.355906009674072266e+00 2.136649131774902344e+01 8.574935526009295692e-03 9.175661607528593508e-04 9.999628135851178490e-01
5.799000549316406250e+01 -7.113677215576171875e+01 -9.444432258605957031e+00 6.111429261225533871e-01 -7.623148855278540914e-01 -2.130266160671429321e-01
-3.443511962890625000e+01 -8.246810150146484375e+01 -1.344160842895507812e+01 -3.885596165371218991e-01 -7.830400340313556917e-01 -4.856642147623170813e-01
3.829237747192382812e+01 -5.276708221435546875e+01 2.143676042556762695e+00 -1.537234061264597385e-01 2.102376062578817928e-01 -9.654891316445957106e-01
-5.912096977233886719e+00 6.299407196044921875e+01 -1.690659999847412109e+00 -9.647040213807535347e-02 4.752721244926682576e-01 8.745340869237423487e-01
-4.011928558349609375e+01 8.229285240173339844e+00 1.141006660461425781e+01 -3.369263953062566208e-01 1.292058212239216852e-01 9.326234287791531630e-01
-3.777590179443359375e+01 2.746190130710601807e-01 1.300499820709228516e+01 -3.020058388774544689e-01 3.835550961134048115e-02 9.525341611545381504e-01
3.106202697753906250e+01 -7.545670318603515625e+01 -9.293550252914428711e-01 1.739368449327780286e-01 -4.744168385454765602e-01 8.629453269352270750e-01
-5.327318191528320312e+01 1.978708457946777344e+01 -3.225685119628906250e+00 3.310041713488903747e-01 -1.644378166591057289e-01 -9.291912843984390102e-01
-2.631302642822265625e+01 2.125280189514160156e+01 3.110668897628784180e+00 1.282398491044878519e-01 -2.031638618997300416e-01 -9.707105574369970791e-01
-2.869275665283203125e+01 3.823710083961486816e-01 4.898370742797851562e+00 1.249238122461431150e-01 -5.710610162772672416e-02 -9.905215466060161011e-01
6.042406082153320312e+00 -7.076282978057861328e+00 2.144936370849609375e+01 -1.650921780687484852e-01 1.397647269930822611e-01 9.763249427465561237e-01
-2.653339195251464844e+01 -5.904547119140625000e+01 4.007590115070343018e-01 2.945604561108980737e-02 -8.598378418565544301e-02 -9.958609994542773070e-01
3.195551300048828125e+01 3.255245971679687500e+01 1.048387718200683594e+01 2.405779660035403389e-01 3.307321877902341112e-01 9.125450466870579369e-01
-4.575990676879882812e+01 -4.873069381713867188e+01 4.102306842803955078e+00 -4.928125013542087873e-01 -3.600987488208646781e-01 7.921267131000291339e-01
1.762029975652694702e-01 8.559596061706542969e+00 6.192598819732666016e+00 3.825222847653336061e-02 -5.302259604639598944e-02 -9.978603967114236806e-01
7.151426696777343750e+01 5.834062099456787109e+00 -1.568014025688171387e+00 6.246710803831165837e-01 1.198514930199406220e-01 7.716357048205331193e-01
-1.106284427642822266e+01 8.158671569824218750e+01 -1.264552593231201172e+01 -9.292614404728433142e-02 8.966542221467991292e-01 4.328694233355157572e-01
4.480760955810546875e+01 8.035950064659118652e-01 1.292267131805419922e+01 3.055062038917803480e-01 1.989667327051284143e-02 9.519821856402568283e-01
7.045202636718750000e+01 -2.266201591491699219e+01 -6.953512191772460938e+00 -6.602264695524681093e-01 1.660208624471247452e-01 -7.324875986217080914e-01
6.615699768066406250e+01 3.716530227661132812e+01 -1.544108104705810547e+01 -2.958924078842357641e-01 -2.595881827666025043e-01 -9.192723526378905330e-01
-3.446445941925048828e+00 3.032742309570312500e+01 3.225711107254028320e+00 3.710286457745387567e-02 -2.170542002473346554e-01 -9.754541770863135453e-01
2.778317451477050781e+01 6.815988922119140625e+01 -9.586969375610351562e+00 2.940260204472427419e-01 5.591958018913864015e-01 7.751443442656386074e-01
-4.855398941040039062e+01 -3.989691543579101562e+01 -7.137950062751770020e-01 4.229440794268066184e-01 2.367703708196828016e-01 -8.746759955433331957e-01
3.872404479980468750e+01 -9.803350448608398438e+00 1.475974559783935547e+01 1.117838698132330583e-01 3.502576416486777311e-02 9.931150800860116812e-01
8.129766845703125000e+01 -2.589069557189941406e+01 -8.917799949645996094e+00 3.514584342600819977e-01 -4.934163823702592683e-02 9.349023327190588706e-01
2.388042449951171875e+01 4.714951705932617188e+01 4.688737869262695312e+00 1.079211209832214718e-01 4.571701665702353479e-01 8.828071535980370754e-01
3.309650421142578125e+01 -5.460016250610351562e+01 9.523828506469726562e+00 1.569284462684381876e-01 -1.726183041176446720e-01 9.724075194255349386e-01
5.800865936279296875e+01 -3.689913940429687500e+01 -7.254999876022338867e-01 -5.013002121588570059e-01 2.436996071330834457e-01 -8.302461073517092283e-01
-2.058794593811035156e+01 3.470324707031250000e+01 1.262923002243041992e+00 1.699466727604326960e-02 -1.401618291273855343e-01 -9.899827488092114436e-01
-1.699089241027832031e+01 6.083503723144531250e+01 -7.558105945587158203e+00 4.598770286700185062e-02 -3.919319498665246870e-01 -9.188440987778289104e-01
8.557604217529296875e+01 9.142381668090820312e+00 -1.420992183685302734e+01 9.791637301092046552e-01 1.212180957736326004e-01 1.629250223128509145e-01
2.072335958480834961e+00 -3.942892837524414062e+01 1.531569099426269531e+01 -2.636334361466890347e-02 -1.277552741027733751e-01 9.914552758709694880e-01
1.039123630523681641e+01 3.544334411621093750e+01 1.150681114196777344e+01 1.474963228440359930e-01 3.054401060341496166e-01 9.407184362886353846e-01
-9.757123947143554688e+00 2.890175247192382812e+01 3.193265914916992188e+00 1.310344387066599281e-01 -2.167839717390281917e-01 -9.673854895903094553e-01
2.357700729370117188e+01 -3.251106262207031250e+01 5.400977134704589844e+00 -2.886000630343299456e-02 -2.345592916806813269e-02 -9.993082204320288264e-01
1.381631851196289062e+01 -3.043572807312011719e+01 6.239044189453125000e+00 -9.574983089194633035e-02 1.082088445677004684e-01 -9.895063495710811896e-01
3.523579025268554688e+01 4.698756027221679688e+01 1.191133022308349609e+00 3.319186060712088771e-01 5.011029878090061951e-01 7.992032498386330008e-01
-1.067649173736572266e+01 5.482006072998046875e+00 2.219048118591308594e+01 -3.107949889871424176e-01 2.109743560945201990e-01 9.267665811254658381e-01
6.639392852783203125e+01 -2.986014747619628906e+01 -5.070531845092773438e+00 -5.734425025130582831e-01 2.015694790730610808e-01 -7.940613587234779391e-01
-5.427463912963867188e+01 1.455183792114257812e+01 4.366243839263916016e+00 -4.648996228696669619e-01 1.719423096466294598e-01 8.685068697535006654e-01
-1.134039306640625000e+01 1.378058433532714844e+01 1.640788650512695312e+01 -2.021006229636008178e-01 1.742404564644379483e-01 9.637404222760341810e-01
-8.076964569091796875e+01 2.238495635986328125e+01 -1.423343753814697266e+01 -9.576470512066289631e-01 2.793178306667651878e-01 -6.995480531643548383e-02
-1.090152978897094727e+00 -8.049147033691406250e+01 -1.134838485717773438e+01 6.374387629748810846e-02 3.338365062241531178e-01 -9.404732347848191454e-01
-7.680259704589843750e+01 1.712716102600097656e+01 -1.625522804260253906e+01 9.504187032738650176e-01 -2.402251725626289303e-01 -1.974744412183003506e-01
-4.972553253173828125e+01 -4.398519897460937500e+01 3.649983882904052734e+00 -5.158465817073504267e-01 -3.135976702753619505e-01 7.972194210747169940e-01
5.845733165740966797e+00 7.946666717529296875e+01 -1.127318096160888672e+01 5.174730449528803372e-02 3.553436596591313945e-01 9.333022554443589636e-01
-1.805395889282226562e+01 -3.678211593627929688e+01 5.263267993927001953e+00 1.163637734969552862e-01 9.209379547364600349e-02 -9.889278057840255043e-01
7.152718353271484375e+01 -1.562706089019775391e+01 -4.015589952468872070e-01 6.569317645372909631e-01 -7.868151944194402836e-02 7.498332316190235991e-01
-7.890975952148437500e+01 -3.532041168212890625e+01 -1.371451282501220703e+01 -9.206329418775479612e-01 -3.877931325316626987e-01 4.529318592428037415e-02
-4.855878067016601562e+01 -3.278444051742553711e+00 9.588053703308105469e+00 -3.592365772367954180e-01 7.997093406397440263e-02 9.298138153846324805e-01
6.505125999450683594e+00 -2.560759067535400391e+00 6.524641990661621094e+00 6.386317759876941613e-02 -2.163352539194242710e-02 -9.977241528228653067e-01
4.176848602294921875e+01 6.374221801757812500e+01 -1.155021476745605469e+01 2.162844116252629068e-01 2.844066737964182634e-01 9.339881675845639331e-01
1.482107543945312500e+01 2.933034896850585938e+01 1.355351257324218750e+01 1.102673251181226360e-01 2.192044465970305889e-01 9.694279383241355408e-01
-4.473576736450195312e+01 3.886237335205078125e+01 -5.138433933258056641e+00 1.202444190050645650e-01 -9.648367273006679123e-02 -9.880446247992302755e-01
-1.951279640197753906e+01 -7.571477890014648438e+00 1.646455001831054688e+01 -4.210966568600334192e-02 6.345404007484604925e-02 9.970959637136201925e-01
-2.865060234069824219e+01 -1.646454238891601562e+01 4.991431236267089844e+00 1.193573566008561682e-01 2.432260123140597002e-02 -9.925533902489044324e-01
2.718090820312500000e+01 5.654202270507812500e+01 -1.707445025444030762e+00 2.375642812463771292e-01 4.321214938381466864e-01 8.699621985115105760e-01
-2.660250282287597656e+01 5.989049530029296875e+01 -2.565006971359252930e+00 -2.004111354288938551e-01 5.402719054871024662e-01 8.172769695381345567e-01
8.130729675292968750e+01 -3.690007781982421875e+01 -1.181171321868896484e+01 9.726650904844804657e-01 -2.219223666413157880e-01 6.835996589477456864e-02
5.874077987670898438e+01 -5.884654617309570312e+01 -1.504565238952636719e+01 -5.752836155672739205e-01 1.218249473347217809e-01 -8.088309117898112577e-01
-1.324795341491699219e+01 -1.477892780303955078e+01 1.633102035522460938e+01 -1.009570137381684413e-01 -3.350303442858770103e-02 9.943265198420225826e-01
-3.655188751220703125e+01 4.179802322387695312e+01 4.513125896453857422e+00 -2.590583573495847114e-01 2.667427063710158808e-01 9.282979565232279962e-01
2.902190017700195312e+01 2.172967147827148438e+01 3.231164932250976562e+00 -1.033779034231805533e-01 -1.659832210997985724e-01 -9.806949471661219331e-01
1.447482872009277344e+01 -5.796105194091796875e+01 3.680160999298095703e+00 -2.821246240299539465e-02 2.590231303664384255e-01 -9.654589970062584792e-01
-2.092398262023925781e+01 -3.204536056518554688e+01 1.480258083343505859e+01 -1.648418754450143298e-01 -6.609034535546355615e-02 9.841032579717262641e-01
-3.189283752441406250e+01 1.855261993408203125e+01 2.610579013824462891e+00 1.169094051932241252e-01 -2.382607388023517958e-01 -9.641390000008942529e-01
-2.431302070617675781e+00 8.377101898193359375e+00 2.204673767089843750e+01 3.079331714305807641e-02 -1.602562008451529074e-01 9.865950140305824734e-01
3.051839065551757812e+01 7.654788970947265625e+01 -1.423519420623779297e+01 3.507820532657241475e-01 6.871997436966525985e-01 6.361670090235248542e-01
6.773072814941406250e+01 1.064159965515136719e+01 2.629300020635128021e-02 5.443238518019083427e-01 2.150144209027683717e-01 8.108516159960350578e-01
-4.347806167602539062e+01 -5.809548568725585938e+01 -7.438199967145919800e-02 -4.124232433609785198e-01 -5.507133035391696962e-01 7.256872092303855437e-01
-7.158556365966796875e+01 -1.466595077514648438e+01 -4.643369197845458984e+00 -5.027693081373884043e-01 3.860645730705928452e-02 8.635580838885419386e-01
1.423116874694824219e+01 5.584414291381835938e+01 -5.509226799011230469e+00 -1.515643152861447518e-01 -4.356673399955119375e-01 -8.872554464149978726e-01
-1.058435821533203125e+01 7.255361938476562500e+01 -8.487218856811523438e+00 -5.135533127768519834e-02 4.537625308518854483e-01 8.896416107311139188e-01
1.762676239013671875e+01 6.670807647705078125e+01 -1.240972518920898438e+01 -1.499299747736841659e-01 -4.684048792144572260e-01 -8.706996449938705362e-01
-6.578825950622558594e+00 1.867372512817382812e+01 5.292132854461669922e+00 4.859292688667607441e-02 -1.669761306976451365e-01 -9.847627629199983135e-01
-6.941425323486328125e+01 3.592384338378906250e+01 -1.468449878692626953e+01 6.849542845332264873e-01 -2.940228056763411479e-01 -6.666244953808616591e-01
-7.454558563232421875e+01 5.435626983642578125e+00 -7.513192176818847656e+00 -6.689662135079437189e-01 1.087045661944842229e-01 7.353009740734152144e-01
-2.867997360229492188e+01 -6.604875946044921875e+01 -4.579278945922851562e+00 2.770536525320691501e-01 5.703747390714303256e-01 -7.732489448087447315e-01
-7.643094635009765625e+01 9.956931114196777344e+00 -1.431229686737060547e+01 4.137868219392165092e-01 -9.100065055023298655e-02 -9.058141904324957805e-01
-2.137671661376953125e+01 -7.006588935852050781e+00 4.478936195373535156e+00 -5.611866152073733544e-02 2.579816645499940359e-02 -9.980907526055339263e-01
-3.918236923217773438e+01 -1.961709976196289062e+01 3.810307979583740234e+00 1.070176903688325604e-01 -6.521564696460295345e-03 -9.942357281560698645e-01
4.962061309814453125e+01 -6.686448669433593750e+01 -1.366571617126464844e+01 2.046139926024212376e-03 9.526764184559877169e-02 -9.954495917567005581e-01
-1.601414680480957031e+01 1.171543002128601074e+00 5.773983955383300781e+00 9.259198460220519067e-02 4.213947133513875482e-02 -9.948120371924638050e-01
2.657418251037597656e+01 1.273159790039062500e+01 1.502252292633056641e+01 6.961181622783407796e-02 1.810934295606631272e-01 9.809991665701960351e-01
2.475436401367187500e+01 7.651400756835937500e+01 -2.124569129943847656e+01 -6.338413323864579285e-02 1.487549170834549447e-02 -9.978783349687578852e-01
5.139883804321289062e+01 -1.585348796844482422e+01 3.214922904968261719e+00 -1.761720096029039673e-01 -1.653527080738285623e-02 -9.842205077378751721e-01
-5.829463958740234375e+01 5.263257598876953125e+01 -1.425934982299804688e+01 7.880298469427237107e-01 -3.765768194224178855e-01 -4.870306555044796037e-01
-1.841960716247558594e+01 4.479482173919677734e+00 1.623370170593261719e+01 -9.691098216680620048e-02 3.272117185474802264e-02 9.947550384129336676e-01
-6.391394042968750000e+01 3.897217941284179688e+01 -1.268741130828857422e+01 4.284109718922990417e-01 -2.893546602049463790e-01 -8.560011213660737583e-01
4.741833496093750000e+01 5.174868011474609375e+01 -6.822649955749511719e+00 4.281925847554209907e-01 5.199619146647647128e-01 7.391148203483839385e-01
4.407849502563476562e+01 -3.723826217651367188e+01 1.065220355987548828e+01 2.758111596170925717e-01 -1.266563184666641972e-01 9.528307201298379381e-01
5.289817428588867188e+01 5.069916915893554688e+01 -9.032484054565429688e+00 4.175468047904696278e-01 4.375924940510401706e-01 7.963463285276449755e-01
5.870239639282226562e+01 4.958550643920898438e+01 -1.149116039276123047e+01 4.086446678570186397e-01 3.913309082426137953e-01 8.245420884867175060e-01
-4.065532684326171875e+01 -3.164597320556640625e+01 3.254079103469848633e+00 1.628428353899172287e-01 6.164419540304000994e-02 -9.847244305567340872e-01
-7.260179901123046875e+01 2.563387107849121094e+01 -9.086092948913574219e+00 -3.372948365331320253e-01 6.678938027128447641e-02 9.390268217314484689e-01
-6.064620018005371094e-01 -2.820703697204589844e+01 1.653629302978515625e+01 2.353945512952536692e-02 3.812080847224005170e-02 9.989958448430242832e-01
-2.600308990478515625e+01 4.982556152343750000e+01 2.685754060745239258e+00 -1.860930855682057794e-01 4.416758689037277308e-01 8.776626859630307642e-01
-5.990260696411132812e+01 4.628833389282226562e+01 -7.580447196960449219e+00 -3.779169081690599286e-01 1.844468351804550710e-01 9.072806487035047773e-01
-3.754516601562500000e+01 -6.449198913574218750e+01 -7.838234901428222656e+00 6.816936066174424935e-01 7.178310026120378051e-01 -1.414654671144169873e-01
2.370901107788085938e+01 -6.865367126464843750e+01 -9.730259776115417480e-01 -1.509372712809542161e-01 4.939339532914392983e-01 -8.562985401856936241e-01
-6.434576416015625000e+01 2.125707817077636719e+01 -3.316238880157470703e+00 -5.543545207192484003e-01 1.625156271974358690e-01 8.162596010306748529e-01
6.745343780517578125e+01 1.872998619079589844e+01 -1.861772060394287109e+00 5.791236003492633566e-01 2.887646048651217323e-01 7.623849805023683590e-01
2.483547592163085938e+01 -8.507775878906250000e+01 -1.353020763397216797e+01 1.417684754377096339e-02 6.791725712080091959e-02 -9.975902280891226770e-01
4.028945922851562500e+01 2.553866195678710938e+01 9.544496536254882812e+00 2.753113079334737479e-01 2.282817994135502571e-01 9.338581818351604502e-01
-1.643382263183593750e+01 1.676782417297363281e+01 1.571062660217285156e+01 -8.359938945472165928e-02 2.867596406882058635e-02 9.960867588556336916e-01
-4.877731323242187500e+01 -1.529255867004394531e+01 9.584474563598632812e+00 -3.968752202114070871e-01 -4.136723444004716810e-02 9.169399170594162429e-01
4.381418609619140625e+01 4.049063873291015625e+01 1.523415088653564453e+00 3.069489871056518826e-01 5.265562858701852145e-01 7.927930354924986878e-01
-4.370099639892578125e+01 6.002015686035156250e+01 -6.796535015106201172e+00 -2.123605349954071353e-01 3.500207844221620013e-01 9.123532504731700632e-01
-6.509230041503906250e+01 -2.412247657775878906e+01 -7.416514873504638672e+00 5.775231659709501031e-01 3.883147736846614961e-02 -8.154502493299470300e-01
-7.913780212402343750e+00 -2.279923057556152344e+01 7.079477787017822266e+00 6.513513750547403336e-02 1.121412058897564290e-01 -9.915552247876737724e-01
-5.588375091552734375e+00 -6.582785034179687500e+01 8.333998680114746094e+00 -1.843555469873301156e-01 -3.815291235373988177e-01 9.057861558821632686e-01
-6.870024108886718750e+01 -1.842191123962402344e+01 -8.926942825317382812e+00 4.620894206168447149e-01 1.283226082757344400e-01 -8.775002424838987958e-01
-1.326610088348388672e+01 4.420239639282226562e+01 -5.533570051193237305e-01 9.118523761775346181e-02 -3.244536912626864167e-01 -9.414961787849226438e-01
-6.440123748779296875e+01 -3.864154434204101562e+01 -1.065078353881835938e+01 6.275985908163025373e-01 2.858514748087346846e-01 -7.241608544757598409e-01
-3.182321548461914062e+01 -5.850437545776367188e+01 5.996347904205322266e+00 -3.474339092514211469e-01 -4.579203769407619862e-01 8.182900507061696693e-01
7.203892517089843750e+01 3.408668899536132812e+01 -2.005530357360839844e+01 -7.953435857662169983e-01 -4.824947359652425050e-01 -3.669160807955507142e-01
6.380603790283203125e+00 -6.756269836425781250e+01 1.375023007392883301e+00 4.134455058681422990e-03 3.254814295583050576e-01 -9.455393938351007721e-01
3.496517181396484375e+01 -6.347932052612304688e+01 -9.466059803962707520e-01 -2.388093511969411609e-01 4.421226089885795241e-01 -8.645794887701347964e-01
1.220262336730957031e+01 -4.562860107421875000e+01 1.428556060791015625e+01 5.055456986787883189e-02 -1.317612185536090885e-01 9.899915235751979292e-01
-5.678506469726562500e+01 3.936109066009521484e+00 4.740425109863281250e+00 -4.759842787051549173e-01 8.487044140470202669e-02 8.753490587196083306e-01
-5.163319778442382812e+01 -8.275935173034667969e+00 8.511549830436706543e-01 3.406417927257254230e-01 -9.935884900164769495e-02 -9.349283331751538917e-01
-1.367638015747070312e+01 -5.740424346923828125e+01 1.101871013641357422e+01 -7.668465773876920188e-02 -2.003263534975664728e-01 9.767235101920378471e-01
-2.516915512084960938e+01 -7.712204742431640625e+01 -4.893179893493652344e+00 -2.729895470101341703e-01 -4.524570424668308832e-01 8.489754601549858171e-01
1.078146457672119141e+01 -7.740842437744140625e+01 -5.473776817321777344e+00 -3.200562080812632132e-02 9.994084669132328180e-01 -1.258397786187202654e-02
2.060444068908691406e+01 -8.796802520751953125e+00 1.699126625061035156e+01 1.098415865433195610e-01 -1.171556592614008199e-02 9.938800588505016798e-01
-1.390663027763366699e+00 2.220499992370605469e+00 6.421086788177490234e+00 3.611643838519642408e-02 -8.184812944977180871e-02 -9.959902040602315321e-01
-4.412785339355468750e+01 1.947394561767578125e+01 8.244020462036132812e+00 -3.889335754458513872e-01 1.914299237265239817e-01 9.011577321384772743e-01
8.098994445800781250e+01 -1.924460601806640625e+01 -1.549494838714599609e+01 -9.600223222726845806e-01 2.144012669770807289e-01 1.799701015635219448e-01
5.408111572265625000e+01 4.174116134643554688e+01 -4.000584125518798828e+00 4.486931492330130111e-01 4.824517031417014934e-01 7.522730966657206197e-01
-4.733028888702392578e+00 -6.322941780090332031e+00 6.566824913024902344e+00 2.116353717033212650e-02 -8.824117482061048789e-02 -9.958742891352896365e-01
-4.063248825073242188e+01 -4.763790893554687500e+01 4.784379899501800537e-01 4.236442375850100195e-01 3.113427218997861790e-01 -8.506416810156013364e-01
3.023427772521972656e+01 5.295830535888671875e+01 -7.155835151672363281e+00 -1.438180122813309259e-01 -3.470485122509997522e-01 -9.267543954510357729e-01
-1.366712284088134766e+01 -8.356420135498046875e+01 -4.941303253173828125e+00 -1.515395145929001597e-01 -3.663562348360561161e-01 9.180516786726642398e-01
-4.344185829162597656e+00 6.521661376953125000e+01 -9.510315895080566406e+00 5.256907197053051727e-03 -5.097212287112408147e-01 -8.603235635084189870e-01
7.803237915039062500e+01 -1.266084671020507812e+01 -5.973958015441894531e+00 6.330888558836483826e-01 -1.058238909779425363e-01 7.668114531318775962e-01
-4.547710800170898438e+01 1.401935577392578125e+01 6.369439959526062012e-01 2.848255321415767427e-01 -1.066372020988470698e-01 -9.526294785323394798e-01
8.498858642578125000e+01 -9.035872459411621094e+00 -1.607457542419433594e+01 2.334348806697512380e-01 9.697275578107336091e-01 -7.167021772765470866e-02
-3.017899952828884125e-02 -1.021711730957031250e+01 6.723948955535888672e+00 -4.843081939577582179e-02 -3.722046834166264223e-02 -9.981328030222637038e-01
7.683173370361328125e+01 1.170264625549316406e+01 -7.376207828521728516e+00 6.294388060608470115e-01 2.080452288268355987e-01 7.486814891441386788e-01
-3.654644966125488281e+00 -3.435201644897460938e+01 1.597155952453613281e+01 -1.842751550114556450e-02 -1.028481201244808713e-01 9.945263650900941776e-01
-1.290686130523681641e+01 2.546181869506835938e+01 1.488851165771484375e+01 -9.146063544854650396e-02 2.164218888644301453e-01 9.720064393735775576e-01
5.330339813232421875e+01 1.519064903259277344e+01 8.197821617126464844e+00 3.594918199214590104e-01 1.738552570187222590e-01 9.168096754596950504e-01
4.327419662475585938e+01 -6.492434692382812500e+01 -1.097988510131835938e+01 -5.667730302355823424e-01 7.852897699696052003e-01 -2.491752583597743598e-01
5.943507003784179688e+01 -5.700480651855468750e+01 -3.090344905853271484e+00 4.188154227398586116e-01 -2.870606038486484546e-01 8.615044117085430830e-01
-4.704362106323242188e+01 -7.017012786865234375e+01 -1.876950454711914062e+01 4.078182377075442178e-01 3.264061035781781750e-01 -8.527270023518809250e-01
